Year,="Run 1: Ocean.Air sea co2 flux[1]",="Run 2: Ocean.Air sea co2 flux[1]",="Run 3: Ocean.Air sea co2 flux[1]",="Run 4: Ocean.Air sea co2 flux[1]",="Run 5: Ocean.Air sea co2 flux[1]",="Run 6: Ocean.Air sea co2 flux[1]",="Run 7: Ocean.Air sea co2 flux[1]",="Run 8: Ocean.Air sea co2 flux[1]",="Run 9: Ocean.Air sea co2 flux[1]",="Run 10: Ocean.Air sea co2 flux[1]",="Run 11: Ocean.Air sea co2 flux[1]",="Run 12: Ocean.Air sea co2 flux[1]",="Run 13: Ocean.Air sea co2 flux[1]",="Run 14: Ocean.Air sea co2 flux[1]",="Run 15: Ocean.Air sea co2 flux[1]",="Run 16: Ocean.Air sea co2 flux[1]",="Run 17: Ocean.Air sea co2 flux[1]",="Run 18: Ocean.Air sea co2 flux[1]",="Run 19: Ocean.Air sea co2 flux[1]",="Run 20: Ocean.Air sea co2 flux[1]",="Run 21: Ocean.Air sea co2 flux[1]",="Run 22: Ocean.Air sea co2 flux[1]",="Run 23: Ocean.Air sea co2 flux[1]",="Run 24: Ocean.Air sea co2 flux[1]",="Run 25: Ocean.Air sea co2 flux[1]",="Run 26: Ocean.Air sea co2 flux[1]",="Run 27: Ocean.Air sea co2 flux[1]",="Run 28: Ocean.Air sea co2 flux[1]",="Run 29: Ocean.Air sea co2 flux[1]",="Run 30: Ocean.Air sea co2 flux[1]",="Run 31: Ocean.Air sea co2 flux[1]",="Run 32: Ocean.Air sea co2 flux[1]",="Run 33: Ocean.Air sea co2 flux[1]",="Run 34: Ocean.Air sea co2 flux[1]",="Run 35: Ocean.Air sea co2 flux[1]",="Run 36: Ocean.Air sea co2 flux[1]",="Run 37: Ocean.Air sea co2 flux[1]",="Run 38: Ocean.Air sea co2 flux[1]",="Run 39: Ocean.Air sea co2 flux[1]",="Run 40: Ocean.Air sea co2 flux[1]",="Run 41: Ocean.Air sea co2 flux[1]",="Run 42: Ocean.Air sea co2 flux[1]",="Run 43: Ocean.Air sea co2 flux[1]",="Run 44: Ocean.Air sea co2 flux[1]",="Run 45: Ocean.Air sea co2 flux[1]",="Run 46: Ocean.Air sea co2 flux[1]",="Run 47: Ocean.Air sea co2 flux[1]",="Run 48: Ocean.Air sea co2 flux[1]",="Run 49: Ocean.Air sea co2 flux[1]",="Run 50: Ocean.Air sea co2 flux[1]",="Run 51: Ocean.Air sea co2 flux[1]",="Run 52: Ocean.Air sea co2 flux[1]",="Run 53: Ocean.Air sea co2 flux[1]",="Run 54: Ocean.Air sea co2 flux[1]",="Run 55: Ocean.Air sea co2 flux[1]",="Run 56: Ocean.Air sea co2 flux[1]",="Run 57: Ocean.Air sea co2 flux[1]",="Run 58: Ocean.Air sea co2 flux[1]",="Run 59: Ocean.Air sea co2 flux[1]",="Run 60: Ocean.Air sea co2 flux[1]",="Run 61: Ocean.Air sea co2 flux[1]",="Run 62: Ocean.Air sea co2 flux[1]",="Run 63: Ocean.Air sea co2 flux[1]",="Run 64: Ocean.Air sea co2 flux[1]",="Run 65: Ocean.Air sea co2 flux[1]",="Run 66: Ocean.Air sea co2 flux[1]",="Run 67: Ocean.Air sea co2 flux[1]",="Run 68: Ocean.Air sea co2 flux[1]",="Run 69: Ocean.Air sea co2 flux[1]",="Run 70: Ocean.Air sea co2 flux[1]",="Run 71: Ocean.Air sea co2 flux[1]",="Run 72: Ocean.Air sea co2 flux[1]",="Run 73: Ocean.Air sea co2 flux[1]",="Run 74: Ocean.Air sea co2 flux[1]",="Run 75: Ocean.Air sea co2 flux[1]",="Run 76: Ocean.Air sea co2 flux[1]",="Run 77: Ocean.Air sea co2 flux[1]",="Run 78: Ocean.Air sea co2 flux[1]",="Run 79: Ocean.Air sea co2 flux[1]",="Run 80: Ocean.Air sea co2 flux[1]",="Run 81: Ocean.Air sea co2 flux[1]",="Run 82: Ocean.Air sea co2 flux[1]",="Run 83: Ocean.Air sea co2 flux[1]",="Run 84: Ocean.Air sea co2 flux[1]",="Run 85: Ocean.Air sea co2 flux[1]",="Run 86: Ocean.Air sea co2 flux[1]",="Run 87: Ocean.Air sea co2 flux[1]",="Run 88: Ocean.Air sea co2 flux[1]",="Run 89: Ocean.Air sea co2 flux[1]",="Run 90: Ocean.Air sea co2 flux[1]",="Run 91: Ocean.Air sea co2 flux[1]",="Run 92: Ocean.Air sea co2 flux[1]",="Run 93: Ocean.Air sea co2 flux[1]",="Run 94: Ocean.Air sea co2 flux[1]",="Run 95: Ocean.Air sea co2 flux[1]",="Run 96: Ocean.Air sea co2 flux[1]",="Run 97: Ocean.Air sea co2 flux[1]",="Run 98: Ocean.Air sea co2 flux[1]",="Run 99: Ocean.Air sea co2 flux[1]",="Run 100: Ocean.Air sea co2 flux[1]"
1781,-0.000344873950493,-0.000122326752067,-0.00000101678490072,-0.000269826881549,-0.00167451114121,-0.000158771801029,-0.000191700463232,-0.000182240701745,-0.00023549690107,-0.000121497831195,-0.0000740233995469,-0.0000289188291598,-0.0000612645676119,-0.0000713017350344,-0.000184630616013,-0.000234224469046,-0.000339383776637,-0.000344873950493,-0.000588049989801,-0.00000953755388888,-0.0000309449002809,-0.000631839875306,-0.000147647980086,-0.000934558858247,-0.000529209686969,-0.000273375350277,-0.000381162397925,-0.000529209686969,-0.000748451477211,-0.0001878267613,-0.0003445544226,-0.000218727619282,-0.000141525269948,-0.0000640171920114,-0.000230829853387,-0.000215237058161,-0.00000273545305118,-0.0000253520879934,-0.0000309449002809,-0.000464872964442,-0.0000740233995469,-0.0000289188291598,-0.000170244885025,-0.000273375350277,-0.0000146350663184,-0.000115902664965,-0.000419968629747,-0.0000218485253232,-0.000344486453796,-0.0000999102370791,-0.0000075857151649,-0.0000172154734974,-0.000031243368233,-0.0000455684371961,-0.000142924503807,-0.0000143941986503,-0.0000141258365871,-0.000257854041872,-0.000024643592953,-0.00167451114121,-0.000021911915721,-0.000660797304098,0.000408007341151,-0.000393659894984,-0.0000493241168735,-0.000904615387396,-0.000257214659862,-0.000085720695,-0.000069484722439,0.000547769049948,-0.0000711237179387,-0.0000075857151649,-0.0000182216379008,-0.000263932106638,-0.00193457988899,0.000167291207543,-0.000381162397925,-0.0000562419626835,-0.000176669272093,-0.00020290064729,-0.0000870985729873,-0.0000816450034939,-0.000017334636103,-0.0000296222382716,-0.0000172154734974,-0.000130400501369,-0.000178575726989,-0.0000491432975807,-0.0000942093204381,-0.0000368389865093,-0.0000182216379008,-0.0000480869260269,-0.000163354172896,-0.000178575726989,-0.000356096798158,-0.000344486453796,-0.000021911915721,-0.00126421599803,-0.000344486453796,-0.0000201558661095
1782,-0.000344592112929,-0.000122216359225,-0.00000101532101837,-0.000269605969125,-0.00167339351578,-0.00015862115582,-0.000191513249309,-0.000182090398133,-0.000235292653787,-0.000121377948241,-0.0000739459710619,-0.0000288856979633,-0.0000612032756342,-0.0000712268286298,-0.000184449793658,-0.00023401486814,-0.000339114194096,-0.000344592112929,-0.000587588264978,-0.00000952575294644,-0.0000309091805502,-0.000631361471239,-0.000147505079255,-0.000933892560971,-0.000528779490298,-0.000273123594767,-0.000380820441302,-0.000528779490298,-0.000747890107036,-0.000187661377542,-0.000344245986366,-0.000218524026024,-0.000141397499442,-0.0000639636365318,-0.000230625591861,-0.000215031205614,-0.00000273166249931,-0.0000253250935378,-0.0000309091805502,-0.00046447768741,-0.0000739459710619,-0.0000288856979633,-0.000170078392924,-0.000273123594767,-0.0000146169885338,-0.000115789066536,-0.000419606309547,-0.0000218262725005,-0.000344198692579,-0.0000998241844545,-0.00000757600602208,-0.0000171948848928,-0.0000312068269945,-0.0000455169607276,-0.000142794665309,-0.0000143767329313,-0.0000141087461105,-0.000257616283051,-0.0000246188662398,-0.00167339351578,-0.0000218937462186,-0.000660274515545,0.000407702870893,-0.000393339615104,-0.0000492732722526,-0.000903912295006,-0.000257032176372,-0.0000856347302163,-0.000069411640788,0.000547404862255,-0.0000710538424258,-0.00000757600602208,-0.0000182014654406,-0.000263706320009,-0.00193318081686,0.000167190689671,-0.000380820441302,-0.0000561880502818,-0.000176505743807,-0.000202701500954,-0.0000870101915447,-0.000081569105812,-0.0000173140459676,-0.0000295889231676,-0.0000171948848928,-0.000130277341452,-0.000178434739448,-0.0000490884175575,-0.000094133302909,-0.0000368016335779,-0.0000182014654406,-0.0000480356471435,-0.000163217287303,-0.000178434739448,-0.000355816182739,-0.000344198692579,-0.0000218937462186,-0.00126326554321,-0.000344198692579,-0.0000201340578645
1783,-0.00034431050574,-0.000122106065935,-0.00000101385924012,-0.000269385237348,-0.00167227663609,-0.000158470653521,-0.00019132621808,-0.000181940218335,-0.000235088583573,-0.000121258183181,-0.0000738686238231,-0.0000288526043493,-0.0000611420450518,-0.0000711520003476,-0.000184269148103,-0.000233805455024,-0.000338844825978,-0.00034431050574,-0.000587126902651,-0.00000951396663318,-0.0000308735023218,-0.000630883429497,-0.000147362316904,-0.000933226738508,-0.000528349642767,-0.000272872071286,-0.000380478790753,-0.000528349642767,-0.000747329158249,-0.000187496138876,-0.000343937826448,-0.000218320622362,-0.000141269844606,-0.0000639101264857,-0.000230421511411,-0.000214825550387,-0.0000027278769883,-0.000025298127416,-0.0000308735023218,-0.000464082746427,-0.0000738686238231,-0.0000288526043493,-0.000169912063798,-0.000272872071286,-0.000014598933332,-0.000115675579337,-0.000419244301634,-0.0000218040425128,-0.000343911171121,-0.0000997382060399,-0.00000756630955667,-0.0000171743210791,-0.0000311703284446,-0.0000454655424633,-0.000142664945304,-0.0000143592886164,-0.0000140916757729,-0.000257378744188,-0.0000245941643993,-0.00167227663609,-0.0000218755914929,-0.000659752140806,0.000407398628379,-0.000393019595702,-0.0000492224797561,-0.000903209749269,-0.000256849822678,-0.000085548851434,-0.0000693386359201,0.000547040916834,-0.0000709840351329,-0.00000756630955667,-0.0000181813156752,-0.000263480726599,-0.00193178275714,0.000167090232137,-0.000380478790753,-0.0000561341898715,-0.000176342366905,-0.000202502550058,-0.0000869219001816,-0.0000814932784703,-0.0000172934801967,-0.0000295556457615,-0.0000171743210791,-0.000130154297866,-0.000178293863382,-0.0000490335984189,-0.0000940573466544,-0.000036764318093,-0.0000181813156752,-0.0000479844229107,-0.000163080515983,-0.000178293863382,-0.000355535788271,-0.000343911171121,-0.0000218755914929,-0.00126231580245,-0.000343911171121,-0.0000201122733108
1784,-0.000344029128551,-0.000121995872242,-0.00000101239940076,-0.000269164686597,-0.00167116050201,-0.000158320294309,-0.000191139369996,-0.000181790162689,-0.000234884690699,-0.000121138536356,-0.0000737913571109,-0.0000288195490539,-0.0000610808758079,-0.0000710772508272,-0.000184088679513,-0.000233596229586,-0.000338575671644,-0.000344029128551,-0.000586665902245,-0.00000950219472262,-0.0000308378653084,-0.000630405748985,-0.000147219692738,-0.000932561390619,-0.000527920144968,-0.00027262077938,-0.000380137447404,-0.000527920144968,-0.000746768629738,-0.000187331046515,-0.000343629942118,-0.00021811740801,-0.000141142304966,-0.0000638566604052,-0.000230217611628,-0.00021462009157,-0.00000272409710433,-0.0000252711902542,-0.0000308378653084,-0.00046368814125,-0.0000737913571109,-0.0000288195490539,-0.000169745897136,-0.00027262077938,-0.0000145809001348,-0.000115562203255,-0.000418882606729,-0.0000217818348034,-0.000343623889894,-0.0000996523014036,-0.0000075566250759,-0.000017153781676,-0.0000311338722945,-0.000045414182285,-0.000142535342811,-0.000014341865501,-0.0000140746264092,-0.000257141423927,-0.000024569487552,-0.00167116050201,-0.0000218574520172,-0.000659230179261,0.000407094612409,-0.000392699836508,-0.0000491717399544,-0.000902507749504,-0.000256667598367,-0.0000854630588529,-0.0000692657080075,0.000546677213277,-0.0000709142966637,-0.0000075566250759,-0.0000181611879722,-0.00026325532626,-0.00193038570808,0.000166989834762,-0.000380137447404,-0.000056080380836,-0.000176179141538,-0.000202303794595,-0.0000868336981639,-0.0000814175219199,-0.0000172729390369,-0.0000295224057525,-0.000017153781676,-0.000130031370302,-0.000178153098066,-0.0000489788406028,-0.0000939814518617,-0.0000367270408352,-0.0000181611879722,-0.0000479332533034,-0.000162943859507,-0.000178153098066,-0.000355255615023,-0.000343623889894,-0.0000218574520172,-0.00126136677542,-0.000343623889894,-0.0000200905127175
1785,-0.000343747981336,-0.000121885777898,-0.00000101094183336,-0.000268944316359,-0.00167004511305,-0.000158170077349,-0.000190952703862,-0.000181640230619,-0.000234680974367,-0.000121019007659,-0.0000737141715472,-0.00002878653126,-0.0000610197676547,-0.0000710025797446,-0.000183908387562,-0.00023338719111,-0.000338306731352,-0.000343747981336,-0.000586205264223,-0.00000949043756027,-0.0000308022691833,-0.000629928430619,-0.000147077206233,-0.000931896517308,-0.000527490996438,-0.000272369719168,-0.000379796409521,-0.000527490996438,-0.000746208522034,-0.000187166099701,-0.000343322333474,-0.000217914382737,-0.000141014880479,-0.0000638032396334,-0.000230013891644,-0.000214414829276,-0.00000272032222126,-0.0000252442821429,-0.0000308022691833,-0.000463293871549,-0.0000737141715472,-0.00002878653126,-0.000169579892757,-0.000272369719168,-0.0000145628894881,-0.000115448938311,-0.000418521223324,-0.0000217596497567,-0.000343336848886,-0.0000995664707819,-0.00000754695338356,-0.000017133266776,-0.0000310974591144,-0.0000453628802353,-0.00014240585828,-0.0000143244633986,-0.0000140575973044,-0.000256904322471,-0.000024544835604,-0.00167004511305,-0.0000218393272871,-0.000658708630739,0.000406790823968,-0.000392380338107,-0.0000491210524789,-0.000901806295562,-0.000256485503087,-0.0000853773523595,-0.000069192856758,0.000546313751845,-0.0000708446263804,-0.00000754695338356,-0.0000181410827063,-0.000263030118572,-0.00192898966957,0.000166889497891,-0.000379796409521,-0.0000560266235468,-0.000176016066952,-0.000202105234404,-0.000086745585524,-0.000081341835541,-0.0000172524221953,-0.0000294892031563,-0.000017133266776,-0.000129908559409,-0.000178012444166,-0.0000489241439965,-0.0000939056181943,-0.0000366898012061,-0.0000181410827063,-0.0000478821383307,-0.000162807317546,-0.000178012444166,-0.000354975662476,-0.000343336848886,-0.0000218393272871,-0.00126041846237,-0.000343336848886,-0.0000200687752896
1786,-0.00034346706405,-0.000121775783111,-0.00000100948628434,-0.000268724126314,-0.00166893046843,-0.000158020003385,-0.000190766220512,-0.000181490422198,-0.000234477434633,-0.00012089959672,-0.0000736370665662,-0.0000287535515051,-0.0000609587203249,-0.000070927987335,-0.000183728272413,-0.000233178339943,-0.000338038004775,-0.00034346706405,-0.000585744987553,-0.00000947869453949,-0.0000307667143593,-0.000629451473689,-0.00014693485807,-0.000931232118265,-0.000527062196906,-0.000272118889976,-0.000379455678244,-0.000527062196906,-0.000745648834299,-0.000187001297813,-0.000343015000202,-0.000217711546506,-0.000140887570693,-0.0000637498633225,-0.000229810352362,-0.000214209763189,-0.00000271655270012,-0.0000252174025377,-0.0000307667143593,-0.000462899937399,-0.0000736370665662,-0.0000287535515051,-0.000169414050974,-0.000272118889976,-0.000014544900556,-0.00011533578434,-0.000418160151695,-0.0000217374873364,-0.000343050047571,-0.0000994807142582,-0.00000753729380287,-0.0000171127764252,-0.0000310610885546,-0.0000453116362138,-0.000142276491467,-0.0000143070824197,-0.0000140405888667,-0.000256667439794,-0.0000245202078313,-0.00166893046843,-0.0000218212179179,-0.000658187494796,0.000406487261528,-0.000392061099155,-0.0000490704171865,-0.000901105386648,-0.000256303536794,-0.000085291731815,-0.0000691200820144,0.000545950531794,-0.0000707750249886,-0.00000753729380287,-0.0000181209996741,-0.000262805103921,-0.00192759464064,0.00016678922119,-0.000379455678244,-0.000055972917814,-0.000175853143713,-0.00020190686901,-0.0000866575626426,-0.0000812662199774,-0.0000172319297151,-0.0000294560378027,-0.0000171127764252,-0.000129785863726,-0.000177871901318,-0.0000488695082641,-0.000093829845528,-0.0000366525992215,-0.0000181209996741,-0.0000478310775991,-0.000162670889843,-0.000177871901318,-0.000354695929999,-0.000343050047571,-0.0000218212179179,-0.00125947086247,-0.000343050047571,-0.0000200470614145
1787,-0.00034318637655,-0.000121665887604,-0.0000010080329842,-0.000268504116453,-0.00166781656802,-0.000157870071537,-0.000190579918817,-0.000181340737288,-0.000234274071654,-0.000120780303858,-0.0000735600422619,-0.0000287206097074,-0.0000608977344063,-0.0000708534729181,-0.000183548333684,-0.000232969675239,-0.000337769491421,-0.00034318637655,-0.000585285072607,-0.00000946696668613,-0.0000307312005954,-0.000628974877912,-0.000146792647578,-0.000930568192453,-0.000526633745611,-0.000271868291847,-0.000379115252782,-0.000526633745611,-0.000745089566411,-0.000186836641048,-0.000342707942046,-0.000217508899043,-0.000140760376154,-0.0000636965316136,-0.000229606993021,-0.000214004893595,-0.00000271278840813,-0.0000251905513791,-0.0000307312005954,-0.000462506337915,-0.0000735600422619,-0.0000287206097074,-0.000169248371674,-0.000271868291847,-0.00001452693449,-0.00011522274119,-0.000417799391345,-0.0000217153476259,-0.000342763485838,-0.000099395031615,-0.0000075276465572,-0.0000170923108831,-0.0000310247602719,-0.0000452604498831,-0.000142147242042,-0.000014289722607,-0.0000140236012052,-0.000256430775372,-0.0000244956052242,-0.00166781656802,-0.0000218031236425,-0.000657666771295,0.000406183926074,-0.000391742120043,-0.0000490198340914,-0.000900405022284,-0.000256121700072,-0.0000852061972445,-0.0000690473836293,0.000545587553296,-0.000070705491757,-0.0000075276465572,-0.0000181009389104,-0.000262580281457,-0.00192620062076,0.000166689005209,-0.000379115252782,-0.0000559192631719,-0.000175690370944,-0.000201708698325,-0.0000865696291323,-0.0000811906745453,-0.0000172114617025,-0.0000294229096554,-0.0000170923108831,-0.000129663284646,-0.000177731469504,-0.000048814933379,-0.0000937541341894,-0.0000366154351248,-0.0000181009389104,-0.0000477800714727,-0.000162534576641,-0.000177731469504,-0.000354416418815,-0.000342763485838,-0.0000218031236425,-0.00125852397445,-0.000342763485838,-0.000020025371243
1788,-0.00034290591825,-0.000121556091118,-0.00000100658166158,-0.000268284286829,-0.00166670341074,-0.000157720282052,-0.000190393799206,-0.000181191176194,-0.000234070885301,-0.000120661128661,-0.0000734830985314,-0.0000286877051305,-0.000060836809328,-0.0000707790369434,-0.000183368570949,-0.000232761197433,-0.000337501191122,-0.00034290591825,-0.000584825519089,-0.00000945525287044,-0.0000306957277236,-0.000628498642886,-0.000146650574607,-0.000929904740193,-0.000526205642539,-0.000271617924286,-0.000378775132359,-0.000526205642539,-0.000744530717744,-0.000186672129022,-0.000342401159192,-0.000217306440194,-0.000140633296145,-0.0000636432443426,-0.000229403813942,-0.000213800219643,-0.00000270902934751,-0.0000251637288677,-0.0000306957277236,-0.000462113073261,-0.0000734830985314,-0.0000286877051305,-0.000169082853902,-0.000271617924286,-0.0000145089904393,-0.000115109808941,-0.000417438942699,-0.000021693230293,-0.000342477163638,-0.0000993094225503,-0.0000075180118575,-0.0000170718693973,-0.0000309884744913,-0.0000452093212449,-0.000142018110266,-0.0000142723838779,-0.0000140066339571,-0.000256194329483,-0.0000244710269053,-0.00166670341074,-0.0000217850442699,-0.000657146459928,0.000405880816531,-0.000391423400482,-0.0000489693031431,-0.000899705202857,-0.00025593999219,-0.0000851207481514,-0.000068974762109,0.000545224816155,-0.0000706360269778,-0.0000075180118575,-0.0000180808999799,-0.000262355651461,-0.00192480760889,0.000166588848933,-0.000378775132359,-0.0000558656604515,-0.000175527748922,-0.000201510722072,-0.0000864817846904,-0.0000811151990554,-0.0000171910177267,-0.0000293898188137,-0.0000170718693973,-0.000129540820748,-0.000177591148731,-0.0000487604201149,-0.0000936784837853,-0.0000365783085909,-0.0000180808999799,-0.0000477291198235,-0.000162398377249,-0.000177591148731,-0.000354137127495,-0.000342477163638,-0.0000217850442699,-0.00125757779889,-0.000342477163638,-0.0000200037043898
1789,-0.000342625688882,-0.000121446393485,-0.0000010051324888,-0.000268064637247,-0.00166559099648,-0.000157570634539,-0.000190207861483,-0.000181041737878,-0.000233867874785,-0.000120542070874,-0.0000734062352263,-0.0000286548386299,-0.000060775945272,-0.0000707046793949,-0.000183188984531,-0.000232552906468,-0.000337233104315,-0.000342625688882,-0.000584366325896,-0.00000944355351784,-0.0000306602958564,-0.000628022768711,-0.000146508639139,-0.000929241760796,-0.000525777887868,-0.000271367787368,-0.000378435317076,-0.000525777887868,-0.000743972288332,-0.000186507762456,-0.000342094650706,-0.000217104169884,-0.000140506331258,-0.0000635900024748,-0.000229200814316,-0.000213595741552,-0.00000270527562396,-0.000025136935121,-0.0000306602958564,-0.000461720142579,-0.0000734062352263,-0.0000286548386299,-0.000168917498241,-0.000271367787368,-0.0000144910683515,-0.000114996987051,-0.000417078805119,-0.0000216711353218,-0.000342191080255,-0.0000992238874717,-0.00000750838949726,-0.0000170514530131,-0.0000309522315405,-0.0000451582505105,-0.000141889095672,-0.0000142550659739,-0.000013989687242,-0.000255958101085,-0.0000244464737165,-0.00166559099648,-0.0000217669798053,-0.000656626559883,0.000405577933591,-0.000391104940015,-0.0000489188241133,-0.000899005926942,-0.000255758412858,-0.0000850353851876,-0.0000689022171656,0.000544862319952,-0.0000705666301273,-0.00000750838949726,-0.0000180608836429,-0.000262131213618,-0.00192341560463,0.000166488752997,-0.000378435317076,-0.0000558121088332,-0.000175365277278,-0.000201312940104,-0.0000863940300864,-0.0000810397940016,-0.0000171705981282,-0.0000293567652294,-0.0000170514530131,-0.000129418472925,-0.000177450938495,-0.0000487059672762,-0.0000936028945864,-0.0000365412199281,-0.0000180608836429,-0.000047678222459,-0.000162262292349,-0.000177450938495,-0.000353858056483,-0.000342191080255,-0.0000217669798053,-0.00125663233434,-0.000342191080255,-0.0000199820606941
1790,-0.000342345688575,-0.00012133679548,-0.00000100368530065,-0.000267845167249,-0.00166447932493,-0.000157421129077,-0.00019002210511,-0.000180892423373,-0.000233665040628,-0.000120423130574,-0.0000733294524506,-0.0000286220098697,-0.0000607151420118,-0.0000706303997831,-0.000183009573679,-0.000232344801641,-0.000336965230674,-0.000342345688575,-0.000583907492829,-0.00000943186892677,-0.0000306249048108,-0.000627547254416,-0.000146366841181,-0.000928579254538,-0.000525350480769,-0.000271117880635,-0.000378095806675,-0.000525350480769,-0.000743414278141,-0.000186343540109,-0.000341788416557,-0.000216902087752,-0.000140379480834,-0.0000635368044293,-0.000228997994625,-0.000213391458962,-0.00000270152705317,-0.0000251101694664,-0.0000306249048108,-0.000461327546526,-0.0000733294524506,-0.0000286220098697,-0.000168752304528,-0.000271117880635,-0.0000144731683056,-0.000114884275977,-0.000416718977671,-0.0000216490634823,-0.000341905236258,-0.0000991384260587,-0.00000749877921624,-0.000017031060529,-0.0000309160305196,-0.0000451072377929,-0.000141760198117,-0.0000142377695243,-0.0000139727607928,-0.000255722090857,-0.0000244219448451,-0.00166447932493,-0.0000217489299903,-0.00065610707161,0.000405275276528,-0.000390786738882,-0.0000488683973314,-0.000898307194626,-0.000255576962457,-0.0000849501076905,-0.0000688297480638,0.000544500065152,-0.0000704973015844,-0.00000749877921624,-0.0000180408894321,-0.000261906967713,-0.00192202460725,0.000166388717049,-0.000378095806675,-0.0000557586086583,-0.000175202956372,-0.000201115352237,-0.0000863063637766,-0.0000809644589408,-0.0000171502029014,-0.0000293237490041,-0.000017031060529,-0.00012929624045,-0.000177310839433,-0.0000486515750078,-0.0000935273664506,-0.0000365041684196,-0.0000180408894321,-0.0000476273793373,-0.000162126321467,-0.000177310839433,-0.000353579205506,-0.000341905236258,-0.0000217489299903,-0.00125568758069,-0.000341905236258,-0.0000199604409188
1791,-0.000342065917208,-0.000121227295865,-0.00000100224043731,-0.000267625876876,-0.00166336839528,-0.000157271765241,-0.000189836530229,-0.000180743231689,-0.000233462382274,-0.000120304307761,-0.0000732527497176,-0.0000285892183287,-0.0000606543997836,-0.0000705561980521,-0.000182830338899,-0.00023213688314,-0.000336697569459,-0.000342065917208,-0.000583449020364,-0.00000942019879258,-0.0000305895548336,-0.000627072100469,-0.000146225180332,-0.000927917220115,-0.000524923421327,-0.000270868204548,-0.000377756601114,-0.000524923421327,-0.000742856686277,-0.000186179462544,-0.00034148245628,-0.00021670019339,-0.00014025274507,-0.0000634836508677,-0.000228795354138,-0.000213187371774,-0.00000269778364448,-0.0000250834321598,-0.0000305895548336,-0.000460935284219,-0.0000732527497176,-0.0000285892183287,-0.000168587272084,-0.000270868204548,-0.0000144552908456,-0.000114771675525,-0.00041635946126,-0.0000216270135889,-0.000341619630756,-0.0000990530383573,-0.00000748918153226,-0.0000170106922965,-0.0000308798722495,-0.0000450562823424,-0.000141631418131,-0.0000142204938212,-0.0000139558551422,-0.000255486298531,-0.0000243974406198,-0.00166336839528,-0.0000217308956598,-0.000655587994012,0.00040497284518,-0.000390468796512,-0.000048818022508,-0.000897609005366,-0.000255395641098,-0.0000848649153937,-0.0000687573554607,0.00054413805087,-0.0000704280411514,-0.00000748918153226,-0.0000180209172447,-0.000261682914036,-0.00192063461575,0.000166288741279,-0.000377756601114,-0.0000557051597267,-0.000175040785678,-0.000200917958266,-0.0000862187867403,-0.0000808891938311,-0.0000171298318827,-0.0000292907696937,-0.0000170106922965,-0.000129174123361,-0.000177170850587,-0.0000485972443274,-0.0000934518991018,-0.0000364671550308,-0.0000180209172447,-0.0000475765902692,-0.000161990464437,-0.000177170850587,-0.000353300573773,-0.000341619630756,-0.0000217308956598,-0.00125474353731,-0.000341619630756,-0.0000199388441082
1792,-0.000341786374637,-0.000121117895017,-0.00000100079722731,-0.000267406766405,-0.001662258207,-0.000157122543302,-0.000189651136599,-0.000180594163012,-0.000233259899563,-0.000120185601922,-0.0000731761276542,-0.0000285564645415,-0.0000605937180937,-0.0000704820747019,-0.000182651279488,-0.000231929150833,-0.000336430121066,-0.000341786374637,-0.0005829909081,-0.00000940854264364,-0.0000305542457868,-0.000626597306278,-0.000146083656856,-0.000927255658148,-0.000524496708608,-0.000270618757909,-0.000377417699809,-0.000524496708608,-0.000742299512466,-0.000186015529369,-0.000341176770128,-0.000216498487593,-0.000140126123267,-0.0000634305414082,-0.000228592893183,-0.000212983479777,-0.00000269404545339,-0.000025056724497,-0.0000305542457868,-0.000460543355199,-0.0000731761276542,-0.0000285564645415,-0.000168422401031,-0.000270618757909,-0.0000144374350297,-0.000114659185221,-0.000416000255159,-0.0000216049860358,-0.000341334264077,-0.000098967724262,-0.00000747959603142,-0.000016990348656,-0.0000308437559493,-0.000045005384516,-0.000141502754918,-0.0000142032389814,-0.0000139389703859,-0.000255250723112,-0.0000243729610538,-0.001662258207,-0.0000217128758315,-0.000655069327306,0.000404670639842,-0.000390151112819,-0.0000487676994698,-0.000896911358863,-0.000255214448091,-0.0000847798088888,-0.0000686850391718,0.000543776277225,-0.0000703588487414,-0.00000747959603142,-0.0000180009671666,-0.000261459051549,-0.00191924562942,0.000166188825513,-0.000377417699809,-0.0000556517622994,-0.000174878765009,-0.000200720758206,-0.0000861312987159,-0.0000808139987249,-0.0000171094851922,-0.000029257827697,-0.000016990348656,-0.000129052121831,-0.000177030972234,-0.0000485429740102,-0.0000933764925977,-0.0000364301787901,-0.0000180009671666,-0.0000475258556403,-0.000161854721134,-0.000177030972234,-0.000353022162076,-0.000341334264077,-0.0000217128758315,-0.00125380020399,-0.000341334264077,-0.0000199172711897
1793,-0.000341507060217,-0.000121008593123,-9.99356676967e-7,-0.000267187834992,-0.00166114876008,-0.000156973463033,-0.000189465924147,-0.00018044521733,-0.000233057592585,-0.000120067013718,-0.0000730995855438,-0.0000285237481163,-0.0000605330972281,-0.0000704080289387,-0.0001824723953,-0.000231721603934,-0.000336162884945,-0.000341507060217,-0.00058253315566,-0.00000939690139212,-0.0000305189768826,-0.000626122871408,-0.000145942269921,-0.000926594567494,-0.000524070343109,-0.000270369541216,-0.000377079102525,-0.000524070343109,-0.000741742756642,-0.000185851740958,-0.000340871358039,-0.000216296969056,-0.000139999616374,-0.0000633774771637,-0.000228390611093,-0.000212779782848,-0.0000026903122583,-0.0000250300441955,-0.0000305189768826,-0.000460151759579,-0.0000730995855438,-0.0000285237481163,-0.000168257691471,-0.000270369541216,-0.0000144196013023,-0.000114546805086,-0.000415641358119,-0.000021582981323,-0.000341049135635,-0.0000988824833357,-0.00000747002253565,-0.0000169700292876,-0.0000308076818154,-0.0000449545441938,-0.000141374208769,-0.0000141860052083,-0.000013922105238,-0.000255015365254,-0.000024348506015,-0.00166114876008,-0.0000216948712959,-0.000654551070776,0.000404368659474,-0.000389833687737,-0.0000487174284451,-0.000896214254444,-0.000255033383792,-0.0000846947874846,-0.0000686127984322,0.000543414744384,-0.0000702897245475,-0.00000747002253565,-0.0000179810392469,-0.000261235380705,-0.00191785764773,0.000166088969797,-0.000377079102525,-0.000055598415825,-0.000174716894179,-0.000200523751677,-0.0000860438991057,-0.0000807388735469,-0.000017089162283,-0.0000292249226042,-0.0000169700292876,-0.000128930235224,-0.000176891204317,-0.000048488764107,-0.0000933011469559,-0.0000363932401095,-0.0000179810392469,-0.0000474751750881,-0.000161719091859,-0.000176891204317,-0.000352743969424,-0.000341049135635,-0.0000216948712959,-0.00125285757913,-0.000341049135635,-0.0000198957212927
1794,-0.000341227974342,-0.000120899389791,-9.97917642298e-7,-0.000266969082971,-0.0016600400531,-0.000156824523934,-0.000189280892396,-0.000180296394557,-0.000232855460785,-0.000119948542097,-0.0000730231236039,-0.0000284910694841,-0.0000604725368971,-0.0000703340609762,-0.000182293686535,-0.000231514243182,-0.000335895861244,-0.000341227974342,-0.000582075762743,-0.00000938527439498,-0.0000304837488758,-0.000625648796186,-0.000145801020058,-0.00092593394848,-0.000523644323879,-0.000270120554001,-0.000376740808938,-0.000523644323879,-0.000741186418916,-0.000185688096443,-0.000340566219255,-0.000216095638548,-0.00013987322329,-0.0000633244576944,-0.000228188508307,-0.00021257628092,-0.00000268658452063,-0.0000250033926843,-0.0000304837488758,-0.000459760497177,-0.0000730231236039,-0.0000284910694841,-0.000168093142636,-0.000270120554001,-0.0000144017897945,-0.000114434535058,-0.000415282771124,-0.0000215609988974,-0.000340764245245,-0.0000987973157844,-0.00000746046144995,-0.0000169497344462,-0.0000307716500263,-0.0000449037614869,-0.000141245779533,-0.0000141687922603,-0.0000139052607029,-0.000254780224428,-0.00002432407529,-0.0016600400531,-0.0000216768817181,-0.000654033224483,0.000404066904881,-0.000389516520769,-0.0000486672091906,-0.000895517691963,-0.000254852447739,-0.0000846098517489,-0.0000685406337553,0.000543053452073,-0.0000702206681673,-0.00000746046144995,-0.0000179611336719,-0.00026101190128,-0.00191647066955,0.000165989173679,-0.000376740808938,-0.000055545120464,-0.000174555173273,-0.000200326938788,-0.0000859565885465,-0.0000806638183075,-0.0000170688637469,-0.0000291920546616,-0.0000169497344462,-0.000128808464102,-0.000176751547235,-0.0000484346145111,-0.0000932258621598,-0.0000363563391383,-0.0000179611336719,-0.0000474245484234,-0.000161583576045,-0.000176751547235,-0.000352465996046,-0.000340764245245,-0.0000216768817181,-0.00125191566319,-0.000340764245245,-0.0000198741944288
1795,-0.000340949116342,-0.000120790285163,-9.9648096219e-7,-0.000266750509999,-0.00165893208662,-0.000156675726407,-0.00018909604169,-0.000180147694595,-0.000232653504592,-0.000119830187444,-0.0000729467415175,-0.0000284584279822,-0.000060412037473,-0.0000702601706886,-0.000182115152762,-0.000231307068003,-0.00033562904922,-0.000340949116342,-0.000581618728517,-0.00000937366191867,-0.0000304485617688,-0.000625175079747,-0.000145659906993,-0.000925273800275,-0.000523218651452,-0.00026987179618,-0.000376402819165,-0.000523218651452,-0.00074063049777,-0.000185524595985,-0.000340261353158,-0.000215894495057,-0.000139746944401,-0.0000632714816424,-0.00022798658421,-0.000212372973361,-0.00000268286184602,-0.0000249767693807,-0.0000304485617688,-0.000459369567098,-0.0000729467415175,-0.0000284584279822,-0.000167928754818,-0.00026987179618,-0.0000143840004001,-0.000114322375459,-0.000414924494049,-0.0000215390391292,-0.000340479592878,-0.0000987122216536,-0.00000745091291288,-0.0000169294638992,-0.0000307356604745,-0.0000448530357131,-0.000141117466606,-0.0000141516002161,-0.0000138884366732,-0.000254545300209,-0.0000242996690698,-0.00165893208662,-0.0000216589068209,-0.000653515787827,0.000403765375228,-0.000389199612064,-0.0000486170416112,-0.000894821671015,-0.000254671640412,-0.0000845250010215,-0.0000684685452361,0.000542692399727,-0.0000701516796249,-0.00000745091291288,-0.0000179412496673,-0.000260788612808,-0.00191508469471,0.000165889437789,-0.000376402819165,-0.0000554918760587,-0.00017439360237,-0.000200130318901,-0.0000858693664849,-0.0000805888328568,-0.000017048589374,-0.0000291592233896,-0.0000169294638992,-0.00012868680773,-0.000176611999911,-0.000048380525377,-0.0000931506379596,-0.000036319475373,-0.0000179412496673,-0.0000473739758551,-0.000161448173761,-0.000176611999911,-0.000352188242033,-0.000340479592878,-0.0000216589068209,-0.00125097445546,-0.000340479592878,-0.0000198526912625
1796,-0.000340670486162,-0.000120681278656,-9.95046463004e-7,-0.000266532116147,-0.00165782485947,-0.000156527069891,-0.000188911371073,-0.000179999117349,-0.000232451723389,-0.000119711949558,-0.0000728704393111,-0.0000284258243139,-0.0000603515984823,-0.0000701863579309,-0.000181936793967,-0.000231100078285,-0.000335362449771,-0.000340670486162,-0.00058116205334,-0.00000936206382285,-0.0000304134151969,-0.00062470172191,-0.000145518930462,-0.000924614122737,-0.00052279332485,-0.000269623267398,-0.000376065132087,-0.00052279332485,-0.00074007499405,-0.000185361239322,-0.000339956760403,-0.000215693539215,-0.000139620779794,-0.0000632185502329,-0.00022778483903,-0.000212169860235,-0.0000026791442771,-0.0000249501747263,-0.0000304134151969,-0.000458978969582,-0.0000728704393111,-0.0000284258243139,-0.00016776452777,-0.000269623267398,-0.0000143662324117,-0.000114210325699,-0.000414566525614,-0.0000215171014686,-0.000340195178332,-0.0000986272003685,-0.00000744137649411,-0.0000169092172992,-0.0000306997130517,-0.0000448023674373,-0.000140989270686,-0.0000141344291094,-0.0000138716329401,-0.00025431059238,-0.0000242752876458,-0.00165782485947,-0.0000216409467901,-0.000652998760491,0.000403464070659,-0.000388882960684,-0.0000485669260524,-0.000894126190769,-0.000254490961153,-0.0000844402351987,-0.0000683965328045,0.000542331587463,-0.0000700827586124,-0.00000744137649411,-0.0000179213878582,-0.000260565515739,-0.00191369972231,0.000165789761615,-0.000376065132087,-0.0000554386828302,-0.000174232180477,-0.000199933891826,-0.0000857822328797,-0.0000805139168332,-0.0000170283389918,-0.0000291264293524,-0.0000169092172992,-0.000128565266445,-0.000176472562866,-0.000048326496735,-0.000093075474588,-0.0000362826489937,-0.0000179213878582,-0.0000473234570819,-0.000161312884993,-0.000176472562866,-0.000351910706835,-0.000340195178332,-0.0000216409467901,-0.00125003395535,-0.000340195178332,-0.0000198312113584
1797,-0.000340392083908,-0.000120572370585,-9.93613778366e-7,-0.000266313900801,-0.00165671837126,-0.000156378554764,-0.000188726881195,-0.000179850662437,-0.000232250117583,-0.000119593828311,-0.0000727942165133,-0.0000283932574234,-0.000060291219973,-0.0000701126229989,-0.000181758609634,-0.000230893273526,-0.000335096061857,-0.000340392083908,-0.000580705736582,-0.00000935047972828,-0.0000303783092668,-0.000624228722327,-0.00014537809012,-0.000923954915458,-0.000522368344115,-0.00026937496718,-0.000375727748402,-0.000522368344115,-0.000739519906578,-0.000185198026702,-0.000339652440184,-0.000215492770217,-0.000139494728625,-0.0000631656629375,-0.000227583272485,-0.000211966941571,-0.00000267543204568,-0.0000249236080139,-0.0000303783092668,-0.000458588704007,-0.0000727942165133,-0.0000283932574234,-0.000167600461567,-0.00026937496718,-0.0000143484868516,-0.000114098385296,-0.000414208866188,-0.0000214951859201,-0.000339911001522,-0.0000985422526467,-0.00000743185210572,-0.0000168889949395,-0.0000306638074594,-0.0000447517567181,-0.000140861190603,-0.0000141172787722,-0.0000138548497794,-0.000254076101276,-0.0000242509306076,-0.00165671837126,-0.0000216230019259,-0.000652482142169,0.000403162991197,-0.000388566567477,-0.0000485168618729,-0.00089343125156,-0.00025431040994,-0.0000843555542911,-0.0000683245957029,0.00054197101493,-0.0000700139056513,-0.00000743185210572,-0.0000179015481212,-0.000260342609677,-0.00191231575173,0.000165690145764,-0.000375727748402,-0.0000553855407519,-0.000174070908206,-0.000199737657342,-0.0000856951880106,-0.0000804390704339,-0.0000170081128927,-0.0000290936719161,-0.0000168889949395,-0.000128443839991,-0.000176333235972,-0.0000482725284483,-0.0000930003719821,-0.0000362458600929,-0.0000179015481212,-0.0000472729923482,-0.000161177709727,-0.000176333235972,-0.000351633390066,-0.000339911001522,-0.0000216230019259,-0.0012490941625,-0.000339911001522,-0.0000198097545603
1798,-0.000340113909296,-0.000120463561014,-9.92183280868e-7,-0.000266095864172,-0.00165561262181,-0.000156230180415,-0.000188542570788,-0.000179702330245,-0.000232048686228,-0.000119475823844,-0.0000727180742315,-0.0000283607284466,-0.0000602309014424,-0.0000700389655011,-0.00018158059953,-0.000230686654051,-0.000334829885955,-0.000340113909296,-0.000580249778775,-0.00000933891030197,-0.0000303432436426,-0.000623756080833,-0.000145237386358,-0.000923296178453,-0.000521943708549,-0.000269126895908,-0.000375390667045,-0.000521943708549,-0.000738965235608,-0.000185034957575,-0.000339348392278,-0.000215292187851,-0.000139368791603,-0.0000631128198139,-0.000227381883764,-0.000211764216655,-0.00000267172488444,-0.0000248970697809,-0.0000303432436426,-0.000458198770424,-0.0000727180742315,-0.0000283607284466,-0.000167436555566,-0.000269126895908,-0.0000143307632117,-0.000113986555013,-0.000413851515169,-0.0000214732933292,-0.000339627061724,-0.0000984573781659,-0.00000742233951678,-0.0000168687968474,-0.0000306279439863,-0.0000447012029507,-0.000140733227369,-0.0000141001492948,-0.0000138380866428,-0.000253841826107,-0.0000242265980788,-0.00165561262181,-0.0000216050719377,-0.000651965932628,0.000402862136152,-0.000388250431432,-0.0000484668494343,-0.000892736852077,-0.000254129987031,-0.00008427095855,-0.0000682527342057,0.000541610682075,-0.0000699451202149,-0.00000742233951678,-0.0000178817302787,-0.000260119893764,-0.00191093278177,0.000165590589955,-0.000375390667045,-0.0000553324494801,-0.000173909785246,-0.000199541615768,-0.0000856082312795,-0.0000803642935319,-0.0000169879103677,-0.0000290609517792,-0.0000168687968474,-0.000128322527949,-0.000176194018889,-0.0000482186204458,-0.0000929253300823,-0.0000362091081696,-0.0000178817302787,-0.0000472225812223,-0.00016104264759,-0.000176194018889,-0.00035135629241,-0.000339627061724,-0.0000216050719377,-0.00124815507614,-0.000339627061724,-0.0000197883213167
1799,-0.000339835961819,-0.000120354849655,-9.90754571273e-7,-0.000265878005933,-0.00165450761034,-0.00015608194671,-0.000188358440762,-0.000179554120251,-0.00023184742989,-0.000119357935532,-0.0000726420110748,-0.0000283282361497,-0.0000601706435015,-0.0000699653851832,-0.000181402764108,-0.000230480219309,-0.000334563921055,-0.000339835961819,-0.000579794178662,-0.00000932735501813,-0.0000303082187165,-0.000623283797458,-0.000145096818605,-0.000922637910785,-0.00052151941816,-0.000268879053057,-0.000375053888086,-0.00052151941816,-0.000738410980436,-0.000184872032625,-0.00033904461701,-0.000215091792656,-0.000139242968165,-0.000063060020878,-0.000227180673471,-0.000211561685905,-0.00000266802270366,-0.0000248705595647,-0.0000303082187165,-0.000457809168573,-0.0000726420110748,-0.0000283282361497,-0.000167272809898,-0.000268879053057,-0.0000143130611523,-0.000113874834012,-0.00041349447254,-0.0000214514223611,-0.000339343359509,-0.0000983725766908,-0.00000741283960215,-0.0000168486228356,-0.0000305921223216,-0.0000446507060863,-0.000140605380252,-0.0000140830406914,-0.0000138213440248,-0.000253607767495,-0.0000242022899712,-0.00165450761034,-0.0000215871566818,-0.000651450131573,0.000402561505719,-0.000387934552637,-0.000048416888478,-0.000892042992374,-0.00025394969221,-0.0000841864477215,-0.0000681809484542,0.000541250588972,-0.0000698764022671,-0.00000741283960215,-0.0000178619342641,-0.000259897368553,-0.00190955081179,0.000165491093836,-0.000375053888086,-0.000055279409056,-0.000173748811382,-0.000199345766796,-0.0000855213627085,-0.0000802895865926,-0.0000169677322441,-0.0000290282679063,-0.0000168486228356,-0.000128201330989,-0.000176054912076,-0.0000481647729549,-0.0000928503485573,-0.0000361723936777,-0.0000178619342641,-0.0000471722236721,-0.000160907698756,-0.000176054912076,-0.000351079412354,-0.000339343359509,-0.0000215871566818,-0.0012472166959,-0.000339343359509,-0.0000197669108433
1800,-0.000339558241397,-0.000120246236325,-9.89328060808e-7,-0.000265660326281,-0.00165340333625,-0.000155933853614,-0.000188174490948,-0.0001794060325,-0.000231646347852,-0.000119240163873,-0.0000725660276082,-0.0000282957816751,-0.0000601104459728,-0.0000698918823234,-0.000181225102853,-0.000230273969129,-0.000334298167081,-0.000339558241397,-0.000579338936051,-0.00000931581412988,-0.0000302732342909,-0.000622811871617,-0.000144956387181,-0.00092198011276,-0.000521095473014,-0.000268631438484,-0.000374717411769,-0.000521095473014,-0.000737857141281,-0.000184709250493,-0.000338741113165,-0.000214891583406,-0.000139117258143,-0.00006300726622,-0.00022697964127,-0.00021135934904,-0.00000266432584128,-0.0000248440777266,-0.0000302732342909,-0.00045741989766,-0.0000725660276082,-0.0000282957816751,-0.000167109224241,-0.000268631438484,-0.0000142953812707,-0.000113763222566,-0.000413137737801,-0.0000214295737564,-0.000339059894404,-0.0000982878488456,-0.00000740335204519,-0.0000168284731963,-0.0000305563426108,-0.0000446002665315,-0.000140477649584,-0.0000140659526386,-0.0000138046211333,-0.000253373924446,-0.0000241780061998,-0.00165340333625,-0.0000215692565,-0.000650934738504,0.000402261099532,-0.000387618930665,-0.0000483669788576,-0.000891349672068,-0.000253769524993,-0.0000841020217406,-0.000068109238228,0.000540890735502,-0.0000698077521304,-0.00000740335204519,-0.0000178421600605,-0.000259675033933,-0.00190816984174,0.000165391657346,-0.000374717411769,-0.0000552264192306,-0.000173587986604,-0.000199150109811,-0.0000854345822128,-0.0000802149486496,-0.0000169475777327,-0.0000289956210096,-0.0000168284731963,-0.000128080248031,-0.000175915915049,-0.0000481109854027,-0.0000927754274436,-0.0000361357166128,-0.0000178421600605,-0.000047121920125,-0.000160772862746,-0.000175915915049,-0.000350802750827,-0.000339059894404,-0.0000215692565,-0.00124627902072,-0.000339059894404,-0.0000197455237627
1801,-0.000339280748012,-0.000120137720877,-9.87903877814e-7,-0.000265442824669,-0.00165229979913,-0.000155785900633,-0.000187990720343,-0.000179258066482,-0.000231445440496,-0.000119122508349,-0.0000724901234408,-0.000028263363876,-0.000060050308786,-0.000069818456705,-0.000181047615448,-0.000230067903816,-0.000334032624516,-0.000339280748012,-0.000578884050953,-0.00000930428757062,-0.0000302382898676,-0.000622340303039,-0.000144816091453,-0.000921322783305,-0.000520671872067,-0.000268384051807,-0.000374381236596,-0.000520671872067,-0.000737303717672,-0.000184546611989,-0.000338437881541,-0.000214691560893,-0.000138991661916,-0.0000629545555766,-0.000226778786805,-0.000211157205303,-0.00000266063392695,-0.0000248176242605,-0.0000302382898676,-0.000457030957831,-0.0000724901234408,-0.000028263363876,-0.000166945798705,-0.000268384051807,-0.0000142777231713,-0.000113651720572,-0.000412781310998,-0.0000214077476501,-0.000338776665643,-0.0000982031928496,-0.00000739387621485,-0.0000168083473477,-0.0000305206049767,-0.0000445498837651,-0.000140350034751,-0.000014048885193,-0.0000137879191127,-0.00025314029675,-0.0000241537465966,-0.00165229979913,-0.0000215513706925,-0.000650419753168,0.000401960917389,-0.000387303565804,-0.0000483171210233,-0.000890656890684,-0.000253589485887,-0.0000840176800176,-0.0000680376033841,0.000540531120761,-0.0000697391692293,-0.00000739387621485,-0.0000178224082452,-0.000259452889527,-0.00190678987015,0.000165292280726,-0.000374381236596,-0.0000551734810021,-0.000173427310838,-0.000198954644739,-0.0000853478899758,-0.0000801403808088,-0.0000169274473132,-0.0000289630106809,-0.0000168083473477,-0.000127959279603,-0.000175777027499,-0.0000480572577963,-0.0000927005665616,-0.0000360990765271,-0.0000178224082452,-0.0000470716703633,-0.000160638139828,-0.000175777027499,-0.00035052630738,-0.000338776665643,-0.0000215513706925,-0.00124534205094,-0.000338776665643,-0.0000197241599764
1802,-0.000339003481236,-0.000120029303437,-9.86481464071e-7,-0.00026522550113,-0.00165119699872,-0.000155638088682,-0.000187807129281,-0.000179110223044,-0.000231244707217,-0.000119004968539,-0.0000724142986988,-0.0000282309833048,-0.0000599902313239,-0.0000697451080702,-0.000180870302114,-0.000229862022636,-0.000333767292833,-0.000339003481236,-0.00057842952299,-0.00000929277527462,-0.000030203385827,-0.000621869091344,-0.000144675931617,-0.000920665922794,-0.000520248615866,-0.000268136893217,-0.000374045363703,-0.000520248615866,-0.00073675070943,-0.000184384116774,-0.000338134920872,-0.000214491724645,-0.000138866178934,-0.0000629018894354,-0.000226578110618,-0.000210955255295,-0.00000265694719159,-0.0000247911984141,-0.000030203385827,-0.000456642348756,-0.0000724142986988,-0.0000282309833048,-0.00016678253324,-0.000268136893217,-0.000014260087037,-0.000113540327948,-0.000412425191681,-0.0000213859438158,-0.000338493673451,-0.000098118610329,-0.00000738441240689,-0.0000167882459206,-0.0000304849089465,-0.0000444995582001,-0.00014022253591,-0.0000140318387514,-0.0000137712367323,-0.000252906884501,-0.000024129511492,-0.00165119699872,-0.0000215335000666,-0.000649905175311,0.000401660959517,-0.000386988457365,-0.0000482673146216,-0.000889964647545,-0.000253409574062,-0.000083933423042,-0.0000679660437282,0.000540171745367,-0.0000696706538119,-0.00000738441240689,-0.00001780267805,-0.000259230934896,-0.00190541089679,0.000165192963567,-0.000374045363703,-0.000055120592473,-0.000173266783368,-0.000198759371477,-0.000085261285907,-0.000080065881817,-0.0000169073411511,-0.0000289304371459,-0.0000167882459206,-0.00012783842566,-0.000175638249765,-0.0000480035899439,-0.0000926257665581,-0.0000360624736722,-0.00001780267805,-0.0000470214739128,-0.000160503529872,-0.000175638249765,-0.000350250081712,-0.000338493673451,-0.0000215335000666,-0.00124440578527,-0.000338493673451,-0.0000197028187259
1803,-0.000338726441749,-0.000119920983889,-9.85061181957e-7,-0.000265008355942,-0.00165009493427,-0.000155490416957,-0.000187623717802,-0.000178962501494,-0.000231044148039,-0.000118887545041,-0.0000723385536343,-0.0000281986400861,-0.0000599302143289,-0.0000696718365383,-0.000180693162516,-0.000229656325769,-0.00033350217199,-0.000338726441749,-0.000577975351954,-0.00000928127689814,-0.000030168522565,-0.000621398236913,-0.000144535907292,-0.000920009530534,-0.000519825703787,-0.000267889961997,-0.00037370979179,-0.000519825703787,-0.00073619811523,-0.000184221764377,-0.000337832231845,-0.000214292074144,-0.000138740809402,-0.0000628492669632,-0.000226377611529,-0.000210753498231,-0.00000265326546733,-0.0000247648015117,-0.000030168522565,-0.000456254070344,-0.0000723385536343,-0.0000281986400861,-0.000166619427461,-0.000267889961997,-0.0000142424721643,-0.000113429044201,-0.000412069379953,-0.0000213641622162,-0.000338210918057,-0.0000980341008923,-0.00000737496126346,-0.0000167681680319,-0.0000304492544974,-0.0000444492891258,-0.000140095152758,-0.0000140148131313,-0.0000137545747991,-0.000252673688127,-0.0000241053007288,-0.00165009493427,-0.000021515644014,-0.00064939100447,0.000401361225279,-0.000386673605126,-0.000048217559331,-0.000889272942517,-0.000253229790344,-0.0000838492505357,-0.0000678945595185,0.000539812608698,-0.0000696022053153,-0.00000737496126346,-0.0000177829694898,-0.000259009170368,-0.0019040329204,0.000165093706082,-0.00037370979179,-0.0000550677553441,-0.000173106404731,-0.000198564290349,-0.0000851747693003,-0.0000799914517664,-0.0000168872584374,-0.0000288979006688,-0.0000167681680319,-0.00012771768573,-0.000175499581556,-0.0000479499822088,-0.0000925510262926,-0.0000360259077645,-0.0000177829694898,-0.000046971330967,-0.000160369032437,-0.000175499581556,-0.000349974073963,-0.000338210918057,-0.000021515644014,-0.00124347022378,-0.000338210918057,-0.0000196815011062
1804,-0.000338449627981,-0.000119812761954,-9.83643076324e-7,-0.000264791387782,-0.00164899360562,-0.000155342885195,-0.000187440485075,-0.000178814901352,-0.000230843762866,-0.000118770237387,-0.0000722628877083,-0.0000281663337525,-0.0000598702573082,-0.0000695986421473,-0.000180516196242,-0.00022945081358,-0.000333237262049,-0.000338449627981,-0.000577521537422,-0.00000926979294835,-0.0000301336991027,-0.00062092773882,-0.00014439601855,-0.000919353606333,-0.000519403135312,-0.000267643258359,-0.000373374520811,-0.000519403135312,-0.00073564593606,-0.00018405955507,-0.000337529813711,-0.000214092609651,-0.000138615553038,-0.0000627966884474,-0.000226177290306,-0.000210551934132,-0.0000026495890717,-0.0000247384323995,-0.0000301336991027,-0.000455866121411,-0.0000722628877083,-0.0000281663337525,-0.000166456480767,-0.000267643258359,-0.0000142248794601,-0.000113317870003,-0.000411713874641,-0.0000213424026825,-0.000337928398641,-0.0000979496643678,-0.00000736552163838,-0.0000167481145485,-0.0000304136420803,-0.0000443990770496,-0.000139967885177,-0.0000139978076921,-0.0000137379331635,-0.000252440706286,-0.0000240811142875,-0.00164899360562,-0.0000214978029867,-0.000648877240518,0.00040106171488,-0.000386359009071,-0.0000481678552084,-0.000888581775366,-0.000253050134198,-0.0000837651629277,-0.0000678231503661,0.000539453711184,-0.0000695338246719,-0.00000736552163838,-0.0000177632832719,-0.000258787595155,-0.00190265594134,0.000164994508348,-0.000373374520811,-0.0000550149686189,-0.000172946174558,-0.000198369400117,-0.0000850883405938,-0.0000799170909813,-0.0000168671997316,-0.0000288654000227,-0.0000167481145485,-0.000127597059547,-0.000175361022931,-0.0000478964349178,-0.0000924763468353,-0.0000359893788859,-0.0000177632832719,-0.0000469212417231,-0.000160234648428,-0.000175361022931,-0.000349698283229,-0.000337928398641,-0.0000214978029867,-0.00124253536556,-0.000337928398641,-0.0000196602063562
1805,-0.000338173040359,-0.000119704637875,-9.82226569413e-7,-0.000264574597568,-0.00164789301173,-0.000155195493256,-0.000187257431448,-0.00017866742341,-0.000230643551505,-0.000118653045346,-0.0000721873007796,-0.0000281340645421,-0.0000598103600584,-0.0000695255244834,-0.000180339403236,-0.000229245484757,-0.000332972562194,-0.000338173040359,-0.000577068079449,-0.00000925832360998,-0.0000300989159818,-0.000620457596588,-0.000144256264973,-0.000918698149452,-0.000518980910447,-0.000267396781749,-0.000373039550989,-0.000518980910447,-0.00073509417095,-0.000183897488664,-0.000337227665816,-0.000213893330439,-0.000138490409547,-0.0000627441543126,-0.000225977146003,-0.000210350563096,-0.00000264591761212,-0.0000247120912045,-0.0000300989159818,-0.000455478502635,-0.0000721873007796,-0.0000281340645421,-0.000166293693847,-0.000267396781749,-0.0000142073083507,-0.000113206804131,-0.000411358676261,-0.00002132066522,-0.00033764611512,-0.0000978653002344,-0.00000735609444025,-0.0000167280851189,-0.000030378071199,-0.0000443489217812,-0.000139840733431,-0.0000139808232813,-0.0000137213115603,-0.000252207938919,-0.0000240569519194,-0.00164789301173,-0.000021479976418,-0.000648363883095,0.000400762428018,-0.000386044668805,-0.0000481182026322,-0.000887891145202,-0.000252870605147,-0.0000836811589471,-0.0000677518163821,0.000539095051988,-0.0000694655107014,-0.00000735609444025,-0.0000177436181943,-0.000258566209885,-0.00190127995786,0.000164895370089,-0.000373039550989,-0.0000549622325594,-0.000172786092992,-0.000198174701728,-0.0000850019995249,-0.0000798427997912,-0.0000168471648618,-0.0000288329366627,-0.0000167280851189,-0.000127476547347,-0.000175222573432,-0.0000478429465884,-0.0000924017275947,-0.0000359528872895,-0.0000177436181943,-0.0000468712058677,-0.000160100376657,-0.000175222573432,-0.000349422710075,-0.00033764611512,-0.000021479976418,-0.00124160121022,-0.00033764611512,-0.000019638934579
1806,-0.000337896678913,-0.000119596611252,-9.80812790541e-7,-0.000264357985064,-0.00164679315259,-0.000155048241275,-0.000187074556559,-0.000178520066826,-0.000230443513714,-0.000118535968733,-0.0000721117929467,-0.0000281018322266,-0.0000597505229134,-0.0000694524838218,-0.00018016278364,-0.000229040339351,-0.000332708072775,-0.000337896678913,-0.000576614977752,-0.00000924686801795,-0.0000300641729392,-0.00061998781106,-0.000144116647363,-0.00091804316031,-0.000518559028741,-0.000267150532268,-0.000372704881598,-0.000518559028741,-0.000734542819806,-0.000183735564714,-0.000336925788408,-0.000213694237322,-0.000138365379194,-0.0000626916637634,-0.000225777178391,-0.000210149384197,-0.0000026422512942,-0.0000246857779427,-0.0000300641729392,-0.000455091213488,-0.0000721117929467,-0.0000281018322266,-0.000166131065772,-0.000267150532268,-0.0000141897588222,-0.000113095847415,-0.000411003784332,-0.0000212989495321,-0.00033736406772,-0.000097781008809,-0.00000734667910152,-0.0000167080792757,-0.0000303425419856,-0.0000442988228784,-0.000139713697247,-0.0000139638594923,-0.0000137047100268,-0.000251975386921,-0.0000240328138759,-0.00164679315259,-0.0000214621649013,-0.000647850931653,0.000400463364387,-0.000385730584816,-0.0000480686010365,-0.000887201051868,-0.000252691203593,-0.0000835972395041,-0.0000676805573212,0.000538736631224,-0.0000693972637658,-0.00000734667910152,-0.0000177239752563,-0.000258345013951,-0.00189990496904,0.000164796292017,-0.000372704881598,-0.0000549095468001,-0.00017262615915,-0.000197980194135,-0.0000849157464358,-0.0000797685772609,-0.000016827153464,-0.0000288005093316,-0.0000167080792757,-0.000127356149188,-0.000175084233588,-0.0000477895186233,-0.0000923271685904,-0.0000359164325525,-0.0000177239752563,-0.0000468212232656,-0.000159966217047,-0.000175084233588,-0.000349147354362,-0.00033736406772,-0.0000214621649013,-0.00124066775701,-0.00033736406772,-0.0000196176860072
1807,-0.00033762054349,-0.000119488681833,-9.79400398116e-7,-0.000264141549859,-0.00164569402805,-0.000154901129199,-0.000186891860151,-0.000178372832053,-0.000230243649392,-0.000118419008047,-0.000072036363953,-0.0000280696364863,-0.000059690745684,-0.0000693795194966,-0.000179986336489,-0.00022883537791,-0.000332443793626,-0.00033762054349,-0.000576162231464,-0.00000923542657372,-0.0000300294701074,-0.000619518380716,-0.000143977164053,-0.000917388637915,-0.000518137490253,-0.000266904509313,-0.000372370512085,-0.000518137490253,-0.000733991882206,-0.000183573783606,-0.000336624181342,-0.000213495329534,-0.000138240461512,-0.0000626392173126,-0.000225577387977,-0.000209948397692,-0.00000263859017391,-0.0000246594930164,-0.0000300294701074,-0.000454704254307,-0.000072036363953,-0.0000280696364863,-0.000165968597169,-0.000266904509313,-0.0000141722312268,-0.000112984999691,-0.000410649198765,-0.000021277256347,-0.000337082255626,-0.000097696790287,-0.00000733727563995,-0.0000166880976948,-0.000030307054085,-0.0000442487808652,-0.000139586776482,-0.0000139469158658,-0.000013688128619,-0.000251743048825,-0.0000240087004073,-0.00164569402805,-0.0000214443683344,-0.000647338385871,0.000400164523964,-0.000385416756012,-0.0000480190504488,-0.000886511494615,-0.000252511929498,-0.000083513404145,-0.0000676093735885,0.000538378448875,-0.0000693290844285,-0.00000733727563995,-0.0000177043539678,-0.000258124007033,-0.00189853097475,0.000164697272855,-0.000372370512085,-0.0000548569118388,-0.000172466373819,-0.000197785877504,-0.0000848295804725,-0.000079694423647,-0.0000168071662916,-0.0000287681186144,-0.0000166880976948,-0.000127235864831,-0.000174946002709,-0.0000477361496563,-0.0000922526695906,-0.0000358800150702,-0.0000177043539678,-0.0000467712938566,-0.000159832170456,-0.000174946002709,-0.000348872215277,-0.000337082255626,-0.0000214443683344,-0.00123973500608,-0.000337082255626,-0.000019596460354
1808,-0.000337344633343,-0.000119380850382,-9.77990481932e-7,-0.000263925291448,-0.00164459563652,-0.000154754156358,-0.0001867093423,-0.000178225718331,-0.000230043958365,-0.000118302162685,-0.0000719610138518,-0.0000280374783683,-0.0000596310279048,-0.0000693066323834,-0.00017981006273,-0.000228630600217,-0.000332179723856,-0.000337344633343,-0.000575709840934,-0.00000922399956593,-0.0000299948072593,-0.000619049306088,-0.00014383781653,-0.000916734582047,-0.000517716293705,-0.000266658713254,-0.000372036443013,-0.000517716293705,-0.000733441357548,-0.000183412144622,-0.000336322844612,-0.000213296606349,-0.000138115656923,-0.0000625868148836,-0.00022537777483,-0.000209747603717,-0.00000263493410646,-0.000024633235987,-0.0000299948072593,-0.000454317623706,-0.0000719610138518,-0.0000280374783683,-0.000165806287118,-0.000266658713254,-0.000014154725188,-0.00011287426025,-0.000410294918702,-0.000021255585005,-0.000336800679201,-0.0000976126436729,-0.00000732788466928,-0.0000166681398657,-0.0000302716078782,-0.0000441987951527,-0.000139459970924,-0.0000139299933091,-0.0000136715670305,-0.000251510925331,-0.000023984610567,-0.00164459563652,-0.0000214265860441,-0.000646826245871,0.000399865906528,-0.000385103182653,-0.0000479695512157,-0.000885822473842,-0.000252332782277,-0.0000834296530856,-0.0000675382645294,0.000538020504885,-0.0000692609715487,-0.00000732788466928,-0.0000176847544262,-0.000257903189448,-0.00189715797436,0.00016459831305,-0.000372036443013,-0.0000548043275224,-0.000172306735789,-0.000197591751564,-0.0000847435022338,-0.0000796203394025,-0.0000167872027643,-0.0000287357641242,-0.0000166681398657,-0.000127115693777,-0.000174807881245,-0.0000476828412284,-0.0000921782307834,-0.0000358436342118,-0.0000176847544262,-0.0000467214178883,-0.000159698235506,-0.000174807881245,-0.000348597293196,-0.000336800679201,-0.0000214265860441,-0.0012388029558,-0.000336800679201,-0.0000195752577143
1809,-0.000337068949319,-0.000119273115745,-9.76582535284e-7,-0.000263709210564,-0.00164349797816,-0.000154607323253,-0.00018652700266,-0.000178078725969,-0.000229844440597,-0.000118185432364,-0.0000718857428277,-0.0000280053563904,-0.0000595713701692,-0.0000692338215824,-0.000179633961285,-0.000228426005485,-0.000331915864217,-0.000337068949319,-0.000575257805143,-0.0000092125865141,-0.0000299601842668,-0.000618580586457,-0.000143698603221,-0.000916080992662,-0.000517295440182,-0.000266413143375,-0.000371702673067,-0.000517295440182,-0.000732891245964,-0.000183250648506,-0.00033602177782,-0.000213098068269,-0.00013799096453,-0.0000625344562,-0.000225178337877,-0.000209547001746,-0.00000263128302525,-0.0000246070067158,-0.0000299601842668,-0.000453931321697,-0.0000718857428277,-0.0000280053563904,-0.000165644135673,-0.000266413143375,-0.0000141372407976,-0.000112763629623,-0.000409940944748,-0.0000212339360823,-0.000336519337909,-0.0000975285700395,-0.00000731850537328,-0.0000166482058939,-0.0000302362032709,-0.0000441488661203,-0.000139333280489,-0.0000139130907431,-0.0000136550261636,-0.000251279015764,-0.0000239605451622,-0.00164349797816,-0.0000214088189034,-0.000646314511012,0.000399567511939,-0.000384789864374,-0.0000479201028796,-0.000885133988382,-0.00025215376238,-0.0000833459857983,-0.0000674672298651,0.000537662798568,-0.0000691929258023,-0.00000731850537328,-0.0000176651765198,-0.000257682560513,-0.0018957859668,0.000164499413045,-0.000371702673067,-0.0000547517933263,-0.000172147246056,-0.000197397816136,-0.0000846575110685,-0.0000795463236196,-0.0000167672629234,-0.0000287034463597,-0.0000166482058939,-0.000126995636472,-0.000174669868446,-0.0000476295914522,-0.0000921038521193,-0.0000358072903239,-0.0000176651765198,-0.0000466715951681,-0.000159564413592,-0.000174669868446,-0.000348322587553,-0.000336519337909,-0.0000214088189034,-0.00123787160658,-0.000336519337909,-0.0000195540778067
1810,-0.000336793490035,-0.000119165478711,-9.75176486673e-7,-0.000263493306375,-0.00164240105265,-0.000154460629529,-0.000186344840956,-0.000177931854981,-0.000229645096031,-0.000118068817581,-0.0000718105504607,-0.0000279732716617,-0.0000595117721325,-0.0000691610870893,-0.000179458032393,-0.000228221593496,-0.000331652214056,-0.000336793490035,-0.000574806124581,-0.00000920118764913,-0.0000299256012863,-0.000618112221548,-0.000143559524749,-0.000915427869451,-0.000516874928607,-0.000266167799364,-0.000371369203383,-0.000516874928607,-0.000732341547185,-0.000183089293778,-0.000335720980354,-0.000212899715271,-0.000137866385438,-0.0000624821417246,-0.000224979077297,-0.000209346591506,-0.00000262763690051,-0.0000245808056114,-0.0000299256012863,-0.000453545348555,-0.0000718105504607,-0.0000279732716617,-0.000165482142957,-0.000266167799364,-0.0000141197779655,-0.00011265310729,-0.000409587276715,-0.0000212123090888,-0.000336238231476,-0.0000974445691257,-0.00000730913834213,-0.0000166282959384,-0.0000302008398894,-0.0000440989931567,-0.00013920670516,-0.0000138962091896,-0.0000136385046718,-0.000251047320004,-0.0000239365041139,-0.00164240105265,-0.0000213910662499,-0.000645803181052,0.000399269340149,-0.000384476801112,-0.0000478707055587,-0.000884446037845,-0.00025197486936,-0.0000832624024625,-0.0000673962702979,0.000537305330208,-0.0000691249469518,-0.00000730913834213,-0.0000176456205816,-0.000257462120599,-0.00189441495163,0.000164400572088,-0.000371369203383,-0.0000546993094019,-0.000171987903576,-0.000197204071471,-0.0000845716075255,-0.0000794723771493,-0.0000167473467725,-0.0000286711647495,-0.0000166282959384,-0.000126875692418,-0.000174531964818,-0.0000475764014389,-0.0000920295333637,-0.0000357709831151,-0.0000176456205816,-0.0000466218252262,-0.000159430702941,-0.000174531964818,-0.000348048098942,-0.000336238231476,-0.0000213910662499,-0.00123694095758,-0.000336238231476,-0.0000195329208266
1811,-0.000336518256166,-0.000119057938785,-9.73772211754e-7,-0.000263277578945,-0.00164130485915,-0.000154314074477,-0.00018616285717,-0.000177785105279,-0.000229445924,-0.0001179523178,-0.0000717354368973,-0.0000279412233848,-0.0000594522335264,-0.0000690884290764,-0.00017928227592,-0.000228017364906,-0.000331388773623,-0.000336518256166,-0.00057435479896,-0.00000918980305009,-0.0000298910584382,-0.000617644211514,-0.000143420581069,-0.000914775211468,-0.000516454758876,-0.000265922681561,-0.000371036032427,-0.000516454758876,-0.000731792260443,-0.000182928081813,-0.000335420451987,-0.000212701547039,-0.000137741918213,-0.0000624298709351,-0.000224779993462,-0.000209146373177,-0.00000262399578022,-0.000024554632267,-0.0000298910584382,-0.000453159702931,-0.0000717354368973,-0.0000279412233848,-0.000165320308785,-0.000265922681561,-0.0000141023365305,-0.000112542693151,-0.000409233912807,-0.0000211907044525,-0.000335957359777,-0.0000973606396526,-0.00000729978312153,-0.0000166084095081,-0.0000301655179582,-0.0000440491766209,-0.000139080245165,-0.0000138793477804,-0.0000136220034874,-0.000250815837868,-0.0000239124870118,-0.00164130485915,-0.0000213733284777,-0.000645292255501,0.000398971390442,-0.000384163992237,-0.0000478213592032,-0.00088375862239,-0.000251796103507,-0.0000831789030018,-0.0000673253854151,0.000536948099624,-0.0000690570349287,-0.00000729978312153,-0.0000176260859339,-0.000257241868835,-0.00189304492783,0.000164301791058,-0.000371036032427,-0.0000546468759741,-0.000171828708904,-0.000197010516303,-0.000084485791211,-0.0000793984987197,-0.0000167274540903,-0.0000286389196398,-0.0000166084095081,-0.000126755861922,-0.00017439417006,-0.0000475232707027,-0.0000919552745202,-0.0000357347130535,-0.0000176260859339,-0.0000465721082969,-0.000159297104657,-0.00017439417006,-0.000347773825904,-0.000335957359777,-0.0000213733284777,-0.00123601100818,-0.000335957359777,-0.000019511787074
1812,-0.000336243247362,-0.000118950495617,-9.72370421959e-7,-0.000263062027824,-0.00164020939715,-0.000154167658962,-0.000185981051384,-0.000177638476317,-0.000229246924711,-0.000117835932889,-0.0000716604014599,-0.0000279092122701,-0.0000593927547738,-0.0000690158475907,-0.000179106691355,-0.000227813318748,-0.000331125542151,-0.000336243247362,-0.000573903827022,-0.0000091784320766,-0.000029856554923,-0.000617176555432,-0.000143281771933,-0.000914123019081,-0.000516034931016,-0.000265677789772,-0.000370703160418,-0.000516034931016,-0.000731243385523,-0.000182767011705,-0.000335120192789,-0.000212503562676,-0.000137617563748,-0.0000623776434012,-0.000224581085769,-0.000208946345953,-0.00000262035985354,-0.0000245284868514,-0.000029856554923,-0.000452774385886,-0.0000716604014599,-0.0000279092122701,-0.000165158632832,-0.000265677789772,-0.0000140849169599,-0.000112432387296,-0.00040888085374,-0.0000211691213607,-0.000335676722916,-0.0000972767828875,-0.00000729044001213,-0.0000165885469281,-0.000030130237425,-0.0000439994162962,-0.000138953899757,-0.0000138625069916,-0.0000136055220534,-0.000250584569173,-0.0000238884938186,-0.00164020939715,-0.000021355605476,-0.000644781734339,0.000398673663539,-0.000383851438102,-0.0000477720634597,-0.000883071741128,-0.000251617464135,-0.0000830954872777,-0.0000672545747253,0.000536591106539,-0.0000689891895038,-0.00000729044001213,-0.0000176065729098,-0.00025702180576,-0.00189167589533,0.000164203069333,-0.000370703160418,-0.0000545944924588,-0.00017166966152,-0.000196817151698,-0.0000844000619136,-0.0000793246894117,-0.0000167075853743,-0.0000286067106656,-0.0000165885469281,-0.000126636143778,-0.000174256484047,-0.0000474701996298,-0.0000918810756785,-0.0000356984794099,-0.0000176065729098,-0.0000465224445918,-0.000159163618852,-0.000174256484047,-0.000347499769346,-0.000335676722916,-0.000021355605476,-0.00123508175815,-0.000335676722916,-0.0000194906760331
1813,-0.000335968463054,-0.000118843149521,-9.70970245984e-7,-0.000262846653633,-0.00163911466657,-0.000154021382084,-0.0001857994231,-0.000177491968709,-0.000229048098541,-0.00011771966256,-0.000071585444954,-0.0000278772373807,-0.0000593333356598,-0.0000689433419341,-0.00017893127887,-0.000227609455332,-0.000330862519914,-0.000335968463054,-0.000573453210062,-0.00000916707551379,-0.0000298220918431,-0.000616709253733,-0.000143143096913,-0.000913471291663,-0.000515615443841,-0.000265433123487,-0.000370370586901,-0.000515615443841,-0.000730694922654,-0.000182606083097,-0.000334820202732,-0.000212305762942,-0.000137493321192,-0.0000623254594858,-0.000224382353958,-0.000208746510232,-0.00000261672887714,-0.0000245023691123,-0.0000298220918431,-0.000452389396092,-0.000071585444954,-0.0000278772373807,-0.00016499711475,-0.000265433123487,-0.0000140675185145,-0.000112322189572,-0.000408528099038,-0.0000211475604832,-0.000335396320494,-0.0000971929984521,-0.00000728110867554,-0.000016568708185,-0.0000300949977152,-0.0000439497126372,-0.000138827669296,-0.0000138456866812,-0.0000135890606039,-0.000250353513508,-0.0000238645247164,-0.00163911466657,-0.0000213378970377,-0.000644271617117,0.000398376158398,-0.000383539138235,-0.0000477228188105,-0.000882385393573,-0.000251438951758,-0.0000830121549891,-0.0000671838392217,0.000536234350304,-0.0000689214109584,-0.00000728110867554,-0.0000175870819303,-0.000256801931088,-0.00189030785239,0.0001641044066,-0.000370370586901,-0.0000545421598468,-0.000171510761077,-0.000196623976326,-0.0000843144191522,-0.0000792509485645,-0.0000166877399068,-0.0000285745375614,-0.000016568708185,-0.000126516539523,-0.000174118906804,-0.0000474171876892,-0.0000918069365952,-0.0000356622825333,-0.0000175870819303,-0.0000464728339535,-0.000159030244622,-0.000174118906804,-0.000347225928795,-0.000335396320494,-0.0000213378970377,-0.00123415320668,-0.000335396320494,-0.0000194695877092
1814,-0.000335693903319,-0.000118735900227,-9.69572530707e-7,-0.000262631455581,-0.00163802066649,-0.000153875244513,-0.000185617972159,-0.000177345581561,-0.000228849444295,-0.000117603507332,-0.0000715105666647,-0.0000278452994147,-0.0000592739754044,-0.0000688709126635,-0.000178756038046,-0.000227405774705,-0.000330599706505,-0.000335693903319,-0.0005730029465,-0.00000915573288029,-0.0000297876684359,-0.000616242306149,-0.000143004556176,-0.000912820028691,-0.000515196297966,-0.000265188682139,-0.000370038311897,-0.000515196297966,-0.000730146871259,-0.000182445296394,-0.000334520480843,-0.000212108147251,-0.000137369190883,-0.0000622733195126,-0.000224183797924,-0.000208546865718,-0.0000026131030948,-0.0000244762793935,-0.0000297876684359,-0.000452004734123,-0.0000715105666647,-0.0000278452994147,-0.000164835754797,-0.000265188682139,-0.0000140501419161,-0.000112212100174,-0.000408175649445,-0.0000211260217133,-0.000335116152087,-0.0000971092860631,-0.00000727178955451,-0.0000165488933428,-0.0000300597995428,-0.0000439000647328,-0.000138701553126,-0.0000138288866744,-0.0000135726188666,-0.000250122671261,-0.0000238405799768,-0.00163802066649,-0.0000213202033157,-0.000643761903373,0.000398078875445,-0.000383227092602,-0.000047673625029,-0.000881699579769,-0.000251260565813,-0.0000829289068109,-0.0000671131773178,0.000535877831842,-0.0000688536987568,-0.00000727178955451,-0.0000175676119021,-0.000256582244601,-0.00188894079908,0.000164005803176,-0.000370038311897,-0.0000544898767654,-0.000171352007585,-0.000196430990719,-0.0000842288634906,-0.0000791772763735,-0.0000166679181874,-0.0000285424009792,-0.0000165488933428,-0.000126397048143,-0.000173981438245,-0.0000473642350673,-0.0000917328575376,-0.0000356261226617,-0.0000175676119021,-0.0000464232761948,-0.000158896981437,-0.000173981438245,-0.000346952304188,-0.000335116152087,-0.0000213202033157,-0.0012332253528,-0.000335116152087,-0.0000194485222966
1815,-0.000335419568215,-0.000118628747703,-9.681765194e-7,-0.000262416433638,-0.00163692739678,-0.000153729244995,-0.000185436698298,-0.000177199315373,-0.000228650962761,-0.000117487466343,-0.0000714357666087,-0.0000278133977858,-0.000059214674998,-0.0000687985597594,-0.000178580968984,-0.000227202276097,-0.000330337102197,-0.000335419568215,-0.000572553036115,-0.00000914440453581,-0.0000297532848821,-0.000615775711805,-0.000142866149506,-0.000912169230349,-0.00051477749297,-0.000264944465831,-0.000369706334948,-0.00051477749297,-0.000729599230699,-0.000182284651306,-0.000334221027424,-0.000211910715715,-0.000137245172898,-0.0000622212237622,-0.000223985417616,-0.000208347412157,-0.00000260948216768,-0.0000244502173166,-0.0000297532848821,-0.000451620398727,-0.0000714357666087,-0.0000278133977858,-0.000164674553106,-0.000264944465831,-0.0000140327866376,-0.000112102118033,-0.000407823503449,-0.0000211045047882,-0.000334836218188,-0.0000970256458936,-0.00000726248197136,-0.0000165291019938,-0.0000300246424487,-0.0000438504730544,-0.000138575552017,-0.0000138121072117,-0.0000135561974024,-0.000249892041739,-0.0000238166592421,-0.00163692739678,-0.0000213025241926,-0.000643252592822,0.000397781814142,-0.000382915300658,-0.0000476244818541,-0.000881014298883,-0.000251082306679,-0.0000828457416668,-0.0000670425900724,0.00053552154998,-0.0000687860529882,-0.00000726248197136,-0.0000175481643305,-0.00025636274564,-0.00188757473454,0.000163907259179,-0.000369706334948,-0.0000544376439273,-0.000171193401751,-0.000196238194738,-0.0000841433950174,-0.0000791036725643,-0.0000166481198525,-0.0000285103008864,-0.0000165291019938,-0.000126277669704,-0.000173844078227,-0.0000473113413717,-0.0000916588379845,-0.0000355899993654,-0.0000175481643305,-0.0000463737711991,-0.000158763830541,-0.000173844078227,-0.000346678894974,-0.000334836218188,-0.0000213025241926,-0.0012322981969,-0.000334836218188,-0.0000194274796455
1816,-0.000335145456838,-0.000118521692189,-9.6678239192e-7,-0.000262201587651,-0.00163583485688,-0.000153583384368,-0.000185255601537,-0.000177053169719,-0.000228452653117,-0.000117371540221,-0.0000713610449949,-0.0000277815327507,-0.0000591554336582,-0.0000687262829064,-0.000178406071148,-0.000226998959275,-0.000330074706147,-0.000335145456838,-0.000572103479479,-0.00000913308980621,-0.0000297189404606,-0.0006153094707,-0.000142727876828,-0.000911518895876,-0.000514359028143,-0.000264700474871,-0.000369374655842,-0.000514359028143,-0.000729052001036,-0.000182124147678,-0.000333921842036,-0.000211713467777,-0.000137121266535,-0.0000621691705343,-0.000223787212949,-0.000208148149431,-0.00000260586649503,-0.0000244241828975,-0.0000297189404606,-0.00045123639017,-0.0000713610449949,-0.0000277815327507,-0.0001645135085,-0.000264700474871,-0.0000140154529205,-0.000111992244152,-0.000407471661738,-0.0000210830096021,-0.000334556517357,-0.0000969420777031,-0.00000725318660333,-0.0000165093342908,-0.0000299895267464,-0.0000438009373926,-0.00013844966503,-0.0000137953478321,-0.0000135397956922,-0.0002496616248,-0.0000237927621152,-0.00163583485688,-0.0000212848596872,-0.000642743685106,0.000397484975049,-0.000382603762631,-0.0000475753892397,-0.000880329550539,-0.000250904174157,-0.0000827626601128,-0.0000669720774047,0.000535165505486,-0.0000687184739374,-0.00000725318660333,-0.0000175287375201,-0.000256143434726,-0.00188620965788,0.000163808774398,-0.000369374655842,-0.0000543854614228,-0.000171034942471,-0.000196045587871,-0.0000840580129018,-0.0000790301371376,-0.0000166283451453,-0.0000284782363194,-0.0000165093342908,-0.000126158404045,-0.000173706826332,-0.000047258506644,-0.0000915848784464,-0.0000355539128289,-0.0000175287375201,-0.0000463243193352,-0.000158630791355,-0.000173706826332,-0.000346405701145,-0.000334556517357,-0.0000212848596872,-0.00123137173801,-0.000334556517357,-0.0000194064599217
1817,-0.000334871569541,-0.000118414733037,-9.65390820173e-7,-0.000261986917896,-0.00163474304576,-0.000153437661984,-0.00018507468171,-0.000176907144525,-0.000228254515635,-0.000117255728282,-0.0000712864015986,-0.0000277497041372,-0.0000590962515163,-0.0000686540817174,-0.00017823134511,-0.000226795824807,-0.000329812518721,-0.000334871569541,-0.000571654275723,-0.00000912178928125,-0.0000296846362073,-0.000614843582861,-0.000142589738201,-0.000910869024981,-0.000513940903517,-0.000264456708041,-0.000369043274276,-0.000513940903517,-0.00072850518152,-0.000181963785128,-0.000333622924471,-0.000211516403375,-0.000136997472346,-0.0000621171612276,-0.000223589183717,-0.000207949077216,-0.00000260225562032,-0.0000243981763886,-0.0000296846362073,-0.000450852708345,-0.0000712864015986,-0.0000277497041372,-0.000164352621843,-0.000264456708041,-0.0000139981404552,-0.000111882477694,-0.00040712012333,-0.0000210615366072,-0.000334277051008,-0.0000968585815739,-0.00000724390306939,-0.0000164895902142,-0.0000299544517812,-0.000043751457679,-0.000138323892893,-0.0000137786088636,-0.0000135234133873,-0.000249431420415,-0.000023768889446,-0.00163474304576,-0.0000212672099007,-0.000642235180149,0.000397188357253,-0.000382292477415,-0.0000475263471502,-0.000879645334439,-0.000250726167369,-0.0000826796618636,-0.0000669016384585,0.000534809697347,-0.0000686509611452,-0.00000724390306939,-0.0000175093324914,-0.000255924311282,-0.00188484556827,0.000163710348554,-0.000369043274276,-0.0000543333286118,-0.000170876629615,-0.000195853170066,-0.0000839727174795,-0.0000789566699568,-0.0000166085939655,-0.0000284462080695,-0.0000164895902142,-0.000126039250502,-0.000173569683351,-0.0000472057310521,-0.0000915109784669,-0.0000355178625915,-0.0000175093324914,-0.0000462749196561,-0.00015849786384,-0.000173569683351,-0.000346132722728,-0.000334277051008,-0.0000212672099007,-0.00123044597554,-0.000334277051008,-0.0000193854627293
1818,-0.000334597906329,-0.00011830787049,-9.64000567372e-7,-0.000261772423945,-0.00163365196425,-0.000153292077849,-0.000184893938006,-0.000176761239784,-0.000228056549797,-0.000117140030854,-0.0000712118355848,-0.0000277179122588,-0.0000590371287412,-0.0000685819563531,-0.000178056789775,-0.000226592871632,-0.000329550539157,-0.000334597906329,-0.000571205424725,-0.00000911050279662,-0.0000296503713217,-0.000614378047628,-0.000142451732909,-0.000910219617259,-0.000513523118737,-0.000264213166039,-0.000368712190443,-0.000513523118737,-0.000727958772476,-0.000181803564068,-0.000333324274174,-0.000211319522261,-0.000136873789413,-0.0000620651955301,-0.000223391329436,-0.000207750195171,-0.00000259864973984,-0.0000243721976325,-0.0000296503713217,-0.000450469352445,-0.0000712118355848,-0.0000277179122588,-0.000164191892086,-0.000264213166039,-0.0000139808494657,-0.000111772819188,-0.000406768888149,-0.0000210400849374,-0.000333997817961,-0.0000967751573793,-0.00000723463137575,-0.0000164698701139,-0.0000299194177513,-0.0000437020338442,-0.000138198234207,-0.00001376189033,-0.0000135070514395,-0.000249201427752,-0.0000237450405187,-0.00163365196425,-0.0000212495749174,-0.000641727077398,0.000396891960972,-0.000381981446115,-0.0000474773557668,-0.000878961649997,-0.000250548287511,-0.0000825967463651,-0.0000668312735606,0.000534454126087,-0.0000685835150502,-0.00000723463137575,-0.0000174899486831,-0.000255705375367,-0.00188348246548,0.000163611981903,-0.000368712190443,-0.0000542812459869,-0.000170718463295,-0.000195660940951,-0.0000838875089548,-0.000078883271124,-0.0000165888662935,-0.0000284142160059,-0.0000164698701139,-0.000125920210019,-0.000173432647967,-0.0000471530146378,-0.0000914371381526,-0.0000354818487773,-0.0000174899486831,-0.000046225572726,-0.000158365047517,-0.000173432647967,-0.00034585995941,-0.000333997817961,-0.0000212495749174,-0.00122952090911,-0.000333997817961,-0.0000193644880433
1819,-0.000334324466624,-0.000118201104449,-9.62612738409e-7,-0.00026155810522,-0.00163256161021,-0.000153146632188,-0.00018471337159,-0.000176615455517,-0.000227858755792,-0.000117024447399,-0.0000711373484386,-0.0000276861567157,-0.0000589780652023,-0.0000685099070807,-0.000177882405834,-0.000226390100524,-0.000329288768197,-0.000334324466624,-0.00057075692574,-0.00000909923022263,-0.0000296161460862,-0.000613912864844,-0.000142313861358,-0.000909570673186,-0.000513105674116,-0.000263969848304,-0.000368381402979,-0.000513105674116,-0.000727412773046,-0.000181643484171,-0.000333025891831,-0.000211122825052,-0.000136750218858,-0.0000620132730842,-0.000223193650794,-0.00020755150403,-0.00000259504910272,-0.0000243462463354,-0.0000296161460862,-0.000450086323048,-0.0000711373484386,-0.0000276861567157,-0.000164031319494,-0.000263969848304,-0.0000139635795655,-0.000111663267649,-0.000406417956333,-0.000021018655568,-0.000333718817882,-0.0000966918047558,-0.0000072253715202,-0.0000164501731943,-0.0000298844250528,-0.0000436526659042,-0.000138072690786,-0.0000137451921556,-0.0000134907091098,-0.00024897164804,-0.0000237212153964,-0.00163256161021,-0.0000212319543547,-0.000641219376377,0.000396595785341,-0.000381670667705,-0.0000474284148444,-0.000878278496912,-0.000250370533526,-0.0000825139146663,-0.0000667609827003,0.000534098790797,-0.0000685161348475,-0.0000072253715202,-0.0000174705865685,-0.000255486626856,-0.00188212034841,0.000163513674476,-0.000368381402979,-0.000054229213267,-0.000170560443747,-0.000195468901026,-0.0000838023865839,-0.0000788099407725,-0.0000165691617871,-0.000028382259635,-0.0000164501731943,-0.000125801281231,-0.00017329572166,-0.0000471003567339,-0.0000913633573294,-0.0000354458718004,-0.0000174705865685,-0.0000461762787394,-0.000158232342129,-0.00017329572166,-0.000345587410947,-0.000333718817882,-0.0000212319543547,-0.0012285965382,-0.000333718817882,-0.0000193435366338
1820,-0.000334051250159,-0.000118094434694,-9.6122689941e-7,-0.000261343962413,-0.00163147198374,-0.000153001323996,-0.00018453298124,-0.000176469791409,-0.000227661133319,-0.000116908977905,-0.0000710629389609,-0.0000276544375035,-0.000058919060332,-0.0000684379331721,-0.000177708192125,-0.000226187510673,-0.000329027204696,-0.000334051250159,-0.000570308779644,-0.00000908797157795,-0.0000295819604768,-0.000613448034144,-0.000142176123465,-0.000908922191087,-0.000512688568386,-0.000263726754535,-0.000368050912647,-0.000512688568386,-0.000726867183285,-0.000181483544853,-0.000332727776121,-0.00021092631048,-0.000136626759355,-0.0000619613943811,-0.000222996146714,-0.000207353002479,-0.00000259145300374,-0.0000243203228081,-0.0000295819604768,-0.00044970361891,-0.0000710629389609,-0.0000276544375035,-0.000163870904318,-0.000263726754535,-0.0000139463315509,-0.000111553823684,-0.000406067326828,-0.0000209972476632,-0.000333440050738,-0.0000966085242249,-0.00000721612371235,-0.0000164305000308,-0.0000298494729156,-0.0000436033535225,-0.000137947260509,-0.0000137285139812,-0.000013474386499,-0.000248742079607,-0.0000236974144006,-0.00163147198374,-0.0000212143483465,-0.000640712077635,0.000396299831072,-0.000381360142057,-0.0000473795238962,-0.000877595874844,-0.000250192905779,-0.0000824311660086,-0.0000666907661397,0.000533743691875,-0.0000684488205822,-0.00000721612371235,-0.000017451245804,-0.000255268065178,-0.00188075921657,0.000163415426188,-0.000368050912647,-0.0000541772304254,-0.000170402570517,-0.000195277049037,-0.0000837173509787,-0.0000787366785051,-0.0000165494811064,-0.000028350339456,-0.0000164305000308,-0.000125682465433,-0.000173158902618,-0.0000470477577439,-0.000091289635983,-0.0000354099310176,-0.000017451245804,-0.0000461270370069,-0.000158099747916,-0.000173158902618,-0.000345315077382,-0.000333440050738,-0.0000212143483465,-0.00122767286223,-0.000333440050738,-0.0000193226075131
1821,-0.000333778257328,-0.000117987860878,-9.59842860748e-7,-0.000261129994184,-0.00163038308496,-0.000152856153798,-0.00018435276685,-0.000176324247334,-0.000227463682252,-0.000116793622351,-0.0000709886070442,-0.000027622754307,-0.0000588601146685,-0.0000683660351148,-0.000177534149321,-0.000225985102301,-0.00032876584929,-0.000333778257328,-0.000569860984851,-0.00000907672673911,-0.0000295478138561,-0.000612983555657,-0.000142038518351,-0.000908274171523,-0.000512271801544,-0.000263483884716,-0.000367720718647,-0.000512271801544,-0.000726322002476,-0.000181323746471,-0.000332429927377,-0.000210729978871,-0.000136503411319,-0.0000619095591663,-0.000222798817262,-0.000207154690673,-0.00000258786224894,-0.0000242944270443,-0.0000295478138561,-0.000449321240379,-0.0000709886070442,-0.000027622754307,-0.000163710645833,-0.000263483884716,-0.0000139291043952,-0.000111444487191,-0.000405716999881,-0.0000209758620517,-0.000333161516486,-0.0000965253151719,-0.00000720688770128,-0.0000164108502547,-0.0000298145622235,-0.000043554097215,-0.00013782194451,-0.000013711855984,-0.0000134580839153,-0.000248512723026,-0.0000236736369645,-0.00163038308496,-0.0000211967571682,-0.000640205180232,0.000396004097492,-0.000381049869058,-0.0000473306836968,-0.000876913783647,-0.000250015403797,-0.0000823484999559,-0.0000666206232784,0.000533388829134,-0.0000683815728575,-0.00000720688770128,-0.0000174319266755,-0.000255049690826,-0.00187939906896,0.000163317236737,-0.000367720718647,-0.0000541252972379,-0.000170244842876,-0.000195085385623,-0.0000836324012292,-0.0000786634840768,-0.0000165298235042,-0.0000283184549605,-0.0000164108502547,-0.000125563762033,-0.000173022191973,-0.0000469952175752,-0.0000912159740789,-0.0000353740270516,-0.0000174319266755,-0.0000460778479239,-0.000157967264441,-0.000173022191973,-0.000345042958503,-0.000333161516486,-0.0000211967571682,-0.00122674988067,-0.000333161516486,-0.000019301701184
1822,-0.000333505487153,-0.000117881383916,-9.58460967926e-7,-0.000260916201639,-0.00162929491303,-0.000152711121396,-0.000184172728695,-0.000176178823635,-0.000227266402243,-0.000116678380651,-0.0000709143527713,-0.0000275911080649,-0.0000588012282208,-0.0000682942124124,-0.000177360277332,-0.000225782874845,-0.000328504701658,-0.000333505487153,-0.000569413541593,-0.0000090654961733,-0.0000295137071129,-0.000612519428865,-0.000141901046587,-0.000907626614019,-0.000511855373746,-0.00026324123852,-0.000367390820541,-0.000511855373746,-0.000725777230826,-0.000181164088951,-0.000332132345645,-0.000210533829851,-0.000136380174835,-0.0000618577670699,-0.000222601662649,-0.000206956568176,-0.00000258427637156,-0.0000242685583576,-0.0000295137071129,-0.000448939186677,-0.0000709143527713,-0.0000275911080649,-0.00016355054434,-0.00026324123852,-0.0000139118985589,-0.000111335257399,-0.000405366975721,-0.0000209544982441,-0.000332883215178,-0.0000964421780649,-0.00000719766314905,-0.0000163912240172,-0.0000297796917241,-0.0000435048961824,-0.000137696742346,-0.0000136952186729,-0.0000134418009394,-0.000248283578315,-0.0000236498839152,-0.00162929491303,-0.0000211791804263,-0.000639698683682,0.000395708584988,-0.000380739848449,-0.0000472818942496,-0.000876232222583,-0.000249838027628,-0.000082265916868,-0.0000665505540187,0.000533034202147,-0.000068314391481,-0.00000719766314905,-0.0000174126289441,-0.000254831503073,-0.00187803990502,0.000163219106528,-0.000367390820541,-0.0000540734142671,-0.000170087261524,-0.000194893910244,-0.0000835475378507,-0.0000785903580161,-0.0000165101893592,-0.0000282866063168,-0.0000163912240172,-0.000125445170509,-0.00017288558932,-0.0000469427359855,-0.0000911423719128,-0.0000353381590594,-0.0000174126289441,-0.0000460287114654,-0.000157834892427,-0.00017288558932,-0.000344771053662,-0.000332883215178,-0.0000211791804263,-0.00122582759339,-0.000332883215178,-0.0000192808174804
1823,-0.000333232940552,-0.000117775002303,-9.5708131731e-7,-0.000260702584082,-0.00162820746718,-0.000152566226315,-0.000183992866383,-0.000176033519581,-0.000227069293535,-0.000116563252744,-0.00007084017665,-0.0000275594977666,-0.0000587424005225,-0.0000682224652255,-0.000177186575087,-0.000225580828664,-0.000328243761158,-0.000333232940552,-0.000568966450144,-0.00000905427918774,-0.0000294796394864,-0.000612055653636,-0.000141763708223,-0.000906979517977,-0.000511439284513,-0.000262998815768,-0.000367061218933,-0.000511439284513,-0.000725232867645,-0.000181004571894,-0.000331835029984,-0.000210337863569,-0.000136257049624,-0.0000618060183002,-0.000222404682533,-0.000206758635536,-0.00000258069551773,-0.0000242427176271,-0.0000294796394864,-0.000448557458213,-0.00007084017665,-0.0000275594977666,-0.000163390598948,-0.000262998815768,-0.0000138947139576,-0.000111226135199,-0.000405017253157,-0.0000209331560264,-0.000332605145796,-0.0000963591122458,-0.00000718845064362,-0.0000163716211139,-0.0000297448623829,-0.0000434557508644,-0.000137571653855,-0.0000136786013769,-0.0000134255377358,-0.000248054644398,-0.0000236261541264,-0.00162820746718,-0.0000211616181032,-0.000639192587836,0.00039541329209,-0.000380430080231,-0.0000472331546373,-0.000875551191318,-0.00024966077761,-0.0000821834169296,-0.0000664805585151,0.000532679811111,-0.0000682472754181,-0.00000718845064362,-0.0000173933524428,-0.000254613502055,-0.00187668172418,0.000163121035284,-0.000367061218933,-0.000054021580727,-0.000169929826198,-0.000194702622806,-0.0000834627605024,-0.0000785172995696,-0.0000164905785081,-0.0000282547933743,-0.0000163716211139,-0.000125326691136,-0.000172749094455,-0.0000468903129045,-0.0000910688288576,-0.0000353023280093,-0.0000173933524428,-0.0000459796272301,-0.000157702631172,-0.000172749094455,-0.000344499363323,-0.000332605145796,-0.0000211616181032,-0.0012249059989,-0.000332605145796,-0.0000192599563276
1824,-0.000332960616277,-0.000117668717192,-9.5570312908e-7,-0.000260489141349,-0.00162712074732,-0.00015242146917,-0.000183813179364,-0.000175888335473,-0.000226872355929,-0.000116448238422,-0.0000707660778865,-0.0000275279236988,-0.0000586836318899,-0.0000681507931866,-0.00017701304315,-0.000225378963204,-0.000327983027979,-0.000332960616277,-0.000568519709491,-0.00000904307631533,-0.000029445611395,-0.000611592229313,-0.000141626502514,-0.000906332883703,-0.000511023533484,-0.000262756616525,-0.000366731912923,-0.000511023533484,-0.000724688912976,-0.000180845195198,-0.000331537980271,-0.000210142079696,-0.000136134035543,-0.0000617543129513,-0.000222207876678,-0.000206560892536,-0.00000257711940677,-0.0000242169042801,-0.000029445611395,-0.000448176054053,-0.0000707660778865,-0.0000275279236988,-0.000163230810357,-0.000262756616525,-0.0000138775505643,-0.000111117119451,-0.00040466783233,-0.0000209118352501,-0.000332327309162,-0.0000962761184757,-0.00000717925001448,-0.0000163520420333,-0.0000297100738917,-0.0000434066610717,-0.000137446679295,-0.0000136620042546,-0.0000134092937856,-0.00024782592152,-0.0000236024484206,-0.00162712074732,-0.0000211440706117,-0.00063868689212,0.000395118220578,-0.00038012056397,-0.0000471844657426,-0.000874870689274,-0.000249483653346,-0.0000821009994834,-0.0000664106365971,0.000532325655803,-0.0000681802258171,-0.00000717925001448,-0.0000173740971086,-0.000254395687907,-0.00187532452556,0.000163023022354,-0.000366731912923,-0.0000539697969062,-0.000169772536308,-0.000194511523162,-0.0000833780691263,-0.0000784443093433,-0.0000164709909138,-0.0000282230163338,-0.0000163520420333,-0.000125208323118,-0.000172612707311,-0.0000468379484406,-0.0000909953451194,-0.0000352665328673,-0.0000173740971086,-0.0000459305954008,-0.00015757048096,-0.000172612707311,-0.000344227887441,-0.000332327309162,-0.0000211440706117,-0.00122398509774,-0.000332327309162,-0.000019239117572
1825,-0.000332688514829,-0.000117562527685,-9.54327310065e-7,-0.000260275873408,-0.00162603475297,-0.000152276849331,-0.000183633668351,-0.000175743270919,-0.000226675588657,-0.000116333337563,-0.0000706920566351,-0.0000274963856199,-0.000058624921814,-0.0000680791969625,-0.000176839680952,-0.000225177278285,-0.000327722501843,-0.000332688514829,-0.000568073319478,-0.00000903188720969,-0.0000294116224842,-0.000611129155771,-0.000141489429699,-0.000905686710178,-0.000510608120353,-0.000262514640107,-0.000366402902776,-0.000510608120353,-0.000724145366258,-0.000180685958996,-0.000331241196706,-0.000209946477596,-0.0001360111325,-0.0000617026506409,-0.000222011244974,-0.000206363338268,-0.00000257354822031,-0.0000241911182721,-0.0000294116224842,-0.000447794974378,-0.0000706920566351,-0.0000274963856199,-0.000163071177966,-0.000262514640107,-0.0000138604087647,-0.00011100821095,-0.000404318713089,-0.0000208905365131,-0.000332049704661,-0.0000961931956134,-0.00000717006106887,-0.0000163324860125,-0.0000296753256785,-0.0000433576267911,-0.000137321817753,-0.0000136454269675,-0.0000133930696875,-0.000247597409745,-0.0000235787664566,-0.00162603475297,-0.0000211265373817,-0.000638181597021,0.000394823368612,-0.000379811299391,-0.0000471358264074,-0.000874190715924,-0.00024930665479,-0.0000820186648589,-0.0000663407883401,0.000531971735846,-0.0000681132417109,-0.00000717006106887,-0.0000173548632114,-0.000254178059402,-0.00187396830836,0.000162925068985,-0.000366402902776,-0.0000539180625689,-0.000169615391735,-0.000194320611124,-0.0000832934640598,-0.0000783713866435,-0.000016451426557,-0.0000281912750668,-0.0000163324860125,-0.000125090067639,-0.000172476427886,-0.0000467856426036,-0.0000909219207141,-0.0000352307739044,-0.0000173548632114,-0.0000458816158595,-0.000157438442159,-0.000172476427886,-0.000343956625165,-0.000332049704661,-0.0000211265373817,-0.00122306488902,-0.000332049704661,-0.0000192183018584
1826,-0.000332416635561,-0.000117456434378,-9.52953262523e-7,-0.000260062779961,-0.00162494948308,-0.000152132366755,-0.000183454332054,-0.000175598325871,-0.000226478992323,-0.000116218550177,-0.0000706181127406,-0.000027464883809,-0.0000585662708881,-0.00006800767546,-0.000176666488608,-0.000224975773545,-0.000327462182652,-0.000332416635561,-0.000567627280277,-0.00000902071194187,-0.0000293776725808,-0.000610666433227,-0.000141352489561,-0.000905040997489,-0.000510193045301,-0.000262272886422,-0.000366074186842,-0.000510193045301,-0.000723602227279,-0.000180526862875,-0.000330944678826,-0.000209751058373,-0.000135888340485,-0.0000616510316065,-0.00022181478715,-0.000206165973368,-0.0000025699822559,-0.0000241653597852,-0.0000293776725808,-0.000447414218416,-0.0000706181127406,-0.000027464883809,-0.000162911701309,-0.000262272886422,-0.0000138432877534,-0.000110899408856,-0.000403969894889,-0.0000208692590302,-0.00033177233198,-0.0000961103444936,-0.00000716088393693,-0.0000163129537567,-0.0000296406186369,-0.0000433086478591,-0.000137197069749,-0.0000136288698855,-0.0000133768653225,-0.000247369108695,-0.0000235551083518,-0.00162494948308,-0.0000211090191042,-0.000637676701363,0.000394528737156,-0.0003795022866,-0.0000470872376388,-0.000873511271364,-0.000249129781556,-0.0000819364123812,-0.0000662710133588,0.000531618051047,-0.000068046323598,-0.00000716088393693,-0.0000173356507505,-0.000253960617181,-0.00187261307254,0.000162827174353,-0.000366074186842,-0.0000538663779661,-0.000169458393019,-0.000194129886484,-0.000083208944416,-0.0000782985320651,-0.0000164318856597,-0.0000281595696148,-0.0000163129537567,-0.000124971923406,-0.000172340255932,-0.0000467333952283,-0.0000908485560078,-0.0000351950516251,-0.0000173356507505,-0.0000458326881949,-0.000157306512815,-0.000172340255932,-0.000343685576734,-0.00033177233198,-0.0000211090191042,-0.0012221453719,-0.00033177233198,-0.0000191975082195
1827,-0.000332144978301,-0.000117350436285,-9.51581307973e-7,-0.000259849861205,-0.00162386493759,-0.000151988021376,-0.000183275171513,-0.000175453500852,-0.000226282566489,-0.000116103876113,-0.0000705442464941,-0.0000274334181327,-0.0000585076780126,-0.0000679362295477,-0.000176493466047,-0.00022477444912,-0.000327202070335,-0.000332144978301,-0.000567181591064,-0.0000090095503964,-0.0000293437621512,-0.000610204060473,-0.00014121568185,-0.000904395744993,-0.000509778307214,-0.000262031355412,-0.000365745766177,-0.000509778307214,-0.000723059495707,-0.000180367907281,-0.000330648426442,-0.000209555820685,-0.000135765659056,-0.000061599455893,-0.00022161850337,-0.00020596879671,-0.0000025664211214,-0.0000241396288834,-0.0000293437621512,-0.000447033786572,-0.0000705442464941,-0.0000274334181327,-0.000162752381074,-0.000262031355412,-0.0000138261881184,-0.000110790713774,-0.000403621377374,-0.0000208480036594,-0.0003314951909,-0.0000960275648509,-0.00000715171827315,-0.0000162934446077,-0.0000296059515899,-0.0000432597241717,-0.000137072435309,-0.0000136123329968,-0.0000133606806263,-0.000247141018365,-0.0000235314737429,-0.00162386493759,-0.00002109151505,-0.000637172205338,0.000394234325293,-0.000379193525255,-0.0000470386988383,-0.000872832354652,-0.000248953034006,-0.0000818542428034,-0.0000662013120083,0.000531264601624,-0.000067979471166,-0.00000715171827315,-0.0000173164593189,-0.000253743361251,-0.00187125881613,0.00016272933816,-0.000365745766177,-0.0000538147426683,-0.000169301539791,-0.00019393934886,-0.0000831245108541,-0.0000782257453062,-0.0000164123678066,-0.0000281278995771,-0.0000162934446077,-0.000124853890616,-0.000172204191752,-0.0000466812057462,-0.0000907752500687,-0.0000351593653747,-0.0000173164593189,-0.0000457838134169,-0.000157174694599,-0.000172204191752,-0.000343414741593,-0.0003314951909,-0.00002109151505,-0.00122122654581,-0.0003314951909,-0.0000191767371502
1828,-0.000331873543394,-0.000117244534177,-9.50211635153e-7,-0.000259637116801,-0.00162278111602,-0.000151843812551,-0.000183096185628,-0.000175308795351,-0.000226086311159,-0.000115989314862,-0.000070470457195,-0.0000274019887287,-0.0000584491438147,-0.0000678648585017,-0.000176320613165,-0.000224573305518,-0.000326942165167,-0.000331873543394,-0.000566736251734,-0.00000899840270741,-0.0000293098905759,-0.000609742038473,-0.000141079006619,-0.000903750952691,-0.000509363906606,-0.00026179004702,-0.000365417640513,-0.000509363906606,-0.000722517170888,-0.000180209091112,-0.000330352439479,-0.000209360764946,-0.000135643088633,-0.0000615479231922,-0.00022142239333,-0.000205771808788,-0.00000256286520406,-0.0000241139254245,-0.0000293098905759,-0.000446653678308,-0.000070470457195,-0.0000274019887287,-0.000162593216571,-0.00026179004702,-0.000013809109439,-0.000110682124857,-0.000403273160973,-0.0000208267697976,-0.000331218281246,-0.0000959448559019,-0.00000714256474943,-0.0000162739588738,-0.00002957132532,-0.0000432108558694,-0.000136947914025,-0.0000135958163319,-0.0000133445154229,-0.000246913137863,-0.0000235078632205,-0.00162278111602,-0.0000210740255415,-0.000636668108338,0.00039394013331,-0.000378885015131,-0.0000469902099631,-0.000872153965477,-0.000248776411881,-0.0000817721554309,-0.0000661316839228,0.000530911387097,-0.0000679126845582,-0.00000714256474943,-0.0000172972892987,-0.000253526291131,-0.00186990553932,0.000162631561038,-0.000365417640513,-0.0000537631570103,-0.000169144831387,-0.000193748998568,-0.000083040163013,-0.0000781530258722,-0.0000163928730212,-0.0000280962653565,-0.0000162739588738,-0.000124735969521,-0.000172068234732,-0.0000466290750376,-0.0000907020032592,-0.0000351237150777,-0.0000172972892987,-0.0000457349900813,-0.000157042987208,-0.000172068234732,-0.000343144119792,-0.000331218281246,-0.0000210740255415,-0.00122030841091,-0.000331218281246,-0.000019155988789
1829,-0.000331602330122,-0.000117138728118,-9.48842931336e-7,-0.000259424546184,-0.00162169801811,-0.000151699740679,-0.000182917374543,-0.000175164208836,-0.000225890225642,-0.000115874866554,-0.0000703967450058,-0.0000273705949576,-0.0000583906685874,-0.0000677935623177,-0.00017614792919,-0.000224372341275,-0.000326682465454,-0.000331602330122,-0.000566291262701,-0.00000898726907561,-0.0000292760586458,-0.000609280365853,-0.000140942463819,-0.000903106620058,-0.000508949842522,-0.000261548960836,-0.000365089809223,-0.000508949842522,-0.000721975252841,-0.000180050415099,-0.000330056717166,-0.000209165890484,-0.000135520629142,-0.0000614964334291,-0.000221226456544,-0.000205575009367,-0.00000255931382398,-0.0000240882490434,-0.0000292760586458,-0.000446273892955,-0.0000703967450058,-0.0000273705949576,-0.000162434207575,-0.000261548960836,-0.0000137920517114,-0.000110573642637,-0.000402925244877,-0.0000208055577264,-0.000330941602958,-0.0000958622187497,-0.0000071334226095,-0.0000162544964262,-0.0000295367397962,-0.0000431620429664,-0.000136823505885,-0.0000135793195879,-0.0000133283699224,-0.00024668546778,-0.0000234842761415,-0.00162169801811,-0.0000210565508505,-0.000636164410253,0.000393646160222,-0.00037857675569,-0.0000469417713784,-0.000871476104265,-0.000248599914761,-0.0000816901504912,-0.0000660621292035,0.000530558407395,-0.0000678459632701,-0.0000071334226095,-0.0000172781404668,-0.000253309406728,-0.00186855324132,0.000162533842865,-0.000365089809223,-0.0000537116210015,-0.000168988268555,-0.000193558834945,-0.0000829559003415,-0.0000780803740357,-0.0000163734018175,-0.0000280646667825,-0.0000162544964262,-0.000124618160037,-0.000171932385337,-0.0000465770023261,-0.0000906288156655,-0.0000350881012512,-0.0000172781404668,-0.000045686219269,-0.000156911389626,-0.000171932385337,-0.000342873712064,-0.000330941602958,-0.0000210565508505,-0.00121939096626,-0.000330941602958,-0.0000191352624634
1830,-0.000331331338476,-0.000117033016612,-9.47477041269e-7,-0.000259212149796,-0.00162061564298,-0.000151555805711,-0.000182738738128,-0.000175019741731,-0.000225694310787,-0.000115760531627,-0.0000703231103598,-0.0000273392372288,-0.0000583322516849,-0.00006772234115,-0.000175975414689,-0.000224171557178,-0.000326422972746,-0.000331331338476,-0.00056584662232,-0.00000897614890416,-0.0000292422652879,-0.000608819042989,-0.000140806052964,-0.000902462746761,-0.000508536115103,-0.000261308096527,-0.000364762271841,-0.000508536115103,-0.000721433741549,-0.000179891878733,-0.000329761259522,-0.000208971197564,-0.000135398279512,-0.0000614449873622,-0.000221030693475,-0.000205378398046,-0.00000255576750918,-0.0000240626004624,-0.0000292422652879,-0.00044589443064,-0.0000703231103598,-0.0000273392372288,-0.00016227535405,-0.000261308096527,-0.0000137750153271,-0.00011046526651,-0.000402577629101,-0.000020784367079,-0.000330665156062,-0.0000957796525682,-0.00000712429229832,-0.0000162350572497,-0.0000295021944305,-0.0000431132846126,-0.000136699210458,-0.0000135628427893,-0.0000133122437838,-0.000246458007703,-0.0000234607129848,-0.00162061564298,-0.0000210390902877,-0.000635661110414,0.000393352406666,-0.000378268747494,-0.0000468933823354,-0.000870798769165,-0.000248423543368,-0.000081608227819,-0.000065992647329,0.000530205662321,-0.0000677793079316,-0.00000712429229832,-0.0000172590126279,-0.000253092707775,-0.0018672019212,0.000162436183166,-0.000364762271841,-0.0000536601342276,-0.000168831850239,-0.000193368857738,-0.0000828717234866,-0.0000780077896883,-0.0000163539531624,-0.0000280331038134,-0.0000162350572497,-0.000124500461416,-0.000171796643026,-0.0000465249878561,-0.0000905556870867,-0.0000350525234021,-0.0000172590126279,-0.0000456374999471,-0.00015677990283,-0.000171796643026,-0.000342603516657,-0.000330665156062,-0.0000210390902877,-0.00121847421108,-0.000330665156062,-0.000019114558893
1831,-0.000331060568062,-0.000116927400578,-9.46113085654e-7,-0.000258999927333,-0.00161953399002,-0.000151412007326,-0.000182560276026,-0.000174875393746,-0.000225498565712,-0.000115646309231,-0.0000702495521976,-0.0000273079153077,-0.0000582738933463,-0.0000676511947955,-0.000175803068828,-0.00022397095222,-0.000326163685773,-0.000331060568062,-0.000565402331338,-0.00000896504275971,-0.0000292085107567,-0.000608358069269,-0.000140669774197,-0.000901819332542,-0.000508122724497,-0.000261067453975,-0.000364435028361,-0.000508122724497,-0.000720892636186,-0.000179733481874,-0.00032946606649,-0.000208776685685,-0.000135276040814,-0.0000613935840121,-0.000220835103423,-0.000205181974862,-0.00000255222606915,-0.000024036978834,-0.0000292085107567,-0.000445515291101,-0.0000702495521976,-0.0000273079153077,-0.000162116655881,-0.000261067453975,-0.0000137579999899,-0.000110356996553,-0.000402230312972,-0.0000207631979805,-0.000330388939918,-0.0000956971578487,-0.00000711517368579,-0.0000162156411987,-0.0000294676895418,-0.00004306458173,-0.000136575028248,-0.0000135463859658,-0.0000132961371468,-0.000246230757294,-0.0000234371730992,-0.00161953399002,-0.0000210216441792,-0.000635158208849,0.000393058872839,-0.000377960989487,-0.0000468450434381,-0.000870121961044,-0.00024824729678,-0.0000815263872971,-0.0000659232384352,0.000529853151856,-0.0000677127179154,-0.00000711517368579,-0.0000172399060734,-0.000252876194137,-0.00186585157852,0.000162338581914,-0.000364435028361,-0.000053608696541,-0.000168675576818,-0.000193179067125,-0.0000827876321297,-0.0000779352731444,-0.0000163345280453,-0.0000280015759895,-0.0000162156411987,-0.000124382874365,-0.000171661007637,-0.0000464730315084,-0.0000904826175772,-0.000035016981764,-0.0000172399060734,-0.0000455888332676,-0.000156648525909,-0.000171661007637,-0.000342333534469,-0.000330388939918,-0.0000210216441792,-0.00121755814539,-0.000330388939918,-0.0000190938775475
1832,-0.00033079001934,-0.000116821880326,-9.44750571552e-7,-0.000258787878913,-0.00161845305927,-0.00015126834468,-0.000182381988445,-0.000174731164792,-0.000225302990088,-0.000115532199789,-0.00007017607125,-0.0000272766295568,-0.0000582155931284,-0.0000675801230372,-0.000175630892027,-0.000223770527382,-0.00032590460533,-0.00033079001934,-0.000564958389579,-0.00000895395010581,-0.000029174795769,-0.000607897444771,-0.000140533627255,-0.000901176377198,-0.000507709669473,-0.000260827033343,-0.000364108078173,-0.000507709669473,-0.000720351937193,-0.000179575224752,-0.000329171137653,-0.000208582354674,-0.000135153912346,-0.0000613422234452,-0.000220639686333,-0.000204985739499,-0.00000254868963578,-0.0000240113844123,-0.000029174795769,-0.000445136473586,-0.00007017607125,-0.0000272766295568,-0.000161958113267,-0.000260827033343,-0.0000137410053767,-0.000110248832921,-0.000401883296591,-0.0000207420504967,-0.000330112954502,-0.0000956147337501,-0.00000710606670218,-0.0000161962484393,-0.0000294332252189,-0.0000430159336995,-0.00013645095883,-0.0000135299492103,-0.0000132800501951,-0.000246003716195,-0.0000234136569581,-0.00161845305927,-0.0000210042126474,-0.000634655705197,0.00039276555792,-0.000377653482161,-0.0000467967544315,-0.00086944567889,-0.000248071175107,-0.0000814446285666,-0.0000658539030081,0.000529500875851,-0.0000676461935036,-0.00000710606670218,-0.0000172208209008,-0.000252659865761,-0.00186450221255,0.000162241039443,-0.000364108078173,-0.0000535573083615,-0.000168519448041,-0.000192989463053,-0.0000827036260405,-0.0000778628239466,-0.0000163151256958,-0.0000279700838632,-0.0000161962484393,-0.000124265397674,-0.000171525479768,-0.0000464211328621,-0.000090409606881,-0.0000349814759195,-0.0000172208209008,-0.0000455402180766,-0.000156517258941,-0.000171525479768,-0.000342063764911,-0.000330112954502,-0.0000210042126474,-0.00121664276818,-0.000330112954502,-0.0000190732189038
1833,-0.000330519691495,-0.000116716455251,-9.43390646047e-7,-0.000258576003485,-0.0016173728499,-0.000151124818989,-0.00018220387518,-0.000174587054885,-0.000225107584412,-0.000115418202382,-0.0000701026674808,-0.0000272453797301,-0.0000581573514893,-0.000067509126171,-0.0001754588837,-0.000223570281929,-0.000325645730185,-0.000330519691495,-0.000564514795995,-0.00000894287119824,-0.0000291411191631,-0.000607437168762,-0.000140397612058,-0.0009005338799,-0.000507296950136,-0.000260586834127,-0.00036378142169,-0.000507296950136,-0.000719811643307,-0.000179417106493,-0.000328876472739,-0.000208388205051,-0.000135031894039,-0.0000612909062254,-0.000220444442453,-0.000204789691768,-0.00000254515810605,-0.0000239858172471,-0.0000291411191631,-0.000444757978702,-0.0000701026674808,-0.0000272453797301,-0.000161799725387,-0.000260586834127,-0.0000137240317351,-0.000110140775379,-0.000401536579692,-0.0000207209245238,-0.000329837199723,-0.0000955323807288,-0.00000709697156953,-0.0000161768786446,-0.0000293988009128,-0.0000429673405984,-0.000136327001969,-0.0000135135323984,-0.0000132639823582,-0.0002457768845,-0.000023390164408,-0.0016173728499,-0.0000209867956906,-0.000634153599012,0.000392472461594,-0.000377346224897,-0.0000467485150724,-0.000868769922074,-0.000247895178907,-0.0000813629523284,-0.0000657846401912,0.000529148833746,-0.0000675797339205,-0.00000709697156953,-0.000017201756771,-0.000252443722744,-0.00186315382237,0.000162143556053,-0.00036378142169,-0.0000535059695626,-0.000168363463716,-0.000192800044689,-0.0000826197052719,-0.0000777904420977,-0.000016295746653,-0.0000279386269479,-0.0000161768786446,-0.000124148032773,-0.000171390058705,-0.0000463692923169,-0.0000903366552265,-0.0000349460063802,-0.000017201756771,-0.0000454916545669,-0.000156386102125,-0.000171390058705,-0.000341794208162,-0.000329837199723,-0.0000209867956906,-0.00121572807944,-0.000329837199723,-0.0000190525822417
1834,-0.000330249584858,-0.00011661112528,-9.42032344131e-7,-0.000258364301445,-0.00161629336169,-0.000150981429376,-0.000182025935185,-0.000174443063811,-0.00022491234794,-0.000115304317931,-0.0000700293400131,-0.0000272141654794,-0.0000580991679104,-0.0000674382037635,-0.000175287043568,-0.000223370215465,-0.000325387060791,-0.000330249584858,-0.00056407155097,-0.00000893180619244,-0.0000291074817214,-0.000606977241295,-0.000140261728742,-0.000899891840947,-0.000506884566556,-0.000260346855699,-0.000363455057873,-0.000506884566556,-0.000719271754719,-0.000179259127421,-0.000328582071908,-0.00020819423605,-0.000134909986122,-0.0000612396316013,-0.000220249371101,-0.000204593831787,-0.00000254163135649,-0.0000239602772192,-0.0000291074817214,-0.000444379805211,-0.0000700293400131,-0.0000272141654794,-0.000161641492742,-0.000260346855699,-0.0000137070795105,-0.000110032823632,-0.000401190161917,-0.0000206998202321,-0.000329561675058,-0.0000954500984438,-0.00000708788785975,-0.0000161575322686,-0.0000293644168847,-0.0000429188029027,-0.000136203158225,-0.0000134971353747,-0.0000132479340929,-0.000245550262044,-0.0000233666955394,-0.00161629336169,-0.0000209693931792,-0.00063365189025,0.000392179584218,-0.000377039217539,-0.0000467003253934,-0.000868094690754,-0.000247719307102,-0.0000812813576232,-0.0000657154501109,0.000528797026067,-0.0000675133399191,-0.00000708788785975,-0.0000171827134317,-0.00025222776404,-0.0018618064073,0.00016204613055,-0.000363455057873,-0.0000534546803777,-0.000168207624059,-0.000192610812465,-0.0000825358696002,-0.0000777181273088,-0.0000162763906757,-0.0000279072057738,-0.0000161575322686,-0.000124030778395,-0.000171254744633,-0.0000463175097876,-0.0000902637623392,-0.0000349105724133,-0.0000171827134317,-0.0000454431432004,-0.00015625505506,-0.000171254744633,-0.000341524864023,-0.000329561675058,-0.0000209693931792,-0.00121481407846,-0.000329561675058,-0.0000190319681819
1835,-0.000329979698542,-0.000116505890349,-9.40675888739e-7,-0.000258152773396,-0.00161521459398,-0.000150838175619,-0.000181848169376,-0.000174299191665,-0.000224717280826,-0.000115190545763,-0.000069956089277,-0.0000271829870577,-0.0000580410427009,-0.0000673673559408,-0.000175115372066,-0.000223170328135,-0.000325128597028,-0.000329979698542,-0.000563628653644,-0.00000892075442938,-0.000029073883363,-0.000606517662353,-0.000140125977003,-0.000899250259642,-0.000506472518167,-0.000260107098443,-0.000363128987375,-0.000506472518167,-0.000718732271316,-0.000179101287913,-0.000328287934496,-0.000208000447317,-0.000134788188145,-0.0000611883999606,-0.000220054472408,-0.000204398158798,-0.0000025381096016,-0.000023934764795,-0.000029073883363,-0.000444001953312,-0.000069956089277,-0.0000271829870577,-0.000161483414427,-0.000260107098443,-0.0000136901479793,-0.000109924977807,-0.00040084404286,-0.0000206787371244,-0.00032928638078,-0.0000953678874751,-0.00000707881578066,-0.0000161382091646,-0.0000293300733345,-0.0000428703195752,-0.000136079426594,-0.0000134807580259,-0.000013231905506,-0.000245323848575,-0.0000233432501506,-0.00161521459398,-0.0000209520049523,-0.00063315057831,0.000391886925685,-0.000376732459912,-0.0000466521856159,-0.000867419983924,-0.000247543560115,-0.0000811998448054,-0.0000656463331223,0.000528445451988,-0.000067447011078,-0.00000707881578066,-0.0000171636919033,-0.000252011990899,-0.00186045996681,0.000161948764322,-0.000363128987375,-0.0000534034397313,-0.000168051928304,-0.000192421766226,-0.0000824521188805,-0.0000776458797915,-0.000016257057208,-0.0000278758198049,-0.0000161382091646,-0.000123913634845,-0.000171119537216,-0.0000462657850298,-0.000090190928308,-0.0000348751746317,-0.0000171636919033,-0.000045394683311,-0.000156124117728,-0.000171119537216,-0.000341255731572,-0.00032928638078,-0.0000209520049523,-0.00121390076422,-0.00032928638078,-0.0000190113763052
1836,-0.00032971003314,-0.000116400750469,-9.39321870508e-7,-0.000257941418736,-0.00161413654613,-0.000150695058104,-0.000181670577247,-0.000174155437597,-0.00022452238254,-0.000115076885911,-0.0000698829155628,-0.0000271518442121,-0.0000579829752487,-0.0000672965824045,-0.00017494386841,-0.000222970619768,-0.00032487033852,-0.00032971003314,-0.000563186104333,-0.00000890971678658,-0.0000290403233012,-0.000606058431203,-0.000139990356202,-0.000898609135869,-0.000506060804685,-0.000259867561989,-0.000362803208953,-0.000506060804685,-0.000718193192094,-0.000178943587158,-0.000327994060662,-0.000207806838821,-0.000134666500463,-0.0000611372112331,-0.00021985974634,-0.000204202673022,-0.00000253459258648,-0.0000239092796441,-0.0000290403233012,-0.000443624422665,-0.0000698829155628,-0.0000271518442121,-0.000161325491082,-0.000259867561989,-0.0000136732375067,-0.00010981723699,-0.000400498222375,-0.0000206576759254,-0.000329011316622,-0.000095285746899,-0.00000706975531539,-0.0000161189088805,-0.0000292957695178,-0.0000428218911042,-0.000135955807083,-0.0000134644011829,-0.0000132158961095,-0.000245097644008,-0.0000233198283368,-0.00161413654613,-0.0000209346311646,-0.000632649663081,0.00039159448505,-0.000376425951821,-0.000046604094897,-0.000866745801925,-0.00024736793764,-0.0000811184139398,-0.0000655772886766,0.000528094111722,-0.0000673807477178,-0.00000706975531539,-0.0000171446908057,-0.000251796401928,-0.00185911450003,0.000161851456017,-0.000362803208953,-0.0000533522485204,-0.000167896376493,-0.000192232905022,-0.0000823684529583,-0.0000775736995271,-0.0000162377472415,-0.0000278444688568,-0.0000161189088805,-0.000123796601678,-0.000170984436933,-0.0000462141180764,-0.0000901181531239,-0.0000348398124377,-0.0000171446908057,-0.0000453462748675,-0.000155993290593,-0.000170984436933,-0.000340986811556,-0.000329011316622,-0.0000209346311646,-0.00121298813737,-0.000329011316622,-0.0000189908065078
1837,-0.000329440588079,-0.000116295704983,-9.37969398596e-7,-0.000257730236427,-0.00161305921786,-0.000150552076069,-0.000181493158461,-0.000174011802436,-0.000224327654125,-0.000114963338237,-0.000069809818136,-0.0000271207369931,-0.0000579249666108,-0.0000672258834804,-0.000174772532898,-0.000222771089867,-0.000324612284775,-0.000329440588079,-0.000562743902174,-0.0000088986927631,-0.0000290068021318,-0.000605599547863,-0.000139854866932,-0.000897968469239,-0.000505649425896,-0.000259628246149,-0.000362477723454,-0.000505649425896,-0.000717654517588,-0.000178786025097,-0.000327700449382,-0.000207613411269,-0.000134544922124,-0.000061086065374,-0.000219665192573,-0.000204007374703,-0.00000253108044213,-0.000023883821191,-0.0000290068021318,-0.000443247213349,-0.000069809818136,-0.0000271207369931,-0.000161167721887,-0.000259628246149,-0.0000136563474364,-0.000109709602746,-0.000400152700453,-0.0000206366358144,-0.000328736482063,-0.0000952036772199,-0.00000706070654255,-0.000016099631857,-0.0000292615060529,-0.0000427735171495,-0.000135832300469,-0.000013448063731,-0.0000131999061219,-0.000244871647974,-0.0000232964298821,-0.00161305921786,-0.0000209172717733,-0.000632149144166,0.000391302262881,-0.000376119693514,-0.0000465560544365,-0.000866072143528,-0.000247192440147,-0.0000810370648887,-0.0000655083168413,0.000527743005207,-0.0000673145489603,-0.00000706070654255,-0.000017125710877,-0.000251580997247,-0.00185777000611,0.000161754206459,-0.000362477723454,-0.0000533011062531,-0.000167740968751,-0.000192044229514,-0.0000822848723194,-0.0000775015864249,-0.0000162184600767,-0.0000278131534022,-0.000016099631857,-0.000123679678979,-0.000170849442738,-0.0000461625086636,-0.0000900454366732,-0.0000348044864165,-0.000017125710877,-0.0000452979183958,-0.000155862572635,-0.000170849442738,-0.000340718103375,-0.000328736482063,-0.0000209172717733,-0.00121207619601,-0.000328736482063,-0.0000189702592603
1838,-0.000329171362998,-0.000116190754412,-9.36618641312e-7,-0.000257519226868,-0.00161198260864,-0.000150409230132,-0.000181315912806,-0.000173868285913,-0.000224133094378,-0.000114849902478,-0.0000697367969114,-0.0000270896655765,-0.000057867015272,-0.0000671552585745,-0.000174601365219,-0.000222571738855,-0.000324354436319,-0.000329171362998,-0.000562302047624,-0.00000888768187224,-0.0000289733197287,-0.000605141011839,-0.000139719508677,-0.000897328259455,-0.000505238381689,-0.000259389150702,-0.000362152528941,-0.000505238381689,-0.000717116246891,-0.000178628602108,-0.000327407101183,-0.000207420163237,-0.000134423453773,-0.0000610349621284,-0.000219470810647,-0.000203812262646,-0.00000252757347008,-0.0000238583898717,-0.0000289733197287,-0.000442870324704,-0.0000697367969114,-0.0000270896655765,-0.000161010107052,-0.000259389150702,-0.0000136394786532,-0.000109602073348,-0.000399807476882,-0.0000206156172275,-0.0003284618768,-0.0000951216784983,-0.00000705166935555,-0.0000160803779998,-0.0000292272825204,-0.0000427251982806,-0.000135708905646,-0.0000134317461904,-0.0000131839356681,-0.000244645860049,-0.0000232730550875,-0.00161198260864,-0.0000208999267297,-0.000631649021051,0.000391010258805,-0.000375813684079,-0.0000465080632814,-0.000865399009015,-0.000247017067187,-0.0000809557967507,-0.0000654394175461,0.000527392132224,-0.0000672484157094,-0.00000705166935555,-0.0000171067518373,-0.00025136577715,-0.00185642648505,0.000161657015263,-0.000362152528941,-0.0000532500131238,-0.000167585705333,-0.000191855739206,-0.0000822013767188,-0.0000774295402186,-0.0000161991955712,-0.0000277818730683,-0.0000160803779998,-0.000123562867171,-0.000170714555623,-0.000046110957185,-0.000089972778988,-0.0000347691963176,-0.0000171067518373,-0.0000452496133736,-0.000155731964546,-0.000170714555623,-0.000340449606972,-0.0003284618768,-0.0000208999267297,-0.00121116494033,-0.0003284618768,-0.0000189497340797
1839,-0.000328902358072,-0.000116085898808,-9.35270577873e-7,-0.00025730838999,-0.00161090671799,-0.000150266519324,-0.000181138840244,-0.000173724887405,-0.000223938703118,-0.000114736578586,-0.0000696638521553,-0.0000270586297768,-0.0000578091221959,-0.000067084707883,-0.0001744303656,-0.000222372565884,-0.000324096792668,-0.000328902358072,-0.000561860539611,-0.00000887668540095,-0.0000289398757305,-0.000604682823228,-0.000139584281555,-0.000896688505648,-0.000504827671521,-0.000259150275553,-0.000361827626885,-0.000504827671521,-0.000716578380405,-0.00017847131793,-0.000327114015692,-0.000207227095133,-0.000134302095074,-0.0000609839017285,-0.000219276601084,-0.000203617337334,-0.00000252407102108,-0.0000238329858613,-0.0000289398757305,-0.000442493756537,-0.0000696638521553,-0.0000270586297768,-0.000160852646581,-0.000259150275553,-0.0000136226304708,-0.000109494649678,-0.000399462550607,-0.0000205946200493,-0.000328187501048,-0.0000950397501365,-0.00000704264371043,-0.0000160611468791,-0.0000291930994303,-0.0000426769336004,-0.000135585622959,-0.0000134154483917,-0.0000131679843736,-0.000244420280398,-0.0000232497036006,-0.00161090671799,-0.0000208825961696,-0.000631149293823,0.000390718472634,-0.000375507923652,-0.0000464601212595,-0.00086472639749,-0.000246841818167,-0.0000808746106289,-0.0000653705906242,0.000527041492406,-0.0000671823472245,-0.00000704264371043,-0.0000170878138404,-0.000251150740967,-0.001855083935,0.000161559882305,-0.000361827626885,-0.0000531989689834,-0.000167430585606,-0.000191667433844,-0.0000821179653125,-0.0000773575610866,-0.0000161799541831,-0.0000277506279369,-0.0000160611468791,-0.000123446165734,-0.000170579774381,-0.000046059463096,-0.000089900179578,-0.0000347339418241,-0.0000170878138404,-0.0000452013599608,-0.000155601465694,-0.000170579774381,-0.000340181322062,-0.000328187501048,-0.0000208825961696,-0.00121025437013,-0.000328187501048,-0.0000189292314481
1840,-0.000328633573405,-0.000115981137843,-9.33923692159e-7,-0.000257097726105,-0.00160983154533,-0.000150123944137,-0.000180961940636,-0.000173581607307,-0.000223744480518,-0.000114623366783,-0.0000695909840198,-0.000027027629498,-0.0000577512870521,-0.0000670142313135,-0.000174259532933,-0.000222173571436,-0.000323839353936,-0.000328633573405,-0.000561419378736,-0.00000886570201075,-0.0000289064709542,-0.000604224981314,-0.000139449185171,-0.000896049208464,-0.000504417294937,-0.000258911620324,-0.000361503016315,-0.000504417294937,-0.00071604091707,-0.000178314171526,-0.000326821192508,-0.000207034206809,-0.000134180846084,-0.0000609328839785,-0.000219082563293,-0.000203422598493,-0.00000252057355432,-0.0000238076084198,-0.0000289064709542,-0.000442117508301,-0.0000695909840198,-0.000027027629498,-0.000160695339868,-0.000258911620324,-0.0000136058033093,-0.000109387330939,-0.000399117921816,-0.0000205736441323,-0.000327913354701,-0.0000949578921814,-0.00000703362951793,-0.0000160419390811,-0.000029158956262,-0.0000426287235378,-0.000135462452513,-0.0000133991703581,-0.0000131520522704,-0.000244194909128,-0.0000232263755802,-0.00160983154533,-0.0000208652799829,-0.000630649961693,0.000390426903965,-0.000375202412194,-0.0000464122289889,-0.000864054309064,-0.00024666669403,-0.0000807935057923,-0.0000653018364325,0.00052669108536,-0.000067116343653,-0.00000703362951793,-0.0000170688974599,-0.000250935888458,-0.00185374235623,0.00016146280805,-0.000361503016315,-0.0000531479736705,-0.000167275608935,-0.000191479312956,-0.0000820346389423,-0.0000772856488531,-0.0000161607357101,-0.0000277194179885,-0.0000160419390811,-0.000123329574192,-0.000170445100364,-0.0000460080263576,-0.0000898276389769,-0.0000346987230451,-0.0000170688974599,-0.0000451531579291,-0.000155471076464,-0.000170445100364,-0.0003399132484,-0.000327913354701,-0.0000208652799829,-0.00120934448377,-0.000327913354701,-0.0000189087505769
1841,-0.000328365007159,-0.000115876471559,-9.32579140134e-7,-0.000256887234649,-0.00160875709041,-0.000149981503804,-0.00018078521381,-0.00017343844527,-0.000223550426593,-0.0001145102666,-0.0000695181918067,-0.000026996664773,-0.0000576935094543,-0.0000669438290419,-0.000174088867355,-0.000221974754824,-0.000323582119133,-0.000328365007159,-0.00056097856416,-0.00000885473245749,-0.0000288731040698,-0.000603767486145,-0.000139314219771,-0.000895410366697,-0.000504007252141,-0.000258673184721,-0.000361178696762,-0.000504007252141,-0.00071550385652,-0.000178157164071,-0.000326528631293,-0.000206841498065,-0.000134059706229,-0.000060881908956,-0.000218888697284,-0.000203228045779,-0.00000251708092591,-0.0000237822585598,-0.0000288731040698,-0.000441741580091,-0.0000695181918067,-0.000026996664773,-0.000160538186747,-0.000258673184721,-0.0000135889967545,-0.000109280118025,-0.000398773590602,-0.0000205526899872,-0.000327639437474,-0.0000948761052895,-0.00000702462714353,-0.0000160227539263,-0.0000291248530253,-0.0000425805679152,-0.000135339393832,-0.0000133829123201,-0.0000131361391964,-0.000243969745067,-0.0000232030709508,-0.00160875709041,-0.000020847978071,-0.000630151024987,0.00039013555279,-0.000374897149203,-0.0000463643862956,-0.000863382742498,-0.000246491694018,-0.0000807124822728,-0.0000652331543165,0.000526340911488,-0.0000670504047764,-0.00000702462714353,-0.0000170500012091,-0.000250721220177,-0.00185240174789,0.000161365792034,-0.000361178696762,-0.0000530970271155,-0.000167120776012,-0.000191291377202,-0.0000819513965973,-0.0000772138032614,-0.0000161415401156,-0.0000276882432324,-0.0000160227539263,-0.000123213092771,-0.000170310532086,-0.0000459566472317,-0.000089755156865,-0.0000346635399433,-0.0000170500012091,-0.0000451050075663,-0.000155340796025,-0.000170310532086,-0.000339645386649,-0.000327639437474,-0.000020847978071,-0.00120843528206,-0.000327639437474,-0.000018888291728
1842,-0.00032809666182,-0.000115771899274,-9.31236557644e-7,-0.000256676915611,-0.00160768335284,-0.000149839199255,-0.000180608659895,-0.00017329540178,-0.000223356540488,-0.000114397277736,-0.0000694454760675,-0.0000269657356062,-0.0000576357901876,-0.0000668735004652,-0.000173918369405,-0.00022177611637,-0.000323325089095,-0.00032809666182,-0.000560538095566,-0.00000884377660437,-0.0000288397759971,-0.000603310337254,-0.00013917938462,-0.000894771980252,-0.000503597542795,-0.000258434968931,-0.000360854668211,-0.000503597542795,-0.000714967199223,-0.000178000294727,-0.000326236332023,-0.000206648968806,-0.000133938675795,-0.0000608309766874,-0.000218695002597,-0.000203033679385,-0.00000251359330772,-0.0000237569354429,-0.0000288397759971,-0.000441365971675,-0.0000694454760675,-0.0000269657356062,-0.000160381187357,-0.000258434968931,-0.0000135722113486,-0.000109173009842,-0.000398429556786,-0.0000205317571025,-0.000327365748729,-0.0000947943884482,-0.00000701563617156,-0.0000160035918571,-0.0000290907892699,-0.0000425324668107,-0.000135216446804,-0.0000133666737718,-0.0000131202458964,-0.000243744789245,-0.0000231797898111,-0.00160768335284,-0.0000208306905618,-0.000629652482655,0.000389844419506,-0.000374592134158,-0.0000463165922504,-0.000862711698697,-0.000246316817785,-0.00008063153994,-0.0000651645442913,0.000525990970333,-0.0000669845309473,-0.00000701563617156,-0.0000170311261014,-0.000250506735711,-0.00185106210905,0.000161268833748,-0.000360854668211,-0.0000530461295383,-0.00016696608649,-0.000191103625551,-0.0000818682390089,-0.0000771420248435,-0.0000161223668274,-0.0000276571033169,-0.0000160035918571,-0.00012309672132,-0.000170176070324,-0.0000459053254316,-0.000089682733174,-0.0000346283925472,-0.0000170311261014,-0.0000450569080472,-0.000155210624966,-0.000170176070324,-0.000339377735676,-0.000327365748729,-0.0000208306905618,-0.0012075267638,-0.000327365748729,-0.0000188678556468
1843,-0.000327828535197,-0.000115667421912,-9.29895612511e-7,-0.000256466768562,-0.00160661033175,-0.000149697029268,-0.000180432277843,-0.000173152475823,-0.000223162822375,-0.000114284400892,-0.0000693728355383,-0.000026934841725,-0.0000575781282866,-0.0000668032458133,-0.000173748038358,-0.000221577655241,-0.000323068263113,-0.000327828535197,-0.000560097972667,-0.00000883283383057,-0.0000288064862262,-0.000602853535065,-0.000139044680469,-0.000894134049077,-0.000503188166387,-0.000258196972497,-0.000360530930093,-0.000503188166387,-0.00071443094407,-0.000177843563308,-0.000325944294376,-0.00020645661836,-0.000133817755056,-0.0000607800867858,-0.000218501479351,-0.000202839498673,-0.00000251011008734,-0.000023731639307,-0.0000288064862262,-0.000440990682455,-0.0000693728355383,-0.000026934841725,-0.000160224341593,-0.000258196972497,-0.0000135554464604,-0.000109066006083,-0.000398085819268,-0.0000205108451148,-0.000327092288827,-0.0000947127421194,-0.00000700665633557,-0.0000159844528289,-0.0000290567656487,-0.0000424844199429,-0.000135093611866,-0.0000133504553008,-0.0000131043715617,-0.000243520040746,-0.0000231565318964,-0.00160661033175,-0.0000208134173114,-0.000629154335011,0.000389553502994,-0.00037428736755,-0.0000462688478065,-0.000862041175831,-0.000246142065925,-0.0000805506790593,-0.000065096006578,0.000525641261723,-0.0000669187218212,-0.00000700665633557,-0.0000170122718526,-0.00025029243421,-0.00184972343894,0.000161171934305,-0.000360530930093,-0.0000529952805435,-0.000166811540205,-0.000190916058393,-0.0000817851660626,-0.0000770703125417,-0.0000161032163928,-0.0000276259984293,-0.0000159844528289,-0.000122980459971,-0.000170041714632,-0.0000458540609261,-0.0000896103679757,-0.0000345932809562,-0.0000170122718526,-0.0000450088603623,-0.00015508056334,-0.000170041714632,-0.00033911029538,-0.000327092288827,-0.0000208134173114,-0.00120661892878,-0.000327092288827,-0.0000188474411775
1844,-0.000327560627783,-0.000115563038453,-9.28557095214e-7,-0.000256256793786,-0.00160553802671,-0.000149554994081,-0.000180256068326,-0.000173009668087,-0.000222969273013,-0.000114171634865,-0.0000693002722238,-0.0000269039832403,-0.0000575205243454,-0.0000667330649238,-0.000173577874284,-0.000221379371859,-0.000322811641123,-0.000327560627783,-0.000559658195931,-0.00000882190491147,-0.0000287732347712,-0.000602397078068,-0.000138910106499,-0.000893496572824,-0.000502779123014,-0.000257959195138,-0.000360207483129,-0.000502779123014,-0.000713895091347,-0.000177686970156,-0.000325652518012,-0.000206264447307,-0.000133696942953,-0.0000607292396304,-0.000218308127593,-0.000202645503886,-0.0000025066320859,-0.0000237063698245,-0.0000287732347712,-0.000440615712504,-0.0000693002722238,-0.0000269039832403,-0.000160067649199,-0.000257959195138,-0.0000135387019808,-0.000108959108175,-0.000397742378425,-0.0000204899546841,-0.000326819057326,-0.0000946311655898,-0.00000699768811518,-0.0000159653363925,-0.0000290227817992,-0.000042436427127,-0.000134970888137,-0.0000133342562103,-0.0000130885167549,-0.000243295498922,-0.0000231332974217,-0.00160553802671,-0.0000207961584699,-0.000628656581336,0.000389262804048,-0.000373982848851,-0.0000462211527692,-0.000861371174268,-0.000245967437991,-0.0000804698988315,-0.0000650275408498,0.00052529178614,-0.0000668529770462,-0.00000699768811518,-0.0000169934385399,-0.000250078316062,-0.00184838573699,0.000161075092734,-0.000360207483129,-0.0000529444804536,-0.000166657136455,-0.000190728675196,-0.0000817021771673,-0.0000769986675202,-0.0000160840890651,-0.000027594928746,-0.0000159653363925,-0.000122864308449,-0.000169907464995,-0.0000458028536112,-0.0000895380611059,-0.0000345582048054,-0.0000169934385399,-0.0000449608636357,-0.000154950610448,-0.000169907464995,-0.000338843066054,-0.000326819057326,-0.0000207961584699,-0.00120571177585,-0.000326819057326,-0.0000188270488177
1845,-0.000327292939223,-0.000115458749331,-9.27220129121e-7,-0.000256046990913,-0.00160446643788,-0.000149413094385,-0.000180080030782,-0.000172866977763,-0.000222775891459,-0.000114058980235,-0.0000692277840191,-0.0000268731600865,-0.0000574629778907,-0.0000666629579786,-0.000173407876364,-0.000221181266207,-0.000322555223107,-0.000327292939223,-0.000559218764177,-0.00000881098962768,-0.0000287400220991,-0.000601940966613,-0.000138775662708,-0.000892859551287,-0.000502370411811,-0.000257721636402,-0.000359884325766,-0.000502370411811,-0.000713359640818,-0.000177530514776,-0.000325361003638,-0.000206072455087,-0.000133576240041,-0.0000606784350348,-0.000218114946604,-0.000202451694379,-0.00000250315877626,-0.000023681127665,-0.0000287400220991,-0.000440241061304,-0.0000692277840191,-0.0000268731600865,-0.000159911110752,-0.000257721636402,-0.0000135219784752,-0.000108852314848,-0.000397399234191,-0.0000204690858032,-0.000326546053749,-0.0000945496598606,-0.00000698873173999,-0.0000159462432547,-0.0000289888376539,-0.0000423884890193,-0.000134848276272,-0.0000133180769186,-0.0000130726806811,-0.000243071164468,-0.0000231100862083,-0.00160446643788,-0.0000207789138997,-0.000628159221484,0.000388972321918,-0.000373678578282,-0.0000461735067665,-0.000860701693365,-0.000245792933772,-0.0000803891998249,-0.0000649591473243,0.000524942542747,-0.0000667872970364,-0.00000698873173999,-0.0000169746262797,-0.00024986438128,-0.00184704900228,0.00016097830989,-0.000359884325766,-0.0000528937291122,-0.000166502876538,-0.000190541476016,-0.0000816192722874,-0.0000769270888457,-0.0000160649843877,-0.0000275638940828,-0.0000159462432547,-0.00012274826667,-0.000169773321572,-0.0000457517034818,-0.0000894658130415,-0.0000345231641496,-0.0000169746262797,-0.0000449129182147,-0.000154820766433,-0.000169773321572,-0.000338576047302,-0.000326546053749,-0.0000207789138997,-0.0012048053052,-0.000326546053749,-0.0000188066790745
1846,-0.000327025469042,-0.000115354554364,-9.25884822145e-7,-0.000255837359754,-0.00160339556374,-0.000149271328827,-0.000179904165462,-0.000172724405139,-0.000222582677216,-0.000113946436983,-0.0000691553713379,-0.0000268423723595,-0.000057405489061,-0.0000665929244041,-0.000173238044979,-0.000220983337949,-0.000322299008638,-0.000327025469042,-0.000558779677137,-0.00000880008764526,-0.0000287068477292,-0.00060148520105,-0.000138641349158,-0.000892222983724,-0.000501962032997,-0.000257484297043,-0.000359561458571,-0.000501962032997,-0.000712824591406,-0.000177374197135,-0.000325069749334,-0.000205880641476,-0.000133455646246,-0.0000606276730326,-0.000217921936891,-0.000202258070328,-0.00000249969015842,-0.0000236559119813,-0.0000287068477292,-0.000439866728765,-0.0000691553713379,-0.0000268423723595,-0.000159754724404,-0.000257484297043,-0.0000135052755521,-0.000108745625703,-0.000397056385606,-0.0000204482376915,-0.000326273278478,-0.0000944682243453,-0.00000697978653674,-0.0000159271729361,-0.00002895493322,-0.0000423406047849,-0.000134725775188,-0.0000133019166566,-0.0000130568640118,-0.00024284703669,-0.0000230868982394,-0.00160339556374,-0.0000207616835057,-0.000627662255087,0.00038868205629,-0.000373374554655,-0.000046125909833,-0.000860032733089,-0.000245618553435,-0.000080308581885,-0.0000648908256933,0.000524593531528,-0.0000667216818271,-0.00000697978653674,-0.0000169558346546,-0.000249650629421,-0.00184571323476,0.000160881584781,-0.000359561458571,-0.0000528430265194,-0.000166348758482,-0.000190354460736,-0.0000815364519431,-0.0000768555766806,-0.0000160459022966,-0.0000275328941743,-0.0000159271729361,-0.000122632334621,-0.000169639283674,-0.0000457006106096,-0.0000893936226767,-0.0000344881591712,-0.0000169558346546,-0.0000448650238978,-0.000154691030992,-0.000169639283674,-0.000338309238842,-0.000326273278478,-0.0000207616835057,-0.00120389951599,-0.000326273278478,-0.0000187863306804
1847,-0.000326758217548,-0.000115250453272,-9.24552138848e-7,-0.000255627900119,-0.00160232540467,-0.000149129697663,-0.000179728471703,-0.000172581950462,-0.000222389630401,-0.00011383400449,-0.0000690830353482,-0.000026811619751,-0.0000573480579584,-0.0000665229646852,-0.000173068380014,-0.000220785586287,-0.000322042997748,-0.000326758217548,-0.000558340934861,-0.00000878919905389,-0.0000286737113333,-0.000601029780472,-0.000138507165565,-0.000891586869898,-0.000501553985917,-0.000257247175977,-0.000359238880923,-0.000501553985917,-0.000712289943809,-0.000177218017035,-0.000324778756448,-0.000205689006497,-0.000133335161252,-0.0000605769533983,-0.000217729097822,-0.000202064631649,-0.00000249622654813,-0.0000236307235859,-0.0000286737113333,-0.000439492714536,-0.0000690830353482,-0.000026811619751,-0.000159598491713,-0.000257247175977,-0.0000134885933005,-0.000108639041517,-0.000396713833077,-0.0000204274110587,-0.000326000731084,-0.0000943868588941,-0.00000697085295087,-0.0000159081251088,-0.0000289210684903,-0.0000422927748627,-0.000134603386003,-0.0000132857767263,-0.0000130410663055,-0.000242623115922,-0.0000230637338285,-0.00160232540467,-0.0000207444676326,-0.000627165681722,0.000388392007385,-0.000373070778936,-0.0000460783620415,-0.000859364292643,-0.000245444297092,-0.0000802280447445,-0.0000648225759505,0.000524244752396,-0.0000666561307821,-0.00000697085295087,-0.0000169370639638,-0.000249437060661,-0.0018443784333,0.000160784917556,-0.000359238880923,-0.0000527923723705,-0.00016619478364,-0.000190167628634,-0.000081453715417,-0.0000767841310765,-0.0000160268430749,-0.0000275019289693,-0.0000159081251088,-0.000122516511623,-0.000169505352122,-0.0000456495747905,-0.0000893214906448,-0.000034453189615,-0.0000169370639638,-0.0000448171803313,-0.000154561404618,-0.000169505352122,-0.000338042640645,-0.000326000731084,-0.0000207444676326,-0.00120299440763,-0.000326000731084,-0.0000187660048816
1848,-0.000326491184976,-0.000115146446348,-9.23220632831e-7,-0.000255418611972,-0.00160125595956,-0.000148988200936,-0.00017955294932,-0.000172439612623,-0.000222196750999,-0.000113721683062,-0.0000690107749781,-0.0000267809025072,-0.00005729068394,-0.0000664530782375,-0.000172898881211,-0.000220588011884,-0.000321787190203,-0.000326491184976,-0.000557902537158,-0.00000877832407564,-0.0000286406134071,-0.000600574704317,-0.000138373111671,-0.000890951210075,-0.000501146271003,-0.00025701027341,-0.000358916592582,-0.000501146271003,-0.000711755696993,-0.000177061974608,-0.000324488023812,-0.000205497549725,-0.000133214785365,-0.0000605262762039,-0.000217536429494,-0.000201871378019,-0.00000249276747688,-0.0000236055617489,-0.0000286406134071,-0.000439119018279,-0.0000690107749781,-0.0000267809025072,-0.000159442411467,-0.00025701027341,-0.0000134719314735,-0.000108532561517,-0.000396371576011,-0.0000204066055902,-0.000325728411232,-0.0000943055636409,-0.00000696193054717,-0.0000158891001076,-0.0000288872431744,-0.0000422449988235,-0.000134481107403,-0.000013269656078,-0.0000130252877151,-0.000242399401435,-0.000023040592537,-0.00160125595956,-0.0000207272657589,-0.000626669501618,0.000388102174978,-0.000372767249857,-0.0000460308634116,-0.000858696371679,-0.000245270164167,-0.0000801475882142,-0.0000647543978198,0.000523896204883,-0.0000665906442148,-0.00000696193054717,-0.0000169183140235,-0.000249223674312,-0.00184304459676,0.000160688308863,-0.000358916592582,-0.0000527417667304,-0.00016604095104,-0.000189980980101,-0.000081371063033,-0.0000767127518397,-0.0000160078061437,-0.0000274709988082,-0.0000158891001076,-0.00012240079738,-0.000169371526058,-0.0000455985959347,-0.0000892494170115,-0.0000344182555789,-0.0000169183140235,-0.000044769388138,-0.000154431886697,-0.000169371526058,-0.000337776252704,-0.000325728411232,-0.0000207272657589,-0.00120208997997,-0.000325728411232,-0.0000187457004923
1849,-0.000326224369676,-0.00011504253293,-9.2189143075e-7,-0.000255209495453,-0.00160018722869,-0.000148846838704,-0.000179377598614,-0.00017229739299,-0.000222004038988,-0.000113609472844,-0.0000689385898589,-0.0000267502202087,-0.0000572333673698,-0.0000663832655077,-0.00017272954879,-0.000220390614451,-0.000321531585923,-0.000326224369676,-0.000557464484147,-0.00000876746275846,-0.0000286075536056,-0.00060011997344,-0.000138239187617,-0.000890316002874,-0.000500738887212,-0.000256773588943,-0.000358594593568,-0.000500738887212,-0.000711221850982,-0.000176906069257,-0.000324197551408,-0.000205306271197,-0.000133094517602,-0.0000604756412979,-0.000217343931749,-0.000201678308774,-0.00000248931335589,-0.0000235804268369,-0.0000286075536056,-0.000438745639515,-0.0000689385898589,-0.0000267502202087,-0.000159286484143,-0.000256773588943,-0.0000134552904605,-0.000108426186261,-0.000396029614275,-0.0000203858208225,-0.000325456319099,-0.0000942243380653,-0.00000695301958231,-0.0000158700978385,-0.0000288534579136,-0.0000421972766098,-0.000134358940313,-0.0000132535549175,-0.0000130095283706,-0.000242175893323,-0.0000230174742635,-0.00160018722869,-0.0000207100786183,-0.000626173713727,0.000387812558616,-0.000372463968469,-0.0000459834135578,-0.000858028970138,-0.000245096154573,-0.0000800672124006,-0.0000646862915534,0.000523547889189,-0.0000665252220196,-0.00000695301958231,-0.0000168995846677,-0.000249010470826,-0.0018417117252,0.000160591757982,-0.000358594593568,-0.0000526912097767,-0.000165887260705,-0.000189794514977,-0.0000812884943331,-0.0000766414391613,-0.0000159887920361,-0.000027440103417,-0.0000158700978385,-0.000122285193117,-0.000169237805421,-0.0000455476739818,-0.0000891774012883,-0.0000343833569429,-0.0000168995846677,-0.0000447216464927,-0.000154302477315,-0.000169237805421,-0.000337510074487,-0.000325456319099,-0.0000207100786183,-0.00120118623243,-0.000325456319099,-0.0000187254183643
1850,-0.000325957773356,-0.000114938713638,-9.20564187545e-7,-0.000255000550116,-0.00159911921088,-0.000148705610409,-0.000179202419135,-0.000172155289966,-0.000221811494725,-0.000113497372978,-0.0000688664796158,-0.0000267195734507,-0.0000571761084629,-0.0000663135259371,-0.00017256038207,-0.000220193393314,-0.000321276184497,-0.000325957773356,-0.000557026774754,-0.00000875661450461,-0.0000285745323558,-0.00059966558611,-0.000138105393014,-0.000889681248875,-0.000500331834664,-0.00025653712213,-0.000358272883395,-0.000500331834664,-0.000710688404985,-0.000176750301665,-0.000323907338981,-0.000205115170933,-0.000132974358929,-0.0000604250486864,-0.000217151604002,-0.000201485424355,-0.00000248586402796,-0.0000235553187427,-0.0000285745323558,-0.000438372578474,-0.0000688664796158,-0.0000267195734507,-0.00015913070907,-0.00025653712213,-0.0000134386699133,-0.000108319914818,-0.000395687947534,-0.0000203650581909,-0.000325184454015,-0.000094143182638,-0.00000694412028501,-0.0000158511184143,-0.0000288197114466,-0.0000421496084364,-0.000134236884156,-0.0000132374737212,-0.0000129937881859,-0.000241952591122,-0.0000229943792682,-0.00159911921088,-0.0000206929053226,-0.000625678318445,0.000387523158562,-0.000372160933258,-0.0000459360124818,-0.000857362086863,-0.000244922268924,-0.0000799869175392,-0.0000646182569755,0.000523199805344,-0.0000664598638092,-0.00000694412028501,-0.0000168808759424,-0.000248797449479,-0.0018403798171,0.000160495265048,-0.000358272883395,-0.000052640700956,-0.000165733713266,-0.000189608232319,-0.0000812060093196,-0.0000765701921903,-0.0000159698004598,-0.0000274092425556,-0.0000158511184143,-0.000122169698386,-0.000169104190191,-0.0000454968090287,-0.0000891054438954,-0.0000343484936067,-0.0000168808759424,-0.0000446739563502,-0.000154173176282,-0.000169104190191,-0.000337244106177,-0.000325184454015,-0.0000206929053226,-0.00120028316404,-0.000325184454015,-0.0000187051580127
1851,-0.000325691394417,-0.000114834987819,-9.19238845487e-7,-0.000254791775411,-0.00159805190605,-0.000148564516041,-0.000179027410525,-0.000172013304477,-0.000221619117115,-0.000113385383521,-0.0000687944451645,-0.0000266889616158,-0.0000571189063647,-0.0000662438595018,-0.000172391380973,-0.000219996348931,-0.000321020985978,-0.000325691394417,-0.000556589408917,-0.00000874577991716,-0.000028541548875,-0.000599211543329,-0.000137971727931,-0.00088904694721,-0.00049992511305,-0.000256300873362,-0.000357951461687,-0.00049992511305,-0.000710155359321,-0.000176594671259,-0.000323617386357,-0.000204924248205,-0.000132854308388,-0.0000603744988377,-0.000216959446638,-0.000201292724742,-0.00000248241974266,-0.0000235302372351,-0.000028541548875,-0.000437999834736,-0.0000687944451645,-0.0000266889616158,-0.000158975086481,-0.000256300873362,-0.0000134220700234,-0.000108213746814,-0.000395346575794,-0.0000203443158879,-0.000324912816223,-0.0000940620972578,-0.00000693523251627,-0.0000158321614858,-0.0000287860049353,-0.0000421019941053,-0.000134114938776,-0.0000132214114976,-0.0000129780670992,-0.000241729495306,-0.0000229713073399,-0.00159805190605,-0.0000206757463737,-0.000625183314677,0.000387233974635,-0.000371858144508,-0.0000458886602006,-0.000856695722182,-0.000244748506375,-0.0000799067028927,-0.0000645502938843,0.000522851952492,-0.0000663945700943,-0.00000693523251627,-0.0000168621883301,-0.000248584610516,-0.00183904887263,0.000160398830523,-0.000357951461687,-0.0000525902405686,-0.000165580307466,-0.00018942213314,-0.0000811236084921,-0.0000764990120743,-0.0000159508314921,-0.0000273784167981,-0.0000158321614858,-0.000122054312756,-0.000168970681155,-0.000045446000617,-0.0000890335444312,-0.0000343136657284,-0.0000168621883301,-0.0000446263166678,-0.000154043983851,-0.000168970681155,-0.000336978347216,-0.000324912816223,-0.0000206757463737,-0.0011993807747,-0.000324912816223,-0.0000186849198336
1852,-0.000325425233595,-0.000114731355728,-9.17915551124e-7,-0.000254583171991,-0.00159698531346,-0.00014842355552,-0.000178852573126,-0.000171871436205,-0.000221426906256,-0.000113273504851,-0.0000687224863247,-0.0000266583846971,-0.000057061761745,-0.0000661742664585,-0.000172222545391,-0.000219799480931,-0.00032076599033,-0.000325425233595,-0.000556152386703,-0.00000873495851206,-0.0000285086033531,-0.000598757844127,-0.000137838192451,-0.000888413097688,-0.000499518722089,-0.000256064842282,-0.000357630328744,-0.000499518722089,-0.000709622713622,-0.000176439177347,-0.000323327693323,-0.000204733503613,-0.000132734366296,-0.0000603239910695,-0.000216767459248,-0.000201100209272,-0.0000024789799471,-0.0000235051824626,-0.0000285086033531,-0.000437627407967,-0.0000687224863247,-0.0000266583846971,-0.000158819616227,-0.000256064842282,-0.0000134054902294,-0.000108107683536,-0.000395005498074,-0.0000203235954821,-0.000324641405092,-0.0000939810811849,-0.00000692635578092,-0.0000158132273853,-0.0000287523380749,-0.000042054433453,-0.000133993104354,-0.0000132053691591,-0.0000129623645866,-0.000241506604594,-0.0000229482585832,-0.00159698531346,-0.000020658601624,-0.000624688703112,0.000386945006341,-0.000371555602546,-0.0000458413570135,-0.000856029875393,-0.000244574867155,-0.0000798265687108,-0.0000644824017648,0.000522504331194,-0.0000663293404357,-0.00000692635578092,-0.000016843521272,-0.000248371953457,-0.00183771889067,0.000160302453619,-0.000357630328744,-0.0000525398290598,-0.000165427043708,-0.00018923621625,-0.0000810412908789,-0.0000764278976773,-0.0000159318852369,-0.0000273476251609,-0.0000158132273853,-0.000121939035553,-0.000168837277604,-0.0000453952490744,-0.0000889617032653,-0.0000342788730707,-0.000016843521272,-0.0000445787277625,-0.000153914899546,-0.000168837277604,-0.000336712798169,-0.000324641405092,-0.000020658601624,-0.00119847906416,-0.000324641405092,-0.0000186647036928
1853,-0.000325159289929,-0.000114627817048,-9.16593753342e-7,-0.000254374739402,-0.00159591943288,-0.000148282729273,-0.000178677906201,-0.000171729684776,-0.000221234862295,-0.000113161736319,-0.0000686506027749,-0.0000266278431162,-0.0000570046744581,-0.0000661047462467,-0.000172053875192,-0.00021960278893,-0.000320511197073,-0.000325159289929,-0.000555715707684,-0.00000872415097142,-0.0000284756960376,-0.000598304488708,-0.000137704786098,-0.00088777970041,-0.000499112661613,-0.000255829028315,-0.000357309483213,-0.000499112661613,-0.000709090467448,-0.000176283820677,-0.000323038259623,-0.000204542936213,-0.000132614532237,-0.0000602735253037,-0.000216575641745,-0.000200907877752,-0.00000247554485711,-0.0000234801541996,-0.0000284756960376,-0.000437255297628,-0.0000686506027749,-0.0000266278431162,-0.000158664297431,-0.000255829028315,-0.0000133889315235,-0.000108001724079,-0.00039466471491,-0.0000203028956776,-0.000324370220849,-0.0000939001357017,-0.00000691749046222,-0.0000157943162522,-0.0000287187098387,-0.0000420069265177,-0.000133871380561,-0.0000131893459261,-0.0000129466814047,-0.000241283919515,-0.0000229252331803,-0.00159591943288,-0.0000206414710258,-0.000624194482142,0.000386656253598,-0.000371253306606,-0.0000457941027232,-0.000855364546135,-0.000244401351069,-0.0000797465146984,-0.0000644145818161,0.000522156940879,-0.000066264175163,-0.00000691749046222,-0.0000168248747885,-0.000248159478255,-0.00183638987062,0.000160206134635,-0.000357309483213,-0.0000524894653662,-0.000165273921932,-0.00018905048196,-0.0000809590571631,-0.0000763568497542,-0.0000159129611448,-0.0000273168685259,-0.0000157943162522,-0.000121823867603,-0.000168703978757,-0.0000453445542625,-0.0000888899197484,-0.0000342441158407,-0.0000168248747885,-0.0000445311896042,-0.00015378592329,-0.000168703978757,-0.000336447457963,-0.000324370220849,-0.0000206414710258,-0.00119757803076,-0.000324370220849,-0.0000186445091259
1854,-0.000324893563827,-0.00011452437198,-9.15274116053e-7,-0.000254166477392,-0.00159485426331,-0.000148142036108,-0.000178503410241,-0.000171588050438,-0.000221042984808,-0.000113050078252,-0.0000685787945454,-0.0000265973362836,-0.0000569476440386,-0.0000660352994926,-0.000171885370181,-0.000219406272695,-0.0003202566064,-0.000324893563827,-0.000555279371306,-0.00000871335623831,-0.000028442826626,-0.000597851476241,-0.000137571508539,-0.000887146754571,-0.000498706930773,-0.000255593431755,-0.000356988926091,-0.000498706930773,-0.000708558620359,-0.00017612860093,-0.000322749085073,-0.000204352546314,-0.000132494806713,-0.0000602231020865,-0.000216383994188,-0.00020071573022,-0.00000247211465165,-0.000023455153026,-0.000028442826626,-0.000436883503508,-0.0000685787945454,-0.0000265973362836,-0.000158509131076,-0.000255593431755,-0.0000133723928069,-0.000107895869263,-0.00039432422582,-0.0000202822169832,-0.000324099263452,-0.0000938192591757,-0.00000690863643271,-0.0000157754274213,-0.0000286851215581,-0.0000419594732657,-0.000133749767083,-0.0000131733422526,-0.0000129310168444,-0.000241061440179,-0.0000229022307492,-0.00159485426331,-0.0000206243550203,-0.000623700652587,0.000386367716605,-0.000370951256428,-0.0000457468968404,-0.000854699733829,-0.000244227958006,-0.0000796665412848,-0.0000643468329251,0.000521809781653,-0.0000661990735402,-0.00000690863643271,-0.0000168062487855,-0.000247947185083,-0.00183506181191,0.000160109873761,-0.000356988926091,-0.0000524391501884,-0.000165120941673,-0.000188864929766,-0.0000808769064102,-0.0000762858676744,-0.0000158940597426,-0.0000272861462873,-0.0000157754274213,-0.000121708808607,-0.000168570785123,-0.0000452939159112,-0.0000888181940297,-0.0000342093939425,-0.0000168062487855,-0.0000444837022471,-0.000153657055285,-0.000168570785123,-0.000336182326878,-0.000324099263452,-0.0000206243550203,-0.00119667767529,-0.000324099263452,-0.0000186243365592
1855,-0.000324628054815,-0.000114421020133,-9.13956192949e-7,-0.000253958385608,-0.00159378980502,-0.0001480014764,-0.000178329084383,-0.000171446532617,-0.000220851273682,-0.000112938530492,-0.0000685070612541,-0.0000265668644683,-0.0000568906705762,-0.0000659659256419,-0.000171717029916,-0.000219209932685,-0.000320002217864,-0.000324628054815,-0.000554843377961,-0.00000870257512009,-0.0000284099951182,-0.000597398806551,-0.000137438360516,-0.000886514259984,-0.000498301530016,-0.00025535805193,-0.000356668656415,-0.000498301530016,-0.000708027172201,-0.000175973517688,-0.000322460169224,-0.000204162333588,-0.000132375189225,-0.0000601727206129,-0.000216192516031,-0.000200523766483,-0.00000246868902964,-0.0000234301779543,-0.0000284099951182,-0.000436512026086,-0.0000685070612541,-0.0000265668644683,-0.000158354116292,-0.00025535805193,-0.0000133558744979,-0.000107790117569,-0.000393984030195,-0.0000202615595999,-0.000323828531863,-0.0000937384527333,-0.00000689979394997,-0.000015756560968,-0.000028651572201,-0.0000419120739652,-0.000133628264435,-0.0000131573583162,-0.0000129153718644,-0.000240839165696,-0.0000228792514205,-0.00159378980502,-0.0000206072528792,-0.000623207213836,0.00038607939484,-0.000370649452011,-0.0000456997397151,-0.000854035438642,-0.000244054688094,-0.000079586647991,-0.0000642791551915,0.000521462853172,-0.0000661340360706,-0.00000689979394997,-0.0000167876435828,-0.000247735073535,-0.00183373471359,0.000160013670407,-0.000356668656415,-0.0000523888832547,-0.000164968103206,-0.000188679560106,-0.0000807948392048,-0.0000762149516564,-0.0000158751808383,-0.0000272554587268,-0.000015756560968,-0.000121593857985,-0.000168437696537,-0.0000452433342311,-0.0000887465265631,-0.0000341747069017,-0.0000167876435828,-0.0000444362654726,-0.000153528295106,-0.000168437696537,-0.00033591740471,-0.000323828531863,-0.0000206072528792,-0.00119577799668,-0.000323828531863,-0.000018604185807
1856,-0.000324362762828,-0.000114317761535,-9.12640266471e-7,-0.000253750464573,-0.00159272605726,-0.000147861050216,-0.000178154928955,-0.000171305131412,-0.000220659729024,-0.00011282709262,-0.0000684354026301,-0.0000265364276828,-0.0000568337541358,-0.0000658966246014,-0.000171548854974,-0.000219013768278,-0.000319748031335,-0.000324362762828,-0.000554407726598,-0.00000869180741603,-0.0000283772013674,-0.000596946479731,-0.000137305340879,-0.00088588221619,-0.000497896458766,-0.000255122888792,-0.000356348674034,-0.000497896458766,-0.000707496122492,-0.000175818571138,-0.000322171512136,-0.000203972298072,-0.000132255679597,-0.0000601223815457,-0.000216001207292,-0.000200331986386,-0.00000246526829661,-0.0000234052296895,-0.0000283772013674,-0.000436140863923,-0.0000684354026301,-0.0000265364276828,-0.000158199252997,-0.000255122888792,-0.0000133393769697,-0.000107684469455,-0.000393644128285,-0.0000202409228569,-0.00032355802667,-0.0000936577157828,-0.00000689096262185,-0.0000157377173506,-0.0000286180621227,-0.000041864728014,-0.000133506872155,-0.0000131413935454,-0.0000128997454873,-0.000240617096162,-0.0000228562953435,-0.00159272605726,-0.0000205901646639,-0.000622714164972,0.000385791288004,-0.000370347893338,-0.0000456526308792,-0.000853371659542,-0.000243881540906,-0.0000795068348154,-0.0000642115486702,0.000521116155396,-0.0000660690625907,-0.00000689096262185,-0.0000167690591573,-0.000247523143297,-0.00183240857507,0.000159917524747,-0.000356348674034,-0.0000523386647315,-0.000164815406026,-0.000188494372009,-0.000080712855409,-0.0000761441016639,-0.0000158563241355,-0.00002722480555,-0.0000157377173506,-0.000121479015744,-0.000168304713204,-0.0000451928092122,-0.00008867491686,-0.0000341400553294,-0.0000167690591573,-0.0000443888793393,-0.000153399643033,-0.000168304713204,-0.000335652691453,-0.00032355802667,-0.0000205901646639,-0.00119487899437,-0.00032355802667,-0.0000185840569298
1857,-0.000324097687614,-0.000114214596016,-9.1132624469e-7,-0.000253542713494,-0.00159166301957,-0.000147720757235,-0.000177980943395,-0.000171163847344,-0.000220468350163,-0.000112715764628,-0.0000683638192038,-0.0000265060254412,-0.0000567768951472,-0.0000658273961403,-0.000171380844293,-0.000218817779421,-0.000319494046885,-0.000324097687614,-0.000553972417505,-0.00000868105295915,-0.0000283444459392,-0.000596494495817,-0.000137172450298,-0.000885250623207,-0.000497491716998,-0.000254887942456,-0.000356028978929,-0.000497491716998,-0.000706965471604,-0.000175663761098,-0.000321883113302,-0.000203782439522,-0.000132136278117,-0.0000600720847732,-0.000215810067806,-0.000200140389867,-0.00000246185252184,-0.0000233803080496,-0.0000283444459392,-0.000435770017605,-0.0000683638192038,-0.0000265060254412,-0.000158044541232,-0.000254887942456,-0.0000133228996768,-0.000107578925233,-0.000393304519694,-0.0000202203074888,-0.000323287747285,-0.0000935770483697,-0.00000688214253497,-0.000015718896174,-0.0000285845915222,-0.0000418174352701,-0.000133385589826,-0.000013125448163,-0.0000128841379694,-0.000240395231125,-0.0000228333620012,-0.00159166301957,-0.00002057309149,-0.000622221506615,0.000385503396164,-0.000370046579577,-0.0000456055712128,-0.000852708396392,-0.000243708516625,-0.0000794271019711,-0.0000641440133009,0.000520769688007,-0.0000660041529517,-0.00000688214253497,-0.0000167504950292,-0.000247311394522,-0.00183108339587,0.000159821437069,-0.000356028978929,-0.0000522884940222,-0.000164662850273,-0.000188309365629,-0.0000806309545962,-0.0000760733171656,-0.0000158374901122,-0.0000271941871133,-0.000015718896174,-0.000121364282354,-0.000168171834964,-0.0000451423401175,-0.0000886033647589,-0.0000341054385942,-0.0000167504950292,-0.0000443415440117,-0.000153271098615,-0.000168171834964,-0.000335388187085,-0.000323287747285,-0.00002057309149,-0.00119398066799,-0.000323287747285,-0.0000185639495927
1858,-0.000323832828839,-0.000114111523808,-9.10014509081e-7,-0.000253335132463,-0.00159060069128,-0.000147580597683,-0.000177807127867,-0.000171022679714,-0.000220277137425,-0.00011260454646,-0.0000682923105746,-0.0000264756585473,-0.0000567200925286,-0.0000657582406207,-0.000171212998226,-0.000218621965786,-0.000319240263918,-0.000323832828839,-0.000553537450053,-0.00000867031171925,-0.0000283117280886,-0.00059604285414,-0.000137039688586,-0.000884619480689,-0.000497087304505,-0.000254653212952,-0.000355709570401,-0.000497087304505,-0.000706435218193,-0.000175509087017,-0.00032159497276,-0.000203592757424,-0.000132016984126,-0.0000600218298881,-0.000215619097728,-0.000199948976197,-0.00000245844101743,-0.0000233554130897,-0.0000283117280886,-0.000435399486681,-0.0000682923105746,-0.0000264756585473,-0.000157889980763,-0.000254653212952,-0.0000133064425913,-0.000107473484071,-0.000392965203728,-0.0000201997128739,-0.000323017693971,-0.0000934964506767,-0.00000687333376614,-0.0000157000977232,-0.0000285511600016,-0.0000417701961286,-0.000133264417938,-0.0000131095218574,-0.0000128685494136,-0.000240173571292,-0.000022810451429,-0.00159060069128,-0.0000205560315232,-0.000621729237935,0.000385215719686,-0.000369745511095,-0.0000455585596217,-0.000852045648574,-0.000243535615446,-0.000079347448481,-0.0000640765489051,0.000520423450973,-0.0000659393068516,-0.00000687333376614,-0.0000167319514297,-0.00024709982674,-0.00182975917454,0.000159725407219,-0.000355709570401,-0.000052238371036,-0.000164510435859,-0.000188124541143,-0.0000805491368294,-0.0000760025985027,-0.000015818678035,-0.0000271636032152,-0.0000157000977232,-0.000121249657254,-0.000168039061948,-0.0000450919278219,-0.0000885318705981,-0.0000340708571276,-0.0000167319514297,-0.0000442942589016,-0.000153142661873,-0.000168039061948,-0.000335123890745,-0.000323017693971,-0.0000205560315232,-0.001193083017,-0.000323017693971,-0.0000185438640443
1859,-0.000323568186918,-0.000114008544524,-9.08704221203e-7,-0.000253127721477,-0.00158953907223,-0.00014744057091,-0.000177633482046,-0.00017088162797,-0.000220086090738,-0.000112493438438,-0.0000682208767611,-0.0000264453261565,-0.000056663346812,-0.0000656891576574,-0.000171045316738,-0.00021842632755,-0.000318986683067,-0.000323568186918,-0.00055310282435,-0.00000865958395924,-0.0000282790479331,-0.000595591554021,-0.000136907055158,-0.000883988788075,-0.000496683220083,-0.000254418698669,-0.000355390448649,-0.000496683220083,-0.00070590536244,-0.000175354549176,-0.000321307090045,-0.000203403251776,-0.000131897798091,-0.0000599716172385,-0.000215428296426,-0.000199757745751,-0.00000245503442198,-0.0000233305444457,-0.0000282790479331,-0.000435029271002,-0.0000682208767611,-0.0000264453261565,-0.000157735571471,-0.000254418698669,-0.0000132900058678,-0.000107368146838,-0.000392626181099,-0.0000201791396384,-0.000322747865959,-0.0000934159222306,-0.00000686453639887,-0.0000156813214023,-0.0000285177673183,-0.0000417230104208,-0.000133143356275,-0.0000130936153466,-0.0000128529797534,-0.000239952115702,-0.000022787564256,-0.00158953907223,-0.0000205389861536,-0.000621237358686,0.000384928256962,-0.000369444687789,-0.0000455115967997,-0.000851383415704,-0.000243362836557,-0.0000792678751784,-0.0000640091557145,0.000520077444115,-0.0000658745242439,-0.00000686453639887,-0.0000167134287006,-0.000246888440113,-0.00182843591124,0.000159629434854,-0.000355390448649,-0.0000521882966811,-0.000164358162648,-0.000187939898121,-0.0000804674023445,-0.0000759319460943,-0.0000157998886121,-0.0000271330533961,-0.0000156813214023,-0.000121135140558,-0.000167906393483,-0.0000450415717541,-0.0000884604339948,-0.0000340363107512,-0.0000167134287006,-0.0000442470240856,-0.000153014333011,-0.000167906393483,-0.000334859802802,-0.000322747865959,-0.0000205389861536,-0.00119218604086,-0.000322747865959,-0.0000185238002492
1860,-0.000323303760753,-0.000113905658393,-9.07395890426e-7,-0.000252920480452,-0.0015884781612,-0.00014730067705,-0.00017746000579,-0.000170740693406,-0.000219895209468,-0.000112382439464,-0.0000681495176895,-0.000026415028092,-0.0000566066582186,-0.0000656201471072,-0.000170877799603,-0.00021823086449,-0.000318733303086,-0.000323303760753,-0.000552668539655,-0.00000864886965246,-0.0000282464053112,-0.000595140596008,-0.000136774549886,-0.000883358544751,-0.000496279464697,-0.00025418440083,-0.000355071613037,-0.000496279464697,-0.000705375904562,-0.000175200147226,-0.000321019465139,-0.000203213922911,-0.000131778719538,-0.0000599214463954,-0.000215237664087,-0.000199566698267,-0.00000245163254231,-0.0000233057022472,-0.0000282464053112,-0.0004346593698,-0.0000681495176895,-0.000026415028092,-0.000157581313428,-0.00025418440083,-0.0000132735895919,-0.000107262912306,-0.000392287450715,-0.0000201585867874,-0.00032247826332,-0.0000933354629122,-0.00000685575005788,-0.0000156625676615,-0.0000284844139777,-0.0000416758778075,-0.000133022404438,-0.0000130777278815,-0.0000128374285544,-0.000239730864105,-0.00002276469999,-0.0015884781612,-0.0000205219547791,-0.000620745868586,0.000384641009276,-0.000369144109,-0.000045464682267,-0.000850721698272,-0.000243190180305,-0.0000791883814646,-0.0000639418332193,0.000519731667547,-0.000065809805716,-0.00000685575005788,-0.0000166949262255,-0.000246677234005,-0.00182711360457,0.00015953352038,-0.000355071613037,-0.0000521382699783,-0.000164206030239,-0.000187755435833,-0.00008038575056,-0.0000758613589085,-0.0000157811214203,-0.0000271025380965,-0.0000156625676615,-0.000121020731737,-0.000167773829686,-0.0000449912714773,-0.0000883890551311,-0.0000340017994489,-0.0000166949262255,-0.0000441998398104,-0.000152886111383,-0.000167773829686,-0.000334595922618,-0.00032247826332,-0.0000205219547791,-0.00119128973934,-0.00032247826332,-0.0000185037583034
1861,-0.000323039550914,-0.000113802864843,-9.06089482555e-7,-0.000252713409006,-0.00158741795897,-0.000147160915543,-0.000177286698965,-0.000170599874184,-0.000219704493855,-0.00011227155015,-0.0000680782335118,-0.000026384765266,-0.0000565500259277,-0.0000655512095813,-0.000170710446262,-0.000218035576121,-0.000318480124545,-0.000323039550914,-0.000552234596091,-0.00000863816821273,-0.0000282138004595,-0.000594689979259,-0.000136642172984,-0.00088272875087,-0.000495876036919,-0.000253950318742,-0.00035475306332,-0.000495876036919,-0.000704846843413,-0.000175045881413,-0.000320732097927,-0.00020302477021,-0.000131659748731,-0.000059871317573,-0.000215047200578,-0.000199375833319,-0.0000024482357377,-0.0000232808866691,-0.0000282138004595,-0.000434289783566,-0.0000680782335118,-0.000026384765266,-0.00015742720595,-0.000253950318742,-0.0000132571935891,-0.000107157781172,-0.000391949012452,-0.0000201380551212,-0.000322208886058,-0.0000932550730113,-0.00000684697537201,-0.0000156438363472,-0.000028451099289,-0.0000416287990799,-0.000132901562218,-0.0000130618598235,-0.0000128218965481,-0.000239509816311,-0.0000227418590093,-0.00158741795897,-0.0000205049376367,-0.000620254767192,0.000384353976271,-0.000368843774934,-0.0000454178158487,-0.000850060494773,-0.000243017646269,-0.0000791089678627,-0.0000638745814152,0.000519386120826,-0.0000657451505548,-0.00000684697537201,-0.0000166764444485,-0.000246466208845,-0.00182579225456,0.000159437663156,-0.00035475306332,-0.0000520882916297,-0.000164054038495,-0.000187571154944,-0.000080304182021,-0.0000757908375055,-0.0000157623765973,-0.0000270720570841,-0.0000156438363472,-0.000120906430868,-0.000167641370948,-0.0000449410280225,-0.0000883177338435,-0.0000339673231498,-0.0000166764444485,-0.0000441527056614,-0.00015275799715,-0.000167641370948,-0.000334332250709,-0.000322208886058,-0.0000205049376367,-0.00119039411146,-0.000322208886058,-0.0000184837380717
1862,-0.00032277555718,-0.000113700164119,-9.04784949629e-7,-0.000252506507087,-0.00158635846406,-0.000147021286493,-0.000177113561369,-0.000170459171698,-0.000219513943841,-0.000112160770638,-0.0000680070244243,-0.000026354536808,-0.0000564934503018,-0.0000654823439845,-0.000170543257052,-0.000217840462624,-0.000318227147304,-0.00032277555718,-0.000551800993273,-0.00000862748003794,-0.000028181233434,-0.000594239703581,-0.000136509924262,-0.000882099406257,-0.000495472937496,-0.00025371645227,-0.000354434799674,-0.000495472937496,-0.000704318179348,-0.000174891751731,-0.000320444987661,-0.000202835793402,-0.000131540885167,-0.0000598212307206,-0.000214856904953,-0.000199185151578,-0.00000244484320833,-0.0000232560974407,-0.000028181233434,-0.000433920511123,-0.0000680070244243,-0.000026354536808,-0.000157273249383,-0.00025371645227,-0.0000132408175642,-0.000107052752851,-0.000391610866795,-0.0000201175445476,-0.00032193973359,-0.0000931747523891,-0.00000683821157388,-0.0000156251277081,-0.0000284178241534,-0.000041581772904,-0.000132780829972,-0.0000130460107122,-0.0000128063832787,-0.000239288972651,-0.0000227190401452,-0.00158635846406,-0.0000204879342984,-0.000619764054449,0.000384067156999,-0.000368543685227,-0.0000453709978228,-0.000849399805233,-0.000242845234913,-0.0000790296337714,-0.0000638074004486,0.000519040803541,-0.0000656805591004,-0.00000683821157388,-0.0000166579827212,-0.000246255364101,-0.00182447186007,0.000159341863915,-0.000354434799674,-0.0000520383609972,-0.000163902187667,-0.000187387054897,-0.0000802226961469,-0.0000757203814787,-0.0000157436541519,-0.0000270416101031,-0.0000156251277081,-0.000120792237981,-0.000167509016044,-0.0000448908404751,-0.0000882464697209,-0.0000339328813368,-0.0000166579827212,-0.0000441056218872,-0.0001526299904,-0.000167509016044,-0.000334068786679,-0.00032193973359,-0.0000204879342984,-0.00118949915694,-0.00032193973359,-0.000018463739333
1863,-0.000322511779115,-0.000113597555943,-9.03482189507e-7,-0.000252299774488,-0.0015852996761,-0.000146881790632,-0.000176940592857,-0.000170318585304,-0.000219323558995,-0.000112050100193,-0.0000679358880271,-0.0000263243432492,-0.0000564369314597,-0.0000654135508871,-0.000170376231349,-0.000217645523681,-0.00031797437089,-0.000322511779115,-0.000551367730733,-0.00000861680512187,-0.000028148703795,-0.000593789768801,-0.000136377803534,-0.00088147051025,-0.000495070165849,-0.000253482801133,-0.000354116821326,-0.000495070165849,-0.00070378991138,-0.000174737757749,-0.000320158134169,-0.00020264699257,-0.000131422128899,-0.0000597711853416,-0.00021466677858,-0.000198994651572,-0.00000244145558437,-0.0000232313344224,-0.000028148703795,-0.000433551553003,-0.0000679358880271,-0.0000263243432492,-0.000157119443486,-0.000253482801133,-0.0000132244618101,-0.000106947827672,-0.000391273012016,-0.000020097054712,-0.00032167080652,-0.0000930945009712,-0.0000068294590494,-0.0000156064411625,-0.0000283845874458,-0.0000415347999514,-0.000132660207449,-0.0000130301809462,-0.000012790888662,-0.000239068332535,-0.0000226962447005,-0.0015852996761,-0.0000204709454978,-0.000619273730043,0.000383780552039,-0.000368243840079,-0.0000453242283198,-0.000848739628859,-0.000242672946348,-0.0000789503790104,-0.0000637402901136,0.000518695716114,-0.0000656160309198,-0.0000068294590494,-0.0000166395417009,-0.000246044699771,-0.00182315242053,0.000159246122394,-0.000354116821326,-0.0000519884779244,-0.000163750477364,-0.000187203135718,-0.0000801412925782,-0.0000756499911274,-0.0000157249536281,-0.0000270111975924,-0.0000156064411625,-0.000120678153225,-0.000167376766417,-0.0000448407087372,-0.000088175263607,-0.0000338984749471,-0.0000166395417009,-0.00004405858843,-0.000152502091118,-0.000167376766417,-0.000333805530262,-0.00032167080652,-0.0000204709454978,-0.0011886048754,-0.00032167080652,-0.0000184437621575
1864,-0.000322248216419,-0.000113495040423,-9.0218157478e-7,-0.000252093211055,-0.00158424159506,-0.000146742427217,-0.000176767793373,-0.000170178114629,-0.000219133338899,-0.000111939538873,-0.0000678648273107,-0.0000262941845293,-0.0000563804689921,-0.0000653448300545,-0.000170209369351,-0.000217450759223,-0.000317721795414,-0.000322248216419,-0.000550934808742,-0.00000860614367237,-0.0000281162119,-0.000593340174971,-0.000136245810612,-0.000880842062641,-0.000494667721327,-0.000253249365183,-0.000353799128364,-0.000494667721327,-0.000703262040255,-0.000174583899107,-0.000319871537911,-0.000202458367609,-0.000131303479951,-0.0000597211822084,-0.000214476820183,-0.000198804333471,-0.00000243807232181,-0.0000232065980725,-0.0000281162119,-0.000433182908389,-0.0000678648273107,-0.0000262941845293,-0.000156965787528,-0.000253249365183,-0.0000132081263957,-0.000106843005155,-0.000390935448788,-0.0000200765857485,-0.000321402103664,-0.0000930143186659,-0.00000682071775016,-0.0000155877770762,-0.0000283513894939,-0.0000414878800781,-0.000132539694137,-0.0000130143706416,-0.0000127754128858,-0.000238847895734,-0.0000226734718813,-0.00158424159506,-0.0000204539702198,-0.000618783793331,0.000383494160769,-0.000367944238139,-0.0000452775070379,-0.000848079965873,-0.000242500779552,-0.0000788712039013,-0.0000636732504162,0.000518350858234,-0.0000655515662014,-0.00000682071775016,-0.0000166211208068,-0.000245834215677,-0.00182183393502,0.000159150438052,-0.000353799128364,-0.0000519386430384,-0.000163598907146,-0.000187019396908,-0.0000800599717539,-0.0000755796661736,-0.0000157062755037,-0.0000269808190514,-0.0000155877770762,-0.000120564175936,-0.000167244620694,-0.0000447906332619,-0.0000881041148224,-0.0000338641034334,-0.0000166211208068,-0.0000440116050235,-0.000152374298888,-0.000167244620694,-0.000333542481281,-0.000321402103664,-0.0000204539702198,-0.00118771126569,-0.000321402103664,-0.0000184238067655
1865,-0.000321984869346,-0.000113392617582,-9.00882445531e-7,-0.000251886816838,-0.00158318422032,-0.000146603195415,-0.000176595162434,-0.000170037759922,-0.000218943284201,-0.000111829086994,-0.0000677938410529,-0.0000262640598185,-0.0000563240632543,-0.0000652761817301,-0.000170042670762,-0.000217256169185,-0.000317469420126,-0.000321984869346,-0.000550502226385,-0.00000859549503573,-0.0000280837575,-0.000592890921076,-0.000136113945416,-0.00088021406278,-0.000494265604045,-0.000253016144049,-0.000353481720243,-0.000494265604045,-0.000702734564613,-0.000174430175988,-0.000319585198134,-0.000202269917936,-0.000131184937817,-0.000059671220995,-0.000214287029593,-0.000198614198356,-0.00000243469407835,-0.0000231818876948,-0.0000280837575,-0.00043281457734,-0.0000677938410529,-0.0000262640598185,-0.000156812282182,-0.000253016144049,-0.0000131918112172,-0.000106738285836,-0.000390598176669,-0.0000200561374593,-0.000321133625076,-0.0000929342055471,-0.00000681198752828,-0.00001556913511,-0.0000283182309868,-0.000041441013173,-0.000132419290978,-0.000012998579324,-0.0000127599558981,-0.000238627662505,-0.0000226507223111,-0.00158318422032,-0.0000204370097228,-0.000618294244383,0.000383207983176,-0.000367644880365,-0.000045230833817,-0.000847420815632,-0.000242328734775,-0.000078792108356,-0.0000636062814623,0.000518006229262,-0.0000654871648478,-0.00000681198752828,-0.0000166027207351,-0.000245623911722,-0.00182051640321,0.000159054811204,-0.000353481720243,-0.000051888855646,-0.000163447477367,-0.000186835838323,-0.0000799787338606,-0.0000755094063845,-0.0000156876193773,-0.0000269504748025,-0.00001556913511,-0.000120450306794,-0.000167112579555,-0.0000447406132471,-0.0000880330236006,-0.0000338297667568,-0.0000166027207351,-0.0000439646716126,-0.0001522466134,-0.000167112579555,-0.000333279639194,-0.000321133625076,-0.0000204370097228,-0.00118681832858,-0.000321133625076,-0.0000184038731295
1866,-0.000321721737345,-0.000113290287254,-8.9958537286e-7,-0.000251680591537,-0.00158212755114,-0.000146464095464,-0.000176422700392,-0.000169897521033,-0.000218753394128,-0.000111718743786,-0.0000677229285229,-0.0000262339694856,-0.0000562677137292,-0.0000652076049859,-0.000169876135565,-0.00021706175299,-0.000317217245362,-0.000321721737345,-0.000550069983956,-0.0000085848597644,-0.0000280513407525,-0.000592442008114,-0.000135982207905,-0.000879586511017,-0.000493863813656,-0.000252783137856,-0.00035316459716,-0.000493863813656,-0.000702207485221,-0.00017427658829,-0.000319299114915,-0.000202081643961,-0.000131066503,-0.0000596213016135,-0.000214097407454,-0.000198424244783,-0.00000243132047517,-0.0000231572039358,-0.0000280513407525,-0.000432446559451,-0.0000677229285229,-0.0000262339694856,-0.000156658926898,-0.000252783137856,-0.0000131755161239,-0.000106633668583,-0.000390261195803,-0.0000200357103965,-0.000320865371049,-0.0000928541610969,-0.00000680326877989,-0.0000155505156432,-0.0000282851106883,-0.0000413941995205,-0.000132298996604,-0.0000129828071991,-0.0000127445175697,-0.000238407632213,-0.000022627995178,-0.00158212755114,-0.0000204200630911,-0.000617805082744,0.000382922019461,-0.000367345765978,-0.0000451842083242,-0.000846762177729,-0.000242156812325,-0.0000787130919777,-0.0000635393825359,0.000517661829424,-0.0000654228268395,-0.00000680326877989,-0.0000165843409796,-0.000245413787396,-0.00181919982427,0.000158959241816,-0.00035316459716,-0.0000518391161415,-0.000163296187834,-0.000186652459981,-0.0000798975783263,-0.0000754392119733,-0.0000156689857347,-0.0000269201648213,-0.0000155505156432,-0.00012033654468,-0.000166980642652,-0.0000446906495064,-0.0000879619894336,-0.0000337954647422,-0.0000165843409796,-0.0000439177886671,-0.0001521190354,-0.000166980642652,-0.000333017004701,-0.000320865371049,-0.0000204200630911,-0.00118592606223,-0.000320865371049,-0.00001838396072
1867,-0.000321458820532,-0.000113188048756,-8.9829034744e-7,-0.000251474535332,-0.00158107158747,-0.000146325127349,-0.000176250406662,-0.0001697573975,-0.000218563668895,-0.000111608509542,-0.0000676520906548,-0.0000262039142607,-0.0000562114206097,-0.0000651391008013,-0.00016970976337,-0.000216867510897,-0.000316965271287,-0.000321458820532,-0.000549638080529,-0.00000857423782019,-0.000028018960863,-0.00059199343435,-0.000135850597925,-0.000878959406573,-0.000493462350112,-0.000252550346132,-0.000352847758562,-0.000493462350112,-0.000701680800454,-0.000174123135726,-0.000319013287624,-0.000201893544892,-0.000130948174902,-0.0000595714236655,-0.000213907952324,-0.000198234472672,-0.00000242795149985,-0.0000231325462057,-0.000028018960863,-0.000432078854553,-0.0000676520906548,-0.0000262039142607,-0.000156505721275,-0.000252550346132,-0.0000131592413344,-0.00010652915419,-0.000389924505706,-0.0000200153035692,-0.000320597341085,-0.0000927741859043,-0.00000679456098895,-0.00001553191826,-0.0000282520295336,-0.0000413474381631,-0.000132178811908,-0.0000129670543845,-0.0000127290979162,-0.000238187804551,-0.0000226052912655,-0.00158107158747,-0.0000204031302431,-0.000617316308025,0.000382636268819,-0.000367046895199,-0.0000451376314317,-0.000846104051575,-0.000241985011581,-0.0000786341546046,-0.0000634725539603,0.000517317659246,-0.0000653585516006,-0.00000679456098895,-0.0000165659813369,-0.000245203843146,-0.0018178841978,0.000158863729885,-0.000352847758562,-0.0000517894244236,-0.000163145038721,-0.000186469261581,-0.0000798165049312,-0.0000753690830999,-0.0000156503738977,-0.0000268898891549,-0.00001553191826,-0.000120222890445,-0.000166848810005,-0.000044640741323,-0.0000878910125124,-0.000033761197205,-0.0000165659813369,-0.0000438709552535,-0.000151991563905,-0.000166848810005,-0.000332754577006,-0.000320597341085,-0.0000204031302431,-0.00118503446701,-0.000320597341085,-0.0000183640702609
1868,-0.000321196118375,-0.000113085903026,-8.96996998012e-7,-0.000251268647675,-0.00158001632845,-0.00014618629181,-0.000176078280951,-0.000169617389107,-0.000218374108277,-0.000111498384237,-0.0000675813266664,-0.0000261738931631,-0.0000561551837537,-0.0000650706681551,-0.000169543553855,-0.000216673442727,-0.000316713497234,-0.000321196118375,-0.000549206516433,-0.00000856362878299,-0.0000279866186088,-0.00059154520051,-0.000135719115318,-0.000878332749162,-0.000493061212952,-0.000252317768711,-0.000352531203988,-0.000493061212952,-0.000701154511374,-0.00017396981811,-0.000318727716203,-0.000201705621013,-0.000130829953836,-0.0000595215877084,-0.00021371866485,-0.000198044881822,-0.00000242458738153,-0.0000231079148652,-0.0000279866186088,-0.000431711462064,-0.0000675813266664,-0.0000261738931631,-0.000156352665898,-0.000252317768711,-0.0000131429861674,-0.000106424742362,-0.000389588106259,-0.0000199949182713,-0.000320329535023,-0.0000926942796236,-0.00000678586463732,-0.0000155133433308,-0.0000282189866381,-0.0000413007302003,-0.000132058736406,-0.0000129513202869,-0.0000127136968118,-0.000237968179902,-0.0000225826099856,-0.00158001632845,-0.0000203862115162,-0.000616827920218,0.000382350731295,-0.000366748267488,-0.000045091102244,-0.00084544643704,-0.000241813332789,-0.000078555297069,-0.0000634057959648,0.000516973717139,-0.0000652943397879,-0.00000678586463732,-0.0000165476419856,-0.000244994078278,-0.00181656952258,0.000158768275402,-0.000352531203988,-0.0000517397801407,-0.000162994028874,-0.000186286243389,-0.0000797355139159,-0.0000752990193842,-0.0000156317842821,-0.0000268596473285,-0.0000155133433308,-0.000120109342916,-0.000166717081051,-0.0000445908891828,-0.0000878200929133,-0.0000337269650359,-0.0000165476419856,-0.0000438241720069,-0.000151864199431,-0.000166717081051,-0.000332492355809,-0.000320329535023,-0.0000203862115162,-0.00118414354167,-0.000320329535023,-0.0000183442010613
1869,-0.000320933631139,-0.00011298384944,-8.95705480453e-7,-0.000251062928832,-0.00157896177355,-0.000146047588148,-0.000175906323658,-0.00016947749739,-0.000218184711923,-0.000111388367268,-0.0000675106365424,-0.0000261439066005,-0.0000560990033538,-0.0000650023075481,-0.000169377507485,-0.000216479548131,-0.000316461922918,-0.000320933631139,-0.000548775291076,-0.00000855303295477,-0.000027954313742,-0.000591097306072,-0.000135587759865,-0.000877706538579,-0.000492660401259,-0.000252085405666,-0.000352214933637,-0.000492660401259,-0.000700628616726,-0.00017381663577,-0.000318442400121,-0.000201517872428,-0.000130711839431,-0.0000594717936884,-0.000213529545381,-0.00019785547195,-0.00000242122773697,-0.0000230833098307,-0.000027954313742,-0.0004313443824,-0.0000675106365424,-0.0000261439066005,-0.000156199759933,-0.000252085405666,-0.0000131267515311,-0.000106320432434,-0.000389251997087,-0.0000199745529734,-0.000320061952579,-0.0000926144419031,-0.0000067771789567,-0.0000154947906905,-0.0000281859828535,-0.0000412540748673,-0.000131938769577,-0.0000129356054517,-0.0000126983145861,-0.000237748757458,-0.000022559951411,-0.00157896177355,-0.0000203693070313,-0.000616339918807,0.000382065407014,-0.000366449882501,-0.0000450446212987,-0.000844789333541,-0.000241641776034,-0.0000784765178246,-0.0000633391081877,0.000516630003838,-0.0000652301912867,-0.0000067771789567,-0.0000165293231502,-0.000244784492851,-0.00181525579828,0.000158672878515,-0.000352214933637,-0.0000516901834482,-0.000162843159375,-0.000186103404079,-0.0000796546048325,-0.0000752290204407,-0.00001561321693,-0.0000268294392658,-0.0000154947906905,-0.000119995903245,-0.000166585456181,-0.0000445410928469,-0.000087749230639,-0.0000336927672615,-0.0000165293231502,-0.0000437774382851,-0.000151736941823,-0.000166585456181,-0.000332230341638,-0.000320061952579,-0.0000203693070313,-0.00118325328649,-0.000320061952579,-0.0000183243531895
1870,-0.000320671358042,-0.000112881887557,-8.94415955077e-7,-0.000250857377922,-0.00157790792304,-0.000145909016117,-0.000175734534023,-0.000169337720197,-0.000217995479931,-0.000111278459126,-0.0000674400206506,-0.0000261139545508,-0.0000560428789269,-0.0000649340189405,-0.000169211623543,-0.000216285827046,-0.00031621054892,-0.000320671358042,-0.000548344404648,-0.00000854245006376,-0.0000279220463515,-0.000590649750748,-0.000135456531643,-0.000877080774615,-0.000492259916067,-0.000251853256552,-0.000351898946839,-0.000492259916067,-0.000700103116451,-0.000173663588415,-0.000318157339726,-0.000201330298143,-0.000130593831298,-0.0000594220407355,-0.00021334059316,-0.000197666243627,-0.00000241787248889,-0.0000230587308847,-0.0000279220463515,-0.000430977614684,-0.0000674400206506,-0.0000261139545508,-0.000156047003747,-0.000251853256552,-0.0000131105367052,-0.00010621622502,-0.000388916177329,-0.0000199542088408,-0.000319794593917,-0.0000925346733078,-0.00000676850453107,-0.0000154762601046,-0.0000281530171957,-0.0000412074721501,-0.000131818912168,-0.0000129199096772,-0.0000126829506617,-0.00023752953769,-0.0000225373153828,-0.00157790792304,-0.0000203524163709,-0.000615852303225,0.000381780296002,-0.000366151740724,-0.0000449981881747,-0.000844132740685,-0.000241470340711,-0.0000783978180685,-0.000063272490344,0.00051628651941,-0.0000651661057582,-0.00000676850453107,-0.0000165110245689,-0.000244575086967,-0.00181394302388,0.000158577538604,-0.000351898946839,-0.0000516406344553,-0.000162692428918,-0.000185920744759,-0.0000795737780082,-0.0000751590867996,-0.0000155946718201,-0.0000267992653047,-0.0000154762601046,-0.000119882570587,-0.000166453935674,-0.0000444913513187,-0.0000876784252961,-0.0000336586042451,-0.0000165110245689,-0.0000437307550021,-0.000151609790485,-0.000166453935674,-0.000331968533984,-0.000319794593917,-0.0000203524163709,-0.00118236370064,-0.000319794593917,-0.0000183045268498
1871,-0.00032040929953,-0.00011278001801,-8.93127941382e-7,-0.000250651995544,-0.00157685477553,-0.000145770575251,-0.000175562912338,-0.000169198058702,-0.000217806411947,-0.000111168659298,-0.000067369478483,-0.0000260840361204,-0.000055986810751,-0.0000648658017113,-0.000169045902036,-0.000216092279341,-0.000315959374305,-0.00032040929953,-0.000547913856311,-0.00000853188033467,-0.0000278898158648,-0.000590202534388,-0.000135325430508,-0.000876455456866,-0.000491859756225,-0.000251621321251,-0.00035158324363,-0.000491859756225,-0.00069957801038,-0.000173510675632,-0.000317872534354,-0.000201142898826,-0.000130475930323,-0.0000593723298055,-0.000213151808316,-0.000197477196593,-0.00000241452232164,-0.0000230341780885,-0.0000278898158648,-0.000430611158435,-0.000067369478483,-0.0000260840361204,-0.000155894396847,-0.000251621321251,-0.0000130943421839,-0.000106112119952,-0.000388580647641,-0.0000199338854898,-0.000319527458332,-0.0000924549732808,-0.00000675984125209,-0.0000154577516875,-0.0000281200901933,-0.0000411609219615,-0.000131699163627,-0.0000129042331998,-0.0000126676055525,-0.000237310519982,-0.0000225147023896,-0.00157685477553,-0.0000203355398369,-0.000615365073705,0.000381495397262,-0.000365853841094,-0.0000449518027317,-0.000843476658499,-0.000241299027406,-0.0000783191969882,-0.0000632059426362,0.000515943262986,-0.0000651020828086,-0.00000675984125209,-0.0000164927461919,-0.000244365860134,-0.00181263119838,0.000158482256102,-0.00035158324363,-0.0000515911328089,-0.000162541838526,-0.000185738264205,-0.0000794930330801,-0.0000750892183685,-0.0000155761482703,-0.0000267691255407,-0.0000154577516875,-0.000119769345094,-0.000166322518319,-0.000044441665918,-0.000087607677707,-0.0000336244757122,-0.0000164927461919,-0.0000436841211648,-0.000151482746269,-0.000166322518319,-0.000331706932327,-0.000319527458332,-0.0000203355398369,-0.0011814747837,-0.000319527458332,-0.0000182847224242
1872,-0.000320147455176,-0.000112678240563,-8.91842218742e-7,-0.000250446781402,-0.00157580233083,-0.000145632266177,-0.000175391458115,-0.000169058511848,-0.000217617507761,-0.000111058967711,-0.0000672990098858,-0.0000260541524755,-0.0000559307988119,-0.0000647976563473,-0.000168880342902,-0.000215898904659,-0.000315708399381,-0.000320147455176,-0.000547483645979,-0.00000852132382256,-0.0000278576227291,-0.000589755656394,-0.00013519445605,-0.000875830584651,-0.000491459921724,-0.000251389599891,-0.000351267823868,-0.000491459921724,-0.000699053298337,-0.000173357897323,-0.000317587983974,-0.000200955673614,-0.000130358135431,-0.0000593226604346,-0.00021296319014,-0.000197288330268,-0.00000241117677602,-0.0000230096516489,-0.0000278576227291,-0.000430245014202,-0.0000672990098858,-0.0000260541524755,-0.00015574193905,-0.000251389599891,-0.0000130781673313,-0.000106008116386,-0.000388245407608,-0.0000199135826673,-0.000319260545792,-0.0000923753418487,-0.00000675118900384,-0.0000154392651899,-0.0000280872017751,-0.00004111442433,-0.000131579523352,-0.0000128885757045,-0.0000126522789654,-0.000237091703899,-0.0000224921119321,-0.00157580233083,-0.0000203186769498,-0.000614878229452,0.00038121071111,-0.00036555618422,-0.0000449054649971,-0.000842821086116,-0.000241127835241,-0.0000782406548856,-0.0000631394652189,0.000515600234528,-0.0000650381234077,-0.00000675118900384,-0.000016474488171,-0.000244156812056,-0.00181132032197,0.000158387030699,-0.000351267823868,-0.0000515416788582,-0.000162391387014,-0.000185555963118,-0.0000794123695522,-0.0000750194146244,-0.0000155576467415,-0.0000267390194235,-0.0000154392651899,-0.000119656226067,-0.000166191205333,-0.0000443920359912,-0.0000875369866868,-0.0000335903820359,-0.000016474488171,-0.0000436375370931,-0.000151355808113,-0.000166191205333,-0.000331445537105,-0.000319260545792,-0.0000203186769498,-0.00118058653505,-0.000319260545792,-0.0000182649389178
1873,-0.00031988582483,-0.000112576554499,-8.90558371935e-7,-0.00025024173499,-0.00157475058903,-0.000145494087698,-0.000175220171323,-0.000168919079962,-0.000217428767649,-0.000110949384202,-0.000067228615336,-0.0000260243028745,-0.0000558748426513,-0.0000647295825829,-0.000168714945878,-0.000215705703205,-0.000315457623648,-0.00031988582483,-0.000547053773461,-0.00000851078030006,-0.0000278254669399,-0.000589309116688,-0.000135063608294,-0.0008752061579,-0.000491060412055,-0.000251158091767,-0.00035095268676,-0.000491060412055,-0.00069852897964,-0.000173205253583,-0.000317303688615,-0.00020076862281,-0.000130240446817,-0.0000592730324915,-0.000212774739182,-0.000197099644663,-0.00000240783548611,-0.0000229851510909,-0.0000278254669399,-0.00042987918123,-0.000067228615336,-0.0000260243028745,-0.000155589630646,-0.000251158091767,-0.0000130620126675,-0.00010590421502,-0.000387910456638,-0.0000198933002462,-0.000318993856404,-0.000092295778674,-0.00000674254800659,-0.0000154208012582,-0.0000280543520219,-0.0000410679795335,-0.000131459992184,-0.0000128729369142,-0.0000126369709594,-0.000236873090051,-0.0000224695436,-0.00157475058903,-0.0000203018285632,-0.000614391770637,0.000380926237759,-0.000365258768974,-0.0000448591753468,-0.000842166023219,-0.000240956764754,-0.0000781621916666,-0.0000630730572357,0.000515257434302,-0.0000649742262682,-0.00000674254800659,-0.0000164562500515,-0.000243947942947,-0.00181001039409,0.000158291862669,-0.00035095268676,-0.0000514922722918,-0.000162241074998,-0.000185373841106,-0.0000793317885712,-0.0000749496757475,-0.0000155391674892,-0.0000267089472574,-0.0000154208012582,-0.000119543214214,-0.000166059995895,-0.0000443424616146,-0.000087466352964,-0.0000335563229008,-0.0000164562500515,-0.0000435910027834,-0.000151228976351,-0.000166059995895,-0.000331184347841,-0.000318993856404,-0.0000203018285632,-0.00117969895417,-0.000318993856404,-0.0000182451767214
1874,-0.000319624408112,-0.000112474960517,-8.89276043026e-7,-0.000250036856684,-0.00157369954862,-0.00014535604086,-0.000175049052103,-0.000168779763488,-0.000217240191018,-0.000110839909278,-0.0000671582942511,-0.0000259944876397,-0.0000558189426663,-0.0000646615801649,-0.000168549710968,-0.000215512674786,-0.000315207047301,-0.000319624408112,-0.000546624238726,-0.00000850024994925,-0.0000277933480262,-0.000588862915289,-0.000134932887319,-0.00087458217647,-0.000490661227254,-0.000250926795975,-0.000350637832506,-0.000490661227254,-0.000698005054214,-0.000173052744633,-0.000317019647501,-0.000200581746241,-0.000130122864584,-0.0000592234462315,-0.000212586455185,-0.000196911139428,-0.00000240449932454,-0.0000229606769704,-0.0000277933480262,-0.000429513659353,-0.0000671582942511,-0.0000259944876397,-0.000155437470885,-0.000250926795975,-0.0000130458778207,-0.000105800415819,-0.000387575794689,-0.0000198730390704,-0.000318727389932,-0.0000922162842523,-0.0000067339179104,-0.0000154023590131,-0.0000280215406629,-0.0000410215869389,-0.000131340569652,-0.0000128573174347,-0.0000126216813632,-0.000236654677641,-0.0000224469986208,-0.00157369954862,-0.0000202849938118,-0.000613905696206,0.000380641976451,-0.000364961595987,-0.0000448129334512,-0.000841511469483,-0.000240785815506,-0.000078083806974,-0.0000630067190963,0.000514914862031,-0.0000649103918984,-0.0000067339179104,-0.0000164380324348,-0.00024373925257,-0.00180870141317,0.000158196751633,-0.000350637832506,-0.0000514429126914,-0.000162090902124,-0.00018519189808,-0.0000792512895922,-0.0000748800020887,-0.0000155207098316,-0.0000266789086414,-0.0000154023590131,-0.000119430309115,-0.000165928889882,-0.0000442929424533,-0.0000873957761263,-0.0000335222979526,-0.0000164380324348,-0.000043544518185,-0.000151102250868,-0.000165928889882,-0.000330923364441,-0.000318727389932,-0.0000202849938118,-0.00117881204093,-0.000318727389932,-0.0000182254365058
1875,-0.000319363205254,-0.000112373457767,-8.87995703636e-7,-0.000249832146099,-0.00157264921025,-0.000145218124597,-0.000174878100038,-0.000168640562164,-0.000217051778192,-0.000110730542183,-0.0000670880467712,-0.0000259647066931,-0.0000557630986817,-0.0000645936492436,-0.000168384637766,-0.000215319818939,-0.000314956669309,-0.000319363205254,-0.000546195040921,-0.00000848973250545,-0.0000277612659589,-0.000588417051793,-0.000134802292937,-0.000873958640122,-0.000490262367028,-0.000250695713672,-0.000350323260475,-0.000490262367028,-0.000697481521835,-0.000172900369457,-0.000316735860817,-0.000200395043572,-0.000130005388488,-0.0000591739013562,-0.000212398337174,-0.000196722814521,-0.00000240116755945,-0.0000229362283957,-0.0000277612659589,-0.000429148448226,-0.0000670880467712,-0.0000259647066931,-0.000155285459928,-0.000250695713672,-0.0000130297628402,-0.000105696717684,-0.000387241421335,-0.0000198527982169,-0.00031846114574,-0.0000921368585223,-0.00000672529865575,-0.0000153839388704,-0.0000279887676324,-0.0000409752468533,-0.000131221255408,-0.0000128417164187,-0.0000126064102113,-0.000236436466237,-0.0000224244759526,-0.00157264921025,-0.0000202681729764,-0.000613420006649,0.000380357927168,-0.000364664664863,-0.0000447667387853,-0.000840857424664,-0.0002406149877,-0.0000780055007921,-0.0000629404511381,0.000514572517585,-0.0000648466206621,-0.00000672529865575,-0.0000164198347035,-0.00024353074077,-0.00180739337898,0.000158101697814,-0.000350323260475,-0.0000513936005402,-0.00016194086863,-0.00018501013311,-0.0000791708721661,-0.0000748103928538,-0.0000155022742732,-0.0000266489042557,-0.0000153839388704,-0.000119317510398,-0.000165797887566,-0.0000442434784098,-0.0000873252563247,-0.0000334883079196,-0.0000164198347035,-0.0000434980824098,-0.000150975631871,-0.000165797887566,-0.000330662586693,-0.00031846114574,-0.0000202681729764,-0.00117792579385,-0.00031846114574,-0.0000182057173443
1876,-0.000319102215988,-0.000112272046961,-8.86717126836e-7,-0.000249627603331,-0.00157159957292,-0.000145080339435,-0.000174707314466,-0.000168501475581,-0.000216863528837,-0.000110621282877,-0.0000670178727802,-0.000025934959468,-0.0000557073101382,-0.0000645257898544,-0.000168219726393,-0.000215127135959,-0.000314706490783,-0.000319102215988,-0.000545766180436,-0.00000847922823333,-0.0000277292214546,-0.000587971526073,-0.000134671824945,-0.000873335547876,-0.000489863831029,-0.000250464844427,-0.00035000897127,-0.000489863831029,-0.000696958381929,-0.00017274812892,-0.000316452327904,-0.000200208514475,-0.000129888018531,-0.0000591243979224,-0.000212210386221,-0.000196534669712,-0.00000239784040312,-0.0000229118062984,-0.0000277292214546,-0.000428783547822,-0.0000670178727802,-0.000025934959468,-0.000155133597895,-0.000250464844427,-0.0000130136680307,-0.000105593121705,-0.000386907336515,-0.0000198325780287,-0.00031819512381,-0.0000920575012726,-0.00000671669089769,-0.0000153655409658,-0.0000279560327634,-0.0000409289593311,-0.000131102049978,-0.0000128261345855,-0.0000125911575193,-0.000236218456405,-0.0000224019760537,-0.00157159957292,-0.0000202513662266,-0.000612934701171,0.000380074089966,-0.000364367975309,-0.0000447205921095,-0.000840203887759,-0.000240444280939,-0.0000779272732903,-0.000062874252599,0.000514230400864,-0.000064782911759,-0.00000671669089769,-0.0000164016569935,-0.000243322407545,-0.00180608629115,0.000158006701171,-0.00035000897127,-0.000051344336097,-0.00016179097342,-0.000184828546666,-0.0000790905358241,-0.0000747408481327,-0.0000154838608046,-0.0000266189333136,-0.0000153655409658,-0.000119204818569,-0.000165666988413,-0.0000441940697566,-0.0000872547933923,-0.0000334543522875,-0.0000164016569935,-0.0000434516968779,-0.000150849118604,-0.000165666988413,-0.000330402014561,-0.00031819512381,-0.0000202513662266,-0.00117704021303,-0.00031819512381,-0.0000181860192683
1877,-0.000318841439602,-0.000112170727774,-8.85440307297e-7,-0.000249423227716,-0.00157055063577,-0.000144942684688,-0.000174536695879,-0.000168362503256,-0.000216675442571,-0.000110512131295,-0.0000669477718658,-0.0000259052464635,-0.000055651577747,-0.000064458001888,-0.000168054976394,-0.000214934625033,-0.000314456510813,-0.000318841439602,-0.000545337656596,-0.00000846873649785,-0.0000276972134974,-0.000587526337403,-0.000134541483265,-0.000872712899887,-0.000489465618936,-0.00025023418752,-0.000349694963148,-0.000489465618936,-0.000696435634582,-0.000172596022193,-0.000316169048331,-0.000200022158957,-0.000129770754459,-0.0000590749358298,-0.000212022601528,-0.000196346704719,-0.00000239451781114,-0.0000228874101351,-0.0000276972134974,-0.000428418957495,-0.0000669477718658,-0.0000259052464635,-0.000154981884426,-0.00025023418752,-0.0000129975931347,-0.000105489627019,-0.000386573539946,-0.0000198123785262,-0.000317929324519,-0.000091978211902,-0.00000670809377734,-0.0000153471648128,-0.000027923336285,-0.000040882724119,-0.000130982952473,-0.0000128105718011,-0.000012575923463,-0.000236000647519,-0.0000223794985423,-0.00157055063577,-0.0000202345736646,-0.000612449779911,0.000379790464798,-0.000364071527144,-0.0000446744932256,-0.000839550859365,-0.000240273695397,-0.0000778491243318,-0.0000628081236451,0.000513888511484,-0.0000647192654473,-0.00000670809377734,-0.0000163835003075,-0.000243114252275,-0.00180478014845,0.000157911761669,-0.000349694963148,-0.0000512951183795,-0.000161641217329,-0.000184647138486,-0.0000790102814543,-0.000074671367976,-0.0000154654689051,-0.0000265889963575,-0.0000153471648128,-0.000119092232912,-0.000165536192775,-0.0000441447161856,-0.0000871843871959,-0.0000334204308272,-0.0000163835003075,-0.0000434053608585,-0.000150722711313,-0.000165536192775,-0.000330141647705,-0.000317929324519,-0.0000202345736646,-0.00117615529807,-0.000317929324519,-0.0000181663430201
1878,-0.000318580876546,-0.000112069500096,-8.84165514581e-7,-0.000249219019453,-0.00156950239924,-0.000144805160799,-0.000174366243984,-0.000168223645843,-0.000216487519456,-0.000110403087836,-0.0000668777444428,-0.0000258755674949,-0.0000555959011965,-0.0000643902849333,-0.000167890387693,-0.000214742286221,-0.000314206729523,-0.000318580876546,-0.000544909469011,-0.00000845825787277,-0.0000276652427131,-0.000587081485746,-0.00013441126763,-0.000872090695835,-0.000489067730253,-0.000250003743382,-0.000349381237729,-0.000489067730253,-0.000695913279623,-0.000172444049659,-0.000315886023172,-0.000199835977555,-0.000129653596368,-0.0000590255154207,-0.000211834982746,-0.00019615891964,-0.00000239119974177,-0.0000228630395842,-0.0000276652427131,-0.000428054676882,-0.0000668777444428,-0.0000258755674949,-0.000154830319009,-0.000250003743382,-0.0000129815378833,-0.000105386233733,-0.000386240031627,-0.0000197921993648,-0.000317663747055,-0.0000918989909646,-0.00000669950796617,-0.0000153288109077,-0.0000278906778153,-0.0000408365406734,-0.000130863963415,-0.0000127950277244,-0.0000125607073782,-0.000235783039587,-0.000022357043723,-0.00156950239924,-0.0000202177945923,-0.000611965241822,0.000379507050876,-0.000363775319871,-0.0000446284412812,-0.000838898338274,-0.00024010323088,-0.0000777710537401,-0.0000627420645083,0.000513546849874,-0.0000646556818924,-0.00000669950796617,-0.0000163653628853,-0.000242906274926,-0.00180347495036,0.000157816879264,-0.000349381237729,-0.000051245947835,-0.000161491599798,-0.000184465908355,-0.0000789301083377,-0.0000746019532523,-0.0000154470988156,-0.000026559092841,-0.0000153288109077,-0.000118979753664,-0.000165405500185,-0.000044095417806,-0.0000871140378385,-0.0000333865439721,-0.0000163653628853,-0.0000433590740823,-0.000150596410201,-0.000165405500185,-0.000329881485547,-0.000317663747055,-0.0000202177945923,-0.00117527104913,-0.000317663747055,-0.0000181466877294
1879,-0.000318320526605,-0.000111968363712,-8.82892509768e-7,-0.000249014978481,-0.00156845486199,-0.000144667767368,-0.000174195958589,-0.000168084902905,-0.000216299759302,-0.00011029415165,-0.0000668077906889,-0.0000258459229459,-0.0000555402803073,-0.0000643226392318,-0.00016772596049,-0.000214550119829,-0.000313957146935,-0.000318320526605,-0.000544481617737,-0.00000844779247977,-0.0000276333086311,-0.00058663697137,-0.000134281177936,-0.000871468935288,-0.000488670165578,-0.000249773511263,-0.000349067793063,-0.000488670165578,-0.000695391315928,-0.000172292210504,-0.000315603250893,-0.000199649968937,-0.000129536544025,-0.0000589761360037,-0.000211647529815,-0.000195971314046,-0.00000238788632156,-0.0000228386950116,-0.0000276333086311,-0.000427690706529,-0.0000668077906889,-0.0000258459229459,-0.000154678902017,-0.000249773511263,-0.0000129655025103,-0.000105282942314,-0.000385906810622,-0.0000197720410151,-0.000317398391733,-0.0000918198382314,-0.00000669093293837,-0.0000153104785081,-0.0000278580580835,-0.0000407904094439,-0.000130745081901,-0.0000127795024802,-0.0000125455102498,-0.000235565631885,-0.0000223346117609,-0.00156845486199,-0.0000202010296562,-0.000611481087662,0.00037922384881,-0.000363479353907,-0.0000445824370781,-0.000838246324587,-0.000239932886823,-0.0000776930611055,-0.0000626760743394,0.00051320541499,-0.0000645921605384,-0.00000669093293837,-0.0000163472458841,-0.00024269847566,-0.00180217069615,0.000157722053308,-0.000349067793063,-0.0000511968246881,-0.000161342120579,-0.000184284856035,-0.0000788500166689,-0.0000745326026488,-0.000015428750773,-0.0000265292231032,-0.0000153104785081,-0.000118867380683,-0.000165274911192,-0.0000440461747084,-0.0000870437451912,-0.0000333526915819,-0.0000163472458841,-0.0000433128369428,-0.000150470214667,-0.000165274911192,-0.00032962152877,-0.000317398391733,-0.0000202010296562,-0.00117438746414,-0.000317398391733,-0.0000181270536395
1880,-0.000318060389168,-0.000111867318432,-8.81621320836e-7,-0.0002488111043,-0.00156740802384,-0.000144530504177,-0.000174025839442,-0.000167946274358,-0.00021611216196,-0.000110185323247,-0.0000667379100268,-0.0000258163117888,-0.0000554847147303,-0.0000642550645562,-0.000167561693712,-0.000214358125261,-0.000313707762288,-0.000318060389168,-0.000544054102288,-0.0000084373399023,-0.0000276014118419,-0.000586192793013,-0.000134151214437,-0.000870847618406,-0.000488272923921,-0.000249543491479,-0.000348754629945,-0.000488272923921,-0.00069486974383,-0.000172140505211,-0.000315320731777,-0.00019946413358,-0.000129419597309,-0.0000589267980229,-0.000211460242988,-0.000195783888091,-0.0000023845774817,-0.0000228143765426,-0.0000276014118419,-0.00042732704551,-0.0000667379100268,-0.0000258163117888,-0.000154527633154,-0.000249543491479,-0.0000129494866843,-0.000105179751495,-0.000385573877203,-0.0000197519031682,-0.000317133257583,-0.0000917407540246,-0.0000066823687539,-0.0000152921685279,-0.0000278254761188,-0.0000407443305299,-0.00013062630848,-0.0000127639964105,-0.0000125303315852,-0.000235348425197,-0.0000223122013949,-0.00156740802384,-0.0000201842783998,-0.00061099731629,0.00037894085787,-0.000363183628829,-0.0000445364801989,-0.000837594817386,-0.000239762664249,-0.0000776151470765,-0.0000626101539689,0.000512864206821,-0.0000645287017487,-0.0000066823687539,-0.0000163291485871,-0.000242490854289,-0.00180086738501,0.000157627284818,-0.000348754629945,-0.0000511477488017,-0.000161192780095,-0.000184103981423,-0.0000787700063785,-0.0000744633163787,-0.000015410424457,-0.0000264993865611,-0.0000152921685279,-0.000118755113954,-0.000165144424972,-0.0000439969862693,-0.0000869735096876,-0.0000333188732169,-0.0000163291485871,-0.0000432666485874,-0.000150344124996,-0.000165144424972,-0.000329361776985,-0.000317133257583,-0.0000201842783998,-0.0011735045437,-0.000317133257583,-0.0000181074409085
1881,-0.000317800464308,-0.000111766364458,-8.8035208945e-7,-0.00024860739696,-0.0015663618846,-0.00014439337126,-0.000173855886479,-0.000167807760588,-0.000215924727612,-0.000110076602121,-0.0000666681021162,-0.0000257867348044,-0.0000554292052364,-0.0000641875607714,-0.000167397588132,-0.000214166302702,-0.000313458575774,-0.000317800464308,-0.000543626922828,-0.00000842690034109,-0.0000275695513925,-0.000585748951113,-0.000134021376699,-0.000870226744559,-0.000487876004865,-0.000249313683133,-0.000348441747574,-0.000487876004865,-0.000694348563369,-0.000171988933471,-0.000315038465782,-0.000199278470935,-0.000129302756068,-0.0000588775012114,-0.000211273121999,-0.000195596641088,-0.0000023812734482,-0.0000227900841949,-0.0000275695513925,-0.000426963694003,-0.0000666681021162,-0.0000257867348044,-0.000154376512175,-0.000249313683133,-0.0000129334909746,-0.000105076662111,-0.000385241230996,-0.0000197317854198,-0.000316868345453,-0.0000916617374802,-0.00000667381590658,-0.0000152738802681,-0.000027792932336,-0.0000406983039838,-0.00013050764334,-0.0000127485088837,-0.0000125151707611,-0.000235131418525,-0.0000222898138746,-0.0015663618846,-0.0000201675412157,-0.000610513927499,0.000378658078096,-0.000362888144036,-0.0000444905710584,-0.000836943816421,-0.000239592562069,-0.0000775373108821,-0.0000625443030797,0.000512523226092,-0.000064465305353,-0.00000667381590658,-0.0000163110718203,-0.000242283410291,-0.00179956501637,0.000157532573543,-0.000348441747574,-0.0000510987196547,-0.000161043577606,-0.000183923284367,-0.0000786900769119,-0.0000743940945434,-0.0000153921201842,-0.0000264695840788,-0.0000152738802681,-0.000118642953039,-0.000165014041935,-0.0000439478528564,-0.000086903330546,-0.0000332850888025,-0.0000163110718203,-0.0000432205094905,-0.000150218141291,-0.000165014041935,-0.000329102229562,-0.000316868345453,-0.0000201675412157,-0.00117262228687,-0.000316868345453,-0.0000180878494582
1882,-0.000317540751804,-0.000111665501512,-8.79084685934e-7,-0.000248403857001,-0.00156531644348,-0.000144256368618,-0.000173686099296,-0.000167669360817,-0.000215737455302,-0.000109967988157,-0.0000665983673365,-0.0000257571916427,-0.0000553737509028,-0.0000641201278935,-0.000167233643629,-0.000213974651807,-0.000313209587089,-0.000317540751804,-0.000543200078626,-0.0000084164735652,-0.0000275377280157,-0.000585305445451,-0.000133891664086,-0.000869606313416,-0.000487479408824,-0.000249084086541,-0.00034812914597,-0.000487479408824,-0.000693827773365,-0.000171837495474,-0.000314756452521,-0.000199092981214,-0.000129186020622,-0.0000588282458396,-0.000211086166473,-0.000195409573695,-0.00000237797362779,-0.000022765817481,-0.0000275377280157,-0.000426600651083,-0.0000665983673365,-0.0000257571916427,-0.000154225538924,-0.000249084086541,-0.0000129175150763,-0.000104973673474,-0.000384908872128,-0.0000197116888208,-0.000316603654114,-0.0000915827895538,-0.00000666527383775,-0.0000152556138948,-0.0000277604267209,-0.0000406523290106,-0.000130389085971,-0.0000127330402799,-0.0000125000288076,-0.00023491461186,-0.0000222674490518,-0.00156531644348,-0.0000201508180506,-0.00061003092125,0.000378375509484,-0.000362592900012,-0.0000444447089478,-0.000836293321569,-0.000239422580799,-0.0000774595528128,-0.0000624785209657,0.000512182471677,-0.0000644019712919,-0.00000666527383775,-0.0000162930144683,-0.000242076143927,-0.00179826359019,0.000157437918626,-0.00034812914597,-0.0000510497374289,-0.000160894513091,-0.00018374276453,-0.0000786102290791,-0.0000743249370201,-0.0000153738372726,-0.0000264398148375,-0.0000152556138948,-0.000118530898141,-0.000164883761829,-0.0000438987744591,-0.0000868332079822,-0.0000332513393007,-0.0000162930144683,-0.000043174419825,-0.000150092262952,-0.000164883761829,-0.000328842886853,-0.000316603654114,-0.0000201508180506,-0.0011717406939,-0.000316603654114,-0.0000180682791644
1883,-0.000317281251714,-0.000111564729701,-8.77818753686e-7,-0.000248200483416,-0.0015642717004,-0.000144119495863,-0.00017351647802,-0.00016753107488,-0.000215550345758,-0.00010985948123,-0.0000665287055623,-0.0000257276822166,-0.0000553183523175,-0.000064052766243,-0.000167069859494,-0.000213783172434,-0.000312960796371,-0.000317281251714,-0.000542773569707,-0.00000840606012886,-0.0000275059410746,-0.000584862275508,-0.000133762077494,-0.000868986324289,-0.000487083135108,-0.000248854701055,-0.000347816824664,-0.000487083135108,-0.000693307374172,-0.000171686190554,-0.000314474691902,-0.000198907664169,-0.000129069390357,-0.000058779031511,-0.000210899376406,-0.00019522268462,-0.0000023746786102,-0.000022741576541,-0.0000275059410746,-0.000426237916699,-0.0000665287055623,-0.0000257276822166,-0.000154074713454,-0.000248854701055,-0.0000129015588439,-0.000104870786133,-0.000384576799577,-0.0000196916121098,-0.000316339184545,-0.0000915039089939,-0.00000665674281075,-0.0000152373694622,-0.0000277279586873,-0.0000406064063228,-0.00013027063589,-0.0000127175904159,-0.0000124849048779,-0.000234698005317,-0.0000222451063339,-0.0015642717004,-0.0000201341085937,-0.000609548297285,0.000378093151692,-0.000362297895931,-0.0000443988941603,-0.000835643332793,-0.000239252719728,-0.0000773818728481,-0.0000624128082514,0.000511841943867,-0.0000643386994916,-0.00000665674281075,-0.0000162749778294,-0.000241869054976,-0.00179696310506,0.000157343321103,-0.000347816824664,-0.0000510008024635,-0.00016074558683,-0.000183562422293,-0.0000785304617863,-0.0000742558437183,-0.0000153555759841,-0.0000264100789509,-0.0000152373694622,-0.000118418949252,-0.00016475358432,-0.0000438497506421,-0.000086763141816,-0.0000332176237121,-0.0000162749778294,-0.0000431283792759,-0.000149966489793,-0.00016475358432,-0.000328583748746,-0.000316339184545,-0.0000201341085937,-0.00117085976357,-0.000316339184545,-0.0000180487302437
1884,-0.000317021963649,-0.000111464048409,-8.7655506098e-7,-0.000247997276182,-0.00156322765461,-0.000143982752744,-0.000173347022562,-0.000167392903369,-0.000215363398587,-0.000109751081386,-0.0000664591162218,-0.0000256982068532,-0.0000552630091883,-0.0000639854749744,-0.00016690623564,-0.000213591863948,-0.000312712203185,-0.000317021963649,-0.000542347395555,-0.00000839565900979,-0.0000274741912456,-0.000584419441186,-0.000133632616141,-0.000868366777525,-0.000486687183481,-0.000248625527356,-0.000347504783722,-0.000486687183481,-0.000692787365162,-0.000171535018996,-0.000314193183496,-0.000198722519773,-0.000128952865055,-0.0000587298586257,-0.00021071275154,-0.000195035974333,-0.00000237138818981,-0.0000227173613476,-0.0000274741912456,-0.000425875490854,-0.0000664591162218,-0.0000256982068532,-0.000153924035346,-0.000248625527356,-0.0000128856219259,-0.000104767999722,-0.000384245013369,-0.0000196715561609,-0.000316074934935,-0.0000914250969037,-0.00000664822244101,-0.0000152191468095,-0.0000276955293446,-0.0000405605349245,-0.000130152293988,-0.0000127021592844,-0.0000124697992834,-0.000234481598545,-0.0000222227862432,-0.00156322765461,-0.0000201174128334,-0.000609066055103,0.000377811004449,-0.000362003132084,-0.0000443531264249,-0.000834993848835,-0.000239082979681,-0.0000773042708122,-0.0000623471651702,0.000511501642678,-0.0000642754895286,-0.00000664822244101,-0.0000162569603042,-0.000241662142711,-0.00179566356018,0.000157248779775,-0.000347504783722,-0.0000509519143859,-0.000160596798325,-0.000183382256891,-0.0000784507759506,-0.0000741868147252,-0.0000153373366767,-0.0000263803765677,-0.0000152191468095,-0.000118307105922,-0.00016462350996,-0.0000438007815351,-0.0000866931325119,-0.0000331839424872,-0.0000162569603042,-0.0000430823877746,-0.000149840822504,-0.00016462350996,-0.000328324814782,-0.000316074934935,-0.0000201174128334,-0.0011699794955,-0.000316074934935,-0.0000180292020771
1885,-0.00031676288745,-0.000111363458388,-8.75293184155e-7,-0.000247794235332,-0.00156218430525,-0.000143846139845,-0.000173177732466,-0.000167254845803,-0.000215176613517,-0.000109642788916,-0.0000663896003514,-0.000025668765355,-0.0000552077210125,-0.0000639182544848,-0.000166742771748,-0.000213400727291,-0.00031246380731,-0.00031676288745,-0.000541921556152,-0.00000838527107749,-0.0000274424776059,-0.000583976942232,-0.000133503280308,-0.000867747672077,-0.000486291553728,-0.000248396564393,-0.000347193022558,-0.000486291553728,-0.000692267746517,-0.000171383980538,-0.000313911926602,-0.000198537547549,-0.000128836445433,-0.0000586807263869,-0.000210526292185,-0.00019484944296,-0.00000236810255361,-0.0000226931720251,-0.0000274424776059,-0.000425513373275,-0.0000663896003514,-0.000025668765355,-0.000153773504809,-0.000248396564393,-0.0000128697051407,-0.000104665313605,-0.000383913513978,-0.0000196515206339,-0.000315810906751,-0.0000913463521774,-0.00000663971324366,-0.0000152009455476,-0.0000276631374074,-0.0000405147160389,-0.000130034059239,-0.0000126867468748,-0.0000124547120879,-0.000234265391192,-0.0000222004887664,-0.00156218430525,-0.0000201007307679,-0.000608584194316,0.000377529067929,-0.000361708607456,-0.0000443074060694,-0.000834344869361,-0.000238913359813,-0.0000772267463844,-0.0000622815907159,0.00051116156758,-0.0000642123419237,-0.00000663971324366,-0.0000162389631804,-0.000241455407672,-0.00179436495517,0.000157154295786,-0.000347193022558,-0.0000509030727742,-0.000160448147437,-0.000183202268246,-0.0000783711703871,-0.0000741178498815,-0.0000153191189267,-0.0000263507079525,-0.0000152009455476,-0.0001181953681,-0.000164493538301,-0.0000437518673495,-0.0000866231797865,-0.0000331502955202,-0.0000162389631804,-0.0000430364454092,-0.000149715260106,-0.000164493538301,-0.000328066084612,-0.000315810906751,-0.0000201007307679,-0.00116909988912,-0.000315810906751,-0.000018009695137
1886,-0.000316504023114,-0.000111262959144,-8.74032698661e-7,-0.00024759136066,-0.0015611416526,-0.000143709656247,-0.000173008607555,-0.000167116901885,-0.000214989990295,-0.000109534602684,-0.0000663201568187,-0.0000256393571068,-0.0000551524885202,-0.000063851104251,-0.000166579468202,-0.000213209761572,-0.00031221560886,-0.000316504023114,-0.000541496050852,-0.00000837489582484,-0.000027410800941,-0.000583534778179,-0.000133374069303,-0.000867129008185,-0.000485896245578,-0.000248167812321,-0.000346881541318,-0.000485896245578,-0.000691748517017,-0.000171233074928,-0.000313630921516,-0.000198352747794,-0.000128720130868,-0.0000586316355173,-0.000210339997504,-0.000194663089892,-0.0000023648209666,-0.0000226690087155,-0.000027410800941,-0.000425151563309,-0.0000663201568187,-0.0000256393571068,-0.000153623121128,-0.000248167812321,-0.0000128538078994,-0.000104562728457,-0.000383582300118,-0.0000196315052117,-0.000315547099236,-0.000091267675745,-0.00000663121471245,-0.0000151827665675,-0.0000276307836069,-0.0000404689480877,-0.000129915931903,-0.0000126713528092,-0.0000124396430183,-0.000234049383163,-0.000022178213718,-0.0015611416526,-0.0000200840628839,-0.000608102715007,0.000377247341752,-0.000361414322967,-0.0000442617327616,-0.00083369639446,-0.000238743860193,-0.0000771492999032,-0.0000622160850225,0.000510821718576,-0.0000641492561302,-0.00000663121471245,-0.0000162209863221,-0.000241248849608,-0.0017930672891,0.000157059868398,-0.000346881541318,-0.0000508542781348,-0.000160299633836,-0.000183022456119,-0.0000782916458713,-0.0000740489488589,-0.0000153009226547,-0.0000263210722808,-0.0000151827665675,-0.000118083735926,-0.000164363669201,-0.0000437030075906,-0.0000865532832943,-0.0000331166825926,-0.0000162209863221,-0.0000429905522097,-0.000149589802883,-0.000164363669201,-0.000327807558135,-0.000315547099236,-0.0000200840628839,-0.00116822094377,-0.000315547099236,-0.0000179902093453
1887,-0.000316245370124,-0.000111162550522,-8.72774389205e-7,-0.000247388652244,-0.001560099696,-0.00014357330232,-0.000172839648169,-0.000166979072143,-0.000214803529095,-0.00010942652375,-0.0000662507863778,-0.0000256099828695,-0.0000550973110425,-0.0000637840253495,-0.000166416325115,-0.000213018966401,-0.000311967607744,-0.000316245370124,-0.000541070880154,-0.00000836453368169,-0.00002737916087,-0.000583092948968,-0.000133244983773,-0.000866510785306,-0.000485501258923,-0.00024793927133,-0.000346570339526,-0.000485501258923,-0.000691229677792,-0.000171082302505,-0.000313350168667,-0.000198168119864,-0.000128603921278,-0.0000585825857957,-0.000210153867807,-0.000194476914877,-0.00000236154398525,-0.0000226448709029,-0.00002737916087,-0.000424790061421,-0.0000662507863778,-0.0000256099828695,-0.000153472884887,-0.00024793927133,-0.0000128379302775,-0.000104460243541,-0.000383251372147,-0.0000196115105497,-0.000315283511538,-0.0000911890668114,-0.00000662272711915,-0.000015164609259,-0.0000275984675451,-0.0000404232321722,-0.000129797911914,-0.0000126559776867,-0.0000124245921986,-0.000233833574659,-0.0000221559609068,-0.001560099696,-0.0000200674093289,-0.00060762161606,0.000376965825999,-0.000361120278136,-0.0000442161066525,-0.000833048423614,-0.000238574481052,-0.0000770719311411,-0.0000621506483824,0.000510482095661,-0.0000640862324324,-0.00000662272711915,-0.00001620302936,-0.000241042468439,-0.00179177056181,0.000156965497824,-0.000346570339526,-0.0000508055304409,-0.000160151257773,-0.000182842820529,-0.0000782122021574,-0.0000739801117353,-0.0000152827483562,-0.0000262914701041,-0.000015164609259,-0.000117972209024,-0.000164233902163,-0.0000436542024387,-0.0000864834431296,-0.0000330831036637,-0.00001620302936,-0.0000429447074266,-0.000149464451185,-0.000164233902163,-0.000327549235895,-0.000315283511538,-0.0000200674093289,-0.00116734265941,-0.000315283511538,-0.000017970744894
1888,-0.000315986928824,-0.000111062232641,-8.71517816581e-7,-0.000247186109536,-0.00155905843468,-0.000143437077481,-0.000172670853678,-0.000166841355358,-0.000214617229576,-0.000109318550947,-0.0000661814878882,-0.000025580642296,-0.0000550421889276,-0.0000637170164897,-0.000166253341209,-0.000212828342137,-0.000311719803599,-0.000315986928824,-0.000540646042565,-0.00000835418412759,-0.000027347557177,-0.000582651454158,-0.00013311602281,-0.000865893003403,-0.000485106593068,-0.000247710940244,-0.000346259416958,-0.000485106593068,-0.000690711227251,-0.000170931662127,-0.000313069666769,-0.000197983663539,-0.000128487816398,-0.0000585335767189,-0.000209967902881,-0.000194290918051,-0.00000235827179784,-0.0000226207588492,-0.000027347557177,-0.000424428866763,-0.0000661814878882,-0.000025580642296,-0.000153322795266,-0.000247710940244,-0.0000128220723519,-0.000104357859327,-0.000382920729867,-0.0000195915362369,-0.000315020144243,-0.0000911105255765,-0.00000661425021597,-0.0000151464732738,-0.000027566189134,-0.0000403775677542,-0.000129679998984,-0.0000126406211578,-0.0000124095595511,-0.00023361796467,-0.0000221337303739,-0.00155905843468,-0.0000200507688906,-0.000607140898031,0.000376684520258,-0.000360826471721,-0.000044170527473,-0.000832400956448,-0.000238405221967,-0.0000769946399384,-0.0000620852807423,0.000510142698426,-0.0000640232709066,-0.00000661425021597,-0.0000161850913303,-0.000240836263545,-0.00179047477222,0.000156871183678,-0.000346259416958,-0.0000507568291366,-0.000160003019311,-0.000182663361457,-0.0000781328387491,-0.0000739113391326,-0.0000152645953397,-0.000026261901211,-0.0000151464732738,-0.000117860787781,-0.000164104238028,-0.0000436054519053,-0.0000864136593526,-0.000033049558783,-0.0000161850913303,-0.0000428989117447,-0.000149339204333,-0.000164104238028,-0.000327291116891,-0.000315020144243,-0.0000200507688906,-0.00116646503536,-0.000315020144243,-0.0000179513011602
1889,-0.000315728698339,-0.000110962004973,-8.7026292972e-7,-0.000246983732977,-0.00155801786824,-0.00014330098217,-0.000172502223824,-0.000166703753157,-0.000214431091456,-0.000109210685241,-0.0000661122619885,-0.0000255513350496,-0.0000549871220814,-0.0000636500779088,-0.000166090517212,-0.000212637888413,-0.000311472196261,-0.000315728698339,-0.000540221539097,-0.00000834384750359,-0.0000273159898843,-0.000582210293754,-0.000132987187079,-0.000865275662002,-0.000484712248322,-0.000247482819661,-0.000345948773188,-0.000484712248322,-0.000690193165454,-0.00017078115521,-0.000312789415734,-0.000197799378962,-0.000128371816383,-0.0000584846091307,-0.000209782102114,-0.000194105099026,-0.00000235500403756,-0.0000225966723271,-0.0000273159898843,-0.000424067979504,-0.0000661122619885,-0.0000255513350496,-0.000153172852523,-0.000247482819661,-0.0000128062339222,-0.00010425557542,-0.000382590372508,-0.0000195715820297,-0.000314756997208,-0.0000910320523957,-0.00000660578459355,-0.0000151283593413,-0.0000275339488169,-0.0000403319550735,-0.000129562193486,-0.0000126252835311,-0.0000123945451973,-0.000233402553213,-0.0000221115219547,-0.00155801786824,-0.000020034142354,-0.000606660560718,0.000376403424343,-0.000360532904979,-0.0000441249953296,-0.000831753992608,-0.000238236082773,-0.0000769174258926,-0.0000620199816597,0.000509803526982,-0.0000639603709307,-0.00000660578459355,-0.0000161671741488,-0.000240630235148,-0.00178917992008,0.00015677692646,-0.000345948773188,-0.0000507081750651,-0.000159854917942,-0.000182484078274,-0.000078053555995,-0.0000738426304281,-0.000015246463986,-0.000026232365558,-0.0000151283593413,-0.000117749471575,-0.000163974676163,-0.0000435567555641,-0.0000863439319749,-0.0000330160476922,-0.0000161671741488,-0.0000428531644934,-0.000149214062543,-0.000163974676163,-0.000327033201486,-0.000314756997208,-0.000020034142354,-0.00116558807153,-0.000314756997208,-0.000017931878511
1890,-0.000315470679119,-0.000110861868074,-8.69010087001e-7,-0.000246781521873,-0.0015569779964,-0.000143165015788,-0.000172333758899,-0.000166566263606,-0.000214245114948,-0.000109102925669,-0.0000660431085873,-0.0000255220617174,-0.0000549321099896,-0.0000635832097533,-0.000165927852503,-0.000212447605088,-0.000311224785694,-0.000315470679119,-0.000539797368873,-0.00000833352382124,-0.0000272844591223,-0.000581769467357,-0.000132858475388,-0.000864658760382,-0.000484318224005,-0.000247254909175,-0.000345638408264,-0.000484318224005,-0.00068967549275,-0.000170630780502,-0.000312509415866,-0.000197615266349,-0.000128255921192,-0.0000584356823996,-0.000209596465946,-0.000193919458043,-0.00000235174119956,-0.0000225726115142,-0.0000272844591223,-0.000423707398631,-0.0000660431085873,-0.0000255220617174,-0.000153023056435,-0.000247254909175,-0.0000127904151594,-0.000104153391955,-0.000382260300395,-0.0000195516483608,-0.000314494069932,-0.000090953646442,-0.00000659732963104,-0.0000151102668307,-0.0000275017461453,-0.0000402863937925,-0.000129444494968,-0.000012609964358,-0.0000123795489491,-0.000233187341164,-0.0000220893360163,-0.0015569779964,-0.0000200175295157,-0.000606180603012,0.000376122538053,-0.00036023957712,-0.0000440795101211,-0.000831107531532,-0.000238067064058,-0.0000768402895952,-0.0000619547510974,0.00050946458073,-0.0000638975327676,-0.00000659732963104,-0.0000161492765169,-0.000240424382926,-0.00178788600399,0.00015668272582,-0.000345638408264,-0.0000506595673295,-0.000159706953716,-0.000182304971374,-0.0000779743540975,-0.0000737739857675,-0.0000152283544437,-0.0000262028633,-0.0000151102668307,-0.000117638260983,-0.000163845216617,-0.0000435081138335,-0.0000862742608776,-0.0000329825710743,-0.0000161492765169,-0.0000428074669916,-0.000149089025338,-0.000163845216617,-0.000326775489683,-0.000314494069932,-0.0000200175295157,-0.00116471176688,-0.000314494069932,-0.0000179124771682
1891,-0.000315212870611,-0.000110761821138,-8.67758869205e-7,-0.000246579476388,-0.00155593881889,-0.000143029178619,-0.000172165458002,-0.000166428887822,-0.000214059299814,-0.000108995272388,-0.0000659740277849,-0.0000254928220675,-0.0000548771531985,-0.0000635164119842,-0.000165765347123,-0.000212257492541,-0.000310977571436,-0.000315212870611,-0.000539373531842,-0.00000832321256006,-0.0000272529645047,-0.000581328974523,-0.000132729889003,-0.000864042298915,-0.000483924519932,-0.000247027208434,-0.000345328321696,-0.000483924519932,-0.00068915820779,-0.000170480538108,-0.000312229666334,-0.000197431324909,-0.000128140130912,-0.0000583867964901,-0.000209410994334,-0.000193733994137,-0.00000234848221448,-0.0000225485762053,-0.0000272529645047,-0.000423347124634,-0.0000659740277849,-0.0000254928220675,-0.000152873406874,-0.000247027208434,-0.000012774616049,-0.000104051308306,-0.000381930513206,-0.0000195317346403,-0.000314231361924,-0.0000908753076603,-0.00000658888532978,-0.0000150921961017,-0.0000274695806688,-0.0000402408842444,-0.000129326903391,-0.0000125946634961,-0.0000123645708836,-0.000232972327344,-0.0000220671725133,-0.00155593881889,-0.0000200009306646,-0.000605701025266,0.00037584186164,-0.000359946487823,-0.000044034071955,-0.000830461572871,-0.000237898164881,-0.00007676323066,-0.0000618895893485,0.000509125859988,-0.0000638347566011,-0.00000658888532978,-0.0000161313985156,-0.000240218706796,-0.00178659302411,0.000156588581744,-0.000345328321696,-0.0000506110059804,-0.000159559126425,-0.000182126040094,-0.0000778952322009,-0.0000737054044508,-0.0000152102658584,-0.0000261733940419,-0.0000150921961017,-0.000117527154789,-0.000163715859428,-0.0000434595261423,-0.0000862046459575,-0.0000329491277453,-0.0000161313985156,-0.0000427618177445,-0.000148964093266,-0.000163715859428,-0.000326517980267,-0.000314231361924,-0.0000200009306646,-0.00116383612076,-0.000314231361924,-0.0000178930965511
1892,-0.000314955272954,-0.000110661864682,-8.66509341169e-7,-0.000246377596425,-0.00155490033465,-0.000142893470406,-0.000171997322163,-0.000166291625165,-0.000213873645784,-0.000108887725849,-0.0000659050188725,-0.0000254636153754,-0.0000548222506449,-0.0000634496842817,-0.00016560300078,-0.000212067549522,-0.000310730553303,-0.000314955272954,-0.000538950027007,-0.00000831291409575,-0.000027221506643,-0.000580888815207,-0.000132601426653,-0.000863426276749,-0.00048353113605,-0.000246799717439,-0.000345018513246,-0.00048353113605,-0.000688641310936,-0.000170330428258,-0.000311950167317,-0.000197247554567,-0.00012802444463,-0.0000583379513412,-0.000209225686604,-0.000193548707927,-0.00000234522788745,-0.0000225245665497,-0.000027221506643,-0.000422987156839,-0.0000659050188725,-0.0000254636153754,-0.000152723903701,-0.000246799717439,-0.0000127588359868,-0.000103949324703,-0.00038160101057,-0.0000195118415247,-0.00031396887363,-0.0000907970369131,-0.00000658045172486,-0.0000150741473819,-0.0000274374531459,-0.0000401954263376,-0.000129209418429,-0.0000125793816839,-0.0000123496108535,-0.00023275751156,-0.0000220450309669,-0.00155490033465,-0.0000199843452586,-0.000605221826577,0.000375561394677,-0.000359653637097,-0.0000439886800994,-0.000829816116585,-0.000237729385697,-0.0000766862490291,-0.0000618244962745,0.000508787364435,-0.0000637720414898,-0.00000658045172486,-0.0000161135403172,-0.000240013206776,-0.0017853009791,0.00015649449429,-0.000345018513246,-0.0000505624916416,-0.000159411436154,-0.000181947284157,-0.0000778161905459,-0.0000736368870573,-0.0000151921991751,-0.0000261439578506,-0.0000150741473819,-0.000117416153846,-0.0001635866043,-0.0000434109930296,-0.0000861350872947,-0.0000329157187871,-0.0000161135403172,-0.0000427162170418,-0.000148839265725,-0.0001635866043,-0.000326260674158,-0.00031396887363,-0.0000199843452586,-0.00116296113338,-0.00031396887363,-0.0000178737371703
1893,-0.000314697885818,-0.000110561998773,-8.65262068217e-7,-0.000246175881708,-0.00155386254355,-0.000142757890588,-0.00017182935028,-0.000166154475798,-0.000213688152434,-0.000108780285064,-0.0000658360822987,-0.0000254344425779,-0.0000547674038547,-0.0000633830266201,-0.000165440813665,-0.000211877776541,-0.000310483731819,-0.000314697885818,-0.000538526855244,-0.00000830262832796,-0.0000271900848992,-0.00058044898954,-0.000132473088881,-0.000862810693993,-0.000483138071966,-0.000246572436061,-0.00034470898277,-0.000483138071966,-0.000688124801924,-0.00017018044997,-0.000311670918961,-0.000197063955246,-0.000127908863173,-0.0000582891474799,-0.000209040543166,-0.000193363598584,-0.00000234197832638,-0.0000225005829808,-0.0000271900848992,-0.000422627495213,-0.0000658360822987,-0.0000254344425779,-0.000152574546425,-0.000246572436061,-0.0000127430756547,-0.000103847441435,-0.000381271792077,-0.0000194919683363,-0.000313706604402,-0.0000907188331576,-0.00000657202940424,-0.0000150561196062,-0.000027405363431,-0.0000401500192719,-0.000129092040508,-0.0000125641181188,-0.000012334669043,-0.00023254289359,-0.000022022911577,-0.00155386254355,-0.0000199677737411,-0.000604743007223,0.000375281136395,-0.000359361024285,-0.0000439433355535,-0.000829171161631,-0.000237560725898,-0.0000766093444957,-0.0000617594717731,0.000508449094084,-0.0000637093884497,-0.00000657202940424,-0.0000160957023825,-0.000239807882208,-0.00178400986844,0.000156400463259,-0.00034470898277,-0.0000505140234379,-0.000159263882803,-0.000181768703986,-0.0000777372291449,-0.0000735684338746,-0.0000151741538126,-0.0000261145550691,-0.0000150561196062,-0.000117305257403,-0.000163457450977,-0.0000433625140008,-0.0000860655848358,-0.0000328823438505,-0.0000160957023825,-0.0000426706651462,-0.000148714542597,-0.000163457450977,-0.000326003570438,-0.000313706604402,-0.0000199677737411,-0.0011620868034,-0.000313706604402,-0.0000178543982576
1894,-0.000314440708779,-0.000110462222561,-8.64016076019e-7,-0.00024597433194,-0.00155282544535,-0.000142622439396,-0.000171661542435,-0.000166017439472,-0.000213502820515,-0.00010867295011,-0.0000657672180377,-0.0000254053029423,-0.0000547126117807,-0.0000633164387231,-0.000165278785161,-0.000211688173336,-0.000310237106611,-0.000314440708779,-0.000538104015495,-0.00000829235567146,-0.0000271586988152,-0.000580009496787,-0.000132344875065,-0.000862195549894,-0.000482745327135,-0.000246345364065,-0.000344399730346,-0.000482745327135,-0.000687608680104,-0.00017003060417,-0.000311391920026,-0.000196880526929,-0.000127793385694,-0.0000582403842917,-0.000208855563241,-0.000193178666487,-0.00000233873300592,-0.0000224766243164,-0.0000271586988152,-0.000422268139604,-0.0000657672180377,-0.0000254053029423,-0.000152425335862,-0.000246345364065,-0.0000127273348993,-0.000103745657702,-0.0003809428572,-0.0000194721158451,-0.000313444554462,-0.0000906406974925,-0.00000656361744422,-0.000015038113836,-0.0000273733109175,-0.000040104663606,-0.000128974768642,-0.0000125488732192,-0.0000123197453221,-0.000232328473478,-0.0000220008146989,-0.00155282544535,-0.0000199512162551,-0.000604264567041,0.000375001087577,-0.000359068649975,-0.0000438980374371,-0.000828526708029,-0.000237392186223,-0.0000765325168368,-0.0000616945153986,0.000508111048328,-0.0000636467971828,-0.00000656361744422,-0.000016077883612,-0.000239602733685,-0.00178271969197,0.000156306488851,-0.000344399730346,-0.0000504656017517,-0.00015911646583,-0.000181590299198,-0.0000776583480504,-0.0000735000434355,-0.0000151561297992,-0.0000260851850191,-0.000015038113836,-0.000117194465763,-0.000163328399899,-0.0000433140893072,-0.0000859961380097,-0.0000328490025447,-0.000016077883612,-0.0000426251619166,-0.000148589924274,-0.000163328399899,-0.000325746669806,-0.000313444554462,-0.0000199512162551,-0.00116121313111,-0.000313444554462,-0.0000178350806266
1895,-0.000314183742285,-0.000110362536343,-8.62772234989e-7,-0.00024577294729,-0.00155178903914,-0.000142487117138,-0.000171493898151,-0.000165880516247,-0.000213317649176,-0.000108565720953,-0.0000656984252609,-0.000025376196616,-0.0000546578742329,-0.0000632499214719,-0.000165116915705,-0.000211498740033,-0.000309990676943,-0.000314183742285,-0.000537681507885,-0.00000828209517056,-0.0000271273503301,-0.000579570336846,-0.000132216785356,-0.000861580844358,-0.000482352902011,-0.000246118500897,-0.000344090754709,-0.000482352902011,-0.000687092945451,-0.000169880890237,-0.00031111317119,-0.000196697269309,-0.000127678012954,-0.0000581916615818,-0.000208670747064,-0.000192993911512,-0.00000233549213524,-0.0000224526913026,-0.0000271273503301,-0.00042190908897,-0.0000656984252609,-0.000025376196616,-0.000152276270548,-0.000246118500897,-0.0000127116132429,-0.000103643973736,-0.00038061420648,-0.0000194522835404,-0.000313182723434,-0.0000905626284808,-0.00000655521639592,-0.0000150201293971,-0.0000273412962208,-0.0000400593596881,-0.000128857603962,-0.000012533647114,-0.0000123048395517,-0.000232114251478,-0.0000219787394418,-0.00155178903914,-0.0000199346724301,-0.000603786504801,0.000374721247761,-0.000358776513123,-0.0000438527862316,-0.000827882755416,-0.000237223765685,-0.0000764557666191,-0.000061629627166,0.000507773227438,-0.0000635842668322,-0.00000655521639592,-0.000016060084902,-0.000239397760672,-0.00178143044771,0.000156212570813,-0.000344090754709,-0.0000504172266047,-0.000158969185144,-0.000181412069455,-0.0000775795468453,-0.000073431717313,-0.0000151381273414,-0.0000260558482821,-0.0000150201293971,-0.000117083778959,-0.000163199450596,-0.000043265718535,-0.0000859267477162,-0.0000328156947802,-0.000016060084902,-0.0000425797065207,-0.000148465410214,-0.000163199450596,-0.000325489971254,-0.000313182723434,-0.0000199346724301,-0.00116034011539,-0.000313182723434,-0.0000178157838668
1896,-0.000313926985567,-0.000110262940256,-8.61529898089e-7,-0.000245571727945,-0.00155075332494,-0.000142351923177,-0.000171326418069,-0.000165743706054,-0.00021313263833,-0.000108458597624,-0.0000656297049852,-0.0000253471240033,-0.0000546031919377,-0.0000631834737703,-0.000164955204326,-0.00021130947644,-0.000309744442656,-0.000313926985567,-0.000537259332179,-0.00000827184808827,-0.000027096037313,-0.000579131509108,-0.000132088820011,-0.00086096657716,-0.000481960795458,-0.000245891846834,-0.000343782056768,-0.000481960795458,-0.000686577598028,-0.000169731308225,-0.000310834671524,-0.000196514182304,-0.000127562744223,-0.0000581429797872,-0.000208486094418,-0.000192809332694,-0.0000023322560434,-0.0000224287841881,-0.000027096037313,-0.000421550343941,-0.0000656297049852,-0.0000253471240033,-0.000152127351488,-0.000245891846834,-0.0000126959115705,-0.000103542389725,-0.000380285839324,-0.000019432470963,-0.000312921111096,-0.0000904846268215,-0.0000065468260444,-0.0000150021660872,-0.000027309318293,-0.0000400141063581,-0.000128740545298,-0.0000125184388651,-0.00001228995158,-0.00023190022737,-0.0000219566871387,-0.00155075332494,-0.0000199181423159,-0.000603308820738,0.000374441617033,-0.000358484614225,-0.0000438075818225,-0.000827239302994,-0.000237055465226,-0.0000763790932519,-0.0000615648074893,0.000507435631519,-0.0000635217985758,-0.0000065468260444,-0.0000160423057016,-0.000239192962746,-0.00178014213619,0.000156118709118,-0.000343782056768,-0.0000503688976607,-0.000158822041124,-0.000181234014491,-0.0000775008255225,-0.0000733634543364,-0.0000151201463074,-0.0000260265440639,-0.0000150021660872,-0.000116973196862,-0.000163070602889,-0.0000432174016236,-0.0000858574131133,-0.0000327824212034,-0.0000160423057016,-0.0000425343005324,-0.000148341000899,-0.000163070602889,-0.000325233475341,-0.000312921111096,-0.0000199181423159,-0.00115946775642,-0.000312921111096,-0.0000177965080015
1897,-0.000313670438755,-0.000110163434202,-8.60289624427e-7,-0.0002453706729,-0.00154971830202,-0.000142216857351,-0.000171159101037,-0.000165607008534,-0.000212947788145,-0.000108351580084,-0.0000655610562532,-0.0000253180843464,-0.000054548563754,-0.0000631170955874,-0.000164793651657,-0.000211120381559,-0.000309498404667,-0.000313670438755,-0.000536837487629,-0.00000826161313494,-0.0000270647604586,-0.000578693014107,-0.000131960978017,-0.000860352747949,-0.000481569007812,-0.000245665401609,-0.000343473635463,-0.000481569007812,-0.000686062636645,-0.000169581857714,-0.000310556421222,-0.00019633126576,-0.000127447579328,-0.0000580943387885,-0.000208301605336,-0.000192624931047,-0.00000232902445862,-0.0000224049021647,-0.0000270647604586,-0.000421191904037,-0.0000655610562532,-0.0000253180843464,-0.000151978577941,-0.000245665401609,-0.0000126802287514,-0.000103440904983,-0.000379957755404,-0.0000194126790589,-0.000312659717381,-0.0000904066923324,-0.00000653844660459,-0.0000149842251904,-0.0000272773783694,-0.0000399689044226,-0.000128623593146,-0.000012503249279,-0.0000122750819451,-0.000231686400003,-0.0000219346567052,-0.00154971830202,-0.0000199016258895,-0.000602831514999,0.000374162194816,-0.000358192952438,-0.0000437624237781,-0.00082659635121,-0.00023688728359,-0.0000763024963994,-0.0000615000558204,0.000507098259512,-0.000063459391257,-0.00000653844660459,-0.0000160245460634,-0.000238988340254,-0.00177885475672,0.00015602490426,-0.000343473635463,-0.0000503206150335,-0.000158675032781,-0.000181056134338,-0.0000774221843072,-0.0000732952547553,-0.000015102186365,-0.0000259972735388,-0.0000149842251904,-0.000116862719041,-0.000162941857137,-0.0000431691390661,-0.000085788134502,-0.0000327491812424,-0.0000160245460634,-0.0000424889425608,-0.000148216695457,-0.000162941857137,-0.00032497718118,-0.000312659717381,-0.0000199016258895,-0.00115859605311,-0.000312659717381,-0.0000177772529426
1898,-0.000313414101718,-0.000110064018,-8.59050704349e-7,-0.000245169782572,-0.00154868396977,-0.000142081919512,-0.000170991947552,-0.000165470423742,-0.000212763097807,-0.000108244667998,-0.0000654924795551,-0.0000252890781018,-0.0000544939907297,-0.0000630507870873,-0.000164632256959,-0.000210931456065,-0.000309252561837,-0.000313414101718,-0.000536415974445,-0.00000825139097138,-0.0000270335194359,-0.000578254850788,-0.000131833259761,-0.000859739356341,-0.000481177538837,-0.000245439164787,-0.000343165490905,-0.000481177538837,-0.000685548062023,-0.000169432539111,-0.000310278420262,-0.000196148519152,-0.000127332518363,-0.0000580457386943,-0.00020811727933,-0.000192440705126,-0.00000232579717441,-0.0000223810455617,-0.0000270335194359,-0.000420833769042,-0.0000654924795551,-0.0000252890781018,-0.000151829949648,-0.000245439164787,-0.0000126645659542,-0.000103339519709,-0.000379629954575,-0.000019392906963,-0.000312398541904,-0.0000903288250571,-0.00000653007787754,-0.0000149663051889,-0.0000272454756445,-0.0000399237535325,-0.000128506747386,-0.0000124880780183,-0.0000122602303745,-0.000231472770122,-0.0000219126479779,-0.00154868396977,-0.0000198851228355,-0.000602354586358,0.000373882981179,-0.000357901528326,-0.0000437173122405,-0.000825953898804,-0.000236719221562,-0.0000762259772351,-0.0000614353724098,0.000506761111777,-0.0000633970455062,-0.00000653007787754,-0.0000160068064057,-0.000238783892376,-0.00177756830804,0.00015593115515,-0.000343165490905,-0.0000502723787306,-0.000158528160783,-0.000180878428797,-0.0000773436225532,-0.000073227118671,-0.0000150842479383,-0.0000259680353474,-0.0000149663051889,-0.000116752345439,-0.000162813213085,-0.0000431209301546,-0.000085718912155,-0.0000327159748101,-0.0000160068064057,-0.0000424436331352,-0.000148092493951,-0.000162813213085,-0.000324721089049,-0.000312398541904,-0.0000198851228355,-0.00115772500516,-0.000312398541904,-0.0000177580185063
1899,-0.000313157973816,-0.00010996469088,-8.57814075328e-7,-0.000244969056978,-0.00154765032768,-0.000141947109916,-0.000170824957154,-0.000165333951792,-0.000212578568066,-0.00010813786197,-0.0000654239745712,-0.0000252601055104,-0.0000544394719482,-0.0000629845491327,-0.000164471020581,-0.000210742699524,-0.00030900691437,-0.000313157973816,-0.000535994792356,-0.00000824118137377,-0.0000270023141264,-0.000577817019485,-0.000131705665614,-0.000859126402069,-0.000480786387943,-0.000245213136386,-0.000342857623141,-0.000480786387943,-0.000685033873136,-0.000169283352077,-0.000310000668356,-0.000195965943136,-0.000127217561543,-0.0000579971788874,-0.000207933116401,-0.000192256656005,-0.00000232257466859,-0.0000223572142941,-0.0000270023141264,-0.000420475938453,-0.0000654239745712,-0.0000252601055104,-0.000151681466997,-0.000245213136386,-0.0000126489219126,-0.000103238233915,-0.000379302436449,-0.0000193731551885,-0.000312137584484,-0.0000902510246741,-0.0000065217193459,-0.0000149484063634,-0.0000272136102479,-0.0000398786535118,-0.000128390007354,-0.0000124729254272,-0.0000122453964622,-0.000231259336893,-0.0000218906614879,-0.00154765032768,-0.0000198686338724,-0.000601878035606,0.000373603975617,-0.000357610341317,-0.000043672247215,-0.000825311945976,-0.000236551278711,-0.0000761495341033,-0.0000613707566997,0.000506424188579,-0.0000633347608709,-0.0000065217193459,-0.0000159890860321,-0.000238579619868,-0.00177628278968,0.000155837462598,-0.000342857623141,-0.0000502241889344,-0.000158381424952,-0.000180700897801,-0.0000772651405967,-0.00007315904592,-0.000015066330906,-0.0000259388302357,-0.0000149484063634,-0.00011664207617,-0.000162684670646,-0.0000430727749396,-0.0000856497451052,-0.000032682802356,-0.0000159890860321,-0.0000423983716678,-0.000147968396922,-0.000162684670646,-0.00032446519855,-0.000312137584484,-0.0000198686338724,-0.00115685461188,-0.000312137584484,-0.0000177388052096
1900,-0.000312902055288,-0.000109865453803,-8.56579243091e-7,-0.000244768495393,-0.00154661737579,-0.000141812428367,-0.000170658130263,-0.000165197592062,-0.000212394198142,-0.000108031161032,-0.0000653555410288,-0.0000252311655879,-0.0000543850080392,-0.0000629183802898,-0.000164309941952,-0.00021055411234,-0.000308761461837,-0.000312902055288,-0.000535573941052,-0.00000823098462099,-0.0000269711459868,-0.000577379519434,-0.000131578194465,-0.000858513885197,-0.00048039555489,-0.000244987316086,-0.000342550031152,-0.00048039555489,-0.00068452006982,-0.000169134296051,-0.000309723164674,-0.000195783536813,-0.000127102708428,-0.0000579486598795,-0.000207749116513,-0.000192072782389,-0.00000231935642248,-0.000022333408487,-0.0000269711459868,-0.000420118412097,-0.0000653555410288,-0.0000252311655879,-0.000151533129447,-0.000244987316086,-0.0000126332975121,-0.000103137047273,-0.000378975200664,-0.0000193534236228,-0.000311876845199,-0.0000901732915262,-0.00000651337219093,-0.0000149305294066,-0.0000271817821655,-0.000039833604375,-0.000128273373646,-0.0000124577909606,-0.0000122305805799,-0.000231046100585,-0.0000218686972691,-0.00154661737579,-0.0000198521580712,-0.000601401861725,0.000373325178558,-0.000357319391342,-0.0000436272288109,-0.000824670491735,-0.000236383455042,-0.0000760731679073,-0.0000613062093198,0.000506087489232,-0.0000632725371816,-0.00000651337219093,-0.0000159713856265,-0.000238375521749,-0.00177499820138,0.000155743826497,-0.000342550031152,-0.0000501760450109,-0.000158234824551,-0.000180523540679,-0.000077186738578,-0.000073091036735,-0.0000150484351225,-0.0000259096580244,-0.0000149305294066,-0.000116531911145,-0.000162556229579,-0.0000430246737357,-0.0000855806340212,-0.0000326496632903,-0.0000159713856265,-0.0000423531588787,-0.000147844403526,-0.000162556229579,-0.000324209510216,-0.000311876845199,-0.0000198521580712,-0.00115598487315,-0.000311876845199,-0.0000177196127096
1901,-0.000312646345978,-0.000109766306683,-8.55345458017e-7,-0.000244568097835,-0.00154558511294,-0.000141677874527,-0.000170491466226,-0.000165061344783,-0.000212209988334,-0.000107924565232,-0.000065287179142,-0.0000252022589233,-0.000054330598398,-0.0000628522810144,-0.000164149021209,-0.000210365693774,-0.00030851620426,-0.000312646345978,-0.000535153420019,-0.00000822080032314,-0.0000269400136279,-0.000576942350945,-0.000131450846947,-0.000857901804421,-0.000480005039668,-0.000244761703552,-0.000342242715537,-0.000480005039668,-0.000684006651892,-0.000168985371184,-0.000309445909354,-0.000195601300217,-0.000126987959076,-0.0000579001817567,-0.000207565279562,-0.000191889085173,-0.00000231614242185,-0.0000223096279708,-0.0000269400136279,-0.000419761189762,-0.000065287179142,-0.0000252022589233,-0.000151384936824,-0.000244761703552,-0.0000126176921946,-0.000103035959999,-0.000378648247671,-0.0000193337119843,-0.0003116163236,-0.0000900956255654,-0.00000650503554578,-0.0000149126736169,-0.0000271499910394,-0.0000397886065597,-0.000128156846188,-0.0000124426754686,-0.0000122157828071,-0.00023083306117,-0.0000218467547102,-0.00154558511294,-0.0000198356961931,-0.00060092606464,0.000373046589453,-0.000357028677656,-0.0000435822567297,-0.000824029536195,-0.000236215750581,-0.0000759968781443,-0.0000612417298651,0.000505751013807,-0.0000632103749387,-0.00000650503554578,-0.0000159537046907,-0.000238171598338,-0.00177371454168,0.000155650246676,-0.000342242715537,-0.0000501279472966,-0.000158088359965,-0.000180346358028,-0.0000771084156255,-0.0000730230904091,-0.0000150305603914,-0.0000258805185172,-0.0000149126736169,-0.000116421850072,-0.000162427890079,-0.0000429766259895,-0.0000855115788934,-0.0000326165578377,-0.0000159537046907,-0.000042307994188,-0.000147720514591,-0.000162427890079,-0.000323954023411,-0.0003116163236,-0.0000198356961931,-0.00115511578836,-0.0003116163236,-0.0000177004404947
1902,-0.000312390845754,-0.000109667248652,-8.54114220683e-7,-0.000244367864897,-0.00154455353947,-0.000141543448187,-0.000170324964844,-0.00016492521023,-0.000212025937862,-0.00010781807436,-0.0000652188885857,-0.000025173385402,-0.0000542762434064,-0.0000627862511253,-0.000163988258205,-0.000210177444211,-0.000308271141637,-0.000312390845754,-0.000534733229051,-0.00000821062873602,-0.000026908916809,-0.000576505513084,-0.000131323622566,-0.000857290160164,-0.000479614841861,-0.000244536299097,-0.000341935675228,-0.000479614841861,-0.000683493618784,-0.000168836577957,-0.000309168902374,-0.000195419233654,-0.000126873313186,-0.0000578517436849,-0.000207381604951,-0.000191705563197,-0.0000023129331157,-0.0000222858732126,-0.000026908916809,-0.000419404271136,-0.0000652188885857,-0.000025173385402,-0.000151236889213,-0.000244536299097,-0.0000126021060507,-0.000102934971731,-0.000378321576247,-0.0000193140205891,-0.000311356020084,-0.0000900180261292,-0.00000649670965114,-0.0000148948390999,-0.0000271182375311,-0.0000397436588839,-0.000128040423869,-0.000012427577984,-0.0000122010030745,-0.000230620218134,-0.000021824834632,-0.00154455353947,-0.0000198192477292,-0.000600450643836,0.00037276820806,-0.000356738200576,-0.0000435373311332,-0.00082338907915,-0.000236048164891,-0.0000759206649148,-0.0000611773179964,0.000505414762045,-0.0000631482738052,-0.00000649670965114,-0.0000159360433862,-0.000237967849637,-0.00177243181082,0.000155556722998,-0.000341935675228,-0.000050079895725,-0.000157942031164,-0.000180169349045,-0.0000770301728261,-0.0000729552071927,-0.000015012706827,-0.0000258514116394,-0.0000148948390999,-0.000116311892891,-0.000162299651506,-0.0000429286318431,-0.0000854425793326,-0.0000325834861847,-0.0000159360433862,-0.0000422628773498,-0.000147596729029,-0.000162299651506,-0.000323698737531,-0.000311356020084,-0.0000198192477292,-0.00115424735731,-0.000311356020084,-0.0000176812896484
1903,-0.000312135554275,-0.000109568279973,-8.52884555869e-7,-0.00024416779546,-0.00154352265437,-0.000141409149556,-0.000170158626116,-0.000164789187862,-0.000211842047277,-0.000107711689086,-0.0000651506697791,-0.0000251445448729,-0.0000542219424995,-0.0000627202905843,-0.000163827652122,-0.000209989362552,-0.000308026273662,-0.000312135554275,-0.000534313368163,-0.00000820046946792,-0.0000268778556989,-0.000576069006088,-0.000131196521301,-0.000856678952025,-0.000479224961311,-0.000244311102122,-0.000341628910373,-0.000479224961311,-0.000682980970631,-0.000168687915219,-0.00030889214347,-0.000195237336131,-0.00012675877065,-0.0000578033464418,-0.000207198093125,-0.000191522216976,-0.0000023097283024,-0.0000222621431174,-0.0000268778556989,-0.000419047656211,-0.0000651506697791,-0.0000251445448729,-0.000151088986505,-0.000244311102122,-0.0000125865393872,-0.000102834082308,-0.000377995187178,-0.0000192943493094,-0.000311095933466,-0.0000899404934929,-0.00000648839391459,-0.0000148770259809,-0.0000270865209009,-0.0000396987625297,-0.000127924107922,-0.0000124124982963,-0.0000121862408409,-0.000230407571303,-0.0000218029360539,-0.00154352265437,-0.0000198028132958,-0.000599975599449,0.000372490034802,-0.000356447959834,-0.0000434924514829,-0.00082274911946,-0.000235880698077,-0.0000758445282649,-0.0000611129739054,0.000505078733771,-0.0000630862333977,-0.00000648839391459,-0.0000159184016306,-0.000237764275017,-0.00177115000738,0.000155463255215,-0.000341628910373,-0.0000500318902192,-0.000157795837811,-0.000179992514016,-0.0000769520090138,-0.0000728873873079,-0.0000149948748636,-0.0000258223379803,-0.0000148770259809,-0.000116202039694,-0.00016217151443,-0.0000428806917139,-0.0000853736354181,-0.0000325504478855,-0.0000159184016306,-0.0000422178088195,-0.000147473047124,-0.00016217151443,-0.000323443652886,-0.000311095933466,-0.0000198028132958,-0.00115337957847,-0.000311095933466,-0.000017662159375
1904,-0.000311880471637,-0.000109469400433,-8.51656357881e-7,-0.000243967889892,-0.00154249245775,-0.000141274977906,-0.000169992449756,-0.000164653277616,-0.000211658316328,-0.000107605408609,-0.0000650825224602,-0.0000251157375928,-0.0000541676958639,-0.000062654399283,-0.000163667203656,-0.000209801449382,-0.000307781600267,-0.000311880471637,-0.00053389383717,-0.00000819032295585,-0.0000268468308002,-0.000575632829449,-0.000131069543057,-0.000856068179337,-0.000478835397532,-0.000244086112233,-0.000341322421007,-0.000478835397532,-0.00068246870745,-0.000168539383566,-0.000308615631963,-0.00019505560807,-0.000126644331967,-0.000057754989379,-0.000207014743913,-0.000191339046095,-0.00000230652741084,-0.00002223843848,-0.0000268468308002,-0.000418691344387,-0.0000650825224602,-0.0000251157375928,-0.000150941228231,-0.000244086112233,-0.0000125709920873,-0.000102733291828,-0.000377669079239,-0.0000192746978653,-0.000310836064075,-0.0000898630276103,-0.00000648008930115,-0.0000148592344162,-0.0000270548412979,-0.0000396539170593,-0.000127807897487,-0.0000123974372555,-0.0000121714965515,-0.000230195120284,-0.0000217810600081,-0.00154249245775,-0.0000197863925404,-0.000599500930455,0.000372212068972,-0.000356157955262,-0.0000434476184115,-0.000822109657221,-0.000235713350142,-0.0000757684679948,-0.0000610486974306,0.000504742929004,-0.000063024253937,-0.00000648008930115,-0.0000159007792186,-0.000237560874584,-0.00176986913085,0.000155369844103,-0.000341322421007,-0.0000499839310089,-0.000157649779716,-0.000179815852328,-0.0000768739245203,-0.0000728196305131,-0.0000149770638092,-0.0000257932966115,-0.0000148592344162,-0.000116092290115,-0.000162043478476,-0.0000428328052946,-0.0000853047472544,-0.0000325174430342,-0.0000159007792186,-0.0000421727884916,-0.000147349469337,-0.000162043478476,-0.000323188769247,-0.000310836064075,-0.0000197863925404,-0.00115251245242,-0.000310836064075,-0.0000176430495591
1905,-0.000311625597016,-0.000109370610398,-8.50430379007e-7,-0.000243768147866,-0.00154146294821,-0.000141140934488,-0.00016982643588,-0.000164517479648,-0.000211474744665,-0.000107499233044,-0.0000650144462382,-0.0000250869629097,-0.0000541135038512,-0.0000625885766405,-0.000163506912578,-0.000209613704563,-0.000307537120995,-0.000311625597016,-0.000533474635467,-0.00000818018908433,-0.0000268158414207,-0.000575196983404,-0.000130942687779,-0.000855457842508,-0.000478446150846,-0.000243861330111,-0.000341016206709,-0.000478446150846,-0.000681956827931,-0.000168390982714,-0.000308339368408,-0.000194874048771,-0.000126529996338,-0.0000577066731049,-0.000206831556621,-0.00019115605028,-0.00000230333166451,-0.0000222147591833,-0.0000268158414207,-0.000418335335097,-0.0000650144462382,-0.0000250869629097,-0.000150793614716,-0.000243861330111,-0.0000125554636545,-0.000102632600083,-0.000377343252775,-0.0000192550664329,-0.000310576412262,-0.0000897856285436,-0.0000064717952184,-0.000014841463897,-0.0000270231989079,-0.0000396091215453,-0.000127691792549,-0.0000123823944511,-0.000012156770492,-0.000229982865337,-0.00002175920533,-0.00154146294821,-0.0000197699851414,-0.000599026637283,0.000371934310438,-0.000355868187278,-0.0000434028314951,-0.000821470692229,-0.000235546120714,-0.0000756924839536,-0.0000609844887016,0.000504407347178,-0.0000629623359174,-0.0000064717952184,-0.0000158831766859,-0.000237357648091,-0.00176858918116,0.000155276488866,-0.000341016206709,-0.0000499360172586,-0.000157503856566,-0.000179639364296,-0.0000767959193961,-0.0000727519364814,-0.0000149592738863,-0.000025764288262,-0.000014841463897,-0.000115982644236,-0.000161915543743,-0.000042784971571,-0.0000852359144732,-0.0000324844717241,-0.0000158831766859,-0.0000421278160339,-0.000147225994625,-0.000161915543743,-0.000322934086924,-0.000310576412262,-0.0000197699851414,-0.00115164597814,-0.000310576412262,-0.0000176239605203
1906,-0.0003113709311,-0.000109271909481,-8.49205839426e-7,-0.000243568569498,-0.00154043412599,-0.000141007017533,-0.000169660583818,-0.000164381793513,-0.000211291332147,-0.000107393162213,-0.0000649464409452,-0.0000250582218024,-0.0000540593658016,-0.0000625228232272,-0.000163346777993,-0.000209426127798,-0.000307292836043,-0.0003113709311,-0.000533055762793,-0.00000817006805409,-0.000026784887611,-0.000574761467403,-0.000130815955257,-0.000854847940858,-0.000478057220288,-0.000243636754601,-0.000340710266637,-0.000478057220288,-0.000681445332582,-0.000168242712474,-0.000308063352077,-0.000194692659026,-0.000126415763987,-0.0000576583970151,-0.000206648531385,-0.000190973229476,-0.00000230014010194,-0.0000221911050167,-0.000026784887611,-0.000417979628961,-0.0000649464409452,-0.0000250582218024,-0.000150646145512,-0.000243636754601,-0.0000125399545507,-0.000102532007222,-0.00037701770787,-0.0000192354549133,-0.000310316976956,-0.0000897082963762,-0.00000646351148026,-0.000014823714853,-0.0000269915932982,-0.0000395643773228,-0.00012757579292,-0.0000123673701022,-0.000012142061788,-0.000229770806341,-0.0000217373731264,-0.00154043412599,-0.0000197535914657,-0.000598552719389,0.000371656759211,-0.000355578654296,-0.0000433580905241,-0.000820832223726,-0.000235379010159,-0.0000756165756357,-0.0000609203473889,0.000504071988943,-0.0000629004779129,-0.00000646351148026,-0.0000158655930802,-0.000237154595618,-0.00176731015675,0.000155183189474,-0.000340710266637,-0.0000498881495656,-0.000157358068661,-0.000179463049213,-0.000076717993573,-0.0000726843054775,-0.000014941505416,-0.0000257353122772,-0.000014823714853,-0.000115873102058,-0.000161787709676,-0.0000427371914178,-0.0000851671375308,-0.0000324515339267,-0.0000158655930802,-0.0000420828912011,-0.000147102623888,-0.000161787709676,-0.000322679604818,-0.000310316976956,-0.0000197535914657,-0.00115078015546,-0.000310316976956,-0.0000176048919718
1907,-0.000311116472806,-0.000109173297589,-8.47983046448e-7,-0.000243369154862,-0.00153940599025,-0.000140873227817,-0.000169494893975,-0.000164246219149,-0.000211108078887,-0.000107287196001,-0.0000648785074642,-0.0000250295131812,-0.0000540052820375,-0.0000624571391512,-0.000163186800329,-0.000209238718523,-0.000307048745174,-0.000311116472806,-0.000532637218308,-0.00000815995884107,-0.0000267539697387,-0.000574326280939,-0.000130689345489,-0.000854238473581,-0.000477668605865,-0.000243412385878,-0.000340404601759,-0.000477668605865,-0.000680934220677,-0.000168094572903,-0.000307787582782,-0.000194511437887,-0.000126301634578,-0.0000576101614223,-0.000206465668191,-0.000190790583457,-0.00000229695283105,-0.0000221674761063,-0.0000267539697387,-0.000417624225291,-0.0000648785074642,-0.0000250295131812,-0.000150498820242,-0.000243412385878,-0.0000125244645806,-0.000102431512974,-0.000376692443554,-0.0000192158636336,-0.00031005775796,-0.0000896310305896,-0.0000064552385628,-0.0000148059864866,-0.000026960025151,-0.0000395196832024,-0.000127459898924,-0.0000123523639948,-0.000012127370927,-0.000229558942422,-0.0000217155623004,-0.00153940599025,-0.0000197372116375,-0.000598079176418,0.000371379415129,-0.000355289356872,-0.0000433133956479,-0.000820194251647,-0.000235212018082,-0.0000755407441764,-0.0000608562736861,0.00050373685342,-0.0000628386814232,-0.0000064552385628,-0.00001584802951,-0.000236951716897,-0.00176603205711,0.000155089946555,-0.000340404601759,-0.0000498403282614,-0.000157212415676,-0.000179286907002,-0.0000766401465246,-0.0000726167374561,-0.0000149237576781,-0.0000257063687314,-0.0000148059864866,-0.000115763663144,-0.000161659976918,-0.0000426894650678,-0.0000850984157772,-0.0000324186292469,-0.00001584802951,-0.0000420380148318,-0.000146979356057,-0.000161659976918,-0.000322425323296,-0.00031005775796,-0.0000197372116375,-0.00114991498369,-0.00031005775796,-0.0000175858442901
1908,-0.000310862223194,-0.000109074774689,-8.46762207019e-7,-0.000243169902835,-0.00153837854116,-0.000140739565047,-0.000169329365994,-0.000164110756746,-0.000210924984677,-0.000107181334494,-0.0000648106443801,-0.0000250008376605,-0.0000539512523972,-0.0000623915243567,-0.000163026979544,-0.000209051476934,-0.000306804848178,-0.000310862223194,-0.000532219003086,-0.00000814986264697,-0.0000267230874544,-0.000573891423962,-0.000130562857995,-0.000853629441462,-0.000477280307426,-0.000243188223742,-0.000340099210495,-0.000477280307426,-0.000680423492473,-0.000167946563632,-0.000307512060459,-0.000194330385612,-0.00012618760842,-0.0000575619665741,-0.000206282967102,-0.000190608112605,-0.00000229377007921,-0.0000221438724841,-0.0000267230874544,-0.000417269123766,-0.0000648106443801,-0.0000250008376605,-0.000150351639627,-0.000243188223742,-0.0000125089939309,-0.000102331116961,-0.000376367459723,-0.0000191962922491,-0.000309798756049,-0.0000895538312822,-0.00000644697629415,-0.0000147882797856,-0.0000269284932584,-0.0000394750397907,-0.000127344110393,-0.0000123373759666,-0.0000121126980313,-0.000229347274078,-0.0000216937738786,-0.00153837854116,-0.0000197208452848,-0.000597606008078,0.000371102278234,-0.000355000295301,-0.0000432687470786,-0.000819556775159,-0.000235045144596,-0.0000754649882895,-0.0000607922670923,0.000503401940842,-0.0000627769451116,-0.00000644697629415,-0.0000158304847035,-0.000236749011425,-0.00176475488228,0.000154996759596,-0.000340099210495,-0.0000497925521654,-0.000157066897394,-0.000179110937976,-0.0000765623784429,-0.0000725492322697,-0.0000149060312089,-0.0000256774578911,-0.0000147882797856,-0.00011565432753,-0.000161532344719,-0.0000426417918931,-0.0000850297496005,-0.0000323857581366,-0.0000158304847035,-0.0000419931860511,-0.000146856191835,-0.000161532344719,-0.000322171242348,-0.000309798756049,-0.0000197208452848,-0.00114905046232,-0.000309798756049,-0.0000175668173465
1909,-0.000310608181164,-0.000108976340994,-8.45543265626e-7,-0.000242970814659,-0.00153735177776,-0.000140606028835,-0.000169163999415,-0.000163975406133,-0.000210742048504,-0.000107075577076,-0.000064742852472,-0.000024972194872,-0.0000538972770094,-0.0000623259785355,-0.000162867315406,-0.000208864403396,-0.000306561145003,-0.000310608181164,-0.000531801116597,-0.00000813977875325,-0.0000266922407306,-0.00057345689652,-0.00013043649332,-0.000853020843252,-0.000476892324808,-0.000242964268353,-0.000339794093475,-0.000476892324808,-0.000679913147355,-0.00016779868492,-0.000307236784567,-0.000194149501646,-0.000126073685081,-0.0000575138114831,-0.000206100427244,-0.000190425815725,-0.00000229059189882,-0.000022120293826,-0.0000266922407306,-0.000416914323986,-0.000064742852472,-0.000024972194872,-0.000150204602372,-0.000242964268353,-0.0000124935425214,-0.00010223081972,-0.000376042756375,-0.0000191767404329,-0.000309539970566,-0.0000894766986361,-0.00000643872454109,-0.0000147705943698,-0.0000268969987207,-0.0000394304468827,-0.000127228426921,-0.000012322406052,-0.0000120980429563,-0.000229135801035,-0.0000216720068709,-0.00153735177776,-0.0000197044920514,-0.000597133214177,0.000370825347566,-0.000354711468598,-0.0000432241447319,-0.000818919794229,-0.000234878389414,-0.0000753893084315,-0.0000607283281946,0.000503067250977,-0.000062715269618,-0.00000643872454109,-0.0000158129601218,-0.000236546479746,-0.00176347863079,0.000154903628305,-0.000339794093475,-0.0000497448219408,-0.000156921513914,-0.000178935141791,-0.0000764846895076,-0.0000724817896796,-0.0000148883256608,-0.0000256485795065,-0.0000147705943698,-0.00011554509561,-0.000161404813486,-0.0000425941716546,-0.0000849611390823,-0.0000323529203241,-0.0000158129601218,-0.0000419484052525,-0.000146733130551,-0.000161404813486,-0.000321917361503,-0.000309539970566,-0.0000197044920514,-0.00114818659106,-0.000309539970566,-0.0000175478108773
1910,-0.000310354346463,-0.000108877995865,-8.44325601435e-7,-0.000242771888634,-0.00153632569923,-0.000140472619623,-0.000168998794138,-0.000163840167016,-0.00021055927195,-0.000106969924658,-0.0000646751315774,-0.0000249435848163,-0.0000538433552055,-0.0000622605015188,-0.000162707807358,-0.000208677496516,-0.000306317635521,-0.000310354346463,-0.000531383557944,-0.00000812970743169,-0.0000266614297648,-0.000573022697936,-0.00013031025065,-0.000852412679132,-0.000476504657334,-0.000242740518875,-0.000339489250011,-0.000476504657334,-0.000679403184717,-0.000167650936231,-0.000306961755274,-0.000193968786189,-0.000125959864712,-0.0000574656966976,-0.000205918049219,-0.00019024369363,-0.00000228741795061,-0.0000220967402758,-0.0000266614297648,-0.000416559825937,-0.0000646751315774,-0.0000249435848163,-0.000150057709189,-0.000242740518875,-0.0000124781097224,-0.000102130620491,-0.000375718333006,-0.0000191572088832,-0.000309281401168,-0.0000893996322109,-0.00000643048341642,-0.0000147529299204,-0.0000268655410531,-0.0000393859041345,-0.000127112848301,-0.0000123074545173,-0.0000120834053892,-0.000228924522861,-0.0000216502620196,-0.00153632569923,-0.0000196881528192,-0.00059666079398,0.000370548624021,-0.000354422876766,-0.0000431795879781,-0.000818283308324,-0.000234711752336,-0.0000753137046061,-0.0000606644565719,0.000502732783721,-0.0000626536548922,-0.00000643048341642,-0.0000157954543818,-0.000236344121093,-0.00176220330261,0.000154810553228,-0.000339489250011,-0.0000496971376762,-0.000156776265056,-0.00017875951807,-0.0000764070791814,-0.0000724144097486,-0.0000148706412739,-0.0000256197334236,-0.0000147529299204,-0.000115435966472,-0.000161277382983,-0.0000425466049974,-0.0000848925836534,-0.0000323201160031,-0.0000157954543818,-0.0000419036721206,-0.000146610172004,-0.000161277382983,-0.000321663680904,-0.000309281401168,-0.0000196881528192,-0.00114732336919,-0.000309281401168,-0.0000175288246975
1911,-0.000310100719328,-0.0001087797392,-8.43110043558e-7,-0.000242573126308,-0.00153530030596,-0.000140339337005,-0.000168833750689,-0.000163705039633,-0.000210376653094,-0.000106864375592,-0.0000646074813835,-0.0000249150075478,-0.0000537894874535,-0.0000621950931601,-0.0001625484557,-0.000208490757455,-0.000306074318946,-0.000310100719328,-0.00053096632711,-0.00000811964871339,-0.0000266306545358,-0.000572588828047,-0.000130184130216,-0.000851804948574,-0.000476117305136,-0.000242516975641,-0.000339184680156,-0.000476117305136,-0.000678893604685,-0.000167503317469,-0.000306686972008,-0.000193788238918,-0.000125846147082,-0.000057417622358,-0.000205735832489,-0.000190061745241,-0.00000228424812132,-0.0000220732122775,-0.0000266306545358,-0.000416205628844,-0.0000646074813835,-0.0000249150075478,-0.000149910959874,-0.000242516975641,-0.0000124626961968,-0.000102030519381,-0.000375394189398,-0.0000191376968299,-0.000309023047088,-0.0000893226324123,-0.0000064222521865,-0.0000147352865199,-0.0000268341197485,-0.0000393414117923,-0.000126997374592,-0.0000122925207693,-0.0000120687854142,-0.000228713439871,-0.0000216285389172,-0.00153530030596,-0.0000196718266618,-0.000596188747625,0.000370272106821,-0.000354134519791,-0.0000431350774095,-0.000817647317358,-0.000234545233735,-0.0000752381765556,-0.0000606006516346,0.00050239853852,-0.0000625921006989,-0.0000064222521865,-0.0000157779684447,-0.000236141935251,-0.00176092889647,0.00015471753438,-0.000339184680156,-0.0000496494990134,-0.000156631150553,-0.000178584066571,-0.0000763295477646,-0.0000723470924573,-0.0000148529780435,-0.0000255909202656,-0.0000147352865199,-0.000115326940448,-0.000161150052757,-0.0000424990911183,-0.0000848240835269,-0.0000322873445606,-0.0000157779684447,-0.0000418589868065,-0.000146487316863,-0.000161150052757,-0.000321410199822,-0.000309023047088,-0.0000196718266618,-0.00114646079643,-0.000309023047088,-0.0000175098593775
1912,-0.000309847299204,-0.000108681571826,-8.41896461878e-7,-0.000242374526385,-0.00153427559684,-0.000140206180728,-0.000168668868205,-0.000163570023445,-0.00021019419313,-0.000106758931463,-0.0000645399020884,-0.0000248864631924,-0.0000537356738004,-0.0000621297536245,-0.000162389259772,-0.000208304185504,-0.000305831195957,-0.000309847299204,-0.000530549423921,-0.0000081096021125,-0.0000265999146385,-0.000572155286747,-0.000130058131803,-0.000851197651349,-0.000475730267452,-0.000242293638236,-0.000338880383518,-0.000475730267452,-0.000678384407125,-0.000167355829116,-0.000306412435008,-0.000193607859528,-0.000125732531973,-0.0000573695880148,-0.000205553777016,-0.000189879970979,-0.00000228108302736,-0.0000220497085541,-0.0000265999146385,-0.000415851733479,-0.0000645399020884,-0.0000248864631924,-0.000149764353766,-0.000242293638236,-0.0000124473016814,-0.000101930516633,-0.000375070326059,-0.0000191182053113,-0.000308764909849,-0.0000892456988346,-0.00000641403264856,-0.0000147176640386,-0.0000268027357704,-0.0000392969695087,-0.000126882006285,-0.0000122776052862,-0.0000120541833351,-0.000228502550832,-0.0000216068374099,-0.00153427559684,-0.0000196555145999,-0.000595717074932,0.000369995795977,-0.000353846397715,-0.0000430906125377,-0.00081701182062,-0.000234378833364,-0.0000751627243956,-0.0000605369140541,0.000502064515602,-0.0000625306070376,-0.00000641403264856,-0.0000157605012436,-0.000235939922627,-0.00175965541195,0.00015462457104,-0.000338880383518,-0.000049601906126,-0.000156486170515,-0.000178408787167,-0.0000762520944875,-0.000072279837922,-0.0000148353356946,-0.0000255621392613,-0.0000147176640386,-0.000115218017477,-0.000161022823504,-0.0000424516303879,-0.0000847556387447,-0.0000322546065501,-0.0000157605012436,-0.0000418143487364,-0.000146364564903,-0.000161022823504,-0.000321156918643,-0.000308764909849,-0.0000196555145999,-0.00114559887183,-0.000308764909849,-0.0000174909144626
1913,-0.000309594086038,-0.000108583492687,-8.40683902936e-7,-0.000242176089254,-0.00153325157207,-0.000140073150994,-0.000168504146797,-0.000163435118533,-0.000210011891387,-0.000106653590967,-0.0000644723933236,-0.0000248579515558,-0.0000536819136947,-0.0000620644826457,-0.000162230220215,-0.000208117780223,-0.00030558826626,-0.000309594086038,-0.000530132848122,-0.00000809956771519,-0.0000265692105237,-0.000571722073747,-0.000129932255541,-0.000850590786473,-0.000475343544535,-0.000242070506594,-0.000338576359756,-0.000475343544535,-0.000677875591201,-0.000167208470534,-0.000306138143361,-0.000193427648348,-0.000125619019606,-0.0000573215940567,-0.000205371882392,-0.000189698370967,-0.00000227792242091,-0.0000220262300372,-0.0000265692105237,-0.000415498139223,-0.0000644723933236,-0.0000248579515558,-0.000149617891068,-0.000242070506594,-0.0000124319260992,-0.000101830611622,-0.000374746741703,-0.0000190987331612,-0.000308506988062,-0.0000891688315461,-0.00000640582278688,-0.0000147000630033,-0.0000267713879625,-0.0000392525780546,-0.000126766742034,-0.0000122627080787,-0.0000120395989986,-0.000228291856755,-0.0000215851580432,-0.00153325157207,-0.0000196392160143,-0.000595245775173,0.000369719691339,-0.000353558509714,-0.0000430461933387,-0.000816376817553,-0.000234212550884,-0.0000750873479358,-0.0000604732434732,0.000501730714732,-0.0000624691734856,-0.00000640582278688,-0.0000157430543908,-0.000235738082643,-0.00175838284843,0.000154531663603,-0.000338576359756,-0.0000495543588874,-0.000156341324625,-0.000178233679988,-0.0000761747206979,-0.0000722126456942,-0.0000148177142885,-0.0000255333906423,-0.0000147000630033,-0.000115109197511,-0.000160895694319,-0.0000424042227944,-0.0000846872491254,-0.0000322219016473,-0.0000157430543908,-0.0000417697587682,-0.000146241915596,-0.000160895694319,-0.000320903836919,-0.000308506988062,-0.0000196392160143,-0.00114473759526,-0.000308506988062,-0.0000174719898247
1914,-0.000309341080077,-0.000108485502108,-8.3947347429e-7,-0.000241977814293,-0.00153222823049,-0.000139940247304,-0.000168339586108,-0.000163300325158,-0.000209829747601,-0.0001065483546,-0.0000644049553911,-0.0000248294723377,-0.0000536282073256,-0.0000619992803657,-0.000162071336133,-0.00020793154227,-0.000305345529267,-0.000309341080077,-0.000529716599557,-0.00000808954630838,-0.0000265385416029,-0.000571289188512,-0.000129806500926,-0.000849984354858,-0.000474957136355,-0.000241847580237,-0.000338272608715,-0.000474957136355,-0.000677367156849,-0.000167061241526,-0.000305864097625,-0.000193247604447,-0.00012550560976,-0.0000572736402531,-0.000205190149127,-0.000189516944372,-0.00000227476573045,-0.0000220027768227,-0.0000265385416029,-0.000415144845576,-0.0000644049553911,-0.0000248294723377,-0.000149471571654,-0.000241847580237,-0.0000124165694739,-0.000101730805145,-0.000374423436479,-0.0000190792810528,-0.00030824928134,-0.0000890920305068,-0.00000639762381516,-0.0000146824828677,-0.0000267400770557,-0.0000392082359717,-0.000126651582941,-0.0000122478288911,-0.000012025032103,-0.000228081356886,-0.0000215635001846,-0.00153222823049,-0.0000196229308429,-0.000594774848662,0.000369443793021,-0.00035327085617,-0.0000430018204858,-0.000815742308189,-0.000234046386341,-0.0000750120467439,-0.0000604096405166,0.000501397135841,-0.0000624078002898,-0.00000639762381516,-0.0000157256257864,-0.000235536415252,-0.00175711120548,0.00015443881207,-0.000338272608715,-0.0000495068571396,-0.000156196612687,-0.000178058744783,-0.0000760974251088,-0.0000721455158148,-0.0000148001136346,-0.000025504674293,-0.0000146824828677,-0.00011500048019,-0.000160768665681,-0.0000423568681205,-0.0000846189145065,-0.0000321892298123,-0.0000157256257864,-0.0000417252161498,-0.000146119369493,-0.000160768665681,-0.000320650954808,-0.00030824928134,-0.0000196229308429,-0.00114387696616,-0.00030824928134,-0.0000174530857731
1915,-0.000309088281012,-0.00010838759987,-8.38265462377e-7,-0.000241779701738,-0.00153120557187,-0.000139807469738,-0.000168175186206,-0.000163165642928,-0.000209647761769,-0.000106443222099,-0.0000643375876468,-0.000024801026008,-0.0000535745550856,-0.0000619341464327,-0.000161912607703,-0.000207745470464,-0.000305102985224,-0.000309088281012,-0.000529300677478,-0.00000807953691595,-0.0000265079088009,-0.000570856631271,-0.000129680867961,-0.000849378355378,-0.000474571042067,-0.000241624859223,-0.000337969130448,-0.000474571042067,-0.000676859103945,-0.00016691414194,-0.00030559029677,-0.000193067728554,-0.000125392302162,-0.0000572257265818,-0.000205008576471,-0.000189335691145,-0.00000227161374911,-0.0000219793482685,-0.0000265079088009,-0.000414791852426,-0.0000643375876468,-0.000024801026008,-0.000149325394924,-0.000241624859223,-0.0000124012318969,-0.000101631095944,-0.000374100410264,-0.0000190598488814,-0.000307991790287,-0.0000890152955026,-0.00000638943517561,-0.0000146649238149,-0.0000267088029364,-0.000039163944372,-0.000126536528668,-0.0000122329676926,-0.0000120104828469,-0.000227871050599,-0.0000215418638403,-0.00153120557187,-0.0000196066588458,-0.000594304294347,0.000369168100195,-0.000352983436803,-0.0000429574929646,-0.000815108292249,-0.00023388033997,-0.0000749368211368,-0.0000603461036413,0.000501063778847,-0.000062346487673,-0.00000638943517561,-0.0000157082170142,-0.000235334920913,-0.00175584048214,0.000154346016223,-0.000337969130448,-0.0000494594007461,-0.000156052034506,-0.000177883981364,-0.00007602020793,-0.0000720784486719,-0.0000147825339103,-0.0000254759901135,-0.0000146649238149,-0.00011489186566,-0.000160641737552,-0.0000423095665862,-0.0000845506355214,-0.0000321565914057,-0.0000157082170142,-0.0000416807207202,-0.000145996925633,-0.000160641737552,-0.000320398271752,-0.000307991790287,-0.0000196066588458,-0.00114301698443,-0.000307991790287,-0.0000174342024826
1916,-0.000308835688638,-0.000108289786087,-8.37058159675e-7,-0.000241581751282,-0.00153018359627,-0.000139674818155,-0.000168010947073,-0.00016303107162,-0.00020946593375,-0.000106338193041,-0.0000642702905722,-0.0000247726121048,-0.0000535209561274,-0.0000618690811764,-0.000161754034878,-0.000207559565327,-0.000304860633855,-0.000308835688638,-0.000528885082145,-0.00000806954027865,-0.0000264773110246,-0.000570424401316,-0.000129555356581,-0.000848772787611,-0.000474185261779,-0.000241402343296,-0.000337665924481,-0.000474185261779,-0.000676351432326,-0.000166767172552,-0.000305316741115,-0.000192888019906,-0.000125279096925,-0.0000571778529279,-0.000204827164366,-0.000189154611333,-0.00000226846617357,-0.0000219559451287,-0.0000264773110246,-0.000414439159305,-0.0000642702905722,-0.0000247726121048,-0.000149179362022,-0.000241402343296,-0.0000123859131578,-0.000101531484776,-0.000373777662458,-0.0000190404359985,-0.000307734513535,-0.0000889386265097,-0.00000638125705121,-0.0000146473856564,-0.0000266775650344,-0.0000391197024694,-0.000126421578293,-0.0000122181243998,-0.0000119959514606,-0.000227660938864,-0.000021520249633,-0.00153018359627,-0.0000195904005826,-0.000593834112647,0.000368892613192,-0.000352696251201,-0.0000429132113986,-0.000814474768989,-0.000233714411204,-0.000074861671111,-0.0000602826337293,0.000500730643366,-0.0000622852350762,-0.00000638125705121,-0.0000156908275182,-0.000235133598781,-0.0017545706782,0.000154253276113,-0.000337665924481,-0.0000494119903833,-0.000155907590725,-0.000177709389162,-0.0000759430687935,-0.0000720114438195,-0.0000147649753157,-0.0000254473385422,-0.0000146473856564,-0.000114783353391,-0.000160514909597,-0.0000422623171712,-0.0000844824115598,-0.0000321239861494,-0.0000156908275182,-0.000041636273151,-0.000145874584518,-0.000160514909597,-0.000320145788614,-0.000307734513535,-0.0000195904005826,-0.00114215764907,-0.000307734513535,-0.0000174153395687
1917,-0.00030858330232,-0.000108192060608,-8.35852937975e-7,-0.000241383962913,-0.00152916230227,-0.000139542292501,-0.000167846868118,-0.000162896611634,-0.000209284263818,-0.000106233267962,-0.0000642030640066,-0.000024744230978,-0.0000534674113677,-0.000061804083928,-0.000161595617374,-0.000207373826549,-0.000304618474934,-0.00030858330232,-0.000528469813092,-0.00000805955557315,-0.0000264467478885,-0.000569992498889,-0.000129429966741,-0.000848167651927,-0.000473799795012,-0.000241180032454,-0.000337362990293,-0.000473799795012,-0.000675844141058,-0.000166620332059,-0.000305043430753,-0.00019270847855,-0.000125165993924,-0.0000571300192735,-0.000204645913237,-0.000188973704804,-0.00000226532264014,-0.0000219325664776,-0.0000264467478885,-0.000414086766085,-0.0000642030640066,-0.000024744230978,-0.000149033470904,-0.000241180032454,-0.0000123706134243,-0.00010143197072,-0.000373455193257,-0.0000190210434736,-0.000307477452685,-0.0000888620235013,-0.00000637308956186,-0.0000146298686712,-0.000026646363871,-0.0000390755109123,-0.000126306733145,-0.0000122032994017,-0.0000119814375883,-0.000227451020551,-0.0000214986569915,-0.00152916230227,-0.0000195741557807,-0.000593364302688,0.000368617331921,-0.000352409298883,-0.0000428689749175,-0.000813841738114,-0.000233548600177,-0.000074786596314,-0.0000602192306438,0.000500397729253,-0.0000622240426638,-0.00000637308956186,-0.0000156734570727,-0.000234932448908,-0.00175330179186,0.000154160591981,-0.000337362990293,-0.0000493646250783,-0.000155763280064,-0.000177534968622,-0.0000758660081752,-0.0000719445011583,-0.0000147474374561,-0.000025418719078,-0.0000146298686712,-0.000114674943994,-0.000160388181303,-0.000042215121062,-0.0000844142423526,-0.0000320914135301,-0.0000156734570727,-0.0000415918726802,-0.000145752345832,-0.000160388181303,-0.000319893503613,-0.000307477452685,-0.0000195741557807,-0.00114129896007,-0.000307477452685,-0.000017396496796
1918,-0.000308331122277,-0.000108094423073,-8.34649524606e-7,-0.000241186336878,-0.00152814169015,-0.000139409892505,-0.000167682949377,-0.00016276226233,-0.000209102751025,-0.000106128446127,-0.0000641359075884,-0.0000247158821676,-0.0000534139198107,-0.0000617391554218,-0.000161437354784,-0.000207188254091,-0.000304376508396,-0.000308331122277,-0.000528054870087,-0.00000804958362988,-0.0000264162201127,-0.000569560923286,-0.000129304698564,-0.000847562947744,-0.000473414641624,-0.000240957926471,-0.000337060327788,-0.000473414641624,-0.000675337230671,-0.000166473620868,-0.000304770364702,-0.000192529104469,-0.000125052992995,-0.0000570822259371,-0.000204464822114,-0.000188792971293,-0.00000226218371857,-0.0000219092127027,-0.0000264162201127,-0.000413734672741,-0.0000641359075884,-0.0000247158821676,-0.000148887723298,-0.000240957926471,-0.0000123553328164,-0.000101332554812,-0.000373133002445,-0.0000190016705641,-0.000307220606348,-0.0000887854866818,-0.00000636493225903,-0.0000146123723699,-0.0000266151989132,-0.0000390313692398,-0.000126191991862,-0.0000121884925002,-0.0000119669410656,-0.000227241295911,-0.0000214770858395,-0.00152814169015,-0.0000195579243174,-0.000592894864582,0.0003683422561,-0.000352122579844,-0.0000428247847166,-0.000813209199089,-0.000233382906734,-0.0000747115969384,-0.0000601558941842,0.000500065036669,-0.0000621629102109,-0.00000636493225903,-0.000015656106088,-0.000234731471121,-0.00175203382374,0.00015406796305,-0.000337060327788,-0.0000493173049105,-0.000155619103436,-0.000177360718896,-0.0000757890254435,-0.0000718776206812,-0.0000147299201978,-0.0000253901316545,-0.0000146123723699,-0.00011456663673,-0.000160261553417,-0.0000421679775187,-0.000084346128193,-0.0000320588743765,-0.000015656106088,-0.0000415475199045,-0.000145630209381,-0.000160261553417,-0.000319641417992,-0.000307220606348,-0.0000195579243174,-0.00114044091635,-0.000307220606348,-0.0000173776744941
1919,-0.000308079148249,-0.000107996873826,-8.33447609594e-7,-0.00024098887233,-0.00152712175905,-0.000139277618326,-0.000167519190836,-0.000162628023585,-0.000208921395616,-0.000106023727919,-0.0000640688215743,-0.0000246875656549,-0.0000533604817035,-0.0000616742945336,-0.000161279247452,-0.000207002847535,-0.000304134733991,-0.000308079148249,-0.000527640253096,-0.00000803962398788,-0.0000263857278906,-0.000569129674791,-0.000129179551277,-0.000846958674937,-0.000473029801302,-0.000240736024698,-0.000336757937291,-0.000473029801302,-0.000674830700254,-0.000166327039002,-0.000304497543333,-0.00019234989735,-0.000124940094056,-0.0000570344721096,-0.000204283891282,-0.00018861241051,-0.00000225904942797,-0.0000218858836671,-0.0000263857278906,-0.000413382878262,-0.0000640688215743,-0.0000246875656549,-0.000148742117992,-0.000240736024698,-0.0000123400708993,-0.000101233235843,-0.000372811090267,-0.0000189823169823,-0.000306963974386,-0.0000887090157846,-0.00000635678557215,-0.0000145948969976,-0.0000265840708531,-0.0000389872775033,-0.000126077354358,-0.0000121737031793,-0.000011952462148,-0.000227031764734,-0.0000214555365377,-0.00152712175905,-0.0000195417062976,-0.000592425797897,0.000368067385204,-0.000351836094617,-0.0000427806396601,-0.000812577151598,-0.00023321733078,-0.00007463667251,-0.0000600926244978,0.00049973256553,-0.0000621018383877,-0.00000635678557215,-0.0000156387740073,-0.00023453066533,-0.00175076677188,0.000153975390074,-0.000336757937291,-0.0000492700303041,-0.000155475060172,-0.000177186640457,-0.0000757121210966,-0.0000718108024076,-0.0000147124239773,-0.0000253615765256,-0.0000145948969976,-0.000114458431724,-0.000160135025444,-0.0000421208865058,-0.0000842780690915,-0.0000320263681033,-0.0000156387740073,-0.00004150321422,-0.000145508175804,-0.000160135025444,-0.000319389530624,-0.000306963974386,-0.0000195417062976,-0.00113958351797,-0.000306963974386,-0.0000173588726309
1920,-0.000307827380722,-0.000107899412724,-8.32247792015e-7,-0.000240791569225,-0.00152610250901,-0.000139145469438,-0.000167355592247,-0.000162493895825,-0.000208740197995,-0.000105919112973,-0.000064001805665,-0.0000246592817854,-0.0000533070968984,-0.0000616095018797,-0.000161121294768,-0.000206817606776,-0.000303893151793,-0.000307827380722,-0.000527225961459,-0.00000802967646596,-0.0000263552710131,-0.00056869875243,-0.000129054525324,-0.000846354832863,-0.000472645273805,-0.000240514327494,-0.000336455818092,-0.000472645273805,-0.000674324550117,-0.000166180586094,-0.000304224965755,-0.000192170856692,-0.000124827297,-0.0000569867583984,-0.000204103120464,-0.000188432022576,-0.00000225591893255,-0.0000218625798913,-0.0000263552710131,-0.00041303138316,-0.000064001805665,-0.0000246592817854,-0.000148596654794,-0.000240514327494,-0.0000123248280848,-0.00010113401455,-0.000372489454436,-0.0000189629833853,-0.000306707556764,-0.0000886326106313,-0.00000634864917437,-0.000014577442716,-0.000026552979155,-0.0000389432355972,-0.000125962821894,-0.000012158931991,-0.0000119380006791,-0.000226822426677,-0.000021434008862,-0.00152610250901,-0.0000195255021298,-0.000591957101848,0.000367792719745,-0.000351549842309,-0.0000427365400384,-0.000811945595731,-0.00023305187242,-0.000074561823606,-0.0000600294210029,0.000499400315132,-0.0000620408261689,-0.00000634864917437,-0.0000156214614107,-0.000234330031015,-0.00174950063715,0.000153882872629,-0.000336455818092,-0.0000492228012079,-0.000155331149973,-0.000177012732861,-0.0000756352949969,-0.0000717440463349,-0.0000146949486171,-0.0000253330534643,-0.000014577442716,-0.000114350329066,-0.00016000859737,-0.0000420738483919,-0.0000842100648919,-0.0000319938944209,-0.0000156214614107,-0.0000414589557582,-0.000145386243975,-0.00016000859737,-0.000319137841586,-0.000306707556764,-0.0000195255021298,-0.00113872676391,-0.000306707556764,-0.0000173400910803
1921,-0.000307575818424,-0.000107802039477,-8.31049602024e-7,-0.000240594428131,-0.00152508393925,-0.000139013445613,-0.000167192153574,-0.000162359878558,-0.000208559157143,-0.000105814601338,-0.0000639348599156,-0.0000246310301772,-0.0000532537656248,-0.0000615447778101,-0.00016096349676,-0.000206632531902,-0.000303651761341,-0.000307575818424,-0.000526811995372,-0.00000801974135456,-0.000026324849431,-0.000568268156528,-0.00012892962005,-0.000845751421339,-0.000472261058658,-0.000240292834405,-0.000336153969461,-0.000472261058658,-0.000673818779027,-0.000166034262069,-0.000303952632495,-0.000191991982856,-0.000124714601974,-0.0000569390848759,-0.000203922509791,-0.000188251807124,-0.00000225279298727,-0.0000218393007279,-0.000026324849431,-0.000412680186881,-0.0000639348599156,-0.0000246310301772,-0.000148451334323,-0.000240292834405,-0.0000123096035796,-0.00010103489035,-0.000372168096535,-0.000018943669442,-0.000306451353143,-0.0000885562712734,-0.00000634052297332,-0.0000145600094248,-0.0000265219236875,-0.0000388992431635,-0.000125848393155,-0.0000121441784695,-0.0000119235568512,-0.000226613281428,-0.0000214125023552,-0.00152508393925,-0.0000195093110005,-0.000591488777188,0.000367518259232,-0.000351263822949,-0.000042692486427,-0.000811314530457,-0.000232886531381,-0.0000744870496483,-0.0000599662842298,0.00049906828525,-0.0000619798739629,-0.00000634052297332,-0.0000156041675243,-0.000234129568732,-0.00174823541764,0.000153790410948,-0.000336153969461,-0.0000491756175696,-0.000155187373263,-0.000176838995703,-0.0000755585465742,-0.0000716773522811,-0.0000146774936862,-0.0000253045625191,-0.0000145600094248,-0.000114242328385,-0.000159882269111,-0.0000420268624728,-0.000084142115699,-0.0000319614539004,-0.0000156041675243,-0.0000414147445884,-0.000145264414569,-0.000159882269111,-0.000318886351357,-0.000306451353143,-0.0000195093110005,-0.0011378706542,-0.000306451353143,-0.0000173213298442
1922,-0.000307324462055,-0.000107704754195,-8.29853157747e-7,-0.000240397448118,-0.00152406604883,-0.000138881547824,-0.000167028874413,-0.000162225972105,-0.000208378273507,-0.00010571019258,-0.0000638679839771,-0.0000246028113828,-0.0000532004878178,-0.0000614801214383,-0.000160805853323,-0.000206447622848,-0.000303410562702,-0.000307324462055,-0.000526398354135,-0.00000800981807991,-0.0000262944625384,-0.000567837886735,-0.000128804835819,-0.000845148439755,-0.000471877156279,-0.000240071545182,-0.000335852391642,-0.000471877156279,-0.000673313387725,-0.000165888066983,-0.000303680543137,-0.000191813275803,-0.00012460200857,-0.0000568914510461,-0.00020374205897,-0.00018807176406,-0.00000224967162987,-0.0000218160464955,-0.0000262944625384,-0.000412329289218,-0.0000638679839771,-0.0000246028113828,-0.000148306155343,-0.000240071545182,-0.0000122943983061,-0.000100935863052,-0.00037184701628,-0.000018924375194,-0.000306195363811,-0.0000884799979186,-0.00000633240769421,-0.0000145425963511,-0.0000264909045482,-0.0000388553002812,-0.00012573406812,-0.0000121294430926,-0.0000119091304942,-0.000226404329227,-0.0000213910179436,-0.00152406604883,-0.0000194931333608,-0.000591020822793,0.000367244003264,-0.000350978036463,-0.0000426484777494,-0.000810683955708,-0.000232721307942,-0.0000744123506404,-0.0000599032139315,0.000498736476732,-0.0000619189814537,-0.00000633240769421,-0.0000155868932543,-0.000233929277604,-0.00174697111352,0.000153698004735,-0.000335852391642,-0.000049128478786,-0.000155043729385,-0.000176665429433,-0.0000754818759288,-0.0000716107203331,-0.0000146600598407,-0.0000252761035759,-0.0000145425963511,-0.000114134429976,-0.000159756040516,-0.0000419799290272,-0.0000840742209807,-0.0000319290464255,-0.0000155868932543,-0.000041370580389,-0.000145142687332,-0.000159756040516,-0.000318635059018,-0.000306195363811,-0.0000194931333608,-0.00113701518809,-0.000306195363811,-0.0000173025892209
1923,-0.000307073310808,-0.000107607556504,-8.28658056395e-7,-0.00024020062935,-0.00152304883838,-0.000138749774647,-0.000166865754431,-0.000162092175828,-0.000208197546617,-0.000105605887207,-0.0000638011784231,-0.0000245746243452,-0.0000531472633414,-0.0000614155331435,-0.000160648364472,-0.000206262879248,-0.000303169555695,-0.000307073310808,-0.000525985037662,-0.00000799990772737,-0.0000262641105313,-0.000567407942773,-0.000128680172377,-0.00084454588807,-0.000471493565523,-0.000239850459849,-0.000335551084775,-0.000471493565523,-0.00067280837533,-0.000165742000696,-0.000303408697139,-0.000191634734949,-0.000124489516644,-0.0000568438572328,-0.000203561768018,-0.000187891893025,-0.00000224655441139,-0.0000217928167556,-0.0000262641105313,-0.000411978690046,-0.0000638011784231,-0.0000245746243452,-0.000148161119147,-0.000239850459849,-0.0000122792116484,-0.000100836933308,-0.000371526212863,-0.0000189051004682,-0.00030593958808,-0.0000884037899862,-0.0000063243024444,-0.0000145252046524,-0.0000264599214255,-0.0000388114074559,-0.000125619846955,-0.0000121147253425,-0.0000118947211618,-0.000226195569632,-0.0000213695550464,-0.00152304883838,-0.0000194769691104,-0.00059055323854,0.000366969952182,-0.000350692482103,-0.0000426045142383,-0.000810053871199,-0.000232556201007,-0.0000743377264456,-0.0000598402099818,0.000498404888741,-0.000061858148884,-0.0000063243024444,-0.0000155696381663,-0.000233729158021,-0.00174570772372,0.00015360565428,-0.000335551084775,-0.0000490813853466,-0.000154900218602,-0.000176492033472,-0.0000754052833525,-0.0000715441504191,-0.0000146426468057,-0.0000252476768376,-0.0000145252046524,-0.000114026633234,-0.000159629911685,-0.0000419330485055,-0.0000840063813428,-0.0000318966715662,-0.0000155696381663,-0.0000413264634433,-0.00014502106194,-0.000159629911685,-0.000318383964689,-0.00030593958808,-0.0000194769691104,-0.00113616036468,-0.00030593958808,-0.0000172838685613
1924,-0.000306822364928,-0.000107510446544,-8.27465139519e-7,-0.000240003971927,-0.00152203230644,-0.000138618126591,-0.0001667027939,-0.000161958489966,-0.000208016976394,-0.000105501684455,-0.0000637344422243,-0.0000245464700246,-0.0000530940922818,-0.0000613510125067,-0.000160491029824,-0.000206078300659,-0.00030292873988,-0.000306822364928,-0.000525572045682,-0.00000799000946472,-0.0000262337940753,-0.000566978324007,-0.00012855562987,-0.000843943766097,-0.000471110286854,-0.00023962957788,-0.000335250047953,-0.000471110286854,-0.000672303741581,-0.000165596062867,-0.000303137094673,-0.00019145636013,-0.000124377126543,-0.0000567963030154,-0.000203381636275,-0.000187712194068,-0.00000224344134292,-0.0000217696120517,-0.0000262337940753,-0.000411628388736,-0.0000637344422243,-0.0000245464700246,-0.000148016224215,-0.00023962957788,-0.0000122640438787,-0.000100738100105,-0.000371205686077,-0.000018885845722,-0.000305684026308,-0.0000883276480677,-0.0000063162076378,-0.0000145078337797,-0.0000264289747767,-0.0000387675640825,-0.000125505729699,-0.0000121000257178,-0.0000118803297418,-0.000225987002708,-0.0000213481136644,-0.00152203230644,-0.0000194608183168,-0.000590086024318,0.000366696105556,-0.000350407160146,-0.0000425605964853,-0.000809424276435,-0.000232391212101,-0.000074263177086,-0.0000597772722744,0.000498073520902,-0.0000617973761479,-0.0000063162076378,-0.0000155524014103,-0.000233529209819,-0.0017444452473,0.000153513358844,-0.000335250047953,-0.0000490343369375,-0.000154756840665,-0.000176318807566,-0.0000753287685558,-0.0000714776422086,-0.0000146252539523,-0.0000252192820325,-0.0000145078337797,-0.000113918938156,-0.000159503882275,-0.0000418862198153,-0.0000839385961751,-0.0000318643299009,-0.0000155524014103,-0.0000412823933562,-0.000144899538574,-0.000159503882275,-0.000318133068609,-0.000305684026308,-0.0000194608183168,-0.00113530618458,-0.000305684026308,-0.0000172651682329
1925,-0.000306571624165,-0.00010741342384,-8.26273747201e-7,-0.000239807475263,-0.00152101645316,-0.000138486603674,-0.000166539992644,-0.000161824914263,-0.000207836563081,-0.000105397584822,-0.0000636677761738,-0.0000245183478143,-0.0000530409736772,-0.0000612865596024,-0.000160333849037,-0.00020589388723,-0.000302688115736,-0.000306571624165,-0.000525159378085,-0.00000798012323333,-0.0000262035127268,-0.000566549030681,-0.000128431207627,-0.000843342073627,-0.000470727319676,-0.00023940889991,-0.00033494928113,-0.000470727319676,-0.000671799486877,-0.000165450253793,-0.000302865735025,-0.000191278151426,-0.000124264837974,-0.0000567487883436,-0.000203201663872,-0.000187532667327,-0.00000224033261276,-0.0000217464319636,-0.0000262035127268,-0.000411278385378,-0.0000636677761738,-0.0000245183478143,-0.000147871470819,-0.00023940889991,-0.0000122488947456,-0.000100639363994,-0.00037088543601,-0.0000188666104091,-0.000305428677854,-0.0000882515713023,-0.00000630812346403,-0.0000144904835775,-0.0000263980643318,-0.0000387237702979,-0.000125391716381,-0.0000120853440215,-0.0000118659559272,-0.00022577862787,-0.0000213266936129,-0.00152101645316,-0.000019444681306,-0.000589619179779,0.000366422463387,-0.000350122070813,-0.000042516724184,-0.000808795170692,-0.000232226339837,-0.0000741887025431,-0.0000597144008854,0.000497742373743,-0.0000617366630213,-0.00000630812346403,-0.0000155351847884,-0.000233329432272,-0.00174318368416,0.000153421119089,-0.00033494928113,-0.000048987333777,-0.000154613595498,-0.000176145751618,-0.0000752523309222,-0.0000714111956492,-0.0000146078818264,-0.0000251909187998,-0.0000144904835775,-0.000113811345097,-0.000159377952478,-0.0000418394435657,-0.0000838708661126,-0.0000318320205137,-0.0000155351847884,-0.0000412383704882,-0.000144778117056,-0.000159377952478,-0.000317882369891,-0.000305428677854,-0.000019444681306,-0.00113445264643,-0.000305428677854,-0.0000172464878867
1926,-0.000306321088465,-0.000107316489531,-8.25084156553e-7,-0.000239611139655,-0.00152000127818,-0.000138355205466,-0.000166377350024,-0.000161691448957,-0.000207656305927,-0.000105293587478,-0.0000636011797202,-0.0000244902578599,-0.000052987908882,-0.0000612221746792,-0.00016017682224,-0.000205709639316,-0.0003024476826,-0.000306321088465,-0.000524747034374,-0.00000797024946575,-0.0000261732657818,-0.000566120062677,-0.000128306905728,-0.000842740809579,-0.000470344663943,-0.00023918842448,-0.00033464878447,-0.000470344663943,-0.000671295609962,-0.000165304572831,-0.000302594618798,-0.000191100108637,-0.000124152650407,-0.0000567013137114,-0.000203021851011,-0.00018735331183,-0.00000223722828663,-0.000021723276328,-0.0000261732657818,-0.000410928679794,-0.0000636011797202,-0.0000244902578599,-0.000147726859477,-0.00023918842448,-0.000012233764263,-0.000100540724453,-0.000370565462273,-0.0000188473945384,-0.000305173542742,-0.0000881755602347,-0.00000630004949631,-0.0000144731543594,-0.0000263671900491,-0.0000386800259085,-0.000125277806439,-0.0000120706799307,-0.0000118515988778,-0.000225570445299,-0.0000213052949212,-0.00152000127818,-0.000019428557275,-0.000589152704396,0.000366149025101,-0.000349837213027,-0.000042472897011,-0.000808166554181,-0.000232061583738,-0.0000741143028637,-0.000059651595369,0.000497411446351,-0.0000616760096852,-0.00000630004949631,-0.000015517986685,-0.000233129825718,-0.00174192303339,0.000153328934657,-0.00033464878447,-0.0000489403755255,-0.000154470482912,-0.00017597286564,-0.000075175971503,-0.0000713448110226,-0.0000145905308959,-0.0000251625876899,-0.0000144731543594,-0.000113703853615,-0.000159252121897,-0.0000417927194949,-0.0000838031903312,-0.0000317997444039,-0.000015517986685,-0.0000411943945107,-0.000144656797067,-0.000159252121897,-0.000317631868877,-0.000305173542742,-0.000019428557275,-0.00113359975004,-0.000305173542742,-0.0000172278279083
1927,-0.00030607075736,-0.000107219642366,-8.2389642575e-7,-0.000239414964704,-0.00151898678041,-0.000138223931849,-0.000166214866893,-0.000161558093667,-0.000207476205385,-0.000105189693034,-0.0000635346529698,-0.0000244621999572,-0.0000529348970186,-0.0000611578571981,-0.00016001994946,-0.000205525555727,-0.000302207440728,-0.00030607075736,-0.000524335014486,-0.00000796038797546,-0.0000261430540069,-0.000565691419415,-0.000128182724325,-0.000842139974685,-0.000469962319174,-0.000238968152526,-0.000334348557246,-0.000469962319174,-0.000670792110945,-0.000165159020513,-0.000302323744826,-0.000190922231377,-0.000124040564488,-0.0000566538788416,-0.000202842197255,-0.000187174128034,-0.00000223412833433,-0.0000217001455214,-0.0000261430540069,-0.000410579271173,-0.0000635346529698,-0.0000244621999572,-0.000147582389226,-0.000238968152526,-0.0000122186525942,-0.000100442182332,-0.000370245764,-0.0000188281983426,-0.000304918620702,-0.000088099614552,-0.00000629198565827,-0.0000144558455597,-0.00002633635183,-0.0000386363310136,-0.00012516399998,-0.0000120560337478,-0.0000118372598656,-0.000225362454814,-0.0000212839178628,-0.00151898678041,-0.0000194124470223,-0.000588686598319,0.000365875791371,-0.000349552586694,-0.0000424291146945,-0.000807538426209,-0.000231896945913,-0.0000740399775907,-0.0000595888558887,0.000497080739072,-0.0000616154158131,-0.00000629198565827,-0.0000155008074065,-0.00023293039,-0.00174066329437,0.000153236805531,-0.000334348557246,-0.0000488934623011,-0.000154327502774,-0.000175800149436,-0.000075099689135,-0.0000712784880292,-0.0000145731999019,-0.0000251342885038,-0.0000144558455597,-0.000113596463559,-0.000159126390701,-0.0000417460473079,-0.0000837355692243,-0.0000317675006789,-0.0000155008074065,-0.0000411504653499,-0.000144535579053,-0.000159126390701,-0.000317381565009,-0.000304918620702,-0.0000194124470223,-0.00113274749513,-0.000304918620702,-0.0000172091881927
1928,-0.000305820630532,-0.000107122882721,-8.22709756765e-7,-0.000239218950599,-0.00151797295969,-0.000138092782663,-0.000166052541884,-0.000161424848115,-0.000207296260907,-0.000105085901268,-0.0000634681956919,-0.0000244341744651,-0.0000528819381662,-0.000061093607397,-0.000159863230206,-0.000205341637263,-0.000301967388864,-0.000305820630532,-0.000523923318387,-0.00000795053876335,-0.000026112877368,-0.000565263100308,-0.000128058662926,-0.000841539567915,-0.000469580285072,-0.000238748083313,-0.000334048599349,-0.000469580285072,-0.000670288989135,-0.000165013596121,-0.000302053113632,-0.000190744520067,-0.000123928579308,-0.0000566064835539,-0.000202662702156,-0.000186995115565,-0.00000223103255248,-0.0000216770394239,-0.000026112877368,-0.000410230160219,-0.0000634681956919,-0.0000244341744651,-0.000147438060514,-0.000238748083313,-0.0000122035593764,-0.000100343736125,-0.000369926342285,-0.0000188090218405,-0.000304663911693,-0.0000880237342198,-0.00000628393214663,-0.0000144385572876,-0.000026305549758,-0.0000385926853328,-0.000125050296758,-0.000012041405121,-0.0000118229377244,-0.000225154655778,-0.0000212625623828,-0.00151797295969,-0.0000193963498178,-0.000588220861072,0.000365602761151,-0.000349268192614,-0.0000423853775988,-0.000806910786682,-0.000231732424443,-0.0000739657268403,-0.0000595261825689,0.000496750251722,-0.0000615548815901,-0.00000628393214663,-0.0000154836480499,-0.000232731124712,-0.00173940446632,0.000153144732055,-0.000334048599349,-0.0000488465942583,-0.000154184655063,-0.00017562760237,-0.0000750234843374,-0.000071212226433,-0.0000145558898832,-0.0000251060211069,-0.0000144385572876,-0.000113489174733,-0.000159000759212,-0.0000416994276682,-0.0000836680028113,-0.0000317352896229,-0.0000154836480499,-0.0000411065830441,-0.000144414462299,-0.000159000759212,-0.000317131458667,-0.000304663911693,-0.0000193963498178,-0.00113189588056,-0.000304663911693,-0.0000171905684789
1929,-0.000305570708575,-0.000107026210144,-8.21525591554e-7,-0.000239023096674,-0.00151695981591,-0.000137961758144,-0.000165890375661,-0.000161291712651,-0.000207116472356,-0.000104982211496,-0.0000634018081671,-0.0000244061807191,-0.0000528290323851,-0.0000610294248728,-0.000159706664579,-0.00020515788329,-0.000301727528418,-0.000305570708575,-0.000523511945472,-0.00000794070123611,-0.000026082734975,-0.000564835105859,-0.000127934721795,-0.000840939589108,-0.000469198561887,-0.000238528216731,-0.000333748910608,-0.000469198561887,-0.0006697862457,-0.000164868299819,-0.000301782724369,-0.000190566973671,-0.000123816695673,-0.0000565591280659,-0.000202483366001,-0.000186816274481,-0.00000222794105698,-0.0000216539575897,-0.000026082734975,-0.000409881345888,-0.0000634018081671,-0.0000244061807191,-0.000147293873018,-0.000238528216731,-0.0000121884851532,-0.000100245386733,-0.000369607195678,-0.0000187898646224,-0.000304409415577,-0.0000879479196678,-0.00000627588943747,-0.0000144212899036,-0.0000262747838207,-0.0000385490890755,-0.000124936696989,-0.0000120267944683,-0.000011808632983,-0.000224947048556,-0.0000212412283123,-0.00151695981591,-0.0000193802660897,-0.000587755492042,0.000365329934787,-0.000348984029431,-0.0000423416853872,-0.000806283634748,-0.000231568019349,-0.0000738915508682,-0.0000594635752575,0.00049641998416,-0.0000614944068742,-0.00000627588943747,-0.0000154665068264,-0.000232532030091,-0.00173814654862,0.000153052714047,-0.000333748910608,-0.0000487997706906,-0.000154041939211,-0.00017545522505,-0.0000749473569517,-0.0000711460267988,-0.0000145386000971,-0.0000250777853115,-0.0000144212899036,-0.000113381987314,-0.000158875226439,-0.0000416528602125,-0.0000836004908207,-0.0000317031114365,-0.0000154665068264,-0.0000410627477141,-0.000144293447206,-0.000158875226439,-0.00031688154963,-0.000304409415577,-0.0000193802660897,-0.00113104490655,-0.000304409415577,-0.0000171719691808
1930,-0.000305320990699,-0.000106929624812,-8.20342933583e-7,-0.000238827403231,-0.00151594734827,-0.000137830857697,-0.000165728367463,-0.000161158687046,-0.000206936839809,-0.00010487862421,-0.0000633354898909,-0.0000243782192415,-0.0000527761794746,-0.0000609653099843,-0.000159550251884,-0.00020497429357,-0.000301487858374,-0.000305320990699,-0.000523100895363,-0.00000793087633433,-0.0000260526280527,-0.000564407435624,-0.000127810900485,-0.000840340038518,-0.000468817148537,-0.000238308552902,-0.000333449490197,-0.000468817148537,-0.0006692838789,-0.000164723131518,-0.000301512577483,-0.000190389593082,-0.000123704912799,-0.0000565118122231,-0.000202304188565,-0.00018663760411,-0.0000022248542626,-0.000021630900954,-0.0000260526280527,-0.000409532828032,-0.0000633354898909,-0.0000243782192415,-0.000147149826274,-0.000238308552902,-0.000012173429444,-0.000100147133393,-0.000369288324777,-0.0000187707269763,-0.000304155131967,-0.0000878721699609,-0.00000626785643698,-0.0000144040432666,-0.0000262440538394,-0.0000385055417915,-0.000124823200308,-0.0000120122015179,-0.0000117943458813,-0.000224739632714,-0.0000212199155962,-0.00151594734827,-0.0000193641955448,-0.000587290491168,0.000365057311978,-0.000348700097661,-0.0000422980381298,-0.00080565697029,-0.000231403730711,-0.0000738174487909,-0.0000594010336048,0.000496089936327,-0.0000614339914562,-0.00000626785643698,-0.0000154493846072,-0.000232333105748,-0.00173688954059,0.00015296075088,-0.000333449490197,-0.0000487529926398,-0.000153899355794,-0.000175283017043,-0.0000748713064489,-0.0000710798888433,-0.0000145213311131,-0.0000250495817835,-0.0000144040432666,-0.000113274901567,-0.000158749792853,-0.0000416063446114,-0.0000835330332505,-0.0000316709657566,-0.0000154493846072,-0.0000410189591191,-0.000144172533711,-0.000158749792853,-0.000316631837271,-0.000304155131967,-0.0000193641955448,-0.00113019457201,-0.000304155131967,-0.0000171533896669
1931,-0.000305071476869,-0.000106833126425,-8.1916153194e-7,-0.000238631870139,-0.00151493555659,-0.000137700081596,-0.000165566517887,-0.0001610257712,-0.000206757363046,-0.000104775139127,-0.0000632692410951,-0.0000243502900483,-0.0000527233796381,-0.0000609012622199,-0.000159393992544,-0.000204790868425,-0.000301248378578,-0.000305071476869,-0.000522690167865,-0.00000792106332348,-0.0000260225553399,-0.000563980088382,-0.000127687199083,-0.000839740915039,-0.000468436045792,-0.000238089091062,-0.000333150339384,-0.000468436045792,-0.000668781889023,-0.000164578090746,-0.000301242672346,-0.000190212377188,-0.000123593231267,-0.0000564645358985,-0.000202125169674,-0.000186459104795,-0.00000222177127585,-0.0000216078684527,-0.0000260225553399,-0.000409184606421,-0.0000632692410951,-0.0000243502900483,-0.000147005920693,-0.000238089091062,-0.0000121583919652,-0.000100048976583,-0.000368969728622,-0.0000187516088692,-0.000303901060814,-0.0000877964855039,-0.00000625983369096,-0.0000143868173712,-0.000026213359539,-0.0000384620438849,-0.000124709806955,-0.0000119976262551,-0.0000117800756105,-0.000224532408289,-0.0000211986242586,-0.00151493555659,-0.0000193481380366,-0.000586825858218,0.000364784892566,-0.000348416396874,-0.0000422544361376,-0.000805030792871,-0.000231239558387,-0.0000737434213027,-0.0000593385578345,0.00049576010792,-0.0000613736353663,-0.00000625983369096,-0.0000154322816632,-0.000232134351425,-0.00173563344212,0.00015286884315,-0.000333150339384,-0.0000487062587373,-0.000153756904177,-0.000175110977505,-0.0000747953336018,-0.0000710138119233,-0.0000145040827451,-0.0000250214092783,-0.0000143868173712,-0.000113167916985,-0.000158624458574,-0.0000415598806782,-0.0000834656303219,-0.0000316388526702,-0.0000154322816632,-0.0000409752169244,-0.000144051721191,-0.000158624458574,-0.000316382321516,-0.000303901060814,-0.0000193481380366,-0.00112934487714,-0.000303901060814,-0.0000171348309115
1932,-0.000304822166928,-0.000106736715987,-8.17981740564e-7,-0.000238436496757,-0.00151392444006,-0.00013756942938,-0.00016540482638,-0.000160892964771,-0.000206578041937,-0.00010467175618,-0.0000632030613259,-0.0000243223922336,-0.0000526706322033,-0.0000608372820867,-0.000159237886476,-0.000204607607269,-0.000301009088935,-0.000304822166928,-0.000522279763294,-0.00000791126259791,-0.000025992517533,-0.000563553065434,-0.000127563617435,-0.000839142218746,-0.000468055252455,-0.000237869831068,-0.000332851456127,-0.000468055252455,-0.000668280275263,-0.000164433177694,-0.000300973008705,-0.000190035326361,-0.00012348165021,-0.0000564172989606,-0.000201946309516,-0.000186280776312,-0.00000221869248129,-0.000021584860443,-0.000025992517533,-0.000408836681144,-0.0000632030613259,-0.0000243223922336,-0.000146862155296,-0.000237869831068,-0.000012143373505,-0.0000999509159838,-0.000368651407744,-0.0000187325101741,-0.000303647201722,-0.0000877208665555,-0.00000625182170211,-0.0000143696118693,-0.000026182701192,-0.0000384185950875,-0.000124596516526,-0.0000119830687146,-0.000011765823027,-0.000224325374636,-0.0000211773542036,-0.00151392444006,-0.0000193320941699,-0.00058636159289,0.000364512676593,-0.000348132926844,-0.0000422108790188,-0.000804405102032,-0.000231075503582,-0.0000736694680707,-0.000059276147752,0.000495430498108,-0.0000613133386405,-0.00000625182170211,-0.0000154151977902,-0.000231935767234,-0.00173437825187,0.000152776990642,-0.000332851456127,-0.000048659570234,-0.000153614584766,-0.000174939107557,-0.0000747194377166,-0.0000709477968712,-0.0000144868547345,-0.0000249932687058,-0.0000143696118693,-0.000113061033035,-0.000158499223085,-0.0000415134688261,-0.0000833982819675,-0.0000316067722208,-0.0000154151977902,-0.0000409315213812,-0.000143931010026,-0.000158499223085,-0.000316133002531,-0.000303647201722,-0.0000193320941699,-0.00112849582046,-0.000303647201722,-0.0000171162915024
1933,-0.000304573060943,-0.000106640391877,-8.16804347714e-7,-0.000238241283832,-0.00151291399821,-0.000137438901596,-0.000165243292615,-0.000160760268066,-0.000206398876445,-0.000104568475143,-0.0000631369509394,-0.0000242945269484,-0.0000526179375973,-0.0000607733688964,-0.000159081932948,-0.000204424509906,-0.000300769989476,-0.000304573060943,-0.000521869680788,-0.00000790147392937,-0.0000259625145005,-0.000563126365619,-0.000127440155133,-0.0008385439494,-0.000467674768871,-0.000237650773643,-0.000332552841392,-0.000467674768871,-0.000667779038058,-0.000164288392503,-0.000300703586434,-0.000189858440188,-0.000123370169891,-0.0000563701018557,-0.000201767607154,-0.000186102618338,-0.00000221561823732,-0.0000215618770545,-0.0000259625145005,-0.000408489051679,-0.0000631369509394,-0.0000242945269484,-0.000146718531232,-0.000237650773643,-0.0000121283733989,-0.0000998529513048,-0.000368333361407,-0.0000187134310892,-0.000303393554586,-0.0000876453124796,-0.00000624381993797,-0.0000143524270708,-0.0000261520787941,-0.0000383751957616,-0.000124483328832,-0.0000119685289741,-0.0000117515873788,-0.000224118531714,-0.0000211561057792,-0.00151291399821,-0.0000193160636188,-0.000585897695109,0.000364240663599,-0.000347849687241,-0.000042167367023,-0.000803779897469,-0.000230911565068,-0.0000735955889564,-0.0000592138032385,0.00049510110813,-0.0000612531011899,-0.00000624381993797,-0.0000153981322288,-0.000231737353138,-0.00173312396929,0.000152685193516,-0.000332552841392,-0.0000486129260793,-0.000153472396661,-0.000174767405712,-0.0000746436184778,-0.0000708818428947,-0.0000144696471063,-0.0000249651600197,-0.0000143524270708,-0.000112954250294,-0.000158374086521,-0.0000414671087547,-0.0000833309876755,-0.00003157472434,-0.0000153981322288,-0.0000408878728733,-0.000143810400119,-0.000158374086521,-0.000315883880035,-0.000303393554586,-0.0000193160636188,-0.00112764740268,-0.000303393554586,-0.0000170977723659
1934,-0.000304324158232,-0.000106544154497,-8.15628338646e-7,-0.000238046230446,-0.00151190423114,-0.000137308497195,-0.000165081916597,-0.000160627680884,-0.000206219866232,-0.000104465296348,-0.0000630709099152,-0.000024266693333,-0.0000525652957766,-0.000060709522975,-0.000158926132429,-0.000204241576981,-0.000300531079816,-0.000304324158232,-0.00052145992027,-0.00000789169741378,-0.0000259325458938,-0.000562699988832,-0.000127316812798,-0.000837946106383,-0.000467294594506,-0.000237431917992,-0.000332254494596,-0.000467294594506,-0.000667278176985,-0.000164143734906,-0.000300434405398,-0.000189681718933,-0.000123258790075,-0.0000563229437542,-0.000201589063074,-0.000185924630475,-0.00000221254814559,-0.0000215389182561,-0.0000259325458938,-0.000408141717735,-0.0000630709099152,-0.000024266693333,-0.000146575047098,-0.000237431917992,-0.0000121133917643,-0.0000997550827906,-0.000368015589116,-0.0000186943711986,-0.000303140119484,-0.0000875698237692,-0.00000623582801307,-0.0000143352624855,-0.0000261214921276,-0.0000383318451807,-0.000124370244115,-0.0000119540064056,-0.0000117373691397,-0.000223911880055,-0.0000211348784314,-0.00151190423114,-0.0000193000465822,-0.000585434163959,0.000363968853392,-0.000347566678618,-0.0000421238996058,-0.000803155178922,-0.000230747742497,-0.0000735217838654,-0.0000591515242752,0.000494771937075,-0.0000611929227303,-0.00000623582801307,-0.0000153810858929,-0.000231539108586,-0.00173187059362,0.000152593451181,-0.000332254494596,-0.0000485663268801,-0.000153330340466,-0.000174595872476,-0.0000745678762888,-0.0000708159502718,-0.0000144524601771,-0.0000249370827747,-0.0000143352624855,-0.000112847568233,-0.000158249048569,-0.0000414208006676,-0.0000832637476362,-0.0000315427086619,-0.0000153810858929,-0.0000408442706741,-0.000143689891185,-0.000158249048569,-0.000315634953827,-0.000303140119484,-0.0000193000465822,-0.00112679962256,-0.000303140119484,-0.0000170792735545
1935,-0.000304075459011,-0.000106448004562,-8.1445374045e-7,-0.000237851336642,-0.00151089513789,-0.000137178216582,-0.000164920697936,-0.00016049520273,-0.000206041011601,-0.00010436221898,-0.0000630049376449,-0.0000242388916281,-0.000052512706886,-0.0000606457441785,-0.000158770484393,-0.000204058807147,-0.000300292360239,-0.000304075459011,-0.000521050481415,-0.00000788193316037,-0.0000259026121308,-0.000562273934893,-0.000127193589464,-0.000837348690057,-0.000466914729071,-0.000237213263311,-0.000331956415531,-0.000466914729071,-0.000666777691132,-0.000163999204138,-0.000300165465348,-0.000189505162274,-0.000123147510969,-0.0000562758254414,-0.000201410677178,-0.00018574681313,-0.00000220948230911,-0.000021515983355,-0.0000259026121308,-0.000407794679151,-0.0000630049376449,-0.0000242388916281,-0.000146431703358,-0.000237213263311,-0.0000120984287024,-0.0000996573101455,-0.000367698091303,-0.00001867533107,-0.000302886896199,-0.0000874943995131,-0.00000622784638526,-0.0000143181188053,-0.0000260909413443,-0.0000382885434229,-0.0001242572619,-0.0000119395016887,-0.0000117231676331,-0.000223705418661,-0.0000211136723198,-0.00151089513789,-0.0000192840427351,-0.00058497099961,0.000363697246384,-0.000347283899736,-0.0000420804770318,-0.000802530946072,-0.00023058403614,-0.0000734480529347,-0.0000590893107706,0.000494442984678,-0.0000611328038596,-0.00000622784638526,-0.0000153640587035,-0.000231341033717,-0.00173061812454,0.000152501764451,-0.000331956415531,-0.0000485197720472,-0.00015318841552,-0.000174424507718,-0.0000744922110805,-0.0000707501191073,-0.0000144352935449,-0.000024909036926,-0.0000143181188053,-0.00011274098688,-0.000158124109647,-0.000041374544038,-0.0000831965619286,-0.0000315107258082,-0.0000153640587035,-0.0000408007149115,-0.000143569483182,-0.000158124109647,-0.000315386223821,-0.000302886896199,-0.0000192840427351,-0.00112595247993,-0.000302886896199,-0.000017060794451
1936,-0.000303826963061,-0.000106351940967,-8.13281387568e-7,-0.000237656602679,-0.00150988671814,-0.000137048059562,-0.000164759637081,-0.000160362834044,-0.000205862311964,-0.000104259243534,-0.0000629390348461,-0.0000242111216862,-0.0000524601704521,-0.0000605820322566,-0.000158614988843,-0.000203876201045,-0.000300053829801,-0.000303826963061,-0.000520641364076,-0.00000787218076592,-0.0000258727127975,-0.000561848203819,-0.000127070485729,-0.000836751699418,-0.000466535172646,-0.000236994810359,-0.000331658603829,-0.000466535172646,-0.000666277581194,-0.000163854801115,-0.000299896765946,-0.000189328769521,-0.000123036332552,-0.0000562287464456,-0.00020123244911,-0.00018556916602,-0.00000220642048454,-0.0000214930737767,-0.0000258727127975,-0.000407447935667,-0.0000629390348461,-0.0000242111216862,-0.000146288500061,-0.000236994810359,-0.0000120834841439,-0.0000995596333624,-0.000367380867348,-0.000018656310159,-0.000302633884342,-0.0000874190406304,-0.00000621987480676,-0.0000143009952556,-0.0000260604263422,-0.0000382452907237,-0.00012414438259,-0.0000119250146469,-0.0000117089840406,-0.00022349914773,-0.000021092487474,-0.00150988671814,-0.0000192680520028,-0.000584508202055,0.000363425841758,-0.000347001351352,-0.0000420370997096,-0.000801907198418,-0.000230420445821,-0.0000733743957699,-0.0000590271631173,0.000494114251126,-0.0000610727434247,-0.00000621987480676,-0.0000153470502315,-0.00023114312814,-0.00172936656135,0.000152410132585,-0.000331658603829,-0.0000484732620931,-0.000153046622136,-0.000174253311177,-0.0000744166224589,-0.0000706843491347,-0.0000144181470878,-0.0000248810231493,-0.0000143009952556,-0.000112634505971,-0.000157999268962,-0.0000413283392859,-0.0000831294300969,-0.0000314787753046,-0.0000153470502315,-0.0000407572054861,-0.000143449176181,-0.000157999268962,-0.000315137689864,-0.000302633884342,-0.0000192680520028,-0.00112510597451,-0.000302633884342,-0.0000170423355037
1937,-0.000303578670252,-0.000106255964186,-8.12110589443e-7,-0.000237462028123,-0.00150887897123,-0.000136918026383,-0.000164598733416,-0.000160230574532,-0.000205683767222,-0.00010415636969,-0.0000628732005659,-0.0000241833837187,-0.0000524076867539,-0.0000605183872899,-0.000158459645299,-0.000203693758762,-0.000299815489349,-0.000303578670252,-0.000520232567983,-0.00000786244028195,-0.0000258428479865,-0.000561422794869,-0.000126947500807,-0.00083615513404,-0.000466155924671,-0.000236776557855,-0.00033136105892,-0.000466155924671,-0.000665777846031,-0.000163710525067,-0.000299628307152,-0.00018915254122,-0.000122925254154,-0.0000561817068099,-0.000201054378621,-0.000185391688333,-0.00000220336353696,-0.0000214701878249,-0.0000258428479865,-0.000407101487331,-0.0000628732005659,-0.0000241833837187,-0.000146145436696,-0.000236776557855,-0.0000120685578526,-0.0000994620522494,-0.000367063916975,-0.0000186373083615,-0.000302381083725,-0.0000873437464444,-0.00000621191396277,-0.0000142838925896,-0.0000260299469206,-0.0000382020867615,-0.000124031605882,-0.000011910544869,-0.0000116948170419,-0.000223293066683,-0.0000210713240429,-0.00150887897123,-0.000019252074174,-0.000584045770302,0.000363154639929,-0.000346719032617,-0.0000419937668559,-0.000801283935454,-0.0002302569716,-0.0000733008125682,-0.0000589650804486,0.000493785736134,-0.000061012742385,-0.00000621191396277,-0.0000153300598074,-0.000230945391705,-0.00172811590324,0.000152318555723,-0.00033136105892,-0.0000484267968868,-0.000152904959929,-0.000174082282411,-0.0000743411108854,-0.0000706186401054,-0.0000144010212026,-0.0000248530405318,-0.0000142838925896,-0.000112528126218,-0.000157874527358,-0.0000412821861611,-0.0000830623528154,-0.000031446857049,-0.0000153300598074,-0.0000407137427505,-0.000143328970254,-0.000157874527358,-0.000314889351583,-0.000302381083725,-0.000019252074174,-0.0011242601052,-0.000302381083725,-0.0000170238963157
1938,-0.00030333058002,-0.000106160074053,-8.10941009455e-7,-0.000237267612916,-0.0015078718976,-0.000136788116103,-0.00016443798711,-0.000160098424097,-0.000205505377345,-0.000104053597412,-0.0000628074351985,-0.0000241556775586,-0.0000523552552663,-0.0000604548091783,-0.000158304454355,-0.00020351147912,-0.000299577338067,-0.00030333058002,-0.000519824092792,-0.00000785271206727,-0.000025813017511,-0.000560997708142,-0.00012682463503,-0.000835558994438,-0.000465776985014,-0.00023655850689,-0.00033106378137,-0.000465776985014,-0.000665278485856,-0.000163566375869,-0.000299360088703,-0.000188976477229,-0.000122814276172,-0.0000561347065906,-0.0002008764658,-0.000185214380829,-0.00000220031043252,-0.00002144732664,-0.000025813017511,-0.000406755333143,-0.0000628074351985,-0.0000241556775586,-0.000146002513077,-0.00023655850689,-0.0000120536504244,-0.0000993645668848,-0.000366747240057,-0.0000186183261333,-0.00030212849475,-0.0000872685174329,-0.00000620396318052,-0.0000142668099876,-0.0000259995033476,-0.0000381589316492,-0.000123918931354,-0.0000118960933042,-0.0000116806674701,-0.000223087176091,-0.0000210501816982,-0.0015078718976,-0.0000192361097673,-0.000583583704468,0.000362883640513,-0.000346436943611,-0.0000419504783622,-0.000800661157026,-0.000230093613083,-0.0000732273031794,-0.0000589030631577,0.000493457439504,-0.0000609528005393,-0.00000620396318052,-0.0000153130890883,-0.000230747824697,-0.00172686614969,0.0001522270338,-0.00033106378137,-0.0000483803757403,-0.000152763428562,-0.000173911421981,-0.0000742656759365,-0.000070552992196,-0.0000143839156306,-0.0000248250892541,-0.0000142668099876,-0.000112421846658,-0.000157749884043,-0.0000412360843427,-0.0000829953294765,-0.0000314149713914,-0.0000153130890883,-0.000040670326019,-0.000143208864864,-0.000157749884043,-0.000314641209032,-0.00030212849475,-0.0000192361097673,-0.00112341487175,-0.00030212849475,-0.0000170054773205
1939,-0.000303082692565,-0.000106064270535,-8.09773469612e-7,-0.000237073356643,-0.00150686549541,-0.000136658329581,-0.000164277397543,-0.00015996638244,-0.000205327141971,-0.000103950926166,-0.0000627417386481,-0.0000241280029707,-0.0000523028762309,-0.0000603912981161,-0.00015814941507,-0.000203329362912,-0.000299339375643,-0.000303082692565,-0.000519415938485,-0.00000784299602419,-0.0000257832214929,-0.000560572943101,-0.00012670188806,-0.000834963279602,-0.00046539835341,-0.000236340656777,-0.000330766770227,-0.00046539835341,-0.000664779500042,-0.000163422354014,-0.000299092110313,-0.000188800576974,-0.000122703398323,-0.0000560877460862,-0.000200698710577,-0.000185037242624,-0.00000219726162864,-0.0000214244895789,-0.0000257832214929,-0.000406409473058,-0.0000627417386481,-0.0000241280029707,-0.000145859729396,-0.000236340656777,-0.0000120387611173,-0.0000992671768874,-0.000366430836465,-0.0000185993634876,-0.000301876116234,-0.0000871933533153,-0.00000619602285079,-0.0000142497479345,-0.0000259690951649,-0.0000381158254648,-0.000123806359475,-0.0000118816588155,-0.0000116665351744,-0.000222881475446,-0.000021029060945,-0.00150686549541,-0.0000192201589275,-0.000583122004002,0.00036261284337,-0.000346155084062,-0.000041907234567,-0.00080003886252,-0.00022993037034,-0.0000731538674072,-0.0000588411109081,0.000493129361014,-0.0000608929172738,-0.00000619602285079,-0.0000152961372351,-0.00023055042674,-0.00172561729977,0.000152135566769,-0.000330766770227,-0.000048333999473,-0.000152622028644,-0.000173740728767,-0.0000741903173758,-0.0000704874049697,-0.0000143668304027,-0.0000247971696212,-0.0000142497479345,-0.000112315667297,-0.000157625339,-0.0000411900342234,-0.0000829283603565,-0.0000313831179435,-0.0000152961372351,-0.0000406269557818,-0.000143088859998,-0.000157625339,-0.00031439326207,-0.000301876116234,-0.0000192201589275,-0.00112257027356,-0.000301876116234,-0.0000169870782223
1940,-0.000302835008084,-0.000105968553339,-8.08607734992e-7,-0.00023687925917,-0.00150585976529,-0.00013652866597,-0.000164116964727,-0.000159834449889,-0.000205149061579,-0.000103848356434,-0.0000626761109901,-0.0000241003602417,-0.0000522505495182,-0.0000603278533378,-0.000157994527425,-0.000203147409642,-0.000299101602746,-0.000302835008084,-0.000519008104387,-0.00000783329185072,-0.0000257534599983,-0.000560148499773,-0.000126579260201,-0.000834367989578,-0.000465020029535,-0.00023612300722,-0.000330470025567,-0.000465020029535,-0.000664280888635,-0.000163278458905,-0.000298824371916,-0.000188624840086,-0.000122592620524,-0.0000560408241488,-0.000200521112113,-0.000184860273993,-0.00000219421680647,-0.0000214016769835,-0.0000257534599983,-0.000406063907521,-0.0000626761109901,-0.0000241003602417,-0.000145717085434,-0.00023612300722,-0.0000120238900809,-0.0000991698825175,-0.000366114705986,-0.0000185804199164,-0.000301623949091,-0.00008711825327,-0.00000618809182251,-0.0000142327067705,-0.0000259387224597,-0.0000380727677971,-0.000123693889524,-0.000011867241819,-0.0000116524195279,-0.000222675964128,-0.0000210079609388,-0.00150585976529,-0.0000192042212293,-0.00058266066905,0.00036234224806,-0.000345873453718,-0.0000418640356967,-0.000799417051471,-0.000229767243884,-0.0000730805053477,-0.0000587792239104,0.000492801500853,-0.0000608330926473,-0.00000618809182251,-0.0000152792039474,-0.000230353197471,-0.00172436935375,0.000152044154966,-0.000330470025567,-0.0000482876675201,-0.000152480759257,-0.000173570203373,-0.0000741150349359,-0.0000704218791805,-0.0000143497654643,-0.0000247692813011,-0.0000142327067705,-0.000112209588203,-0.000157500892325,-0.0000411440352597,-0.0000828614450157,-0.0000313512967969,-0.0000152792039474,-0.0000405836318356,-0.000142968955542,-0.000157500892325,-0.000314145510838,-0.000301623949091,-0.0000192042212293,-0.0011217263105,-0.000301623949091,-0.0000169686988976
1941,-0.000302587525733,-0.000105872922634,-8.07443179873e-7,-0.000236685321057,-0.00150485470648,-0.000136399125464,-0.000163956688871,-0.000159702626107,-0.000204971135469,-0.000103745887985,-0.0000626105516499,-0.0000240727490546,-0.000052198275692,-0.0000602644755068,-0.000157839791727,-0.000202965619049,-0.000298864018278,-0.000302587525733,-0.000518600590664,-0.00000782359949891,-0.0000257237327896,-0.000559724377919,-0.000126456750729,-0.00083377312408,-0.000464642013133,-0.000235905558262,-0.000330173547715,-0.000464642013133,-0.000663782650913,-0.000163134690133,-0.000298556872899,-0.000188449267081,-0.000122481943098,-0.0000559939419484,-0.000200343671444,-0.000184683474439,-0.00000219117652289,-0.0000213788884906,-0.0000257237327896,-0.000405718635926,-0.0000626105516499,-0.0000240727490546,-0.000145574580602,-0.000235905558262,-0.0000120090379196,-0.0000990726832883,-0.000365798847532,-0.0000185614958443,-0.000301371991908,-0.0000870432184872,-0.00000618017151366,-0.0000142156852423,-0.0000259083854255,-0.0000380297588691,-0.000123581521879,-0.0000118528426638,-0.0000116383212787,-0.000222470642397,-0.0000209868821912,-0.00150485470648,-0.0000191882967187,-0.000582199699121,0.000362071854751,-0.000345592052522,-0.0000418208811466,-0.000798795723813,-0.000229604233332,-0.0000730072169475,-0.0000587174018509,0.000492473858499,-0.0000607733266875,-0.00000618017151366,-0.00001526228895,-0.000230156137047,-0.00172312230964,0.000151952797983,-0.000330173547715,-0.0000482413797842,-0.000152339620877,-0.000173399845266,-0.0000740398294701,-0.0000703564146747,-0.0000143327206565,-0.0000247414246535,-0.0000142156852423,-0.000112103609466,-0.000157376544028,-0.000041098087749,-0.0000827945840536,-0.0000313195079764,-0.00001526228895,-0.0000405403538473,-0.00014284915135,-0.000157376544028,-0.000313897954372,-0.000301371991908,-0.0000191882967187,-0.00112088298204,-0.000301371991908,-0.0000169503393215
1942,-0.000302340245994,-0.000105777378071,-8.06280812782e-7,-0.000236491542053,-0.00150385031836,-0.000136269708065,-0.000163796569081,-0.000159570911272,-0.00020479336362,-0.000103643520537,-0.0000625450611373,-0.0000240451696651,-0.0000521460535872,-0.0000602011640307,-0.000157685207476,-0.000202783991376,-0.000298626622846,-0.000302340245994,-0.000518193397142,-0.00000781391957183,-0.0000256940398913,-0.00055930057685,-0.000126334360254,-0.000833178682394,-0.000464264304211,-0.000235688309454,-0.000329877335365,-0.000464264304211,-0.000663284787272,-0.000162991048202,-0.00029828961381,-0.000188273857263,-0.000122371365371,-0.0000559470988626,-0.000200166387462,-0.000184506844216,-0.00000218814029385,-0.0000213561244635,-0.0000256940398913,-0.000405373657364,-0.0000625450611373,-0.0000240451696651,-0.000145432215393,-0.000235688309454,-0.0000119942037395,-0.0000989755796565,-0.000365483262236,-0.000018542590821,-0.000301120245503,-0.0000869682482696,-0.00000617226093302,-0.0000141986847018,-0.0000258780836759,-0.0000379867985707,-0.000123469256375,-0.0000118384608769,-0.0000116242399097,-0.000222265510029,-0.0000209658246684,-0.00150385031836,-0.0000191723852794,-0.000581739093869,0.000361801663326,-0.000345310880653,-0.00004177777077,-0.000798174879291,-0.000229441338634,-0.0000729340019303,-0.0000586556455975,0.00049214643431,-0.0000607136199196,-0.00000617226093302,-0.0000152453927349,-0.000229959245199,-0.00172187616757,0.000151861495855,-0.000329877335365,-0.0000481951366837,-0.0001521986132,-0.000173229654522,-0.0000739647001167,-0.0000702910101955,-0.0000143156962373,-0.0000247135988518,-0.0000141986847018,-0.000111997730841,-0.0001572522938,-0.0000410521918139,-0.0000827277770696,-0.0000312877511712,-0.0000152453927349,-0.0000404971222325,-0.000142729448318,-0.0001572522938,-0.000313650593036,-0.000301120245503,-0.0000191723852794,-0.00112004028788,-0.000301120245503,-0.0000169319998351
1943,-0.000302093167898,-0.000105681919598,-8.05120030201e-7,-0.000236297921256,-0.00150284660084,-0.000136140412976,-0.000163636606038,-0.000159439304753,-0.000204615745971,-0.00010354125402,-0.0000624796391415,-0.0000240176217252,-0.0000520938841486,-0.0000601379195446,-0.000157530774998,-0.000202602526253,-0.00029838941609,-0.000302093167898,-0.000517786523095,-0.00000780425132962,-0.000025664381146,-0.000558877097092,-0.000126212087697,-0.000832584664929,-0.000463886902162,-0.000235471260743,-0.000329581388374,-0.000463886902162,-0.0006627872969,-0.000162847532905,-0.000298022593879,-0.000188098611111,-0.000122260887375,-0.0000559002949032,-0.000199989260063,-0.000184330382661,-0.00000218510827077,-0.0000213333844794,-0.000025664381146,-0.000405028972503,-0.0000624796391415,-0.0000240176217252,-0.00014528998917,-0.000235471260743,-0.0000119793878808,-0.0000988785708467,-0.00036516794906,-0.000018523704969,-0.000300868709338,-0.0000868933423996,-0.00000616436085599,-0.0000141817036434,-0.0000258478176747,-0.0000379438868903,-0.000123357092987,-0.0000118240960489,-0.0000116101758554,-0.000222060566611,-0.0000209447882273,-0.00150284660084,-0.0000191564871077,-0.000581278853105,0.000361531673525,-0.000345029937255,-0.0000417347056842,-0.000797554517174,-0.000229278558928,-0.0000728608605929,-0.0000585939533551,0.000491819227519,-0.0000606539719041,-0.00000616436085599,-0.0000152285156938,-0.000229762521776,-0.0017206309262,0.000151770248522,-0.000329581388374,-0.0000481489381765,-0.000152057735696,-0.000173059630374,-0.0000738896469472,-0.000070225666942,-0.0000142986920539,-0.0000246858046156,-0.0000141817036434,-0.000111891952387,-0.000157128141496,-0.000041006346895,-0.0000826610237574,-0.0000312560266451,-0.0000152285156938,-0.0000404539366246,-0.000142609845268,-0.000157128141496,-0.000313403426961,-0.000300868709338,-0.0000191564871077,-0.00111919822672,-0.000300868709338,-0.0000169136803585
1944,-0.000301846291984,-0.000105586547569,-8.0396081259e-7,-0.000236104458878,-0.0015018435529,-0.000136011240685,-0.000163476799036,-0.000159307806699,-0.000204438282053,-0.000103439088811,-0.0000624142853543,-0.0000239901053005,-0.0000520417665273,-0.0000600747410635,-0.000157376493902,-0.00020242122328,-0.000298152397313,-0.000301846291984,-0.000517379968536,-0.00000779459522793,-0.000025634756903,-0.000558453937843,-0.000126089933825,-0.000831991070855,-0.000463509806636,-0.000235254411615,-0.000329285707541,-0.000463509806636,-0.000662290179556,-0.000162704143639,-0.000297755812579,-0.000187923527661,-0.000122150509208,-0.0000558535298727,-0.000199812289956,-0.00018415408996,-0.00000218208056557,-0.0000213106688243,-0.000025634756903,-0.00040468458072,-0.0000624142853543,-0.0000239901053005,-0.000145147902369,-0.000235254411615,-0.0000119645902394,-0.0000987816572149,-0.000364852907766,-0.0000185048383416,-0.000300617383279,-0.000086818500856,-0.00000615647067193,-0.0000141647436598,-0.000025817586879,-0.0000379010231217,-0.000123245031345,-0.0000118097490347,-0.0000115961284557,-0.000221855812655,-0.0000209237731976,-0.0015018435529,-0.0000191406020633,-0.000580818976286,0.000361261884994,-0.000344749222798,-0.0000416916839754,-0.00079693463755,-0.000229115894473,-0.0000727877922451,-0.0000585323264266,0.000491492237995,-0.0000605943821821,-0.00000615647067193,-0.0000152116576926,-0.000229565966817,-0.00171938658575,0.000151679056096,-0.000329285707541,-0.0000481027833112,-0.000151916988857,-0.000172889773393,-0.0000738146698884,-0.0000701603844373,-0.000014281707815,-0.0000246580417094,-0.0000141647436598,-0.000111786273368,-0.000157004087296,-0.0000409605530916,-0.000082594324156,-0.000031224334017,-0.0000152116576926,-0.0000404107972054,-0.000142490342094,-0.000157004087296,-0.000313156455532,-0.000300617383279,-0.0000191406020633,-0.00111835679885,-0.000300617383279,-0.0000168953803366
1945,-0.000301599617726,-0.000105491261473,-8.02803251432e-7,-0.000235911154609,-0.0015008411747,-0.000135882191064,-0.000163317148187,-0.000159176417351,-0.000204260972608,-0.000103337024234,-0.0000623490002862,-0.0000239626204559,-0.0000519897014328,-0.0000600116289338,-0.000157222363272,-0.000202240082731,-0.000297915567121,-0.000301599617726,-0.000516973733503,-0.00000778495074805,-0.0000256051668317,-0.000558031098953,-0.000125967897576,-0.000831397899532,-0.000463133018267,-0.000235037762462,-0.000328990291807,-0.000463133018267,-0.000661793435113,-0.000162560880656,-0.00029748927033,-0.000187748607158,-0.000122040230511,-0.0000558068045184,-0.000199635476156,-0.000183977966,-0.00000217905686739,-0.000021287977475,-0.0000256051668317,-0.000404340481732,-0.0000623490002862,-0.0000239626204559,-0.000145005954343,-0.000235037762462,-0.0000119498111024,-0.000098684838993,-0.000364538138236,-0.0000184859912968,-0.000300366267652,-0.0000867437242684,-0.00000614859101722,-0.0000141478038991,-0.0000257873914355,-0.0000378582080893,-0.000123133071532,-0.0000117954197116,-0.0000115820983808,-0.000221651246884,-0.0000209027788118,-0.0015008411747,-0.0000191247305148,-0.000580359463179,0.000360992297998,-0.000344468736199,-0.0000416487073842,-0.000796315239119,-0.000228953346453,-0.0000727147973132,-0.0000584707640447,0.000491165466541,-0.0000605348510447,-0.00000614859101722,-0.0000151948178253,-0.000229369579882,-0.00171814314529,0.000151587918531,-0.000328990291807,-0.0000480566729597,-0.000151776372291,-0.000172720083319,-0.0000737397688688,-0.0000700951623287,-0.0000142647441161,-0.000024630309885,-0.0000141478038991,-0.000111680694774,-0.000156880131302,-0.0000409148107057,-0.0000825276785781,-0.0000311926741032,-0.0000151948178253,-0.0000403677037921,-0.000142370939478,-0.000156880131302,-0.000312909678499,-0.000300366267652,-0.0000191247305148,-0.00111751600402,-0.000300366267652,-0.0000168771005136
1946,-0.000301353145153,-0.000105396061526,-8.01647455084e-7,-0.000235718008678,-0.00149983946536,-0.00013575326414,-0.000163157653412,-0.000159045136161,-0.000204083816871,-0.000103235060152,-0.0000622837833557,-0.0000239351671087,-0.0000519376879984,-0.0000599485834423,-0.00015706838401,-0.000202059103809,-0.000297678924672,-0.000301353145153,-0.000516567817024,-0.00000777531862362,-0.0000255756107443,-0.000557608580199,-0.000125845979819,-0.000830805151539,-0.000462756535905,-0.000234821312988,-0.000328695140965,-0.000462756535905,-0.000661297063498,-0.0001624177444,-0.000297222966838,-0.000187573849778,-0.000121930051482,-0.0000557601178737,-0.000199458818746,-0.000183802010404,-0.00000217603744979,-0.0000212653100284,-0.0000255756107443,-0.000403996675304,-0.0000622837833557,-0.0000239351671087,-0.000144864145129,-0.000234821312988,-0.0000119350500891,-0.0000985881153257,-0.000364223640551,-0.0000184671629633,-0.000300115361088,-0.0000866690121226,-0.0000061407209957,-0.0000141308842103,-0.0000257572313869,-0.0000378154415515,-0.000123021213303,-0.0000117811071356,-0.0000115680852861,-0.000221446870164,-0.0000208818054883,-0.00149983946536,-0.0000191088718866,-0.000579900313723,0.000360722911663,-0.000344188478127,-0.0000416057746193,-0.000795696322582,-0.00022879091308,-0.0000726418754695,-0.0000584092666909,0.00049083891197,-0.0000604753780808,-0.0000061407209957,-0.0000151779965067,-0.000229173360753,-0.001716900604,0.00015149683557,-0.000328695140965,-0.0000480106070628,-0.000151635885967,-0.000172550559609,-0.0000736649442095,-0.0000700300013907,-0.0000142478002445,-0.0000246026091664,-0.0000141308842103,-0.000111575215657,-0.000156756272891,-0.0000408691192764,-0.0000824610869108,-0.0000311610459534,-0.0000151779965067,-0.0000403246562302,-0.000142251636569,-0.000156756272891,-0.000312663096184,-0.000300115361088,-0.0000191088718866,-0.00111667584113,-0.000300115361088,-0.0000168588401204
1947,-0.000301106874106,-0.000105300947547,-8.00493362707e-7,-0.000235525021229,-0.00149883842468,-0.00013562445912,-0.000162998314226,-0.000158913963491,-0.000203906814408,-0.000103133196852,-0.0000622186347288,-0.0000239077452644,-0.0000518857270846,-0.0000598856040428,-0.000156914555471,-0.000201878287645,-0.000297442470595,-0.000301106874106,-0.000516162219562,-0.00000776569792205,-0.0000255460888168,-0.000557186381515,-0.000125724179992,-0.000830212826294,-0.000462380359704,-0.000234605062612,-0.000328400254674,-0.000462380359704,-0.000660801063937,-0.000162274733694,-0.000296956901397,-0.00018739925498,-0.000121819972225,-0.0000557134702146,-0.000199282317942,-0.00018362622275,-0.00000217302211158,-0.0000212426667456,-0.0000255460888168,-0.000403653161275,-0.0000622186347288,-0.0000239077452644,-0.000144722474945,-0.000234605062612,-0.0000119203074074,-0.0000984914865052,-0.000363909414136,-0.0000184483543597,-0.000299864664274,-0.0000865943638697,-0.0000061328615657,-0.000014113984883,-0.0000257271067206,-0.0000377727232381,-0.000122909456751,-0.0000117668122965,-0.0000115540887902,-0.00022124268178,-0.0000208608536392,-0.00149883842468,-0.0000190930261512,-0.000579441527726,0.000360453726994,-0.000343908447959,-0.0000415628864578,-0.000795077887085,-0.000228628594938,-0.0000725690269476,-0.0000583478341882,0.000490512574549,-0.0000604159634383,-0.0000061328615657,-0.0000151611935246,-0.000228977309708,-0.0017156589613,0.000151405807634,-0.000328400254674,-0.0000479645852591,-0.00015149552939,-0.000172381202129,-0.000073590195016,-0.0000699649003675,-0.0000142308769093,-0.0000245749396481,-0.000014113984883,-0.00011146983603,-0.000156632512299,-0.0000408234789191,-0.0000823945487092,-0.0000311294499369,-0.0000151611935246,-0.0000402816548872,-0.000142132434074,-0.000156632512299,-0.000312416707843,-0.000299864664274,-0.0000190930261512,-0.0011158363096,-0.000299864664274,-0.0000168405993435
1948,-0.000300860803984,-0.000105205919176,-7.99340572399e-7,-0.00023533219167,-0.00149783805237,-0.000135495776425,-0.000162839130856,-0.000158782898851,-0.000203729965913,-0.00010303143417,-0.0000621535539791,-0.0000238803550028,-0.000051833817686,-0.0000598226906039,-0.00015676087744,-0.000201697632613,-0.000297206204376,-0.000300860803984,-0.000515756940308,-0.00000775608943027,-0.0000255166011458,-0.00055676450254,-0.000125602498264,-0.000829620923075,-0.000462004488884,-0.000234389011207,-0.000328105633415,-0.000462004488884,-0.000660305436547,-0.000162131848901,-0.000296691074516,-0.000187224822431,-0.00012170999215,-0.0000556668614564,-0.000199105973148,-0.000183450603651,-0.00000217001125469,-0.0000212200476577,-0.0000255166011458,-0.000403309939243,-0.0000621535539791,-0.0000238803550028,-0.00014458094318,-0.000234389011207,-0.0000119055826118,-0.0000983949524507,-0.000363595458898,-0.0000184295643315,-0.000299614177052,-0.0000865197802167,-0.00000612501193453,-0.0000140971055078,-0.0000256970172776,-0.0000377300530472,-0.000122797801638,-0.0000117525348426,-0.0000115401092593,-0.000221038681332,-0.0000208399225734,-0.00149783805237,-0.0000190771937572,-0.000578983104567,0.000360184743131,-0.000343628645475,-0.0000415200419708,-0.000794459932128,-0.000228466392289,-0.0000724962515042,-0.0000582864659,0.000490186454035,-0.0000603566074369,-0.00000612501193453,-0.0000151444093488,-0.00022878142599,-0.001714418217,0.000151314834176,-0.000328105633415,-0.0000479186071476,-0.000151355303173,-0.000172212011129,-0.0000735155220259,-0.0000698998602324,-0.0000142139730839,-0.00002454730144,-0.0000140971055078,-0.000111364555943,-0.000156508849711,-0.0000407778893301,-0.0000823280641855,-0.0000310978859934,-0.0000151444093488,-0.0000402386987703,-0.000142013330948,-0.000156508849711,-0.000312170514039,-0.000299614177052,-0.0000190771937572,-0.0011149974098,-0.000299614177052,-0.0000168223786323
1949,-0.000300614934936,-0.000105110976424,-7.98189957685e-7,-0.000235139519947,-0.00149683834742,-0.000135367215576,-0.00016268010235,-0.000158651942362,-0.000203553270067,-0.000102929771548,-0.0000620885413962,-0.0000238529958372,-0.0000517819603028,-0.000059759843535,-0.000156607350262,-0.000201517139657,-0.000296970125953,-0.000300614934936,-0.000515351979432,-0.00000774649293511,-0.0000254871472896,-0.000556342942633,-0.000125480934188,-0.000829029441853,-0.000461628924045,-0.000234173158897,-0.000327811276415,-0.000461628924045,-0.0006598101807,-0.000161989089958,-0.000296425485363,-0.000187050552595,-0.000121600111156,-0.0000556202923154,-0.000198929784769,-0.000183275152636,-0.0000021670041308,-0.0000211974525923,-0.0000254871472896,-0.000402967009308,-0.0000620885413962,-0.0000238529958372,-0.000144439549423,-0.000234173158897,-0.0000118908763209,-0.0000982985125688,-0.000363281774155,-0.000018410793837,-0.000299363899276,-0.0000864452608527,-0.00000611717237398,-0.0000140802466078,-0.0000256669627534,-0.0000376874313304,-0.00012268624818,-0.0000117382747526,-0.0000115261469995,-0.00022083486978,-0.0000208190124562,-0.00149683834742,-0.0000190613746467,-0.000578525044069,0.000359915959995,-0.000343349070872,-0.0000414772421662,-0.00079384245732,-0.000228304304569,-0.0000724235489207,-0.0000582251627099,0.000489860550602,-0.0000602973097301,-0.00000611717237398,-0.0000151276438096,-0.000228585710379,-0.00171317836974,0.000151223915376,-0.000327811276415,-0.0000478726736413,-0.000151215206071,-0.000172042986081,-0.0000734409250063,-0.0000698348805468,-0.0000141970898433,-0.0000245196942266,-0.0000140802466078,-0.000111259375528,-0.000156385284306,-0.0000407323506151,-0.0000822616337404,-0.0000310663540155,-0.0000151276438096,-0.0000401957887695,-0.000141894328051,-0.000156385284306,-0.000311924514148,-0.000299363899276,-0.0000190613746467,-0.00111415913978,-0.000299363899276,-0.000016804177883
1950,-0.000300369267192,-0.000105016119648,-7.9704052558e-7,-0.000234947006214,-0.00149583930987,-0.000135238777212,-0.000162521229898,-0.000158521093787,-0.000203376728376,-0.00010282820946,-0.0000620235969055,-0.0000238256680261,-0.0000517301551053,-0.0000596970622775,-0.000156453973046,-0.000201336808033,-0.000296734234551,-0.000300369267192,-0.000514947336603,-0.00000773690821543,-0.0000254577273204,-0.000555921702069,-0.00012535948785,-0.000828438382523,-0.000461253664462,-0.000233957505464,-0.000327517183253,-0.000461253664462,-0.000659315296531,-0.000161846456722,-0.000296160134106,-0.000186876444981,-0.000121490329522,-0.0000555737617511,-0.000198753751748,-0.000183099869207,-0.00000216400142117,-0.0000211748815024,-0.0000254577273204,-0.00040262437048,-0.0000620235969055,-0.0000238256680261,-0.000144298294275,-0.000233957505464,-0.0000118761880272,-0.0000982021679992,-0.0003629683603,-0.0000183920424055,-0.000299113830188,-0.000086370805362,-0.00000610934254208,-0.0000140634077459,-0.0000256369435672,-0.000037644857505,-0.000122574796025,-0.0000117240317086,-0.0000115122013988,-0.000220631245345,-0.0000207981232832,-0.00149583930987,-0.0000190455688847,-0.000578067346051,0.000359647376771,-0.000343069723538,-0.0000414344862705,-0.000793225462714,-0.000228142331599,-0.0000723509192815,-0.0000581639234323,0.000489534863507,-0.0000602380702208,-0.00000610934254208,-0.0000151108974782,-0.000228390161859,-0.00171193941901,0.000151133051315,-0.000327517183253,-0.0000478267839572,-0.00015107523909,-0.000171874126906,-0.0000733664028627,-0.0000697699611774,-0.0000141802262617,-0.0000244921178245,-0.0000140634077459,-0.000111154293911,-0.000156261816795,-0.0000406868631133,-0.0000821952565522,-0.0000310348538424,-0.0000151108974782,-0.0000401529246536,-0.000141775424711,-0.000156261816795,-0.000311678708025,-0.000299113830188,-0.0000190455688847,-0.00111332150033,-0.000299113830188,-0.0000167859965057
1951,-0.000300123799888,-0.000104921348334,-7.95892969307e-7,-0.000234754649794,-0.00149484093896,-0.000135110460607,-0.000162362512293,-0.000158390353509,-0.000203200339531,-0.000102726747734,-0.0000619587199422,-0.0000237983715845,-0.0000516784014728,-0.0000596343469734,-0.000156300745933,-0.000201156637927,-0.000296498530534,-0.000300123799888,-0.000514543011283,-0.00000772733540266,-0.0000254283416683,-0.000555500780703,-0.000125238159294,-0.000827847744613,-0.000460878709768,-0.00023374205073,-0.000327223354216,-0.000460878709768,-0.000658820783652,-0.000161703949134,-0.000295895020048,-0.000186702499258,-0.000121380646957,-0.0000555272697533,-0.000198577874865,-0.000182924753138,-0.00000216100310668,-0.0000211523347868,-0.0000254283416683,-0.000402282023362,-0.0000619587199422,-0.0000237983715845,-0.000144157177155,-0.00023374205073,-0.0000118615182996,-0.0000981059171492,-0.000362655216588,-0.000018373310299,-0.000298863970145,-0.0000862964140671,-0.00000610152283187,-0.0000140465891363,-0.0000256069593476,-0.0000376023319424,-0.000122463444983,-0.0000117098059049,-0.0000114982725821,-0.000220427808666,-0.0000207772555072,-0.00149484093896,-0.0000190297755926,-0.00057761001006,0.00035937899466,-0.000342790603411,-0.0000413917742002,-0.000792608947463,-0.000227980473633,-0.0000722783625191,-0.0000581027490618,0.000489209393367,-0.0000601788891044,-0.00000610152283187,-0.0000150941693935,-0.000228194781069,-0.00171070136468,0.000151042241665,-0.000327223354216,-0.0000477809380457,-0.00015093540185,-0.000171705433451,-0.0000732919570972,-0.0000697051021072,-0.0000141633831503,-0.000024464572733,-0.0000140465891363,-0.000111049311917,-0.000156138446598,-0.0000406414262493,-0.0000821289331094,-0.0000310033856739,-0.0000150941693935,-0.0000401101061369,-0.000141656621142,-0.000156138446598,-0.000311433095766,-0.000298863970145,-0.0000190297755926,-0.00111248449103,-0.000298863970145,-0.0000167678345653
1952,-0.000299878533307,-0.000104826662392,-7.94747077482e-7,-0.00023456245135,-0.0014938432347,-0.000134982265638,-0.000162203949561,-0.000158259720429,-0.000203024103187,-0.000102625386002,-0.000061893911468,-0.0000237711066218,-0.0000516266994293,-0.0000595716975509,-0.000156147669394,-0.000200976629062,-0.000296263013732,-0.000299878533307,-0.000514139003553,-0.00000771777452435,-0.0000253989898855,-0.000555080177596,-0.000125116947821,-0.000827257527481,-0.000460504059836,-0.000233526794199,-0.000326929788661,-0.000460504059836,-0.000658326641506,-0.00016156156678,-0.000295630143877,-0.000186528715419,-0.000121271063489,-0.0000554808171493,-0.000198402153448,-0.000182749804838,-0.00000215800875747,-0.0000211298121959,-0.0000253989898855,-0.000401939967119,-0.000061893911468,-0.0000237711066218,-0.000144016197948,-0.000233526794199,-0.000011846866049,-0.0000980097609817,-0.000362342343182,-0.0000183545967287,-0.000298614318784,-0.0000862220870017,-0.00000609371328375,-0.0000140297903197,-0.0000255770104731,-0.00003755985448,-0.000122352195083,-0.0000116955978484,-0.0000114843607095,-0.000220224560401,-0.0000207564080377,-0.0014938432347,-0.0000190139957166,-0.000577153036165,0.00035911081264,-0.000342511710599,-0.000041349106791,-0.00079199291115,-0.000227818730358,-0.0000722058785483,-0.000058041638197,0.000488884139179,-0.0000601197660286,-0.00000609371328375,-0.000015077459711,-0.00022799956674,-0.00170946420529,0.000150951486909,-0.000326929788661,-0.0000477351365435,-0.00015079569353,-0.000171536905635,-0.000073217586313,-0.0000696403037148,-0.0000141465597805,-0.0000244370585851,-0.0000140297903197,-0.000110944429297,-0.000156015174124,-0.0000405960400203,-0.00008206266281,-0.0000309719496752,-0.000015077459711,-0.000040067333309,-0.000141537917117,-0.000156015174124,-0.000311187677046,-0.000298614318784,-0.0000190139957166,-0.0011116481108,-0.000298614318784,-0.0000167496927928
1953,-0.000299633467563,-0.00010473206228,-7.93602960236e-7,-0.000234370409607,-0.00149284619615,-0.000134854192391,-0.00016204554167,-0.000158129195698,-0.000202848020138,-0.000102524124126,-0.0000618291702246,-0.0000237438726156,-0.0000515750496284,-0.0000595091142275,-0.000155994742451,-0.000200796781027,-0.000296027684401,-0.000299633467563,-0.000513735313053,-0.00000770822493568,-0.0000253696716799,-0.000554659893143,-0.000124995853823,-0.000826667731346,-0.000460129714728,-0.000233311736148,-0.000326636486474,-0.000460129714728,-0.000657832870072,-0.000161419310024,-0.000295365504447,-0.000186355093468,-0.000121161578982,-0.000055434403254,-0.000198226587531,-0.000182575023783,-0.00000215501806933,-0.0000211073132395,-0.0000253696716799,-0.00040159820193,-0.0000618291702246,-0.0000237438726156,-0.000143875356788,-0.000233311736148,-0.0000118322324036,-0.0000979136989478,-0.000362029739746,-0.0000183359022463,-0.000298364876039,-0.0000861478238985,-0.00000608591367568,-0.0000140130118744,-0.0000255470962598,-0.0000375174248886,-0.000122241046498,-0.0000116814066606,-0.000011470465922,-0.00022002149901,-0.0000207355817752,-0.00149284619615,-0.0000189982289118,-0.00057669642338,0.000358842830959,-0.000342233044771,-0.0000413064831681,-0.000791377353909,-0.000227657102283,-0.0000721334669951,-0.0000579805923433,0.000488559101198,-0.0000600607013315,-0.00000608591367568,-0.000015060768245,-0.000227804519922,-0.00170822794107,0.000150860786194,-0.000326636486474,-0.0000476893785728,-0.000150656115128,-0.000171368543094,-0.0000731432913237,-0.0000695755650639,-0.0000141297562943,-0.0000244095752322,-0.0000140130118744,-0.000110839645256,-0.00015589199849,-0.0000405507047185,-0.0000819964463554,-0.0000309405452326,-0.000015060768245,-0.0000400246058554,-0.000141419312517,-0.00015589199849,-0.000310942451527,-0.000298364876039,-0.0000189982289118,-0.00111081235924,-0.000298364876039,-0.0000167315702733
1954,-0.000299388601552,-0.000104637547149,-7.92460164156e-7,-0.000234178525607,-0.00149184982308,-0.000134726240145,-0.000161887288785,-0.000157998777982,-0.00020267209004,-0.000102422962383,-0.0000617644969756,-0.0000237166699337,-0.0000515234512939,-0.0000594465967021,-0.000155841965184,-0.000200617094204,-0.000295792541973,-0.000299388601552,-0.000513331939499,-0.00000769868755146,-0.0000253403875101,-0.000554239927161,-0.000124874877021,-0.000826078355794,-0.000459755674062,-0.00023309687602,-0.000326343447353,-0.000459755674062,-0.000657339468874,-0.00016127717848,-0.000295101101758,-0.000186181633002,-0.000121052193217,-0.0000553880281791,-0.000198051176992,-0.000182400409961,-0.00000215203201037,-0.0000210848379876,-0.0000253403875101,-0.000401256727433,-0.0000617644969756,-0.0000237166699337,-0.000143734653151,-0.00023309687602,-0.0000118176166071,-0.0000978177310182,-0.000361717406138,-0.0000183172270418,-0.000298115641549,-0.0000860736249617,-0.00000607812401876,-0.0000139962537968,-0.0000255172175327,-0.0000374750430439,-0.000122129998628,-0.0000116672325894,-0.0000114565875244,-0.000219818624593,-0.0000207147762241,-0.00149184982308,-0.0000189824752477,-0.000576240172212,0.000358575049036,-0.000341954605626,-0.0000412639031557,-0.000790762275442,-0.000227495588636,-0.000072061128022,-0.0000579196103052,0.000488234279733,-0.0000600016949481,-0.00000607812401876,-0.0000150440956181,-0.000227609639893,-0.0017069925706,0.000150770140229,-0.000326343447353,-0.0000476436645842,-0.000150516665391,-0.000171200346128,-0.0000730690720085,-0.0000695108869779,-0.0000141129729707,-0.0000243821226062,-0.0000139962537968,-0.000110734960676,-0.000155768920332,-0.000040505419709,-0.0000819302831054,-0.0000309091729065,-0.0000150440956181,-0.000039981924246,-0.000141300807098,-0.000155768920332,-0.000310697419304,-0.000298115641549,-0.0000189824752477,-0.00110997723652,-0.000298115641549,-0.0000167134675397
1955,-0.000299143935941,-0.000104543117521,-7.91319134219e-7,-0.000233986798274,-0.0014908541152,-0.000134598409917,-0.000161729190118,-0.000157868468382,-0.000202496312319,-0.000102321900292,-0.0000616998914529,-0.0000236894985601,-0.0000514719043512,-0.0000593841442837,-0.00015568933774,-0.000200437568031,-0.000295557585962,-0.000299143935941,-0.00051292888269,-0.00000768916189386,-0.0000253111372412,-0.000553820279036,-0.000124754017028,-0.000825489400397,-0.000459381937318,-0.000232882213552,-0.000326050671074,-0.000459381937318,-0.000656846437903,-0.000161135172249,-0.00029483693582,-0.000186008333934,-0.000120942906284,-0.0000553416920108,-0.00019787592157,-0.000182225963192,-0.00000214905027285,-0.000021062387213,-0.0000253111372412,-0.000400915543325,-0.0000616998914529,-0.0000236894985601,-0.000143594087342,-0.000232882213552,-0.0000118030188943,-0.0000977218572888,-0.000361405341799,-0.0000182985710397,-0.000297866615375,-0.0000859994896354,-0.00000607034443911,-0.0000139795152352,-0.0000254873734775,-0.000037432709548,-0.000122019051777,-0.0000116530758607,-0.0000114427261684,-0.00021961593763,-0.0000206939918952,-0.0014908541152,-0.0000189667344284,-0.00057578428147,0.000358307466951,-0.000341676392939,-0.0000412213670842,-0.000790147674654,-0.000227334189645,-0.0000719888619907,-0.000057858692557,0.000487909673671,-0.0000599427457741,-0.00000607034443911,-0.0000150274408348,-0.000227414926452,-0.00170575809339,0.000150679548852,-0.000326050671074,-0.0000475979944348,-0.000150377345137,-0.000171032314,-0.0000729949271809,-0.000069446269011,-0.0000140962095281,-0.0000243547013428,-0.0000139795152352,-0.000110630374674,-0.000155645939445,-0.0000404601855015,-0.0000818641732492,-0.0000308778322768,-0.0000150274408348,-0.000039939287964,-0.0001411824013,-0.000155645939445,-0.000310452580343,-0.000297866615375,-0.0000189667344284,-0.00110914274101,-0.000297866615375,-0.0000166953842946
1956,-0.000298899470187,-0.000104448773368,-7.90179989885e-7,-0.000233795228139,-0.00148985907179,-0.000134470701077,-0.000161571245839,-0.000157738266265,-0.00020232068679,-0.00010222093823,-0.0000616353535987,-0.0000236623579095,-0.0000514204090756,-0.0000593217578846,-0.000155536859857,-0.000200258202468,-0.000295322817017,-0.000298899470187,-0.000512526142462,-0.00000767964781989,-0.0000252819206183,-0.000553400948539,-0.000124633274479,-0.000824900865124,-0.000459008504087,-0.000232667748826,-0.00032575815764,-0.000459008504087,-0.000656353776558,-0.000160993290758,-0.000294573006566,-0.000185835196397,-0.000120833718035,-0.0000552953945814,-0.000197700821383,-0.000182051683436,-0.0000021460724966,-0.0000210399601714,-0.0000252819206183,-0.00040057464917,-0.0000616353535987,-0.0000236623579095,-0.000143453658958,-0.000232667748826,-0.0000117884392723,-0.0000976260776913,-0.000361093546765,-0.0000182799336317,-0.000297617797386,-0.0000859254184435,-0.00000606257477109,-0.0000139627967624,-0.0000254575639662,-0.0000373904234827,-0.000121908205359,-0.0000116389363525,-0.0000114288814288,-0.00021941343776,-0.0000206732281294,-0.00148985907179,-0.0000189510068376,-0.000575328751851,0.000358040084435,-0.000341398406674,-0.0000411788752421,-0.000789533551871,-0.000227172905229,-0.0000719166682881,-0.0000577978390481,0.000487585284052,-0.0000598838547248,-0.00000606257477109,-0.0000150108047761,-0.000227220379684,-0.00170452450934,0.000150589011995,-0.00032575815764,-0.0000475523678602,-0.000150238153833,-0.000170864446704,-0.0000729208581349,-0.000069381710861,-0.0000140794663026,-0.0000243273105602,-0.0000139627967624,-0.000110525887512,-0.000155523055534,-0.0000404150018865,-0.0000817981167121,-0.0000308465235257,-0.0000150108047761,-0.0000398966974533,-0.000141064094424,-0.000155523055534,-0.00031020793437,-0.000297617797386,-0.0000189510068376,-0.00110830887341,-0.000297617797386,-0.000016677320521
1957,-0.000298655203945,-0.000104354513816,-7.89042066351e-7,-0.000233603814839,-0.00148886469249,-0.000134343112619,-0.000161413456135,-0.000157608171378,-0.000202145213382,-0.000102120075212,-0.000061570883088,-0.0000236352485761,-0.0000513689655364,-0.0000592594369282,-0.000155384531153,-0.000200078997508,-0.00029508823426,-0.000298655203945,-0.000512123718338,-0.000007670146009,-0.0000252527374864,-0.000552981935613,-0.000124512648136,-0.000824312748944,-0.000458635374474,-0.000232453481922,-0.000325465907006,-0.000458635374474,-0.000655861484962,-0.000160851534464,-0.000294309313299,-0.00018566222011,-0.000120724628486,-0.0000552491356403,-0.000197525876054,-0.000181877570302,-0.00000214309876245,-0.0000210175565609,-0.0000252527374864,-0.000400234044797,-0.000061570883088,-0.0000236352485761,-0.000143313367791,-0.000232453481922,-0.0000117738774419,-0.0000975303915887,-0.000360782020753,-0.0000182613152537,-0.000297369186576,-0.0000858514107547,-0.00000605481497562,-0.0000139460984769,-0.0000254277895975,-0.0000373481853577,-0.000121797460099,-0.0000116248141855,-0.000011415053832,-0.000219211124034,-0.0000206524854107,-0.00148886469249,-0.0000189352924975,-0.00057487358271,0.000357772901559,-0.000341120646235,-0.0000411364268338,-0.000788919906267,-0.000227011734998,-0.0000718445469579,-0.000057737049409,0.000487261109848,-0.0000598250215282,-0.00000605481497562,-0.0000149941869525,-0.000227025998981,-0.00170329181762,0.000150498529316,-0.000325465907006,-0.0000475067851453,-0.000150099091054,-0.000170696744396,-0.0000728468647453,-0.0000693172125814,-0.0000140627423773,-0.0000242999506477,-0.0000139460984769,-0.000110421499249,-0.000155400268393,-0.0000403698684739,-0.000081732113558,-0.0000308152464052,-0.0000149941869525,-0.0000398541524627,-0.000140945886755,-0.000155400268393,-0.00030996348092,-0.000297369186576,-0.0000189352924975,-0.00110747563253,-0.000297369186576,-0.0000166592764472
1958,-0.000298411137488,-0.000104260339786,-7.87905849009e-7,-0.000233412558346,-0.00148787097691,-0.000134215645892,-0.000161255820429,-0.000157478183671,-0.000201969892148,-0.000102019312343,-0.000061506479911,-0.0000236081702365,-0.0000513175732912,-0.0000591971814856,-0.000155232351675,-0.000199899952935,-0.000294853837949,-0.000298411137488,-0.000511721610351,-0.0000076606557764,-0.0000252235881302,-0.000552563239897,-0.000124392138942,-0.000823725052007,-0.000458262548515,-0.000232239412189,-0.000325173917893,-0.000458262548515,-0.000655369562383,-0.000160709902691,-0.000294045856609,-0.000185489404525,-0.000120615637353,-0.0000552029156933,-0.000197351085476,-0.000181703623146,-0.00000214012928534,-0.0000209951771746,-0.0000252235881302,-0.000399893730255,-0.000061506479911,-0.0000236081702365,-0.000143173214096,-0.000232239412189,-0.0000117593339568,-0.0000974347994358,-0.000360470763535,-0.0000182427162425,-0.000297120784055,-0.0000857774668273,-0.00000604706497898,-0.0000139294199819,-0.0000253980505436,-0.0000373059946712,-0.000121686815274,-0.0000116107088615,-0.0000114012423968,-0.000219008997301,-0.0000206317633813,-0.00148787097691,-0.0000189195908709,-0.000574418773432,0.000357505918163,-0.000340843112168,-0.000041094022337,-0.000788306737502,-0.000226850679081,-0.0000717724979591,-0.0000576763236237,0.000486937151133,-0.0000597662464643,-0.00000604706497898,-0.0000149775874725,-0.00022683178476,-0.00170206001703,0.000150408100787,-0.000325173917893,-0.0000474612465102,-0.000149960157036,-0.000170529206557,-0.0000727729460426,-0.0000692527745043,-0.0000140460388272,-0.0000242726217157,-0.0000139294199819,-0.000110317209105,-0.000155277578613,-0.0000403247855436,-0.0000816661637968,-0.000030784000959,-0.0000149775874725,-0.0000398116523153,-0.000140827778566,-0.000155277578613,-0.000309719220184,-0.000297120784055,-0.0000189195908709,-0.00110664301813,-0.000297120784055,-0.0000166412516167
1959,-0.000298167270545,-0.000104166250583,-7.86771720218e-7,-0.000233221458306,-0.00148687792476,-0.000134088300027,-0.000161098338046,-0.00015734830331,-0.000201794723143,-0.000101918648521,-0.0000614421441165,-0.0000235811231022,-0.0000512662324788,-0.0000591349915053,-0.000155080321234,-0.000199721068423,-0.000294619627755,-0.000298167270545,-0.000511319817793,-0.00000765117732282,-0.0000251944727809,-0.000552144861166,-0.00012427174639,-0.000823137774508,-0.000457890025389,-0.000232025539587,-0.000324882190979,-0.000457890025389,-0.000654878008581,-0.000160568395835,-0.000293782635304,-0.00018531675006,-0.000120506744372,-0.0000551567343745,-0.000197176449783,-0.000181529842843,-0.00000213716368069,-0.0000209728218099,-0.0000251944727809,-0.000399553704777,-0.0000614421441165,-0.0000235811231022,-0.000143033197345,-0.000232025539587,-0.0000117448082535,-0.0000973393013721,-0.000360159774949,-0.0000182241361628,-0.000296872588902,-0.0000857035871293,-0.00000603932494947,-0.0000139127613359,-0.0000253683455975,-0.0000372638520174,-0.000121576271029,-0.0000115966206549,-0.0000113874481662,-0.000218807056912,-0.0000206110621779,-0.00148687792476,-0.0000189039021814,-0.000573964323992,0.000357239133847,-0.000340565803793,-0.0000410516617464,-0.000787694045249,-0.000226689737704,-0.0000717005211044,-0.0000576156617225,0.000486613407685,-0.0000597075286151,-0.00000603932494947,-0.0000149610064613,-0.000226637736959,-0.00170082910721,0.000150317726725,-0.000324882190979,-0.0000474157511503,-0.000149821351651,-0.000170361833411,-0.0000726991020152,-0.0000691883966111,-0.0000140293548783,-0.00002424532323,-0.0000139127613359,-0.000110213017604,-0.00015515498544,-0.0000402797531702,-0.0000816002669817,-0.0000307527872705,-0.0000149610064613,-0.0000397691977572,-0.000140709768996,-0.00015515498544,-0.00030947515186,-0.000296872588902,-0.0000189039021814,-0.00110581102943,-0.000296872588902,-0.0000166232465633
1960,-0.000297923603063,-0.0001040722462,-7.85638897494e-7,-0.00023303051476,-0.00148588553531,-0.000133961074829,-0.000160941010305,-0.000157218530028,-0.000201619706586,-0.000101818083973,-0.0000613778757739,-0.0000235541068676,-0.0000512149430305,-0.0000590728666552,-0.000154928439711,-0.000199542344087,-0.000294385603618,-0.000297923603063,-0.0005109183409,-0.00000764171034628,-0.0000251653909267,-0.000551726799285,-0.000124151470316,-0.000822550915628,-0.000457517805182,-0.000231811863872,-0.000324590725714,-0.000457517805182,-0.000654386823562,-0.000160427013523,-0.000293519649859,-0.00018514425609,-0.000120397949889,-0.0000551105916378,-0.000197001968454,-0.000181356228555,-0.00000213420212303,-0.0000209504903168,-0.0000251653909267,-0.000399213968724,-0.0000613778757739,-0.0000235541068676,-0.000142893317308,-0.000231811863872,-0.0000117303003964,-0.0000972438963833,-0.000359849054346,-0.0000182055743316,-0.000296624601015,-0.0000856297703127,-0.00000603159506651,-0.0000138961232929,-0.0000253386758535,-0.0000372217568012,-0.000121465827028,-0.0000115825495541,-0.0000113736703482,-0.000218605302394,-0.0000205903816797,-0.00148588553531,-0.000018888226891,-0.000573510234111,0.000356972548902,-0.000340288720965,-0.0000410093445451,-0.00078708182914,-0.000226528910275,-0.0000716286165385,-0.0000575550637514,0.000486289879859,-0.0000596488688678,-0.00000603159506651,-0.0000149444442759,-0.00022644385491,-0.00169959908803,0.000150227407294,-0.000324590725714,-0.0000473702993466,-0.00014968267505,-0.000170194624218,-0.0000726253331145,-0.000069124078232,-0.000014012690607,-0.0000242180559091,-0.0000138961232929,-0.0001101089247,-0.000155032489116,-0.0000402347708617,-0.0000815344234573,-0.0000307216051247,-0.0000149444442759,-0.0000397267887298,-0.000140591858176,-0.000155032489116,-0.000309231276231,-0.000296624601015,-0.000018888226891,-0.00110497966672,-0.000296624601015,-0.0000166052610711
1961,-0.000297680134305,-0.000103978326778,-7.84507668161e-7,-0.000232839727865,-0.00148489380813,-0.000133833970517,-0.000160783835857,-0.000157088863793,-0.00020144484149,-0.000101717618819,-0.0000613136746175,-0.0000235271217841,-0.0000511637046881,-0.0000590108072052,-0.000154776707148,-0.000199363779926,-0.000294151765568,-0.000297680134305,-0.000510517179107,-0.00000763225529532,-0.0000251363428023,-0.000551309054105,-0.000124031310882,-0.000821964474929,-0.000457145887161,-0.000231598384819,-0.000324299521815,-0.000457145887161,-0.00065389600747,-0.000160285755727,-0.000293256899601,-0.000184971922577,-0.000120289253705,-0.0000550644874919,-0.000196827641633,-0.000181182780499,-0.00000213124516035,-0.0000209281822974,-0.0000251363428023,-0.000398874521234,-0.0000613136746175,-0.0000235271217841,-0.000142753574231,-0.000231598384819,-0.0000117158107291,-0.0000971485849428,-0.000359538601629,-0.0000181870319773,-0.000296376820379,-0.0000855560173187,-0.00000602387472126,-0.0000138795043627,-0.0000253090403719,-0.0000371797093282,-0.000121355483434,-0.0000115684954358,-0.0000113599092182,-0.000218403734168,-0.0000205697221336,-0.00148489380813,-0.0000188725642589,-0.000573056503677,0.000356706161909,-0.000340011863833,-0.000040967071067,-0.000786470089087,-0.000226368197079,-0.0000715567841922,-0.0000574945295764,0.000485966566768,-0.0000595902669374,-0.00000602387472126,-0.0000149279003017,-0.000226250138855,-0.00169836995798,0.000150137141789,-0.000324299521815,-0.0000473248910686,-0.000149544126065,-0.000170027579256,-0.000072551638818,-0.0000690598195101,-0.000013996046262,-0.0000241908186838,-0.0000138795043627,-0.000110004929999,-0.000154910089885,-0.0000401898387397,-0.0000814686331916,-0.0000306904549232,-0.0000149279003017,-0.0000396844242516,-0.00014047404636,-0.000154910089885,-0.000308987592536,-0.000296376820379,-0.0000188725642589,-0.00110414892877,-0.000296376820379,-0.0000165872947786
1962,-0.00029743686486,-0.00010388449205,-7.83378378166e-7,-0.000232649096675,-0.00148390274301,-0.00013370698664,-0.000160626815149,-0.00015695930421,-0.000201270127856,-0.000101617253045,-0.0000612495404084,-0.0000235001671998,-0.0000511125180402,-0.000058948813046,-0.000154625122827,-0.000199185375181,-0.000293918113049,-0.00029743686486,-0.000510116332618,-0.00000762281183597,-0.0000251073278039,-0.000550891625049,-0.000123911267393,-0.000821378452546,-0.000456774271974,-0.000231385102758,-0.000324008579643,-0.000456774271974,-0.000653405559081,-0.000160144622374,-0.000292994384473,-0.000184799749665,-0.000120180655361,-0.0000550184220822,-0.000196653469155,-0.000181009498119,-0.00000212829183699,-0.0000209058979328,-0.0000251073278039,-0.000398535362735,-0.0000612495404084,-0.0000235001671998,-0.000142613967845,-0.000231385102758,-0.0000117013387935,-0.0000970533668418,-0.000359228417481,-0.0000181685086424,-0.000296129246608,-0.0000854823277798,-0.00000601616441509,-0.0000138629056856,-0.0000252794398028,-0.0000371377088166,-0.000121245240173,-0.000011554458577,-0.0000113461645794,-0.000218202351603,-0.0000205490830698,-0.00148390274301,-0.0000188569149353,-0.000572603132162,0.000356439974764,-0.000339735231843,-0.0000409248411097,-0.000785858824664,-0.000226207598085,-0.0000714850238976,-0.0000574340592125,0.00048564346849,-0.0000595317220551,-0.00000601616441509,-0.0000149113746195,-0.000226056588723,-0.00169714171694,0.000150046930682,-0.000324008579643,-0.0000472795266564,-0.000149405705995,-0.000169860697985,-0.0000724780194958,-0.000068995620536,-0.0000139794219205,-0.000024163612621,-0.0000138629056856,-0.000109901033344,-0.000154787786682,-0.0000401449567411,-0.000081402895967,-0.0000306593359802,-0.0000149113746195,-0.0000396421056328,-0.000140356333207,-0.000154787786682,-0.000308744100598,-0.000296129246608,-0.0000188569149353,-0.00110331881564,-0.000296129246608,-0.0000165693482996
1963,-0.000297193794142,-0.000103790741876,-7.82250462628e-7,-0.000232458621809,-0.00148291233918,-0.000133580123471,-0.000160469947399,-0.000156829851878,-0.000201095566067,-0.000101516985817,-0.0000611854736539,-0.0000234732436795,-0.0000510613822771,-0.0000588868839113,-0.000154473687106,-0.000199007130484,-0.000293684645982,-0.000297193794142,-0.000509715800498,-0.00000761338005795,-0.0000250783463764,-0.000550474512384,-0.000123791340677,-0.000820792847795,-0.000456402958521,-0.000231172016881,-0.000323717898393,-0.000456402958521,-0.000652915479108,-0.000160003613234,-0.000292732104753,-0.000184627737311,-0.00012007215534,-0.0000549723950343,-0.000196479450617,-0.000180836381883,-0.00000212534256372,-0.0000208836375544,-0.0000250783463764,-0.000398196492176,-0.0000611854736539,-0.0000234732436795,-0.000142474498357,-0.000231172016881,-0.0000116868847897,-0.0000969582423718,-0.000358918500553,-0.0000181500038101,-0.000295881879644,-0.0000854087019224,-0.00000600846397347,-0.0000138463265662,-0.0000252498738256,-0.0000370957560296,-0.000121135097253,-0.0000115404386811,-0.0000113324369475,-0.000218001154999,-0.0000205284648116,-0.00148291233918,-0.0000188412781981,-0.00057215011899,0.000356173985848,-0.0003394588249,-0.0000408826548233,-0.000785248035243,-0.000226047112533,-0.0000714133352782,-0.0000573736520746,0.000485320585526,-0.0000594732350874,-0.00000600846397347,-0.0000148948671823,-0.000225863203788,-0.00169591436428,0.000149956774014,-0.000323717898393,-0.0000472342050482,-0.000149267413991,-0.000169693981038,-0.000072404474615,-0.0000689314814331,-0.0000139628170417,-0.000024136436692,-0.0000138463265662,-0.000109797235192,-0.000154665580421,-0.0000401001251316,-0.000081337211622,-0.0000306282487719,-0.0000148948671823,-0.0000395998316467,-0.000140238718656,-0.000154665580421,-0.000308500800702,-0.000295881879644,-0.0000188412781981,-0.00110248932621,-0.000295881879644,-0.0000165514210568
1964,-0.000296950922082,-0.000103697076435,-7.81124073868e-7,-0.000232268303093,-0.00148192259639,-0.000133453380185,-0.000160313233106,-0.000156700506117,-0.000200921155334,-0.000101416817682,-0.0000611214736574,-0.0000234463511024,-0.0000510102979501,-0.0000588250199431,-0.000154322399571,-0.000198829044643,-0.000293451364913,-0.000296950922082,-0.000509315583368,-0.0000076039600625,-0.000025049398535,-0.000550057714912,-0.000123671529313,-0.000820207660759,-0.000456031947283,-0.00023095912712,-0.000323427477651,-0.000456031947283,-0.00065242576596,-0.000159862728307,-0.000292470059514,-0.000184455884651,-0.000119963753125,-0.0000549264063143,-0.000196305586227,-0.000180663431163,-0.00000212239777753,-0.0000208614007642,-0.000025049398535,-0.000397857910003,-0.0000611214736574,-0.0000234463511024,-0.000142335164783,-0.00023095912712,-0.0000116724484274,-0.0000968632108913,-0.000358608850981,-0.0000181315179955,-0.000295634719211,-0.0000853351397367,-0.00000600077322277,-0.0000138297676422,-0.0000252203423408,-0.0000370538510372,-0.00012102505401,-0.0000115264359386,-0.0000113187255826,-0.00021780014352,-0.0000205078672657,-0.00148192259639,-0.0000188256545748,-0.000571697464717,0.000355908195526,-0.000339182642545,-0.0000408405115753,-0.00078463772029,-0.000225886741288,-0.0000713417188454,-0.0000573133085338,0.00048499791688,-0.0000594148054027,-0.00000600077322277,-0.000014878377872,-0.00022566998449,-0.00169468789897,0.000149866670964,-0.000323427477651,-0.0000471889277232,-0.000149129249933,-0.000169527427226,-0.0000723310044903,-0.0000688674022937,-0.000013946231983,-0.0000241092915467,-0.0000138297676422,-0.000109693534961,-0.000154543470603,-0.0000400553433764,-0.0000812715805498,-0.0000305971929473,-0.000014878377872,-0.0000395576029462,-0.000140121202911,-0.000154543470603,-0.000308257692703,-0.000295634719211,-0.0000188256545748,-0.00110166046041,-0.000295634719211,-0.0000165335132518
1965,-0.000296708248554,-0.000103603495712,-7.79999081324e-7,-0.000232078139566,-0.00148093351466,-0.000133326757896,-0.00016015667171,-0.000156571267064,-0.000200746896477,-0.000101316748415,-0.0000610575407185,-0.0000234194892244,-0.0000509592646329,-0.0000587632207294,-0.000154171260415,-0.000198651118749,-0.000293218268653,-0.000296708248554,-0.000508915680156,-0.00000759455190824,-0.0000250204837955,-0.000549641233476,-0.000123551834253,-0.000819622890832,-0.000455661237238,-0.000230746433597,-0.000323137317543,-0.000455661237238,-0.000651936420341,-0.000159721967147,-0.000292208248724,-0.000184284192033,-0.000119855449038,-0.0000548804564411,-0.000196131875445,-0.000180490645556,-0.00000211945719553,-0.0000208391874912,-0.0000250204837955,-0.000397519615776,-0.0000610575407185,-0.0000234194892244,-0.000142195967484,-0.000230746433597,-0.0000116580300689,-0.0000967682727762,-0.000358299468775,-0.0000181130511283,-0.000295387765337,-0.0000852616402556,-0.00000599309229532,-0.0000138132284704,-0.0000251908455917,-0.0000370119932471,-0.00012091511087,-0.000011512450059,-0.0000113050312796,-0.000217599317745,-0.0000204872903486,-0.00148093351466,-0.0000188100440592,-0.000571245168326,0.000355642603687,-0.000338906685132,-0.0000407984122202,-0.000784027879709,-0.000225726483439,-0.0000712701740744,-0.0000572530283129,0.000484675462951,-0.0000593564329172,-0.00000599309229532,-0.000014861906938,-0.00022547693005,-0.00169346232098,0.000149776622413,-0.000323137317543,-0.0000471436932066,-0.000148991213497,-0.000169361037254,-0.0000722576089811,-0.0000688033822334,-0.0000139296665798,-0.0000240821770219,-0.0000138132284704,-0.000109589932411,-0.000154421456799,-0.0000400106118548,-0.0000812060021973,-0.0000305661689319,-0.000014861906938,-0.0000395154194006,-0.000140003785229,-0.000154421456799,-0.000308014776326,-0.000295387765337,-0.0000188100440592,-0.00110083221783,-0.000295387765337,-0.0000165156247327
1966,-0.000296465773272,-0.000103509999127,-7.78876499741e-7,-0.000231888132066,-0.0014799450926,-0.000133200255101,-0.000160000263068,-0.000156442134602,-0.000200572788205,-0.00010121677801,-0.0000609936745191,-0.0000233926578534,-0.0000509082824749,-0.0000587014866023,-0.000154020269189,-0.000198473351988,-0.000292985357811,-0.000296465773272,-0.000508516091051,-0.00000758515516086,-0.000024991602686,-0.000549225067138,-0.000123432255078,-0.000819038537802,-0.000455290829059,-0.000230533936048,-0.000322847417515,-0.000455290829059,-0.000651447441967,-0.000159581330037,-0.000291946672855,-0.00018411265922,-0.000119747242386,-0.0000548345448315,-0.000195958318492,-0.000180318025222,-0.00000211652007831,-0.0000208169980196,-0.000024991602686,-0.0003971816093,-0.0000609936745191,-0.0000233926578534,-0.000142056906411,-0.000230533936048,-0.0000116436295956,-0.0000966734275494,-0.000357990352883,-0.0000180946026491,-0.000295141017802,-0.000085188204535,-0.00000598542137276,-0.0000137967087825,-0.0000251613834328,-0.0000369701823164,-0.000120805267742,-0.0000114984811743,-0.000011291353029,-0.000217398677036,-0.0000204667341563,-0.0014799450926,-0.0000187944463361,-0.000570793229687,0.000355377209904,-0.000338630952283,-0.0000407563561753,-0.00078341851316,-0.000225566339574,-0.0000711987012316,-0.0000571928118438,0.000484353223094,-0.0000592981181486,-0.00000598542137276,-0.0000148454541113,-0.000225284041413,-0.00169223762875,0.000149686627863,-0.000322847417515,-0.0000470985026157,-0.00014885330532,-0.000169194810363,-0.0000721842881428,-0.0000687394216783,-0.0000139131207377,-0.0000240550928563,-0.0000137967087825,-0.000109486427932,-0.000154299539751,-0.0000399659302417,-0.0000811404768264,-0.0000305351756325,-0.0000148454541113,-0.0000394732809124,-0.000139886466258,-0.000154299539751,-0.000307772051277,-0.000295141017802,-0.0000187944463361,-0.0011000045982,-0.000295141017802,-0.0000164977557677
1967,-0.000296223496171,-0.000103416586979,-7.77754888492e-7,-0.000231698280616,-0.0014789573302,-0.000133073872652,-0.000159844007493,-0.000156313108755,-0.000200398831203,-0.000101116905991,-0.0000609298752829,-0.0000233658577402,-0.0000508573512077,-0.0000586398173006,-0.00015386942592,-0.000198295744097,-0.000292752631812,-0.000296223496171,-0.000508116815525,-0.00000757576999444,-0.0000249627546518,-0.000548809216409,-0.000123312791421,-0.000818454601523,-0.000454920721683,-0.000230321634063,-0.000322557778109,-0.000454920721683,-0.000650958829965,-0.000159440816937,-0.000291685330776,-0.000183941286033,-0.000119639133521,-0.000054788671461,-0.000195784915261,-0.00018014556992,-0.00000211358722124,-0.0000207948321007,-0.0000249627546518,-0.000396843890127,-0.0000609298752829,-0.0000233658577402,-0.000141917981211,-0.000230321634063,-0.0000116292467598,-0.0000965786753033,-0.000357681504201,-0.0000180761731361,-0.000294894476439,-0.0000851148322543,-0.00000597776044176,-0.0000137802091356,-0.0000251319554714,-0.0000369284190302,-0.000120695524079,-0.0000114845293147,-0.00001127769155,-0.00021719822141,-0.0000204461985787,-0.0014789573302,-0.0000187788615049,-0.000570341648664,0.000355112014032,-0.000338355443805,-0.0000407143431991,-0.000782809620365,-0.000225406309267,-0.0000711272998739,-0.0000571326586556,0.0004840311978,-0.0000592398606991,-0.00000597776044176,-0.0000148290194835,-0.00022509131739,-0.00169101382291,0.000149596687316,-0.000322557778109,-0.0000470533552388,-0.000148715524287,-0.000169028746982,-0.0000721110419253,-0.0000686755206791,-0.0000138965944592,-0.0000240280390025,-0.0000137802091356,-0.000109383021186,-0.000154177718715,-0.0000399212984563,-0.0000810750040081,-0.0000305042144122,-0.0000148290194835,-0.00003943118677,-0.000139769245411,-0.000154177718715,-0.000307529517549,-0.000294894476439,-0.0000187788615049,-0.00109917760073,-0.000294894476439,-0.0000164799059377
1968,-0.000295981416809,-0.000103323259267,-7.76635254329e-7,-0.000231508583829,-0.00147797022727,-0.000132947610062,-0.000159687904507,-0.000156184189049,-0.000200225024894,-0.000101017132869,-0.0000608661425909,-0.0000233390879636,-0.000050806470524,-0.0000585782125819,-0.000153718730436,-0.000198118295275,-0.000292520090818,-0.000295981416809,-0.000507717853946,-0.00000756639643829,-0.0000249339402836,-0.000548393680351,-0.000123193443394,-0.00081787108135,-0.000454550915345,-0.000230109527378,-0.000322268398067,-0.000454550915345,-0.000650470585026,-0.000159300427619,-0.000291424222671,-0.000183770072553,-0.000119531122359,-0.0000547428366602,-0.000195611665329,-0.000179973279924,-0.00000211065875533,-0.0000207726901262,-0.0000249339402836,-0.000396506457844,-0.0000608661425909,-0.0000233390879636,-0.000141779192058,-0.000230109527378,-0.000011614881513,-0.0000964840160211,-0.000357372921864,-0.000018057762726,-0.000294648141149,-0.0000850415227509,-0.00000597010942016,-0.0000137637291209,-0.0000251025620797,-0.0000368867027349,-0.000120585880197,-0.000011470594135,-0.000011264046853,-0.00021699794999,-0.0000204256837284,-0.00147797022727,-0.0000187632896198,-0.000569890424953,0.000354847016077,-0.000338080159199,-0.0000406723738875,-0.000782201200709,-0.000225246392392,-0.000071055969773,-0.0000570725684588,0.000483709386703,-0.0000591816600917,-0.00000597010942016,-0.0000148126031689,-0.000224898758455,-0.00168979090205,0.000149506800943,-0.000322268398067,-0.0000470082502555,-0.000148577871013,-0.000168862846255,-0.0000720378694554,-0.0000686116791559,-0.000013880087927,-0.0000240010157508,-0.0000137637291209,-0.000109279711995,-0.000154055994082,-0.0000398767166239,-0.0000810095848767,-0.0000304732843404,-0.0000148126031689,-0.000039389138033,-0.000139652123003,-0.000154055994082,-0.00030728717487,-0.000294648141149,-0.0000187632896198,-0.00109835122484,-0.000294648141149,-0.0000164620751848
1969,-0.00029573953565,-0.000103230015459,-7.7551717137e-7,-0.000231319042848,-0.00147698378325,-0.000132821467163,-0.000159531953831,-0.000156055376113,-0.000200051369484,-0.000100917457909,-0.0000608024767752,-0.0000233123489899,-0.000050755641154,-0.0000585166731524,-0.000153568182332,-0.000197941005134,-0.000292287734571,-0.00029573953565,-0.000507319204786,-0.00000755703466382,-0.0000249051592784,-0.000547978458743,-0.000123074211121,-0.000817287977475,-0.000454181409303,-0.000229897616058,-0.000321979277828,-0.000454181409303,-0.000649982705744,-0.0001591601618,-0.000291163348388,-0.000183599018303,-0.000119423208605,-0.0000546970399511,-0.000195438568636,-0.000179801153693,-0.00000210773395581,-0.000020750571653,-0.0000249051592784,-0.000396169312755,-0.0000608024767752,-0.0000233123489899,-0.000141640538433,-0.000229897616058,-0.0000116005344015,-0.0000963894494799,-0.000357064605725,-0.0000180393706906,-0.000294402011513,-0.0000849682765178,-0.00000596246804685,-0.0000137472688166,-0.0000250732026998,-0.0000368450333443,-0.000120476335995,-0.0000114566761873,-0.0000112504182779,-0.000216797864044,-0.0000204051890771,-0.00147698378325,-0.000018747731084,-0.000569439558125,0.000354582216205,-0.000337805098757,-0.0000406304479119,-0.00078159325399,-0.000225086588936,-0.0000709847120097,-0.000057012541526,0.000483387789148,-0.0000591235166034,-0.00000596246804685,-0.0000147962048329,-0.000224706364238,-0.00168856886538,0.000149416968515,-0.000321979277828,-0.0000469631894258,-0.000148440345299,-0.000168697108355,-0.0000719647712808,-0.000068547897258,-0.000013863601275,-0.0000239740227865,-0.0000137472688166,-0.000109176500554,-0.000153934365365,-0.0000398321841057,-0.0000809442176903,-0.0000304423857909,-0.0000147962048329,-0.0000393471339866,-0.000139535098573,-0.000153934365365,-0.000307045022971,-0.000294402011513,-0.000018747731084,-0.00109752547035,-0.000294402011513,-0.0000164442640909
1970,-0.000295497851971,-0.000103136856117,-7.74400653825e-7,-0.000231129656828,-0.00147599799761,-0.000132695444101,-0.000159376155697,-0.000155926669179,-0.000199877864694,-0.000100817881583,-0.0000607388774858,-0.0000232856408191,-0.0000507048625549,-0.0000584551979159,-0.000153417781624,-0.000197763873599,-0.000292055562435,-0.000295497851971,-0.000506920868846,-0.00000754768401201,-0.0000248764109259,-0.000547563551393,-0.000122955093998,-0.000816705288876,-0.000453812203563,-0.000229685900184,-0.000321690416989,-0.000453812203563,-0.000649495192802,-0.000159020019186,-0.0002909027075,-0.000183428123457,-0.000119315392344,-0.0000546512821473,-0.000195265625237,-0.000179629192424,-0.00000210481328455,-0.0000207284764597,-0.0000248764109259,-0.000395832454663,-0.0000607388774858,-0.0000232856408191,-0.000141502020603,-0.000229685900184,-0.0000115862048204,-0.0000962949756396,-0.000356756555516,-0.0000180209974801,-0.000294156087312,-0.0000848950932157,-0.00000595483656962,-0.0000137308279813,-0.0000250438781491,-0.0000368034113993,-0.000120366891512,-0.0000114427748943,-0.0000112368062553,-0.000216597962365,-0.0000203847152633,-0.00147599799761,-0.0000187321847633,-0.000568989047973,0.0003543176137,-0.000337530262396,-0.000040588564973,-0.000780985779736,-0.000224926898825,-0.0000709135250361,-0.0000569525778493,0.000483066405844,-0.0000590654307921,-0.00000595483656962,-0.0000147798246521,-0.000224514134503,-0.001687347713,0.000149327190219,-0.000321690416989,-0.0000469181716527,-0.000148302946452,-0.000168531532968,-0.0000718917474294,-0.0000684841740997,-0.0000138471337094,-0.0000239470603001,-0.0000137308279813,-0.000109073386712,-0.000153812832795,-0.0000397877018257,-0.0000808789035185,-0.0000304115184084,-0.0000147798246521,-0.0000393051747798,-0.000139418172154,-0.000153812832795,-0.000306803062422,-0.000294156087312,-0.0000187321847633,-0.00109670033669,-0.000294156087312,-0.0000164264720324
1971,-0.000295256365831,-0.000103043780641,-7.73285411704e-7,-0.000230940426331,-0.00147501287022,-0.000132569540649,-0.000159220509694,-0.000155798068365,-0.000199704510251,-0.000100718403204,-0.0000606753445265,-0.0000232589630969,-0.0000506541348084,-0.0000583937873362,-0.000153267528373,-0.000197586900781,-0.000291823575364,-0.000295256365831,-0.000506522846231,-0.00000753834558154,-0.0000248476964781,-0.000547148957865,-0.000122836092391,-0.000816123016261,-0.000453443298436,-0.00022947437909,-0.000321401815341,-0.000453443298436,-0.000649008045455,-0.000158880000226,-0.000290642300072,-0.000183257387409,-0.000119207673244,-0.0000546055619774,-0.000195092835034,-0.000179457395864,-0.00000210189693872,-0.0000207064048512,-0.0000248476964781,-0.000395495881954,-0.0000606753445265,-0.0000232589630969,-0.000141363638102,-0.00022947437909,-0.0000115718929599,-0.0000962005943643,-0.000356448771106,-0.0000180026430572,-0.000293910368605,-0.0000848219727976,-0.00000594721466607,-0.0000137144073298,-0.0000250145876377,-0.0000367618362844,-0.000120257546243,-0.0000114288905024,-0.0000112232105915,-0.000216398245156,-0.0000203642619478,-0.00147501287022,-0.0000187166513195,-0.000568538894364,0.000354053208381,-0.000337255649551,-0.0000405467250406,-0.000780378777842,-0.000224767322219,-0.0000708424100448,-0.00005689267722,0.000482745235965,-0.0000590074017959,-0.00000594721466607,-0.0000147634627394,-0.000224322069017,-0.00168612744337,0.00014923746584,-0.000321401815341,-0.0000468731966672,-0.000148165675227,-0.000168366120363,-0.0000718187980384,-0.0000684205106349,-0.0000138306861341,-0.000023920128347,-0.0000137144073298,-0.000108970370172,-0.000153691396302,-0.0000397432690891,-0.0000808136421311,-0.0000303806824746,-0.0000147634627394,-0.0000392632604518,-0.000139301343732,-0.000153691396302,-0.000306561292057,-0.000293910368605,-0.0000187166513195,-0.00109587582357,-0.000293910368605,-0.0000164086994454
1972,-0.000295015077104,-0.000102950789417,-7.72172027208e-7,-0.00023075135017,-0.00147402840005,-0.000132443756693,-0.000159065015346,-0.000155669573636,-0.000199531306062,-0.000100619022998,-0.0000606118784328,-0.0000232323157929,-0.0000506034577201,-0.0000583324413492,-0.00015311742207,-0.000197410086342,-0.00029159177227,-0.000295015077104,-0.000506125135672,-0.00000752901830747,-0.0000248190145156,-0.000546734679006,-0.000122717205826,-0.000815541158542,-0.000453074692969,-0.000229263052933,-0.000321113472472,-0.000453074692969,-0.0006485212634,-0.000158740104618,-0.000290382125894,-0.000183086810282,-0.000119100051644,-0.000054559880323,-0.000194920197499,-0.000179285764021,-0.00000209898440406,-0.0000206843567598,-0.0000248190145156,-0.00039515959627,-0.0000606118784328,-0.0000232323157929,-0.000141225391067,-0.000229263052933,-0.0000115575988313,-0.000096106305417,-0.00035614125237,-0.0000179843070498,-0.000293664855189,-0.0000847489156399,-0.0000059396022194,-0.0000136980060201,-0.0000249853312608,-0.0000367203080174,-0.000120148300327,-0.0000114150230086,-0.0000112096316496,-0.000216198711707,-0.0000203438291626,-0.00147402840005,-0.0000187011314399,-0.000568089096812,0.000353789000619,-0.00033698125965,-0.0000405049282977,-0.000779772247392,-0.000224607858915,-0.0000707713657624,-0.000056832839598,0.000482424279571,-0.0000589494294796,-0.0000059396022194,-0.0000147471191081,-0.000224130168106,-0.00168490805652,0.000149147795231,-0.000321113472472,-0.0000468282649733,-0.000148028530839,-0.000168200870268,-0.0000717459218489,-0.000068356905758,-0.000013814257906,-0.0000238932262855,-0.0000136980060201,-0.000108867450684,-0.000153570055264,-0.0000396988858098,-0.0000807484332785,-0.0000303498777372,-0.0000147471191081,-0.0000392213905762,-0.000139184613375,-0.000153570055264,-0.00030631971273,-0.000293664855189,-0.0000187011314399,-0.00109505193006,-0.000293664855189,-0.0000163909459996
1973,-0.000294773985376,-0.000102857882049,-7.71060541194e-7,-0.000230562428841,-0.00147304458689,-0.000132318091977,-0.00015890967301,-0.000155541184768,-0.000199358252448,-0.000100519741211,-0.0000605484782277,-0.0000232056992031,-0.0000505528311745,-0.0000582711597783,-0.000152967463091,-0.000197233430324,-0.000291360153217,-0.000294773985376,-0.000505727737688,-0.00000751970281421,-0.0000247903659534,-0.00054632071347,-0.000122598434334,-0.000814959715745,-0.000452706387137,-0.000229051921361,-0.000320825388619,-0.000452706387137,-0.000648034846525,-0.000158600331914,-0.000290122184064,-0.000182916392138,-0.000118992527275,-0.0000545142371133,-0.000194747712823,-0.000179114295545,-0.00000209607587465,-0.0000206623325125,-0.0000247903659534,-0.000394823596272,-0.0000605484782277,-0.0000232056992031,-0.000141087278951,-0.000229051921361,-0.0000115433222385,-0.000096012109255,-0.000355833999024,-0.000017965990101,-0.000293419546875,-0.0000846759212809,-0.00000593199991172,-0.000013681624333,-0.0000249561094856,-0.0000366788269952,-0.000120039153694,-0.0000114011721939,-0.0000111960691083,-0.000215999362547,-0.0000203234169591,-0.00147304458689,-0.0000186856239548,-0.000567639655134,0.000353524990079,-0.000336707093462,-0.0000404631748472,-0.00077916618888,-0.000224448508457,-0.0000707003931195,-0.0000567730650989,0.000482103536893,-0.0000588915146018,-0.00000593199991172,-0.0000147307933824,-0.000223938431367,-0.00168368955133,0.000149058178263,-0.000320825388619,-0.0000467833769568,-0.000147891513457,-0.000168035782215,-0.0000716731205777,-0.0000682933606164,-0.0000137978492352,-0.0000238663546206,-0.000013681624333,-0.000108764628374,-0.000153448810581,-0.0000396545520083,-0.0000806832770648,-0.0000303191041313,-0.0000147307933824,-0.0000391795653183,-0.000139067980562,-0.000153448810581,-0.000306078323073,-0.000293419546875,-0.0000186856239548,-0.00109422865603,-0.000293419546875,-0.0000163732117135
1974,-0.00029453309096,-0.00010276505845,-7.69950025514e-7,-0.00023037366214,-0.00147206143033,-0.000132192546179,-0.000158754482249,-0.000155412901938,-0.000199185348601,-0.000100420556675,-0.0000604851446786,-0.0000231791130494,-0.0000505022554709,-0.000058209942468,-0.000152817650753,-0.000197056931999,-0.000291128718175,-0.00029453309096,-0.000505330651438,-0.00000751039871894,-0.0000247617507343,-0.00054590706159,-0.000122479777536,-0.000814378687271,-0.000452338380702,-0.000228840984134,-0.000320537562891,-0.000452338380702,-0.00064754879428,-0.000158460682787,-0.000289862475558,-0.000182746132488,-0.000118885099785,-0.0000544686318689,-0.000194575380581,-0.000178942992076,-0.000002093171386,-0.0000206403310887,-0.0000247617507343,-0.000394487882063,-0.0000604851446786,-0.0000231791130494,-0.000140949302435,-0.000228840984134,-0.0000115290634337,-0.000095918005127,-0.000355527010495,-0.0000179476915863,-0.00029317444362,-0.0000846029896255,-0.00000592440726344,-0.0000136652622125,-0.0000249269216495,-0.0000366373926388,-0.000119930106175,-0.0000113873383354,-0.0000111825229219,-0.000215800197171,-0.0000203030248569,-0.00147206143033,-0.000018670129581,-0.000567190569297,0.000353261176332,-0.000336433149737,-0.0000404214643392,-0.000778560600986,-0.000224289270924,-0.000070629491832,-0.0000567133534455,0.000481783007086,-0.0000588336565563,-0.00000592440726344,-0.000014714485653,-0.000223746858668,-0.00168247192737,0.000148968615644,-0.000320537562891,-0.0000467385311107,-0.000147754622795,-0.000167870856098,-0.0000716003923866,-0.0000682298743886,-0.0000137814601708,-0.0000238395132892,-0.0000136652622125,-0.000108661903169,-0.000153327661447,-0.0000396102681632,-0.0000806181735751,-0.0000302883619083,-0.000014714485653,-0.0000391377848841,-0.000138951445781,-0.000153327661447,-0.000305837123893,-0.00029317444362,-0.000018670129581,-0.00109340600098,-0.00029317444362,-0.0000163554965713
1975,-0.000294292393362,-0.000102672318635,-7.68841529108e-7,-0.000230185050489,-0.00147107893006,-0.000132067119924,-0.000158599443439,-0.000155284724694,-0.000199012594893,-0.000100321470796,-0.0000604218771247,-0.0000231525572936,-0.000050451730143,-0.0000581487894236,-0.000152667985223,-0.000196880591846,-0.00029089746717,-0.000294292393362,-0.000504933877142,-0.00000750110589287,-0.0000247331681571,-0.000545493722388,-0.000122361235775,-0.000813798073289,-0.000451970673002,-0.000228630240911,-0.000320249995427,-0.000451970673002,-0.000647063106744,-0.000158321155999,-0.000289602999183,-0.000182576031273,-0.000118777769095,-0.0000544230646673,-0.000194403201162,-0.000178771851409,-0.00000209027080977,-0.0000206183533225,-0.0000247331681571,-0.000394152453232,-0.0000604218771247,-0.0000231525572936,-0.000140811460407,-0.000228630240911,-0.0000115148222131,-0.000095823993278,-0.000355220287123,-0.0000179294117997,-0.000292929544842,-0.0000845301212529,-0.00000591682446593,-0.0000136489193112,-0.0000248977681316,-0.0000365960053408,-0.000119821157796,-0.0000113735211804,-0.0000111689932383,-0.000215601215285,-0.0000202826535327,-0.00147107893006,-0.0000186546475787,-0.000566741838385,0.00035299755984,-0.000336159429456,-0.000040379796908,-0.000777955483964,-0.00022413014686,-0.0000705586609104,-0.0000566537043003,0.000481462690314,-0.0000587758550825,-0.00000591682446593,-0.0000146981962112,-0.000223555449615,-0.0016812551838,0.000148879106502,-0.000320249995427,-0.0000466937280379,-0.000147617859104,-0.000167706092015,-0.0000715277386578,-0.0000681664468711,-0.0000137650906118,-0.0000238127020347,-0.0000136489193112,-0.000108559275268,-0.000153206607723,-0.0000395660337356,-0.0000805531226655,-0.0000302576505682,-0.0000146981962112,-0.0000390960488508,-0.000138835008761,-0.000153206607723,-0.000305596114811,-0.000292929544842,-0.0000186546475787,-0.00109258396414,-0.000292929544842,-0.000016337800556
1976,-0.000294051892334,-0.00010257966253,-7.67734775309e-7,-0.000229996593046,-0.00147009708567,-0.000131941812803,-0.000158444555609,-0.00015515665355,-0.000198839990994,-0.000100222482104,-0.0000603586760226,-0.0000231260320103,-0.0000504012556641,-0.000058087700868,-0.000152518466416,-0.000196704409295,-0.000290666399634,-0.000294051892334,-0.00050453741471,-0.00000749182504478,-0.0000247046184927,-0.000545080696857,-0.000122242808821,-0.000813217873071,-0.000451603265111,-0.000228419692269,-0.000319962686053,-0.000451603265111,-0.00064657778365,-0.000158181752773,-0.000289343755307,-0.000182406088478,-0.000118670535537,-0.0000543775358146,-0.000194231174066,-0.000178600875116,-0.00000208737455942,-0.0000205963989126,-0.0000247046184927,-0.000393817309567,-0.0000603586760226,-0.0000231260320103,-0.000140673753481,-0.000228419692269,-0.0000115005986046,-0.0000957300735962,-0.00035491382766,-0.0000179111507448,-0.00029268485078,-0.0000844573154959,-0.00000590925123767,-0.0000136325966444,-0.0000248686483504,-0.0000365546645469,-0.000119712308121,-0.0000113597209266,-0.0000111554797391,-0.000215402417227,-0.0000202623025576,-0.00147009708567,-0.0000186391788191,-0.000566293462757,0.000352734139881,-0.000335885931867,-0.0000403381722149,-0.000777350837427,-0.000223971135277,-0.0000704879016356,-0.0000565941179431,0.000481142587005,-0.0000587181106919,-0.00000590925123767,-0.000014681925073,-0.000223364204439,-0.00168003932061,0.000148789651299,-0.000319962686053,-0.0000466489688171,-0.000147481221956,-0.000167541489455,-0.0000714551580381,-0.0000681030785286,-0.0000137487403276,-0.0000237859207997,-0.0000136325966444,-0.000108456744254,-0.000153085649861,-0.0000395218483886,-0.0000804881241683,-0.0000302269706056,-0.000014681925073,-0.0000390543572824,-0.000138718669072,-0.000153085649861,-0.000305355296042,-0.00029268485078,-0.0000186391788191,-0.00109176254534,-0.00029268485078,-0.0000163201238301
1977,-0.000293811587899,-0.000102487090007,-7.66629280946e-7,-0.00022980828964,-0.00146911589642,-0.000131816624,-0.000158289819679,-0.00015502868786,-0.000198667536574,-0.000100123591476,-0.0000602955409983,-0.0000230995371338,-0.0000503508317706,-0.0000580266765224,-0.000152369093811,-0.000196528384379,-0.00029043551585,-0.000293811587899,-0.000504141263314,-0.00000748255504668,-0.0000246761018299,-0.000544667983517,-0.000122124496754,-0.000812638086703,-0.000451236155341,-0.000228209337441,-0.000319675634674,-0.000451236155341,-0.000646092824209,-0.000158042471721,-0.000289084743052,-0.000182236304041,-0.000118563398846,-0.0000543320447597,-0.000194059299093,-0.000178430062206,-0.00000208448217709,-0.0000205744681381,-0.0000246761018299,-0.000393482450837,-0.0000602955409983,-0.0000230995371338,-0.000140536181076,-0.000228209337441,-0.000011486392419,-0.0000956362459794,-0.000354607633341,-0.0000178929082697,-0.000292440361028,-0.0000843845725385,-0.00000590168742365,-0.000013616292998,-0.0000248395628697,-0.0000365133701763,-0.000119603557746,-0.0000113459372924,-0.000011141982708,-0.000215203801962,-0.0000202419723738,-0.00146911589642,-0.0000186237225588,-0.000565845441601,0.000352470916445,-0.000335612656641,-0.0000402965905382,-0.000776746660462,-0.000223812237022,-0.0000704172128252,-0.0000565345940444,0.000480822696136,-0.0000586604225732,-0.00000590168742365,-0.0000146656718867,-0.000223173122958,-0.00167882433635,0.000148700249879,-0.000319675634674,-0.0000466042524208,-0.000147344710877,-0.000167377048423,-0.0000713826518299,-0.0000680397691877,-0.0000137324096245,-0.0000237591698538,-0.000013616292998,-0.000108354310048,-0.000152964787395,-0.0000394777124608,-0.0000804231782308,-0.000030196321787,-0.0000146656718867,-0.000039012710273,-0.000138602426592,-0.000152964787395,-0.00030511466654,-0.000292440361028,-0.0000186237225588,-0.00109094174474,-0.000292440361028,-0.0000163024664097
1978,-0.000293571479973,-0.000102394601156,-7.65525304924e-7,-0.000229620140428,-0.00146813536213,-0.000131691554105,-0.000158135234529,-0.000154900827669,-0.000198495231946,-0.000100024797937,-0.0000602324718892,-0.0000230730725663,-0.0000503004582626,-0.0000579657160458,-0.00015221986763,-0.000196352517202,-0.000290204815466,-0.000293571479973,-0.000503745422836,-0.00000747329695372,-0.0000246476183916,-0.000544255582965,-0.000122006298917,-0.000812058713499,-0.000450869343902,-0.00022799917574,-0.000319388840253,-0.000450869343902,-0.000645608228993,-0.000157903313672,-0.000288825962904,-0.000182066677621,-0.00011845635881,-0.0000542865917801,-0.000193887576206,-0.000178259412646,-0.00000208159397896,-0.0000205525604517,-0.0000246476183916,-0.000393147877291,-0.0000602324718892,-0.0000230730725663,-0.000140398743187,-0.00022799917574,-0.0000114722036098,-0.0000955425103122,-0.000354301702989,-0.0000178746842963,-0.000292196075693,-0.0000843118916372,-0.00000589413367313,-0.0000136000090318,-0.0000248105111975,-0.0000364721229031,-0.000119494905809,-0.0000113321705721,-0.0000111285017819,-0.000215005370269,-0.000020221662246,-0.00146813536213,-0.0000186082796532,-0.000565397774995,0.000352207889415,-0.000335339603705,-0.000040255051565,-0.000776142952944,-0.000223653451201,-0.0000703465955469,-0.0000564751334275,0.000480503017678,-0.0000586027915292,-0.00000589413367313,-0.0000146494369835,-0.000222982205023,-0.00167761023103,0.000148610901991,-0.000319388840253,-0.0000465595783035,-0.000147208326755,-0.000167212768889,-0.0000713102184244,-0.0000679765182916,-0.0000137160980436,-0.0000237324490269,-0.0000136000090318,-0.000108251972525,-0.000152844020056,-0.0000394336259424,-0.0000803582841717,-0.0000301657039552,-0.0000146494369835,-0.0000389711078554,-0.000138486282045,-0.000152844020056,-0.000304874226885,-0.000292196075693,-0.0000186082796532,-0.00109012156087,-0.000292196075693,-0.0000162848279972
1979,-0.000293331568146,-0.000102302195637,-7.64423263799e-7,-0.000229432145557,-0.0014671554823,-0.00013156660316,-0.000157980800002,-0.00015477307251,-0.000198323076957,-0.0000999261025849,-0.0000601694688065,-0.0000230466383764,-0.000050250135077,-0.0000579048198288,-0.000152070787851,-0.00019617680762,-0.000289974298108,-0.000293331568146,-0.000503349893356,-0.00000746405034757,-0.00002461916778,-0.000543843494561,-0.000121888215389,-0.000811479753477,-0.00045050283098,-0.000227789208312,-0.000319102303436,-0.00045050283098,-0.00064512399675,-0.000157764278006,-0.000288567414409,-0.000181897209081,-0.000118349415565,-0.0000542411770619,-0.000193716005296,-0.000178088926215,-0.00000207870935665,-0.0000205306760916,-0.00002461916778,-0.000392813587928,-0.0000601694688065,-0.0000230466383764,-0.000140261439669,-0.000227789208312,-0.0000114580326245,-0.0000954488667642,-0.000353996036409,-0.0000178564787658,-0.00029195199428,-0.0000842392739804,-0.00000588658982448,-0.0000135837445354,-0.000024781493754,-0.0000364309220986,-0.000119386352739,-0.0000113184202113,-0.0000111150373145,-0.00021480712112,-0.000020201372358,-0.0014671554823,-0.000018592849397,-0.000564950462676,0.000351945058862,-0.000335066773146,-0.0000402135558764,-0.000775539714808,-0.000223494777693,-0.0000702760486329,-0.0000564157343454,0.000480183552483,-0.0000585452169224,-0.00000588658982448,-0.0000146332192665,-0.00022279145043,-0.00167639700386,0.000148521607921,-0.000319102303436,-0.0000465149472095,-0.000147072068504,-0.000167048650915,-0.0000712378587679,-0.0000679133268475,-0.0000136998059856,-0.0000237057582253,-0.0000135837445354,-0.000108149731699,-0.000152723348243,-0.0000393895885331,-0.0000802934429478,-0.0000301351171528,-0.0000146332192665,-0.0000389295494632,-0.00013837023455,-0.000152723348243,-0.000304633976854,-0.00029195199428,-0.000018592849397,-0.00108930199404,-0.00029195199428,-0.0000162672083395
1980,-0.000293091852758,-0.000102209873552,-7.63322669073e-7,-0.000229244304634,-0.00146617625643,-0.000131441770619,-0.000157826516449,-0.000154645423295,-0.000198151070917,-0.0000998275039645,-0.0000601065317376,-0.0000230202344236,-0.0000501998622351,-0.0000578439873236,-0.000151921853388,-0.000196001254827,-0.000289743963797,-0.000293091852758,-0.000502954674369,-0.0000074548150204,-0.0000245907496792,-0.000543431718252,-0.000121770246269,-0.000810901206238,-0.000450136615741,-0.000227579433671,-0.000318816023629,-0.000450136615741,-0.00064464012786,-0.000157625364757,-0.000288309097435,-0.000181727897725,-0.000118242568972,-0.0000541958005176,-0.000193544586143,-0.000177918602921,-0.00000207582894429,-0.0000205088152896,-0.0000245907496792,-0.00039247958307,-0.0000601065317376,-0.0000230202344236,-0.000140124270369,-0.000227579433671,-0.0000114438790999,-0.0000953553147545,-0.000353690633828,-0.0000178382913996,-0.000291708116952,-0.0000841667186178,-0.00000587905530169,-0.0000135674994608,-0.00002475251015,-0.0000363897678257,-0.000119277898157,-0.0000113046868591,-0.0000111015894153,-0.000214609055505,-0.0000201811030252,-0.00146617625643,-0.000018577431776,-0.000564503504511,0.000351682424312,-0.000334794164353,-0.0000401721025769,-0.000774936945566,-0.000223336217163,-0.0000702055726469,-0.0000563563990328,0.000479864299147,-0.0000584876991221,-0.00000587905530169,-0.0000146170195059,-0.000222600858593,-0.00167518465397,0.000148432367552,-0.000318816023629,-0.0000464703587797,-0.000146935936473,-0.000166884693475,-0.0000711655727912,-0.0000678501937275,-0.0000136835334672,-0.0000236790973869,-0.0000135674994608,-0.000108047587266,-0.000152602771945,-0.0000393456004986,-0.0000802286539994,-0.0000301045615414,-0.0000146170195059,-0.0000388880355802,-0.000138254284218,-0.000152602771945,-0.000304393915773,-0.000291708116952,-0.000018577431776,-0.00108848304271,-0.000291708116952,-0.0000162496080742
1981,-0.000292852333022,-0.000102117634586,-7.6222362333e-7,-0.000229056616928,-0.00146519768442,-0.000131317056805,-0.000157672383899,-0.000154517879164,-0.000197979214039,-0.000099729003161,-0.0000600436604632,-0.0000229938609921,-0.0000501496394723,-0.000057783218983,-0.000151773065246,-0.000195825859308,-0.000289513812656,-0.000292852333022,-0.000502559765649,-0.00000744559115873,-0.0000245623646644,-0.000543020253716,-0.000121652391149,-0.000810323071456,-0.00044977069826,-0.00022736985267,-0.000318530000714,-0.00044977069826,-0.00064415662205,-0.000157486574078,-0.000288051011784,-0.000181558744608,-0.00011813581818,-0.0000541504615095,-0.000193373318495,-0.000177748442619,-0.00000207295288357,-0.0000204869777054,-0.0000245623646644,-0.000392145861743,-0.0000600436604632,-0.0000229938609921,-0.000139987235231,-0.00022736985267,-0.0000114297431466,-0.0000952618544536,-0.000353385494472,-0.0000178201231469,-0.000291464443134,-0.0000840942257714,-0.00000587153002529,-0.000013551274364,-0.000024723560518,-0.0000363486600419,-0.000119169542129,-0.0000112909702135,-0.0000110881573034,-0.000214411171699,-0.000020160854147,-0.00146519768442,-0.0000185620271482,-0.000564056899739,0.000351419985926,-0.000334521777462,-0.0000401306918913,-0.000774334645008,-0.000223177769267,-0.000070135167392,-0.0000562971255755,0.000479545257958,-0.0000584302374245,-0.00000587153002529,-0.0000146008374671,-0.000222410430095,-0.00167397318068,0.00014834318065,-0.000318530000714,-0.0000464258132129,-0.000146799930469,-0.000166720897385,-0.0000710933599959,-0.0000677871192938,-0.0000136672802524,-0.0000236524667563,-0.000013551274364,-0.000107945539744,-0.000152482290718,-0.0000393016615075,-0.0000801639173362,-0.0000300740364496,-0.0000146008374671,-0.0000388465660963,-0.000138138431184,-0.000152482290718,-0.000304154044318,-0.000291464443134,-0.0000185620271482,-0.00108766470737,-0.000291464443134,-0.0000162320266721
1982,-0.000292613008165,-0.000102025479145,-7.61126219384e-7,-0.00022886908345,-0.00146421976522,-0.000131192461271,-0.000157518401381,-0.000154390440129,-0.0001978075064,-0.0000996305992027,-0.0000599808547834,-0.0000229675175083,-0.0000500994671855,-0.0000577225146534,-0.000151624422648,-0.000195650620495,-0.000289283844329,-0.000292613008165,-0.00050216516703,-0.00000743637862399,-0.0000245340123972,-0.000542609100804,-0.000121534650409,-0.000809745348808,-0.000449405078354,-0.000227160464601,-0.000318244234424,-0.000449405078354,-0.000643673478843,-0.00015734790516,-0.000287793157095,-0.000181389748533,-0.000118029164382,-0.0000541051605771,-0.000193202202858,-0.00017757844465,-0.00000207008031472,-0.0000204651633693,-0.0000245340123972,-0.000391812424668,-0.0000599808547834,-0.0000229675175083,-0.000139850334495,-0.000227160464601,-0.0000114156247042,-0.0000951684856121,-0.000353080618032,-0.0000178019732582,-0.000291220972699,-0.0000840217954314,-0.00000586401494029,-0.0000135350678754,-0.00002469464473,-0.000036307598573,-0.000119061284715,-0.0000112772700125,-0.000011074741959,-0.00021421347076,-0.0000201406252627,-0.00146421976522,-0.000018546634978,-0.000563610648102,0.000351157743093,-0.000334249612012,-0.0000400893243677,-0.000773732812573,-0.000223019433549,-0.0000700648325935,-0.0000562379135696,0.000479226429226,-0.0000583728327879,-0.00000586401494029,-0.0000145846737132,-0.000222220164637,-0.00167276258364,0.000148254047271,-0.000318244234424,-0.0000463813108618,-0.0001466640504,-0.000166557261684,-0.0000710212204198,-0.0000677241040208,-0.0000136510462077,-0.0000236258656434,-0.0000135350678754,-0.000107843588275,-0.000152361904402,-0.0000392577713182,-0.0000800992328536,-0.000030043542762,-0.0000145846737132,-0.000038805140643,-0.000138022675124,-0.000152361904402,-0.00030391436151,-0.000291220972699,-0.000018546634978,-0.00108684698739,-0.000291220972699,-0.0000162144642779
1983,-0.000292373879284,-0.00010193340681,-7.60030575364e-7,-0.000228681703342,-0.00146324249901,-0.000131067983656,-0.000157364569523,-0.000154263106265,-0.000197635947689,-0.0000995322924493,-0.0000599181149612,-0.0000229412042367,-0.0000500493449271,-0.0000576618736972,-0.000151475925978,-0.000195475538796,-0.000289054058405,-0.000292373879284,-0.000501770878262,-0.00000742717775637,-0.0000245056925312,-0.000542198259049,-0.0001214170235,-0.000809168038152,-0.000449039755683,-0.000226951269291,-0.000317958724677,-0.000449039755683,-0.000643190697752,-0.000157209358494,-0.000287535533062,-0.000181220910016,-0.000117922606659,-0.0000540598976597,-0.000193031238606,-0.000177408609637,-0.00000206721188567,-0.0000204433719446,-0.0000245056925312,-0.000391479270886,-0.0000599181149612,-0.0000229412042367,-0.000139713566895,-0.000226951269291,-0.0000114015235688,-0.0000950752083657,-0.000352776004902,-0.0000177838421038,-0.000290977705746,-0.0000839494276006,-0.0000058565095471,-0.0000135188807393,-0.0000246657627478,-0.0000362665836819,-0.000118953125552,-0.0000112635865523,-0.0000110613425943,-0.000214015952435,-0.0000201204166865,-0.00146324249901,-0.0000185312557726,-0.000563164749151,0.000350895696251,-0.000333977667958,-0.000040047998997,-0.000773131448017,-0.000222861210077,-0.000069994568304,-0.0000561787652016,0.000478907812503,-0.0000583154839853,-0.0000058565095471,-0.0000145685283393,-0.00022203006159,-0.00167155286247,0.000148164967944,-0.000317958724677,-0.0000463368508816,-0.000146528295962,-0.000166393786875,-0.0000709491539941,-0.0000676611465931,-0.0000136348310953,-0.0000235992949125,-0.0000135188807393,-0.000107741733124,-0.000152241613312,-0.0000392139306715,-0.0000800346004208,-0.0000300130796642,-0.0000145685283393,-0.0000387637593322,-0.000137907016381,-0.000152241613312,-0.0003036748678,-0.000290977705746,-0.0000185312557726,-0.0010860298821,-0.000290977705746,-0.0000161969209111
1984,-0.000292134946248,-0.00010184141728,-7.58935874146e-7,-0.000228494476501,-0.00146226588478,-0.000130943624402,-0.000157210887758,-0.000154135877453,-0.000197464537961,-0.0000994340828044,-0.0000598554404903,-0.0000229149210877,-0.000049999272866,-0.0000576012966,-0.000151327574546,-0.000195300613844,-0.000288824455576,-0.000292134946248,-0.000501376899061,-0.00000741798792347,-0.0000244774056255,-0.000541787728302,-0.00012129951042,-0.000808591138857,-0.000448674729909,-0.000226742266745,-0.000317673470396,-0.000448674729909,-0.000642708279195,-0.000157070933936,-0.000287278139635,-0.000181052228502,-0.000117816145186,-0.0000540146723567,-0.000192860425207,-0.000177238937437,-0.00000206434769234,-0.0000204216040451,-0.0000244774056255,-0.000391146400137,-0.0000598554404903,-0.0000229149210877,-0.000139576933583,-0.000226742266745,-0.0000113874396557,-0.0000949820226754,-0.000352471654918,-0.0000177657292602,-0.00029073464222,-0.0000838771218135,-0.00000584901347267,-0.000013502713669,-0.0000246369143522,-0.0000362256149034,-0.000118845064637,-0.0000112499195821,-0.0000110479591182,-0.00021381861539,-0.0000201002285944,-0.00146226588478,-0.0000185158890824,-0.000562719203621,0.000350633844588,-0.000333705945725,-0.0000400067164543,-0.000772530550597,-0.000222703098627,-0.0000699243744116,-0.0000561196785833,0.000478589407779,-0.0000582581917032,-0.00000584901347267,-0.0000145524006623,-0.000221840121488,-0.00167034401558,0.000148075941556,-0.000317673470396,-0.0000462924333813,-0.000146392667329,-0.000166230472409,-0.0000708771607747,-0.0000675982478455,-0.0000136186358262,-0.0000235727535869,-0.000013502713669,-0.000107639974078,-0.000152121417142,-0.000039170138562,-0.0000799700203986,-0.0000299826477042,-0.0000145524006623,-0.0000387224224259,-0.000137791454398,-0.000152121417142,-0.000303435562705,-0.00029073464222,-0.0000185158890824,-0.00108521339086,-0.00029073464222,-0.0000161793969014
1985,-0.000291896208119,-0.000101749510973,-7.57843131804e-7,-0.000228307403059,-0.0014612899226,-0.000130819382977,-0.000157057356242,-0.000154008753993,-0.000197293276696,-0.0000993359698622,-0.0000597928317969,-0.000022888668318,-0.0000499492508519,-0.0000575407830761,-0.00015117936822,-0.000195125845184,-0.000288595034553,-0.000291896208119,-0.000500983229312,-0.00000740880980921,-0.0000244491515931,-0.000541377508712,-0.000121182110927,-0.000808014651309,-0.000448310000836,-0.000226533456539,-0.000317388472902,-0.000448310000836,-0.000642226222107,-0.000156932631387,-0.000287020976844,-0.000180883704163,-0.000117709779722,-0.0000539694850779,-0.000192689763215,-0.000177069426697,-0.00000206148699977,-0.0000203998591033,-0.0000244491515931,-0.000390813812454,-0.0000597928317969,-0.000022888668318,-0.000139440433935,-0.000226533456539,-0.0000113733732365,-0.000094888928448,-0.000352167567022,-0.0000177476344403,-0.000290491781533,-0.0000838048788294,-0.00000584152686489,-0.0000134865651376,-0.0000246081000137,-0.0000361846925294,-0.000118737101821,-0.0000112362693332,-0.0000110345923536,-0.000213621460997,-0.0000200800605548,-0.0014612899226,-0.0000185005354716,-0.000562274010298,0.000350372188208,-0.000333434444039,-0.0000399654765841,-0.00077193012048,-0.000222545099804,-0.0000698542512563,-0.0000560606537814,0.00047827121444,-0.000058200955912,-0.00000584152686489,-0.000014536290676,-0.000221650343397,-0.00166913604335,0.000147986969028,-0.000317388472902,-0.0000462480587555,-0.000146257163902,-0.000166067318307,-0.0000708052408926,-0.0000675354078679,-0.0000136024594806,-0.0000235462425975,-0.0000134865651376,-0.000107538311298,-0.000152001315801,-0.0000391263949586,-0.0000799054923126,-0.000029952246801,-0.000014536290676,-0.0000386811290234,-0.000137675989086,-0.000152001315801,-0.000303196446313,-0.000290491781533,-0.0000185005354716,-0.00108439751373,-0.000290491781533,-0.0000161618914252
1986,-0.000291657665835,-0.000101657687675,-7.56752188469e-7,-0.000228120482926,-0.00146031461186,-0.00013069525959,-0.000156903974874,-0.000153881734714,-0.000197122163756,-0.0000992379534464,-0.0000597302882444,-0.0000228624450491,-0.000049899279035,-0.000057480333175,-0.000151031307262,-0.000194951233065,-0.000288365796058,-0.000291657665835,-0.000500589868809,-0.00000739964283536,-0.0000244209299245,-0.000540967599439,-0.000121064825256,-0.000807438574336,-0.000447945568117,-0.000226324838374,-0.000317103730397,-0.000447945568117,-0.000641744526567,-0.000156794450333,-0.000286764044273,-0.000180715336478,-0.000117603510286,-0.000053924335504,-0.000192519252208,-0.000176900078234,-0.0000020586304732,-0.0000203781374442,-0.0000244209299245,-0.000390481507885,-0.0000597302882444,-0.0000228624450491,-0.000139304067456,-0.000226324838374,-0.0000113593244491,-0.0000947959251878,-0.000351863741979,-0.0000177295582269,-0.000290249124175,-0.0000837326975489,-0.0000058340502509,-0.0000134704366257,-0.0000245793189881,-0.0000361438164109,-0.000118629237155,-0.0000112226353806,-0.0000110212414062,-0.000213424488098,-0.0000200599133553,-0.00146031461186,-0.0000184851944507,-0.000561829168994,0.00035011072746,-0.000333163163369,-0.0000399242793314,-0.0007713301567,-0.000222387213029,-0.0000697841983062,-0.0000560016908411,0.000477953232792,-0.0000581437762208,-0.0000058340502509,-0.0000145201980022,-0.000221460728389,-0.00166792894478,0.00014789804981,-0.000317103730397,-0.0000462037262663,-0.000146121786057,-0.000165904324257,-0.0000707333936898,-0.0000674726260055,-0.0000135863025044,-0.0000235197611405,-0.0000134704366257,-0.000107436744381,-0.000151881309468,-0.0000390827013925,-0.0000798410164444,-0.0000299218763971,-0.0000145201980022,-0.0000386398800876,-0.000137560620468,-0.000151881309468,-0.000302957518188,-0.000290249124175,-0.0000184851944507,-0.00108358224991,-0.000290249124175,-0.0000161444048974
1987,-0.000291419317329,-0.000101565947253,-7.55662740382e-7,-0.000227933715924,-0.00145933995187,-0.000130571253622,-0.000156750742771,-0.000153754820637,-0.000196951199576,-0.0000991400344477,-0.0000596678103486,-0.0000228362520494,-0.000049849357227,-0.0000574199467085,-0.000150883391391,-0.00019477677723,-0.00028813673955,-0.000291419317329,-0.00050019681691,-0.00000739048718135,-0.0000243927407926,-0.000540558000681,-0.000120947653046,-0.000806862908313,-0.000447581431406,-0.0002261164128,-0.000316819243821,-0.000447581431406,-0.000641263192658,-0.000156656391124,-0.000286507341321,-0.000180547125756,-0.000117497337058,-0.0000538792238709,-0.00019234889219,-0.000176730892029,-0.0000020557779723,-0.000020356438764,-0.0000243927407926,-0.000390149485979,-0.0000596678103486,-0.0000228362520494,-0.000139167834495,-0.0002261164128,-0.0000113452928647,-0.0000947030131018,-0.00035156017904,-0.0000177115007025,-0.000290006669064,-0.0000836605783503,-0.00000582658281312,-0.0000134543269068,-0.0000245505720828,-0.000036102986793,-0.000118521470234,-0.0000112090180302,-0.0000110079068532,-0.000213227696483,-0.0000200397858263,-0.00145933995187,-0.0000184698660712,-0.000561384680251,0.000349849462086,-0.000332892103283,-0.0000398831238932,-0.000770730659352,-0.000222229438128,-0.0000697142154973,-0.0000559427905937,0.000477635462426,-0.0000580866527633,-0.00000582658281312,-0.0000145041234996,-0.000221271275494,-0.00166672271894,0.000147809184091,-0.000316819243821,-0.0000461594362702,-0.00014598653368,-0.000165741490216,-0.0000706616191226,-0.0000674099027798,-0.0000135701646977,-0.00002349330958,-0.0000134543269068,-0.000107335273451,-0.000151761397848,-0.0000390390555589,-0.0000797765922433,-0.0000298915369408,-0.0000145041234996,-0.0000385986750526,-0.000137445348924,-0.000151761397848,-0.000302718778388,-0.000290006669064,-0.0000184698660712,-0.00108276759945,-0.000290006669064,-0.0000161269373171
1988,-0.000291181164519,-0.000101474289578,-7.54574510875e-7,-0.000227747101493,-0.00145836594233,-0.000130447365724,-0.000156597660602,-0.000153628010773,-0.000196780383255,-0.0000990422116183,-0.0000596053980289,-0.0000228100890869,-0.0000497994850672,-0.0000573596238107,-0.000150735619991,-0.000194602477456,-0.000287907865307,-0.000291181164519,-0.000499804073601,-0.00000738134302036,-0.0000243645841467,-0.000540148711905,-0.000120830594376,-0.000806287652772,-0.000447217591181,-0.000225908178735,-0.000316535012279,-0.000447217591181,-0.000640782219608,-0.000156518453158,-0.000286250868571,-0.000180379071529,-0.000117391259263,-0.0000538341495928,-0.000192178682833,-0.000176561867621,-0.00000205292938071,-0.0000203347632564,-0.0000243645841467,-0.000389817745942,-0.0000596053980289,-0.0000228100890869,-0.000139031734816,-0.000225908178735,-0.0000113312786634,-0.0000946101923738,-0.000351256877654,-0.0000176934615155,-0.000289764416512,-0.0000835885218446,-0.00000581912510667,-0.0000134382365573,-0.0000245218586299,-0.000036062202593,-0.000118413801772,-0.0000111954174873,-0.0000109945883011,-0.000213031086971,-0.0000200196782627,-0.00145836594233,-0.0000184545503661,-0.000560940542721,0.000349588390969,-0.000332621264104,-0.0000398420115904,-0.000770131627997,-0.000222071774996,-0.0000696443027977,-0.0000558839523626,0.000477317903065,-0.0000580295850776,-0.00000581912510667,-0.0000144880669799,-0.000221081984427,-0.00166551736623,0.000147720371166,-0.000316535012279,-0.0000461151888489,-0.000145851406186,-0.000165578816101,-0.0000705899176765,-0.000067347237537,-0.0000135540460335,-0.0000234668877939,-0.0000134382365573,-0.000107233898148,-0.000151641581076,-0.0000389954586231,-0.0000797122202094,-0.000029861228005,-0.0000144880669799,-0.0000385575140855,-0.000137330173481,-0.000151641581076,-0.00030248022651,-0.000289764416512,-0.0000184545503661,-0.00108195356121,-0.000289764416512,-0.0000161094887936
1989,-0.000290943206105,-0.000101382714777,-7.53488047067e-7,-0.000227560639779,-0.00145739258316,-0.000130323594968,-0.000156444728118,-0.000153501306003,-0.000196609715498,-0.0000989444854933,-0.0000595430507984,-0.0000227839563678,-0.0000497496630505,-0.0000572993641335,-0.00015058799351,-0.000194428333583,-0.000287679172574,-0.000290943206105,-0.00049941163885,-0.0000073722102325,-0.0000243364602546,-0.000539739733314,-0.000120713648747,-0.000805712807197,-0.000446854046761,-0.000225700136706,-0.000316251035533,-0.000446854046761,-0.000640301607364,-0.000156380636994,-0.000285994625194,-0.000180211173648,-0.000117285277455,-0.0000537891135362,-0.000192008624103,-0.000176393004882,-0.00000205008483922,-0.0000203131113512,-0.0000243364602546,-0.00038948628811,-0.0000595430507984,-0.0000227839563678,-0.000138895767888,-0.000225700136706,-0.0000113172814178,-0.0000945174619913,-0.000350953838136,-0.0000176754406338,-0.000289522366427,-0.0000835165266171,-0.00000581167708358,-0.0000134221655408,-0.0000244931785289,-0.0000360214651094,-0.000118306230737,-0.0000111818332931,-0.0000109812858953,-0.000212834658406,-0.0000199995913635,-0.00145739258316,-0.000018439247679,-0.000560496756856,0.000349327515008,-0.000332350644872,-0.0000398009412574,-0.000769533061996,-0.000221914224183,-0.0000695744604053,-0.0000558251757319,0.000477000554849,-0.0000579725735164,-0.00000581167708358,-0.0000144720286288,-0.000220892855467,-0.00166431288436,0.000147631612204,-0.000316251035533,-0.0000460709838008,-0.000145716404047,-0.0001654163014,-0.0000705182890131,-0.0000672846308447,-0.000013537946399,-0.0000234404954318,-0.0000134221655408,-0.000107132619042,-0.00015152185838,-0.0000389519109385,-0.0000796479003187,-0.0000298309495932,-0.0000144720286288,-0.000038516396998,-0.000137215095153,-0.00015152185838,-0.000302241863025,-0.000289522366427,-0.000018439247679,-0.00108114013496,-0.000289522366427,-0.000016092059326
1990,-0.000290705442344,-0.000101291222411,-7.52403442217e-7,-0.000227374331052,-0.00145641987364,-0.000130199942028,-0.000156291944895,-0.000153374705668,-0.000196439195531,-0.0000988468558969,-0.000059480768873,-0.0000227578533316,-0.0000496998911297,-0.0000572391678419,-0.000150440511806,-0.000194254345466,-0.000287450661363,-0.000290705442344,-0.000499019512066,-0.000007363088395,-0.000024308368757,-0.000539331063898,-0.000120596816272,-0.000805138371474,-0.000446490797773,-0.000225492286146,-0.000315967313972,-0.000446490797773,-0.000639821355707,-0.000156242942186,-0.000285738611259,-0.000180043432232,-0.000117179391264,-0.0000537441150406,-0.00019183871601,-0.000176224303405,-0.00000204724417463,-0.0000202914819276,-0.000024308368757,-0.000389155112441,-0.000059480768873,-0.0000227578533316,-0.000138759934446,-0.000225492286146,-0.0000113033018385,-0.000094424823085,-0.000350651059785,-0.000017657438093,-0.000289280518399,-0.0000834445941091,-0.00000580423833973,-0.0000134061138413,-0.0000244645321255,-0.000035980773168,-0.000118198757551,-0.0000111682654782,-0.0000109679996543,-0.000212638411397,-0.0000199795244864,-0.00145641987364,-0.0000184239570737,-0.000560053321846,0.000349066833715,-0.00033208024619,-0.0000397599134816,-0.000768934961354,-0.000221756784728,-0.0000695046880015,-0.0000557664610161,0.00047668341768,-0.0000579156184726,-0.00000580423833973,-0.0000144560073814,-0.000220703887751,-0.00166310927354,0.000147542906663,-0.000315967313972,-0.0000460268208897,-0.000145581526867,-0.000165253946213,-0.0000704467332282,-0.000067222082297,-0.0000135218659407,-0.0000234141330195,-0.0000134061138413,-0.000107031435311,-0.000151402230553,-0.0000389084117316,-0.0000795836323899,-0.0000298007022357,-0.0000144560073814,-0.0000384753235245,-0.000137100112777,-0.000151402230553,-0.000302003687049,-0.000289280518399,-0.0000184239570737,-0.00108032731998,-0.000289280518399,-0.0000160746480322
1991,-0.000290467872787,-0.000101199812447,-7.51320065717e-7,-0.000227188174587,-0.00145544781332,-0.000130076406145,-0.000156139310392,-0.000153248209569,-0.000196268823462,-0.000098749322313,-0.0000594185520031,-0.0000227317803931,-0.0000496501686928,-0.0000571790347914,-0.000150293174308,-0.000194080513197,-0.000287222331842,-0.000290467872787,-0.000498627693174,-0.00000735397808693,-0.0000242803093666,-0.000538922704414,-0.00012048009695,-0.000804564345203,-0.000446127843746,-0.000225284627062,-0.00031568384667,-0.000446127843746,-0.000639341464008,-0.000156105368335,-0.000285482826709,-0.000179875846716,-0.000117073600513,-0.0000536991539701,-0.000191668957959,-0.000176055763373,-0.00000204440727014,-0.0000202698755842,-0.0000242803093666,-0.000388824217961,-0.0000594185520031,-0.0000227317803931,-0.000138624233595,-0.000225284627062,-0.0000112893394588,-0.000094332274907,-0.00035034854282,-0.0000176394536746,-0.000289038872733,-0.0000833727230631,-0.00000579680910784,-0.0000133900811887,-0.0000244359196673,-0.0000359401277841,-0.000118091382039,-0.0000111547144046,-0.0000109547293481,-0.00021244234502,-0.000019959477858,-0.00145544781332,-0.0000184086799342,-0.000559610237699,0.000348806346574,-0.000331810067114,-0.0000397189275478,-0.000768337325755,-0.000221599457045,-0.0000694349854298,-0.0000557078077428,0.000476366491698,-0.0000578587187539,-0.00000579680910784,-0.0000144400037065,-0.000220515081645,-0.00166190653372,0.000147454254477,-0.00031568384667,-0.0000459827001436,-0.000145446774559,-0.000165091750809,-0.0000703752496118,-0.0000671595919828,-0.0000135058047341,-0.0000233878000899,-0.0000133900811887,-0.000106930347331,-0.000151282697123,-0.0000388649607794,-0.0000795194157757,-0.0000297704856669,-0.0000144400037065,-0.0000384342939288,-0.00013698522711,-0.000151282697123,-0.00030176569909,-0.000289038872733,-0.0000184086799342,-0.00107951511629,-0.000289038872733,-0.0000160572561185
1992,-0.000290230496949,-0.000101108485373,-7.50238244862e-7,-0.00022700217093,-0.00145447640213,-0.000129952987828,-0.000155986825306,-0.000153121818212,-0.000196098599277,-0.000098651885192,-0.0000593564005076,-0.0000227057372539,-0.0000496004960233,-0.0000571189649836,-0.000150145981474,-0.00019390683659,-0.000286994183533,-0.000290230496949,-0.000498236182199,-0.00000734487906584,-0.0000242522828775,-0.000538514653948,-0.000120363490681,-0.000803990728222,-0.000445765185123,-0.000225077159163,-0.00031540063372,-0.000445765185123,-0.000638861932767,-0.000155967915933,-0.000285227270755,-0.000179708417185,-0.000116967905801,-0.0000536542303937,-0.000191499349946,-0.000175887384471,-0.00000204157444861,-0.0000202482922864,-0.0000242522828775,-0.000388493605385,-0.0000593564005076,-0.0000227057372539,-0.000138488665671,-0.000225077159163,-0.0000112753942738,-0.000094239817189,-0.000350046286934,-0.0000176214880314,-0.000288797428597,-0.0000833009141905,-0.00000578938949447,-0.0000133740678114,-0.0000244073402405,-0.0000358995274201,-0.000117984103814,-0.000011141179121,-0.0000109414752023,-0.000212246459198,-0.0000199394510956,-0.00145447640213,-0.000018393414881,-0.000559167504097,0.000348546054547,-0.000331540108323,-0.0000396779844776,-0.00076774015462,-0.000221442241189,-0.0000693653529016,-0.0000556492164225,0.00047604977608,-0.0000578018755797,-0.00000578938949447,-0.0000144240181541,-0.000220326437518,-0.00166070466343,0.000147365655595,-0.00031540063372,-0.0000459386222382,-0.000145312146806,-0.000164929714107,-0.0000703038386511,-0.000067097159568,-0.0000134897624466,-0.0000233614970564,-0.0000133740678114,-0.000106829354681,-0.000151163257967,-0.0000388215583023,-0.0000794552512708,-0.0000297402997473,-0.0000144240181541,-0.0000383933082402,-0.000136870437442,-0.000151163257967,-0.000301527898526,-0.000288797428597,-0.000018393414881,-0.00107870352329,-0.000288797428597,-0.0000160398829214
1993,-0.000289993315607,-0.00010101724023,-7.49158189706e-7,-0.000226816318903,-0.00145350563882,-0.000129829686228,-0.000155834489401,-0.000152995530501,-0.000195928522587,-0.0000985545441905,-0.0000592943136466,-0.0000226797236991,-0.000049550873193,-0.0000570589582667,-0.000149998932515,-0.000193733315632,-0.000286766216758,-0.000289993315607,-0.000497844978263,-0.00000733579101819,-0.00002422428829,-0.000538106912443,-0.000120246997131,-0.0008034175205,-0.000445402821501,-0.00022486988248,-0.000315117674998,-0.000445402821501,-0.000638382761053,-0.000155830584363,-0.000284971943923,-0.000179541143623,-0.00011686230635,-0.0000536093447585,-0.000191329892741,-0.000175719167081,-0.00000203874570337,-0.0000202267320573,-0.00002422428829,-0.000388163273382,-0.0000592943136466,-0.0000226797236991,-0.000138353229913,-0.00022486988248,-0.0000112614663479,-0.0000941474505209,-0.000349744291802,-0.0000176035405079,-0.000288556186303,-0.0000832291670854,-0.00000578197973811,-0.000013358073427,-0.0000243787937579,-0.0000358589738578,-0.000117876923258,-0.0000111276606996,-0.0000109282371961,-0.000212050753785,-0.0000199194445276,-0.00145350563882,-0.0000183781628529,-0.000558725120773,0.000348285956419,-0.000331270368803,-0.0000396370831215,-0.000767143447542,-0.000221285137067,-0.0000692957899426,-0.0000555906868831,0.000475733271574,-0.0000577450878603,-0.00000578197973811,-0.0000144080505331,-0.000220137954669,-0.00165950366253,0.000147277109295,-0.000315117674998,-0.0000458945865907,-0.000145177643773,-0.000164767836482,-0.000070232500327,-0.000067034785121,-0.000013473739239,-0.0000233352234043,-0.000013358073427,-0.00010672845746,-0.000151043913291,-0.0000387782042628,-0.0000793911389145,-0.00002971014443,-0.0000144080505331,-0.0000383523660457,-0.000136755743875,-0.000151043913291,-0.000301290285259,-0.000288556186303,-0.0000183781628529,-0.00107789253972,-0.000288556186303,-0.0000160225283539
1994,-0.000289756327724,-0.000100926077979,-7.48079446389e-7,-0.000226630619676,-0.00145253552344,-0.000129706501639,-0.000155682302039,-0.000152869347258,-0.000195758593611,-0.0000984572989688,-0.0000592322919042,-0.0000226537403503,-0.0000495012995518,-0.0000569990145518,-0.000149852027511,-0.00019355994948,-0.000286538430787,-0.000289756327724,-0.000497454081779,-0.00000732671454262,-0.0000241963261773,-0.000537699479602,-0.000120130616255,-0.000802844721311,-0.000445040751843,-0.00022466279654,-0.000314834969981,-0.000445040751843,-0.000637903948664,-0.00015569337357,-0.000284716845402,-0.000179374025958,-0.000116756801959,-0.0000535644964414,-0.000191160584825,-0.000175551109922,-0.00000203592045933,-0.0000202051947227,-0.0000241963261773,-0.000387833222425,-0.0000592322919042,-0.0000226537403503,-0.000138217927041,-0.00022466279654,-0.0000112475555034,-0.0000940551737401,-0.000349442557154,-0.0000175856111131,-0.000288315145461,-0.0000831574816686,-0.00000577457911666,-0.0000133420982174,-0.0000243502812252,-0.0000358184652898,-0.000117769840132,-0.0000111141588039,-0.0000109150149794,-0.000211855229639,-0.0000198994580911,-0.00145253552344,-0.0000183629230728,-0.000558283087566,0.000348026052361,-0.000331000848727,-0.0000395962243784,-0.000766547204088,-0.000221128143965,-0.0000692262974349,-0.0000555322184788,0.000475416977117,-0.0000576883558723,-0.00000577457911666,-0.0000143921001774,-0.000219949633318,-0.00165830353025,0.000147188616614,-0.000314834969981,-0.0000458505928567,-0.000145043265327,-0.000164606118097,-0.0000701612341314,-0.0000669724686491,-0.0000134577352133,-0.0000233089791823,-0.0000133420982174,-0.000106627655582,-0.000150924662758,-0.0000387348985393,-0.0000793270778292,-0.0000296800195825,-0.0000143921001774,-0.000038311467855,-0.000136641146754,-0.000150924662758,-0.0003010528594,-0.000288315145461,-0.0000183629230728,-0.00107708216661,-0.000288315145461,-0.0000160051929203
1995,-0.00028951953387,-0.000100834997504,-7.47002233847e-7,-0.0002264450722,-0.00145156605599,-0.000129583434103,-0.00015553026329,-0.000152743267869,-0.000195588812002,-0.0000983601500244,-0.0000591703349553,-0.0000226277865227,-0.0000494517761291,-0.0000569391338452,-0.000149705266639,-0.000193386738588,-0.00028631082605,-0.00028951953387,-0.000497063491979,-0.00000731764941886,-0.0000241683963247,-0.00053729235523,-0.000120014348481,-0.000802272330469,-0.000444678977169,-0.000224455901359,-0.0003145525188,-0.000444678977169,-0.000637425495409,-0.000155556283838,-0.000284461975595,-0.000179207063532,-0.000116651392834,-0.0000535196860132,-0.000190991427283,-0.000175383213607,-0.00000203309921698,-0.0000201836803013,-0.0000241683963247,-0.000387503452157,-0.0000591703349553,-0.0000226277865227,-0.000138082756265,-0.000224455901359,-0.0000112336619025,-0.0000939629882648,-0.000349141082833,-0.0000175676999072,-0.000288074305921,-0.0000830858581757,-0.00000576718771761,-0.0000133261424473,-0.0000243218020257,-0.0000357780032108,-0.00011766285418,-0.0000111006734511,-0.000010901808615,-0.000211659885465,-0.000019879491636,-0.00145156605599,-0.0000183476964724,-0.000557841403917,0.00034776634219,-0.000330731547955,-0.0000395554073211,-0.000765951424397,-0.000220971262322,-0.0000691568739839,-0.0000554738115239,0.000475100892913,-0.0000576316800647,-0.00000576718771761,-0.0000143761672877,-0.000219761472615,-0.0016571042652,0.000147100177257,-0.0003145525188,-0.00004580664163,-0.0001449090113,-0.000164444558512,-0.0000700900404622,-0.0000669102104673,-0.000013441749664,-0.000023282764801,-0.0000133261424473,-0.000106526948922,-0.000150805506255,-0.0000386916418469,-0.0000792630687663,-0.0000296499251444,-0.0000143761672877,-0.0000382706129995,-0.000136526645496,-0.000150805506255,-0.000300815620521,-0.000288074305921,-0.0000183476964724,-0.00107627240278,-0.000288074305921,-0.0000159878760568
1996,-0.000289282933396,-0.000100743999417,-7.45926820311e-7,-0.000226259676712,-0.00145059723524,-0.000129460483318,-0.000155378372939,-0.000152617292642,-0.000195419177524,-0.0000982630968731,-0.0000591084429677,-0.0000226018623959,-0.0000494023018884,-0.0000568793159212,-0.000149558648989,-0.000193213682486,-0.000286083401597,-0.000289282933396,-0.000496673209329,-0.00000730859495235,-0.0000241404991321,-0.000536885539126,-0.000119898192977,-0.000801700347762,-0.000444317496104,-0.000224249196382,-0.000314270320443,-0.000444317496104,-0.000636947400498,-0.000155419314562,-0.000284207333836,-0.000179040256474,-0.000116546079098,-0.0000534749127201,-0.000190822418817,-0.000175215478115,-0.00000203028236401,-0.0000201621889691,-0.0000241404991321,-0.000387173961959,-0.0000591084429677,-0.0000226018623959,-0.000137947717909,-0.000224249196382,-0.000011219785617,-0.0000938708920497,-0.00034883986839,-0.0000175498071719,-0.000287833667709,-0.0000830142964627,-0.00000575980608275,-0.0000133102052597,-0.0000242933563284,-0.000035737586316,-0.000117555965175,-0.0000110872039105,-0.0000108886186547,-0.00021146472096,-0.0000198595452172,-0.00145059723524,-0.0000183324817415,-0.000557400069801,0.000347506826181,-0.000330462466383,-0.000039514632669,-0.000765356107539,-0.000220814491938,-0.0000690875201155,-0.0000554154658916,0.00047478501871,-0.0000575750595568,-0.00000575980608275,-0.000014360252405,-0.000219573472982,-0.0016559058681,0.000147011791065,-0.000314270320443,-0.0000457627325079,-0.000144774881328,-0.000164283156981,-0.0000700189189304,-0.0000668480098742,-0.0000134257837114,-0.000023256579273,-0.0000133102052597,-0.000106426337283,-0.000150686444115,-0.0000386484328194,-0.0000791991108056,-0.000029619861416,-0.000014360252405,-0.000038229801901,-0.000136412239662,-0.000150686444115,-0.000300578568831,-0.000287833667709,-0.0000183324817415,-0.00107546324746,-0.000287833667709,-0.0000159705780742
1997,-0.000289046526126,-0.000100653083633,-7.44853058343e-7,-0.000226074432863,-0.0014496290614,-0.000129337649366,-0.00015522663108,-0.000152491421406,-0.000195249690348,-0.0000981661395087,-0.0000590466155694,-0.0000225759680053,-0.0000493528771939,-0.0000568195608697,-0.000149412175264,-0.0001930407814,-0.000285856158312,-0.000289046526126,-0.00049628323253,-0.00000729955206413,-0.0000241126334828,-0.000536479031126,-0.000119782150132,-0.000801128772939,-0.000443956309118,-0.000224042682425,-0.000313988375789,-0.000443956309118,-0.000636469664066,-0.000155282466212,-0.000283952919668,-0.000178873604699,-0.000116440860326,-0.0000534301769233,-0.000190653560467,-0.000175047903165,-0.00000202746919609,-0.000020140720312,-0.0000241126334828,-0.00038684475222,-0.0000590466155694,-0.0000225759680053,-0.000137812811236,-0.000224042682425,-0.0000112059265134,-0.0000937788870905,-0.000348538914,-0.0000175319325999,-0.000287593230442,-0.0000829427963334,-0.00000575243384748,-0.0000132942874158,-0.0000242649437254,-0.0000356972152513,-0.000117449173707,-0.0000110737509833,-0.0000108754443233,-0.000211269736242,-0.0000198396188535,-0.0014496290614,-0.0000183172801291,-0.000556959085062,0.00034724750383,-0.000330193604096,-0.0000394739001335,-0.000764761253557,-0.000220657832664,-0.0000690182363154,-0.0000553571817132,0.000474469354918,-0.0000575184945575,-0.00000575243384748,-0.0000143443552849,-0.000219385634463,-0.00165470833773,0.000146923457665,-0.000313988375789,-0.0000457188653469,-0.00014464087531,-0.000164121913974,-0.0000699478698731,-0.0000667858670882,-0.0000134098365856,-0.0000232304240484,-0.0000132942874158,-0.000106325820889,-0.000150567475957,-0.0000386052723016,-0.0000791352051168,-0.0000295898280642,-0.0000143443552849,-0.0000381890338259,-0.000136297930622,-0.000150567475957,-0.000300341703719,-0.000287593230442,-0.0000183172801291,-0.00107465470096,-0.000287593230442,-0.000015953298468
1998,-0.000288810312338,-0.000100562249791,-7.43780497636e-7,-0.000225889340889,-0.00144866153336,-0.000129214932047,-0.000155075037098,-0.000152365653788,-0.000195080349479,-0.0000980692778247,-0.0000589848528039,-0.0000225501033881,-0.0000493035017923,-0.0000567598685501,-0.000149265844948,-0.000192868035163,-0.00028562909529,-0.000288810312338,-0.000495893562105,-0.00000729052043091,-0.0000240848004243,-0.000536072831165,-0.000119666219058,-0.000800557605449,-0.000443595415678,-0.000223836358444,-0.00031370668411,-0.000443595415678,-0.000635992286361,-0.000155145738446,-0.000283698733142,-0.000178707108423,-0.000116335736631,-0.0000533854783789,-0.000190484851236,-0.000174880487743,-0.00000202465961463,-0.0000201192745042,-0.0000240848004243,-0.000386515822111,-0.0000589848528039,-0.0000225501033881,-0.000137678036908,-0.000223836358444,-0.000011192084278,-0.0000936869718551,-0.000348238219597,-0.0000175140762195,-0.000287352993683,-0.0000828713575594,-0.00000574507087014,-0.0000132783884439,-0.0000242365644514,-0.0000356568900175,-0.000117342478966,-0.0000110603144567,-0.000010862285853,-0.000211074931793,-0.0000198197123096,-0.00144866153336,-0.0000183020910942,-0.000556518448918,0.000346988374438,-0.000329924959651,-0.0000394332091762,-0.000764166861932,-0.000220501284667,-0.0000689490218031,-0.0000552989587073,0.000474153900744,-0.0000574619854805,-0.00000574507087014,-0.0000143284752454,-0.000219197956489,-0.00165351167324,0.000146835177333,-0.00031370668411,-0.0000456750400102,-0.000144506993913,-0.000163960829509,-0.0000698768924137,-0.0000667237822327,-0.000013393908306,-0.0000232042977202,-0.0000132783884439,-0.000106225398942,-0.000150448601337,-0.000038562159892,-0.0000790713505054,-0.0000295598251814,-0.0000143284752454,-0.0000381483098666,-0.000136183717424,-0.000150448601337,-0.000300105025361,-0.000287352993683,-0.0000183020910942,-0.00107384676217,-0.000287352993683,-0.0000159360378662
1999,-0.000288574291492,-0.000100471498075,-7.42709413526e-7,-0.0002257044006,-0.00144769465138,-0.000129092329884,-0.00015492359175,-0.000152239989951,-0.00019491115623,-0.0000979725113655,-0.0000589231547066,-0.0000225242683287,-0.0000492541760275,-0.0000567002395488,-0.00014911965787,-0.000192695443643,-0.000285402212789,-0.000288574291492,-0.000495504197874,-0.00000728150012108,-0.0000240569992012,-0.000535666938398,-0.000119550400894,-0.00079998684491,-0.000443234815435,-0.000223630224323,-0.000313425245198,-0.000443234815435,-0.000635515266755,-0.000155009130909,-0.000283444774695,-0.000178540766779,-0.000116230707417,-0.0000533408176322,-0.000190316291385,-0.000174713233306,-0.00000202185417209,-0.0000200978515821,-0.0000240569992012,-0.000386187172398,-0.0000589231547066,-0.0000225242683287,-0.000137543394266,-0.000223630224323,-0.0000111782592351,-0.0000935951463523,-0.00034793778419,-0.0000174962381729,-0.000287112958037,-0.0000827999805697,-0.00000573771779822,-0.0000132625086593,-0.0000242082183499,-0.0000356166101145,-0.000117235880941,-0.000011046894441,-0.0000108491435893,-0.000210880307077,-0.0000197998257114,-0.00144769465138,-0.0000182869144361,-0.000556078161433,0.000346729438774,-0.000329656534396,-0.0000393925605735,-0.000763572932062,-0.000220344847583,-0.0000688798764319,-0.0000552407972085,0.000473838656525,-0.0000574055317299,-0.00000573771779822,-0.0000143126130396,-0.000219010438901,-0.00165231587429,0.000146746950236,-0.000313425245198,-0.0000456312564552,-0.000144373236167,-0.00016379990299,-0.0000698059872071,-0.0000666617552341,-0.0000133779989837,-0.0000231782007645,-0.0000132625086593,-0.000106125072206,-0.000150329820751,-0.000038519095507,-0.0000790075475274,-0.0000295298525135,-0.0000143126130396,-0.0000381076289315,-0.00013606959936,-0.000150329820751,-0.00029986853329,-0.000287112958037,-0.0000182869144361,-0.00107303943041,-0.000287112958037,-0.0000159187958868
2000,-0.000288338463311,-0.000100380828003,-7.41640238555e-7,-0.000225519611529,-0.00144672841457,-0.00012896984573,-0.000154772293843,-0.000152114429592,-0.000194742109434,-0.0000978758407566,-0.0000588615211319,-0.0000224984630925,-0.0000492048997929,-0.0000566406726659,-0.000148973614026,-0.000192523006177,-0.000285175510289,-0.000288338463311,-0.0004951151391,-0.00000727249075272,-0.0000240292302034,-0.000535261353219,-0.000119434694321,-0.000799416491627,-0.000442874508491,-0.000223424279644,-0.000313144058289,-0.000442874508491,-0.000635038605237,-0.000154872643509,-0.00028319104338,-0.000178374580144,-0.000116125773398,-0.000053296194154,-0.000190147880438,-0.000174546138571,-0.00000201905267394,-0.0000200764516602,-0.0000240292302034,-0.000385858801677,-0.0000588615211319,-0.0000224984630925,-0.00013740888305,-0.000223424279644,-0.0000111644512577,-0.000093503411656,-0.000347637608066,-0.0000174784184255,-0.000286873122618,-0.0000827286649976,-0.00000573037342955,-0.0000132466477778,-0.0000241799049423,-0.0000355763754225,-0.000117129380352,-0.0000110334900998,-0.00001083601712,-0.00021068586224,-0.0000197799594943,-0.00144672841457,-0.0000182717507355,-0.000555638222215,0.000346470696149,-0.000329388327681,-0.0000393519536095,-0.000762979464258,-0.000220188521874,-0.0000688108004239,-0.0000551826971451,0.000473523622031,-0.000057349133554,-0.00000573037342955,-0.0000142967689563,-0.000218823081873,-0.00165112093998,0.000146658775998,-0.000313144058289,-0.0000455875149892,-0.000144239602245,-0.000163639134193,-0.0000697351540482,-0.0000665997855371,-0.0000133621083052,-0.0000231521334606,-0.0000132466477778,-0.000106024840099,-0.000150211133713,-0.0000384760794239,-0.0000789437961126,-0.0000294999107098,-0.0000142967689563,-0.000038066991535,-0.000135955576846,-0.000150211133713,-0.000299632227829,-0.000286873122618,-0.0000182717507355,-0.00107223270631,-0.000286873122618,-0.0000159015721239
2001,-0.000288102827921,-0.000100290239393,-7.40572559721e-7,-0.000225334973519,-0.00144576282299,-0.000128847477288,-0.000154621143899,-0.000151988973246,-0.00019457320932,-0.0000977792656265,-0.0000587999520434,-0.0000224726868634,-0.000049155672369,-0.0000565811685842,-0.000148827713339,-0.000192350723118,-0.000284948987976,-0.000288102827921,-0.000494726386095,-0.00000726349227254,-0.0000240014935153,-0.000534856074811,-0.000119319099345,-0.000798846545153,-0.000442514494364,-0.000223218524985,-0.000312863123969,-0.000442514494364,-0.000634562300511,-0.000154736276445,-0.000282937538993,-0.000178208548178,-0.000116020934265,-0.0000532516076555,-0.000189979618965,-0.000174379203658,-0.00000201625489238,-0.0000200550743967,-0.0000240014935153,-0.000385530710283,-0.0000587999520434,-0.0000224726868634,-0.000137274503445,-0.000223218524985,-0.0000111506604252,-0.0000934117668425,-0.000347337691315,-0.0000174606164718,-0.000286633488217,-0.0000826574105854,-0.00000572303910085,-0.0000132308059522,-0.0000241516249471,-0.0000355361862905,-0.000117022975922,-0.0000110201024581,-0.0000108229067375,-0.000210491596055,-0.000019760112794,-0.00144576282299,-0.0000182565990539,-0.00055519863141,0.000346212146808,-0.000329120338835,-0.0000393113885249,-0.000762386457281,-0.000220032306987,-0.0000687417939389,-0.0000551246583029,0.000473208796631,-0.0000572927907085,-0.00000572303910085,-0.0000142809420103,-0.000218635885097,-0.0016499268699,0.000146570654675,-0.000312863123969,-0.0000455438154483,-0.000144106091637,-0.000163478523628,-0.0000696643928415,-0.0000665378736429,-0.0000133462368974,-0.0000231260955621,-0.0000132308059522,-0.000105924702809,-0.000150092540743,-0.0000384331116043,-0.0000788800964617,-0.0000294699987604,-0.0000142809420103,-0.0000380263975464,-0.000135841650068,-0.000150092540743,-0.000299396108334,-0.000286633488217,-0.0000182565990539,-0.00107142658807,-0.000286633488217,-0.0000158843677198
2002,-0.000287867385092,-0.000100199732842,-7.39506314851e-7,-0.000225150486745,-0.0014447978756,-0.000128725224523,-0.00015447014132,-0.000151863619852,-0.000194404455911,-0.0000976827856225,-0.0000587384473567,-0.0000224469405854,-0.0000491064944654,-0.0000565217265347,-0.000148681955368,-0.000192178594465,-0.000284722645786,-0.000287867385092,-0.000494337938104,-0.00000725450512284,-0.0000239737881889,-0.000534451103414,-0.000119203616734,-0.00079827700479,-0.000442154773139,-0.000223012959876,-0.000312582441808,-0.000442154773139,-0.000634086353685,-0.000154600029489,-0.000282684261827,-0.00017804267071,-0.000115916189544,-0.0000532070589125,-0.000189811506289,-0.000174212428124,-0.0000020134613008,-0.000020033719756,-0.0000239737881889,-0.000385202897625,-0.0000587384473567,-0.0000224469405854,-0.000137140255363,-0.000223012959876,-0.0000111368866196,-0.0000933202116586,-0.00034703803258,-0.0000174428325463,-0.000286394053687,-0.0000825862178662,-0.00000571571363261,-0.0000132149827969,-0.0000241233780018,-0.0000354960429405,-0.00011691666858,-0.0000110067311803,-0.0000108098118812,-0.000210297509321,-0.0000197402863993,-0.0014447978756,-0.0000182414607002,-0.00055475938786,0.000345953790203,-0.00032885256814,-0.0000392708651527,-0.000761793911127,-0.000219876203086,-0.0000686728563775,-0.000055066679816,0.000472894180604,-0.0000572365030029,-0.00000571571363261,-0.0000142651321076,-0.000218448848683,-0.0016487336636,0.0001464825868,-0.000312582441808,-0.0000455001579125,-0.000143972705027,-0.00016331807072,-0.0000695937033397,-0.0000664760192599,-0.0000133303842489,-0.0000231000866089,-0.0000132149827969,-0.000105824660079,-0.000149974041299,-0.0000383901918353,-0.000078816447699,-0.0000294401174683,-0.0000142651321076,-0.0000379858466548,-0.00013572781864,-0.000149974041299,-0.000299160175292,-0.000286394053687,-0.0000182414607002,-0.00107062107635,-0.000286394053687,-0.0000158671812818
2003,-0.000287632134859,-0.00010010930843,-7.38441239712e-7,-0.000224966151065,-0.00144383357223,-0.000128603088248,-0.000154319286355,-0.000151738370314,-0.000194235848533,-0.0000975864007016,-0.0000586770070878,-0.0000224212237647,-0.0000490573659571,-0.0000564623474917,-0.000148536340303,-0.000192006619453,-0.000284496483077,-0.000287632134859,-0.000493949795255,-0.00000724552926545,-0.0000239461153844,-0.000534046438729,-0.000119088245897,-0.000797707870227,-0.000441795344353,-0.000222807584002,-0.000312302011237,-0.000441795344353,-0.000633610763646,-0.000154463902373,-0.000282431211167,-0.000177876947511,-0.000115811539411,-0.0000531625471751,-0.000189643542273,-0.000174045812147,-0.00000201067117667,-0.0000200123881511,-0.0000239461153844,-0.000384875363887,-0.0000586770070878,-0.0000224212237647,-0.000137006138683,-0.000222807584002,-0.0000111231297359,-0.0000932287456905,-0.000346738632739,-0.0000174250670151,-0.000286154819046,-0.0000825150862473,-0.00000570839798986,-0.0000131991789996,-0.0000240951638064,-0.0000354559446079,-0.000116810457663,-0.0000109933754993,-0.0000107967329206,-0.000210103601381,-0.0000197204796022,-0.00144383357223,-0.0000182263343573,-0.000554320492297,0.000345695626724,-0.000328585015549,-0.0000392303840657,-0.000761201825735,-0.000219720209324,-0.0000686039880913,-0.0000550087626889,0.000472579773726,-0.0000571802708786,-0.00000570839798986,-0.0000142493403814,-0.000218261972051,-0.00164754132014,0.000146394571597,-0.000312302011237,-0.0000454565429151,-0.000143839441805,-0.000163157774636,-0.000069523085592,-0.0000664142222266,-0.0000133145501926,-0.0000230741064962,-0.0000131991789996,-0.000105724711863,-0.000149855635374,-0.0000383473194852,-0.0000787528501665,-0.000029410266726,-0.0000142493403814,-0.0000379453388906,-0.00013561408231,-0.000149855635374,-0.000298924428063,-0.000286154819046,-0.0000182263343573,-0.0010698161698,-0.000286154819046,-0.0000158500138818
2004,-0.00028739707692,-0.000100018965239,-7.37378332172e-7,-0.00022478196653,-0.00144286991264,-0.000128481067107,-0.000154168578842,-0.000151613223769,-0.000194067387312,-0.0000974901109783,-0.0000586156309295,-0.0000223955365319,-0.0000490082863411,-0.0000564030304515,-0.000148390867526,-0.000191834798779,-0.000284270500238,-0.00028739707692,-0.000493561956991,-0.0000072365644197,-0.0000239184745574,-0.000533642080096,-0.000118972986698,-0.000797139141685,-0.0004414362075,-0.000222602397512,-0.000312021832134,-0.0004414362075,-0.000633135530276,-0.000154327894959,-0.000282178387056,-0.000177711378603,-0.000115706983611,-0.0000531180727146,-0.000189475726844,-0.000173879355561,-0.00000200788503202,-0.000019991078811,-0.0000239184745574,-0.000384548108882,-0.0000586156309295,-0.0000223955365319,-0.000136872152994,-0.000222602397512,-0.0000111093898441,-0.0000931373695323,-0.000346439491064,-0.0000174073196026,-0.000285915783832,-0.0000824440161784,-0.00000570109157572,-0.0000131833939001,-0.0000240669831317,-0.0000354158916434,-0.000116704343433,-0.0000109800365733,-0.0000107836699219,-0.000209909872212,-0.0000197006927767,-0.00144286991264,-0.000018211220806,-0.000553881943402,0.000345437655641,-0.000328317680087,-0.0000391899442294,-0.000760610200543,-0.00021956432653,-0.0000685351890546,-0.0000549509069003,0.000472265576034,-0.0000571240940554,-0.00000570109157572,-0.0000142335656292,-0.000218075255455,-0.00164634983891,0.000146306609035,-0.000312021832134,-0.0000454129695879,-0.000143706301921,-0.000162997636507,-0.0000694525394156,-0.0000663524828752,-0.000013298735237,-0.0000230481563492,-0.0000131833939001,-0.000105624857761,-0.000149737322737,-0.0000383044951455,-0.0000786893045408,-0.00002938044583,-0.0000142335656292,-0.0000379048745724,-0.000135500441619,-0.000149737322737,-0.000298688866589,-0.000285915783832,-0.000018211220806,-0.00106901186862,-0.000285915783832,-0.0000158328650448
2005,-0.000287162210644,-0.0000999287035128,-7.36316493555e-7,-0.000224597932395,-0.00144190689623,-0.000128359162001,-0.000154018018352,-0.000151488180569,-0.000193899072686,-0.0000973939165352,-0.0000585543191809,-0.0000223698786481,-0.0000489592558326,-0.0000563437758929,-0.000148245538015,-0.000191663131772,-0.000284044696746,-0.000287162210644,-0.000493174423496,-0.00000722761048788,-0.0000238908651995,-0.000533238028082,-0.00011885783928,-0.000796570818404,-0.000441077362551,-0.000222397399487,-0.00031174190484,-0.000441077362551,-0.000632660653442,-0.000154192007782,-0.000281925789444,-0.000177545964144,-0.000115602522491,-0.0000530736354034,-0.000189308059985,-0.000173713058101,-0.00000200510301784,-0.0000199697925769,-0.0000238908651995,-0.000384221132007,-0.0000585543191809,-0.0000223698786481,-0.000136738298171,-0.000222397399487,-0.0000110956671544,-0.0000930460831965,-0.000346140607804,-0.0000173895901758,-0.000285676948663,-0.0000823730071016,-0.00000569379458337,-0.0000131676274089,-0.000024038835023,-0.0000353758838028,-0.000116598324897,-0.0000109667139383,-0.0000107706227217,-0.000209716321971,-0.0000196809258828,-0.00144190689623,-0.000018196119604,-0.000553443742123,0.000345179877058,-0.000328050562471,-0.0000391495460725,-0.000760019035274,-0.000219408554151,-0.0000684664588357,-0.0000548931112814,0.00047195158692,-0.0000570679721799,-0.00000569379458337,-0.0000142178083529,-0.000217888698345,-0.00164515921952,0.000146218699673,-0.00031174190484,-0.0000453694373981,-0.000143573285394,-0.00016283765552,-0.000069382064642,-0.0000662908007563,-0.000013282939006,-0.0000230222355064,-0.0000131676274089,-0.000105525097984,-0.000149619103579,-0.0000382617188359,-0.0000786258102297,-0.0000293506553799,-0.0000142178083529,-0.0000378644535992,-0.000135386896486,-0.000149619103579,-0.000298453490214,-0.000285676948663,-0.000018196119604,-0.00106820817251,-0.000285676948663,-0.0000158157345629
2006,-0.000286927536898,-0.0000998385233792,-7.35256346029e-7,-0.000224414049329,-0.00144094452265,-0.000128237372564,-0.00015386760497,-0.000151363240446,-0.000193730903801,-0.0000972978164397,-0.0000584930710916,-0.0000223442498655,-0.00004891027426,-0.0000562845835033,-0.00014810035007,-0.000191491618409,-0.000283819072716,-0.000286927536898,-0.000492787194017,-0.00000721866805886,-0.0000238632880589,-0.00053283428179,-0.000118742802854,-0.000796002900848,-0.000440718809657,-0.000222192590684,-0.000311462228601,-0.000440718809657,-0.0006321861328,-0.000154056239749,-0.000281673417787,-0.000177380703343,-0.000115498155455,-0.0000530292353069,-0.000189140541641,-0.00017354692,-0.00000200232435477,-0.0000199485288395,-0.0000238632880589,-0.000383894432896,-0.0000584930710916,-0.0000223442498655,-0.000136604574757,-0.000222192590684,-0.0000110819612247,-0.0000929548860817,-0.000345841981893,-0.0000173718786147,-0.000285438312755,-0.0000823020592113,-0.00000568650659272,-0.0000131518800366,-0.0000240107199607,-0.0000353359213978,-0.000116492403336,-0.0000109534068367,-0.0000107575913306,-0.000209522949929,-0.0000196611785714,-0.00144094452265,-0.0000181810309092,-0.000553005887087,0.000344922290949,-0.000327783662457,-0.0000391091896459,-0.000759428329324,-0.000219252892608,-0.0000683977973841,-0.0000548353770764,0.000471637806888,-0.0000570119054792,-0.00000568650659272,-0.000014202068864,-0.000217702301195,-0.00164396946101,0.000146130842513,-0.000311462228601,-0.0000453259468722,-0.000143440391931,-0.000162677831285,-0.0000693116616564,-0.000066229176177,-0.0000132671613446,-0.0000229963432843,-0.0000131518800366,-0.000105425432572,-0.000149500977856,-0.0000382189902766,-0.000078562366717,-0.0000293208947211,-0.000014202068864,-0.0000378240751635,-0.000135273446065,-0.000149500977856,-0.000298218299667,-0.000285438312755,-0.0000181810309092,-0.00106740508014,-0.000285438312755,-0.000015798622683
2007,-0.000286693054314,-0.0000997484244447,-7.34197722174e-7,-0.000224230316595,-0.00143998279127,-0.000128115699058,-0.000153717338449,-0.000151238403411,-0.000193562880512,-0.0000972018113394,-0.0000584318877026,-0.0000223186505304,-0.0000488613417478,-0.0000562254530037,-0.000147955304649,-0.000191320258175,-0.000283593627988,-0.000286693054314,-0.00049240026881,-0.00000720973614854,-0.0000238357424496,-0.000532430841528,-0.000118627878165,-0.000795435387817,-0.000440360547676,-0.000221987970334,-0.000311182802665,-0.000440360547676,-0.000631711967868,-0.000153920591344,-0.000281421271988,-0.000177215596611,-0.000115393882851,-0.0000529848723398,-0.000188973171533,-0.000173380940655,-0.00000199954974445,-0.000019927287477,-0.0000238357424496,-0.000383568011769,-0.0000584318877026,-0.0000223186505304,-0.00013647098177,-0.000221987970334,-0.0000110682722201,-0.0000928637786926,-0.000345543614037,-0.0000173541854727,-0.000285199876703,-0.0000822311724109,-0.00000567922827122,-0.000013136151332,-0.0000239826377264,-0.0000352960042642,-0.00011638657748,-0.000010940116522,-0.0000107445756257,-0.000209329756105,-0.0000196414513178,-0.00143998279127,-0.0000181659550016,-0.000552568378539,0.000344664897035,-0.000327516979332,-0.0000390688748366,-0.000758838082459,-0.000219097341675,-0.0000683292050709,-0.0000547777027808,0.000471324235178,-0.0000569558939318,-0.00000567922827122,-0.0000141863463199,-0.000217516062857,-0.001642780563,0.000146043038911,-0.000311182802665,-0.0000452824985446,-0.000143307621206,-0.00016251816405,-0.0000692413298462,-0.0000661676084546,-0.0000132514024065,-0.0000229704799599,-0.000013136151332,-0.000105325861445,-0.000149382945658,-0.0000381763093298,-0.0000784989744629,-0.0000292911646058,-0.0000141863463199,-0.0000377837401047,-0.000135160091095,-0.000149382945658,-0.000297983294385,-0.000285199876703,-0.0000181659550016,-0.00106660259177,-0.000285199876703,-0.0000157815291741
2008,-0.000286458763806,-0.0000996584068638,-7.33140778308e-7,-0.000224046734386,-0.00143902170176,-0.000127994140911,-0.000153567218699,-0.000151113669158,-0.000193395003325,-0.0000971059011139,-0.0000583707679498,-0.000022293080713,-0.0000488124585454,-0.0000561663852547,-0.000147810401071,-0.000191149051411,-0.000283368361788,-0.000286458763806,-0.000492013647302,-0.00000720081560335,-0.0000238082290673,-0.000532027706496,-0.000118513064193,-0.00079486827947,-0.000440002577546,-0.000221783538846,-0.000310903627962,-0.000440002577546,-0.000631238158807,-0.000153785062687,-0.000281169352045,-0.000177050643265,-0.000115289704258,-0.0000529405467558,-0.000188805949083,-0.000173215120001,-0.00000199677931434,-0.0000199060691388,-0.0000238082290673,-0.000383241868143,-0.0000583707679498,-0.000022293080713,-0.000136337519445,-0.000221783538846,-0.0000110546000207,-0.0000927727604063,-0.000345245503483,-0.0000173365099032,-0.000284961639372,-0.0000821603465671,-0.00000567195918055,-0.0000131204417642,-0.0000239545887739,-0.0000352561320414,-0.000116280848416,-0.0000109268417088,-0.0000107315756561,-0.000209136740537,-0.0000196217436192,-0.00143902170176,-0.0000181508913739,-0.000552131216057,0.000344407694833,-0.000327250512921,-0.0000390286017744,-0.000758248294474,-0.000218941900813,-0.000068260681533,-0.000054720090124,0.000471010872234,-0.000056899937396,-0.00000567195918055,-0.0000141706418368,-0.000217329984165,-0.00164159252482,0.000145955287559,-0.000310903627962,-0.0000452390920773,-0.000143174973735,-0.000162358653586,-0.0000691710694944,-0.0000661060982265,-0.0000132356623883,-0.0000229446458335,-0.0000131204417642,-0.000105226384191,-0.000149265006745,-0.0000381336763002,-0.0000784356332222,-0.0000292614647668,-0.0000141706418368,-0.0000377434480558,-0.000135046830126,-0.000149265006745,-0.000297748474194,-0.000284961639372,-0.0000181508913739,-0.00106580070632,-0.000284961639372,-0.0000157644543171
2009,-0.000286224664722,-0.0000995684706924,-7.32085030819e-7,-0.000223863302394,-0.00143806125405,-0.000127872698365,-0.000153417245546,-0.000150989037997,-0.000193227271718,-0.000097010085661,-0.000058309712025,-0.0000222675400758,-0.0000487636241022,-0.0000561073790042,-0.000147665639539,-0.000190977998117,-0.00028314327538,-0.000286224664722,-0.000491627329619,-0.00000719190596143,-0.0000237807473291,-0.00053162487637,-0.000118398361998,-0.000794301575597,-0.00043964489806,-0.000221579294965,-0.000310624703893,-0.00043964489806,-0.00063076470521,-0.000153649653234,-0.000280917657834,-0.000176885843199,-0.000115185620029,-0.0000528962579107,-0.000188638874893,-0.000173049458114,-0.00000199401250356,-0.0000198848730619,-0.0000237807473291,-0.000382916001762,-0.000058309712025,-0.0000222675400758,-0.000136204187681,-0.000221579294965,-0.0000110409450294,-0.0000926818314273,-0.000344947649885,-0.000017318852561,-0.000284723600836,-0.0000820895817952,-0.00000566469944863,-0.0000131047510736,-0.0000239265719744,-0.000035216304842,-0.000116175215197,-0.0000109135836821,-0.000010718591323,-0.000208943902928,-0.0000196020560521,-0.00143806125405,-0.0000181358400457,-0.000551694399769,0.000344150685064,-0.000326984263584,-0.0000389883701564,-0.000757658964888,-0.000218786570374,-0.0000681922265047,-0.0000546625373268,0.000470697717877,-0.0000568440360471,-0.00000566469944863,-0.000014154954517,-0.000217144064819,-0.00164040534602,0.000145867588851,-0.000310624703893,-0.0000451957264413,-0.000143042448942,-0.000162199299334,-0.0000691008808795,-0.0000660446456164,-0.0000132199410467,-0.0000229188415868,-0.0000131047510736,-0.000105127001096,-0.000149147160333,-0.0000380910905333,-0.0000783723430473,-0.0000292317946906,-0.000014154954517,-0.000037703199145,-0.000134933664711,-0.000149147160333,-0.000297513839525,-0.000284723600836,-0.0000181358400457,-0.00106499942422,-0.000284723600836,-0.0000157473977689
2010,-0.000285990756756,-0.0000994786154136,-7.31031191581e-7,-0.000223680020766,-0.0014371014473,-0.000127751370236,-0.000153267418805,-0.000150864509248,-0.000193059685476,-0.0000969143643625,-0.0000582487202658,-0.0000222420288161,-0.000048714838214,-0.0000560484349528,-0.00014752101987,-0.000190807097634,-0.000282918367287,-0.000285990756756,-0.000491241315134,-0.00000718300749636,-0.0000237532971235,-0.000531222351685,-0.000118283770234,-0.000793735275532,-0.000439287509494,-0.00022137523937,-0.000310346029741,-0.000439287509494,-0.000630291606374,-0.000153514362849,-0.000280666188365,-0.000176721196812,-0.000115081629266,-0.0000528520064331,-0.000188471948423,-0.000172883954559,-0.00000199124950395,-0.0000198637000102,-0.0000237532971235,-0.000382590412555,-0.0000582487202658,-0.0000222420288161,-0.000136070986257,-0.00022137523937,-0.0000110273068099,-0.0000925909908425,-0.000344650053489,-0.0000173012133233,-0.000284485761878,-0.0000820188783095,-0.00000565744889158,-0.0000130890786334,-0.0000238985881937,-0.0000351765226405,-0.000116069677416,-0.0000109003414921,-0.000010705623104,-0.000208751243061,-0.0000195823877203,-0.0014371014473,-0.0000181208015819,-0.000551257928886,0.000343893866982,-0.000326718230694,-0.0000389481795331,-0.000757070093217,-0.00021863134992,-0.0000681238400277,-0.000054605045281,0.000470384770984,-0.0000567881893283,-0.00000565744889158,-0.0000141392840902,-0.000216958304558,-0.00163921902565,0.000145779943453,-0.000310346029741,-0.0000451524025951,-0.000142910046603,-0.000162040101989,-0.0000690307631768,-0.0000659832492405,-0.0000132042382259,-0.0000228930658883,-0.0000130890786334,-0.000105027711808,-0.000149029407623,-0.0000380485524305,-0.0000783091041656,-0.0000292021549679,-0.0000141392840902,-0.0000376629929022,-0.000134820594348,-0.000149029407623,-0.000297279389948,-0.000284485761878,-0.0000181208015819,-0.00106419874465,-0.000284485761878,-0.0000157303601123
2011,-0.000285757039884,-0.0000993888414085,-7.29978320901e-7,-0.000223496888949,-0.00143614228087,-0.000127630157612,-0.000153117738276,-0.000150740083551,-0.000192892244385,-0.0000968187378008,-0.0000581877922006,-0.0000222165464763,-0.000048666101371,-0.0000559895529681,-0.000147376541796,-0.000190636350299,-0.000282693638016,-0.000285757039884,-0.000490855603572,-0.00000717411992124,-0.0000237258786528,-0.000530820131765,-0.000118169289649,-0.000793169379189,-0.000438930411239,-0.000221171371774,-0.000310067605313,-0.000438930411239,-0.000629818862611,-0.000153379191697,-0.000280414944545,-0.000176556703765,-0.000114977732623,-0.0000528077918847,-0.000188305170123,-0.00017271860944,-0.00000198849025734,-0.0000198425491629,-0.0000237258786528,-0.000382265100177,-0.0000581877922006,-0.0000222165464763,-0.000135937915017,-0.000221171371774,-0.000011013685175,-0.0000925002397398,-0.000344352714136,-0.0000172835918244,-0.00028424812065,-0.0000819482353851,-0.00000565020779764,-0.0000130734249577,-0.0000238706371913,-0.000035136785451,-0.000115964236006,-0.0000108871149958,-0.0000106926701529,-0.000208558761172,-0.00001956273963,-0.00143614228087,-0.0000181057754585,-0.000550821803225,0.000343637240251,-0.00032645241444,-0.0000389080306959,-0.000756481679669,-0.000218476239818,-0.0000680555225205,-0.0000545476137805,0.000470072032701,-0.0000567323973453,-0.00000565020779764,-0.0000141236317583,-0.000216772702989,-0.00163803356324,0.000145692350154,-0.000310067605313,-0.0000451091206273,-0.000142777767233,-0.000161881060701,-0.0000689607164248,-0.0000659219106574,-0.0000131885543668,-0.0000228673192777,-0.0000130734249577,-0.000104928516112,-0.000148911747266,-0.0000380060618141,-0.0000782459159874,-0.0000291725448065,-0.0000141236317583,-0.0000376228295753,-0.000134707619023,-0.000148911747266,-0.000297045124566,-0.00028424812065,-0.0000181057754585,-0.00106339866649,-0.00028424812065,-0.0000157133406056
2012,-0.000285523514368,-0.0000992991486291,-7.28927635141e-7,-0.000223313907437,-0.00143518375472,-0.00012750906019,-0.000152968204286,-0.00015061576059,-0.000192724948883,-0.0000967232056595,-0.000058126927712,-0.0000221910938549,-0.0000486174131868,-0.000055930732616,-0.000147232205137,-0.000190465755761,-0.000282469086838,-0.000285523514368,-0.000490470195207,-0.00000716524363842,-0.0000236984921482,-0.000530418216147,-0.000118054919938,-0.000792603886635,-0.000438573603406,-0.000220967691945,-0.000309789430697,-0.000438573603406,-0.000629346473626,-0.000153244139708,-0.000280163925401,-0.000176392364009,-0.000114873929637,-0.0000527636139478,-0.000188138539335,-0.000172553422254,-0.00000198573492893,-0.0000198214208842,-0.0000236984921482,-0.000381940064469,-0.000058126927712,-0.0000221910938549,-0.000135804974165,-0.000220967691945,-0.0000110000805198,-0.0000924095778787,-0.000344055631111,-0.0000172659886299,-0.000284010678953,-0.0000818776533098,-0.00000564297574002,-0.0000130577900128,-0.0000238427192318,-0.0000350970931002,-0.000115858890427,-0.0000108739050857,-0.0000106797330131,-0.000208366456343,-0.0000195431111205,-0.00143518375472,-0.0000180907617926,-0.000550386022623,0.00034338080521,-0.000326186814274,-0.0000388679233945,-0.000755893722976,-0.000218321239292,-0.0000679872734155,-0.0000544902424382,0.000469759502224,-0.0000566766606376,-0.00000564297574002,-0.0000141079963871,-0.000216587260336,-0.00163684895808,0.000145604809901,-0.000309789430697,-0.000045065880006,-0.000142645609998,-0.000161722175508,-0.0000688907409176,-0.0000658606288928,-0.0000131728888544,-0.0000228416014663,-0.0000130577900128,-0.000104829414012,-0.0001487941803,-0.0000379636185279,-0.0000781827791432,-0.000029142965313,-0.0000141079963871,-0.0000375827089281,-0.000134594737536,-0.0001487941803,-0.000296811043813,-0.000284010678953,-0.0000180907617926,-0.00106259918997,-0.000284010678953,-0.0000156963394797
2013,-0.000285290179482,-0.0000992095360717,-7.27878006312e-7,-0.000223131075341,-0.00143422586818,-0.000127388077565,-0.000152818816137,-0.000150491540043,-0.000192557798325,-0.0000966277676415,-0.0000580661273393,-0.0000221656700319,-0.0000485687739138,-0.0000558719742862,-0.000147088009554,-0.000190295313554,-0.00028224471432,-0.000285290179482,-0.000490085089067,-0.00000715637793292,-0.0000236711369195,-0.000530016604918,-0.000117940660864,-0.000792038797046,-0.000438217085637,-0.000220764199744,-0.000309511506104,-0.000438217085637,-0.000628874438688,-0.000153109206417,-0.000279913130932,-0.000176228176915,-0.000114770220889,-0.0000527194731696,-0.000187972055707,-0.000172388393106,-0.00000198298320653,-0.0000198003150755,-0.0000236711369195,-0.000381615305312,-0.0000580661273393,-0.0000221656700319,-0.000135672163196,-0.000220764199744,-0.0000109864923434,-0.0000923190048354,-0.000343758804082,-0.0000172484027763,-0.000283773434901,-0.0000818071319681,-0.00000563575274759,-0.0000130421742366,-0.0000238148334448,-0.0000350574455048,-0.000115753640071,-0.0000108607108924,-0.0000106668115873,-0.000208174329099,-0.000019523502095,-0.00143422586818,-0.0000180757601598,-0.000549950586578,0.000343124561804,-0.0003259214305,-0.0000388278574928,-0.000755306223115,-0.00021816634925,-0.0000679190926913,-0.000054432931841,0.000469447179471,-0.0000566209783934,-0.00000563575274759,-0.0000140923782466,-0.000216401976103,-0.00163566520996,0.000145517322023,-0.000309511506104,-0.0000450226804745,-0.000142513575125,-0.00016156344638,-0.000068820836582,-0.0000657994040107,-0.0000131572420448,-0.0000228159128732,-0.0000130421742366,-0.000104730405575,-0.000148676706083,-0.0000379212230426,-0.0000781196930735,-0.0000291134155015,-0.0000140923782466,-0.0000375426311239,-0.000134481951361,-0.000148676706083,-0.000296577147783,-0.000283773434901,-0.0000180757601598,-0.00106180031489,-0.000283773434901,-0.0000156793569008
2014,-0.00028505703517,-0.000099120005105,-7.268301494e-7,-0.000222948392921,-0.00143326862132,-0.000127267209546,-0.000152669573842,-0.000150367421933,-0.00019239079258,-0.0000965324240734,-0.0000580053901462,-0.000022140275127,-0.0000485201828173,-0.0000558132774247,-0.000146943955653,-0.000190125024165,-0.000282020520193,-0.00028505703517,-0.00048970028541,-0.00000714752333408,-0.0000236438132291,-0.000529615297688,-0.00011782651251,-0.000791474110105,-0.00043786085743,-0.000220560894682,-0.000309233830952,-0.00043786085743,-0.000628402757861,-0.000152974391883,-0.00027966256101,-0.000176064142819,-0.000114666605129,-0.0000526753694747,-0.000187805719277,-0.000172223521671,-0.00000198023571718,-0.000019779232054,-0.0000236438132291,-0.000381290821843,-0.0000580053901462,-0.000022140275127,-0.00013553948218,-0.000220560894682,-0.0000109729212907,-0.0000922285203036,-0.000343462233281,-0.0000172308352946,-0.000283536389381,-0.0000817366715253,-0.00000562853942165,-0.000013026576835,-0.0000237869805968,-0.0000350178429374,-0.00011564848587,-0.0000108475327916,-0.0000106539059952,-0.000207982378935,-0.0000195039129682,-0.00143326862132,-0.0000180607716631,-0.000549515495596,0.000342868509517,-0.000325656262363,-0.0000387878326364,-0.000754719180422,-0.000218011568878,-0.0000678509803205,-0.0000543756813762,0.000469135064596,-0.0000565653509632,-0.00000562853942165,-0.0000140767774708,-0.000216216850617,-0.00163448231735,0.000145429886922,-0.000309233830952,-0.0000449795231172,-0.000142381662649,-0.000161404872937,-0.0000687510030493,-0.0000657382362066,-0.000013141613739,-0.0000227902525416,-0.000013026576835,-0.000104631490886,-0.000148559324366,-0.0000378788743589,-0.0000780566580216,-0.0000290838955239,-0.0000140767774708,-0.0000375025965855,-0.000134369259126,-0.000148559324366,-0.000296343436038,-0.000283536389381,-0.0000180607716631,-0.00106100204049,-0.000283536389381,-0.0000156623928955
2015,-0.000284824081882,-0.0000990305551447,-7.25783524835e-7,-0.00022276585993,-0.00143231201322,-0.000127146456731,-0.000152520477304,-0.000150243406088,-0.000192223932035,-0.0000964371740175,-0.0000579447166196,-0.0000221149096626,-0.0000484716406532,-0.0000557546425046,-0.000146800042726,-0.000189954886951,-0.00028179650431,-0.000284824081882,-0.000489315783811,-0.00000713867969981,-0.0000236165212377,-0.000529214294526,-0.000117712474326,-0.000790909826248,-0.000437504919368,-0.000220357776935,-0.000308956404444,-0.000437504919368,-0.000627931430799,-0.000152839696129,-0.000279412215408,-0.000175900261304,-0.000114563082994,-0.0000526313027169,-0.000187639530358,-0.000172058807674,-0.00000197749163222,-0.0000197581710699,-0.0000236165212377,-0.000380966614607,-0.0000579447166196,-0.0000221149096626,-0.000135406930847,-0.000220357776935,-0.0000109593671391,-0.0000921381250327,-0.00034316591849,-0.0000172132856378,-0.000283299541888,-0.0000816662718677,-0.00000562133499349,-0.0000130109981891,-0.0000237591600314,-0.0000349782848268,-0.000115543427061,-0.0000108343706136,-0.0000106410156047,-0.000207790605862,-0.0000194843435999,-0.00143231201322,-0.0000180457952981,-0.00054908074863,0.000342612648054,-0.000325391310119,-0.0000387478491204,-0.000754132593768,-0.000217856898449,-0.0000677829362905,-0.0000543184910473,0.000468823156838,-0.0000565097781569,-0.00000562133499349,-0.0000140611940154,-0.000216031883319,-0.00163330028045,0.000145342503904,-0.000308956404444,-0.0000449364067627,-0.000142249872141,-0.000161246454866,-0.0000686812401827,-0.0000656771252547,-0.0000131260043292,-0.0000227646212441,-0.0000130109981891,-0.000104532669629,-0.000148442035434,-0.000037836573263,-0.0000779936736945,-0.0000290544059514,-0.0000140611940154,-0.000037462603828,-0.000134256662046,-0.000148442035434,-0.000296109908371,-0.000283299541888,-0.0000180457952981,-0.00106020436589,-0.000283299541888,-0.0000156454463776
2016,-0.000284591318501,-0.0000989411852306,-7.24738271618e-7,-0.000222583476831,-0.00143135604369,-0.000127025818168,-0.000152371526337,-0.00015011949268,-0.000192057215608,-0.0000963420180238,-0.0000578841062611,-0.0000220895734646,-0.0000484231472901,-0.0000556960691016,-0.000146656270781,-0.000189784902433,-0.000281572666003,-0.000284591318501,-0.000488931584639,-0.00000712984692264,-0.0000235892606693,-0.000528813594972,-0.000117598546751,-0.000790345944499,-0.000437149270087,-0.000220154846165,-0.000308679227003,-0.000437149270087,-0.000627460457102,-0.000152705119126,-0.000279162093863,-0.000175736532559,-0.000114459654839,-0.000052587272811,-0.000187473488082,-0.000171894251817,-0.00000197475165997,-0.0000197371329937,-0.0000235892606693,-0.000380642682535,-0.0000578841062611,-0.0000220895734646,-0.00013527450904,-0.000220154846165,-0.0000109458295463,-0.0000920478176321,-0.000342869859146,-0.0000171957538706,-0.00028306289217,-0.0000815959327438,-0.00000561414026645,-0.0000129954383015,-0.0000237313722335,-0.0000349387713712,-0.000115438463701,-0.0000108212246337,-0.0000106281407599,-0.000207599009372,-0.0000194647934748,-0.00143135604369,-0.0000180308313258,-0.000548646345475,0.000342356977425,-0.000325126573438,-0.0000387079066462,-0.000753546463012,-0.000217702337924,-0.0000677149603066,-0.0000542613605221,0.00046851145654,-0.000056454260104,-0.00000561414026645,-0.0000140456279283,-0.000215847074537,-0.00163211909874,0.000145255173418,-0.000308679227003,-0.0000448933314621,-0.000142118203437,-0.000161088192402,-0.0000686115482469,-0.0000656160708514,-0.0000131104131538,-0.0000227390189589,-0.0000129954383015,-0.000104433941822,-0.000148324839055,-0.0000377943195851,-0.0000779307404608,-0.0000290249461026,-0.0000140456279283,-0.0000374226544499,-0.000134144158615,-0.000148324839055,-0.000295876564628,-0.00028306289217,-0.0000180308313258,-0.00105940729131,-0.00028306289217,-0.0000156285189323
2017,-0.000284358745507,-0.0000988518961664,-7.23694950633e-7,-0.000222401242786,-0.00143040071203,-0.000126905293901,-0.00015222272097,-0.000149995681255,-0.000191890644142,-0.0000962469560171,-0.0000578235597883,-0.000022064266112,-0.0000483747018611,-0.0000556375571374,-0.000146512639247,-0.000189615069687,-0.000281349005546,-0.000284358745507,-0.000488547686555,-0.0000071210254271,-0.0000235620316538,-0.000528413198665,-0.000117484729523,-0.000789782464779,-0.000436793910505,-0.000219952102684,-0.000308402298205,-0.000436793910505,-0.000626989836814,-0.000152570660378,-0.0002789121962,-0.000175572955975,-0.000114356319644,-0.0000525432797067,-0.000187307593087,-0.000171729852915,-0.00000197201521068,-0.0000197161167614,-0.0000235620316538,-0.000380319026702,-0.0000578235597883,-0.000022064266112,-0.000135142216698,-0.000219952102684,-0.0000109323086344,-0.0000919575996976,-0.00034257405516,-0.0000171782397818,-0.00028282644011,-0.0000815256539282,-0.00000560695450869,-0.0000129798967246,-0.0000237036169004,-0.0000348993026842,-0.00011533359558,-0.0000108080943186,-0.0000106152820316,-0.000207407589647,-0.0000194452630815,-0.00143040071203,-0.000018015879621,-0.000548212285935,0.000342101497764,-0.00032486205207,-0.0000386680054891,-0.000752960787667,-0.000217547886629,-0.0000676470529362,-0.0000542042904339,0.000468199963894,-0.0000563987962909,-0.00000560695450869,-0.0000140300784599,-0.000215662423566,-0.00163093877095,0.000145167895819,-0.000308402298205,-0.000044850297964,-0.000141986657045,-0.000160930085062,-0.0000685419269706,-0.0000655550736024,-0.00001309484065,-0.0000227134453423,-0.0000129798967246,-0.000104335306629,-0.000148207735333,-0.0000377521129273,-0.0000778678575299,-0.0000289955157839,-0.0000140300784599,-0.000037382747454,-0.00013403175008,-0.000148207735333,-0.000295643405027,-0.00028282644011,-0.000018015879621,-0.00105861081565,-0.00028282644011,-0.0000156116096131
2018,-0.000284126362351,-0.0000987626878501,-7.22653120011e-7,-0.000222219158109,-0.00142944601795,-0.000126784884399,-0.000152074060768,-0.000149871972196,-0.000191724217121,-0.0000961519881661,-0.0000577630762759,-0.0000220389875283,-0.0000483263055191,-0.0000555791065722,-0.000146369148825,-0.000189445388961,-0.000281125522496,-0.000284126362351,-0.000488164090203,-0.00000711221440319,-0.0000235348338045,-0.000528013105619,-0.000117371021951,-0.000789219386661,-0.000436438839154,-0.000219749545752,-0.000308125617914,-0.000436438839154,-0.000626519569728,-0.000152436320407,-0.000278662522397,-0.000175409531605,-0.000114253077745,-0.0000524993229796,-0.000187141844704,-0.000171565611518,-0.00000196928281815,-0.000019695123048,-0.0000235348338045,-0.000379995645681,-0.0000577630762759,-0.0000220389875283,-0.00013501005377,-0.000219749545752,-0.0000109188046062,-0.0000918674691794,-0.000342278506622,-0.0000171607437913,-0.000282590185486,-0.0000814554359181,-0.00000559977785342,-0.0000129643740534,-0.0000236758937904,-0.0000348598786992,-0.000115228822599,-0.0000107949800014,-0.0000106024382971,-0.000207216346269,-0.0000194257523374,-0.00142944601795,-0.0000180009407327,-0.000547778569985,0.000341846208522,-0.000324597746117,-0.0000386281456928,-0.000752375567695,-0.000217393544713,-0.0000675792131348,-0.0000541472804789,0.000467888677922,-0.000056343387079,-0.00000559977785342,-0.0000140145468626,-0.000215477930659,-0.00162975929691,0.000145080670291,-0.000308125617914,-0.0000448073050476,-0.000141855231891,-0.000160772133508,-0.0000684723763285,-0.0000654941325271,-0.0000130792862647,-0.0000226879007612,-0.0000129643740534,-0.000104236765041,-0.000148090724159,-0.0000377099531743,-0.0000778050259855,-0.0000289661153827,-0.0000140145468626,-0.0000373428829743,-0.000133919435166,-0.000148090724159,-0.000295410428897,-0.000282590185486,-0.0000180009407327,-0.00105781493892,-0.000282590185486,-0.0000155947183975
2019,-0.000283894169402,-0.000098673559914,-7.21612279708e-7,-0.000222037222555,-0.00142849196194,-0.000126664588663,-0.000151925545904,-0.000149748364691,-0.000191557934129,-0.0000960571138027,-0.0000577026561244,-0.0000220137380538,-0.0000482779571884,-0.0000555207176074,-0.000146225798685,-0.000189275859964,-0.000280902217414,-0.000283894169402,-0.000487780794733,-0.00000710341473376,-0.0000235076677337,-0.000527613315458,-0.000117257425043,-0.000788656710043,-0.000436084056727,-0.000219547175075,-0.000307849185859,-0.000436084056727,-0.000626049655082,-0.000152302098497,-0.000278413072192,-0.000175246259509,-0.000114149929154,-0.0000524554035581,-0.000186976242866,-0.000171401527274,-0.00000196655385976,-0.0000196741518907,-0.0000235076677337,-0.000379672539579,-0.0000577026561244,-0.0000220137380538,-0.000134878020485,-0.000219547175075,-0.0000109053170063,-0.0000917774275804,-0.000341983212871,-0.0000171432654064,-0.000282354128109,-0.00008138527844,-0.00000559261061106,-0.0000129488695588,-0.0000236482032907,-0.0000348204992111,-0.000115124145128,-0.0000107818818633,-0.0000105896104112,-0.000207025279304,-0.0000194062610905,-0.00142849196194,-0.0000179860136136,-0.000547345197157,0.000341591110561,-0.000324333654897,-0.0000385883263698,-0.000751790802411,-0.000217239312814,-0.0000675114416584,-0.0000540903306119,0.000467577598878,-0.0000562880320882,-0.00000559261061106,-0.0000139990318706,-0.000215293596023,-0.0016285806757,0.000144993497788,-0.000307849185859,-0.0000447643540311,-0.000141723928922,-0.000160614336525,-0.000068402896336,-0.0000654332483068,-0.0000130637508189,-0.000022662384541,-0.0000129488695588,-0.000104138316279,-0.000147973805156,-0.0000376678409495,-0.0000777422450344,-0.0000289367450925,-0.0000139990318706,-0.0000373030611449,-0.00013380721459,-0.000147973805156,-0.00029517763663,-0.000282354128109,-0.0000179860136136,-0.0010570196604,-0.000282354128109,-0.0000155778457547
2020,-0.000283662165775,-0.0000985845123154,-7.20573415602e-7,-0.000221855435545,-0.00142753854177,-0.000126544407355,-0.000151777175989,-0.000149624859636,-0.000191391796,-0.0000959623332015,-0.0000576422991827,-0.0000219885175383,-0.0000482296574935,-0.0000554623898585,-0.000146082589281,-0.000189106482734,-0.000280679089487,-0.000283662165775,-0.000487397800678,-0.00000709462552173,-0.0000234805328376,-0.00052721382808,-0.000117143937946,-0.000788094434465,-0.000435729562862,-0.000219344990767,-0.000307573001829,-0.000435729562862,-0.000625580092942,-0.000152167994596,-0.000278163845009,-0.000175083139514,-0.000114046873586,-0.0000524115205991,-0.00018681078824,-0.000171237600013,-0.00000196382902828,-0.0000196532027292,-0.0000234805328376,-0.000379349708371,-0.0000576422991827,-0.0000219885175383,-0.000134746116129,-0.000219344990767,-0.0000108918463049,-0.0000916874741161,-0.000341688174122,-0.0000171258049608,-0.000282118268035,-0.0000813151811432,-0.00000558545227358,-0.0000129333838013,-0.0000236205452007,-0.0000347811639569,-0.000115019562577,-0.0000107687993562,-0.0000105767979108,-0.000206834388683,-0.0000193867897069,-0.00142753854177,-0.0000179710995525,-0.000546912167247,0.000341336202306,-0.000324069778345,-0.0000385485487877,-0.000751206491999,-0.000217085190275,-0.0000674437381925,-0.0000540334400112,0.000467266726839,-0.0000562327319176,-0.00000558545227358,-0.0000139835348199,-0.000215109418404,-0.00162740290702,0.00014490637691,-0.000307573001829,-0.0000447214436594,-0.000141592747128,-0.000160456694788,-0.0000683334870137,-0.000065372421103,-0.0000130482332872,-0.0000226368969813,-0.0000129333838013,-0.000104039960821,-0.000147856978344,-0.0000376257755734,-0.0000776795149608,-0.0000289074041255,-0.0000139835348199,-0.0000372632816648,-0.000133695088245,-0.000147856978344,-0.000294945027689,-0.000282118268035,-0.0000179710995525,-0.00105622498007,-0.000282118268035,-0.0000155609909926
2021,-0.000283430352096,-0.0000984955450303,-7.19536131566e-7,-0.000221673797876,-0.00142658575805,-0.000126424340155,-0.000151628951005,-0.000149501456208,-0.000191225801601,-0.0000958676458804,-0.0000575820053115,-0.0000219633255618,-0.0000481814059192,-0.0000554041235237,-0.000145939519948,-0.000188937257181,-0.000280456138847,-0.000283430352096,-0.000487015106995,-0.00000708584754161,-0.0000234534293839,-0.000526814643085,-0.000117030560416,-0.00078753255992,-0.000435375357133,-0.000219142992933,-0.000307297065517,-0.000435375357133,-0.00062511088321,-0.000152034009021,-0.000277914840819,-0.000174920170839,-0.000113943911067,-0.0000523676743072,-0.000186645479401,-0.000171073829081,-0.00000196110789785,-0.0000196322764818,-0.0000234534293839,-0.000379027151571,-0.0000575820053115,-0.0000219633255618,-0.000134614340525,-0.000219142992933,-0.0000108783921009,-0.0000915976088134,-0.000341393389596,-0.0000171083624361,-0.000281882605274,-0.0000812451444814,-0.00000557830310388,-0.0000129179163997,-0.0000235929193604,-0.000034741873308,-0.000114915074945,-0.000010755732625,-0.0000105640011645,-0.000206643674236,-0.0000193673377842,-0.00142658575805,-0.0000179561971505,-0.000546479479587,0.000341081484485,-0.000323806116741,-0.000038508811663,-0.000750622635494,-0.000216931176586,-0.0000673761025514,-0.0000539766099532,0.000466956061647,-0.0000561774859351,-0.00000557830310388,-0.0000139680542128,-0.000214925398734,-0.00162622599013,0.000144819308811,-0.000307297065517,-0.0000446785747714,-0.000141461686682,-0.00016029920768,-0.0000682641479108,-0.0000653116498119,-0.000013032734743,-0.0000226114384909,-0.0000129179163997,-0.000103941698165,-0.000147740244055,-0.0000375837572264,-0.0000776168347771,-0.0000288780933273,-0.0000139680542128,-0.0000372235446777,-0.000133583055502,-0.000147740244055,-0.000294712601998,-0.000281882605274,-0.0000179561971505,-0.0010554308972,-0.000281882605274,-0.0000155441550831
2022,-0.00028319872789,-0.0000984066583074,-7.18500194896e-7,-0.000221492308771,-0.00142563361048,-0.000126304386502,-0.000151480870786,-0.000149378154807,-0.000191059951169,-0.0000957730519686,-0.0000575217746928,-0.0000219381629538,-0.0000481332028555,-0.0000553459183088,-0.000145796590644,-0.000188768183108,-0.000280233365254,-0.00028319872789,-0.000486632713712,-0.00000707708018499,-0.0000234263568561,-0.000526415760504,-0.000116917292778,-0.000786971085831,-0.000435021438917,-0.000218941181162,-0.000307021376959,-0.000435021438917,-0.00062464202516,-0.000151900141468,-0.000277666060009,-0.000174757354297,-0.000113841041502,-0.0000523238648547,-0.000186480317238,-0.000170910214866,-0.00000195839045114,-0.0000196113716946,-0.0000234263568561,-0.0003787048691,-0.0000575217746928,-0.0000219381629538,-0.00013448269402,-0.000218941181162,-0.0000108649544712,-0.0000915078315726,-0.000341098859418,-0.0000170909375878,-0.000281647139357,-0.0000811751679173,-0.00000557116315436,-0.0000129024674926,-0.0000235653261091,-0.0000347026269818,-0.000114810682389,-0.0000107426819138,-0.0000105512195585,-0.000206453135406,-0.0000193479052921,-0.00142563361048,-0.0000179413078012,-0.000546047134473,0.000340826956861,-0.00032354266982,-0.0000384691158422,-0.000750039232983,-0.000216777272724,-0.0000673085349829,-0.0000539198391944,0.000466645602703,-0.0000561222941284,-0.00000557116315436,-0.000013952591317,-0.000214741536328,-0.00162504992446,0.000144732293054,-0.000307021376959,-0.0000446357467343,-0.000141330747936,-0.000160141874885,-0.0000681948790473,-0.000065250935374,-0.0000130172545285,-0.0000225860084511,-0.0000129024674926,-0.000103843528184,-0.000147623601632,-0.0000375417853746,-0.0000775542055571,-0.0000288488121747,-0.000013952591317,-0.0000371838497806,-0.00013347111693,-0.000147623601632,-0.000294480359664,-0.000281647139357,-0.0000179413078012,-0.00105463741094,-0.000281647139357,-0.0000155273369655
