Year,="Run 1: Sea Level.Total global sea level anomaly[1]",="Run 2: Sea Level.Total global sea level anomaly[1]",="Run 3: Sea Level.Total global sea level anomaly[1]",="Run 4: Sea Level.Total global sea level anomaly[1]",="Run 5: Sea Level.Total global sea level anomaly[1]",="Run 6: Sea Level.Total global sea level anomaly[1]",="Run 7: Sea Level.Total global sea level anomaly[1]",="Run 8: Sea Level.Total global sea level anomaly[1]",="Run 9: Sea Level.Total global sea level anomaly[1]",="Run 10: Sea Level.Total global sea level anomaly[1]",="Run 11: Sea Level.Total global sea level anomaly[1]",="Run 12: Sea Level.Total global sea level anomaly[1]",="Run 13: Sea Level.Total global sea level anomaly[1]",="Run 14: Sea Level.Total global sea level anomaly[1]",="Run 15: Sea Level.Total global sea level anomaly[1]",="Run 16: Sea Level.Total global sea level anomaly[1]",="Run 17: Sea Level.Total global sea level anomaly[1]",="Run 18: Sea Level.Total global sea level anomaly[1]",="Run 19: Sea Level.Total global sea level anomaly[1]",="Run 20: Sea Level.Total global sea level anomaly[1]",="Run 21: Sea Level.Total global sea level anomaly[1]",="Run 22: Sea Level.Total global sea level anomaly[1]",="Run 23: Sea Level.Total global sea level anomaly[1]",="Run 24: Sea Level.Total global sea level anomaly[1]",="Run 25: Sea Level.Total global sea level anomaly[1]",="Run 26: Sea Level.Total global sea level anomaly[1]",="Run 27: Sea Level.Total global sea level anomaly[1]",="Run 28: Sea Level.Total global sea level anomaly[1]",="Run 29: Sea Level.Total global sea level anomaly[1]",="Run 30: Sea Level.Total global sea level anomaly[1]",="Run 31: Sea Level.Total global sea level anomaly[1]",="Run 32: Sea Level.Total global sea level anomaly[1]",="Run 33: Sea Level.Total global sea level anomaly[1]",="Run 34: Sea Level.Total global sea level anomaly[1]",="Run 35: Sea Level.Total global sea level anomaly[1]",="Run 36: Sea Level.Total global sea level anomaly[1]",="Run 37: Sea Level.Total global sea level anomaly[1]",="Run 38: Sea Level.Total global sea level anomaly[1]",="Run 39: Sea Level.Total global sea level anomaly[1]",="Run 40: Sea Level.Total global sea level anomaly[1]",="Run 41: Sea Level.Total global sea level anomaly[1]",="Run 42: Sea Level.Total global sea level anomaly[1]",="Run 43: Sea Level.Total global sea level anomaly[1]",="Run 44: Sea Level.Total global sea level anomaly[1]",="Run 45: Sea Level.Total global sea level anomaly[1]",="Run 46: Sea Level.Total global sea level anomaly[1]",="Run 47: Sea Level.Total global sea level anomaly[1]",="Run 48: Sea Level.Total global sea level anomaly[1]",="Run 49: Sea Level.Total global sea level anomaly[1]",="Run 50: Sea Level.Total global sea level anomaly[1]",="Run 51: Sea Level.Total global sea level anomaly[1]",="Run 52: Sea Level.Total global sea level anomaly[1]",="Run 53: Sea Level.Total global sea level anomaly[1]",="Run 54: Sea Level.Total global sea level anomaly[1]",="Run 55: Sea Level.Total global sea level anomaly[1]",="Run 56: Sea Level.Total global sea level anomaly[1]",="Run 57: Sea Level.Total global sea level anomaly[1]",="Run 58: Sea Level.Total global sea level anomaly[1]",="Run 59: Sea Level.Total global sea level anomaly[1]",="Run 60: Sea Level.Total global sea level anomaly[1]",="Run 61: Sea Level.Total global sea level anomaly[1]",="Run 62: Sea Level.Total global sea level anomaly[1]",="Run 63: Sea Level.Total global sea level anomaly[1]",="Run 64: Sea Level.Total global sea level anomaly[1]",="Run 65: Sea Level.Total global sea level anomaly[1]",="Run 66: Sea Level.Total global sea level anomaly[1]",="Run 67: Sea Level.Total global sea level anomaly[1]",="Run 68: Sea Level.Total global sea level anomaly[1]",="Run 69: Sea Level.Total global sea level anomaly[1]",="Run 70: Sea Level.Total global sea level anomaly[1]",="Run 71: Sea Level.Total global sea level anomaly[1]",="Run 72: Sea Level.Total global sea level anomaly[1]",="Run 73: Sea Level.Total global sea level anomaly[1]",="Run 74: Sea Level.Total global sea level anomaly[1]",="Run 75: Sea Level.Total global sea level anomaly[1]",="Run 76: Sea Level.Total global sea level anomaly[1]",="Run 77: Sea Level.Total global sea level anomaly[1]",="Run 78: Sea Level.Total global sea level anomaly[1]",="Run 79: Sea Level.Total global sea level anomaly[1]",="Run 80: Sea Level.Total global sea level anomaly[1]",="Run 81: Sea Level.Total global sea level anomaly[1]",="Run 82: Sea Level.Total global sea level anomaly[1]",="Run 83: Sea Level.Total global sea level anomaly[1]",="Run 84: Sea Level.Total global sea level anomaly[1]",="Run 85: Sea Level.Total global sea level anomaly[1]",="Run 86: Sea Level.Total global sea level anomaly[1]",="Run 87: Sea Level.Total global sea level anomaly[1]",="Run 88: Sea Level.Total global sea level anomaly[1]",="Run 89: Sea Level.Total global sea level anomaly[1]",="Run 90: Sea Level.Total global sea level anomaly[1]",="Run 91: Sea Level.Total global sea level anomaly[1]",="Run 92: Sea Level.Total global sea level anomaly[1]",="Run 93: Sea Level.Total global sea level anomaly[1]",="Run 94: Sea Level.Total global sea level anomaly[1]",="Run 95: Sea Level.Total global sea level anomaly[1]",="Run 96: Sea Level.Total global sea level anomaly[1]",="Run 97: Sea Level.Total global sea level anomaly[1]",="Run 98: Sea Level.Total global sea level anomaly[1]",="Run 99: Sea Level.Total global sea level anomaly[1]",="Run 100: Sea Level.Total global sea level anomaly[1]"
1750,0,0,0,0,0,0,0,0,0,0,0,0,0,0,0,0,0,0,0,0,0,0,0,0,0,0,0,0,0,0,0,0,0,0,0,0,0,0,0,0,0,0,0,0,0,0,0,0,0,0,0,0,0,0,0,0,0,0,0,0,0,0,0,0,0,0,0,0,0,0,0,0,0,0,0,0,0,0,0,0,0,0,0,0,0,0,0,0,0,0,0,0,0,0,0,0,0,0,0,0
1751,-0.000151568226522,-0.000151568226522,-0.000151568226522,-0.000151568226522,-0.000151568226522,-0.000151568226522,-0.000151568226522,-0.000151568226522,-0.000151568226522,-0.000151568226522,-0.000151568226522,-0.000151568226522,-0.000151568226522,-0.000151568226522,-0.000151568226522,-0.000151568226522,-0.000151568226522,-0.000151568226522,-0.000151568226522,-0.000151568226522,-0.000151568226522,-0.000151568226522,-0.000151568226522,-0.000151568226522,-0.000151568226522,-0.000151568226522,-0.000151568226522,-0.000151568226522,-0.000151568226522,-0.000151568226522,-0.000151568226522,-0.000151568226522,-0.000151568226522,-0.000151568226522,-0.000151568226522,-0.000151568226522,-0.000151568226522,-0.000151568226522,-0.000151568226522,-0.000151568226522,-0.000151568226522,-0.000151568226522,-0.000151568226522,-0.000151568226522,-0.000151568226522,-0.000151568226522,-0.000151568226522,-0.000151568226522,-0.000151568226522,-0.000151568226522,-0.000151568226522,-0.000151568226522,-0.000151568226522,-0.000151568226522,-0.000151568226522,-0.000151568226522,-0.000151568226522,-0.000151568226522,-0.000151568226522,-0.000151568226522,-0.000151568226522,-0.000151568226522,-0.000151568226522,-0.000151568226522,-0.000151568226522,-0.000151568226522,-0.000151568226522,-0.000151568226522,-0.000151568226522,-0.000151568226522,-0.000151568226522,-0.000151568226522,-0.000151568226522,-0.000151568226522,-0.000151568226522,-0.000151568226522,-0.000151568226522,-0.000151568226522,-0.000151568226522,-0.000151568226522,-0.000151568226522,-0.000151568226522,-0.000151568226522,-0.000151568226522,-0.000151568226522,-0.000151568226522,-0.000151568226522,-0.000151568226522,-0.000151568226522,-0.000151568226522,-0.000151568226522,-0.000151568226522,-0.000151568226522,-0.000151568226522,-0.000151568226522,-0.000151568226522,-0.000151568226522,-0.000151568226522,-0.000151568226522,-0.000151568226522
1752,-0.000303798871289,-0.000303798871289,-0.000303798871289,-0.000303798871289,-0.000303798871289,-0.000303798871289,-0.000303798871289,-0.000303798871289,-0.000303798871289,-0.000303798871289,-0.000303798871289,-0.000303798871289,-0.000303798871289,-0.000303798871289,-0.000303798871289,-0.000303798871289,-0.000303798871289,-0.000303798871289,-0.000303798871289,-0.000303798871289,-0.000303798871289,-0.000303798871289,-0.000303798871289,-0.000303798871289,-0.000303798871289,-0.000303798871289,-0.000303798871289,-0.000303798871289,-0.000303798871289,-0.000303798871289,-0.000303798871289,-0.000303798871289,-0.000303798871289,-0.000303798871289,-0.000303798871289,-0.000303798871289,-0.000303798871289,-0.000303798871289,-0.000303798871289,-0.000303798871289,-0.000303798871289,-0.000303798871289,-0.000303798871289,-0.000303798871289,-0.000303798871289,-0.000303798871289,-0.000303798871289,-0.000303798871289,-0.000303798871289,-0.000303798871289,-0.000303798871289,-0.000303798871289,-0.000303798871289,-0.000303798871289,-0.000303798871289,-0.000303798871289,-0.000303798871289,-0.000303798871289,-0.000303798871289,-0.000303798871289,-0.000303798871289,-0.000303798871289,-0.000303798871289,-0.000303798871289,-0.000303798871289,-0.000303798871289,-0.000303798871289,-0.000303798871289,-0.000303798871289,-0.000303798871289,-0.000303798871289,-0.000303798871289,-0.000303798871289,-0.000303798871289,-0.000303798871289,-0.000303798871289,-0.000303798871289,-0.000303798871289,-0.000303798871289,-0.000303798871289,-0.000303798871289,-0.000303798871289,-0.000303798871289,-0.000303798871289,-0.000303798871289,-0.000303798871289,-0.000303798871289,-0.000303798871289,-0.000303798871289,-0.000303798871289,-0.000303798871289,-0.000303798871289,-0.000303798871289,-0.000303798871289,-0.000303798871289,-0.000303798871289,-0.000303798871289,-0.000303798871289,-0.000303798871289,-0.000303798871289
1753,-0.000456003633595,-0.000456003633595,-0.000456003633595,-0.000456003633595,-0.000456003633595,-0.000456003633595,-0.000456003633595,-0.000456003633595,-0.000456003633595,-0.000456003633595,-0.000456003633595,-0.000456003633595,-0.000456003633595,-0.000456003633595,-0.000456003633595,-0.000456003633595,-0.000456003633595,-0.000456003633595,-0.000456003633595,-0.000456003633595,-0.000456003633595,-0.000456003633595,-0.000456003633595,-0.000456003633595,-0.000456003633595,-0.000456003633595,-0.000456003633595,-0.000456003633595,-0.000456003633595,-0.000456003633595,-0.000456003633595,-0.000456003633595,-0.000456003633595,-0.000456003633595,-0.000456003633595,-0.000456003633595,-0.000456003633595,-0.000456003633595,-0.000456003633595,-0.000456003633595,-0.000456003633595,-0.000456003633595,-0.000456003633595,-0.000456003633595,-0.000456003633595,-0.000456003633595,-0.000456003633595,-0.000456003633595,-0.000456003633595,-0.000456003633595,-0.000456003633595,-0.000456003633595,-0.000456003633595,-0.000456003633595,-0.000456003633595,-0.000456003633595,-0.000456003633595,-0.000456003633595,-0.000456003633595,-0.000456003633595,-0.000456003633595,-0.000456003633595,-0.000456003633595,-0.000456003633595,-0.000456003633595,-0.000456003633595,-0.000456003633595,-0.000456003633595,-0.000456003633595,-0.000456003633595,-0.000456003633595,-0.000456003633595,-0.000456003633595,-0.000456003633595,-0.000456003633595,-0.000456003633595,-0.000456003633595,-0.000456003633595,-0.000456003633595,-0.000456003633595,-0.000456003633595,-0.000456003633595,-0.000456003633595,-0.000456003633595,-0.000456003633595,-0.000456003633595,-0.000456003633595,-0.000456003633595,-0.000456003633595,-0.000456003633595,-0.000456003633595,-0.000456003633595,-0.000456003633595,-0.000456003633595,-0.000456003633595,-0.000456003633595,-0.000456003633595,-0.000456003633595,-0.000456003633595,-0.000456003633595
1754,-0.00060818018496,-0.00060818018496,-0.00060818018496,-0.00060818018496,-0.00060818018496,-0.00060818018496,-0.00060818018496,-0.00060818018496,-0.00060818018496,-0.00060818018496,-0.00060818018496,-0.00060818018496,-0.00060818018496,-0.00060818018496,-0.00060818018496,-0.00060818018496,-0.00060818018496,-0.00060818018496,-0.00060818018496,-0.00060818018496,-0.00060818018496,-0.00060818018496,-0.00060818018496,-0.00060818018496,-0.00060818018496,-0.00060818018496,-0.00060818018496,-0.00060818018496,-0.00060818018496,-0.00060818018496,-0.00060818018496,-0.00060818018496,-0.00060818018496,-0.00060818018496,-0.00060818018496,-0.00060818018496,-0.00060818018496,-0.00060818018496,-0.00060818018496,-0.00060818018496,-0.00060818018496,-0.00060818018496,-0.00060818018496,-0.00060818018496,-0.00060818018496,-0.00060818018496,-0.00060818018496,-0.00060818018496,-0.00060818018496,-0.00060818018496,-0.00060818018496,-0.00060818018496,-0.00060818018496,-0.00060818018496,-0.00060818018496,-0.00060818018496,-0.00060818018496,-0.00060818018496,-0.00060818018496,-0.00060818018496,-0.00060818018496,-0.00060818018496,-0.00060818018496,-0.00060818018496,-0.00060818018496,-0.00060818018496,-0.00060818018496,-0.00060818018496,-0.00060818018496,-0.00060818018496,-0.00060818018496,-0.00060818018496,-0.00060818018496,-0.00060818018496,-0.00060818018496,-0.00060818018496,-0.00060818018496,-0.00060818018496,-0.00060818018496,-0.00060818018496,-0.00060818018496,-0.00060818018496,-0.00060818018496,-0.00060818018496,-0.00060818018496,-0.00060818018496,-0.00060818018496,-0.00060818018496,-0.00060818018496,-0.00060818018496,-0.00060818018496,-0.00060818018496,-0.00060818018496,-0.00060818018496,-0.00060818018496,-0.00060818018496,-0.00060818018496,-0.00060818018496,-0.00060818018496,-0.00060818018496
1755,-0.000760328522384,-0.000760328522384,-0.000760328522384,-0.000760328522384,-0.000760328522384,-0.000760328522384,-0.000760328522384,-0.000760328522384,-0.000760328522384,-0.000760328522384,-0.000760328522384,-0.000760328522384,-0.000760328522384,-0.000760328522384,-0.000760328522384,-0.000760328522384,-0.000760328522384,-0.000760328522384,-0.000760328522384,-0.000760328522384,-0.000760328522384,-0.000760328522384,-0.000760328522384,-0.000760328522384,-0.000760328522384,-0.000760328522384,-0.000760328522384,-0.000760328522384,-0.000760328522384,-0.000760328522384,-0.000760328522384,-0.000760328522384,-0.000760328522384,-0.000760328522384,-0.000760328522384,-0.000760328522384,-0.000760328522384,-0.000760328522384,-0.000760328522384,-0.000760328522384,-0.000760328522384,-0.000760328522384,-0.000760328522384,-0.000760328522384,-0.000760328522384,-0.000760328522384,-0.000760328522384,-0.000760328522384,-0.000760328522384,-0.000760328522384,-0.000760328522384,-0.000760328522384,-0.000760328522384,-0.000760328522384,-0.000760328522384,-0.000760328522384,-0.000760328522384,-0.000760328522384,-0.000760328522384,-0.000760328522384,-0.000760328522384,-0.000760328522384,-0.000760328522384,-0.000760328522384,-0.000760328522384,-0.000760328522384,-0.000760328522384,-0.000760328522384,-0.000760328522384,-0.000760328522384,-0.000760328522384,-0.000760328522384,-0.000760328522384,-0.000760328522384,-0.000760328522384,-0.000760328522384,-0.000760328522384,-0.000760328522384,-0.000760328522384,-0.000760328522384,-0.000760328522384,-0.000760328522384,-0.000760328522384,-0.000760328522384,-0.000760328522384,-0.000760328522384,-0.000760328522384,-0.000760328522384,-0.000760328522384,-0.000760328522384,-0.000760328522384,-0.000760328522384,-0.000760328522384,-0.000760328522384,-0.000760328522384,-0.000760328522384,-0.000760328522384,-0.000760328522384,-0.000760328522384,-0.000760328522384
1756,-0.000912448649327,-0.000912448649327,-0.000912448649327,-0.000912448649327,-0.000912448649327,-0.000912448649327,-0.000912448649327,-0.000912448649327,-0.000912448649327,-0.000912448649327,-0.000912448649327,-0.000912448649327,-0.000912448649327,-0.000912448649327,-0.000912448649327,-0.000912448649327,-0.000912448649327,-0.000912448649327,-0.000912448649327,-0.000912448649327,-0.000912448649327,-0.000912448649327,-0.000912448649327,-0.000912448649327,-0.000912448649327,-0.000912448649327,-0.000912448649327,-0.000912448649327,-0.000912448649327,-0.000912448649327,-0.000912448649327,-0.000912448649327,-0.000912448649327,-0.000912448649327,-0.000912448649327,-0.000912448649327,-0.000912448649327,-0.000912448649327,-0.000912448649327,-0.000912448649327,-0.000912448649327,-0.000912448649327,-0.000912448649327,-0.000912448649327,-0.000912448649327,-0.000912448649327,-0.000912448649327,-0.000912448649327,-0.000912448649327,-0.000912448649327,-0.000912448649327,-0.000912448649327,-0.000912448649327,-0.000912448649327,-0.000912448649327,-0.000912448649327,-0.000912448649327,-0.000912448649327,-0.000912448649327,-0.000912448649327,-0.000912448649327,-0.000912448649327,-0.000912448649327,-0.000912448649327,-0.000912448649327,-0.000912448649327,-0.000912448649327,-0.000912448649327,-0.000912448649327,-0.000912448649327,-0.000912448649327,-0.000912448649327,-0.000912448649327,-0.000912448649327,-0.000912448649327,-0.000912448649327,-0.000912448649327,-0.000912448649327,-0.000912448649327,-0.000912448649327,-0.000912448649327,-0.000912448649327,-0.000912448649327,-0.000912448649327,-0.000912448649327,-0.000912448649327,-0.000912448649327,-0.000912448649327,-0.000912448649327,-0.000912448649327,-0.000912448649327,-0.000912448649327,-0.000912448649327,-0.000912448649327,-0.000912448649327,-0.000912448649327,-0.000912448649327,-0.000912448649327,-0.000912448649327,-0.000912448649327
1757,-0.00106454056936,-0.00106454056936,-0.00106454056936,-0.00106454056936,-0.00106454056936,-0.00106454056936,-0.00106454056936,-0.00106454056936,-0.00106454056936,-0.00106454056936,-0.00106454056936,-0.00106454056936,-0.00106454056936,-0.00106454056936,-0.00106454056936,-0.00106454056936,-0.00106454056936,-0.00106454056936,-0.00106454056936,-0.00106454056936,-0.00106454056936,-0.00106454056936,-0.00106454056936,-0.00106454056936,-0.00106454056936,-0.00106454056936,-0.00106454056936,-0.00106454056936,-0.00106454056936,-0.00106454056936,-0.00106454056936,-0.00106454056936,-0.00106454056936,-0.00106454056936,-0.00106454056936,-0.00106454056936,-0.00106454056936,-0.00106454056936,-0.00106454056936,-0.00106454056936,-0.00106454056936,-0.00106454056936,-0.00106454056936,-0.00106454056936,-0.00106454056936,-0.00106454056936,-0.00106454056936,-0.00106454056936,-0.00106454056936,-0.00106454056936,-0.00106454056936,-0.00106454056936,-0.00106454056936,-0.00106454056936,-0.00106454056936,-0.00106454056936,-0.00106454056936,-0.00106454056936,-0.00106454056936,-0.00106454056936,-0.00106454056936,-0.00106454056936,-0.00106454056936,-0.00106454056936,-0.00106454056936,-0.00106454056936,-0.00106454056936,-0.00106454056936,-0.00106454056936,-0.00106454056936,-0.00106454056936,-0.00106454056936,-0.00106454056936,-0.00106454056936,-0.00106454056936,-0.00106454056936,-0.00106454056936,-0.00106454056936,-0.00106454056936,-0.00106454056936,-0.00106454056936,-0.00106454056936,-0.00106454056936,-0.00106454056936,-0.00106454056936,-0.00106454056936,-0.00106454056936,-0.00106454056936,-0.00106454056936,-0.00106454056936,-0.00106454056936,-0.00106454056936,-0.00106454056936,-0.00106454056936,-0.00106454056936,-0.00106454056936,-0.00106454056936,-0.00106454056936,-0.00106454056936,-0.00106454056936
1758,-0.00121660428597,-0.00121660428597,-0.00121660428597,-0.00121660428597,-0.00121660428597,-0.00121660428597,-0.00121660428597,-0.00121660428597,-0.00121660428597,-0.00121660428597,-0.00121660428597,-0.00121660428597,-0.00121660428597,-0.00121660428597,-0.00121660428597,-0.00121660428597,-0.00121660428597,-0.00121660428597,-0.00121660428597,-0.00121660428597,-0.00121660428597,-0.00121660428597,-0.00121660428597,-0.00121660428597,-0.00121660428597,-0.00121660428597,-0.00121660428597,-0.00121660428597,-0.00121660428597,-0.00121660428597,-0.00121660428597,-0.00121660428597,-0.00121660428597,-0.00121660428597,-0.00121660428597,-0.00121660428597,-0.00121660428597,-0.00121660428597,-0.00121660428597,-0.00121660428597,-0.00121660428597,-0.00121660428597,-0.00121660428597,-0.00121660428597,-0.00121660428597,-0.00121660428597,-0.00121660428597,-0.00121660428597,-0.00121660428597,-0.00121660428597,-0.00121660428597,-0.00121660428597,-0.00121660428597,-0.00121660428597,-0.00121660428597,-0.00121660428597,-0.00121660428597,-0.00121660428597,-0.00121660428597,-0.00121660428597,-0.00121660428597,-0.00121660428597,-0.00121660428597,-0.00121660428597,-0.00121660428597,-0.00121660428597,-0.00121660428597,-0.00121660428597,-0.00121660428597,-0.00121660428597,-0.00121660428597,-0.00121660428597,-0.00121660428597,-0.00121660428597,-0.00121660428597,-0.00121660428597,-0.00121660428597,-0.00121660428597,-0.00121660428597,-0.00121660428597,-0.00121660428597,-0.00121660428597,-0.00121660428597,-0.00121660428597,-0.00121660428597,-0.00121660428597,-0.00121660428597,-0.00121660428597,-0.00121660428597,-0.00121660428597,-0.00121660428597,-0.00121660428597,-0.00121660428597,-0.00121660428597,-0.00121660428597,-0.00121660428597,-0.00121660428597,-0.00121660428597,-0.00121660428597,-0.00121660428597
1759,-0.00136863980266,-0.00136863980266,-0.00136863980266,-0.00136863980266,-0.00136863980266,-0.00136863980266,-0.00136863980266,-0.00136863980266,-0.00136863980266,-0.00136863980266,-0.00136863980266,-0.00136863980266,-0.00136863980266,-0.00136863980266,-0.00136863980266,-0.00136863980266,-0.00136863980266,-0.00136863980266,-0.00136863980266,-0.00136863980266,-0.00136863980266,-0.00136863980266,-0.00136863980266,-0.00136863980266,-0.00136863980266,-0.00136863980266,-0.00136863980266,-0.00136863980266,-0.00136863980266,-0.00136863980266,-0.00136863980266,-0.00136863980266,-0.00136863980266,-0.00136863980266,-0.00136863980266,-0.00136863980266,-0.00136863980266,-0.00136863980266,-0.00136863980266,-0.00136863980266,-0.00136863980266,-0.00136863980266,-0.00136863980266,-0.00136863980266,-0.00136863980266,-0.00136863980266,-0.00136863980266,-0.00136863980266,-0.00136863980266,-0.00136863980266,-0.00136863980266,-0.00136863980266,-0.00136863980266,-0.00136863980266,-0.00136863980266,-0.00136863980266,-0.00136863980266,-0.00136863980266,-0.00136863980266,-0.00136863980266,-0.00136863980266,-0.00136863980266,-0.00136863980266,-0.00136863980266,-0.00136863980266,-0.00136863980266,-0.00136863980266,-0.00136863980266,-0.00136863980266,-0.00136863980266,-0.00136863980266,-0.00136863980266,-0.00136863980266,-0.00136863980266,-0.00136863980266,-0.00136863980266,-0.00136863980266,-0.00136863980266,-0.00136863980266,-0.00136863980266,-0.00136863980266,-0.00136863980266,-0.00136863980266,-0.00136863980266,-0.00136863980266,-0.00136863980266,-0.00136863980266,-0.00136863980266,-0.00136863980266,-0.00136863980266,-0.00136863980266,-0.00136863980266,-0.00136863980266,-0.00136863980266,-0.00136863980266,-0.00136863980266,-0.00136863980266,-0.00136863980266,-0.00136863980266,-0.00136863980266
1760,-0.00152064712301,-0.00152064712301,-0.00152064712301,-0.00152064712301,-0.00152064712301,-0.00152064712301,-0.00152064712301,-0.00152064712301,-0.00152064712301,-0.00152064712301,-0.00152064712301,-0.00152064712301,-0.00152064712301,-0.00152064712301,-0.00152064712301,-0.00152064712301,-0.00152064712301,-0.00152064712301,-0.00152064712301,-0.00152064712301,-0.00152064712301,-0.00152064712301,-0.00152064712301,-0.00152064712301,-0.00152064712301,-0.00152064712301,-0.00152064712301,-0.00152064712301,-0.00152064712301,-0.00152064712301,-0.00152064712301,-0.00152064712301,-0.00152064712301,-0.00152064712301,-0.00152064712301,-0.00152064712301,-0.00152064712301,-0.00152064712301,-0.00152064712301,-0.00152064712301,-0.00152064712301,-0.00152064712301,-0.00152064712301,-0.00152064712301,-0.00152064712301,-0.00152064712301,-0.00152064712301,-0.00152064712301,-0.00152064712301,-0.00152064712301,-0.00152064712301,-0.00152064712301,-0.00152064712301,-0.00152064712301,-0.00152064712301,-0.00152064712301,-0.00152064712301,-0.00152064712301,-0.00152064712301,-0.00152064712301,-0.00152064712301,-0.00152064712301,-0.00152064712301,-0.00152064712301,-0.00152064712301,-0.00152064712301,-0.00152064712301,-0.00152064712301,-0.00152064712301,-0.00152064712301,-0.00152064712301,-0.00152064712301,-0.00152064712301,-0.00152064712301,-0.00152064712301,-0.00152064712301,-0.00152064712301,-0.00152064712301,-0.00152064712301,-0.00152064712301,-0.00152064712301,-0.00152064712301,-0.00152064712301,-0.00152064712301,-0.00152064712301,-0.00152064712301,-0.00152064712301,-0.00152064712301,-0.00152064712301,-0.00152064712301,-0.00152064712301,-0.00152064712301,-0.00152064712301,-0.00152064712301,-0.00152064712301,-0.00152064712301,-0.00152064712301,-0.00152064712301,-0.00152064712301,-0.00152064712301
1761,-0.00167262625051,-0.00167262625051,-0.00167262625051,-0.00167262625051,-0.00167262625051,-0.00167262625051,-0.00167262625051,-0.00167262625051,-0.00167262625051,-0.00167262625051,-0.00167262625051,-0.00167262625051,-0.00167262625051,-0.00167262625051,-0.00167262625051,-0.00167262625051,-0.00167262625051,-0.00167262625051,-0.00167262625051,-0.00167262625051,-0.00167262625051,-0.00167262625051,-0.00167262625051,-0.00167262625051,-0.00167262625051,-0.00167262625051,-0.00167262625051,-0.00167262625051,-0.00167262625051,-0.00167262625051,-0.00167262625051,-0.00167262625051,-0.00167262625051,-0.00167262625051,-0.00167262625051,-0.00167262625051,-0.00167262625051,-0.00167262625051,-0.00167262625051,-0.00167262625051,-0.00167262625051,-0.00167262625051,-0.00167262625051,-0.00167262625051,-0.00167262625051,-0.00167262625051,-0.00167262625051,-0.00167262625051,-0.00167262625051,-0.00167262625051,-0.00167262625051,-0.00167262625051,-0.00167262625051,-0.00167262625051,-0.00167262625051,-0.00167262625051,-0.00167262625051,-0.00167262625051,-0.00167262625051,-0.00167262625051,-0.00167262625051,-0.00167262625051,-0.00167262625051,-0.00167262625051,-0.00167262625051,-0.00167262625051,-0.00167262625051,-0.00167262625051,-0.00167262625051,-0.00167262625051,-0.00167262625051,-0.00167262625051,-0.00167262625051,-0.00167262625051,-0.00167262625051,-0.00167262625051,-0.00167262625051,-0.00167262625051,-0.00167262625051,-0.00167262625051,-0.00167262625051,-0.00167262625051,-0.00167262625051,-0.00167262625051,-0.00167262625051,-0.00167262625051,-0.00167262625051,-0.00167262625051,-0.00167262625051,-0.00167262625051,-0.00167262625051,-0.00167262625051,-0.00167262625051,-0.00167262625051,-0.00167262625051,-0.00167262625051,-0.00167262625051,-0.00167262625051,-0.00167262625051,-0.00167262625051
1762,-0.00182457718866,-0.00182457718866,-0.00182457718866,-0.00182457718866,-0.00182457718866,-0.00182457718866,-0.00182457718866,-0.00182457718866,-0.00182457718866,-0.00182457718866,-0.00182457718866,-0.00182457718866,-0.00182457718866,-0.00182457718866,-0.00182457718866,-0.00182457718866,-0.00182457718866,-0.00182457718866,-0.00182457718866,-0.00182457718866,-0.00182457718866,-0.00182457718866,-0.00182457718866,-0.00182457718866,-0.00182457718866,-0.00182457718866,-0.00182457718866,-0.00182457718866,-0.00182457718866,-0.00182457718866,-0.00182457718866,-0.00182457718866,-0.00182457718866,-0.00182457718866,-0.00182457718866,-0.00182457718866,-0.00182457718866,-0.00182457718866,-0.00182457718866,-0.00182457718866,-0.00182457718866,-0.00182457718866,-0.00182457718866,-0.00182457718866,-0.00182457718866,-0.00182457718866,-0.00182457718866,-0.00182457718866,-0.00182457718866,-0.00182457718866,-0.00182457718866,-0.00182457718866,-0.00182457718866,-0.00182457718866,-0.00182457718866,-0.00182457718866,-0.00182457718866,-0.00182457718866,-0.00182457718866,-0.00182457718866,-0.00182457718866,-0.00182457718866,-0.00182457718866,-0.00182457718866,-0.00182457718866,-0.00182457718866,-0.00182457718866,-0.00182457718866,-0.00182457718866,-0.00182457718866,-0.00182457718866,-0.00182457718866,-0.00182457718866,-0.00182457718866,-0.00182457718866,-0.00182457718866,-0.00182457718866,-0.00182457718866,-0.00182457718866,-0.00182457718866,-0.00182457718866,-0.00182457718866,-0.00182457718866,-0.00182457718866,-0.00182457718866,-0.00182457718866,-0.00182457718866,-0.00182457718866,-0.00182457718866,-0.00182457718866,-0.00182457718866,-0.00182457718866,-0.00182457718866,-0.00182457718866,-0.00182457718866,-0.00182457718866,-0.00182457718866,-0.00182457718866,-0.00182457718866,-0.00182457718866
1763,-0.00197649994099,-0.00197649994099,-0.00197649994099,-0.00197649994099,-0.00197649994099,-0.00197649994099,-0.00197649994099,-0.00197649994099,-0.00197649994099,-0.00197649994099,-0.00197649994099,-0.00197649994099,-0.00197649994099,-0.00197649994099,-0.00197649994099,-0.00197649994099,-0.00197649994099,-0.00197649994099,-0.00197649994099,-0.00197649994099,-0.00197649994099,-0.00197649994099,-0.00197649994099,-0.00197649994099,-0.00197649994099,-0.00197649994099,-0.00197649994099,-0.00197649994099,-0.00197649994099,-0.00197649994099,-0.00197649994099,-0.00197649994099,-0.00197649994099,-0.00197649994099,-0.00197649994099,-0.00197649994099,-0.00197649994099,-0.00197649994099,-0.00197649994099,-0.00197649994099,-0.00197649994099,-0.00197649994099,-0.00197649994099,-0.00197649994099,-0.00197649994099,-0.00197649994099,-0.00197649994099,-0.00197649994099,-0.00197649994099,-0.00197649994099,-0.00197649994099,-0.00197649994099,-0.00197649994099,-0.00197649994099,-0.00197649994099,-0.00197649994099,-0.00197649994099,-0.00197649994099,-0.00197649994099,-0.00197649994099,-0.00197649994099,-0.00197649994099,-0.00197649994099,-0.00197649994099,-0.00197649994099,-0.00197649994099,-0.00197649994099,-0.00197649994099,-0.00197649994099,-0.00197649994099,-0.00197649994099,-0.00197649994099,-0.00197649994099,-0.00197649994099,-0.00197649994099,-0.00197649994099,-0.00197649994099,-0.00197649994099,-0.00197649994099,-0.00197649994099,-0.00197649994099,-0.00197649994099,-0.00197649994099,-0.00197649994099,-0.00197649994099,-0.00197649994099,-0.00197649994099,-0.00197649994099,-0.00197649994099,-0.00197649994099,-0.00197649994099,-0.00197649994099,-0.00197649994099,-0.00197649994099,-0.00197649994099,-0.00197649994099,-0.00197649994099,-0.00197649994099,-0.00197649994099,-0.00197649994099
1764,-0.00212839451104,-0.00212839451104,-0.00212839451104,-0.00212839451104,-0.00212839451104,-0.00212839451104,-0.00212839451104,-0.00212839451104,-0.00212839451104,-0.00212839451104,-0.00212839451104,-0.00212839451104,-0.00212839451104,-0.00212839451104,-0.00212839451104,-0.00212839451104,-0.00212839451104,-0.00212839451104,-0.00212839451104,-0.00212839451104,-0.00212839451104,-0.00212839451104,-0.00212839451104,-0.00212839451104,-0.00212839451104,-0.00212839451104,-0.00212839451104,-0.00212839451104,-0.00212839451104,-0.00212839451104,-0.00212839451104,-0.00212839451104,-0.00212839451104,-0.00212839451104,-0.00212839451104,-0.00212839451104,-0.00212839451104,-0.00212839451104,-0.00212839451104,-0.00212839451104,-0.00212839451104,-0.00212839451104,-0.00212839451104,-0.00212839451104,-0.00212839451104,-0.00212839451104,-0.00212839451104,-0.00212839451104,-0.00212839451104,-0.00212839451104,-0.00212839451104,-0.00212839451104,-0.00212839451104,-0.00212839451104,-0.00212839451104,-0.00212839451104,-0.00212839451104,-0.00212839451104,-0.00212839451104,-0.00212839451104,-0.00212839451104,-0.00212839451104,-0.00212839451104,-0.00212839451104,-0.00212839451104,-0.00212839451104,-0.00212839451104,-0.00212839451104,-0.00212839451104,-0.00212839451104,-0.00212839451104,-0.00212839451104,-0.00212839451104,-0.00212839451104,-0.00212839451104,-0.00212839451104,-0.00212839451104,-0.00212839451104,-0.00212839451104,-0.00212839451104,-0.00212839451104,-0.00212839451104,-0.00212839451104,-0.00212839451104,-0.00212839451104,-0.00212839451104,-0.00212839451104,-0.00212839451104,-0.00212839451104,-0.00212839451104,-0.00212839451104,-0.00212839451104,-0.00212839451104,-0.00212839451104,-0.00212839451104,-0.00212839451104,-0.00212839451104,-0.00212839451104,-0.00212839451104,-0.00212839451104
1765,-0.00228026090234,-0.00228026090234,-0.00228026090234,-0.00228026090234,-0.00228026090234,-0.00228026090234,-0.00228026090234,-0.00228026090234,-0.00228026090234,-0.00228026090234,-0.00228026090234,-0.00228026090234,-0.00228026090234,-0.00228026090234,-0.00228026090234,-0.00228026090234,-0.00228026090234,-0.00228026090234,-0.00228026090234,-0.00228026090234,-0.00228026090234,-0.00228026090234,-0.00228026090234,-0.00228026090234,-0.00228026090234,-0.00228026090234,-0.00228026090234,-0.00228026090234,-0.00228026090234,-0.00228026090234,-0.00228026090234,-0.00228026090234,-0.00228026090234,-0.00228026090234,-0.00228026090234,-0.00228026090234,-0.00228026090234,-0.00228026090234,-0.00228026090234,-0.00228026090234,-0.00228026090234,-0.00228026090234,-0.00228026090234,-0.00228026090234,-0.00228026090234,-0.00228026090234,-0.00228026090234,-0.00228026090234,-0.00228026090234,-0.00228026090234,-0.00228026090234,-0.00228026090234,-0.00228026090234,-0.00228026090234,-0.00228026090234,-0.00228026090234,-0.00228026090234,-0.00228026090234,-0.00228026090234,-0.00228026090234,-0.00228026090234,-0.00228026090234,-0.00228026090234,-0.00228026090234,-0.00228026090234,-0.00228026090234,-0.00228026090234,-0.00228026090234,-0.00228026090234,-0.00228026090234,-0.00228026090234,-0.00228026090234,-0.00228026090234,-0.00228026090234,-0.00228026090234,-0.00228026090234,-0.00228026090234,-0.00228026090234,-0.00228026090234,-0.00228026090234,-0.00228026090234,-0.00228026090234,-0.00228026090234,-0.00228026090234,-0.00228026090234,-0.00228026090234,-0.00228026090234,-0.00228026090234,-0.00228026090234,-0.00228026090234,-0.00228026090234,-0.00228026090234,-0.00228026090234,-0.00228026090234,-0.00228026090234,-0.00228026090234,-0.00228026090234,-0.00228026090234,-0.00228026090234,-0.00228026090234
1766,-0.0024320991184,-0.0024320991184,-0.0024320991184,-0.0024320991184,-0.0024320991184,-0.0024320991184,-0.0024320991184,-0.0024320991184,-0.0024320991184,-0.0024320991184,-0.0024320991184,-0.0024320991184,-0.0024320991184,-0.0024320991184,-0.0024320991184,-0.0024320991184,-0.0024320991184,-0.0024320991184,-0.0024320991184,-0.0024320991184,-0.0024320991184,-0.0024320991184,-0.0024320991184,-0.0024320991184,-0.0024320991184,-0.0024320991184,-0.0024320991184,-0.0024320991184,-0.0024320991184,-0.0024320991184,-0.0024320991184,-0.0024320991184,-0.0024320991184,-0.0024320991184,-0.0024320991184,-0.0024320991184,-0.0024320991184,-0.0024320991184,-0.0024320991184,-0.0024320991184,-0.0024320991184,-0.0024320991184,-0.0024320991184,-0.0024320991184,-0.0024320991184,-0.0024320991184,-0.0024320991184,-0.0024320991184,-0.0024320991184,-0.0024320991184,-0.0024320991184,-0.0024320991184,-0.0024320991184,-0.0024320991184,-0.0024320991184,-0.0024320991184,-0.0024320991184,-0.0024320991184,-0.0024320991184,-0.0024320991184,-0.0024320991184,-0.0024320991184,-0.0024320991184,-0.0024320991184,-0.0024320991184,-0.0024320991184,-0.0024320991184,-0.0024320991184,-0.0024320991184,-0.0024320991184,-0.0024320991184,-0.0024320991184,-0.0024320991184,-0.0024320991184,-0.0024320991184,-0.0024320991184,-0.0024320991184,-0.0024320991184,-0.0024320991184,-0.0024320991184,-0.0024320991184,-0.0024320991184,-0.0024320991184,-0.0024320991184,-0.0024320991184,-0.0024320991184,-0.0024320991184,-0.0024320991184,-0.0024320991184,-0.0024320991184,-0.0024320991184,-0.0024320991184,-0.0024320991184,-0.0024320991184,-0.0024320991184,-0.0024320991184,-0.0024320991184,-0.0024320991184,-0.0024320991184,-0.0024320991184
1767,-0.00258390916273,-0.00258390916273,-0.00258390916273,-0.00258390916273,-0.00258390916273,-0.00258390916273,-0.00258390916273,-0.00258390916273,-0.00258390916273,-0.00258390916273,-0.00258390916273,-0.00258390916273,-0.00258390916273,-0.00258390916273,-0.00258390916273,-0.00258390916273,-0.00258390916273,-0.00258390916273,-0.00258390916273,-0.00258390916273,-0.00258390916273,-0.00258390916273,-0.00258390916273,-0.00258390916273,-0.00258390916273,-0.00258390916273,-0.00258390916273,-0.00258390916273,-0.00258390916273,-0.00258390916273,-0.00258390916273,-0.00258390916273,-0.00258390916273,-0.00258390916273,-0.00258390916273,-0.00258390916273,-0.00258390916273,-0.00258390916273,-0.00258390916273,-0.00258390916273,-0.00258390916273,-0.00258390916273,-0.00258390916273,-0.00258390916273,-0.00258390916273,-0.00258390916273,-0.00258390916273,-0.00258390916273,-0.00258390916273,-0.00258390916273,-0.00258390916273,-0.00258390916273,-0.00258390916273,-0.00258390916273,-0.00258390916273,-0.00258390916273,-0.00258390916273,-0.00258390916273,-0.00258390916273,-0.00258390916273,-0.00258390916273,-0.00258390916273,-0.00258390916273,-0.00258390916273,-0.00258390916273,-0.00258390916273,-0.00258390916273,-0.00258390916273,-0.00258390916273,-0.00258390916273,-0.00258390916273,-0.00258390916273,-0.00258390916273,-0.00258390916273,-0.00258390916273,-0.00258390916273,-0.00258390916273,-0.00258390916273,-0.00258390916273,-0.00258390916273,-0.00258390916273,-0.00258390916273,-0.00258390916273,-0.00258390916273,-0.00258390916273,-0.00258390916273,-0.00258390916273,-0.00258390916273,-0.00258390916273,-0.00258390916273,-0.00258390916273,-0.00258390916273,-0.00258390916273,-0.00258390916273,-0.00258390916273,-0.00258390916273,-0.00258390916273,-0.00258390916273,-0.00258390916273,-0.00258390916273
1768,-0.00273569103888,-0.00273569103888,-0.00273569103888,-0.00273569103888,-0.00273569103888,-0.00273569103888,-0.00273569103888,-0.00273569103888,-0.00273569103888,-0.00273569103888,-0.00273569103888,-0.00273569103888,-0.00273569103888,-0.00273569103888,-0.00273569103888,-0.00273569103888,-0.00273569103888,-0.00273569103888,-0.00273569103888,-0.00273569103888,-0.00273569103888,-0.00273569103888,-0.00273569103888,-0.00273569103888,-0.00273569103888,-0.00273569103888,-0.00273569103888,-0.00273569103888,-0.00273569103888,-0.00273569103888,-0.00273569103888,-0.00273569103888,-0.00273569103888,-0.00273569103888,-0.00273569103888,-0.00273569103888,-0.00273569103888,-0.00273569103888,-0.00273569103888,-0.00273569103888,-0.00273569103888,-0.00273569103888,-0.00273569103888,-0.00273569103888,-0.00273569103888,-0.00273569103888,-0.00273569103888,-0.00273569103888,-0.00273569103888,-0.00273569103888,-0.00273569103888,-0.00273569103888,-0.00273569103888,-0.00273569103888,-0.00273569103888,-0.00273569103888,-0.00273569103888,-0.00273569103888,-0.00273569103888,-0.00273569103888,-0.00273569103888,-0.00273569103888,-0.00273569103888,-0.00273569103888,-0.00273569103888,-0.00273569103888,-0.00273569103888,-0.00273569103888,-0.00273569103888,-0.00273569103888,-0.00273569103888,-0.00273569103888,-0.00273569103888,-0.00273569103888,-0.00273569103888,-0.00273569103888,-0.00273569103888,-0.00273569103888,-0.00273569103888,-0.00273569103888,-0.00273569103888,-0.00273569103888,-0.00273569103888,-0.00273569103888,-0.00273569103888,-0.00273569103888,-0.00273569103888,-0.00273569103888,-0.00273569103888,-0.00273569103888,-0.00273569103888,-0.00273569103888,-0.00273569103888,-0.00273569103888,-0.00273569103888,-0.00273569103888,-0.00273569103888,-0.00273569103888,-0.00273569103888,-0.00273569103888
1769,-0.00288744475038,-0.00288744475038,-0.00288744475038,-0.00288744475038,-0.00288744475038,-0.00288744475038,-0.00288744475038,-0.00288744475038,-0.00288744475038,-0.00288744475038,-0.00288744475038,-0.00288744475038,-0.00288744475038,-0.00288744475038,-0.00288744475038,-0.00288744475038,-0.00288744475038,-0.00288744475038,-0.00288744475038,-0.00288744475038,-0.00288744475038,-0.00288744475038,-0.00288744475038,-0.00288744475038,-0.00288744475038,-0.00288744475038,-0.00288744475038,-0.00288744475038,-0.00288744475038,-0.00288744475038,-0.00288744475038,-0.00288744475038,-0.00288744475038,-0.00288744475038,-0.00288744475038,-0.00288744475038,-0.00288744475038,-0.00288744475038,-0.00288744475038,-0.00288744475038,-0.00288744475038,-0.00288744475038,-0.00288744475038,-0.00288744475038,-0.00288744475038,-0.00288744475038,-0.00288744475038,-0.00288744475038,-0.00288744475038,-0.00288744475038,-0.00288744475038,-0.00288744475038,-0.00288744475038,-0.00288744475038,-0.00288744475038,-0.00288744475038,-0.00288744475038,-0.00288744475038,-0.00288744475038,-0.00288744475038,-0.00288744475038,-0.00288744475038,-0.00288744475038,-0.00288744475038,-0.00288744475038,-0.00288744475038,-0.00288744475038,-0.00288744475038,-0.00288744475038,-0.00288744475038,-0.00288744475038,-0.00288744475038,-0.00288744475038,-0.00288744475038,-0.00288744475038,-0.00288744475038,-0.00288744475038,-0.00288744475038,-0.00288744475038,-0.00288744475038,-0.00288744475038,-0.00288744475038,-0.00288744475038,-0.00288744475038,-0.00288744475038,-0.00288744475038,-0.00288744475038,-0.00288744475038,-0.00288744475038,-0.00288744475038,-0.00288744475038,-0.00288744475038,-0.00288744475038,-0.00288744475038,-0.00288744475038,-0.00288744475038,-0.00288744475038,-0.00288744475038,-0.00288744475038,-0.00288744475038
1770,-0.00303917030071,-0.00303917030071,-0.00303917030071,-0.00303917030071,-0.00303917030071,-0.00303917030071,-0.00303917030071,-0.00303917030071,-0.00303917030071,-0.00303917030071,-0.00303917030071,-0.00303917030071,-0.00303917030071,-0.00303917030071,-0.00303917030071,-0.00303917030071,-0.00303917030071,-0.00303917030071,-0.00303917030071,-0.00303917030071,-0.00303917030071,-0.00303917030071,-0.00303917030071,-0.00303917030071,-0.00303917030071,-0.00303917030071,-0.00303917030071,-0.00303917030071,-0.00303917030071,-0.00303917030071,-0.00303917030071,-0.00303917030071,-0.00303917030071,-0.00303917030071,-0.00303917030071,-0.00303917030071,-0.00303917030071,-0.00303917030071,-0.00303917030071,-0.00303917030071,-0.00303917030071,-0.00303917030071,-0.00303917030071,-0.00303917030071,-0.00303917030071,-0.00303917030071,-0.00303917030071,-0.00303917030071,-0.00303917030071,-0.00303917030071,-0.00303917030071,-0.00303917030071,-0.00303917030071,-0.00303917030071,-0.00303917030071,-0.00303917030071,-0.00303917030071,-0.00303917030071,-0.00303917030071,-0.00303917030071,-0.00303917030071,-0.00303917030071,-0.00303917030071,-0.00303917030071,-0.00303917030071,-0.00303917030071,-0.00303917030071,-0.00303917030071,-0.00303917030071,-0.00303917030071,-0.00303917030071,-0.00303917030071,-0.00303917030071,-0.00303917030071,-0.00303917030071,-0.00303917030071,-0.00303917030071,-0.00303917030071,-0.00303917030071,-0.00303917030071,-0.00303917030071,-0.00303917030071,-0.00303917030071,-0.00303917030071,-0.00303917030071,-0.00303917030071,-0.00303917030071,-0.00303917030071,-0.00303917030071,-0.00303917030071,-0.00303917030071,-0.00303917030071,-0.00303917030071,-0.00303917030071,-0.00303917030071,-0.00303917030071,-0.00303917030071,-0.00303917030071,-0.00303917030071,-0.00303917030071
1771,-0.00319086769343,-0.00319086769343,-0.00319086769343,-0.00319086769343,-0.00319086769343,-0.00319086769343,-0.00319086769343,-0.00319086769343,-0.00319086769343,-0.00319086769343,-0.00319086769343,-0.00319086769343,-0.00319086769343,-0.00319086769343,-0.00319086769343,-0.00319086769343,-0.00319086769343,-0.00319086769343,-0.00319086769343,-0.00319086769343,-0.00319086769343,-0.00319086769343,-0.00319086769343,-0.00319086769343,-0.00319086769343,-0.00319086769343,-0.00319086769343,-0.00319086769343,-0.00319086769343,-0.00319086769343,-0.00319086769343,-0.00319086769343,-0.00319086769343,-0.00319086769343,-0.00319086769343,-0.00319086769343,-0.00319086769343,-0.00319086769343,-0.00319086769343,-0.00319086769343,-0.00319086769343,-0.00319086769343,-0.00319086769343,-0.00319086769343,-0.00319086769343,-0.00319086769343,-0.00319086769343,-0.00319086769343,-0.00319086769343,-0.00319086769343,-0.00319086769343,-0.00319086769343,-0.00319086769343,-0.00319086769343,-0.00319086769343,-0.00319086769343,-0.00319086769343,-0.00319086769343,-0.00319086769343,-0.00319086769343,-0.00319086769343,-0.00319086769343,-0.00319086769343,-0.00319086769343,-0.00319086769343,-0.00319086769343,-0.00319086769343,-0.00319086769343,-0.00319086769343,-0.00319086769343,-0.00319086769343,-0.00319086769343,-0.00319086769343,-0.00319086769343,-0.00319086769343,-0.00319086769343,-0.00319086769343,-0.00319086769343,-0.00319086769343,-0.00319086769343,-0.00319086769343,-0.00319086769343,-0.00319086769343,-0.00319086769343,-0.00319086769343,-0.00319086769343,-0.00319086769343,-0.00319086769343,-0.00319086769343,-0.00319086769343,-0.00319086769343,-0.00319086769343,-0.00319086769343,-0.00319086769343,-0.00319086769343,-0.00319086769343,-0.00319086769343,-0.00319086769343,-0.00319086769343,-0.00319086769343
1772,-0.00334253693208,-0.00334253693208,-0.00334253693208,-0.00334253693208,-0.00334253693208,-0.00334253693208,-0.00334253693208,-0.00334253693208,-0.00334253693208,-0.00334253693208,-0.00334253693208,-0.00334253693208,-0.00334253693208,-0.00334253693208,-0.00334253693208,-0.00334253693208,-0.00334253693208,-0.00334253693208,-0.00334253693208,-0.00334253693208,-0.00334253693208,-0.00334253693208,-0.00334253693208,-0.00334253693208,-0.00334253693208,-0.00334253693208,-0.00334253693208,-0.00334253693208,-0.00334253693208,-0.00334253693208,-0.00334253693208,-0.00334253693208,-0.00334253693208,-0.00334253693208,-0.00334253693208,-0.00334253693208,-0.00334253693208,-0.00334253693208,-0.00334253693208,-0.00334253693208,-0.00334253693208,-0.00334253693208,-0.00334253693208,-0.00334253693208,-0.00334253693208,-0.00334253693208,-0.00334253693208,-0.00334253693208,-0.00334253693208,-0.00334253693208,-0.00334253693208,-0.00334253693208,-0.00334253693208,-0.00334253693208,-0.00334253693208,-0.00334253693208,-0.00334253693208,-0.00334253693208,-0.00334253693208,-0.00334253693208,-0.00334253693208,-0.00334253693208,-0.00334253693208,-0.00334253693208,-0.00334253693208,-0.00334253693208,-0.00334253693208,-0.00334253693208,-0.00334253693208,-0.00334253693208,-0.00334253693208,-0.00334253693208,-0.00334253693208,-0.00334253693208,-0.00334253693208,-0.00334253693208,-0.00334253693208,-0.00334253693208,-0.00334253693208,-0.00334253693208,-0.00334253693208,-0.00334253693208,-0.00334253693208,-0.00334253693208,-0.00334253693208,-0.00334253693208,-0.00334253693208,-0.00334253693208,-0.00334253693208,-0.00334253693208,-0.00334253693208,-0.00334253693208,-0.00334253693208,-0.00334253693208,-0.00334253693208,-0.00334253693208,-0.00334253693208,-0.00334253693208,-0.00334253693208,-0.00334253693208
1773,-0.00349417802016,-0.00349417802016,-0.00349417802016,-0.00349417802016,-0.00349417802016,-0.00349417802016,-0.00349417802016,-0.00349417802016,-0.00349417802016,-0.00349417802016,-0.00349417802016,-0.00349417802016,-0.00349417802016,-0.00349417802016,-0.00349417802016,-0.00349417802016,-0.00349417802016,-0.00349417802016,-0.00349417802016,-0.00349417802016,-0.00349417802016,-0.00349417802016,-0.00349417802016,-0.00349417802016,-0.00349417802016,-0.00349417802016,-0.00349417802016,-0.00349417802016,-0.00349417802016,-0.00349417802016,-0.00349417802016,-0.00349417802016,-0.00349417802016,-0.00349417802016,-0.00349417802016,-0.00349417802016,-0.00349417802016,-0.00349417802016,-0.00349417802016,-0.00349417802016,-0.00349417802016,-0.00349417802016,-0.00349417802016,-0.00349417802016,-0.00349417802016,-0.00349417802016,-0.00349417802016,-0.00349417802016,-0.00349417802016,-0.00349417802016,-0.00349417802016,-0.00349417802016,-0.00349417802016,-0.00349417802016,-0.00349417802016,-0.00349417802016,-0.00349417802016,-0.00349417802016,-0.00349417802016,-0.00349417802016,-0.00349417802016,-0.00349417802016,-0.00349417802016,-0.00349417802016,-0.00349417802016,-0.00349417802016,-0.00349417802016,-0.00349417802016,-0.00349417802016,-0.00349417802016,-0.00349417802016,-0.00349417802016,-0.00349417802016,-0.00349417802016,-0.00349417802016,-0.00349417802016,-0.00349417802016,-0.00349417802016,-0.00349417802016,-0.00349417802016,-0.00349417802016,-0.00349417802016,-0.00349417802016,-0.00349417802016,-0.00349417802016,-0.00349417802016,-0.00349417802016,-0.00349417802016,-0.00349417802016,-0.00349417802016,-0.00349417802016,-0.00349417802016,-0.00349417802016,-0.00349417802016,-0.00349417802016,-0.00349417802016,-0.00349417802016,-0.00349417802016,-0.00349417802016,-0.00349417802016
1774,-0.00364579096121,-0.00364579096121,-0.00364579096121,-0.00364579096121,-0.00364579096121,-0.00364579096121,-0.00364579096121,-0.00364579096121,-0.00364579096121,-0.00364579096121,-0.00364579096121,-0.00364579096121,-0.00364579096121,-0.00364579096121,-0.00364579096121,-0.00364579096121,-0.00364579096121,-0.00364579096121,-0.00364579096121,-0.00364579096121,-0.00364579096121,-0.00364579096121,-0.00364579096121,-0.00364579096121,-0.00364579096121,-0.00364579096121,-0.00364579096121,-0.00364579096121,-0.00364579096121,-0.00364579096121,-0.00364579096121,-0.00364579096121,-0.00364579096121,-0.00364579096121,-0.00364579096121,-0.00364579096121,-0.00364579096121,-0.00364579096121,-0.00364579096121,-0.00364579096121,-0.00364579096121,-0.00364579096121,-0.00364579096121,-0.00364579096121,-0.00364579096121,-0.00364579096121,-0.00364579096121,-0.00364579096121,-0.00364579096121,-0.00364579096121,-0.00364579096121,-0.00364579096121,-0.00364579096121,-0.00364579096121,-0.00364579096121,-0.00364579096121,-0.00364579096121,-0.00364579096121,-0.00364579096121,-0.00364579096121,-0.00364579096121,-0.00364579096121,-0.00364579096121,-0.00364579096121,-0.00364579096121,-0.00364579096121,-0.00364579096121,-0.00364579096121,-0.00364579096121,-0.00364579096121,-0.00364579096121,-0.00364579096121,-0.00364579096121,-0.00364579096121,-0.00364579096121,-0.00364579096121,-0.00364579096121,-0.00364579096121,-0.00364579096121,-0.00364579096121,-0.00364579096121,-0.00364579096121,-0.00364579096121,-0.00364579096121,-0.00364579096121,-0.00364579096121,-0.00364579096121,-0.00364579096121,-0.00364579096121,-0.00364579096121,-0.00364579096121,-0.00364579096121,-0.00364579096121,-0.00364579096121,-0.00364579096121,-0.00364579096121,-0.00364579096121,-0.00364579096121,-0.00364579096121,-0.00364579096121
1775,-0.00379737575874,-0.00379737575874,-0.00379737575874,-0.00379737575874,-0.00379737575874,-0.00379737575874,-0.00379737575874,-0.00379737575874,-0.00379737575874,-0.00379737575874,-0.00379737575874,-0.00379737575874,-0.00379737575874,-0.00379737575874,-0.00379737575874,-0.00379737575874,-0.00379737575874,-0.00379737575874,-0.00379737575874,-0.00379737575874,-0.00379737575874,-0.00379737575874,-0.00379737575874,-0.00379737575874,-0.00379737575874,-0.00379737575874,-0.00379737575874,-0.00379737575874,-0.00379737575874,-0.00379737575874,-0.00379737575874,-0.00379737575874,-0.00379737575874,-0.00379737575874,-0.00379737575874,-0.00379737575874,-0.00379737575874,-0.00379737575874,-0.00379737575874,-0.00379737575874,-0.00379737575874,-0.00379737575874,-0.00379737575874,-0.00379737575874,-0.00379737575874,-0.00379737575874,-0.00379737575874,-0.00379737575874,-0.00379737575874,-0.00379737575874,-0.00379737575874,-0.00379737575874,-0.00379737575874,-0.00379737575874,-0.00379737575874,-0.00379737575874,-0.00379737575874,-0.00379737575874,-0.00379737575874,-0.00379737575874,-0.00379737575874,-0.00379737575874,-0.00379737575874,-0.00379737575874,-0.00379737575874,-0.00379737575874,-0.00379737575874,-0.00379737575874,-0.00379737575874,-0.00379737575874,-0.00379737575874,-0.00379737575874,-0.00379737575874,-0.00379737575874,-0.00379737575874,-0.00379737575874,-0.00379737575874,-0.00379737575874,-0.00379737575874,-0.00379737575874,-0.00379737575874,-0.00379737575874,-0.00379737575874,-0.00379737575874,-0.00379737575874,-0.00379737575874,-0.00379737575874,-0.00379737575874,-0.00379737575874,-0.00379737575874,-0.00379737575874,-0.00379737575874,-0.00379737575874,-0.00379737575874,-0.00379737575874,-0.00379737575874,-0.00379737575874,-0.00379737575874,-0.00379737575874,-0.00379737575874
1776,-0.0039489324163,-0.0039489324163,-0.0039489324163,-0.0039489324163,-0.0039489324163,-0.0039489324163,-0.0039489324163,-0.0039489324163,-0.0039489324163,-0.0039489324163,-0.0039489324163,-0.0039489324163,-0.0039489324163,-0.0039489324163,-0.0039489324163,-0.0039489324163,-0.0039489324163,-0.0039489324163,-0.0039489324163,-0.0039489324163,-0.0039489324163,-0.0039489324163,-0.0039489324163,-0.0039489324163,-0.0039489324163,-0.0039489324163,-0.0039489324163,-0.0039489324163,-0.0039489324163,-0.0039489324163,-0.0039489324163,-0.0039489324163,-0.0039489324163,-0.0039489324163,-0.0039489324163,-0.0039489324163,-0.0039489324163,-0.0039489324163,-0.0039489324163,-0.0039489324163,-0.0039489324163,-0.0039489324163,-0.0039489324163,-0.0039489324163,-0.0039489324163,-0.0039489324163,-0.0039489324163,-0.0039489324163,-0.0039489324163,-0.0039489324163,-0.0039489324163,-0.0039489324163,-0.0039489324163,-0.0039489324163,-0.0039489324163,-0.0039489324163,-0.0039489324163,-0.0039489324163,-0.0039489324163,-0.0039489324163,-0.0039489324163,-0.0039489324163,-0.0039489324163,-0.0039489324163,-0.0039489324163,-0.0039489324163,-0.0039489324163,-0.0039489324163,-0.0039489324163,-0.0039489324163,-0.0039489324163,-0.0039489324163,-0.0039489324163,-0.0039489324163,-0.0039489324163,-0.0039489324163,-0.0039489324163,-0.0039489324163,-0.0039489324163,-0.0039489324163,-0.0039489324163,-0.0039489324163,-0.0039489324163,-0.0039489324163,-0.0039489324163,-0.0039489324163,-0.0039489324163,-0.0039489324163,-0.0039489324163,-0.0039489324163,-0.0039489324163,-0.0039489324163,-0.0039489324163,-0.0039489324163,-0.0039489324163,-0.0039489324163,-0.0039489324163,-0.0039489324163,-0.0039489324163,-0.0039489324163
1777,-0.00410046093743,-0.00410046093743,-0.00410046093743,-0.00410046093743,-0.00410046093743,-0.00410046093743,-0.00410046093743,-0.00410046093743,-0.00410046093743,-0.00410046093743,-0.00410046093743,-0.00410046093743,-0.00410046093743,-0.00410046093743,-0.00410046093743,-0.00410046093743,-0.00410046093743,-0.00410046093743,-0.00410046093743,-0.00410046093743,-0.00410046093743,-0.00410046093743,-0.00410046093743,-0.00410046093743,-0.00410046093743,-0.00410046093743,-0.00410046093743,-0.00410046093743,-0.00410046093743,-0.00410046093743,-0.00410046093743,-0.00410046093743,-0.00410046093743,-0.00410046093743,-0.00410046093743,-0.00410046093743,-0.00410046093743,-0.00410046093743,-0.00410046093743,-0.00410046093743,-0.00410046093743,-0.00410046093743,-0.00410046093743,-0.00410046093743,-0.00410046093743,-0.00410046093743,-0.00410046093743,-0.00410046093743,-0.00410046093743,-0.00410046093743,-0.00410046093743,-0.00410046093743,-0.00410046093743,-0.00410046093743,-0.00410046093743,-0.00410046093743,-0.00410046093743,-0.00410046093743,-0.00410046093743,-0.00410046093743,-0.00410046093743,-0.00410046093743,-0.00410046093743,-0.00410046093743,-0.00410046093743,-0.00410046093743,-0.00410046093743,-0.00410046093743,-0.00410046093743,-0.00410046093743,-0.00410046093743,-0.00410046093743,-0.00410046093743,-0.00410046093743,-0.00410046093743,-0.00410046093743,-0.00410046093743,-0.00410046093743,-0.00410046093743,-0.00410046093743,-0.00410046093743,-0.00410046093743,-0.00410046093743,-0.00410046093743,-0.00410046093743,-0.00410046093743,-0.00410046093743,-0.00410046093743,-0.00410046093743,-0.00410046093743,-0.00410046093743,-0.00410046093743,-0.00410046093743,-0.00410046093743,-0.00410046093743,-0.00410046093743,-0.00410046093743,-0.00410046093743,-0.00410046093743,-0.00410046093743
1778,-0.00425196132563,-0.00425196132563,-0.00425196132563,-0.00425196132563,-0.00425196132563,-0.00425196132563,-0.00425196132563,-0.00425196132563,-0.00425196132563,-0.00425196132563,-0.00425196132563,-0.00425196132563,-0.00425196132563,-0.00425196132563,-0.00425196132563,-0.00425196132563,-0.00425196132563,-0.00425196132563,-0.00425196132563,-0.00425196132563,-0.00425196132563,-0.00425196132563,-0.00425196132563,-0.00425196132563,-0.00425196132563,-0.00425196132563,-0.00425196132563,-0.00425196132563,-0.00425196132563,-0.00425196132563,-0.00425196132563,-0.00425196132563,-0.00425196132563,-0.00425196132563,-0.00425196132563,-0.00425196132563,-0.00425196132563,-0.00425196132563,-0.00425196132563,-0.00425196132563,-0.00425196132563,-0.00425196132563,-0.00425196132563,-0.00425196132563,-0.00425196132563,-0.00425196132563,-0.00425196132563,-0.00425196132563,-0.00425196132563,-0.00425196132563,-0.00425196132563,-0.00425196132563,-0.00425196132563,-0.00425196132563,-0.00425196132563,-0.00425196132563,-0.00425196132563,-0.00425196132563,-0.00425196132563,-0.00425196132563,-0.00425196132563,-0.00425196132563,-0.00425196132563,-0.00425196132563,-0.00425196132563,-0.00425196132563,-0.00425196132563,-0.00425196132563,-0.00425196132563,-0.00425196132563,-0.00425196132563,-0.00425196132563,-0.00425196132563,-0.00425196132563,-0.00425196132563,-0.00425196132563,-0.00425196132563,-0.00425196132563,-0.00425196132563,-0.00425196132563,-0.00425196132563,-0.00425196132563,-0.00425196132563,-0.00425196132563,-0.00425196132563,-0.00425196132563,-0.00425196132563,-0.00425196132563,-0.00425196132563,-0.00425196132563,-0.00425196132563,-0.00425196132563,-0.00425196132563,-0.00425196132563,-0.00425196132563,-0.00425196132563,-0.00425196132563,-0.00425196132563,-0.00425196132563,-0.00425196132563
1779,-0.00440343358443,-0.00440343358443,-0.00440343358443,-0.00440343358443,-0.00440343358443,-0.00440343358443,-0.00440343358443,-0.00440343358443,-0.00440343358443,-0.00440343358443,-0.00440343358443,-0.00440343358443,-0.00440343358443,-0.00440343358443,-0.00440343358443,-0.00440343358443,-0.00440343358443,-0.00440343358443,-0.00440343358443,-0.00440343358443,-0.00440343358443,-0.00440343358443,-0.00440343358443,-0.00440343358443,-0.00440343358443,-0.00440343358443,-0.00440343358443,-0.00440343358443,-0.00440343358443,-0.00440343358443,-0.00440343358443,-0.00440343358443,-0.00440343358443,-0.00440343358443,-0.00440343358443,-0.00440343358443,-0.00440343358443,-0.00440343358443,-0.00440343358443,-0.00440343358443,-0.00440343358443,-0.00440343358443,-0.00440343358443,-0.00440343358443,-0.00440343358443,-0.00440343358443,-0.00440343358443,-0.00440343358443,-0.00440343358443,-0.00440343358443,-0.00440343358443,-0.00440343358443,-0.00440343358443,-0.00440343358443,-0.00440343358443,-0.00440343358443,-0.00440343358443,-0.00440343358443,-0.00440343358443,-0.00440343358443,-0.00440343358443,-0.00440343358443,-0.00440343358443,-0.00440343358443,-0.00440343358443,-0.00440343358443,-0.00440343358443,-0.00440343358443,-0.00440343358443,-0.00440343358443,-0.00440343358443,-0.00440343358443,-0.00440343358443,-0.00440343358443,-0.00440343358443,-0.00440343358443,-0.00440343358443,-0.00440343358443,-0.00440343358443,-0.00440343358443,-0.00440343358443,-0.00440343358443,-0.00440343358443,-0.00440343358443,-0.00440343358443,-0.00440343358443,-0.00440343358443,-0.00440343358443,-0.00440343358443,-0.00440343358443,-0.00440343358443,-0.00440343358443,-0.00440343358443,-0.00440343358443,-0.00440343358443,-0.00440343358443,-0.00440343358443,-0.00440343358443,-0.00440343358443,-0.00440343358443
1780,-0.00455487771738,-0.00455487771738,-0.00455487771738,-0.00455487771738,-0.00455487771738,-0.00455487771738,-0.00455487771738,-0.00455487771738,-0.00455487771738,-0.00455487771738,-0.00455487771738,-0.00455487771738,-0.00455487771738,-0.00455487771738,-0.00455487771738,-0.00455487771738,-0.00455487771738,-0.00455487771738,-0.00455487771738,-0.00455487771738,-0.00455487771738,-0.00455487771738,-0.00455487771738,-0.00455487771738,-0.00455487771738,-0.00455487771738,-0.00455487771738,-0.00455487771738,-0.00455487771738,-0.00455487771738,-0.00455487771738,-0.00455487771738,-0.00455487771738,-0.00455487771738,-0.00455487771738,-0.00455487771738,-0.00455487771738,-0.00455487771738,-0.00455487771738,-0.00455487771738,-0.00455487771738,-0.00455487771738,-0.00455487771738,-0.00455487771738,-0.00455487771738,-0.00455487771738,-0.00455487771738,-0.00455487771738,-0.00455487771738,-0.00455487771738,-0.00455487771738,-0.00455487771738,-0.00455487771738,-0.00455487771738,-0.00455487771738,-0.00455487771738,-0.00455487771738,-0.00455487771738,-0.00455487771738,-0.00455487771738,-0.00455487771738,-0.00455487771738,-0.00455487771738,-0.00455487771738,-0.00455487771738,-0.00455487771738,-0.00455487771738,-0.00455487771738,-0.00455487771738,-0.00455487771738,-0.00455487771738,-0.00455487771738,-0.00455487771738,-0.00455487771738,-0.00455487771738,-0.00455487771738,-0.00455487771738,-0.00455487771738,-0.00455487771738,-0.00455487771738,-0.00455487771738,-0.00455487771738,-0.00455487771738,-0.00455487771738,-0.00455487771738,-0.00455487771738,-0.00455487771738,-0.00455487771738,-0.00455487771738,-0.00455487771738,-0.00455487771738,-0.00455487771738,-0.00455487771738,-0.00455487771738,-0.00455487771738,-0.00455487771738,-0.00455487771738,-0.00455487771738,-0.00455487771738,-0.00455487771738
1781,-0.00470629372802,-0.00470629372802,-0.00470629372802,-0.00470629372802,-0.00470629372802,-0.00470629372802,-0.00470629372802,-0.00470629372802,-0.00470629372802,-0.00470629372802,-0.00470629372802,-0.00470629372802,-0.00470629372802,-0.00470629372802,-0.00470629372802,-0.00470629372802,-0.00470629372802,-0.00470629372802,-0.00470629372802,-0.00470629372802,-0.00470629372802,-0.00470629372802,-0.00470629372802,-0.00470629372802,-0.00470629372802,-0.00470629372802,-0.00470629372802,-0.00470629372802,-0.00470629372802,-0.00470629372802,-0.00470629372802,-0.00470629372802,-0.00470629372802,-0.00470629372802,-0.00470629372802,-0.00470629372802,-0.00470629372802,-0.00470629372802,-0.00470629372802,-0.00470629372802,-0.00470629372802,-0.00470629372802,-0.00470629372802,-0.00470629372802,-0.00470629372802,-0.00470629372802,-0.00470629372802,-0.00470629372802,-0.00470629372802,-0.00470629372802,-0.00470629372802,-0.00470629372802,-0.00470629372802,-0.00470629372802,-0.00470629372802,-0.00470629372802,-0.00470629372802,-0.00470629372802,-0.00470629372802,-0.00470629372802,-0.00470629372802,-0.00470629372802,-0.00470629372802,-0.00470629372802,-0.00470629372802,-0.00470629372802,-0.00470629372802,-0.00470629372802,-0.00470629372802,-0.00470629372802,-0.00470629372802,-0.00470629372802,-0.00470629372802,-0.00470629372802,-0.00470629372802,-0.00470629372802,-0.00470629372802,-0.00470629372802,-0.00470629372802,-0.00470629372802,-0.00470629372802,-0.00470629372802,-0.00470629372802,-0.00470629372802,-0.00470629372802,-0.00470629372802,-0.00470629372802,-0.00470629372802,-0.00470629372802,-0.00470629372802,-0.00470629372802,-0.00470629372802,-0.00470629372802,-0.00470629372802,-0.00470629372802,-0.00470629372802,-0.00470629372802,-0.00470629372802,-0.00470629372802,-0.00470629372802
1782,-0.00485768161985,-0.00485768161985,-0.00485768161985,-0.00485768161985,-0.00485768161985,-0.00485768161985,-0.00485768161985,-0.00485768161985,-0.00485768161985,-0.00485768161985,-0.00485768161985,-0.00485768161985,-0.00485768161985,-0.00485768161985,-0.00485768161985,-0.00485768161985,-0.00485768161985,-0.00485768161985,-0.00485768161985,-0.00485768161985,-0.00485768161985,-0.00485768161985,-0.00485768161985,-0.00485768161985,-0.00485768161985,-0.00485768161985,-0.00485768161985,-0.00485768161985,-0.00485768161985,-0.00485768161985,-0.00485768161985,-0.00485768161985,-0.00485768161985,-0.00485768161985,-0.00485768161985,-0.00485768161985,-0.00485768161985,-0.00485768161985,-0.00485768161985,-0.00485768161985,-0.00485768161985,-0.00485768161985,-0.00485768161985,-0.00485768161985,-0.00485768161985,-0.00485768161985,-0.00485768161985,-0.00485768161985,-0.00485768161985,-0.00485768161985,-0.00485768161985,-0.00485768161985,-0.00485768161985,-0.00485768161985,-0.00485768161985,-0.00485768161985,-0.00485768161985,-0.00485768161985,-0.00485768161985,-0.00485768161985,-0.00485768161985,-0.00485768161985,-0.00485768161985,-0.00485768161985,-0.00485768161985,-0.00485768161985,-0.00485768161985,-0.00485768161985,-0.00485768161985,-0.00485768161985,-0.00485768161985,-0.00485768161985,-0.00485768161985,-0.00485768161985,-0.00485768161985,-0.00485768161985,-0.00485768161985,-0.00485768161985,-0.00485768161985,-0.00485768161985,-0.00485768161985,-0.00485768161985,-0.00485768161985,-0.00485768161985,-0.00485768161985,-0.00485768161985,-0.00485768161985,-0.00485768161985,-0.00485768161985,-0.00485768161985,-0.00485768161985,-0.00485768161985,-0.00485768161985,-0.00485768161985,-0.00485768161985,-0.00485768161985,-0.00485768161985,-0.00485768161985,-0.00485768161985,-0.00485768161985
1783,-0.00500904139641,-0.00500904139641,-0.00500904139641,-0.00500904139641,-0.00500904139641,-0.00500904139641,-0.00500904139641,-0.00500904139641,-0.00500904139641,-0.00500904139641,-0.00500904139641,-0.00500904139641,-0.00500904139641,-0.00500904139641,-0.00500904139641,-0.00500904139641,-0.00500904139641,-0.00500904139641,-0.00500904139641,-0.00500904139641,-0.00500904139641,-0.00500904139641,-0.00500904139641,-0.00500904139641,-0.00500904139641,-0.00500904139641,-0.00500904139641,-0.00500904139641,-0.00500904139641,-0.00500904139641,-0.00500904139641,-0.00500904139641,-0.00500904139641,-0.00500904139641,-0.00500904139641,-0.00500904139641,-0.00500904139641,-0.00500904139641,-0.00500904139641,-0.00500904139641,-0.00500904139641,-0.00500904139641,-0.00500904139641,-0.00500904139641,-0.00500904139641,-0.00500904139641,-0.00500904139641,-0.00500904139641,-0.00500904139641,-0.00500904139641,-0.00500904139641,-0.00500904139641,-0.00500904139641,-0.00500904139641,-0.00500904139641,-0.00500904139641,-0.00500904139641,-0.00500904139641,-0.00500904139641,-0.00500904139641,-0.00500904139641,-0.00500904139641,-0.00500904139641,-0.00500904139641,-0.00500904139641,-0.00500904139641,-0.00500904139641,-0.00500904139641,-0.00500904139641,-0.00500904139641,-0.00500904139641,-0.00500904139641,-0.00500904139641,-0.00500904139641,-0.00500904139641,-0.00500904139641,-0.00500904139641,-0.00500904139641,-0.00500904139641,-0.00500904139641,-0.00500904139641,-0.00500904139641,-0.00500904139641,-0.00500904139641,-0.00500904139641,-0.00500904139641,-0.00500904139641,-0.00500904139641,-0.00500904139641,-0.00500904139641,-0.00500904139641,-0.00500904139641,-0.00500904139641,-0.00500904139641,-0.00500904139641,-0.00500904139641,-0.00500904139641,-0.00500904139641,-0.00500904139641,-0.00500904139641
1784,-0.00516037306126,-0.00516037306126,-0.00516037306126,-0.00516037306126,-0.00516037306126,-0.00516037306126,-0.00516037306126,-0.00516037306126,-0.00516037306126,-0.00516037306126,-0.00516037306126,-0.00516037306126,-0.00516037306126,-0.00516037306126,-0.00516037306126,-0.00516037306126,-0.00516037306126,-0.00516037306126,-0.00516037306126,-0.00516037306126,-0.00516037306126,-0.00516037306126,-0.00516037306126,-0.00516037306126,-0.00516037306126,-0.00516037306126,-0.00516037306126,-0.00516037306126,-0.00516037306126,-0.00516037306126,-0.00516037306126,-0.00516037306126,-0.00516037306126,-0.00516037306126,-0.00516037306126,-0.00516037306126,-0.00516037306126,-0.00516037306126,-0.00516037306126,-0.00516037306126,-0.00516037306126,-0.00516037306126,-0.00516037306126,-0.00516037306126,-0.00516037306126,-0.00516037306126,-0.00516037306126,-0.00516037306126,-0.00516037306126,-0.00516037306126,-0.00516037306126,-0.00516037306126,-0.00516037306126,-0.00516037306126,-0.00516037306126,-0.00516037306126,-0.00516037306126,-0.00516037306126,-0.00516037306126,-0.00516037306126,-0.00516037306126,-0.00516037306126,-0.00516037306126,-0.00516037306126,-0.00516037306126,-0.00516037306126,-0.00516037306126,-0.00516037306126,-0.00516037306126,-0.00516037306126,-0.00516037306126,-0.00516037306126,-0.00516037306126,-0.00516037306126,-0.00516037306126,-0.00516037306126,-0.00516037306126,-0.00516037306126,-0.00516037306126,-0.00516037306126,-0.00516037306126,-0.00516037306126,-0.00516037306126,-0.00516037306126,-0.00516037306126,-0.00516037306126,-0.00516037306126,-0.00516037306126,-0.00516037306126,-0.00516037306126,-0.00516037306126,-0.00516037306126,-0.00516037306126,-0.00516037306126,-0.00516037306126,-0.00516037306126,-0.00516037306126,-0.00516037306126,-0.00516037306126,-0.00516037306126
1785,-0.0053116766179,-0.0053116766179,-0.0053116766179,-0.0053116766179,-0.0053116766179,-0.0053116766179,-0.0053116766179,-0.0053116766179,-0.0053116766179,-0.0053116766179,-0.0053116766179,-0.0053116766179,-0.0053116766179,-0.0053116766179,-0.0053116766179,-0.0053116766179,-0.0053116766179,-0.0053116766179,-0.0053116766179,-0.0053116766179,-0.0053116766179,-0.0053116766179,-0.0053116766179,-0.0053116766179,-0.0053116766179,-0.0053116766179,-0.0053116766179,-0.0053116766179,-0.0053116766179,-0.0053116766179,-0.0053116766179,-0.0053116766179,-0.0053116766179,-0.0053116766179,-0.0053116766179,-0.0053116766179,-0.0053116766179,-0.0053116766179,-0.0053116766179,-0.0053116766179,-0.0053116766179,-0.0053116766179,-0.0053116766179,-0.0053116766179,-0.0053116766179,-0.0053116766179,-0.0053116766179,-0.0053116766179,-0.0053116766179,-0.0053116766179,-0.0053116766179,-0.0053116766179,-0.0053116766179,-0.0053116766179,-0.0053116766179,-0.0053116766179,-0.0053116766179,-0.0053116766179,-0.0053116766179,-0.0053116766179,-0.0053116766179,-0.0053116766179,-0.0053116766179,-0.0053116766179,-0.0053116766179,-0.0053116766179,-0.0053116766179,-0.0053116766179,-0.0053116766179,-0.0053116766179,-0.0053116766179,-0.0053116766179,-0.0053116766179,-0.0053116766179,-0.0053116766179,-0.0053116766179,-0.0053116766179,-0.0053116766179,-0.0053116766179,-0.0053116766179,-0.0053116766179,-0.0053116766179,-0.0053116766179,-0.0053116766179,-0.0053116766179,-0.0053116766179,-0.0053116766179,-0.0053116766179,-0.0053116766179,-0.0053116766179,-0.0053116766179,-0.0053116766179,-0.0053116766179,-0.0053116766179,-0.0053116766179,-0.0053116766179,-0.0053116766179,-0.0053116766179,-0.0053116766179,-0.0053116766179
1786,-0.00546295206989,-0.00546295206989,-0.00546295206989,-0.00546295206989,-0.00546295206989,-0.00546295206989,-0.00546295206989,-0.00546295206989,-0.00546295206989,-0.00546295206989,-0.00546295206989,-0.00546295206989,-0.00546295206989,-0.00546295206989,-0.00546295206989,-0.00546295206989,-0.00546295206989,-0.00546295206989,-0.00546295206989,-0.00546295206989,-0.00546295206989,-0.00546295206989,-0.00546295206989,-0.00546295206989,-0.00546295206989,-0.00546295206989,-0.00546295206989,-0.00546295206989,-0.00546295206989,-0.00546295206989,-0.00546295206989,-0.00546295206989,-0.00546295206989,-0.00546295206989,-0.00546295206989,-0.00546295206989,-0.00546295206989,-0.00546295206989,-0.00546295206989,-0.00546295206989,-0.00546295206989,-0.00546295206989,-0.00546295206989,-0.00546295206989,-0.00546295206989,-0.00546295206989,-0.00546295206989,-0.00546295206989,-0.00546295206989,-0.00546295206989,-0.00546295206989,-0.00546295206989,-0.00546295206989,-0.00546295206989,-0.00546295206989,-0.00546295206989,-0.00546295206989,-0.00546295206989,-0.00546295206989,-0.00546295206989,-0.00546295206989,-0.00546295206989,-0.00546295206989,-0.00546295206989,-0.00546295206989,-0.00546295206989,-0.00546295206989,-0.00546295206989,-0.00546295206989,-0.00546295206989,-0.00546295206989,-0.00546295206989,-0.00546295206989,-0.00546295206989,-0.00546295206989,-0.00546295206989,-0.00546295206989,-0.00546295206989,-0.00546295206989,-0.00546295206989,-0.00546295206989,-0.00546295206989,-0.00546295206989,-0.00546295206989,-0.00546295206989,-0.00546295206989,-0.00546295206989,-0.00546295206989,-0.00546295206989,-0.00546295206989,-0.00546295206989,-0.00546295206989,-0.00546295206989,-0.00546295206989,-0.00546295206989,-0.00546295206989,-0.00546295206989,-0.00546295206989,-0.00546295206989,-0.00546295206989
1787,-0.00561419942073,-0.00561419942073,-0.00561419942073,-0.00561419942073,-0.00561419942073,-0.00561419942073,-0.00561419942073,-0.00561419942073,-0.00561419942073,-0.00561419942073,-0.00561419942073,-0.00561419942073,-0.00561419942073,-0.00561419942073,-0.00561419942073,-0.00561419942073,-0.00561419942073,-0.00561419942073,-0.00561419942073,-0.00561419942073,-0.00561419942073,-0.00561419942073,-0.00561419942073,-0.00561419942073,-0.00561419942073,-0.00561419942073,-0.00561419942073,-0.00561419942073,-0.00561419942073,-0.00561419942073,-0.00561419942073,-0.00561419942073,-0.00561419942073,-0.00561419942073,-0.00561419942073,-0.00561419942073,-0.00561419942073,-0.00561419942073,-0.00561419942073,-0.00561419942073,-0.00561419942073,-0.00561419942073,-0.00561419942073,-0.00561419942073,-0.00561419942073,-0.00561419942073,-0.00561419942073,-0.00561419942073,-0.00561419942073,-0.00561419942073,-0.00561419942073,-0.00561419942073,-0.00561419942073,-0.00561419942073,-0.00561419942073,-0.00561419942073,-0.00561419942073,-0.00561419942073,-0.00561419942073,-0.00561419942073,-0.00561419942073,-0.00561419942073,-0.00561419942073,-0.00561419942073,-0.00561419942073,-0.00561419942073,-0.00561419942073,-0.00561419942073,-0.00561419942073,-0.00561419942073,-0.00561419942073,-0.00561419942073,-0.00561419942073,-0.00561419942073,-0.00561419942073,-0.00561419942073,-0.00561419942073,-0.00561419942073,-0.00561419942073,-0.00561419942073,-0.00561419942073,-0.00561419942073,-0.00561419942073,-0.00561419942073,-0.00561419942073,-0.00561419942073,-0.00561419942073,-0.00561419942073,-0.00561419942073,-0.00561419942073,-0.00561419942073,-0.00561419942073,-0.00561419942073,-0.00561419942073,-0.00561419942073,-0.00561419942073,-0.00561419942073,-0.00561419942073,-0.00561419942073,-0.00561419942073
1788,-0.00576541867397,-0.00576541867397,-0.00576541867397,-0.00576541867397,-0.00576541867397,-0.00576541867397,-0.00576541867397,-0.00576541867397,-0.00576541867397,-0.00576541867397,-0.00576541867397,-0.00576541867397,-0.00576541867397,-0.00576541867397,-0.00576541867397,-0.00576541867397,-0.00576541867397,-0.00576541867397,-0.00576541867397,-0.00576541867397,-0.00576541867397,-0.00576541867397,-0.00576541867397,-0.00576541867397,-0.00576541867397,-0.00576541867397,-0.00576541867397,-0.00576541867397,-0.00576541867397,-0.00576541867397,-0.00576541867397,-0.00576541867397,-0.00576541867397,-0.00576541867397,-0.00576541867397,-0.00576541867397,-0.00576541867397,-0.00576541867397,-0.00576541867397,-0.00576541867397,-0.00576541867397,-0.00576541867397,-0.00576541867397,-0.00576541867397,-0.00576541867397,-0.00576541867397,-0.00576541867397,-0.00576541867397,-0.00576541867397,-0.00576541867397,-0.00576541867397,-0.00576541867397,-0.00576541867397,-0.00576541867397,-0.00576541867397,-0.00576541867397,-0.00576541867397,-0.00576541867397,-0.00576541867397,-0.00576541867397,-0.00576541867397,-0.00576541867397,-0.00576541867397,-0.00576541867397,-0.00576541867397,-0.00576541867397,-0.00576541867397,-0.00576541867397,-0.00576541867397,-0.00576541867397,-0.00576541867397,-0.00576541867397,-0.00576541867397,-0.00576541867397,-0.00576541867397,-0.00576541867397,-0.00576541867397,-0.00576541867397,-0.00576541867397,-0.00576541867397,-0.00576541867397,-0.00576541867397,-0.00576541867397,-0.00576541867397,-0.00576541867397,-0.00576541867397,-0.00576541867397,-0.00576541867397,-0.00576541867397,-0.00576541867397,-0.00576541867397,-0.00576541867397,-0.00576541867397,-0.00576541867397,-0.00576541867397,-0.00576541867397,-0.00576541867397,-0.00576541867397,-0.00576541867397,-0.00576541867397
1789,-0.00591660983317,-0.00591660983317,-0.00591660983317,-0.00591660983317,-0.00591660983317,-0.00591660983317,-0.00591660983317,-0.00591660983317,-0.00591660983317,-0.00591660983317,-0.00591660983317,-0.00591660983317,-0.00591660983317,-0.00591660983317,-0.00591660983317,-0.00591660983317,-0.00591660983317,-0.00591660983317,-0.00591660983317,-0.00591660983317,-0.00591660983317,-0.00591660983317,-0.00591660983317,-0.00591660983317,-0.00591660983317,-0.00591660983317,-0.00591660983317,-0.00591660983317,-0.00591660983317,-0.00591660983317,-0.00591660983317,-0.00591660983317,-0.00591660983317,-0.00591660983317,-0.00591660983317,-0.00591660983317,-0.00591660983317,-0.00591660983317,-0.00591660983317,-0.00591660983317,-0.00591660983317,-0.00591660983317,-0.00591660983317,-0.00591660983317,-0.00591660983317,-0.00591660983317,-0.00591660983317,-0.00591660983317,-0.00591660983317,-0.00591660983317,-0.00591660983317,-0.00591660983317,-0.00591660983317,-0.00591660983317,-0.00591660983317,-0.00591660983317,-0.00591660983317,-0.00591660983317,-0.00591660983317,-0.00591660983317,-0.00591660983317,-0.00591660983317,-0.00591660983317,-0.00591660983317,-0.00591660983317,-0.00591660983317,-0.00591660983317,-0.00591660983317,-0.00591660983317,-0.00591660983317,-0.00591660983317,-0.00591660983317,-0.00591660983317,-0.00591660983317,-0.00591660983317,-0.00591660983317,-0.00591660983317,-0.00591660983317,-0.00591660983317,-0.00591660983317,-0.00591660983317,-0.00591660983317,-0.00591660983317,-0.00591660983317,-0.00591660983317,-0.00591660983317,-0.00591660983317,-0.00591660983317,-0.00591660983317,-0.00591660983317,-0.00591660983317,-0.00591660983317,-0.00591660983317,-0.00591660983317,-0.00591660983317,-0.00591660983317,-0.00591660983317,-0.00591660983317,-0.00591660983317,-0.00591660983317
1790,-0.00606777290182,-0.00606777290182,-0.00606777290182,-0.00606777290182,-0.00606777290182,-0.00606777290182,-0.00606777290182,-0.00606777290182,-0.00606777290182,-0.00606777290182,-0.00606777290182,-0.00606777290182,-0.00606777290182,-0.00606777290182,-0.00606777290182,-0.00606777290182,-0.00606777290182,-0.00606777290182,-0.00606777290182,-0.00606777290182,-0.00606777290182,-0.00606777290182,-0.00606777290182,-0.00606777290182,-0.00606777290182,-0.00606777290182,-0.00606777290182,-0.00606777290182,-0.00606777290182,-0.00606777290182,-0.00606777290182,-0.00606777290182,-0.00606777290182,-0.00606777290182,-0.00606777290182,-0.00606777290182,-0.00606777290182,-0.00606777290182,-0.00606777290182,-0.00606777290182,-0.00606777290182,-0.00606777290182,-0.00606777290182,-0.00606777290182,-0.00606777290182,-0.00606777290182,-0.00606777290182,-0.00606777290182,-0.00606777290182,-0.00606777290182,-0.00606777290182,-0.00606777290182,-0.00606777290182,-0.00606777290182,-0.00606777290182,-0.00606777290182,-0.00606777290182,-0.00606777290182,-0.00606777290182,-0.00606777290182,-0.00606777290182,-0.00606777290182,-0.00606777290182,-0.00606777290182,-0.00606777290182,-0.00606777290182,-0.00606777290182,-0.00606777290182,-0.00606777290182,-0.00606777290182,-0.00606777290182,-0.00606777290182,-0.00606777290182,-0.00606777290182,-0.00606777290182,-0.00606777290182,-0.00606777290182,-0.00606777290182,-0.00606777290182,-0.00606777290182,-0.00606777290182,-0.00606777290182,-0.00606777290182,-0.00606777290182,-0.00606777290182,-0.00606777290182,-0.00606777290182,-0.00606777290182,-0.00606777290182,-0.00606777290182,-0.00606777290182,-0.00606777290182,-0.00606777290182,-0.00606777290182,-0.00606777290182,-0.00606777290182,-0.00606777290182,-0.00606777290182,-0.00606777290182,-0.00606777290182
1791,-0.00621890788346,-0.00621890788346,-0.00621890788346,-0.00621890788346,-0.00621890788346,-0.00621890788346,-0.00621890788346,-0.00621890788346,-0.00621890788346,-0.00621890788346,-0.00621890788346,-0.00621890788346,-0.00621890788346,-0.00621890788346,-0.00621890788346,-0.00621890788346,-0.00621890788346,-0.00621890788346,-0.00621890788346,-0.00621890788346,-0.00621890788346,-0.00621890788346,-0.00621890788346,-0.00621890788346,-0.00621890788346,-0.00621890788346,-0.00621890788346,-0.00621890788346,-0.00621890788346,-0.00621890788346,-0.00621890788346,-0.00621890788346,-0.00621890788346,-0.00621890788346,-0.00621890788346,-0.00621890788346,-0.00621890788346,-0.00621890788346,-0.00621890788346,-0.00621890788346,-0.00621890788346,-0.00621890788346,-0.00621890788346,-0.00621890788346,-0.00621890788346,-0.00621890788346,-0.00621890788346,-0.00621890788346,-0.00621890788346,-0.00621890788346,-0.00621890788346,-0.00621890788346,-0.00621890788346,-0.00621890788346,-0.00621890788346,-0.00621890788346,-0.00621890788346,-0.00621890788346,-0.00621890788346,-0.00621890788346,-0.00621890788346,-0.00621890788346,-0.00621890788346,-0.00621890788346,-0.00621890788346,-0.00621890788346,-0.00621890788346,-0.00621890788346,-0.00621890788346,-0.00621890788346,-0.00621890788346,-0.00621890788346,-0.00621890788346,-0.00621890788346,-0.00621890788346,-0.00621890788346,-0.00621890788346,-0.00621890788346,-0.00621890788346,-0.00621890788346,-0.00621890788346,-0.00621890788346,-0.00621890788346,-0.00621890788346,-0.00621890788346,-0.00621890788346,-0.00621890788346,-0.00621890788346,-0.00621890788346,-0.00621890788346,-0.00621890788346,-0.00621890788346,-0.00621890788346,-0.00621890788346,-0.00621890788346,-0.00621890788346,-0.00621890788346,-0.00621890788346,-0.00621890788346,-0.00621890788346
1792,-0.00637001478166,-0.00637001478166,-0.00637001478166,-0.00637001478166,-0.00637001478166,-0.00637001478166,-0.00637001478166,-0.00637001478166,-0.00637001478166,-0.00637001478166,-0.00637001478166,-0.00637001478166,-0.00637001478166,-0.00637001478166,-0.00637001478166,-0.00637001478166,-0.00637001478166,-0.00637001478166,-0.00637001478166,-0.00637001478166,-0.00637001478166,-0.00637001478166,-0.00637001478166,-0.00637001478166,-0.00637001478166,-0.00637001478166,-0.00637001478166,-0.00637001478166,-0.00637001478166,-0.00637001478166,-0.00637001478166,-0.00637001478166,-0.00637001478166,-0.00637001478166,-0.00637001478166,-0.00637001478166,-0.00637001478166,-0.00637001478166,-0.00637001478166,-0.00637001478166,-0.00637001478166,-0.00637001478166,-0.00637001478166,-0.00637001478166,-0.00637001478166,-0.00637001478166,-0.00637001478166,-0.00637001478166,-0.00637001478166,-0.00637001478166,-0.00637001478166,-0.00637001478166,-0.00637001478166,-0.00637001478166,-0.00637001478166,-0.00637001478166,-0.00637001478166,-0.00637001478166,-0.00637001478166,-0.00637001478166,-0.00637001478166,-0.00637001478166,-0.00637001478166,-0.00637001478166,-0.00637001478166,-0.00637001478166,-0.00637001478166,-0.00637001478166,-0.00637001478166,-0.00637001478166,-0.00637001478166,-0.00637001478166,-0.00637001478166,-0.00637001478166,-0.00637001478166,-0.00637001478166,-0.00637001478166,-0.00637001478166,-0.00637001478166,-0.00637001478166,-0.00637001478166,-0.00637001478166,-0.00637001478166,-0.00637001478166,-0.00637001478166,-0.00637001478166,-0.00637001478166,-0.00637001478166,-0.00637001478166,-0.00637001478166,-0.00637001478166,-0.00637001478166,-0.00637001478166,-0.00637001478166,-0.00637001478166,-0.00637001478166,-0.00637001478166,-0.00637001478166,-0.00637001478166,-0.00637001478166
1793,-0.00652109359994,-0.00652109359994,-0.00652109359994,-0.00652109359994,-0.00652109359994,-0.00652109359994,-0.00652109359994,-0.00652109359994,-0.00652109359994,-0.00652109359994,-0.00652109359994,-0.00652109359994,-0.00652109359994,-0.00652109359994,-0.00652109359994,-0.00652109359994,-0.00652109359994,-0.00652109359994,-0.00652109359994,-0.00652109359994,-0.00652109359994,-0.00652109359994,-0.00652109359994,-0.00652109359994,-0.00652109359994,-0.00652109359994,-0.00652109359994,-0.00652109359994,-0.00652109359994,-0.00652109359994,-0.00652109359994,-0.00652109359994,-0.00652109359994,-0.00652109359994,-0.00652109359994,-0.00652109359994,-0.00652109359994,-0.00652109359994,-0.00652109359994,-0.00652109359994,-0.00652109359994,-0.00652109359994,-0.00652109359994,-0.00652109359994,-0.00652109359994,-0.00652109359994,-0.00652109359994,-0.00652109359994,-0.00652109359994,-0.00652109359994,-0.00652109359994,-0.00652109359994,-0.00652109359994,-0.00652109359994,-0.00652109359994,-0.00652109359994,-0.00652109359994,-0.00652109359994,-0.00652109359994,-0.00652109359994,-0.00652109359994,-0.00652109359994,-0.00652109359994,-0.00652109359994,-0.00652109359994,-0.00652109359994,-0.00652109359994,-0.00652109359994,-0.00652109359994,-0.00652109359994,-0.00652109359994,-0.00652109359994,-0.00652109359994,-0.00652109359994,-0.00652109359994,-0.00652109359994,-0.00652109359994,-0.00652109359994,-0.00652109359994,-0.00652109359994,-0.00652109359994,-0.00652109359994,-0.00652109359994,-0.00652109359994,-0.00652109359994,-0.00652109359994,-0.00652109359994,-0.00652109359994,-0.00652109359994,-0.00652109359994,-0.00652109359994,-0.00652109359994,-0.00652109359994,-0.00652109359994,-0.00652109359994,-0.00652109359994,-0.00652109359994,-0.00652109359994,-0.00652109359994,-0.00652109359994
1794,-0.00667214434183,-0.00667214434183,-0.00667214434183,-0.00667214434183,-0.00667214434183,-0.00667214434183,-0.00667214434183,-0.00667214434183,-0.00667214434183,-0.00667214434183,-0.00667214434183,-0.00667214434183,-0.00667214434183,-0.00667214434183,-0.00667214434183,-0.00667214434183,-0.00667214434183,-0.00667214434183,-0.00667214434183,-0.00667214434183,-0.00667214434183,-0.00667214434183,-0.00667214434183,-0.00667214434183,-0.00667214434183,-0.00667214434183,-0.00667214434183,-0.00667214434183,-0.00667214434183,-0.00667214434183,-0.00667214434183,-0.00667214434183,-0.00667214434183,-0.00667214434183,-0.00667214434183,-0.00667214434183,-0.00667214434183,-0.00667214434183,-0.00667214434183,-0.00667214434183,-0.00667214434183,-0.00667214434183,-0.00667214434183,-0.00667214434183,-0.00667214434183,-0.00667214434183,-0.00667214434183,-0.00667214434183,-0.00667214434183,-0.00667214434183,-0.00667214434183,-0.00667214434183,-0.00667214434183,-0.00667214434183,-0.00667214434183,-0.00667214434183,-0.00667214434183,-0.00667214434183,-0.00667214434183,-0.00667214434183,-0.00667214434183,-0.00667214434183,-0.00667214434183,-0.00667214434183,-0.00667214434183,-0.00667214434183,-0.00667214434183,-0.00667214434183,-0.00667214434183,-0.00667214434183,-0.00667214434183,-0.00667214434183,-0.00667214434183,-0.00667214434183,-0.00667214434183,-0.00667214434183,-0.00667214434183,-0.00667214434183,-0.00667214434183,-0.00667214434183,-0.00667214434183,-0.00667214434183,-0.00667214434183,-0.00667214434183,-0.00667214434183,-0.00667214434183,-0.00667214434183,-0.00667214434183,-0.00667214434183,-0.00667214434183,-0.00667214434183,-0.00667214434183,-0.00667214434183,-0.00667214434183,-0.00667214434183,-0.00667214434183,-0.00667214434183,-0.00667214434183,-0.00667214434183,-0.00667214434183
1795,-0.00682316701089,-0.00682316701089,-0.00682316701089,-0.00682316701089,-0.00682316701089,-0.00682316701089,-0.00682316701089,-0.00682316701089,-0.00682316701089,-0.00682316701089,-0.00682316701089,-0.00682316701089,-0.00682316701089,-0.00682316701089,-0.00682316701089,-0.00682316701089,-0.00682316701089,-0.00682316701089,-0.00682316701089,-0.00682316701089,-0.00682316701089,-0.00682316701089,-0.00682316701089,-0.00682316701089,-0.00682316701089,-0.00682316701089,-0.00682316701089,-0.00682316701089,-0.00682316701089,-0.00682316701089,-0.00682316701089,-0.00682316701089,-0.00682316701089,-0.00682316701089,-0.00682316701089,-0.00682316701089,-0.00682316701089,-0.00682316701089,-0.00682316701089,-0.00682316701089,-0.00682316701089,-0.00682316701089,-0.00682316701089,-0.00682316701089,-0.00682316701089,-0.00682316701089,-0.00682316701089,-0.00682316701089,-0.00682316701089,-0.00682316701089,-0.00682316701089,-0.00682316701089,-0.00682316701089,-0.00682316701089,-0.00682316701089,-0.00682316701089,-0.00682316701089,-0.00682316701089,-0.00682316701089,-0.00682316701089,-0.00682316701089,-0.00682316701089,-0.00682316701089,-0.00682316701089,-0.00682316701089,-0.00682316701089,-0.00682316701089,-0.00682316701089,-0.00682316701089,-0.00682316701089,-0.00682316701089,-0.00682316701089,-0.00682316701089,-0.00682316701089,-0.00682316701089,-0.00682316701089,-0.00682316701089,-0.00682316701089,-0.00682316701089,-0.00682316701089,-0.00682316701089,-0.00682316701089,-0.00682316701089,-0.00682316701089,-0.00682316701089,-0.00682316701089,-0.00682316701089,-0.00682316701089,-0.00682316701089,-0.00682316701089,-0.00682316701089,-0.00682316701089,-0.00682316701089,-0.00682316701089,-0.00682316701089,-0.00682316701089,-0.00682316701089,-0.00682316701089,-0.00682316701089,-0.00682316701089
1796,-0.00697416161062,-0.00697416161062,-0.00697416161062,-0.00697416161062,-0.00697416161062,-0.00697416161062,-0.00697416161062,-0.00697416161062,-0.00697416161062,-0.00697416161062,-0.00697416161062,-0.00697416161062,-0.00697416161062,-0.00697416161062,-0.00697416161062,-0.00697416161062,-0.00697416161062,-0.00697416161062,-0.00697416161062,-0.00697416161062,-0.00697416161062,-0.00697416161062,-0.00697416161062,-0.00697416161062,-0.00697416161062,-0.00697416161062,-0.00697416161062,-0.00697416161062,-0.00697416161062,-0.00697416161062,-0.00697416161062,-0.00697416161062,-0.00697416161062,-0.00697416161062,-0.00697416161062,-0.00697416161062,-0.00697416161062,-0.00697416161062,-0.00697416161062,-0.00697416161062,-0.00697416161062,-0.00697416161062,-0.00697416161062,-0.00697416161062,-0.00697416161062,-0.00697416161062,-0.00697416161062,-0.00697416161062,-0.00697416161062,-0.00697416161062,-0.00697416161062,-0.00697416161062,-0.00697416161062,-0.00697416161062,-0.00697416161062,-0.00697416161062,-0.00697416161062,-0.00697416161062,-0.00697416161062,-0.00697416161062,-0.00697416161062,-0.00697416161062,-0.00697416161062,-0.00697416161062,-0.00697416161062,-0.00697416161062,-0.00697416161062,-0.00697416161062,-0.00697416161062,-0.00697416161062,-0.00697416161062,-0.00697416161062,-0.00697416161062,-0.00697416161062,-0.00697416161062,-0.00697416161062,-0.00697416161062,-0.00697416161062,-0.00697416161062,-0.00697416161062,-0.00697416161062,-0.00697416161062,-0.00697416161062,-0.00697416161062,-0.00697416161062,-0.00697416161062,-0.00697416161062,-0.00697416161062,-0.00697416161062,-0.00697416161062,-0.00697416161062,-0.00697416161062,-0.00697416161062,-0.00697416161062,-0.00697416161062,-0.00697416161062,-0.00697416161062,-0.00697416161062,-0.00697416161062,-0.00697416161062
1797,-0.00712512814462,-0.00712512814462,-0.00712512814462,-0.00712512814462,-0.00712512814462,-0.00712512814462,-0.00712512814462,-0.00712512814462,-0.00712512814462,-0.00712512814462,-0.00712512814462,-0.00712512814462,-0.00712512814462,-0.00712512814462,-0.00712512814462,-0.00712512814462,-0.00712512814462,-0.00712512814462,-0.00712512814462,-0.00712512814462,-0.00712512814462,-0.00712512814462,-0.00712512814462,-0.00712512814462,-0.00712512814462,-0.00712512814462,-0.00712512814462,-0.00712512814462,-0.00712512814462,-0.00712512814462,-0.00712512814462,-0.00712512814462,-0.00712512814462,-0.00712512814462,-0.00712512814462,-0.00712512814462,-0.00712512814462,-0.00712512814462,-0.00712512814462,-0.00712512814462,-0.00712512814462,-0.00712512814462,-0.00712512814462,-0.00712512814462,-0.00712512814462,-0.00712512814462,-0.00712512814462,-0.00712512814462,-0.00712512814462,-0.00712512814462,-0.00712512814462,-0.00712512814462,-0.00712512814462,-0.00712512814462,-0.00712512814462,-0.00712512814462,-0.00712512814462,-0.00712512814462,-0.00712512814462,-0.00712512814462,-0.00712512814462,-0.00712512814462,-0.00712512814462,-0.00712512814462,-0.00712512814462,-0.00712512814462,-0.00712512814462,-0.00712512814462,-0.00712512814462,-0.00712512814462,-0.00712512814462,-0.00712512814462,-0.00712512814462,-0.00712512814462,-0.00712512814462,-0.00712512814462,-0.00712512814462,-0.00712512814462,-0.00712512814462,-0.00712512814462,-0.00712512814462,-0.00712512814462,-0.00712512814462,-0.00712512814462,-0.00712512814462,-0.00712512814462,-0.00712512814462,-0.00712512814462,-0.00712512814462,-0.00712512814462,-0.00712512814462,-0.00712512814462,-0.00712512814462,-0.00712512814462,-0.00712512814462,-0.00712512814462,-0.00712512814462,-0.00712512814462,-0.00712512814462,-0.00712512814462
1798,-0.00727606661637,-0.00727606661637,-0.00727606661637,-0.00727606661637,-0.00727606661637,-0.00727606661637,-0.00727606661637,-0.00727606661637,-0.00727606661637,-0.00727606661637,-0.00727606661637,-0.00727606661637,-0.00727606661637,-0.00727606661637,-0.00727606661637,-0.00727606661637,-0.00727606661637,-0.00727606661637,-0.00727606661637,-0.00727606661637,-0.00727606661637,-0.00727606661637,-0.00727606661637,-0.00727606661637,-0.00727606661637,-0.00727606661637,-0.00727606661637,-0.00727606661637,-0.00727606661637,-0.00727606661637,-0.00727606661637,-0.00727606661637,-0.00727606661637,-0.00727606661637,-0.00727606661637,-0.00727606661637,-0.00727606661637,-0.00727606661637,-0.00727606661637,-0.00727606661637,-0.00727606661637,-0.00727606661637,-0.00727606661637,-0.00727606661637,-0.00727606661637,-0.00727606661637,-0.00727606661637,-0.00727606661637,-0.00727606661637,-0.00727606661637,-0.00727606661637,-0.00727606661637,-0.00727606661637,-0.00727606661637,-0.00727606661637,-0.00727606661637,-0.00727606661637,-0.00727606661637,-0.00727606661637,-0.00727606661637,-0.00727606661637,-0.00727606661637,-0.00727606661637,-0.00727606661637,-0.00727606661637,-0.00727606661637,-0.00727606661637,-0.00727606661637,-0.00727606661637,-0.00727606661637,-0.00727606661637,-0.00727606661637,-0.00727606661637,-0.00727606661637,-0.00727606661637,-0.00727606661637,-0.00727606661637,-0.00727606661637,-0.00727606661637,-0.00727606661637,-0.00727606661637,-0.00727606661637,-0.00727606661637,-0.00727606661637,-0.00727606661637,-0.00727606661637,-0.00727606661637,-0.00727606661637,-0.00727606661637,-0.00727606661637,-0.00727606661637,-0.00727606661637,-0.00727606661637,-0.00727606661637,-0.00727606661637,-0.00727606661637,-0.00727606661637,-0.00727606661637,-0.00727606661637,-0.00727606661637
1799,-0.00742697702942,-0.00742697702942,-0.00742697702942,-0.00742697702942,-0.00742697702942,-0.00742697702942,-0.00742697702942,-0.00742697702942,-0.00742697702942,-0.00742697702942,-0.00742697702942,-0.00742697702942,-0.00742697702942,-0.00742697702942,-0.00742697702942,-0.00742697702942,-0.00742697702942,-0.00742697702942,-0.00742697702942,-0.00742697702942,-0.00742697702942,-0.00742697702942,-0.00742697702942,-0.00742697702942,-0.00742697702942,-0.00742697702942,-0.00742697702942,-0.00742697702942,-0.00742697702942,-0.00742697702942,-0.00742697702942,-0.00742697702942,-0.00742697702942,-0.00742697702942,-0.00742697702942,-0.00742697702942,-0.00742697702942,-0.00742697702942,-0.00742697702942,-0.00742697702942,-0.00742697702942,-0.00742697702942,-0.00742697702942,-0.00742697702942,-0.00742697702942,-0.00742697702942,-0.00742697702942,-0.00742697702942,-0.00742697702942,-0.00742697702942,-0.00742697702942,-0.00742697702942,-0.00742697702942,-0.00742697702942,-0.00742697702942,-0.00742697702942,-0.00742697702942,-0.00742697702942,-0.00742697702942,-0.00742697702942,-0.00742697702942,-0.00742697702942,-0.00742697702942,-0.00742697702942,-0.00742697702942,-0.00742697702942,-0.00742697702942,-0.00742697702942,-0.00742697702942,-0.00742697702942,-0.00742697702942,-0.00742697702942,-0.00742697702942,-0.00742697702942,-0.00742697702942,-0.00742697702942,-0.00742697702942,-0.00742697702942,-0.00742697702942,-0.00742697702942,-0.00742697702942,-0.00742697702942,-0.00742697702942,-0.00742697702942,-0.00742697702942,-0.00742697702942,-0.00742697702942,-0.00742697702942,-0.00742697702942,-0.00742697702942,-0.00742697702942,-0.00742697702942,-0.00742697702942,-0.00742697702942,-0.00742697702942,-0.00742697702942,-0.00742697702942,-0.00742697702942,-0.00742697702942,-0.00742697702942
1800,-0.00757785938735,-0.00757785938735,-0.00757785938735,-0.00757785938735,-0.00757785938735,-0.00757785938735,-0.00757785938735,-0.00757785938735,-0.00757785938735,-0.00757785938735,-0.00757785938735,-0.00757785938735,-0.00757785938735,-0.00757785938735,-0.00757785938735,-0.00757785938735,-0.00757785938735,-0.00757785938735,-0.00757785938735,-0.00757785938735,-0.00757785938735,-0.00757785938735,-0.00757785938735,-0.00757785938735,-0.00757785938735,-0.00757785938735,-0.00757785938735,-0.00757785938735,-0.00757785938735,-0.00757785938735,-0.00757785938735,-0.00757785938735,-0.00757785938735,-0.00757785938735,-0.00757785938735,-0.00757785938735,-0.00757785938735,-0.00757785938735,-0.00757785938735,-0.00757785938735,-0.00757785938735,-0.00757785938735,-0.00757785938735,-0.00757785938735,-0.00757785938735,-0.00757785938735,-0.00757785938735,-0.00757785938735,-0.00757785938735,-0.00757785938735,-0.00757785938735,-0.00757785938735,-0.00757785938735,-0.00757785938735,-0.00757785938735,-0.00757785938735,-0.00757785938735,-0.00757785938735,-0.00757785938735,-0.00757785938735,-0.00757785938735,-0.00757785938735,-0.00757785938735,-0.00757785938735,-0.00757785938735,-0.00757785938735,-0.00757785938735,-0.00757785938735,-0.00757785938735,-0.00757785938735,-0.00757785938735,-0.00757785938735,-0.00757785938735,-0.00757785938735,-0.00757785938735,-0.00757785938735,-0.00757785938735,-0.00757785938735,-0.00757785938735,-0.00757785938735,-0.00757785938735,-0.00757785938735,-0.00757785938735,-0.00757785938735,-0.00757785938735,-0.00757785938735,-0.00757785938735,-0.00757785938735,-0.00757785938735,-0.00757785938735,-0.00757785938735,-0.00757785938735,-0.00757785938735,-0.00757785938735,-0.00757785938735,-0.00757785938735,-0.00757785938735,-0.00757785938735,-0.00757785938735,-0.00757785938735
1801,-0.00772871369363,-0.00772871369363,-0.00772871369363,-0.00772871369363,-0.00772871369363,-0.00772871369363,-0.00772871369363,-0.00772871369363,-0.00772871369363,-0.00772871369363,-0.00772871369363,-0.00772871369363,-0.00772871369363,-0.00772871369363,-0.00772871369363,-0.00772871369363,-0.00772871369363,-0.00772871369363,-0.00772871369363,-0.00772871369363,-0.00772871369363,-0.00772871369363,-0.00772871369363,-0.00772871369363,-0.00772871369363,-0.00772871369363,-0.00772871369363,-0.00772871369363,-0.00772871369363,-0.00772871369363,-0.00772871369363,-0.00772871369363,-0.00772871369363,-0.00772871369363,-0.00772871369363,-0.00772871369363,-0.00772871369363,-0.00772871369363,-0.00772871369363,-0.00772871369363,-0.00772871369363,-0.00772871369363,-0.00772871369363,-0.00772871369363,-0.00772871369363,-0.00772871369363,-0.00772871369363,-0.00772871369363,-0.00772871369363,-0.00772871369363,-0.00772871369363,-0.00772871369363,-0.00772871369363,-0.00772871369363,-0.00772871369363,-0.00772871369363,-0.00772871369363,-0.00772871369363,-0.00772871369363,-0.00772871369363,-0.00772871369363,-0.00772871369363,-0.00772871369363,-0.00772871369363,-0.00772871369363,-0.00772871369363,-0.00772871369363,-0.00772871369363,-0.00772871369363,-0.00772871369363,-0.00772871369363,-0.00772871369363,-0.00772871369363,-0.00772871369363,-0.00772871369363,-0.00772871369363,-0.00772871369363,-0.00772871369363,-0.00772871369363,-0.00772871369363,-0.00772871369363,-0.00772871369363,-0.00772871369363,-0.00772871369363,-0.00772871369363,-0.00772871369363,-0.00772871369363,-0.00772871369363,-0.00772871369363,-0.00772871369363,-0.00772871369363,-0.00772871369363,-0.00772871369363,-0.00772871369363,-0.00772871369363,-0.00772871369363,-0.00772871369363,-0.00772871369363,-0.00772871369363,-0.00772871369363
1802,-0.00787953995188,-0.00787953995188,-0.00787953995188,-0.00787953995188,-0.00787953995188,-0.00787953995188,-0.00787953995188,-0.00787953995188,-0.00787953995188,-0.00787953995188,-0.00787953995188,-0.00787953995188,-0.00787953995188,-0.00787953995188,-0.00787953995188,-0.00787953995188,-0.00787953995188,-0.00787953995188,-0.00787953995188,-0.00787953995188,-0.00787953995188,-0.00787953995188,-0.00787953995188,-0.00787953995188,-0.00787953995188,-0.00787953995188,-0.00787953995188,-0.00787953995188,-0.00787953995188,-0.00787953995188,-0.00787953995188,-0.00787953995188,-0.00787953995188,-0.00787953995188,-0.00787953995188,-0.00787953995188,-0.00787953995188,-0.00787953995188,-0.00787953995188,-0.00787953995188,-0.00787953995188,-0.00787953995188,-0.00787953995188,-0.00787953995188,-0.00787953995188,-0.00787953995188,-0.00787953995188,-0.00787953995188,-0.00787953995188,-0.00787953995188,-0.00787953995188,-0.00787953995188,-0.00787953995188,-0.00787953995188,-0.00787953995188,-0.00787953995188,-0.00787953995188,-0.00787953995188,-0.00787953995188,-0.00787953995188,-0.00787953995188,-0.00787953995188,-0.00787953995188,-0.00787953995188,-0.00787953995188,-0.00787953995188,-0.00787953995188,-0.00787953995188,-0.00787953995188,-0.00787953995188,-0.00787953995188,-0.00787953995188,-0.00787953995188,-0.00787953995188,-0.00787953995188,-0.00787953995188,-0.00787953995188,-0.00787953995188,-0.00787953995188,-0.00787953995188,-0.00787953995188,-0.00787953995188,-0.00787953995188,-0.00787953995188,-0.00787953995188,-0.00787953995188,-0.00787953995188,-0.00787953995188,-0.00787953995188,-0.00787953995188,-0.00787953995188,-0.00787953995188,-0.00787953995188,-0.00787953995188,-0.00787953995188,-0.00787953995188,-0.00787953995188,-0.00787953995188,-0.00787953995188,-0.00787953995188
1803,-0.00803033816558,-0.00803033816558,-0.00803033816558,-0.00803033816558,-0.00803033816558,-0.00803033816558,-0.00803033816558,-0.00803033816558,-0.00803033816558,-0.00803033816558,-0.00803033816558,-0.00803033816558,-0.00803033816558,-0.00803033816558,-0.00803033816558,-0.00803033816558,-0.00803033816558,-0.00803033816558,-0.00803033816558,-0.00803033816558,-0.00803033816558,-0.00803033816558,-0.00803033816558,-0.00803033816558,-0.00803033816558,-0.00803033816558,-0.00803033816558,-0.00803033816558,-0.00803033816558,-0.00803033816558,-0.00803033816558,-0.00803033816558,-0.00803033816558,-0.00803033816558,-0.00803033816558,-0.00803033816558,-0.00803033816558,-0.00803033816558,-0.00803033816558,-0.00803033816558,-0.00803033816558,-0.00803033816558,-0.00803033816558,-0.00803033816558,-0.00803033816558,-0.00803033816558,-0.00803033816558,-0.00803033816558,-0.00803033816558,-0.00803033816558,-0.00803033816558,-0.00803033816558,-0.00803033816558,-0.00803033816558,-0.00803033816558,-0.00803033816558,-0.00803033816558,-0.00803033816558,-0.00803033816558,-0.00803033816558,-0.00803033816558,-0.00803033816558,-0.00803033816558,-0.00803033816558,-0.00803033816558,-0.00803033816558,-0.00803033816558,-0.00803033816558,-0.00803033816558,-0.00803033816558,-0.00803033816558,-0.00803033816558,-0.00803033816558,-0.00803033816558,-0.00803033816558,-0.00803033816558,-0.00803033816558,-0.00803033816558,-0.00803033816558,-0.00803033816558,-0.00803033816558,-0.00803033816558,-0.00803033816558,-0.00803033816558,-0.00803033816558,-0.00803033816558,-0.00803033816558,-0.00803033816558,-0.00803033816558,-0.00803033816558,-0.00803033816558,-0.00803033816558,-0.00803033816558,-0.00803033816558,-0.00803033816558,-0.00803033816558,-0.00803033816558,-0.00803033816558,-0.00803033816558,-0.00803033816558
1804,-0.0081811083383,-0.0081811083383,-0.0081811083383,-0.0081811083383,-0.0081811083383,-0.0081811083383,-0.0081811083383,-0.0081811083383,-0.0081811083383,-0.0081811083383,-0.0081811083383,-0.0081811083383,-0.0081811083383,-0.0081811083383,-0.0081811083383,-0.0081811083383,-0.0081811083383,-0.0081811083383,-0.0081811083383,-0.0081811083383,-0.0081811083383,-0.0081811083383,-0.0081811083383,-0.0081811083383,-0.0081811083383,-0.0081811083383,-0.0081811083383,-0.0081811083383,-0.0081811083383,-0.0081811083383,-0.0081811083383,-0.0081811083383,-0.0081811083383,-0.0081811083383,-0.0081811083383,-0.0081811083383,-0.0081811083383,-0.0081811083383,-0.0081811083383,-0.0081811083383,-0.0081811083383,-0.0081811083383,-0.0081811083383,-0.0081811083383,-0.0081811083383,-0.0081811083383,-0.0081811083383,-0.0081811083383,-0.0081811083383,-0.0081811083383,-0.0081811083383,-0.0081811083383,-0.0081811083383,-0.0081811083383,-0.0081811083383,-0.0081811083383,-0.0081811083383,-0.0081811083383,-0.0081811083383,-0.0081811083383,-0.0081811083383,-0.0081811083383,-0.0081811083383,-0.0081811083383,-0.0081811083383,-0.0081811083383,-0.0081811083383,-0.0081811083383,-0.0081811083383,-0.0081811083383,-0.0081811083383,-0.0081811083383,-0.0081811083383,-0.0081811083383,-0.0081811083383,-0.0081811083383,-0.0081811083383,-0.0081811083383,-0.0081811083383,-0.0081811083383,-0.0081811083383,-0.0081811083383,-0.0081811083383,-0.0081811083383,-0.0081811083383,-0.0081811083383,-0.0081811083383,-0.0081811083383,-0.0081811083383,-0.0081811083383,-0.0081811083383,-0.0081811083383,-0.0081811083383,-0.0081811083383,-0.0081811083383,-0.0081811083383,-0.0081811083383,-0.0081811083383,-0.0081811083383,-0.0081811083383
1805,-0.00833185047355,-0.00833185047355,-0.00833185047355,-0.00833185047355,-0.00833185047355,-0.00833185047355,-0.00833185047355,-0.00833185047355,-0.00833185047355,-0.00833185047355,-0.00833185047355,-0.00833185047355,-0.00833185047355,-0.00833185047355,-0.00833185047355,-0.00833185047355,-0.00833185047355,-0.00833185047355,-0.00833185047355,-0.00833185047355,-0.00833185047355,-0.00833185047355,-0.00833185047355,-0.00833185047355,-0.00833185047355,-0.00833185047355,-0.00833185047355,-0.00833185047355,-0.00833185047355,-0.00833185047355,-0.00833185047355,-0.00833185047355,-0.00833185047355,-0.00833185047355,-0.00833185047355,-0.00833185047355,-0.00833185047355,-0.00833185047355,-0.00833185047355,-0.00833185047355,-0.00833185047355,-0.00833185047355,-0.00833185047355,-0.00833185047355,-0.00833185047355,-0.00833185047355,-0.00833185047355,-0.00833185047355,-0.00833185047355,-0.00833185047355,-0.00833185047355,-0.00833185047355,-0.00833185047355,-0.00833185047355,-0.00833185047355,-0.00833185047355,-0.00833185047355,-0.00833185047355,-0.00833185047355,-0.00833185047355,-0.00833185047355,-0.00833185047355,-0.00833185047355,-0.00833185047355,-0.00833185047355,-0.00833185047355,-0.00833185047355,-0.00833185047355,-0.00833185047355,-0.00833185047355,-0.00833185047355,-0.00833185047355,-0.00833185047355,-0.00833185047355,-0.00833185047355,-0.00833185047355,-0.00833185047355,-0.00833185047355,-0.00833185047355,-0.00833185047355,-0.00833185047355,-0.00833185047355,-0.00833185047355,-0.00833185047355,-0.00833185047355,-0.00833185047355,-0.00833185047355,-0.00833185047355,-0.00833185047355,-0.00833185047355,-0.00833185047355,-0.00833185047355,-0.00833185047355,-0.00833185047355,-0.00833185047355,-0.00833185047355,-0.00833185047355,-0.00833185047355,-0.00833185047355,-0.00833185047355
1806,-0.00848256457493,-0.00848256457493,-0.00848256457493,-0.00848256457493,-0.00848256457493,-0.00848256457493,-0.00848256457493,-0.00848256457493,-0.00848256457493,-0.00848256457493,-0.00848256457493,-0.00848256457493,-0.00848256457493,-0.00848256457493,-0.00848256457493,-0.00848256457493,-0.00848256457493,-0.00848256457493,-0.00848256457493,-0.00848256457493,-0.00848256457493,-0.00848256457493,-0.00848256457493,-0.00848256457493,-0.00848256457493,-0.00848256457493,-0.00848256457493,-0.00848256457493,-0.00848256457493,-0.00848256457493,-0.00848256457493,-0.00848256457493,-0.00848256457493,-0.00848256457493,-0.00848256457493,-0.00848256457493,-0.00848256457493,-0.00848256457493,-0.00848256457493,-0.00848256457493,-0.00848256457493,-0.00848256457493,-0.00848256457493,-0.00848256457493,-0.00848256457493,-0.00848256457493,-0.00848256457493,-0.00848256457493,-0.00848256457493,-0.00848256457493,-0.00848256457493,-0.00848256457493,-0.00848256457493,-0.00848256457493,-0.00848256457493,-0.00848256457493,-0.00848256457493,-0.00848256457493,-0.00848256457493,-0.00848256457493,-0.00848256457493,-0.00848256457493,-0.00848256457493,-0.00848256457493,-0.00848256457493,-0.00848256457493,-0.00848256457493,-0.00848256457493,-0.00848256457493,-0.00848256457493,-0.00848256457493,-0.00848256457493,-0.00848256457493,-0.00848256457493,-0.00848256457493,-0.00848256457493,-0.00848256457493,-0.00848256457493,-0.00848256457493,-0.00848256457493,-0.00848256457493,-0.00848256457493,-0.00848256457493,-0.00848256457493,-0.00848256457493,-0.00848256457493,-0.00848256457493,-0.00848256457493,-0.00848256457493,-0.00848256457493,-0.00848256457493,-0.00848256457493,-0.00848256457493,-0.00848256457493,-0.00848256457493,-0.00848256457493,-0.00848256457493,-0.00848256457493,-0.00848256457493,-0.00848256457493
1807,-0.00863325064593,-0.00863325064593,-0.00863325064593,-0.00863325064593,-0.00863325064593,-0.00863325064593,-0.00863325064593,-0.00863325064593,-0.00863325064593,-0.00863325064593,-0.00863325064593,-0.00863325064593,-0.00863325064593,-0.00863325064593,-0.00863325064593,-0.00863325064593,-0.00863325064593,-0.00863325064593,-0.00863325064593,-0.00863325064593,-0.00863325064593,-0.00863325064593,-0.00863325064593,-0.00863325064593,-0.00863325064593,-0.00863325064593,-0.00863325064593,-0.00863325064593,-0.00863325064593,-0.00863325064593,-0.00863325064593,-0.00863325064593,-0.00863325064593,-0.00863325064593,-0.00863325064593,-0.00863325064593,-0.00863325064593,-0.00863325064593,-0.00863325064593,-0.00863325064593,-0.00863325064593,-0.00863325064593,-0.00863325064593,-0.00863325064593,-0.00863325064593,-0.00863325064593,-0.00863325064593,-0.00863325064593,-0.00863325064593,-0.00863325064593,-0.00863325064593,-0.00863325064593,-0.00863325064593,-0.00863325064593,-0.00863325064593,-0.00863325064593,-0.00863325064593,-0.00863325064593,-0.00863325064593,-0.00863325064593,-0.00863325064593,-0.00863325064593,-0.00863325064593,-0.00863325064593,-0.00863325064593,-0.00863325064593,-0.00863325064593,-0.00863325064593,-0.00863325064593,-0.00863325064593,-0.00863325064593,-0.00863325064593,-0.00863325064593,-0.00863325064593,-0.00863325064593,-0.00863325064593,-0.00863325064593,-0.00863325064593,-0.00863325064593,-0.00863325064593,-0.00863325064593,-0.00863325064593,-0.00863325064593,-0.00863325064593,-0.00863325064593,-0.00863325064593,-0.00863325064593,-0.00863325064593,-0.00863325064593,-0.00863325064593,-0.00863325064593,-0.00863325064593,-0.00863325064593,-0.00863325064593,-0.00863325064593,-0.00863325064593,-0.00863325064593,-0.00863325064593,-0.00863325064593,-0.00863325064593
1808,-0.00878390869013,-0.00878390869013,-0.00878390869013,-0.00878390869013,-0.00878390869013,-0.00878390869013,-0.00878390869013,-0.00878390869013,-0.00878390869013,-0.00878390869013,-0.00878390869013,-0.00878390869013,-0.00878390869013,-0.00878390869013,-0.00878390869013,-0.00878390869013,-0.00878390869013,-0.00878390869013,-0.00878390869013,-0.00878390869013,-0.00878390869013,-0.00878390869013,-0.00878390869013,-0.00878390869013,-0.00878390869013,-0.00878390869013,-0.00878390869013,-0.00878390869013,-0.00878390869013,-0.00878390869013,-0.00878390869013,-0.00878390869013,-0.00878390869013,-0.00878390869013,-0.00878390869013,-0.00878390869013,-0.00878390869013,-0.00878390869013,-0.00878390869013,-0.00878390869013,-0.00878390869013,-0.00878390869013,-0.00878390869013,-0.00878390869013,-0.00878390869013,-0.00878390869013,-0.00878390869013,-0.00878390869013,-0.00878390869013,-0.00878390869013,-0.00878390869013,-0.00878390869013,-0.00878390869013,-0.00878390869013,-0.00878390869013,-0.00878390869013,-0.00878390869013,-0.00878390869013,-0.00878390869013,-0.00878390869013,-0.00878390869013,-0.00878390869013,-0.00878390869013,-0.00878390869013,-0.00878390869013,-0.00878390869013,-0.00878390869013,-0.00878390869013,-0.00878390869013,-0.00878390869013,-0.00878390869013,-0.00878390869013,-0.00878390869013,-0.00878390869013,-0.00878390869013,-0.00878390869013,-0.00878390869013,-0.00878390869013,-0.00878390869013,-0.00878390869013,-0.00878390869013,-0.00878390869013,-0.00878390869013,-0.00878390869013,-0.00878390869013,-0.00878390869013,-0.00878390869013,-0.00878390869013,-0.00878390869013,-0.00878390869013,-0.00878390869013,-0.00878390869013,-0.00878390869013,-0.00878390869013,-0.00878390869013,-0.00878390869013,-0.00878390869013,-0.00878390869013,-0.00878390869013,-0.00878390869013
1809,-0.00893453871103,-0.00893453871103,-0.00893453871103,-0.00893453871103,-0.00893453871103,-0.00893453871103,-0.00893453871103,-0.00893453871103,-0.00893453871103,-0.00893453871103,-0.00893453871103,-0.00893453871103,-0.00893453871103,-0.00893453871103,-0.00893453871103,-0.00893453871103,-0.00893453871103,-0.00893453871103,-0.00893453871103,-0.00893453871103,-0.00893453871103,-0.00893453871103,-0.00893453871103,-0.00893453871103,-0.00893453871103,-0.00893453871103,-0.00893453871103,-0.00893453871103,-0.00893453871103,-0.00893453871103,-0.00893453871103,-0.00893453871103,-0.00893453871103,-0.00893453871103,-0.00893453871103,-0.00893453871103,-0.00893453871103,-0.00893453871103,-0.00893453871103,-0.00893453871103,-0.00893453871103,-0.00893453871103,-0.00893453871103,-0.00893453871103,-0.00893453871103,-0.00893453871103,-0.00893453871103,-0.00893453871103,-0.00893453871103,-0.00893453871103,-0.00893453871103,-0.00893453871103,-0.00893453871103,-0.00893453871103,-0.00893453871103,-0.00893453871103,-0.00893453871103,-0.00893453871103,-0.00893453871103,-0.00893453871103,-0.00893453871103,-0.00893453871103,-0.00893453871103,-0.00893453871103,-0.00893453871103,-0.00893453871103,-0.00893453871103,-0.00893453871103,-0.00893453871103,-0.00893453871103,-0.00893453871103,-0.00893453871103,-0.00893453871103,-0.00893453871103,-0.00893453871103,-0.00893453871103,-0.00893453871103,-0.00893453871103,-0.00893453871103,-0.00893453871103,-0.00893453871103,-0.00893453871103,-0.00893453871103,-0.00893453871103,-0.00893453871103,-0.00893453871103,-0.00893453871103,-0.00893453871103,-0.00893453871103,-0.00893453871103,-0.00893453871103,-0.00893453871103,-0.00893453871103,-0.00893453871103,-0.00893453871103,-0.00893453871103,-0.00893453871103,-0.00893453871103,-0.00893453871103,-0.00893453871103
1810,-0.00908514071224,-0.00908514071224,-0.00908514071224,-0.00908514071224,-0.00908514071224,-0.00908514071224,-0.00908514071224,-0.00908514071224,-0.00908514071224,-0.00908514071224,-0.00908514071224,-0.00908514071224,-0.00908514071224,-0.00908514071224,-0.00908514071224,-0.00908514071224,-0.00908514071224,-0.00908514071224,-0.00908514071224,-0.00908514071224,-0.00908514071224,-0.00908514071224,-0.00908514071224,-0.00908514071224,-0.00908514071224,-0.00908514071224,-0.00908514071224,-0.00908514071224,-0.00908514071224,-0.00908514071224,-0.00908514071224,-0.00908514071224,-0.00908514071224,-0.00908514071224,-0.00908514071224,-0.00908514071224,-0.00908514071224,-0.00908514071224,-0.00908514071224,-0.00908514071224,-0.00908514071224,-0.00908514071224,-0.00908514071224,-0.00908514071224,-0.00908514071224,-0.00908514071224,-0.00908514071224,-0.00908514071224,-0.00908514071224,-0.00908514071224,-0.00908514071224,-0.00908514071224,-0.00908514071224,-0.00908514071224,-0.00908514071224,-0.00908514071224,-0.00908514071224,-0.00908514071224,-0.00908514071224,-0.00908514071224,-0.00908514071224,-0.00908514071224,-0.00908514071224,-0.00908514071224,-0.00908514071224,-0.00908514071224,-0.00908514071224,-0.00908514071224,-0.00908514071224,-0.00908514071224,-0.00908514071224,-0.00908514071224,-0.00908514071224,-0.00908514071224,-0.00908514071224,-0.00908514071224,-0.00908514071224,-0.00908514071224,-0.00908514071224,-0.00908514071224,-0.00908514071224,-0.00908514071224,-0.00908514071224,-0.00908514071224,-0.00908514071224,-0.00908514071224,-0.00908514071224,-0.00908514071224,-0.00908514071224,-0.00908514071224,-0.00908514071224,-0.00908514071224,-0.00908514071224,-0.00908514071224,-0.00908514071224,-0.00908514071224,-0.00908514071224,-0.00908514071224,-0.00908514071224,-0.00908514071224
1811,-0.00923571469724,-0.00923571469724,-0.00923571469724,-0.00923571469724,-0.00923571469724,-0.00923571469724,-0.00923571469724,-0.00923571469724,-0.00923571469724,-0.00923571469724,-0.00923571469724,-0.00923571469724,-0.00923571469724,-0.00923571469724,-0.00923571469724,-0.00923571469724,-0.00923571469724,-0.00923571469724,-0.00923571469724,-0.00923571469724,-0.00923571469724,-0.00923571469724,-0.00923571469724,-0.00923571469724,-0.00923571469724,-0.00923571469724,-0.00923571469724,-0.00923571469724,-0.00923571469724,-0.00923571469724,-0.00923571469724,-0.00923571469724,-0.00923571469724,-0.00923571469724,-0.00923571469724,-0.00923571469724,-0.00923571469724,-0.00923571469724,-0.00923571469724,-0.00923571469724,-0.00923571469724,-0.00923571469724,-0.00923571469724,-0.00923571469724,-0.00923571469724,-0.00923571469724,-0.00923571469724,-0.00923571469724,-0.00923571469724,-0.00923571469724,-0.00923571469724,-0.00923571469724,-0.00923571469724,-0.00923571469724,-0.00923571469724,-0.00923571469724,-0.00923571469724,-0.00923571469724,-0.00923571469724,-0.00923571469724,-0.00923571469724,-0.00923571469724,-0.00923571469724,-0.00923571469724,-0.00923571469724,-0.00923571469724,-0.00923571469724,-0.00923571469724,-0.00923571469724,-0.00923571469724,-0.00923571469724,-0.00923571469724,-0.00923571469724,-0.00923571469724,-0.00923571469724,-0.00923571469724,-0.00923571469724,-0.00923571469724,-0.00923571469724,-0.00923571469724,-0.00923571469724,-0.00923571469724,-0.00923571469724,-0.00923571469724,-0.00923571469724,-0.00923571469724,-0.00923571469724,-0.00923571469724,-0.00923571469724,-0.00923571469724,-0.00923571469724,-0.00923571469724,-0.00923571469724,-0.00923571469724,-0.00923571469724,-0.00923571469724,-0.00923571469724,-0.00923571469724,-0.00923571469724,-0.00923571469724
1812,-0.00938626066961,-0.00938626066961,-0.00938626066961,-0.00938626066961,-0.00938626066961,-0.00938626066961,-0.00938626066961,-0.00938626066961,-0.00938626066961,-0.00938626066961,-0.00938626066961,-0.00938626066961,-0.00938626066961,-0.00938626066961,-0.00938626066961,-0.00938626066961,-0.00938626066961,-0.00938626066961,-0.00938626066961,-0.00938626066961,-0.00938626066961,-0.00938626066961,-0.00938626066961,-0.00938626066961,-0.00938626066961,-0.00938626066961,-0.00938626066961,-0.00938626066961,-0.00938626066961,-0.00938626066961,-0.00938626066961,-0.00938626066961,-0.00938626066961,-0.00938626066961,-0.00938626066961,-0.00938626066961,-0.00938626066961,-0.00938626066961,-0.00938626066961,-0.00938626066961,-0.00938626066961,-0.00938626066961,-0.00938626066961,-0.00938626066961,-0.00938626066961,-0.00938626066961,-0.00938626066961,-0.00938626066961,-0.00938626066961,-0.00938626066961,-0.00938626066961,-0.00938626066961,-0.00938626066961,-0.00938626066961,-0.00938626066961,-0.00938626066961,-0.00938626066961,-0.00938626066961,-0.00938626066961,-0.00938626066961,-0.00938626066961,-0.00938626066961,-0.00938626066961,-0.00938626066961,-0.00938626066961,-0.00938626066961,-0.00938626066961,-0.00938626066961,-0.00938626066961,-0.00938626066961,-0.00938626066961,-0.00938626066961,-0.00938626066961,-0.00938626066961,-0.00938626066961,-0.00938626066961,-0.00938626066961,-0.00938626066961,-0.00938626066961,-0.00938626066961,-0.00938626066961,-0.00938626066961,-0.00938626066961,-0.00938626066961,-0.00938626066961,-0.00938626066961,-0.00938626066961,-0.00938626066961,-0.00938626066961,-0.00938626066961,-0.00938626066961,-0.00938626066961,-0.00938626066961,-0.00938626066961,-0.00938626066961,-0.00938626066961,-0.00938626066961,-0.00938626066961,-0.00938626066961,-0.00938626066961
1813,-0.00953677863289,-0.00953677863289,-0.00953677863289,-0.00953677863289,-0.00953677863289,-0.00953677863289,-0.00953677863289,-0.00953677863289,-0.00953677863289,-0.00953677863289,-0.00953677863289,-0.00953677863289,-0.00953677863289,-0.00953677863289,-0.00953677863289,-0.00953677863289,-0.00953677863289,-0.00953677863289,-0.00953677863289,-0.00953677863289,-0.00953677863289,-0.00953677863289,-0.00953677863289,-0.00953677863289,-0.00953677863289,-0.00953677863289,-0.00953677863289,-0.00953677863289,-0.00953677863289,-0.00953677863289,-0.00953677863289,-0.00953677863289,-0.00953677863289,-0.00953677863289,-0.00953677863289,-0.00953677863289,-0.00953677863289,-0.00953677863289,-0.00953677863289,-0.00953677863289,-0.00953677863289,-0.00953677863289,-0.00953677863289,-0.00953677863289,-0.00953677863289,-0.00953677863289,-0.00953677863289,-0.00953677863289,-0.00953677863289,-0.00953677863289,-0.00953677863289,-0.00953677863289,-0.00953677863289,-0.00953677863289,-0.00953677863289,-0.00953677863289,-0.00953677863289,-0.00953677863289,-0.00953677863289,-0.00953677863289,-0.00953677863289,-0.00953677863289,-0.00953677863289,-0.00953677863289,-0.00953677863289,-0.00953677863289,-0.00953677863289,-0.00953677863289,-0.00953677863289,-0.00953677863289,-0.00953677863289,-0.00953677863289,-0.00953677863289,-0.00953677863289,-0.00953677863289,-0.00953677863289,-0.00953677863289,-0.00953677863289,-0.00953677863289,-0.00953677863289,-0.00953677863289,-0.00953677863289,-0.00953677863289,-0.00953677863289,-0.00953677863289,-0.00953677863289,-0.00953677863289,-0.00953677863289,-0.00953677863289,-0.00953677863289,-0.00953677863289,-0.00953677863289,-0.00953677863289,-0.00953677863289,-0.00953677863289,-0.00953677863289,-0.00953677863289,-0.00953677863289,-0.00953677863289,-0.00953677863289
1814,-0.00968726859063,-0.00968726859063,-0.00968726859063,-0.00968726859063,-0.00968726859063,-0.00968726859063,-0.00968726859063,-0.00968726859063,-0.00968726859063,-0.00968726859063,-0.00968726859063,-0.00968726859063,-0.00968726859063,-0.00968726859063,-0.00968726859063,-0.00968726859063,-0.00968726859063,-0.00968726859063,-0.00968726859063,-0.00968726859063,-0.00968726859063,-0.00968726859063,-0.00968726859063,-0.00968726859063,-0.00968726859063,-0.00968726859063,-0.00968726859063,-0.00968726859063,-0.00968726859063,-0.00968726859063,-0.00968726859063,-0.00968726859063,-0.00968726859063,-0.00968726859063,-0.00968726859063,-0.00968726859063,-0.00968726859063,-0.00968726859063,-0.00968726859063,-0.00968726859063,-0.00968726859063,-0.00968726859063,-0.00968726859063,-0.00968726859063,-0.00968726859063,-0.00968726859063,-0.00968726859063,-0.00968726859063,-0.00968726859063,-0.00968726859063,-0.00968726859063,-0.00968726859063,-0.00968726859063,-0.00968726859063,-0.00968726859063,-0.00968726859063,-0.00968726859063,-0.00968726859063,-0.00968726859063,-0.00968726859063,-0.00968726859063,-0.00968726859063,-0.00968726859063,-0.00968726859063,-0.00968726859063,-0.00968726859063,-0.00968726859063,-0.00968726859063,-0.00968726859063,-0.00968726859063,-0.00968726859063,-0.00968726859063,-0.00968726859063,-0.00968726859063,-0.00968726859063,-0.00968726859063,-0.00968726859063,-0.00968726859063,-0.00968726859063,-0.00968726859063,-0.00968726859063,-0.00968726859063,-0.00968726859063,-0.00968726859063,-0.00968726859063,-0.00968726859063,-0.00968726859063,-0.00968726859063,-0.00968726859063,-0.00968726859063,-0.00968726859063,-0.00968726859063,-0.00968726859063,-0.00968726859063,-0.00968726859063,-0.00968726859063,-0.00968726859063,-0.00968726859063,-0.00968726859063,-0.00968726859063
1815,-0.00983773054637,-0.00983773054637,-0.00983773054637,-0.00983773054637,-0.00983773054637,-0.00983773054637,-0.00983773054637,-0.00983773054637,-0.00983773054637,-0.00983773054637,-0.00983773054637,-0.00983773054637,-0.00983773054637,-0.00983773054637,-0.00983773054637,-0.00983773054637,-0.00983773054637,-0.00983773054637,-0.00983773054637,-0.00983773054637,-0.00983773054637,-0.00983773054637,-0.00983773054637,-0.00983773054637,-0.00983773054637,-0.00983773054637,-0.00983773054637,-0.00983773054637,-0.00983773054637,-0.00983773054637,-0.00983773054637,-0.00983773054637,-0.00983773054637,-0.00983773054637,-0.00983773054637,-0.00983773054637,-0.00983773054637,-0.00983773054637,-0.00983773054637,-0.00983773054637,-0.00983773054637,-0.00983773054637,-0.00983773054637,-0.00983773054637,-0.00983773054637,-0.00983773054637,-0.00983773054637,-0.00983773054637,-0.00983773054637,-0.00983773054637,-0.00983773054637,-0.00983773054637,-0.00983773054637,-0.00983773054637,-0.00983773054637,-0.00983773054637,-0.00983773054637,-0.00983773054637,-0.00983773054637,-0.00983773054637,-0.00983773054637,-0.00983773054637,-0.00983773054637,-0.00983773054637,-0.00983773054637,-0.00983773054637,-0.00983773054637,-0.00983773054637,-0.00983773054637,-0.00983773054637,-0.00983773054637,-0.00983773054637,-0.00983773054637,-0.00983773054637,-0.00983773054637,-0.00983773054637,-0.00983773054637,-0.00983773054637,-0.00983773054637,-0.00983773054637,-0.00983773054637,-0.00983773054637,-0.00983773054637,-0.00983773054637,-0.00983773054637,-0.00983773054637,-0.00983773054637,-0.00983773054637,-0.00983773054637,-0.00983773054637,-0.00983773054637,-0.00983773054637,-0.00983773054637,-0.00983773054637,-0.00983773054637,-0.00983773054637,-0.00983773054637,-0.00983773054637,-0.00983773054637,-0.00983773054637
1816,-0.00998816450365,-0.00998816450365,-0.00998816450365,-0.00998816450365,-0.00998816450365,-0.00998816450365,-0.00998816450365,-0.00998816450365,-0.00998816450365,-0.00998816450365,-0.00998816450365,-0.00998816450365,-0.00998816450365,-0.00998816450365,-0.00998816450365,-0.00998816450365,-0.00998816450365,-0.00998816450365,-0.00998816450365,-0.00998816450365,-0.00998816450365,-0.00998816450365,-0.00998816450365,-0.00998816450365,-0.00998816450365,-0.00998816450365,-0.00998816450365,-0.00998816450365,-0.00998816450365,-0.00998816450365,-0.00998816450365,-0.00998816450365,-0.00998816450365,-0.00998816450365,-0.00998816450365,-0.00998816450365,-0.00998816450365,-0.00998816450365,-0.00998816450365,-0.00998816450365,-0.00998816450365,-0.00998816450365,-0.00998816450365,-0.00998816450365,-0.00998816450365,-0.00998816450365,-0.00998816450365,-0.00998816450365,-0.00998816450365,-0.00998816450365,-0.00998816450365,-0.00998816450365,-0.00998816450365,-0.00998816450365,-0.00998816450365,-0.00998816450365,-0.00998816450365,-0.00998816450365,-0.00998816450365,-0.00998816450365,-0.00998816450365,-0.00998816450365,-0.00998816450365,-0.00998816450365,-0.00998816450365,-0.00998816450365,-0.00998816450365,-0.00998816450365,-0.00998816450365,-0.00998816450365,-0.00998816450365,-0.00998816450365,-0.00998816450365,-0.00998816450365,-0.00998816450365,-0.00998816450365,-0.00998816450365,-0.00998816450365,-0.00998816450365,-0.00998816450365,-0.00998816450365,-0.00998816450365,-0.00998816450365,-0.00998816450365,-0.00998816450365,-0.00998816450365,-0.00998816450365,-0.00998816450365,-0.00998816450365,-0.00998816450365,-0.00998816450365,-0.00998816450365,-0.00998816450365,-0.00998816450365,-0.00998816450365,-0.00998816450365,-0.00998816450365,-0.00998816450365,-0.00998816450365,-0.00998816450365
1817,-0.010138570466,-0.010138570466,-0.010138570466,-0.010138570466,-0.010138570466,-0.010138570466,-0.010138570466,-0.010138570466,-0.010138570466,-0.010138570466,-0.010138570466,-0.010138570466,-0.010138570466,-0.010138570466,-0.010138570466,-0.010138570466,-0.010138570466,-0.010138570466,-0.010138570466,-0.010138570466,-0.010138570466,-0.010138570466,-0.010138570466,-0.010138570466,-0.010138570466,-0.010138570466,-0.010138570466,-0.010138570466,-0.010138570466,-0.010138570466,-0.010138570466,-0.010138570466,-0.010138570466,-0.010138570466,-0.010138570466,-0.010138570466,-0.010138570466,-0.010138570466,-0.010138570466,-0.010138570466,-0.010138570466,-0.010138570466,-0.010138570466,-0.010138570466,-0.010138570466,-0.010138570466,-0.010138570466,-0.010138570466,-0.010138570466,-0.010138570466,-0.010138570466,-0.010138570466,-0.010138570466,-0.010138570466,-0.010138570466,-0.010138570466,-0.010138570466,-0.010138570466,-0.010138570466,-0.010138570466,-0.010138570466,-0.010138570466,-0.010138570466,-0.010138570466,-0.010138570466,-0.010138570466,-0.010138570466,-0.010138570466,-0.010138570466,-0.010138570466,-0.010138570466,-0.010138570466,-0.010138570466,-0.010138570466,-0.010138570466,-0.010138570466,-0.010138570466,-0.010138570466,-0.010138570466,-0.010138570466,-0.010138570466,-0.010138570466,-0.010138570466,-0.010138570466,-0.010138570466,-0.010138570466,-0.010138570466,-0.010138570466,-0.010138570466,-0.010138570466,-0.010138570466,-0.010138570466,-0.010138570466,-0.010138570466,-0.010138570466,-0.010138570466,-0.010138570466,-0.010138570466,-0.010138570466,-0.010138570466
1818,-0.0102889484371,-0.0102889484371,-0.0102889484371,-0.0102889484371,-0.0102889484371,-0.0102889484371,-0.0102889484371,-0.0102889484371,-0.0102889484371,-0.0102889484371,-0.0102889484371,-0.0102889484371,-0.0102889484371,-0.0102889484371,-0.0102889484371,-0.0102889484371,-0.0102889484371,-0.0102889484371,-0.0102889484371,-0.0102889484371,-0.0102889484371,-0.0102889484371,-0.0102889484371,-0.0102889484371,-0.0102889484371,-0.0102889484371,-0.0102889484371,-0.0102889484371,-0.0102889484371,-0.0102889484371,-0.0102889484371,-0.0102889484371,-0.0102889484371,-0.0102889484371,-0.0102889484371,-0.0102889484371,-0.0102889484371,-0.0102889484371,-0.0102889484371,-0.0102889484371,-0.0102889484371,-0.0102889484371,-0.0102889484371,-0.0102889484371,-0.0102889484371,-0.0102889484371,-0.0102889484371,-0.0102889484371,-0.0102889484371,-0.0102889484371,-0.0102889484371,-0.0102889484371,-0.0102889484371,-0.0102889484371,-0.0102889484371,-0.0102889484371,-0.0102889484371,-0.0102889484371,-0.0102889484371,-0.0102889484371,-0.0102889484371,-0.0102889484371,-0.0102889484371,-0.0102889484371,-0.0102889484371,-0.0102889484371,-0.0102889484371,-0.0102889484371,-0.0102889484371,-0.0102889484371,-0.0102889484371,-0.0102889484371,-0.0102889484371,-0.0102889484371,-0.0102889484371,-0.0102889484371,-0.0102889484371,-0.0102889484371,-0.0102889484371,-0.0102889484371,-0.0102889484371,-0.0102889484371,-0.0102889484371,-0.0102889484371,-0.0102889484371,-0.0102889484371,-0.0102889484371,-0.0102889484371,-0.0102889484371,-0.0102889484371,-0.0102889484371,-0.0102889484371,-0.0102889484371,-0.0102889484371,-0.0102889484371,-0.0102889484371,-0.0102889484371,-0.0102889484371,-0.0102889484371,-0.0102889484371
1819,-0.0104392984203,-0.0104392984203,-0.0104392984203,-0.0104392984203,-0.0104392984203,-0.0104392984203,-0.0104392984203,-0.0104392984203,-0.0104392984203,-0.0104392984203,-0.0104392984203,-0.0104392984203,-0.0104392984203,-0.0104392984203,-0.0104392984203,-0.0104392984203,-0.0104392984203,-0.0104392984203,-0.0104392984203,-0.0104392984203,-0.0104392984203,-0.0104392984203,-0.0104392984203,-0.0104392984203,-0.0104392984203,-0.0104392984203,-0.0104392984203,-0.0104392984203,-0.0104392984203,-0.0104392984203,-0.0104392984203,-0.0104392984203,-0.0104392984203,-0.0104392984203,-0.0104392984203,-0.0104392984203,-0.0104392984203,-0.0104392984203,-0.0104392984203,-0.0104392984203,-0.0104392984203,-0.0104392984203,-0.0104392984203,-0.0104392984203,-0.0104392984203,-0.0104392984203,-0.0104392984203,-0.0104392984203,-0.0104392984203,-0.0104392984203,-0.0104392984203,-0.0104392984203,-0.0104392984203,-0.0104392984203,-0.0104392984203,-0.0104392984203,-0.0104392984203,-0.0104392984203,-0.0104392984203,-0.0104392984203,-0.0104392984203,-0.0104392984203,-0.0104392984203,-0.0104392984203,-0.0104392984203,-0.0104392984203,-0.0104392984203,-0.0104392984203,-0.0104392984203,-0.0104392984203,-0.0104392984203,-0.0104392984203,-0.0104392984203,-0.0104392984203,-0.0104392984203,-0.0104392984203,-0.0104392984203,-0.0104392984203,-0.0104392984203,-0.0104392984203,-0.0104392984203,-0.0104392984203,-0.0104392984203,-0.0104392984203,-0.0104392984203,-0.0104392984203,-0.0104392984203,-0.0104392984203,-0.0104392984203,-0.0104392984203,-0.0104392984203,-0.0104392984203,-0.0104392984203,-0.0104392984203,-0.0104392984203,-0.0104392984203,-0.0104392984203,-0.0104392984203,-0.0104392984203,-0.0104392984203
1820,-0.0105896204192,-0.0105896204192,-0.0105896204192,-0.0105896204192,-0.0105896204192,-0.0105896204192,-0.0105896204192,-0.0105896204192,-0.0105896204192,-0.0105896204192,-0.0105896204192,-0.0105896204192,-0.0105896204192,-0.0105896204192,-0.0105896204192,-0.0105896204192,-0.0105896204192,-0.0105896204192,-0.0105896204192,-0.0105896204192,-0.0105896204192,-0.0105896204192,-0.0105896204192,-0.0105896204192,-0.0105896204192,-0.0105896204192,-0.0105896204192,-0.0105896204192,-0.0105896204192,-0.0105896204192,-0.0105896204192,-0.0105896204192,-0.0105896204192,-0.0105896204192,-0.0105896204192,-0.0105896204192,-0.0105896204192,-0.0105896204192,-0.0105896204192,-0.0105896204192,-0.0105896204192,-0.0105896204192,-0.0105896204192,-0.0105896204192,-0.0105896204192,-0.0105896204192,-0.0105896204192,-0.0105896204192,-0.0105896204192,-0.0105896204192,-0.0105896204192,-0.0105896204192,-0.0105896204192,-0.0105896204192,-0.0105896204192,-0.0105896204192,-0.0105896204192,-0.0105896204192,-0.0105896204192,-0.0105896204192,-0.0105896204192,-0.0105896204192,-0.0105896204192,-0.0105896204192,-0.0105896204192,-0.0105896204192,-0.0105896204192,-0.0105896204192,-0.0105896204192,-0.0105896204192,-0.0105896204192,-0.0105896204192,-0.0105896204192,-0.0105896204192,-0.0105896204192,-0.0105896204192,-0.0105896204192,-0.0105896204192,-0.0105896204192,-0.0105896204192,-0.0105896204192,-0.0105896204192,-0.0105896204192,-0.0105896204192,-0.0105896204192,-0.0105896204192,-0.0105896204192,-0.0105896204192,-0.0105896204192,-0.0105896204192,-0.0105896204192,-0.0105896204192,-0.0105896204192,-0.0105896204192,-0.0105896204192,-0.0105896204192,-0.0105896204192,-0.0105896204192,-0.0105896204192,-0.0105896204192
1821,-0.0107399144375,-0.0107399144375,-0.0107399144375,-0.0107399144375,-0.0107399144375,-0.0107399144375,-0.0107399144375,-0.0107399144375,-0.0107399144375,-0.0107399144375,-0.0107399144375,-0.0107399144375,-0.0107399144375,-0.0107399144375,-0.0107399144375,-0.0107399144375,-0.0107399144375,-0.0107399144375,-0.0107399144375,-0.0107399144375,-0.0107399144375,-0.0107399144375,-0.0107399144375,-0.0107399144375,-0.0107399144375,-0.0107399144375,-0.0107399144375,-0.0107399144375,-0.0107399144375,-0.0107399144375,-0.0107399144375,-0.0107399144375,-0.0107399144375,-0.0107399144375,-0.0107399144375,-0.0107399144375,-0.0107399144375,-0.0107399144375,-0.0107399144375,-0.0107399144375,-0.0107399144375,-0.0107399144375,-0.0107399144375,-0.0107399144375,-0.0107399144375,-0.0107399144375,-0.0107399144375,-0.0107399144375,-0.0107399144375,-0.0107399144375,-0.0107399144375,-0.0107399144375,-0.0107399144375,-0.0107399144375,-0.0107399144375,-0.0107399144375,-0.0107399144375,-0.0107399144375,-0.0107399144375,-0.0107399144375,-0.0107399144375,-0.0107399144375,-0.0107399144375,-0.0107399144375,-0.0107399144375,-0.0107399144375,-0.0107399144375,-0.0107399144375,-0.0107399144375,-0.0107399144375,-0.0107399144375,-0.0107399144375,-0.0107399144375,-0.0107399144375,-0.0107399144375,-0.0107399144375,-0.0107399144375,-0.0107399144375,-0.0107399144375,-0.0107399144375,-0.0107399144375,-0.0107399144375,-0.0107399144375,-0.0107399144375,-0.0107399144375,-0.0107399144375,-0.0107399144375,-0.0107399144375,-0.0107399144375,-0.0107399144375,-0.0107399144375,-0.0107399144375,-0.0107399144375,-0.0107399144375,-0.0107399144375,-0.0107399144375,-0.0107399144375,-0.0107399144375,-0.0107399144375,-0.0107399144375
1822,-0.0108901804786,-0.0108901804786,-0.0108901804786,-0.0108901804786,-0.0108901804786,-0.0108901804786,-0.0108901804786,-0.0108901804786,-0.0108901804786,-0.0108901804786,-0.0108901804786,-0.0108901804786,-0.0108901804786,-0.0108901804786,-0.0108901804786,-0.0108901804786,-0.0108901804786,-0.0108901804786,-0.0108901804786,-0.0108901804786,-0.0108901804786,-0.0108901804786,-0.0108901804786,-0.0108901804786,-0.0108901804786,-0.0108901804786,-0.0108901804786,-0.0108901804786,-0.0108901804786,-0.0108901804786,-0.0108901804786,-0.0108901804786,-0.0108901804786,-0.0108901804786,-0.0108901804786,-0.0108901804786,-0.0108901804786,-0.0108901804786,-0.0108901804786,-0.0108901804786,-0.0108901804786,-0.0108901804786,-0.0108901804786,-0.0108901804786,-0.0108901804786,-0.0108901804786,-0.0108901804786,-0.0108901804786,-0.0108901804786,-0.0108901804786,-0.0108901804786,-0.0108901804786,-0.0108901804786,-0.0108901804786,-0.0108901804786,-0.0108901804786,-0.0108901804786,-0.0108901804786,-0.0108901804786,-0.0108901804786,-0.0108901804786,-0.0108901804786,-0.0108901804786,-0.0108901804786,-0.0108901804786,-0.0108901804786,-0.0108901804786,-0.0108901804786,-0.0108901804786,-0.0108901804786,-0.0108901804786,-0.0108901804786,-0.0108901804786,-0.0108901804786,-0.0108901804786,-0.0108901804786,-0.0108901804786,-0.0108901804786,-0.0108901804786,-0.0108901804786,-0.0108901804786,-0.0108901804786,-0.0108901804786,-0.0108901804786,-0.0108901804786,-0.0108901804786,-0.0108901804786,-0.0108901804786,-0.0108901804786,-0.0108901804786,-0.0108901804786,-0.0108901804786,-0.0108901804786,-0.0108901804786,-0.0108901804786,-0.0108901804786,-0.0108901804786,-0.0108901804786,-0.0108901804786,-0.0108901804786
1823,-0.0110404185461,-0.0110404185461,-0.0110404185461,-0.0110404185461,-0.0110404185461,-0.0110404185461,-0.0110404185461,-0.0110404185461,-0.0110404185461,-0.0110404185461,-0.0110404185461,-0.0110404185461,-0.0110404185461,-0.0110404185461,-0.0110404185461,-0.0110404185461,-0.0110404185461,-0.0110404185461,-0.0110404185461,-0.0110404185461,-0.0110404185461,-0.0110404185461,-0.0110404185461,-0.0110404185461,-0.0110404185461,-0.0110404185461,-0.0110404185461,-0.0110404185461,-0.0110404185461,-0.0110404185461,-0.0110404185461,-0.0110404185461,-0.0110404185461,-0.0110404185461,-0.0110404185461,-0.0110404185461,-0.0110404185461,-0.0110404185461,-0.0110404185461,-0.0110404185461,-0.0110404185461,-0.0110404185461,-0.0110404185461,-0.0110404185461,-0.0110404185461,-0.0110404185461,-0.0110404185461,-0.0110404185461,-0.0110404185461,-0.0110404185461,-0.0110404185461,-0.0110404185461,-0.0110404185461,-0.0110404185461,-0.0110404185461,-0.0110404185461,-0.0110404185461,-0.0110404185461,-0.0110404185461,-0.0110404185461,-0.0110404185461,-0.0110404185461,-0.0110404185461,-0.0110404185461,-0.0110404185461,-0.0110404185461,-0.0110404185461,-0.0110404185461,-0.0110404185461,-0.0110404185461,-0.0110404185461,-0.0110404185461,-0.0110404185461,-0.0110404185461,-0.0110404185461,-0.0110404185461,-0.0110404185461,-0.0110404185461,-0.0110404185461,-0.0110404185461,-0.0110404185461,-0.0110404185461,-0.0110404185461,-0.0110404185461,-0.0110404185461,-0.0110404185461,-0.0110404185461,-0.0110404185461,-0.0110404185461,-0.0110404185461,-0.0110404185461,-0.0110404185461,-0.0110404185461,-0.0110404185461,-0.0110404185461,-0.0110404185461,-0.0110404185461,-0.0110404185461,-0.0110404185461,-0.0110404185461
1824,-0.0111906286435,-0.0111906286435,-0.0111906286435,-0.0111906286435,-0.0111906286435,-0.0111906286435,-0.0111906286435,-0.0111906286435,-0.0111906286435,-0.0111906286435,-0.0111906286435,-0.0111906286435,-0.0111906286435,-0.0111906286435,-0.0111906286435,-0.0111906286435,-0.0111906286435,-0.0111906286435,-0.0111906286435,-0.0111906286435,-0.0111906286435,-0.0111906286435,-0.0111906286435,-0.0111906286435,-0.0111906286435,-0.0111906286435,-0.0111906286435,-0.0111906286435,-0.0111906286435,-0.0111906286435,-0.0111906286435,-0.0111906286435,-0.0111906286435,-0.0111906286435,-0.0111906286435,-0.0111906286435,-0.0111906286435,-0.0111906286435,-0.0111906286435,-0.0111906286435,-0.0111906286435,-0.0111906286435,-0.0111906286435,-0.0111906286435,-0.0111906286435,-0.0111906286435,-0.0111906286435,-0.0111906286435,-0.0111906286435,-0.0111906286435,-0.0111906286435,-0.0111906286435,-0.0111906286435,-0.0111906286435,-0.0111906286435,-0.0111906286435,-0.0111906286435,-0.0111906286435,-0.0111906286435,-0.0111906286435,-0.0111906286435,-0.0111906286435,-0.0111906286435,-0.0111906286435,-0.0111906286435,-0.0111906286435,-0.0111906286435,-0.0111906286435,-0.0111906286435,-0.0111906286435,-0.0111906286435,-0.0111906286435,-0.0111906286435,-0.0111906286435,-0.0111906286435,-0.0111906286435,-0.0111906286435,-0.0111906286435,-0.0111906286435,-0.0111906286435,-0.0111906286435,-0.0111906286435,-0.0111906286435,-0.0111906286435,-0.0111906286435,-0.0111906286435,-0.0111906286435,-0.0111906286435,-0.0111906286435,-0.0111906286435,-0.0111906286435,-0.0111906286435,-0.0111906286435,-0.0111906286435,-0.0111906286435,-0.0111906286435,-0.0111906286435,-0.0111906286435,-0.0111906286435,-0.0111906286435
1825,-0.0113408107744,-0.0113408107744,-0.0113408107744,-0.0113408107744,-0.0113408107744,-0.0113408107744,-0.0113408107744,-0.0113408107744,-0.0113408107744,-0.0113408107744,-0.0113408107744,-0.0113408107744,-0.0113408107744,-0.0113408107744,-0.0113408107744,-0.0113408107744,-0.0113408107744,-0.0113408107744,-0.0113408107744,-0.0113408107744,-0.0113408107744,-0.0113408107744,-0.0113408107744,-0.0113408107744,-0.0113408107744,-0.0113408107744,-0.0113408107744,-0.0113408107744,-0.0113408107744,-0.0113408107744,-0.0113408107744,-0.0113408107744,-0.0113408107744,-0.0113408107744,-0.0113408107744,-0.0113408107744,-0.0113408107744,-0.0113408107744,-0.0113408107744,-0.0113408107744,-0.0113408107744,-0.0113408107744,-0.0113408107744,-0.0113408107744,-0.0113408107744,-0.0113408107744,-0.0113408107744,-0.0113408107744,-0.0113408107744,-0.0113408107744,-0.0113408107744,-0.0113408107744,-0.0113408107744,-0.0113408107744,-0.0113408107744,-0.0113408107744,-0.0113408107744,-0.0113408107744,-0.0113408107744,-0.0113408107744,-0.0113408107744,-0.0113408107744,-0.0113408107744,-0.0113408107744,-0.0113408107744,-0.0113408107744,-0.0113408107744,-0.0113408107744,-0.0113408107744,-0.0113408107744,-0.0113408107744,-0.0113408107744,-0.0113408107744,-0.0113408107744,-0.0113408107744,-0.0113408107744,-0.0113408107744,-0.0113408107744,-0.0113408107744,-0.0113408107744,-0.0113408107744,-0.0113408107744,-0.0113408107744,-0.0113408107744,-0.0113408107744,-0.0113408107744,-0.0113408107744,-0.0113408107744,-0.0113408107744,-0.0113408107744,-0.0113408107744,-0.0113408107744,-0.0113408107744,-0.0113408107744,-0.0113408107744,-0.0113408107744,-0.0113408107744,-0.0113408107744,-0.0113408107744,-0.0113408107744
1826,-0.0114909649424,-0.0114909649424,-0.0114909649424,-0.0114909649424,-0.0114909649424,-0.0114909649424,-0.0114909649424,-0.0114909649424,-0.0114909649424,-0.0114909649424,-0.0114909649424,-0.0114909649424,-0.0114909649424,-0.0114909649424,-0.0114909649424,-0.0114909649424,-0.0114909649424,-0.0114909649424,-0.0114909649424,-0.0114909649424,-0.0114909649424,-0.0114909649424,-0.0114909649424,-0.0114909649424,-0.0114909649424,-0.0114909649424,-0.0114909649424,-0.0114909649424,-0.0114909649424,-0.0114909649424,-0.0114909649424,-0.0114909649424,-0.0114909649424,-0.0114909649424,-0.0114909649424,-0.0114909649424,-0.0114909649424,-0.0114909649424,-0.0114909649424,-0.0114909649424,-0.0114909649424,-0.0114909649424,-0.0114909649424,-0.0114909649424,-0.0114909649424,-0.0114909649424,-0.0114909649424,-0.0114909649424,-0.0114909649424,-0.0114909649424,-0.0114909649424,-0.0114909649424,-0.0114909649424,-0.0114909649424,-0.0114909649424,-0.0114909649424,-0.0114909649424,-0.0114909649424,-0.0114909649424,-0.0114909649424,-0.0114909649424,-0.0114909649424,-0.0114909649424,-0.0114909649424,-0.0114909649424,-0.0114909649424,-0.0114909649424,-0.0114909649424,-0.0114909649424,-0.0114909649424,-0.0114909649424,-0.0114909649424,-0.0114909649424,-0.0114909649424,-0.0114909649424,-0.0114909649424,-0.0114909649424,-0.0114909649424,-0.0114909649424,-0.0114909649424,-0.0114909649424,-0.0114909649424,-0.0114909649424,-0.0114909649424,-0.0114909649424,-0.0114909649424,-0.0114909649424,-0.0114909649424,-0.0114909649424,-0.0114909649424,-0.0114909649424,-0.0114909649424,-0.0114909649424,-0.0114909649424,-0.0114909649424,-0.0114909649424,-0.0114909649424,-0.0114909649424,-0.0114909649424,-0.0114909649424
1827,-0.0116410911509,-0.0116410911509,-0.0116410911509,-0.0116410911509,-0.0116410911509,-0.0116410911509,-0.0116410911509,-0.0116410911509,-0.0116410911509,-0.0116410911509,-0.0116410911509,-0.0116410911509,-0.0116410911509,-0.0116410911509,-0.0116410911509,-0.0116410911509,-0.0116410911509,-0.0116410911509,-0.0116410911509,-0.0116410911509,-0.0116410911509,-0.0116410911509,-0.0116410911509,-0.0116410911509,-0.0116410911509,-0.0116410911509,-0.0116410911509,-0.0116410911509,-0.0116410911509,-0.0116410911509,-0.0116410911509,-0.0116410911509,-0.0116410911509,-0.0116410911509,-0.0116410911509,-0.0116410911509,-0.0116410911509,-0.0116410911509,-0.0116410911509,-0.0116410911509,-0.0116410911509,-0.0116410911509,-0.0116410911509,-0.0116410911509,-0.0116410911509,-0.0116410911509,-0.0116410911509,-0.0116410911509,-0.0116410911509,-0.0116410911509,-0.0116410911509,-0.0116410911509,-0.0116410911509,-0.0116410911509,-0.0116410911509,-0.0116410911509,-0.0116410911509,-0.0116410911509,-0.0116410911509,-0.0116410911509,-0.0116410911509,-0.0116410911509,-0.0116410911509,-0.0116410911509,-0.0116410911509,-0.0116410911509,-0.0116410911509,-0.0116410911509,-0.0116410911509,-0.0116410911509,-0.0116410911509,-0.0116410911509,-0.0116410911509,-0.0116410911509,-0.0116410911509,-0.0116410911509,-0.0116410911509,-0.0116410911509,-0.0116410911509,-0.0116410911509,-0.0116410911509,-0.0116410911509,-0.0116410911509,-0.0116410911509,-0.0116410911509,-0.0116410911509,-0.0116410911509,-0.0116410911509,-0.0116410911509,-0.0116410911509,-0.0116410911509,-0.0116410911509,-0.0116410911509,-0.0116410911509,-0.0116410911509,-0.0116410911509,-0.0116410911509,-0.0116410911509,-0.0116410911509,-0.0116410911509
1828,-0.0117911894036,-0.0117911894036,-0.0117911894036,-0.0117911894036,-0.0117911894036,-0.0117911894036,-0.0117911894036,-0.0117911894036,-0.0117911894036,-0.0117911894036,-0.0117911894036,-0.0117911894036,-0.0117911894036,-0.0117911894036,-0.0117911894036,-0.0117911894036,-0.0117911894036,-0.0117911894036,-0.0117911894036,-0.0117911894036,-0.0117911894036,-0.0117911894036,-0.0117911894036,-0.0117911894036,-0.0117911894036,-0.0117911894036,-0.0117911894036,-0.0117911894036,-0.0117911894036,-0.0117911894036,-0.0117911894036,-0.0117911894036,-0.0117911894036,-0.0117911894036,-0.0117911894036,-0.0117911894036,-0.0117911894036,-0.0117911894036,-0.0117911894036,-0.0117911894036,-0.0117911894036,-0.0117911894036,-0.0117911894036,-0.0117911894036,-0.0117911894036,-0.0117911894036,-0.0117911894036,-0.0117911894036,-0.0117911894036,-0.0117911894036,-0.0117911894036,-0.0117911894036,-0.0117911894036,-0.0117911894036,-0.0117911894036,-0.0117911894036,-0.0117911894036,-0.0117911894036,-0.0117911894036,-0.0117911894036,-0.0117911894036,-0.0117911894036,-0.0117911894036,-0.0117911894036,-0.0117911894036,-0.0117911894036,-0.0117911894036,-0.0117911894036,-0.0117911894036,-0.0117911894036,-0.0117911894036,-0.0117911894036,-0.0117911894036,-0.0117911894036,-0.0117911894036,-0.0117911894036,-0.0117911894036,-0.0117911894036,-0.0117911894036,-0.0117911894036,-0.0117911894036,-0.0117911894036,-0.0117911894036,-0.0117911894036,-0.0117911894036,-0.0117911894036,-0.0117911894036,-0.0117911894036,-0.0117911894036,-0.0117911894036,-0.0117911894036,-0.0117911894036,-0.0117911894036,-0.0117911894036,-0.0117911894036,-0.0117911894036,-0.0117911894036,-0.0117911894036,-0.0117911894036,-0.0117911894036
1829,-0.0119412597041,-0.0119412597041,-0.0119412597041,-0.0119412597041,-0.0119412597041,-0.0119412597041,-0.0119412597041,-0.0119412597041,-0.0119412597041,-0.0119412597041,-0.0119412597041,-0.0119412597041,-0.0119412597041,-0.0119412597041,-0.0119412597041,-0.0119412597041,-0.0119412597041,-0.0119412597041,-0.0119412597041,-0.0119412597041,-0.0119412597041,-0.0119412597041,-0.0119412597041,-0.0119412597041,-0.0119412597041,-0.0119412597041,-0.0119412597041,-0.0119412597041,-0.0119412597041,-0.0119412597041,-0.0119412597041,-0.0119412597041,-0.0119412597041,-0.0119412597041,-0.0119412597041,-0.0119412597041,-0.0119412597041,-0.0119412597041,-0.0119412597041,-0.0119412597041,-0.0119412597041,-0.0119412597041,-0.0119412597041,-0.0119412597041,-0.0119412597041,-0.0119412597041,-0.0119412597041,-0.0119412597041,-0.0119412597041,-0.0119412597041,-0.0119412597041,-0.0119412597041,-0.0119412597041,-0.0119412597041,-0.0119412597041,-0.0119412597041,-0.0119412597041,-0.0119412597041,-0.0119412597041,-0.0119412597041,-0.0119412597041,-0.0119412597041,-0.0119412597041,-0.0119412597041,-0.0119412597041,-0.0119412597041,-0.0119412597041,-0.0119412597041,-0.0119412597041,-0.0119412597041,-0.0119412597041,-0.0119412597041,-0.0119412597041,-0.0119412597041,-0.0119412597041,-0.0119412597041,-0.0119412597041,-0.0119412597041,-0.0119412597041,-0.0119412597041,-0.0119412597041,-0.0119412597041,-0.0119412597041,-0.0119412597041,-0.0119412597041,-0.0119412597041,-0.0119412597041,-0.0119412597041,-0.0119412597041,-0.0119412597041,-0.0119412597041,-0.0119412597041,-0.0119412597041,-0.0119412597041,-0.0119412597041,-0.0119412597041,-0.0119412597041,-0.0119412597041,-0.0119412597041,-0.0119412597041
1830,-0.0120913020557,-0.0120913020557,-0.0120913020557,-0.0120913020557,-0.0120913020557,-0.0120913020557,-0.0120913020557,-0.0120913020557,-0.0120913020557,-0.0120913020557,-0.0120913020557,-0.0120913020557,-0.0120913020557,-0.0120913020557,-0.0120913020557,-0.0120913020557,-0.0120913020557,-0.0120913020557,-0.0120913020557,-0.0120913020557,-0.0120913020557,-0.0120913020557,-0.0120913020557,-0.0120913020557,-0.0120913020557,-0.0120913020557,-0.0120913020557,-0.0120913020557,-0.0120913020557,-0.0120913020557,-0.0120913020557,-0.0120913020557,-0.0120913020557,-0.0120913020557,-0.0120913020557,-0.0120913020557,-0.0120913020557,-0.0120913020557,-0.0120913020557,-0.0120913020557,-0.0120913020557,-0.0120913020557,-0.0120913020557,-0.0120913020557,-0.0120913020557,-0.0120913020557,-0.0120913020557,-0.0120913020557,-0.0120913020557,-0.0120913020557,-0.0120913020557,-0.0120913020557,-0.0120913020557,-0.0120913020557,-0.0120913020557,-0.0120913020557,-0.0120913020557,-0.0120913020557,-0.0120913020557,-0.0120913020557,-0.0120913020557,-0.0120913020557,-0.0120913020557,-0.0120913020557,-0.0120913020557,-0.0120913020557,-0.0120913020557,-0.0120913020557,-0.0120913020557,-0.0120913020557,-0.0120913020557,-0.0120913020557,-0.0120913020557,-0.0120913020557,-0.0120913020557,-0.0120913020557,-0.0120913020557,-0.0120913020557,-0.0120913020557,-0.0120913020557,-0.0120913020557,-0.0120913020557,-0.0120913020557,-0.0120913020557,-0.0120913020557,-0.0120913020557,-0.0120913020557,-0.0120913020557,-0.0120913020557,-0.0120913020557,-0.0120913020557,-0.0120913020557,-0.0120913020557,-0.0120913020557,-0.0120913020557,-0.0120913020557,-0.0120913020557,-0.0120913020557,-0.0120913020557,-0.0120913020557
1831,-0.0122413164622,-0.0122413164622,-0.0122413164622,-0.0122413164622,-0.0122413164622,-0.0122413164622,-0.0122413164622,-0.0122413164622,-0.0122413164622,-0.0122413164622,-0.0122413164622,-0.0122413164622,-0.0122413164622,-0.0122413164622,-0.0122413164622,-0.0122413164622,-0.0122413164622,-0.0122413164622,-0.0122413164622,-0.0122413164622,-0.0122413164622,-0.0122413164622,-0.0122413164622,-0.0122413164622,-0.0122413164622,-0.0122413164622,-0.0122413164622,-0.0122413164622,-0.0122413164622,-0.0122413164622,-0.0122413164622,-0.0122413164622,-0.0122413164622,-0.0122413164622,-0.0122413164622,-0.0122413164622,-0.0122413164622,-0.0122413164622,-0.0122413164622,-0.0122413164622,-0.0122413164622,-0.0122413164622,-0.0122413164622,-0.0122413164622,-0.0122413164622,-0.0122413164622,-0.0122413164622,-0.0122413164622,-0.0122413164622,-0.0122413164622,-0.0122413164622,-0.0122413164622,-0.0122413164622,-0.0122413164622,-0.0122413164622,-0.0122413164622,-0.0122413164622,-0.0122413164622,-0.0122413164622,-0.0122413164622,-0.0122413164622,-0.0122413164622,-0.0122413164622,-0.0122413164622,-0.0122413164622,-0.0122413164622,-0.0122413164622,-0.0122413164622,-0.0122413164622,-0.0122413164622,-0.0122413164622,-0.0122413164622,-0.0122413164622,-0.0122413164622,-0.0122413164622,-0.0122413164622,-0.0122413164622,-0.0122413164622,-0.0122413164622,-0.0122413164622,-0.0122413164622,-0.0122413164622,-0.0122413164622,-0.0122413164622,-0.0122413164622,-0.0122413164622,-0.0122413164622,-0.0122413164622,-0.0122413164622,-0.0122413164622,-0.0122413164622,-0.0122413164622,-0.0122413164622,-0.0122413164622,-0.0122413164622,-0.0122413164622,-0.0122413164622,-0.0122413164622,-0.0122413164622,-0.0122413164622
1832,-0.012391302927,-0.012391302927,-0.012391302927,-0.012391302927,-0.012391302927,-0.012391302927,-0.012391302927,-0.012391302927,-0.012391302927,-0.012391302927,-0.012391302927,-0.012391302927,-0.012391302927,-0.012391302927,-0.012391302927,-0.012391302927,-0.012391302927,-0.012391302927,-0.012391302927,-0.012391302927,-0.012391302927,-0.012391302927,-0.012391302927,-0.012391302927,-0.012391302927,-0.012391302927,-0.012391302927,-0.012391302927,-0.012391302927,-0.012391302927,-0.012391302927,-0.012391302927,-0.012391302927,-0.012391302927,-0.012391302927,-0.012391302927,-0.012391302927,-0.012391302927,-0.012391302927,-0.012391302927,-0.012391302927,-0.012391302927,-0.012391302927,-0.012391302927,-0.012391302927,-0.012391302927,-0.012391302927,-0.012391302927,-0.012391302927,-0.012391302927,-0.012391302927,-0.012391302927,-0.012391302927,-0.012391302927,-0.012391302927,-0.012391302927,-0.012391302927,-0.012391302927,-0.012391302927,-0.012391302927,-0.012391302927,-0.012391302927,-0.012391302927,-0.012391302927,-0.012391302927,-0.012391302927,-0.012391302927,-0.012391302927,-0.012391302927,-0.012391302927,-0.012391302927,-0.012391302927,-0.012391302927,-0.012391302927,-0.012391302927,-0.012391302927,-0.012391302927,-0.012391302927,-0.012391302927,-0.012391302927,-0.012391302927,-0.012391302927,-0.012391302927,-0.012391302927,-0.012391302927,-0.012391302927,-0.012391302927,-0.012391302927,-0.012391302927,-0.012391302927,-0.012391302927,-0.012391302927,-0.012391302927,-0.012391302927,-0.012391302927,-0.012391302927,-0.012391302927,-0.012391302927,-0.012391302927,-0.012391302927
1833,-0.0125412614538,-0.0125412614538,-0.0125412614538,-0.0125412614538,-0.0125412614538,-0.0125412614538,-0.0125412614538,-0.0125412614538,-0.0125412614538,-0.0125412614538,-0.0125412614538,-0.0125412614538,-0.0125412614538,-0.0125412614538,-0.0125412614538,-0.0125412614538,-0.0125412614538,-0.0125412614538,-0.0125412614538,-0.0125412614538,-0.0125412614538,-0.0125412614538,-0.0125412614538,-0.0125412614538,-0.0125412614538,-0.0125412614538,-0.0125412614538,-0.0125412614538,-0.0125412614538,-0.0125412614538,-0.0125412614538,-0.0125412614538,-0.0125412614538,-0.0125412614538,-0.0125412614538,-0.0125412614538,-0.0125412614538,-0.0125412614538,-0.0125412614538,-0.0125412614538,-0.0125412614538,-0.0125412614538,-0.0125412614538,-0.0125412614538,-0.0125412614538,-0.0125412614538,-0.0125412614538,-0.0125412614538,-0.0125412614538,-0.0125412614538,-0.0125412614538,-0.0125412614538,-0.0125412614538,-0.0125412614538,-0.0125412614538,-0.0125412614538,-0.0125412614538,-0.0125412614538,-0.0125412614538,-0.0125412614538,-0.0125412614538,-0.0125412614538,-0.0125412614538,-0.0125412614538,-0.0125412614538,-0.0125412614538,-0.0125412614538,-0.0125412614538,-0.0125412614538,-0.0125412614538,-0.0125412614538,-0.0125412614538,-0.0125412614538,-0.0125412614538,-0.0125412614538,-0.0125412614538,-0.0125412614538,-0.0125412614538,-0.0125412614538,-0.0125412614538,-0.0125412614538,-0.0125412614538,-0.0125412614538,-0.0125412614538,-0.0125412614538,-0.0125412614538,-0.0125412614538,-0.0125412614538,-0.0125412614538,-0.0125412614538,-0.0125412614538,-0.0125412614538,-0.0125412614538,-0.0125412614538,-0.0125412614538,-0.0125412614538,-0.0125412614538,-0.0125412614538,-0.0125412614538,-0.0125412614538
1834,-0.012691192046,-0.012691192046,-0.012691192046,-0.012691192046,-0.012691192046,-0.012691192046,-0.012691192046,-0.012691192046,-0.012691192046,-0.012691192046,-0.012691192046,-0.012691192046,-0.012691192046,-0.012691192046,-0.012691192046,-0.012691192046,-0.012691192046,-0.012691192046,-0.012691192046,-0.012691192046,-0.012691192046,-0.012691192046,-0.012691192046,-0.012691192046,-0.012691192046,-0.012691192046,-0.012691192046,-0.012691192046,-0.012691192046,-0.012691192046,-0.012691192046,-0.012691192046,-0.012691192046,-0.012691192046,-0.012691192046,-0.012691192046,-0.012691192046,-0.012691192046,-0.012691192046,-0.012691192046,-0.012691192046,-0.012691192046,-0.012691192046,-0.012691192046,-0.012691192046,-0.012691192046,-0.012691192046,-0.012691192046,-0.012691192046,-0.012691192046,-0.012691192046,-0.012691192046,-0.012691192046,-0.012691192046,-0.012691192046,-0.012691192046,-0.012691192046,-0.012691192046,-0.012691192046,-0.012691192046,-0.012691192046,-0.012691192046,-0.012691192046,-0.012691192046,-0.012691192046,-0.012691192046,-0.012691192046,-0.012691192046,-0.012691192046,-0.012691192046,-0.012691192046,-0.012691192046,-0.012691192046,-0.012691192046,-0.012691192046,-0.012691192046,-0.012691192046,-0.012691192046,-0.012691192046,-0.012691192046,-0.012691192046,-0.012691192046,-0.012691192046,-0.012691192046,-0.012691192046,-0.012691192046,-0.012691192046,-0.012691192046,-0.012691192046,-0.012691192046,-0.012691192046,-0.012691192046,-0.012691192046,-0.012691192046,-0.012691192046,-0.012691192046,-0.012691192046,-0.012691192046,-0.012691192046,-0.012691192046
1835,-0.0128410947072,-0.0128410947072,-0.0128410947072,-0.0128410947072,-0.0128410947072,-0.0128410947072,-0.0128410947072,-0.0128410947072,-0.0128410947072,-0.0128410947072,-0.0128410947072,-0.0128410947072,-0.0128410947072,-0.0128410947072,-0.0128410947072,-0.0128410947072,-0.0128410947072,-0.0128410947072,-0.0128410947072,-0.0128410947072,-0.0128410947072,-0.0128410947072,-0.0128410947072,-0.0128410947072,-0.0128410947072,-0.0128410947072,-0.0128410947072,-0.0128410947072,-0.0128410947072,-0.0128410947072,-0.0128410947072,-0.0128410947072,-0.0128410947072,-0.0128410947072,-0.0128410947072,-0.0128410947072,-0.0128410947072,-0.0128410947072,-0.0128410947072,-0.0128410947072,-0.0128410947072,-0.0128410947072,-0.0128410947072,-0.0128410947072,-0.0128410947072,-0.0128410947072,-0.0128410947072,-0.0128410947072,-0.0128410947072,-0.0128410947072,-0.0128410947072,-0.0128410947072,-0.0128410947072,-0.0128410947072,-0.0128410947072,-0.0128410947072,-0.0128410947072,-0.0128410947072,-0.0128410947072,-0.0128410947072,-0.0128410947072,-0.0128410947072,-0.0128410947072,-0.0128410947072,-0.0128410947072,-0.0128410947072,-0.0128410947072,-0.0128410947072,-0.0128410947072,-0.0128410947072,-0.0128410947072,-0.0128410947072,-0.0128410947072,-0.0128410947072,-0.0128410947072,-0.0128410947072,-0.0128410947072,-0.0128410947072,-0.0128410947072,-0.0128410947072,-0.0128410947072,-0.0128410947072,-0.0128410947072,-0.0128410947072,-0.0128410947072,-0.0128410947072,-0.0128410947072,-0.0128410947072,-0.0128410947072,-0.0128410947072,-0.0128410947072,-0.0128410947072,-0.0128410947072,-0.0128410947072,-0.0128410947072,-0.0128410947072,-0.0128410947072,-0.0128410947072,-0.0128410947072,-0.0128410947072
1836,-0.0129909694411,-0.0129909694411,-0.0129909694411,-0.0129909694411,-0.0129909694411,-0.0129909694411,-0.0129909694411,-0.0129909694411,-0.0129909694411,-0.0129909694411,-0.0129909694411,-0.0129909694411,-0.0129909694411,-0.0129909694411,-0.0129909694411,-0.0129909694411,-0.0129909694411,-0.0129909694411,-0.0129909694411,-0.0129909694411,-0.0129909694411,-0.0129909694411,-0.0129909694411,-0.0129909694411,-0.0129909694411,-0.0129909694411,-0.0129909694411,-0.0129909694411,-0.0129909694411,-0.0129909694411,-0.0129909694411,-0.0129909694411,-0.0129909694411,-0.0129909694411,-0.0129909694411,-0.0129909694411,-0.0129909694411,-0.0129909694411,-0.0129909694411,-0.0129909694411,-0.0129909694411,-0.0129909694411,-0.0129909694411,-0.0129909694411,-0.0129909694411,-0.0129909694411,-0.0129909694411,-0.0129909694411,-0.0129909694411,-0.0129909694411,-0.0129909694411,-0.0129909694411,-0.0129909694411,-0.0129909694411,-0.0129909694411,-0.0129909694411,-0.0129909694411,-0.0129909694411,-0.0129909694411,-0.0129909694411,-0.0129909694411,-0.0129909694411,-0.0129909694411,-0.0129909694411,-0.0129909694411,-0.0129909694411,-0.0129909694411,-0.0129909694411,-0.0129909694411,-0.0129909694411,-0.0129909694411,-0.0129909694411,-0.0129909694411,-0.0129909694411,-0.0129909694411,-0.0129909694411,-0.0129909694411,-0.0129909694411,-0.0129909694411,-0.0129909694411,-0.0129909694411,-0.0129909694411,-0.0129909694411,-0.0129909694411,-0.0129909694411,-0.0129909694411,-0.0129909694411,-0.0129909694411,-0.0129909694411,-0.0129909694411,-0.0129909694411,-0.0129909694411,-0.0129909694411,-0.0129909694411,-0.0129909694411,-0.0129909694411,-0.0129909694411,-0.0129909694411,-0.0129909694411,-0.0129909694411
1837,-0.013140816251,-0.013140816251,-0.013140816251,-0.013140816251,-0.013140816251,-0.013140816251,-0.013140816251,-0.013140816251,-0.013140816251,-0.013140816251,-0.013140816251,-0.013140816251,-0.013140816251,-0.013140816251,-0.013140816251,-0.013140816251,-0.013140816251,-0.013140816251,-0.013140816251,-0.013140816251,-0.013140816251,-0.013140816251,-0.013140816251,-0.013140816251,-0.013140816251,-0.013140816251,-0.013140816251,-0.013140816251,-0.013140816251,-0.013140816251,-0.013140816251,-0.013140816251,-0.013140816251,-0.013140816251,-0.013140816251,-0.013140816251,-0.013140816251,-0.013140816251,-0.013140816251,-0.013140816251,-0.013140816251,-0.013140816251,-0.013140816251,-0.013140816251,-0.013140816251,-0.013140816251,-0.013140816251,-0.013140816251,-0.013140816251,-0.013140816251,-0.013140816251,-0.013140816251,-0.013140816251,-0.013140816251,-0.013140816251,-0.013140816251,-0.013140816251,-0.013140816251,-0.013140816251,-0.013140816251,-0.013140816251,-0.013140816251,-0.013140816251,-0.013140816251,-0.013140816251,-0.013140816251,-0.013140816251,-0.013140816251,-0.013140816251,-0.013140816251,-0.013140816251,-0.013140816251,-0.013140816251,-0.013140816251,-0.013140816251,-0.013140816251,-0.013140816251,-0.013140816251,-0.013140816251,-0.013140816251,-0.013140816251,-0.013140816251,-0.013140816251,-0.013140816251,-0.013140816251,-0.013140816251,-0.013140816251,-0.013140816251,-0.013140816251,-0.013140816251,-0.013140816251,-0.013140816251,-0.013140816251,-0.013140816251,-0.013140816251,-0.013140816251,-0.013140816251,-0.013140816251,-0.013140816251,-0.013140816251
1838,-0.0132906351407,-0.0132906351407,-0.0132906351407,-0.0132906351407,-0.0132906351407,-0.0132906351407,-0.0132906351407,-0.0132906351407,-0.0132906351407,-0.0132906351407,-0.0132906351407,-0.0132906351407,-0.0132906351407,-0.0132906351407,-0.0132906351407,-0.0132906351407,-0.0132906351407,-0.0132906351407,-0.0132906351407,-0.0132906351407,-0.0132906351407,-0.0132906351407,-0.0132906351407,-0.0132906351407,-0.0132906351407,-0.0132906351407,-0.0132906351407,-0.0132906351407,-0.0132906351407,-0.0132906351407,-0.0132906351407,-0.0132906351407,-0.0132906351407,-0.0132906351407,-0.0132906351407,-0.0132906351407,-0.0132906351407,-0.0132906351407,-0.0132906351407,-0.0132906351407,-0.0132906351407,-0.0132906351407,-0.0132906351407,-0.0132906351407,-0.0132906351407,-0.0132906351407,-0.0132906351407,-0.0132906351407,-0.0132906351407,-0.0132906351407,-0.0132906351407,-0.0132906351407,-0.0132906351407,-0.0132906351407,-0.0132906351407,-0.0132906351407,-0.0132906351407,-0.0132906351407,-0.0132906351407,-0.0132906351407,-0.0132906351407,-0.0132906351407,-0.0132906351407,-0.0132906351407,-0.0132906351407,-0.0132906351407,-0.0132906351407,-0.0132906351407,-0.0132906351407,-0.0132906351407,-0.0132906351407,-0.0132906351407,-0.0132906351407,-0.0132906351407,-0.0132906351407,-0.0132906351407,-0.0132906351407,-0.0132906351407,-0.0132906351407,-0.0132906351407,-0.0132906351407,-0.0132906351407,-0.0132906351407,-0.0132906351407,-0.0132906351407,-0.0132906351407,-0.0132906351407,-0.0132906351407,-0.0132906351407,-0.0132906351407,-0.0132906351407,-0.0132906351407,-0.0132906351407,-0.0132906351407,-0.0132906351407,-0.0132906351407,-0.0132906351407,-0.0132906351407,-0.0132906351407,-0.0132906351407
1839,-0.0134404261136,-0.0134404261136,-0.0134404261136,-0.0134404261136,-0.0134404261136,-0.0134404261136,-0.0134404261136,-0.0134404261136,-0.0134404261136,-0.0134404261136,-0.0134404261136,-0.0134404261136,-0.0134404261136,-0.0134404261136,-0.0134404261136,-0.0134404261136,-0.0134404261136,-0.0134404261136,-0.0134404261136,-0.0134404261136,-0.0134404261136,-0.0134404261136,-0.0134404261136,-0.0134404261136,-0.0134404261136,-0.0134404261136,-0.0134404261136,-0.0134404261136,-0.0134404261136,-0.0134404261136,-0.0134404261136,-0.0134404261136,-0.0134404261136,-0.0134404261136,-0.0134404261136,-0.0134404261136,-0.0134404261136,-0.0134404261136,-0.0134404261136,-0.0134404261136,-0.0134404261136,-0.0134404261136,-0.0134404261136,-0.0134404261136,-0.0134404261136,-0.0134404261136,-0.0134404261136,-0.0134404261136,-0.0134404261136,-0.0134404261136,-0.0134404261136,-0.0134404261136,-0.0134404261136,-0.0134404261136,-0.0134404261136,-0.0134404261136,-0.0134404261136,-0.0134404261136,-0.0134404261136,-0.0134404261136,-0.0134404261136,-0.0134404261136,-0.0134404261136,-0.0134404261136,-0.0134404261136,-0.0134404261136,-0.0134404261136,-0.0134404261136,-0.0134404261136,-0.0134404261136,-0.0134404261136,-0.0134404261136,-0.0134404261136,-0.0134404261136,-0.0134404261136,-0.0134404261136,-0.0134404261136,-0.0134404261136,-0.0134404261136,-0.0134404261136,-0.0134404261136,-0.0134404261136,-0.0134404261136,-0.0134404261136,-0.0134404261136,-0.0134404261136,-0.0134404261136,-0.0134404261136,-0.0134404261136,-0.0134404261136,-0.0134404261136,-0.0134404261136,-0.0134404261136,-0.0134404261136,-0.0134404261136,-0.0134404261136,-0.0134404261136,-0.0134404261136,-0.0134404261136,-0.0134404261136
1840,-0.0135901891734,-0.0135901891734,-0.0135901891734,-0.0135901891734,-0.0135901891734,-0.0135901891734,-0.0135901891734,-0.0135901891734,-0.0135901891734,-0.0135901891734,-0.0135901891734,-0.0135901891734,-0.0135901891734,-0.0135901891734,-0.0135901891734,-0.0135901891734,-0.0135901891734,-0.0135901891734,-0.0135901891734,-0.0135901891734,-0.0135901891734,-0.0135901891734,-0.0135901891734,-0.0135901891734,-0.0135901891734,-0.0135901891734,-0.0135901891734,-0.0135901891734,-0.0135901891734,-0.0135901891734,-0.0135901891734,-0.0135901891734,-0.0135901891734,-0.0135901891734,-0.0135901891734,-0.0135901891734,-0.0135901891734,-0.0135901891734,-0.0135901891734,-0.0135901891734,-0.0135901891734,-0.0135901891734,-0.0135901891734,-0.0135901891734,-0.0135901891734,-0.0135901891734,-0.0135901891734,-0.0135901891734,-0.0135901891734,-0.0135901891734,-0.0135901891734,-0.0135901891734,-0.0135901891734,-0.0135901891734,-0.0135901891734,-0.0135901891734,-0.0135901891734,-0.0135901891734,-0.0135901891734,-0.0135901891734,-0.0135901891734,-0.0135901891734,-0.0135901891734,-0.0135901891734,-0.0135901891734,-0.0135901891734,-0.0135901891734,-0.0135901891734,-0.0135901891734,-0.0135901891734,-0.0135901891734,-0.0135901891734,-0.0135901891734,-0.0135901891734,-0.0135901891734,-0.0135901891734,-0.0135901891734,-0.0135901891734,-0.0135901891734,-0.0135901891734,-0.0135901891734,-0.0135901891734,-0.0135901891734,-0.0135901891734,-0.0135901891734,-0.0135901891734,-0.0135901891734,-0.0135901891734,-0.0135901891734,-0.0135901891734,-0.0135901891734,-0.0135901891734,-0.0135901891734,-0.0135901891734,-0.0135901891734,-0.0135901891734,-0.0135901891734,-0.0135901891734,-0.0135901891734,-0.0135901891734
1841,-0.0137399243235,-0.0137399243235,-0.0137399243235,-0.0137399243235,-0.0137399243235,-0.0137399243235,-0.0137399243235,-0.0137399243235,-0.0137399243235,-0.0137399243235,-0.0137399243235,-0.0137399243235,-0.0137399243235,-0.0137399243235,-0.0137399243235,-0.0137399243235,-0.0137399243235,-0.0137399243235,-0.0137399243235,-0.0137399243235,-0.0137399243235,-0.0137399243235,-0.0137399243235,-0.0137399243235,-0.0137399243235,-0.0137399243235,-0.0137399243235,-0.0137399243235,-0.0137399243235,-0.0137399243235,-0.0137399243235,-0.0137399243235,-0.0137399243235,-0.0137399243235,-0.0137399243235,-0.0137399243235,-0.0137399243235,-0.0137399243235,-0.0137399243235,-0.0137399243235,-0.0137399243235,-0.0137399243235,-0.0137399243235,-0.0137399243235,-0.0137399243235,-0.0137399243235,-0.0137399243235,-0.0137399243235,-0.0137399243235,-0.0137399243235,-0.0137399243235,-0.0137399243235,-0.0137399243235,-0.0137399243235,-0.0137399243235,-0.0137399243235,-0.0137399243235,-0.0137399243235,-0.0137399243235,-0.0137399243235,-0.0137399243235,-0.0137399243235,-0.0137399243235,-0.0137399243235,-0.0137399243235,-0.0137399243235,-0.0137399243235,-0.0137399243235,-0.0137399243235,-0.0137399243235,-0.0137399243235,-0.0137399243235,-0.0137399243235,-0.0137399243235,-0.0137399243235,-0.0137399243235,-0.0137399243235,-0.0137399243235,-0.0137399243235,-0.0137399243235,-0.0137399243235,-0.0137399243235,-0.0137399243235,-0.0137399243235,-0.0137399243235,-0.0137399243235,-0.0137399243235,-0.0137399243235,-0.0137399243235,-0.0137399243235,-0.0137399243235,-0.0137399243235,-0.0137399243235,-0.0137399243235,-0.0137399243235,-0.0137399243235,-0.0137399243235,-0.0137399243235,-0.0137399243235,-0.0137399243235
1842,-0.0138896315675,-0.0138896315675,-0.0138896315675,-0.0138896315675,-0.0138896315675,-0.0138896315675,-0.0138896315675,-0.0138896315675,-0.0138896315675,-0.0138896315675,-0.0138896315675,-0.0138896315675,-0.0138896315675,-0.0138896315675,-0.0138896315675,-0.0138896315675,-0.0138896315675,-0.0138896315675,-0.0138896315675,-0.0138896315675,-0.0138896315675,-0.0138896315675,-0.0138896315675,-0.0138896315675,-0.0138896315675,-0.0138896315675,-0.0138896315675,-0.0138896315675,-0.0138896315675,-0.0138896315675,-0.0138896315675,-0.0138896315675,-0.0138896315675,-0.0138896315675,-0.0138896315675,-0.0138896315675,-0.0138896315675,-0.0138896315675,-0.0138896315675,-0.0138896315675,-0.0138896315675,-0.0138896315675,-0.0138896315675,-0.0138896315675,-0.0138896315675,-0.0138896315675,-0.0138896315675,-0.0138896315675,-0.0138896315675,-0.0138896315675,-0.0138896315675,-0.0138896315675,-0.0138896315675,-0.0138896315675,-0.0138896315675,-0.0138896315675,-0.0138896315675,-0.0138896315675,-0.0138896315675,-0.0138896315675,-0.0138896315675,-0.0138896315675,-0.0138896315675,-0.0138896315675,-0.0138896315675,-0.0138896315675,-0.0138896315675,-0.0138896315675,-0.0138896315675,-0.0138896315675,-0.0138896315675,-0.0138896315675,-0.0138896315675,-0.0138896315675,-0.0138896315675,-0.0138896315675,-0.0138896315675,-0.0138896315675,-0.0138896315675,-0.0138896315675,-0.0138896315675,-0.0138896315675,-0.0138896315675,-0.0138896315675,-0.0138896315675,-0.0138896315675,-0.0138896315675,-0.0138896315675,-0.0138896315675,-0.0138896315675,-0.0138896315675,-0.0138896315675,-0.0138896315675,-0.0138896315675,-0.0138896315675,-0.0138896315675,-0.0138896315675,-0.0138896315675,-0.0138896315675,-0.0138896315675
1843,-0.014039310909,-0.014039310909,-0.014039310909,-0.014039310909,-0.014039310909,-0.014039310909,-0.014039310909,-0.014039310909,-0.014039310909,-0.014039310909,-0.014039310909,-0.014039310909,-0.014039310909,-0.014039310909,-0.014039310909,-0.014039310909,-0.014039310909,-0.014039310909,-0.014039310909,-0.014039310909,-0.014039310909,-0.014039310909,-0.014039310909,-0.014039310909,-0.014039310909,-0.014039310909,-0.014039310909,-0.014039310909,-0.014039310909,-0.014039310909,-0.014039310909,-0.014039310909,-0.014039310909,-0.014039310909,-0.014039310909,-0.014039310909,-0.014039310909,-0.014039310909,-0.014039310909,-0.014039310909,-0.014039310909,-0.014039310909,-0.014039310909,-0.014039310909,-0.014039310909,-0.014039310909,-0.014039310909,-0.014039310909,-0.014039310909,-0.014039310909,-0.014039310909,-0.014039310909,-0.014039310909,-0.014039310909,-0.014039310909,-0.014039310909,-0.014039310909,-0.014039310909,-0.014039310909,-0.014039310909,-0.014039310909,-0.014039310909,-0.014039310909,-0.014039310909,-0.014039310909,-0.014039310909,-0.014039310909,-0.014039310909,-0.014039310909,-0.014039310909,-0.014039310909,-0.014039310909,-0.014039310909,-0.014039310909,-0.014039310909,-0.014039310909,-0.014039310909,-0.014039310909,-0.014039310909,-0.014039310909,-0.014039310909,-0.014039310909,-0.014039310909,-0.014039310909,-0.014039310909,-0.014039310909,-0.014039310909,-0.014039310909,-0.014039310909,-0.014039310909,-0.014039310909,-0.014039310909,-0.014039310909,-0.014039310909,-0.014039310909,-0.014039310909,-0.014039310909,-0.014039310909,-0.014039310909,-0.014039310909
1844,-0.0141889623516,-0.0141889623516,-0.0141889623516,-0.0141889623516,-0.0141889623516,-0.0141889623516,-0.0141889623516,-0.0141889623516,-0.0141889623516,-0.0141889623516,-0.0141889623516,-0.0141889623516,-0.0141889623516,-0.0141889623516,-0.0141889623516,-0.0141889623516,-0.0141889623516,-0.0141889623516,-0.0141889623516,-0.0141889623516,-0.0141889623516,-0.0141889623516,-0.0141889623516,-0.0141889623516,-0.0141889623516,-0.0141889623516,-0.0141889623516,-0.0141889623516,-0.0141889623516,-0.0141889623516,-0.0141889623516,-0.0141889623516,-0.0141889623516,-0.0141889623516,-0.0141889623516,-0.0141889623516,-0.0141889623516,-0.0141889623516,-0.0141889623516,-0.0141889623516,-0.0141889623516,-0.0141889623516,-0.0141889623516,-0.0141889623516,-0.0141889623516,-0.0141889623516,-0.0141889623516,-0.0141889623516,-0.0141889623516,-0.0141889623516,-0.0141889623516,-0.0141889623516,-0.0141889623516,-0.0141889623516,-0.0141889623516,-0.0141889623516,-0.0141889623516,-0.0141889623516,-0.0141889623516,-0.0141889623516,-0.0141889623516,-0.0141889623516,-0.0141889623516,-0.0141889623516,-0.0141889623516,-0.0141889623516,-0.0141889623516,-0.0141889623516,-0.0141889623516,-0.0141889623516,-0.0141889623516,-0.0141889623516,-0.0141889623516,-0.0141889623516,-0.0141889623516,-0.0141889623516,-0.0141889623516,-0.0141889623516,-0.0141889623516,-0.0141889623516,-0.0141889623516,-0.0141889623516,-0.0141889623516,-0.0141889623516,-0.0141889623516,-0.0141889623516,-0.0141889623516,-0.0141889623516,-0.0141889623516,-0.0141889623516,-0.0141889623516,-0.0141889623516,-0.0141889623516,-0.0141889623516,-0.0141889623516,-0.0141889623516,-0.0141889623516,-0.0141889623516,-0.0141889623516,-0.0141889623516
1845,-0.0143385858988,-0.0143385858988,-0.0143385858988,-0.0143385858988,-0.0143385858988,-0.0143385858988,-0.0143385858988,-0.0143385858988,-0.0143385858988,-0.0143385858988,-0.0143385858988,-0.0143385858988,-0.0143385858988,-0.0143385858988,-0.0143385858988,-0.0143385858988,-0.0143385858988,-0.0143385858988,-0.0143385858988,-0.0143385858988,-0.0143385858988,-0.0143385858988,-0.0143385858988,-0.0143385858988,-0.0143385858988,-0.0143385858988,-0.0143385858988,-0.0143385858988,-0.0143385858988,-0.0143385858988,-0.0143385858988,-0.0143385858988,-0.0143385858988,-0.0143385858988,-0.0143385858988,-0.0143385858988,-0.0143385858988,-0.0143385858988,-0.0143385858988,-0.0143385858988,-0.0143385858988,-0.0143385858988,-0.0143385858988,-0.0143385858988,-0.0143385858988,-0.0143385858988,-0.0143385858988,-0.0143385858988,-0.0143385858988,-0.0143385858988,-0.0143385858988,-0.0143385858988,-0.0143385858988,-0.0143385858988,-0.0143385858988,-0.0143385858988,-0.0143385858988,-0.0143385858988,-0.0143385858988,-0.0143385858988,-0.0143385858988,-0.0143385858988,-0.0143385858988,-0.0143385858988,-0.0143385858988,-0.0143385858988,-0.0143385858988,-0.0143385858988,-0.0143385858988,-0.0143385858988,-0.0143385858988,-0.0143385858988,-0.0143385858988,-0.0143385858988,-0.0143385858988,-0.0143385858988,-0.0143385858988,-0.0143385858988,-0.0143385858988,-0.0143385858988,-0.0143385858988,-0.0143385858988,-0.0143385858988,-0.0143385858988,-0.0143385858988,-0.0143385858988,-0.0143385858988,-0.0143385858988,-0.0143385858988,-0.0143385858988,-0.0143385858988,-0.0143385858988,-0.0143385858988,-0.0143385858988,-0.0143385858988,-0.0143385858988,-0.0143385858988,-0.0143385858988,-0.0143385858988,-0.0143385858988
1846,-0.0144881815542,-0.0144881815542,-0.0144881815542,-0.0144881815542,-0.0144881815542,-0.0144881815542,-0.0144881815542,-0.0144881815542,-0.0144881815542,-0.0144881815542,-0.0144881815542,-0.0144881815542,-0.0144881815542,-0.0144881815542,-0.0144881815542,-0.0144881815542,-0.0144881815542,-0.0144881815542,-0.0144881815542,-0.0144881815542,-0.0144881815542,-0.0144881815542,-0.0144881815542,-0.0144881815542,-0.0144881815542,-0.0144881815542,-0.0144881815542,-0.0144881815542,-0.0144881815542,-0.0144881815542,-0.0144881815542,-0.0144881815542,-0.0144881815542,-0.0144881815542,-0.0144881815542,-0.0144881815542,-0.0144881815542,-0.0144881815542,-0.0144881815542,-0.0144881815542,-0.0144881815542,-0.0144881815542,-0.0144881815542,-0.0144881815542,-0.0144881815542,-0.0144881815542,-0.0144881815542,-0.0144881815542,-0.0144881815542,-0.0144881815542,-0.0144881815542,-0.0144881815542,-0.0144881815542,-0.0144881815542,-0.0144881815542,-0.0144881815542,-0.0144881815542,-0.0144881815542,-0.0144881815542,-0.0144881815542,-0.0144881815542,-0.0144881815542,-0.0144881815542,-0.0144881815542,-0.0144881815542,-0.0144881815542,-0.0144881815542,-0.0144881815542,-0.0144881815542,-0.0144881815542,-0.0144881815542,-0.0144881815542,-0.0144881815542,-0.0144881815542,-0.0144881815542,-0.0144881815542,-0.0144881815542,-0.0144881815542,-0.0144881815542,-0.0144881815542,-0.0144881815542,-0.0144881815542,-0.0144881815542,-0.0144881815542,-0.0144881815542,-0.0144881815542,-0.0144881815542,-0.0144881815542,-0.0144881815542,-0.0144881815542,-0.0144881815542,-0.0144881815542,-0.0144881815542,-0.0144881815542,-0.0144881815542,-0.0144881815542,-0.0144881815542,-0.0144881815542,-0.0144881815542,-0.0144881815542
1847,-0.0146377493212,-0.0146377493212,-0.0146377493212,-0.0146377493212,-0.0146377493212,-0.0146377493212,-0.0146377493212,-0.0146377493212,-0.0146377493212,-0.0146377493212,-0.0146377493212,-0.0146377493212,-0.0146377493212,-0.0146377493212,-0.0146377493212,-0.0146377493212,-0.0146377493212,-0.0146377493212,-0.0146377493212,-0.0146377493212,-0.0146377493212,-0.0146377493212,-0.0146377493212,-0.0146377493212,-0.0146377493212,-0.0146377493212,-0.0146377493212,-0.0146377493212,-0.0146377493212,-0.0146377493212,-0.0146377493212,-0.0146377493212,-0.0146377493212,-0.0146377493212,-0.0146377493212,-0.0146377493212,-0.0146377493212,-0.0146377493212,-0.0146377493212,-0.0146377493212,-0.0146377493212,-0.0146377493212,-0.0146377493212,-0.0146377493212,-0.0146377493212,-0.0146377493212,-0.0146377493212,-0.0146377493212,-0.0146377493212,-0.0146377493212,-0.0146377493212,-0.0146377493212,-0.0146377493212,-0.0146377493212,-0.0146377493212,-0.0146377493212,-0.0146377493212,-0.0146377493212,-0.0146377493212,-0.0146377493212,-0.0146377493212,-0.0146377493212,-0.0146377493212,-0.0146377493212,-0.0146377493212,-0.0146377493212,-0.0146377493212,-0.0146377493212,-0.0146377493212,-0.0146377493212,-0.0146377493212,-0.0146377493212,-0.0146377493212,-0.0146377493212,-0.0146377493212,-0.0146377493212,-0.0146377493212,-0.0146377493212,-0.0146377493212,-0.0146377493212,-0.0146377493212,-0.0146377493212,-0.0146377493212,-0.0146377493212,-0.0146377493212,-0.0146377493212,-0.0146377493212,-0.0146377493212,-0.0146377493212,-0.0146377493212,-0.0146377493212,-0.0146377493212,-0.0146377493212,-0.0146377493212,-0.0146377493212,-0.0146377493212,-0.0146377493212,-0.0146377493212,-0.0146377493212,-0.0146377493212
1848,-0.0147872892036,-0.0147872892036,-0.0147872892036,-0.0147872892036,-0.0147872892036,-0.0147872892036,-0.0147872892036,-0.0147872892036,-0.0147872892036,-0.0147872892036,-0.0147872892036,-0.0147872892036,-0.0147872892036,-0.0147872892036,-0.0147872892036,-0.0147872892036,-0.0147872892036,-0.0147872892036,-0.0147872892036,-0.0147872892036,-0.0147872892036,-0.0147872892036,-0.0147872892036,-0.0147872892036,-0.0147872892036,-0.0147872892036,-0.0147872892036,-0.0147872892036,-0.0147872892036,-0.0147872892036,-0.0147872892036,-0.0147872892036,-0.0147872892036,-0.0147872892036,-0.0147872892036,-0.0147872892036,-0.0147872892036,-0.0147872892036,-0.0147872892036,-0.0147872892036,-0.0147872892036,-0.0147872892036,-0.0147872892036,-0.0147872892036,-0.0147872892036,-0.0147872892036,-0.0147872892036,-0.0147872892036,-0.0147872892036,-0.0147872892036,-0.0147872892036,-0.0147872892036,-0.0147872892036,-0.0147872892036,-0.0147872892036,-0.0147872892036,-0.0147872892036,-0.0147872892036,-0.0147872892036,-0.0147872892036,-0.0147872892036,-0.0147872892036,-0.0147872892036,-0.0147872892036,-0.0147872892036,-0.0147872892036,-0.0147872892036,-0.0147872892036,-0.0147872892036,-0.0147872892036,-0.0147872892036,-0.0147872892036,-0.0147872892036,-0.0147872892036,-0.0147872892036,-0.0147872892036,-0.0147872892036,-0.0147872892036,-0.0147872892036,-0.0147872892036,-0.0147872892036,-0.0147872892036,-0.0147872892036,-0.0147872892036,-0.0147872892036,-0.0147872892036,-0.0147872892036,-0.0147872892036,-0.0147872892036,-0.0147872892036,-0.0147872892036,-0.0147872892036,-0.0147872892036,-0.0147872892036,-0.0147872892036,-0.0147872892036,-0.0147872892036,-0.0147872892036,-0.0147872892036,-0.0147872892036
1849,-0.0149368012048,-0.0149368012048,-0.0149368012048,-0.0149368012048,-0.0149368012048,-0.0149368012048,-0.0149368012048,-0.0149368012048,-0.0149368012048,-0.0149368012048,-0.0149368012048,-0.0149368012048,-0.0149368012048,-0.0149368012048,-0.0149368012048,-0.0149368012048,-0.0149368012048,-0.0149368012048,-0.0149368012048,-0.0149368012048,-0.0149368012048,-0.0149368012048,-0.0149368012048,-0.0149368012048,-0.0149368012048,-0.0149368012048,-0.0149368012048,-0.0149368012048,-0.0149368012048,-0.0149368012048,-0.0149368012048,-0.0149368012048,-0.0149368012048,-0.0149368012048,-0.0149368012048,-0.0149368012048,-0.0149368012048,-0.0149368012048,-0.0149368012048,-0.0149368012048,-0.0149368012048,-0.0149368012048,-0.0149368012048,-0.0149368012048,-0.0149368012048,-0.0149368012048,-0.0149368012048,-0.0149368012048,-0.0149368012048,-0.0149368012048,-0.0149368012048,-0.0149368012048,-0.0149368012048,-0.0149368012048,-0.0149368012048,-0.0149368012048,-0.0149368012048,-0.0149368012048,-0.0149368012048,-0.0149368012048,-0.0149368012048,-0.0149368012048,-0.0149368012048,-0.0149368012048,-0.0149368012048,-0.0149368012048,-0.0149368012048,-0.0149368012048,-0.0149368012048,-0.0149368012048,-0.0149368012048,-0.0149368012048,-0.0149368012048,-0.0149368012048,-0.0149368012048,-0.0149368012048,-0.0149368012048,-0.0149368012048,-0.0149368012048,-0.0149368012048,-0.0149368012048,-0.0149368012048,-0.0149368012048,-0.0149368012048,-0.0149368012048,-0.0149368012048,-0.0149368012048,-0.0149368012048,-0.0149368012048,-0.0149368012048,-0.0149368012048,-0.0149368012048,-0.0149368012048,-0.0149368012048,-0.0149368012048,-0.0149368012048,-0.0149368012048,-0.0149368012048,-0.0149368012048,-0.0149368012048
1850,-0.0150862853285,-0.0150862853285,-0.0150862853285,-0.0150862853285,-0.0150862853285,-0.0150862853285,-0.0150862853285,-0.0150862853285,-0.0150862853285,-0.0150862853285,-0.0150862853285,-0.0150862853285,-0.0150862853285,-0.0150862853285,-0.0150862853285,-0.0150862853285,-0.0150862853285,-0.0150862853285,-0.0150862853285,-0.0150862853285,-0.0150862853285,-0.0150862853285,-0.0150862853285,-0.0150862853285,-0.0150862853285,-0.0150862853285,-0.0150862853285,-0.0150862853285,-0.0150862853285,-0.0150862853285,-0.0150862853285,-0.0150862853285,-0.0150862853285,-0.0150862853285,-0.0150862853285,-0.0150862853285,-0.0150862853285,-0.0150862853285,-0.0150862853285,-0.0150862853285,-0.0150862853285,-0.0150862853285,-0.0150862853285,-0.0150862853285,-0.0150862853285,-0.0150862853285,-0.0150862853285,-0.0150862853285,-0.0150862853285,-0.0150862853285,-0.0150862853285,-0.0150862853285,-0.0150862853285,-0.0150862853285,-0.0150862853285,-0.0150862853285,-0.0150862853285,-0.0150862853285,-0.0150862853285,-0.0150862853285,-0.0150862853285,-0.0150862853285,-0.0150862853285,-0.0150862853285,-0.0150862853285,-0.0150862853285,-0.0150862853285,-0.0150862853285,-0.0150862853285,-0.0150862853285,-0.0150862853285,-0.0150862853285,-0.0150862853285,-0.0150862853285,-0.0150862853285,-0.0150862853285,-0.0150862853285,-0.0150862853285,-0.0150862853285,-0.0150862853285,-0.0150862853285,-0.0150862853285,-0.0150862853285,-0.0150862853285,-0.0150862853285,-0.0150862853285,-0.0150862853285,-0.0150862853285,-0.0150862853285,-0.0150862853285,-0.0150862853285,-0.0150862853285,-0.0150862853285,-0.0150862853285,-0.0150862853285,-0.0150862853285,-0.0150862853285,-0.0150862853285,-0.0150862853285,-0.0150862853285
1851,-0.0152357415781,-0.0152357415781,-0.0152357415781,-0.0152357415781,-0.0152357415781,-0.0152357415781,-0.0152357415781,-0.0152357415781,-0.0152357415781,-0.0152357415781,-0.0152357415781,-0.0152357415781,-0.0152357415781,-0.0152357415781,-0.0152357415781,-0.0152357415781,-0.0152357415781,-0.0152357415781,-0.0152357415781,-0.0152357415781,-0.0152357415781,-0.0152357415781,-0.0152357415781,-0.0152357415781,-0.0152357415781,-0.0152357415781,-0.0152357415781,-0.0152357415781,-0.0152357415781,-0.0152357415781,-0.0152357415781,-0.0152357415781,-0.0152357415781,-0.0152357415781,-0.0152357415781,-0.0152357415781,-0.0152357415781,-0.0152357415781,-0.0152357415781,-0.0152357415781,-0.0152357415781,-0.0152357415781,-0.0152357415781,-0.0152357415781,-0.0152357415781,-0.0152357415781,-0.0152357415781,-0.0152357415781,-0.0152357415781,-0.0152357415781,-0.0152357415781,-0.0152357415781,-0.0152357415781,-0.0152357415781,-0.0152357415781,-0.0152357415781,-0.0152357415781,-0.0152357415781,-0.0152357415781,-0.0152357415781,-0.0152357415781,-0.0152357415781,-0.0152357415781,-0.0152357415781,-0.0152357415781,-0.0152357415781,-0.0152357415781,-0.0152357415781,-0.0152357415781,-0.0152357415781,-0.0152357415781,-0.0152357415781,-0.0152357415781,-0.0152357415781,-0.0152357415781,-0.0152357415781,-0.0152357415781,-0.0152357415781,-0.0152357415781,-0.0152357415781,-0.0152357415781,-0.0152357415781,-0.0152357415781,-0.0152357415781,-0.0152357415781,-0.0152357415781,-0.0152357415781,-0.0152357415781,-0.0152357415781,-0.0152357415781,-0.0152357415781,-0.0152357415781,-0.0152357415781,-0.0152357415781,-0.0152357415781,-0.0152357415781,-0.0152357415781,-0.0152357415781,-0.0152357415781,-0.0152357415781
1852,-0.0153851699572,-0.0153851699572,-0.0153851699572,-0.0153851699572,-0.0153851699572,-0.0153851699572,-0.0153851699572,-0.0153851699572,-0.0153851699572,-0.0153851699572,-0.0153851699572,-0.0153851699572,-0.0153851699572,-0.0153851699572,-0.0153851699572,-0.0153851699572,-0.0153851699572,-0.0153851699572,-0.0153851699572,-0.0153851699572,-0.0153851699572,-0.0153851699572,-0.0153851699572,-0.0153851699572,-0.0153851699572,-0.0153851699572,-0.0153851699572,-0.0153851699572,-0.0153851699572,-0.0153851699572,-0.0153851699572,-0.0153851699572,-0.0153851699572,-0.0153851699572,-0.0153851699572,-0.0153851699572,-0.0153851699572,-0.0153851699572,-0.0153851699572,-0.0153851699572,-0.0153851699572,-0.0153851699572,-0.0153851699572,-0.0153851699572,-0.0153851699572,-0.0153851699572,-0.0153851699572,-0.0153851699572,-0.0153851699572,-0.0153851699572,-0.0153851699572,-0.0153851699572,-0.0153851699572,-0.0153851699572,-0.0153851699572,-0.0153851699572,-0.0153851699572,-0.0153851699572,-0.0153851699572,-0.0153851699572,-0.0153851699572,-0.0153851699572,-0.0153851699572,-0.0153851699572,-0.0153851699572,-0.0153851699572,-0.0153851699572,-0.0153851699572,-0.0153851699572,-0.0153851699572,-0.0153851699572,-0.0153851699572,-0.0153851699572,-0.0153851699572,-0.0153851699572,-0.0153851699572,-0.0153851699572,-0.0153851699572,-0.0153851699572,-0.0153851699572,-0.0153851699572,-0.0153851699572,-0.0153851699572,-0.0153851699572,-0.0153851699572,-0.0153851699572,-0.0153851699572,-0.0153851699572,-0.0153851699572,-0.0153851699572,-0.0153851699572,-0.0153851699572,-0.0153851699572,-0.0153851699572,-0.0153851699572,-0.0153851699572,-0.0153851699572,-0.0153851699572,-0.0153851699572,-0.0153851699572
1853,-0.0155345704695,-0.0155345704695,-0.0155345704695,-0.0155345704695,-0.0155345704695,-0.0155345704695,-0.0155345704695,-0.0155345704695,-0.0155345704695,-0.0155345704695,-0.0155345704695,-0.0155345704695,-0.0155345704695,-0.0155345704695,-0.0155345704695,-0.0155345704695,-0.0155345704695,-0.0155345704695,-0.0155345704695,-0.0155345704695,-0.0155345704695,-0.0155345704695,-0.0155345704695,-0.0155345704695,-0.0155345704695,-0.0155345704695,-0.0155345704695,-0.0155345704695,-0.0155345704695,-0.0155345704695,-0.0155345704695,-0.0155345704695,-0.0155345704695,-0.0155345704695,-0.0155345704695,-0.0155345704695,-0.0155345704695,-0.0155345704695,-0.0155345704695,-0.0155345704695,-0.0155345704695,-0.0155345704695,-0.0155345704695,-0.0155345704695,-0.0155345704695,-0.0155345704695,-0.0155345704695,-0.0155345704695,-0.0155345704695,-0.0155345704695,-0.0155345704695,-0.0155345704695,-0.0155345704695,-0.0155345704695,-0.0155345704695,-0.0155345704695,-0.0155345704695,-0.0155345704695,-0.0155345704695,-0.0155345704695,-0.0155345704695,-0.0155345704695,-0.0155345704695,-0.0155345704695,-0.0155345704695,-0.0155345704695,-0.0155345704695,-0.0155345704695,-0.0155345704695,-0.0155345704695,-0.0155345704695,-0.0155345704695,-0.0155345704695,-0.0155345704695,-0.0155345704695,-0.0155345704695,-0.0155345704695,-0.0155345704695,-0.0155345704695,-0.0155345704695,-0.0155345704695,-0.0155345704695,-0.0155345704695,-0.0155345704695,-0.0155345704695,-0.0155345704695,-0.0155345704695,-0.0155345704695,-0.0155345704695,-0.0155345704695,-0.0155345704695,-0.0155345704695,-0.0155345704695,-0.0155345704695,-0.0155345704695,-0.0155345704695,-0.0155345704695,-0.0155345704695,-0.0155345704695,-0.0155345704695
1854,-0.0156839431184,-0.0156839431184,-0.0156839431184,-0.0156839431184,-0.0156839431184,-0.0156839431184,-0.0156839431184,-0.0156839431184,-0.0156839431184,-0.0156839431184,-0.0156839431184,-0.0156839431184,-0.0156839431184,-0.0156839431184,-0.0156839431184,-0.0156839431184,-0.0156839431184,-0.0156839431184,-0.0156839431184,-0.0156839431184,-0.0156839431184,-0.0156839431184,-0.0156839431184,-0.0156839431184,-0.0156839431184,-0.0156839431184,-0.0156839431184,-0.0156839431184,-0.0156839431184,-0.0156839431184,-0.0156839431184,-0.0156839431184,-0.0156839431184,-0.0156839431184,-0.0156839431184,-0.0156839431184,-0.0156839431184,-0.0156839431184,-0.0156839431184,-0.0156839431184,-0.0156839431184,-0.0156839431184,-0.0156839431184,-0.0156839431184,-0.0156839431184,-0.0156839431184,-0.0156839431184,-0.0156839431184,-0.0156839431184,-0.0156839431184,-0.0156839431184,-0.0156839431184,-0.0156839431184,-0.0156839431184,-0.0156839431184,-0.0156839431184,-0.0156839431184,-0.0156839431184,-0.0156839431184,-0.0156839431184,-0.0156839431184,-0.0156839431184,-0.0156839431184,-0.0156839431184,-0.0156839431184,-0.0156839431184,-0.0156839431184,-0.0156839431184,-0.0156839431184,-0.0156839431184,-0.0156839431184,-0.0156839431184,-0.0156839431184,-0.0156839431184,-0.0156839431184,-0.0156839431184,-0.0156839431184,-0.0156839431184,-0.0156839431184,-0.0156839431184,-0.0156839431184,-0.0156839431184,-0.0156839431184,-0.0156839431184,-0.0156839431184,-0.0156839431184,-0.0156839431184,-0.0156839431184,-0.0156839431184,-0.0156839431184,-0.0156839431184,-0.0156839431184,-0.0156839431184,-0.0156839431184,-0.0156839431184,-0.0156839431184,-0.0156839431184,-0.0156839431184,-0.0156839431184,-0.0156839431184
1855,-0.0158332879076,-0.0158332879076,-0.0158332879076,-0.0158332879076,-0.0158332879076,-0.0158332879076,-0.0158332879076,-0.0158332879076,-0.0158332879076,-0.0158332879076,-0.0158332879076,-0.0158332879076,-0.0158332879076,-0.0158332879076,-0.0158332879076,-0.0158332879076,-0.0158332879076,-0.0158332879076,-0.0158332879076,-0.0158332879076,-0.0158332879076,-0.0158332879076,-0.0158332879076,-0.0158332879076,-0.0158332879076,-0.0158332879076,-0.0158332879076,-0.0158332879076,-0.0158332879076,-0.0158332879076,-0.0158332879076,-0.0158332879076,-0.0158332879076,-0.0158332879076,-0.0158332879076,-0.0158332879076,-0.0158332879076,-0.0158332879076,-0.0158332879076,-0.0158332879076,-0.0158332879076,-0.0158332879076,-0.0158332879076,-0.0158332879076,-0.0158332879076,-0.0158332879076,-0.0158332879076,-0.0158332879076,-0.0158332879076,-0.0158332879076,-0.0158332879076,-0.0158332879076,-0.0158332879076,-0.0158332879076,-0.0158332879076,-0.0158332879076,-0.0158332879076,-0.0158332879076,-0.0158332879076,-0.0158332879076,-0.0158332879076,-0.0158332879076,-0.0158332879076,-0.0158332879076,-0.0158332879076,-0.0158332879076,-0.0158332879076,-0.0158332879076,-0.0158332879076,-0.0158332879076,-0.0158332879076,-0.0158332879076,-0.0158332879076,-0.0158332879076,-0.0158332879076,-0.0158332879076,-0.0158332879076,-0.0158332879076,-0.0158332879076,-0.0158332879076,-0.0158332879076,-0.0158332879076,-0.0158332879076,-0.0158332879076,-0.0158332879076,-0.0158332879076,-0.0158332879076,-0.0158332879076,-0.0158332879076,-0.0158332879076,-0.0158332879076,-0.0158332879076,-0.0158332879076,-0.0158332879076,-0.0158332879076,-0.0158332879076,-0.0158332879076,-0.0158332879076,-0.0158332879076,-0.0158332879076
1856,-0.0159826048405,-0.0159826048405,-0.0159826048405,-0.0159826048405,-0.0159826048405,-0.0159826048405,-0.0159826048405,-0.0159826048405,-0.0159826048405,-0.0159826048405,-0.0159826048405,-0.0159826048405,-0.0159826048405,-0.0159826048405,-0.0159826048405,-0.0159826048405,-0.0159826048405,-0.0159826048405,-0.0159826048405,-0.0159826048405,-0.0159826048405,-0.0159826048405,-0.0159826048405,-0.0159826048405,-0.0159826048405,-0.0159826048405,-0.0159826048405,-0.0159826048405,-0.0159826048405,-0.0159826048405,-0.0159826048405,-0.0159826048405,-0.0159826048405,-0.0159826048405,-0.0159826048405,-0.0159826048405,-0.0159826048405,-0.0159826048405,-0.0159826048405,-0.0159826048405,-0.0159826048405,-0.0159826048405,-0.0159826048405,-0.0159826048405,-0.0159826048405,-0.0159826048405,-0.0159826048405,-0.0159826048405,-0.0159826048405,-0.0159826048405,-0.0159826048405,-0.0159826048405,-0.0159826048405,-0.0159826048405,-0.0159826048405,-0.0159826048405,-0.0159826048405,-0.0159826048405,-0.0159826048405,-0.0159826048405,-0.0159826048405,-0.0159826048405,-0.0159826048405,-0.0159826048405,-0.0159826048405,-0.0159826048405,-0.0159826048405,-0.0159826048405,-0.0159826048405,-0.0159826048405,-0.0159826048405,-0.0159826048405,-0.0159826048405,-0.0159826048405,-0.0159826048405,-0.0159826048405,-0.0159826048405,-0.0159826048405,-0.0159826048405,-0.0159826048405,-0.0159826048405,-0.0159826048405,-0.0159826048405,-0.0159826048405,-0.0159826048405,-0.0159826048405,-0.0159826048405,-0.0159826048405,-0.0159826048405,-0.0159826048405,-0.0159826048405,-0.0159826048405,-0.0159826048405,-0.0159826048405,-0.0159826048405,-0.0159826048405,-0.0159826048405,-0.0159826048405,-0.0159826048405,-0.0159826048405
1857,-0.0161318939208,-0.0161318939208,-0.0161318939208,-0.0161318939208,-0.0161318939208,-0.0161318939208,-0.0161318939208,-0.0161318939208,-0.0161318939208,-0.0161318939208,-0.0161318939208,-0.0161318939208,-0.0161318939208,-0.0161318939208,-0.0161318939208,-0.0161318939208,-0.0161318939208,-0.0161318939208,-0.0161318939208,-0.0161318939208,-0.0161318939208,-0.0161318939208,-0.0161318939208,-0.0161318939208,-0.0161318939208,-0.0161318939208,-0.0161318939208,-0.0161318939208,-0.0161318939208,-0.0161318939208,-0.0161318939208,-0.0161318939208,-0.0161318939208,-0.0161318939208,-0.0161318939208,-0.0161318939208,-0.0161318939208,-0.0161318939208,-0.0161318939208,-0.0161318939208,-0.0161318939208,-0.0161318939208,-0.0161318939208,-0.0161318939208,-0.0161318939208,-0.0161318939208,-0.0161318939208,-0.0161318939208,-0.0161318939208,-0.0161318939208,-0.0161318939208,-0.0161318939208,-0.0161318939208,-0.0161318939208,-0.0161318939208,-0.0161318939208,-0.0161318939208,-0.0161318939208,-0.0161318939208,-0.0161318939208,-0.0161318939208,-0.0161318939208,-0.0161318939208,-0.0161318939208,-0.0161318939208,-0.0161318939208,-0.0161318939208,-0.0161318939208,-0.0161318939208,-0.0161318939208,-0.0161318939208,-0.0161318939208,-0.0161318939208,-0.0161318939208,-0.0161318939208,-0.0161318939208,-0.0161318939208,-0.0161318939208,-0.0161318939208,-0.0161318939208,-0.0161318939208,-0.0161318939208,-0.0161318939208,-0.0161318939208,-0.0161318939208,-0.0161318939208,-0.0161318939208,-0.0161318939208,-0.0161318939208,-0.0161318939208,-0.0161318939208,-0.0161318939208,-0.0161318939208,-0.0161318939208,-0.0161318939208,-0.0161318939208,-0.0161318939208,-0.0161318939208,-0.0161318939208,-0.0161318939208
1858,-0.0162811551521,-0.0162811551521,-0.0162811551521,-0.0162811551521,-0.0162811551521,-0.0162811551521,-0.0162811551521,-0.0162811551521,-0.0162811551521,-0.0162811551521,-0.0162811551521,-0.0162811551521,-0.0162811551521,-0.0162811551521,-0.0162811551521,-0.0162811551521,-0.0162811551521,-0.0162811551521,-0.0162811551521,-0.0162811551521,-0.0162811551521,-0.0162811551521,-0.0162811551521,-0.0162811551521,-0.0162811551521,-0.0162811551521,-0.0162811551521,-0.0162811551521,-0.0162811551521,-0.0162811551521,-0.0162811551521,-0.0162811551521,-0.0162811551521,-0.0162811551521,-0.0162811551521,-0.0162811551521,-0.0162811551521,-0.0162811551521,-0.0162811551521,-0.0162811551521,-0.0162811551521,-0.0162811551521,-0.0162811551521,-0.0162811551521,-0.0162811551521,-0.0162811551521,-0.0162811551521,-0.0162811551521,-0.0162811551521,-0.0162811551521,-0.0162811551521,-0.0162811551521,-0.0162811551521,-0.0162811551521,-0.0162811551521,-0.0162811551521,-0.0162811551521,-0.0162811551521,-0.0162811551521,-0.0162811551521,-0.0162811551521,-0.0162811551521,-0.0162811551521,-0.0162811551521,-0.0162811551521,-0.0162811551521,-0.0162811551521,-0.0162811551521,-0.0162811551521,-0.0162811551521,-0.0162811551521,-0.0162811551521,-0.0162811551521,-0.0162811551521,-0.0162811551521,-0.0162811551521,-0.0162811551521,-0.0162811551521,-0.0162811551521,-0.0162811551521,-0.0162811551521,-0.0162811551521,-0.0162811551521,-0.0162811551521,-0.0162811551521,-0.0162811551521,-0.0162811551521,-0.0162811551521,-0.0162811551521,-0.0162811551521,-0.0162811551521,-0.0162811551521,-0.0162811551521,-0.0162811551521,-0.0162811551521,-0.0162811551521,-0.0162811551521,-0.0162811551521,-0.0162811551521,-0.0162811551521
1859,-0.0164303885378,-0.0164303885378,-0.0164303885378,-0.0164303885378,-0.0164303885378,-0.0164303885378,-0.0164303885378,-0.0164303885378,-0.0164303885378,-0.0164303885378,-0.0164303885378,-0.0164303885378,-0.0164303885378,-0.0164303885378,-0.0164303885378,-0.0164303885378,-0.0164303885378,-0.0164303885378,-0.0164303885378,-0.0164303885378,-0.0164303885378,-0.0164303885378,-0.0164303885378,-0.0164303885378,-0.0164303885378,-0.0164303885378,-0.0164303885378,-0.0164303885378,-0.0164303885378,-0.0164303885378,-0.0164303885378,-0.0164303885378,-0.0164303885378,-0.0164303885378,-0.0164303885378,-0.0164303885378,-0.0164303885378,-0.0164303885378,-0.0164303885378,-0.0164303885378,-0.0164303885378,-0.0164303885378,-0.0164303885378,-0.0164303885378,-0.0164303885378,-0.0164303885378,-0.0164303885378,-0.0164303885378,-0.0164303885378,-0.0164303885378,-0.0164303885378,-0.0164303885378,-0.0164303885378,-0.0164303885378,-0.0164303885378,-0.0164303885378,-0.0164303885378,-0.0164303885378,-0.0164303885378,-0.0164303885378,-0.0164303885378,-0.0164303885378,-0.0164303885378,-0.0164303885378,-0.0164303885378,-0.0164303885378,-0.0164303885378,-0.0164303885378,-0.0164303885378,-0.0164303885378,-0.0164303885378,-0.0164303885378,-0.0164303885378,-0.0164303885378,-0.0164303885378,-0.0164303885378,-0.0164303885378,-0.0164303885378,-0.0164303885378,-0.0164303885378,-0.0164303885378,-0.0164303885378,-0.0164303885378,-0.0164303885378,-0.0164303885378,-0.0164303885378,-0.0164303885378,-0.0164303885378,-0.0164303885378,-0.0164303885378,-0.0164303885378,-0.0164303885378,-0.0164303885378,-0.0164303885378,-0.0164303885378,-0.0164303885378,-0.0164303885378,-0.0164303885378,-0.0164303885378,-0.0164303885378
1860,-0.0165795940816,-0.0165795940816,-0.0165795940816,-0.0165795940816,-0.0165795940816,-0.0165795940816,-0.0165795940816,-0.0165795940816,-0.0165795940816,-0.0165795940816,-0.0165795940816,-0.0165795940816,-0.0165795940816,-0.0165795940816,-0.0165795940816,-0.0165795940816,-0.0165795940816,-0.0165795940816,-0.0165795940816,-0.0165795940816,-0.0165795940816,-0.0165795940816,-0.0165795940816,-0.0165795940816,-0.0165795940816,-0.0165795940816,-0.0165795940816,-0.0165795940816,-0.0165795940816,-0.0165795940816,-0.0165795940816,-0.0165795940816,-0.0165795940816,-0.0165795940816,-0.0165795940816,-0.0165795940816,-0.0165795940816,-0.0165795940816,-0.0165795940816,-0.0165795940816,-0.0165795940816,-0.0165795940816,-0.0165795940816,-0.0165795940816,-0.0165795940816,-0.0165795940816,-0.0165795940816,-0.0165795940816,-0.0165795940816,-0.0165795940816,-0.0165795940816,-0.0165795940816,-0.0165795940816,-0.0165795940816,-0.0165795940816,-0.0165795940816,-0.0165795940816,-0.0165795940816,-0.0165795940816,-0.0165795940816,-0.0165795940816,-0.0165795940816,-0.0165795940816,-0.0165795940816,-0.0165795940816,-0.0165795940816,-0.0165795940816,-0.0165795940816,-0.0165795940816,-0.0165795940816,-0.0165795940816,-0.0165795940816,-0.0165795940816,-0.0165795940816,-0.0165795940816,-0.0165795940816,-0.0165795940816,-0.0165795940816,-0.0165795940816,-0.0165795940816,-0.0165795940816,-0.0165795940816,-0.0165795940816,-0.0165795940816,-0.0165795940816,-0.0165795940816,-0.0165795940816,-0.0165795940816,-0.0165795940816,-0.0165795940816,-0.0165795940816,-0.0165795940816,-0.0165795940816,-0.0165795940816,-0.0165795940816,-0.0165795940816,-0.0165795940816,-0.0165795940816,-0.0165795940816,-0.0165795940816
1861,-0.016728771787,-0.016728771787,-0.016728771787,-0.016728771787,-0.016728771787,-0.016728771787,-0.016728771787,-0.016728771787,-0.016728771787,-0.016728771787,-0.016728771787,-0.016728771787,-0.016728771787,-0.016728771787,-0.016728771787,-0.016728771787,-0.016728771787,-0.016728771787,-0.016728771787,-0.016728771787,-0.016728771787,-0.016728771787,-0.016728771787,-0.016728771787,-0.016728771787,-0.016728771787,-0.016728771787,-0.016728771787,-0.016728771787,-0.016728771787,-0.016728771787,-0.016728771787,-0.016728771787,-0.016728771787,-0.016728771787,-0.016728771787,-0.016728771787,-0.016728771787,-0.016728771787,-0.016728771787,-0.016728771787,-0.016728771787,-0.016728771787,-0.016728771787,-0.016728771787,-0.016728771787,-0.016728771787,-0.016728771787,-0.016728771787,-0.016728771787,-0.016728771787,-0.016728771787,-0.016728771787,-0.016728771787,-0.016728771787,-0.016728771787,-0.016728771787,-0.016728771787,-0.016728771787,-0.016728771787,-0.016728771787,-0.016728771787,-0.016728771787,-0.016728771787,-0.016728771787,-0.016728771787,-0.016728771787,-0.016728771787,-0.016728771787,-0.016728771787,-0.016728771787,-0.016728771787,-0.016728771787,-0.016728771787,-0.016728771787,-0.016728771787,-0.016728771787,-0.016728771787,-0.016728771787,-0.016728771787,-0.016728771787,-0.016728771787,-0.016728771787,-0.016728771787,-0.016728771787,-0.016728771787,-0.016728771787,-0.016728771787,-0.016728771787,-0.016728771787,-0.016728771787,-0.016728771787,-0.016728771787,-0.016728771787,-0.016728771787,-0.016728771787,-0.016728771787,-0.016728771787,-0.016728771787,-0.016728771787
1862,-0.0168779216576,-0.0168779216576,-0.0168779216576,-0.0168779216576,-0.0168779216576,-0.0168779216576,-0.0168779216576,-0.0168779216576,-0.0168779216576,-0.0168779216576,-0.0168779216576,-0.0168779216576,-0.0168779216576,-0.0168779216576,-0.0168779216576,-0.0168779216576,-0.0168779216576,-0.0168779216576,-0.0168779216576,-0.0168779216576,-0.0168779216576,-0.0168779216576,-0.0168779216576,-0.0168779216576,-0.0168779216576,-0.0168779216576,-0.0168779216576,-0.0168779216576,-0.0168779216576,-0.0168779216576,-0.0168779216576,-0.0168779216576,-0.0168779216576,-0.0168779216576,-0.0168779216576,-0.0168779216576,-0.0168779216576,-0.0168779216576,-0.0168779216576,-0.0168779216576,-0.0168779216576,-0.0168779216576,-0.0168779216576,-0.0168779216576,-0.0168779216576,-0.0168779216576,-0.0168779216576,-0.0168779216576,-0.0168779216576,-0.0168779216576,-0.0168779216576,-0.0168779216576,-0.0168779216576,-0.0168779216576,-0.0168779216576,-0.0168779216576,-0.0168779216576,-0.0168779216576,-0.0168779216576,-0.0168779216576,-0.0168779216576,-0.0168779216576,-0.0168779216576,-0.0168779216576,-0.0168779216576,-0.0168779216576,-0.0168779216576,-0.0168779216576,-0.0168779216576,-0.0168779216576,-0.0168779216576,-0.0168779216576,-0.0168779216576,-0.0168779216576,-0.0168779216576,-0.0168779216576,-0.0168779216576,-0.0168779216576,-0.0168779216576,-0.0168779216576,-0.0168779216576,-0.0168779216576,-0.0168779216576,-0.0168779216576,-0.0168779216576,-0.0168779216576,-0.0168779216576,-0.0168779216576,-0.0168779216576,-0.0168779216576,-0.0168779216576,-0.0168779216576,-0.0168779216576,-0.0168779216576,-0.0168779216576,-0.0168779216576,-0.0168779216576,-0.0168779216576,-0.0168779216576,-0.0168779216576
1863,-0.0170270436969,-0.0170270436969,-0.0170270436969,-0.0170270436969,-0.0170270436969,-0.0170270436969,-0.0170270436969,-0.0170270436969,-0.0170270436969,-0.0170270436969,-0.0170270436969,-0.0170270436969,-0.0170270436969,-0.0170270436969,-0.0170270436969,-0.0170270436969,-0.0170270436969,-0.0170270436969,-0.0170270436969,-0.0170270436969,-0.0170270436969,-0.0170270436969,-0.0170270436969,-0.0170270436969,-0.0170270436969,-0.0170270436969,-0.0170270436969,-0.0170270436969,-0.0170270436969,-0.0170270436969,-0.0170270436969,-0.0170270436969,-0.0170270436969,-0.0170270436969,-0.0170270436969,-0.0170270436969,-0.0170270436969,-0.0170270436969,-0.0170270436969,-0.0170270436969,-0.0170270436969,-0.0170270436969,-0.0170270436969,-0.0170270436969,-0.0170270436969,-0.0170270436969,-0.0170270436969,-0.0170270436969,-0.0170270436969,-0.0170270436969,-0.0170270436969,-0.0170270436969,-0.0170270436969,-0.0170270436969,-0.0170270436969,-0.0170270436969,-0.0170270436969,-0.0170270436969,-0.0170270436969,-0.0170270436969,-0.0170270436969,-0.0170270436969,-0.0170270436969,-0.0170270436969,-0.0170270436969,-0.0170270436969,-0.0170270436969,-0.0170270436969,-0.0170270436969,-0.0170270436969,-0.0170270436969,-0.0170270436969,-0.0170270436969,-0.0170270436969,-0.0170270436969,-0.0170270436969,-0.0170270436969,-0.0170270436969,-0.0170270436969,-0.0170270436969,-0.0170270436969,-0.0170270436969,-0.0170270436969,-0.0170270436969,-0.0170270436969,-0.0170270436969,-0.0170270436969,-0.0170270436969,-0.0170270436969,-0.0170270436969,-0.0170270436969,-0.0170270436969,-0.0170270436969,-0.0170270436969,-0.0170270436969,-0.0170270436969,-0.0170270436969,-0.0170270436969,-0.0170270436969,-0.0170270436969
1864,-0.0171761379086,-0.0171761379086,-0.0171761379086,-0.0171761379086,-0.0171761379086,-0.0171761379086,-0.0171761379086,-0.0171761379086,-0.0171761379086,-0.0171761379086,-0.0171761379086,-0.0171761379086,-0.0171761379086,-0.0171761379086,-0.0171761379086,-0.0171761379086,-0.0171761379086,-0.0171761379086,-0.0171761379086,-0.0171761379086,-0.0171761379086,-0.0171761379086,-0.0171761379086,-0.0171761379086,-0.0171761379086,-0.0171761379086,-0.0171761379086,-0.0171761379086,-0.0171761379086,-0.0171761379086,-0.0171761379086,-0.0171761379086,-0.0171761379086,-0.0171761379086,-0.0171761379086,-0.0171761379086,-0.0171761379086,-0.0171761379086,-0.0171761379086,-0.0171761379086,-0.0171761379086,-0.0171761379086,-0.0171761379086,-0.0171761379086,-0.0171761379086,-0.0171761379086,-0.0171761379086,-0.0171761379086,-0.0171761379086,-0.0171761379086,-0.0171761379086,-0.0171761379086,-0.0171761379086,-0.0171761379086,-0.0171761379086,-0.0171761379086,-0.0171761379086,-0.0171761379086,-0.0171761379086,-0.0171761379086,-0.0171761379086,-0.0171761379086,-0.0171761379086,-0.0171761379086,-0.0171761379086,-0.0171761379086,-0.0171761379086,-0.0171761379086,-0.0171761379086,-0.0171761379086,-0.0171761379086,-0.0171761379086,-0.0171761379086,-0.0171761379086,-0.0171761379086,-0.0171761379086,-0.0171761379086,-0.0171761379086,-0.0171761379086,-0.0171761379086,-0.0171761379086,-0.0171761379086,-0.0171761379086,-0.0171761379086,-0.0171761379086,-0.0171761379086,-0.0171761379086,-0.0171761379086,-0.0171761379086,-0.0171761379086,-0.0171761379086,-0.0171761379086,-0.0171761379086,-0.0171761379086,-0.0171761379086,-0.0171761379086,-0.0171761379086,-0.0171761379086,-0.0171761379086,-0.0171761379086
1865,-0.0173252042962,-0.0173252042962,-0.0173252042962,-0.0173252042962,-0.0173252042962,-0.0173252042962,-0.0173252042962,-0.0173252042962,-0.0173252042962,-0.0173252042962,-0.0173252042962,-0.0173252042962,-0.0173252042962,-0.0173252042962,-0.0173252042962,-0.0173252042962,-0.0173252042962,-0.0173252042962,-0.0173252042962,-0.0173252042962,-0.0173252042962,-0.0173252042962,-0.0173252042962,-0.0173252042962,-0.0173252042962,-0.0173252042962,-0.0173252042962,-0.0173252042962,-0.0173252042962,-0.0173252042962,-0.0173252042962,-0.0173252042962,-0.0173252042962,-0.0173252042962,-0.0173252042962,-0.0173252042962,-0.0173252042962,-0.0173252042962,-0.0173252042962,-0.0173252042962,-0.0173252042962,-0.0173252042962,-0.0173252042962,-0.0173252042962,-0.0173252042962,-0.0173252042962,-0.0173252042962,-0.0173252042962,-0.0173252042962,-0.0173252042962,-0.0173252042962,-0.0173252042962,-0.0173252042962,-0.0173252042962,-0.0173252042962,-0.0173252042962,-0.0173252042962,-0.0173252042962,-0.0173252042962,-0.0173252042962,-0.0173252042962,-0.0173252042962,-0.0173252042962,-0.0173252042962,-0.0173252042962,-0.0173252042962,-0.0173252042962,-0.0173252042962,-0.0173252042962,-0.0173252042962,-0.0173252042962,-0.0173252042962,-0.0173252042962,-0.0173252042962,-0.0173252042962,-0.0173252042962,-0.0173252042962,-0.0173252042962,-0.0173252042962,-0.0173252042962,-0.0173252042962,-0.0173252042962,-0.0173252042962,-0.0173252042962,-0.0173252042962,-0.0173252042962,-0.0173252042962,-0.0173252042962,-0.0173252042962,-0.0173252042962,-0.0173252042962,-0.0173252042962,-0.0173252042962,-0.0173252042962,-0.0173252042962,-0.0173252042962,-0.0173252042962,-0.0173252042962,-0.0173252042962,-0.0173252042962
1866,-0.0174742428633,-0.0174742428633,-0.0174742428633,-0.0174742428633,-0.0174742428633,-0.0174742428633,-0.0174742428633,-0.0174742428633,-0.0174742428633,-0.0174742428633,-0.0174742428633,-0.0174742428633,-0.0174742428633,-0.0174742428633,-0.0174742428633,-0.0174742428633,-0.0174742428633,-0.0174742428633,-0.0174742428633,-0.0174742428633,-0.0174742428633,-0.0174742428633,-0.0174742428633,-0.0174742428633,-0.0174742428633,-0.0174742428633,-0.0174742428633,-0.0174742428633,-0.0174742428633,-0.0174742428633,-0.0174742428633,-0.0174742428633,-0.0174742428633,-0.0174742428633,-0.0174742428633,-0.0174742428633,-0.0174742428633,-0.0174742428633,-0.0174742428633,-0.0174742428633,-0.0174742428633,-0.0174742428633,-0.0174742428633,-0.0174742428633,-0.0174742428633,-0.0174742428633,-0.0174742428633,-0.0174742428633,-0.0174742428633,-0.0174742428633,-0.0174742428633,-0.0174742428633,-0.0174742428633,-0.0174742428633,-0.0174742428633,-0.0174742428633,-0.0174742428633,-0.0174742428633,-0.0174742428633,-0.0174742428633,-0.0174742428633,-0.0174742428633,-0.0174742428633,-0.0174742428633,-0.0174742428633,-0.0174742428633,-0.0174742428633,-0.0174742428633,-0.0174742428633,-0.0174742428633,-0.0174742428633,-0.0174742428633,-0.0174742428633,-0.0174742428633,-0.0174742428633,-0.0174742428633,-0.0174742428633,-0.0174742428633,-0.0174742428633,-0.0174742428633,-0.0174742428633,-0.0174742428633,-0.0174742428633,-0.0174742428633,-0.0174742428633,-0.0174742428633,-0.0174742428633,-0.0174742428633,-0.0174742428633,-0.0174742428633,-0.0174742428633,-0.0174742428633,-0.0174742428633,-0.0174742428633,-0.0174742428633,-0.0174742428633,-0.0174742428633,-0.0174742428633,-0.0174742428633,-0.0174742428633
1867,-0.0176232536134,-0.0176232536134,-0.0176232536134,-0.0176232536134,-0.0176232536134,-0.0176232536134,-0.0176232536134,-0.0176232536134,-0.0176232536134,-0.0176232536134,-0.0176232536134,-0.0176232536134,-0.0176232536134,-0.0176232536134,-0.0176232536134,-0.0176232536134,-0.0176232536134,-0.0176232536134,-0.0176232536134,-0.0176232536134,-0.0176232536134,-0.0176232536134,-0.0176232536134,-0.0176232536134,-0.0176232536134,-0.0176232536134,-0.0176232536134,-0.0176232536134,-0.0176232536134,-0.0176232536134,-0.0176232536134,-0.0176232536134,-0.0176232536134,-0.0176232536134,-0.0176232536134,-0.0176232536134,-0.0176232536134,-0.0176232536134,-0.0176232536134,-0.0176232536134,-0.0176232536134,-0.0176232536134,-0.0176232536134,-0.0176232536134,-0.0176232536134,-0.0176232536134,-0.0176232536134,-0.0176232536134,-0.0176232536134,-0.0176232536134,-0.0176232536134,-0.0176232536134,-0.0176232536134,-0.0176232536134,-0.0176232536134,-0.0176232536134,-0.0176232536134,-0.0176232536134,-0.0176232536134,-0.0176232536134,-0.0176232536134,-0.0176232536134,-0.0176232536134,-0.0176232536134,-0.0176232536134,-0.0176232536134,-0.0176232536134,-0.0176232536134,-0.0176232536134,-0.0176232536134,-0.0176232536134,-0.0176232536134,-0.0176232536134,-0.0176232536134,-0.0176232536134,-0.0176232536134,-0.0176232536134,-0.0176232536134,-0.0176232536134,-0.0176232536134,-0.0176232536134,-0.0176232536134,-0.0176232536134,-0.0176232536134,-0.0176232536134,-0.0176232536134,-0.0176232536134,-0.0176232536134,-0.0176232536134,-0.0176232536134,-0.0176232536134,-0.0176232536134,-0.0176232536134,-0.0176232536134,-0.0176232536134,-0.0176232536134,-0.0176232536134,-0.0176232536134,-0.0176232536134,-0.0176232536134
1868,-0.01777223655,-0.01777223655,-0.01777223655,-0.01777223655,-0.01777223655,-0.01777223655,-0.01777223655,-0.01777223655,-0.01777223655,-0.01777223655,-0.01777223655,-0.01777223655,-0.01777223655,-0.01777223655,-0.01777223655,-0.01777223655,-0.01777223655,-0.01777223655,-0.01777223655,-0.01777223655,-0.01777223655,-0.01777223655,-0.01777223655,-0.01777223655,-0.01777223655,-0.01777223655,-0.01777223655,-0.01777223655,-0.01777223655,-0.01777223655,-0.01777223655,-0.01777223655,-0.01777223655,-0.01777223655,-0.01777223655,-0.01777223655,-0.01777223655,-0.01777223655,-0.01777223655,-0.01777223655,-0.01777223655,-0.01777223655,-0.01777223655,-0.01777223655,-0.01777223655,-0.01777223655,-0.01777223655,-0.01777223655,-0.01777223655,-0.01777223655,-0.01777223655,-0.01777223655,-0.01777223655,-0.01777223655,-0.01777223655,-0.01777223655,-0.01777223655,-0.01777223655,-0.01777223655,-0.01777223655,-0.01777223655,-0.01777223655,-0.01777223655,-0.01777223655,-0.01777223655,-0.01777223655,-0.01777223655,-0.01777223655,-0.01777223655,-0.01777223655,-0.01777223655,-0.01777223655,-0.01777223655,-0.01777223655,-0.01777223655,-0.01777223655,-0.01777223655,-0.01777223655,-0.01777223655,-0.01777223655,-0.01777223655,-0.01777223655,-0.01777223655,-0.01777223655,-0.01777223655,-0.01777223655,-0.01777223655,-0.01777223655,-0.01777223655,-0.01777223655,-0.01777223655,-0.01777223655,-0.01777223655,-0.01777223655,-0.01777223655,-0.01777223655,-0.01777223655,-0.01777223655,-0.01777223655,-0.01777223655
1869,-0.0179211916769,-0.0179211916769,-0.0179211916769,-0.0179211916769,-0.0179211916769,-0.0179211916769,-0.0179211916769,-0.0179211916769,-0.0179211916769,-0.0179211916769,-0.0179211916769,-0.0179211916769,-0.0179211916769,-0.0179211916769,-0.0179211916769,-0.0179211916769,-0.0179211916769,-0.0179211916769,-0.0179211916769,-0.0179211916769,-0.0179211916769,-0.0179211916769,-0.0179211916769,-0.0179211916769,-0.0179211916769,-0.0179211916769,-0.0179211916769,-0.0179211916769,-0.0179211916769,-0.0179211916769,-0.0179211916769,-0.0179211916769,-0.0179211916769,-0.0179211916769,-0.0179211916769,-0.0179211916769,-0.0179211916769,-0.0179211916769,-0.0179211916769,-0.0179211916769,-0.0179211916769,-0.0179211916769,-0.0179211916769,-0.0179211916769,-0.0179211916769,-0.0179211916769,-0.0179211916769,-0.0179211916769,-0.0179211916769,-0.0179211916769,-0.0179211916769,-0.0179211916769,-0.0179211916769,-0.0179211916769,-0.0179211916769,-0.0179211916769,-0.0179211916769,-0.0179211916769,-0.0179211916769,-0.0179211916769,-0.0179211916769,-0.0179211916769,-0.0179211916769,-0.0179211916769,-0.0179211916769,-0.0179211916769,-0.0179211916769,-0.0179211916769,-0.0179211916769,-0.0179211916769,-0.0179211916769,-0.0179211916769,-0.0179211916769,-0.0179211916769,-0.0179211916769,-0.0179211916769,-0.0179211916769,-0.0179211916769,-0.0179211916769,-0.0179211916769,-0.0179211916769,-0.0179211916769,-0.0179211916769,-0.0179211916769,-0.0179211916769,-0.0179211916769,-0.0179211916769,-0.0179211916769,-0.0179211916769,-0.0179211916769,-0.0179211916769,-0.0179211916769,-0.0179211916769,-0.0179211916769,-0.0179211916769,-0.0179211916769,-0.0179211916769,-0.0179211916769,-0.0179211916769,-0.0179211916769
1870,-0.0180701189975,-0.0180701189975,-0.0180701189975,-0.0180701189975,-0.0180701189975,-0.0180701189975,-0.0180701189975,-0.0180701189975,-0.0180701189975,-0.0180701189975,-0.0180701189975,-0.0180701189975,-0.0180701189975,-0.0180701189975,-0.0180701189975,-0.0180701189975,-0.0180701189975,-0.0180701189975,-0.0180701189975,-0.0180701189975,-0.0180701189975,-0.0180701189975,-0.0180701189975,-0.0180701189975,-0.0180701189975,-0.0180701189975,-0.0180701189975,-0.0180701189975,-0.0180701189975,-0.0180701189975,-0.0180701189975,-0.0180701189975,-0.0180701189975,-0.0180701189975,-0.0180701189975,-0.0180701189975,-0.0180701189975,-0.0180701189975,-0.0180701189975,-0.0180701189975,-0.0180701189975,-0.0180701189975,-0.0180701189975,-0.0180701189975,-0.0180701189975,-0.0180701189975,-0.0180701189975,-0.0180701189975,-0.0180701189975,-0.0180701189975,-0.0180701189975,-0.0180701189975,-0.0180701189975,-0.0180701189975,-0.0180701189975,-0.0180701189975,-0.0180701189975,-0.0180701189975,-0.0180701189975,-0.0180701189975,-0.0180701189975,-0.0180701189975,-0.0180701189975,-0.0180701189975,-0.0180701189975,-0.0180701189975,-0.0180701189975,-0.0180701189975,-0.0180701189975,-0.0180701189975,-0.0180701189975,-0.0180701189975,-0.0180701189975,-0.0180701189975,-0.0180701189975,-0.0180701189975,-0.0180701189975,-0.0180701189975,-0.0180701189975,-0.0180701189975,-0.0180701189975,-0.0180701189975,-0.0180701189975,-0.0180701189975,-0.0180701189975,-0.0180701189975,-0.0180701189975,-0.0180701189975,-0.0180701189975,-0.0180701189975,-0.0180701189975,-0.0180701189975,-0.0180701189975,-0.0180701189975,-0.0180701189975,-0.0180701189975,-0.0180701189975,-0.0180701189975,-0.0180701189975,-0.0180701189975
1871,-0.0182190185155,-0.0182190185155,-0.0182190185155,-0.0182190185155,-0.0182190185155,-0.0182190185155,-0.0182190185155,-0.0182190185155,-0.0182190185155,-0.0182190185155,-0.0182190185155,-0.0182190185155,-0.0182190185155,-0.0182190185155,-0.0182190185155,-0.0182190185155,-0.0182190185155,-0.0182190185155,-0.0182190185155,-0.0182190185155,-0.0182190185155,-0.0182190185155,-0.0182190185155,-0.0182190185155,-0.0182190185155,-0.0182190185155,-0.0182190185155,-0.0182190185155,-0.0182190185155,-0.0182190185155,-0.0182190185155,-0.0182190185155,-0.0182190185155,-0.0182190185155,-0.0182190185155,-0.0182190185155,-0.0182190185155,-0.0182190185155,-0.0182190185155,-0.0182190185155,-0.0182190185155,-0.0182190185155,-0.0182190185155,-0.0182190185155,-0.0182190185155,-0.0182190185155,-0.0182190185155,-0.0182190185155,-0.0182190185155,-0.0182190185155,-0.0182190185155,-0.0182190185155,-0.0182190185155,-0.0182190185155,-0.0182190185155,-0.0182190185155,-0.0182190185155,-0.0182190185155,-0.0182190185155,-0.0182190185155,-0.0182190185155,-0.0182190185155,-0.0182190185155,-0.0182190185155,-0.0182190185155,-0.0182190185155,-0.0182190185155,-0.0182190185155,-0.0182190185155,-0.0182190185155,-0.0182190185155,-0.0182190185155,-0.0182190185155,-0.0182190185155,-0.0182190185155,-0.0182190185155,-0.0182190185155,-0.0182190185155,-0.0182190185155,-0.0182190185155,-0.0182190185155,-0.0182190185155,-0.0182190185155,-0.0182190185155,-0.0182190185155,-0.0182190185155,-0.0182190185155,-0.0182190185155,-0.0182190185155,-0.0182190185155,-0.0182190185155,-0.0182190185155,-0.0182190185155,-0.0182190185155,-0.0182190185155,-0.0182190185155,-0.0182190185155,-0.0182190185155,-0.0182190185155,-0.0182190185155
1872,-0.0183678902343,-0.0183678902343,-0.0183678902343,-0.0183678902343,-0.0183678902343,-0.0183678902343,-0.0183678902343,-0.0183678902343,-0.0183678902343,-0.0183678902343,-0.0183678902343,-0.0183678902343,-0.0183678902343,-0.0183678902343,-0.0183678902343,-0.0183678902343,-0.0183678902343,-0.0183678902343,-0.0183678902343,-0.0183678902343,-0.0183678902343,-0.0183678902343,-0.0183678902343,-0.0183678902343,-0.0183678902343,-0.0183678902343,-0.0183678902343,-0.0183678902343,-0.0183678902343,-0.0183678902343,-0.0183678902343,-0.0183678902343,-0.0183678902343,-0.0183678902343,-0.0183678902343,-0.0183678902343,-0.0183678902343,-0.0183678902343,-0.0183678902343,-0.0183678902343,-0.0183678902343,-0.0183678902343,-0.0183678902343,-0.0183678902343,-0.0183678902343,-0.0183678902343,-0.0183678902343,-0.0183678902343,-0.0183678902343,-0.0183678902343,-0.0183678902343,-0.0183678902343,-0.0183678902343,-0.0183678902343,-0.0183678902343,-0.0183678902343,-0.0183678902343,-0.0183678902343,-0.0183678902343,-0.0183678902343,-0.0183678902343,-0.0183678902343,-0.0183678902343,-0.0183678902343,-0.0183678902343,-0.0183678902343,-0.0183678902343,-0.0183678902343,-0.0183678902343,-0.0183678902343,-0.0183678902343,-0.0183678902343,-0.0183678902343,-0.0183678902343,-0.0183678902343,-0.0183678902343,-0.0183678902343,-0.0183678902343,-0.0183678902343,-0.0183678902343,-0.0183678902343,-0.0183678902343,-0.0183678902343,-0.0183678902343,-0.0183678902343,-0.0183678902343,-0.0183678902343,-0.0183678902343,-0.0183678902343,-0.0183678902343,-0.0183678902343,-0.0183678902343,-0.0183678902343,-0.0183678902343,-0.0183678902343,-0.0183678902343,-0.0183678902343,-0.0183678902343,-0.0183678902343,-0.0183678902343
1873,-0.0185167341576,-0.0185167341576,-0.0185167341576,-0.0185167341576,-0.0185167341576,-0.0185167341576,-0.0185167341576,-0.0185167341576,-0.0185167341576,-0.0185167341576,-0.0185167341576,-0.0185167341576,-0.0185167341576,-0.0185167341576,-0.0185167341576,-0.0185167341576,-0.0185167341576,-0.0185167341576,-0.0185167341576,-0.0185167341576,-0.0185167341576,-0.0185167341576,-0.0185167341576,-0.0185167341576,-0.0185167341576,-0.0185167341576,-0.0185167341576,-0.0185167341576,-0.0185167341576,-0.0185167341576,-0.0185167341576,-0.0185167341576,-0.0185167341576,-0.0185167341576,-0.0185167341576,-0.0185167341576,-0.0185167341576,-0.0185167341576,-0.0185167341576,-0.0185167341576,-0.0185167341576,-0.0185167341576,-0.0185167341576,-0.0185167341576,-0.0185167341576,-0.0185167341576,-0.0185167341576,-0.0185167341576,-0.0185167341576,-0.0185167341576,-0.0185167341576,-0.0185167341576,-0.0185167341576,-0.0185167341576,-0.0185167341576,-0.0185167341576,-0.0185167341576,-0.0185167341576,-0.0185167341576,-0.0185167341576,-0.0185167341576,-0.0185167341576,-0.0185167341576,-0.0185167341576,-0.0185167341576,-0.0185167341576,-0.0185167341576,-0.0185167341576,-0.0185167341576,-0.0185167341576,-0.0185167341576,-0.0185167341576,-0.0185167341576,-0.0185167341576,-0.0185167341576,-0.0185167341576,-0.0185167341576,-0.0185167341576,-0.0185167341576,-0.0185167341576,-0.0185167341576,-0.0185167341576,-0.0185167341576,-0.0185167341576,-0.0185167341576,-0.0185167341576,-0.0185167341576,-0.0185167341576,-0.0185167341576,-0.0185167341576,-0.0185167341576,-0.0185167341576,-0.0185167341576,-0.0185167341576,-0.0185167341576,-0.0185167341576,-0.0185167341576,-0.0185167341576,-0.0185167341576,-0.0185167341576
1874,-0.0186655502889,-0.0186655502889,-0.0186655502889,-0.0186655502889,-0.0186655502889,-0.0186655502889,-0.0186655502889,-0.0186655502889,-0.0186655502889,-0.0186655502889,-0.0186655502889,-0.0186655502889,-0.0186655502889,-0.0186655502889,-0.0186655502889,-0.0186655502889,-0.0186655502889,-0.0186655502889,-0.0186655502889,-0.0186655502889,-0.0186655502889,-0.0186655502889,-0.0186655502889,-0.0186655502889,-0.0186655502889,-0.0186655502889,-0.0186655502889,-0.0186655502889,-0.0186655502889,-0.0186655502889,-0.0186655502889,-0.0186655502889,-0.0186655502889,-0.0186655502889,-0.0186655502889,-0.0186655502889,-0.0186655502889,-0.0186655502889,-0.0186655502889,-0.0186655502889,-0.0186655502889,-0.0186655502889,-0.0186655502889,-0.0186655502889,-0.0186655502889,-0.0186655502889,-0.0186655502889,-0.0186655502889,-0.0186655502889,-0.0186655502889,-0.0186655502889,-0.0186655502889,-0.0186655502889,-0.0186655502889,-0.0186655502889,-0.0186655502889,-0.0186655502889,-0.0186655502889,-0.0186655502889,-0.0186655502889,-0.0186655502889,-0.0186655502889,-0.0186655502889,-0.0186655502889,-0.0186655502889,-0.0186655502889,-0.0186655502889,-0.0186655502889,-0.0186655502889,-0.0186655502889,-0.0186655502889,-0.0186655502889,-0.0186655502889,-0.0186655502889,-0.0186655502889,-0.0186655502889,-0.0186655502889,-0.0186655502889,-0.0186655502889,-0.0186655502889,-0.0186655502889,-0.0186655502889,-0.0186655502889,-0.0186655502889,-0.0186655502889,-0.0186655502889,-0.0186655502889,-0.0186655502889,-0.0186655502889,-0.0186655502889,-0.0186655502889,-0.0186655502889,-0.0186655502889,-0.0186655502889,-0.0186655502889,-0.0186655502889,-0.0186655502889,-0.0186655502889,-0.0186655502889,-0.0186655502889
1875,-0.0188143386318,-0.0188143386318,-0.0188143386318,-0.0188143386318,-0.0188143386318,-0.0188143386318,-0.0188143386318,-0.0188143386318,-0.0188143386318,-0.0188143386318,-0.0188143386318,-0.0188143386318,-0.0188143386318,-0.0188143386318,-0.0188143386318,-0.0188143386318,-0.0188143386318,-0.0188143386318,-0.0188143386318,-0.0188143386318,-0.0188143386318,-0.0188143386318,-0.0188143386318,-0.0188143386318,-0.0188143386318,-0.0188143386318,-0.0188143386318,-0.0188143386318,-0.0188143386318,-0.0188143386318,-0.0188143386318,-0.0188143386318,-0.0188143386318,-0.0188143386318,-0.0188143386318,-0.0188143386318,-0.0188143386318,-0.0188143386318,-0.0188143386318,-0.0188143386318,-0.0188143386318,-0.0188143386318,-0.0188143386318,-0.0188143386318,-0.0188143386318,-0.0188143386318,-0.0188143386318,-0.0188143386318,-0.0188143386318,-0.0188143386318,-0.0188143386318,-0.0188143386318,-0.0188143386318,-0.0188143386318,-0.0188143386318,-0.0188143386318,-0.0188143386318,-0.0188143386318,-0.0188143386318,-0.0188143386318,-0.0188143386318,-0.0188143386318,-0.0188143386318,-0.0188143386318,-0.0188143386318,-0.0188143386318,-0.0188143386318,-0.0188143386318,-0.0188143386318,-0.0188143386318,-0.0188143386318,-0.0188143386318,-0.0188143386318,-0.0188143386318,-0.0188143386318,-0.0188143386318,-0.0188143386318,-0.0188143386318,-0.0188143386318,-0.0188143386318,-0.0188143386318,-0.0188143386318,-0.0188143386318,-0.0188143386318,-0.0188143386318,-0.0188143386318,-0.0188143386318,-0.0188143386318,-0.0188143386318,-0.0188143386318,-0.0188143386318,-0.0188143386318,-0.0188143386318,-0.0188143386318,-0.0188143386318,-0.0188143386318,-0.0188143386318,-0.0188143386318,-0.0188143386318,-0.0188143386318
1876,-0.0189630991899,-0.0189630991899,-0.0189630991899,-0.0189630991899,-0.0189630991899,-0.0189630991899,-0.0189630991899,-0.0189630991899,-0.0189630991899,-0.0189630991899,-0.0189630991899,-0.0189630991899,-0.0189630991899,-0.0189630991899,-0.0189630991899,-0.0189630991899,-0.0189630991899,-0.0189630991899,-0.0189630991899,-0.0189630991899,-0.0189630991899,-0.0189630991899,-0.0189630991899,-0.0189630991899,-0.0189630991899,-0.0189630991899,-0.0189630991899,-0.0189630991899,-0.0189630991899,-0.0189630991899,-0.0189630991899,-0.0189630991899,-0.0189630991899,-0.0189630991899,-0.0189630991899,-0.0189630991899,-0.0189630991899,-0.0189630991899,-0.0189630991899,-0.0189630991899,-0.0189630991899,-0.0189630991899,-0.0189630991899,-0.0189630991899,-0.0189630991899,-0.0189630991899,-0.0189630991899,-0.0189630991899,-0.0189630991899,-0.0189630991899,-0.0189630991899,-0.0189630991899,-0.0189630991899,-0.0189630991899,-0.0189630991899,-0.0189630991899,-0.0189630991899,-0.0189630991899,-0.0189630991899,-0.0189630991899,-0.0189630991899,-0.0189630991899,-0.0189630991899,-0.0189630991899,-0.0189630991899,-0.0189630991899,-0.0189630991899,-0.0189630991899,-0.0189630991899,-0.0189630991899,-0.0189630991899,-0.0189630991899,-0.0189630991899,-0.0189630991899,-0.0189630991899,-0.0189630991899,-0.0189630991899,-0.0189630991899,-0.0189630991899,-0.0189630991899,-0.0189630991899,-0.0189630991899,-0.0189630991899,-0.0189630991899,-0.0189630991899,-0.0189630991899,-0.0189630991899,-0.0189630991899,-0.0189630991899,-0.0189630991899,-0.0189630991899,-0.0189630991899,-0.0189630991899,-0.0189630991899,-0.0189630991899,-0.0189630991899,-0.0189630991899,-0.0189630991899,-0.0189630991899,-0.0189630991899
1877,-0.0191118319667,-0.0191118319667,-0.0191118319667,-0.0191118319667,-0.0191118319667,-0.0191118319667,-0.0191118319667,-0.0191118319667,-0.0191118319667,-0.0191118319667,-0.0191118319667,-0.0191118319667,-0.0191118319667,-0.0191118319667,-0.0191118319667,-0.0191118319667,-0.0191118319667,-0.0191118319667,-0.0191118319667,-0.0191118319667,-0.0191118319667,-0.0191118319667,-0.0191118319667,-0.0191118319667,-0.0191118319667,-0.0191118319667,-0.0191118319667,-0.0191118319667,-0.0191118319667,-0.0191118319667,-0.0191118319667,-0.0191118319667,-0.0191118319667,-0.0191118319667,-0.0191118319667,-0.0191118319667,-0.0191118319667,-0.0191118319667,-0.0191118319667,-0.0191118319667,-0.0191118319667,-0.0191118319667,-0.0191118319667,-0.0191118319667,-0.0191118319667,-0.0191118319667,-0.0191118319667,-0.0191118319667,-0.0191118319667,-0.0191118319667,-0.0191118319667,-0.0191118319667,-0.0191118319667,-0.0191118319667,-0.0191118319667,-0.0191118319667,-0.0191118319667,-0.0191118319667,-0.0191118319667,-0.0191118319667,-0.0191118319667,-0.0191118319667,-0.0191118319667,-0.0191118319667,-0.0191118319667,-0.0191118319667,-0.0191118319667,-0.0191118319667,-0.0191118319667,-0.0191118319667,-0.0191118319667,-0.0191118319667,-0.0191118319667,-0.0191118319667,-0.0191118319667,-0.0191118319667,-0.0191118319667,-0.0191118319667,-0.0191118319667,-0.0191118319667,-0.0191118319667,-0.0191118319667,-0.0191118319667,-0.0191118319667,-0.0191118319667,-0.0191118319667,-0.0191118319667,-0.0191118319667,-0.0191118319667,-0.0191118319667,-0.0191118319667,-0.0191118319667,-0.0191118319667,-0.0191118319667,-0.0191118319667,-0.0191118319667,-0.0191118319667,-0.0191118319667,-0.0191118319667,-0.0191118319667
1878,-0.0192605369659,-0.0192605369659,-0.0192605369659,-0.0192605369659,-0.0192605369659,-0.0192605369659,-0.0192605369659,-0.0192605369659,-0.0192605369659,-0.0192605369659,-0.0192605369659,-0.0192605369659,-0.0192605369659,-0.0192605369659,-0.0192605369659,-0.0192605369659,-0.0192605369659,-0.0192605369659,-0.0192605369659,-0.0192605369659,-0.0192605369659,-0.0192605369659,-0.0192605369659,-0.0192605369659,-0.0192605369659,-0.0192605369659,-0.0192605369659,-0.0192605369659,-0.0192605369659,-0.0192605369659,-0.0192605369659,-0.0192605369659,-0.0192605369659,-0.0192605369659,-0.0192605369659,-0.0192605369659,-0.0192605369659,-0.0192605369659,-0.0192605369659,-0.0192605369659,-0.0192605369659,-0.0192605369659,-0.0192605369659,-0.0192605369659,-0.0192605369659,-0.0192605369659,-0.0192605369659,-0.0192605369659,-0.0192605369659,-0.0192605369659,-0.0192605369659,-0.0192605369659,-0.0192605369659,-0.0192605369659,-0.0192605369659,-0.0192605369659,-0.0192605369659,-0.0192605369659,-0.0192605369659,-0.0192605369659,-0.0192605369659,-0.0192605369659,-0.0192605369659,-0.0192605369659,-0.0192605369659,-0.0192605369659,-0.0192605369659,-0.0192605369659,-0.0192605369659,-0.0192605369659,-0.0192605369659,-0.0192605369659,-0.0192605369659,-0.0192605369659,-0.0192605369659,-0.0192605369659,-0.0192605369659,-0.0192605369659,-0.0192605369659,-0.0192605369659,-0.0192605369659,-0.0192605369659,-0.0192605369659,-0.0192605369659,-0.0192605369659,-0.0192605369659,-0.0192605369659,-0.0192605369659,-0.0192605369659,-0.0192605369659,-0.0192605369659,-0.0192605369659,-0.0192605369659,-0.0192605369659,-0.0192605369659,-0.0192605369659,-0.0192605369659,-0.0192605369659,-0.0192605369659,-0.0192605369659
1879,-0.0194092141909,-0.0194092141909,-0.0194092141909,-0.0194092141909,-0.0194092141909,-0.0194092141909,-0.0194092141909,-0.0194092141909,-0.0194092141909,-0.0194092141909,-0.0194092141909,-0.0194092141909,-0.0194092141909,-0.0194092141909,-0.0194092141909,-0.0194092141909,-0.0194092141909,-0.0194092141909,-0.0194092141909,-0.0194092141909,-0.0194092141909,-0.0194092141909,-0.0194092141909,-0.0194092141909,-0.0194092141909,-0.0194092141909,-0.0194092141909,-0.0194092141909,-0.0194092141909,-0.0194092141909,-0.0194092141909,-0.0194092141909,-0.0194092141909,-0.0194092141909,-0.0194092141909,-0.0194092141909,-0.0194092141909,-0.0194092141909,-0.0194092141909,-0.0194092141909,-0.0194092141909,-0.0194092141909,-0.0194092141909,-0.0194092141909,-0.0194092141909,-0.0194092141909,-0.0194092141909,-0.0194092141909,-0.0194092141909,-0.0194092141909,-0.0194092141909,-0.0194092141909,-0.0194092141909,-0.0194092141909,-0.0194092141909,-0.0194092141909,-0.0194092141909,-0.0194092141909,-0.0194092141909,-0.0194092141909,-0.0194092141909,-0.0194092141909,-0.0194092141909,-0.0194092141909,-0.0194092141909,-0.0194092141909,-0.0194092141909,-0.0194092141909,-0.0194092141909,-0.0194092141909,-0.0194092141909,-0.0194092141909,-0.0194092141909,-0.0194092141909,-0.0194092141909,-0.0194092141909,-0.0194092141909,-0.0194092141909,-0.0194092141909,-0.0194092141909,-0.0194092141909,-0.0194092141909,-0.0194092141909,-0.0194092141909,-0.0194092141909,-0.0194092141909,-0.0194092141909,-0.0194092141909,-0.0194092141909,-0.0194092141909,-0.0194092141909,-0.0194092141909,-0.0194092141909,-0.0194092141909,-0.0194092141909,-0.0194092141909,-0.0194092141909,-0.0194092141909,-0.0194092141909,-0.0194092141909
1880,-0.0195578636455,-0.0195578636455,-0.0195578636455,-0.0195578636455,-0.0195578636455,-0.0195578636455,-0.0195578636455,-0.0195578636455,-0.0195578636455,-0.0195578636455,-0.0195578636455,-0.0195578636455,-0.0195578636455,-0.0195578636455,-0.0195578636455,-0.0195578636455,-0.0195578636455,-0.0195578636455,-0.0195578636455,-0.0195578636455,-0.0195578636455,-0.0195578636455,-0.0195578636455,-0.0195578636455,-0.0195578636455,-0.0195578636455,-0.0195578636455,-0.0195578636455,-0.0195578636455,-0.0195578636455,-0.0195578636455,-0.0195578636455,-0.0195578636455,-0.0195578636455,-0.0195578636455,-0.0195578636455,-0.0195578636455,-0.0195578636455,-0.0195578636455,-0.0195578636455,-0.0195578636455,-0.0195578636455,-0.0195578636455,-0.0195578636455,-0.0195578636455,-0.0195578636455,-0.0195578636455,-0.0195578636455,-0.0195578636455,-0.0195578636455,-0.0195578636455,-0.0195578636455,-0.0195578636455,-0.0195578636455,-0.0195578636455,-0.0195578636455,-0.0195578636455,-0.0195578636455,-0.0195578636455,-0.0195578636455,-0.0195578636455,-0.0195578636455,-0.0195578636455,-0.0195578636455,-0.0195578636455,-0.0195578636455,-0.0195578636455,-0.0195578636455,-0.0195578636455,-0.0195578636455,-0.0195578636455,-0.0195578636455,-0.0195578636455,-0.0195578636455,-0.0195578636455,-0.0195578636455,-0.0195578636455,-0.0195578636455,-0.0195578636455,-0.0195578636455,-0.0195578636455,-0.0195578636455,-0.0195578636455,-0.0195578636455,-0.0195578636455,-0.0195578636455,-0.0195578636455,-0.0195578636455,-0.0195578636455,-0.0195578636455,-0.0195578636455,-0.0195578636455,-0.0195578636455,-0.0195578636455,-0.0195578636455,-0.0195578636455,-0.0195578636455,-0.0195578636455,-0.0195578636455,-0.0195578636455
1881,-0.0197064853331,-0.0197064853331,-0.0197064853331,-0.0197064853331,-0.0197064853331,-0.0197064853331,-0.0197064853331,-0.0197064853331,-0.0197064853331,-0.0197064853331,-0.0197064853331,-0.0197064853331,-0.0197064853331,-0.0197064853331,-0.0197064853331,-0.0197064853331,-0.0197064853331,-0.0197064853331,-0.0197064853331,-0.0197064853331,-0.0197064853331,-0.0197064853331,-0.0197064853331,-0.0197064853331,-0.0197064853331,-0.0197064853331,-0.0197064853331,-0.0197064853331,-0.0197064853331,-0.0197064853331,-0.0197064853331,-0.0197064853331,-0.0197064853331,-0.0197064853331,-0.0197064853331,-0.0197064853331,-0.0197064853331,-0.0197064853331,-0.0197064853331,-0.0197064853331,-0.0197064853331,-0.0197064853331,-0.0197064853331,-0.0197064853331,-0.0197064853331,-0.0197064853331,-0.0197064853331,-0.0197064853331,-0.0197064853331,-0.0197064853331,-0.0197064853331,-0.0197064853331,-0.0197064853331,-0.0197064853331,-0.0197064853331,-0.0197064853331,-0.0197064853331,-0.0197064853331,-0.0197064853331,-0.0197064853331,-0.0197064853331,-0.0197064853331,-0.0197064853331,-0.0197064853331,-0.0197064853331,-0.0197064853331,-0.0197064853331,-0.0197064853331,-0.0197064853331,-0.0197064853331,-0.0197064853331,-0.0197064853331,-0.0197064853331,-0.0197064853331,-0.0197064853331,-0.0197064853331,-0.0197064853331,-0.0197064853331,-0.0197064853331,-0.0197064853331,-0.0197064853331,-0.0197064853331,-0.0197064853331,-0.0197064853331,-0.0197064853331,-0.0197064853331,-0.0197064853331,-0.0197064853331,-0.0197064853331,-0.0197064853331,-0.0197064853331,-0.0197064853331,-0.0197064853331,-0.0197064853331,-0.0197064853331,-0.0197064853331,-0.0197064853331,-0.0197064853331,-0.0197064853331,-0.0197064853331
1882,-0.0198550792573,-0.0198550792573,-0.0198550792573,-0.0198550792573,-0.0198550792573,-0.0198550792573,-0.0198550792573,-0.0198550792573,-0.0198550792573,-0.0198550792573,-0.0198550792573,-0.0198550792573,-0.0198550792573,-0.0198550792573,-0.0198550792573,-0.0198550792573,-0.0198550792573,-0.0198550792573,-0.0198550792573,-0.0198550792573,-0.0198550792573,-0.0198550792573,-0.0198550792573,-0.0198550792573,-0.0198550792573,-0.0198550792573,-0.0198550792573,-0.0198550792573,-0.0198550792573,-0.0198550792573,-0.0198550792573,-0.0198550792573,-0.0198550792573,-0.0198550792573,-0.0198550792573,-0.0198550792573,-0.0198550792573,-0.0198550792573,-0.0198550792573,-0.0198550792573,-0.0198550792573,-0.0198550792573,-0.0198550792573,-0.0198550792573,-0.0198550792573,-0.0198550792573,-0.0198550792573,-0.0198550792573,-0.0198550792573,-0.0198550792573,-0.0198550792573,-0.0198550792573,-0.0198550792573,-0.0198550792573,-0.0198550792573,-0.0198550792573,-0.0198550792573,-0.0198550792573,-0.0198550792573,-0.0198550792573,-0.0198550792573,-0.0198550792573,-0.0198550792573,-0.0198550792573,-0.0198550792573,-0.0198550792573,-0.0198550792573,-0.0198550792573,-0.0198550792573,-0.0198550792573,-0.0198550792573,-0.0198550792573,-0.0198550792573,-0.0198550792573,-0.0198550792573,-0.0198550792573,-0.0198550792573,-0.0198550792573,-0.0198550792573,-0.0198550792573,-0.0198550792573,-0.0198550792573,-0.0198550792573,-0.0198550792573,-0.0198550792573,-0.0198550792573,-0.0198550792573,-0.0198550792573,-0.0198550792573,-0.0198550792573,-0.0198550792573,-0.0198550792573,-0.0198550792573,-0.0198550792573,-0.0198550792573,-0.0198550792573,-0.0198550792573,-0.0198550792573,-0.0198550792573,-0.0198550792573
1883,-0.0200036454217,-0.0200036454217,-0.0200036454217,-0.0200036454217,-0.0200036454217,-0.0200036454217,-0.0200036454217,-0.0200036454217,-0.0200036454217,-0.0200036454217,-0.0200036454217,-0.0200036454217,-0.0200036454217,-0.0200036454217,-0.0200036454217,-0.0200036454217,-0.0200036454217,-0.0200036454217,-0.0200036454217,-0.0200036454217,-0.0200036454217,-0.0200036454217,-0.0200036454217,-0.0200036454217,-0.0200036454217,-0.0200036454217,-0.0200036454217,-0.0200036454217,-0.0200036454217,-0.0200036454217,-0.0200036454217,-0.0200036454217,-0.0200036454217,-0.0200036454217,-0.0200036454217,-0.0200036454217,-0.0200036454217,-0.0200036454217,-0.0200036454217,-0.0200036454217,-0.0200036454217,-0.0200036454217,-0.0200036454217,-0.0200036454217,-0.0200036454217,-0.0200036454217,-0.0200036454217,-0.0200036454217,-0.0200036454217,-0.0200036454217,-0.0200036454217,-0.0200036454217,-0.0200036454217,-0.0200036454217,-0.0200036454217,-0.0200036454217,-0.0200036454217,-0.0200036454217,-0.0200036454217,-0.0200036454217,-0.0200036454217,-0.0200036454217,-0.0200036454217,-0.0200036454217,-0.0200036454217,-0.0200036454217,-0.0200036454217,-0.0200036454217,-0.0200036454217,-0.0200036454217,-0.0200036454217,-0.0200036454217,-0.0200036454217,-0.0200036454217,-0.0200036454217,-0.0200036454217,-0.0200036454217,-0.0200036454217,-0.0200036454217,-0.0200036454217,-0.0200036454217,-0.0200036454217,-0.0200036454217,-0.0200036454217,-0.0200036454217,-0.0200036454217,-0.0200036454217,-0.0200036454217,-0.0200036454217,-0.0200036454217,-0.0200036454217,-0.0200036454217,-0.0200036454217,-0.0200036454217,-0.0200036454217,-0.0200036454217,-0.0200036454217,-0.0200036454217,-0.0200036454217,-0.0200036454217
1884,-0.0201521838299,-0.0201521838299,-0.0201521838299,-0.0201521838299,-0.0201521838299,-0.0201521838299,-0.0201521838299,-0.0201521838299,-0.0201521838299,-0.0201521838299,-0.0201521838299,-0.0201521838299,-0.0201521838299,-0.0201521838299,-0.0201521838299,-0.0201521838299,-0.0201521838299,-0.0201521838299,-0.0201521838299,-0.0201521838299,-0.0201521838299,-0.0201521838299,-0.0201521838299,-0.0201521838299,-0.0201521838299,-0.0201521838299,-0.0201521838299,-0.0201521838299,-0.0201521838299,-0.0201521838299,-0.0201521838299,-0.0201521838299,-0.0201521838299,-0.0201521838299,-0.0201521838299,-0.0201521838299,-0.0201521838299,-0.0201521838299,-0.0201521838299,-0.0201521838299,-0.0201521838299,-0.0201521838299,-0.0201521838299,-0.0201521838299,-0.0201521838299,-0.0201521838299,-0.0201521838299,-0.0201521838299,-0.0201521838299,-0.0201521838299,-0.0201521838299,-0.0201521838299,-0.0201521838299,-0.0201521838299,-0.0201521838299,-0.0201521838299,-0.0201521838299,-0.0201521838299,-0.0201521838299,-0.0201521838299,-0.0201521838299,-0.0201521838299,-0.0201521838299,-0.0201521838299,-0.0201521838299,-0.0201521838299,-0.0201521838299,-0.0201521838299,-0.0201521838299,-0.0201521838299,-0.0201521838299,-0.0201521838299,-0.0201521838299,-0.0201521838299,-0.0201521838299,-0.0201521838299,-0.0201521838299,-0.0201521838299,-0.0201521838299,-0.0201521838299,-0.0201521838299,-0.0201521838299,-0.0201521838299,-0.0201521838299,-0.0201521838299,-0.0201521838299,-0.0201521838299,-0.0201521838299,-0.0201521838299,-0.0201521838299,-0.0201521838299,-0.0201521838299,-0.0201521838299,-0.0201521838299,-0.0201521838299,-0.0201521838299,-0.0201521838299,-0.0201521838299,-0.0201521838299,-0.0201521838299
1885,-0.0203006944854,-0.0203006944854,-0.0203006944854,-0.0203006944854,-0.0203006944854,-0.0203006944854,-0.0203006944854,-0.0203006944854,-0.0203006944854,-0.0203006944854,-0.0203006944854,-0.0203006944854,-0.0203006944854,-0.0203006944854,-0.0203006944854,-0.0203006944854,-0.0203006944854,-0.0203006944854,-0.0203006944854,-0.0203006944854,-0.0203006944854,-0.0203006944854,-0.0203006944854,-0.0203006944854,-0.0203006944854,-0.0203006944854,-0.0203006944854,-0.0203006944854,-0.0203006944854,-0.0203006944854,-0.0203006944854,-0.0203006944854,-0.0203006944854,-0.0203006944854,-0.0203006944854,-0.0203006944854,-0.0203006944854,-0.0203006944854,-0.0203006944854,-0.0203006944854,-0.0203006944854,-0.0203006944854,-0.0203006944854,-0.0203006944854,-0.0203006944854,-0.0203006944854,-0.0203006944854,-0.0203006944854,-0.0203006944854,-0.0203006944854,-0.0203006944854,-0.0203006944854,-0.0203006944854,-0.0203006944854,-0.0203006944854,-0.0203006944854,-0.0203006944854,-0.0203006944854,-0.0203006944854,-0.0203006944854,-0.0203006944854,-0.0203006944854,-0.0203006944854,-0.0203006944854,-0.0203006944854,-0.0203006944854,-0.0203006944854,-0.0203006944854,-0.0203006944854,-0.0203006944854,-0.0203006944854,-0.0203006944854,-0.0203006944854,-0.0203006944854,-0.0203006944854,-0.0203006944854,-0.0203006944854,-0.0203006944854,-0.0203006944854,-0.0203006944854,-0.0203006944854,-0.0203006944854,-0.0203006944854,-0.0203006944854,-0.0203006944854,-0.0203006944854,-0.0203006944854,-0.0203006944854,-0.0203006944854,-0.0203006944854,-0.0203006944854,-0.0203006944854,-0.0203006944854,-0.0203006944854,-0.0203006944854,-0.0203006944854,-0.0203006944854,-0.0203006944854,-0.0203006944854,-0.0203006944854
1886,-0.0204491773919,-0.0204491773919,-0.0204491773919,-0.0204491773919,-0.0204491773919,-0.0204491773919,-0.0204491773919,-0.0204491773919,-0.0204491773919,-0.0204491773919,-0.0204491773919,-0.0204491773919,-0.0204491773919,-0.0204491773919,-0.0204491773919,-0.0204491773919,-0.0204491773919,-0.0204491773919,-0.0204491773919,-0.0204491773919,-0.0204491773919,-0.0204491773919,-0.0204491773919,-0.0204491773919,-0.0204491773919,-0.0204491773919,-0.0204491773919,-0.0204491773919,-0.0204491773919,-0.0204491773919,-0.0204491773919,-0.0204491773919,-0.0204491773919,-0.0204491773919,-0.0204491773919,-0.0204491773919,-0.0204491773919,-0.0204491773919,-0.0204491773919,-0.0204491773919,-0.0204491773919,-0.0204491773919,-0.0204491773919,-0.0204491773919,-0.0204491773919,-0.0204491773919,-0.0204491773919,-0.0204491773919,-0.0204491773919,-0.0204491773919,-0.0204491773919,-0.0204491773919,-0.0204491773919,-0.0204491773919,-0.0204491773919,-0.0204491773919,-0.0204491773919,-0.0204491773919,-0.0204491773919,-0.0204491773919,-0.0204491773919,-0.0204491773919,-0.0204491773919,-0.0204491773919,-0.0204491773919,-0.0204491773919,-0.0204491773919,-0.0204491773919,-0.0204491773919,-0.0204491773919,-0.0204491773919,-0.0204491773919,-0.0204491773919,-0.0204491773919,-0.0204491773919,-0.0204491773919,-0.0204491773919,-0.0204491773919,-0.0204491773919,-0.0204491773919,-0.0204491773919,-0.0204491773919,-0.0204491773919,-0.0204491773919,-0.0204491773919,-0.0204491773919,-0.0204491773919,-0.0204491773919,-0.0204491773919,-0.0204491773919,-0.0204491773919,-0.0204491773919,-0.0204491773919,-0.0204491773919,-0.0204491773919,-0.0204491773919,-0.0204491773919,-0.0204491773919,-0.0204491773919,-0.0204491773919
1887,-0.0205976325529,-0.0205976325529,-0.0205976325529,-0.0205976325529,-0.0205976325529,-0.0205976325529,-0.0205976325529,-0.0205976325529,-0.0205976325529,-0.0205976325529,-0.0205976325529,-0.0205976325529,-0.0205976325529,-0.0205976325529,-0.0205976325529,-0.0205976325529,-0.0205976325529,-0.0205976325529,-0.0205976325529,-0.0205976325529,-0.0205976325529,-0.0205976325529,-0.0205976325529,-0.0205976325529,-0.0205976325529,-0.0205976325529,-0.0205976325529,-0.0205976325529,-0.0205976325529,-0.0205976325529,-0.0205976325529,-0.0205976325529,-0.0205976325529,-0.0205976325529,-0.0205976325529,-0.0205976325529,-0.0205976325529,-0.0205976325529,-0.0205976325529,-0.0205976325529,-0.0205976325529,-0.0205976325529,-0.0205976325529,-0.0205976325529,-0.0205976325529,-0.0205976325529,-0.0205976325529,-0.0205976325529,-0.0205976325529,-0.0205976325529,-0.0205976325529,-0.0205976325529,-0.0205976325529,-0.0205976325529,-0.0205976325529,-0.0205976325529,-0.0205976325529,-0.0205976325529,-0.0205976325529,-0.0205976325529,-0.0205976325529,-0.0205976325529,-0.0205976325529,-0.0205976325529,-0.0205976325529,-0.0205976325529,-0.0205976325529,-0.0205976325529,-0.0205976325529,-0.0205976325529,-0.0205976325529,-0.0205976325529,-0.0205976325529,-0.0205976325529,-0.0205976325529,-0.0205976325529,-0.0205976325529,-0.0205976325529,-0.0205976325529,-0.0205976325529,-0.0205976325529,-0.0205976325529,-0.0205976325529,-0.0205976325529,-0.0205976325529,-0.0205976325529,-0.0205976325529,-0.0205976325529,-0.0205976325529,-0.0205976325529,-0.0205976325529,-0.0205976325529,-0.0205976325529,-0.0205976325529,-0.0205976325529,-0.0205976325529,-0.0205976325529,-0.0205976325529,-0.0205976325529,-0.0205976325529
1888,-0.0207460599719,-0.0207460599719,-0.0207460599719,-0.0207460599719,-0.0207460599719,-0.0207460599719,-0.0207460599719,-0.0207460599719,-0.0207460599719,-0.0207460599719,-0.0207460599719,-0.0207460599719,-0.0207460599719,-0.0207460599719,-0.0207460599719,-0.0207460599719,-0.0207460599719,-0.0207460599719,-0.0207460599719,-0.0207460599719,-0.0207460599719,-0.0207460599719,-0.0207460599719,-0.0207460599719,-0.0207460599719,-0.0207460599719,-0.0207460599719,-0.0207460599719,-0.0207460599719,-0.0207460599719,-0.0207460599719,-0.0207460599719,-0.0207460599719,-0.0207460599719,-0.0207460599719,-0.0207460599719,-0.0207460599719,-0.0207460599719,-0.0207460599719,-0.0207460599719,-0.0207460599719,-0.0207460599719,-0.0207460599719,-0.0207460599719,-0.0207460599719,-0.0207460599719,-0.0207460599719,-0.0207460599719,-0.0207460599719,-0.0207460599719,-0.0207460599719,-0.0207460599719,-0.0207460599719,-0.0207460599719,-0.0207460599719,-0.0207460599719,-0.0207460599719,-0.0207460599719,-0.0207460599719,-0.0207460599719,-0.0207460599719,-0.0207460599719,-0.0207460599719,-0.0207460599719,-0.0207460599719,-0.0207460599719,-0.0207460599719,-0.0207460599719,-0.0207460599719,-0.0207460599719,-0.0207460599719,-0.0207460599719,-0.0207460599719,-0.0207460599719,-0.0207460599719,-0.0207460599719,-0.0207460599719,-0.0207460599719,-0.0207460599719,-0.0207460599719,-0.0207460599719,-0.0207460599719,-0.0207460599719,-0.0207460599719,-0.0207460599719,-0.0207460599719,-0.0207460599719,-0.0207460599719,-0.0207460599719,-0.0207460599719,-0.0207460599719,-0.0207460599719,-0.0207460599719,-0.0207460599719,-0.0207460599719,-0.0207460599719,-0.0207460599719,-0.0207460599719,-0.0207460599719,-0.0207460599719
1889,-0.0208944596527,-0.0208944596527,-0.0208944596527,-0.0208944596527,-0.0208944596527,-0.0208944596527,-0.0208944596527,-0.0208944596527,-0.0208944596527,-0.0208944596527,-0.0208944596527,-0.0208944596527,-0.0208944596527,-0.0208944596527,-0.0208944596527,-0.0208944596527,-0.0208944596527,-0.0208944596527,-0.0208944596527,-0.0208944596527,-0.0208944596527,-0.0208944596527,-0.0208944596527,-0.0208944596527,-0.0208944596527,-0.0208944596527,-0.0208944596527,-0.0208944596527,-0.0208944596527,-0.0208944596527,-0.0208944596527,-0.0208944596527,-0.0208944596527,-0.0208944596527,-0.0208944596527,-0.0208944596527,-0.0208944596527,-0.0208944596527,-0.0208944596527,-0.0208944596527,-0.0208944596527,-0.0208944596527,-0.0208944596527,-0.0208944596527,-0.0208944596527,-0.0208944596527,-0.0208944596527,-0.0208944596527,-0.0208944596527,-0.0208944596527,-0.0208944596527,-0.0208944596527,-0.0208944596527,-0.0208944596527,-0.0208944596527,-0.0208944596527,-0.0208944596527,-0.0208944596527,-0.0208944596527,-0.0208944596527,-0.0208944596527,-0.0208944596527,-0.0208944596527,-0.0208944596527,-0.0208944596527,-0.0208944596527,-0.0208944596527,-0.0208944596527,-0.0208944596527,-0.0208944596527,-0.0208944596527,-0.0208944596527,-0.0208944596527,-0.0208944596527,-0.0208944596527,-0.0208944596527,-0.0208944596527,-0.0208944596527,-0.0208944596527,-0.0208944596527,-0.0208944596527,-0.0208944596527,-0.0208944596527,-0.0208944596527,-0.0208944596527,-0.0208944596527,-0.0208944596527,-0.0208944596527,-0.0208944596527,-0.0208944596527,-0.0208944596527,-0.0208944596527,-0.0208944596527,-0.0208944596527,-0.0208944596527,-0.0208944596527,-0.0208944596527,-0.0208944596527,-0.0208944596527,-0.0208944596527
1890,-0.0210428315986,-0.0210428315986,-0.0210428315986,-0.0210428315986,-0.0210428315986,-0.0210428315986,-0.0210428315986,-0.0210428315986,-0.0210428315986,-0.0210428315986,-0.0210428315986,-0.0210428315986,-0.0210428315986,-0.0210428315986,-0.0210428315986,-0.0210428315986,-0.0210428315986,-0.0210428315986,-0.0210428315986,-0.0210428315986,-0.0210428315986,-0.0210428315986,-0.0210428315986,-0.0210428315986,-0.0210428315986,-0.0210428315986,-0.0210428315986,-0.0210428315986,-0.0210428315986,-0.0210428315986,-0.0210428315986,-0.0210428315986,-0.0210428315986,-0.0210428315986,-0.0210428315986,-0.0210428315986,-0.0210428315986,-0.0210428315986,-0.0210428315986,-0.0210428315986,-0.0210428315986,-0.0210428315986,-0.0210428315986,-0.0210428315986,-0.0210428315986,-0.0210428315986,-0.0210428315986,-0.0210428315986,-0.0210428315986,-0.0210428315986,-0.0210428315986,-0.0210428315986,-0.0210428315986,-0.0210428315986,-0.0210428315986,-0.0210428315986,-0.0210428315986,-0.0210428315986,-0.0210428315986,-0.0210428315986,-0.0210428315986,-0.0210428315986,-0.0210428315986,-0.0210428315986,-0.0210428315986,-0.0210428315986,-0.0210428315986,-0.0210428315986,-0.0210428315986,-0.0210428315986,-0.0210428315986,-0.0210428315986,-0.0210428315986,-0.0210428315986,-0.0210428315986,-0.0210428315986,-0.0210428315986,-0.0210428315986,-0.0210428315986,-0.0210428315986,-0.0210428315986,-0.0210428315986,-0.0210428315986,-0.0210428315986,-0.0210428315986,-0.0210428315986,-0.0210428315986,-0.0210428315986,-0.0210428315986,-0.0210428315986,-0.0210428315986,-0.0210428315986,-0.0210428315986,-0.0210428315986,-0.0210428315986,-0.0210428315986,-0.0210428315986,-0.0210428315986,-0.0210428315986,-0.0210428315986
1891,-0.0211911758135,-0.0211911758135,-0.0211911758135,-0.0211911758135,-0.0211911758135,-0.0211911758135,-0.0211911758135,-0.0211911758135,-0.0211911758135,-0.0211911758135,-0.0211911758135,-0.0211911758135,-0.0211911758135,-0.0211911758135,-0.0211911758135,-0.0211911758135,-0.0211911758135,-0.0211911758135,-0.0211911758135,-0.0211911758135,-0.0211911758135,-0.0211911758135,-0.0211911758135,-0.0211911758135,-0.0211911758135,-0.0211911758135,-0.0211911758135,-0.0211911758135,-0.0211911758135,-0.0211911758135,-0.0211911758135,-0.0211911758135,-0.0211911758135,-0.0211911758135,-0.0211911758135,-0.0211911758135,-0.0211911758135,-0.0211911758135,-0.0211911758135,-0.0211911758135,-0.0211911758135,-0.0211911758135,-0.0211911758135,-0.0211911758135,-0.0211911758135,-0.0211911758135,-0.0211911758135,-0.0211911758135,-0.0211911758135,-0.0211911758135,-0.0211911758135,-0.0211911758135,-0.0211911758135,-0.0211911758135,-0.0211911758135,-0.0211911758135,-0.0211911758135,-0.0211911758135,-0.0211911758135,-0.0211911758135,-0.0211911758135,-0.0211911758135,-0.0211911758135,-0.0211911758135,-0.0211911758135,-0.0211911758135,-0.0211911758135,-0.0211911758135,-0.0211911758135,-0.0211911758135,-0.0211911758135,-0.0211911758135,-0.0211911758135,-0.0211911758135,-0.0211911758135,-0.0211911758135,-0.0211911758135,-0.0211911758135,-0.0211911758135,-0.0211911758135,-0.0211911758135,-0.0211911758135,-0.0211911758135,-0.0211911758135,-0.0211911758135,-0.0211911758135,-0.0211911758135,-0.0211911758135,-0.0211911758135,-0.0211911758135,-0.0211911758135,-0.0211911758135,-0.0211911758135,-0.0211911758135,-0.0211911758135,-0.0211911758135,-0.0211911758135,-0.0211911758135,-0.0211911758135,-0.0211911758135
1892,-0.0213394923006,-0.0213394923006,-0.0213394923006,-0.0213394923006,-0.0213394923006,-0.0213394923006,-0.0213394923006,-0.0213394923006,-0.0213394923006,-0.0213394923006,-0.0213394923006,-0.0213394923006,-0.0213394923006,-0.0213394923006,-0.0213394923006,-0.0213394923006,-0.0213394923006,-0.0213394923006,-0.0213394923006,-0.0213394923006,-0.0213394923006,-0.0213394923006,-0.0213394923006,-0.0213394923006,-0.0213394923006,-0.0213394923006,-0.0213394923006,-0.0213394923006,-0.0213394923006,-0.0213394923006,-0.0213394923006,-0.0213394923006,-0.0213394923006,-0.0213394923006,-0.0213394923006,-0.0213394923006,-0.0213394923006,-0.0213394923006,-0.0213394923006,-0.0213394923006,-0.0213394923006,-0.0213394923006,-0.0213394923006,-0.0213394923006,-0.0213394923006,-0.0213394923006,-0.0213394923006,-0.0213394923006,-0.0213394923006,-0.0213394923006,-0.0213394923006,-0.0213394923006,-0.0213394923006,-0.0213394923006,-0.0213394923006,-0.0213394923006,-0.0213394923006,-0.0213394923006,-0.0213394923006,-0.0213394923006,-0.0213394923006,-0.0213394923006,-0.0213394923006,-0.0213394923006,-0.0213394923006,-0.0213394923006,-0.0213394923006,-0.0213394923006,-0.0213394923006,-0.0213394923006,-0.0213394923006,-0.0213394923006,-0.0213394923006,-0.0213394923006,-0.0213394923006,-0.0213394923006,-0.0213394923006,-0.0213394923006,-0.0213394923006,-0.0213394923006,-0.0213394923006,-0.0213394923006,-0.0213394923006,-0.0213394923006,-0.0213394923006,-0.0213394923006,-0.0213394923006,-0.0213394923006,-0.0213394923006,-0.0213394923006,-0.0213394923006,-0.0213394923006,-0.0213394923006,-0.0213394923006,-0.0213394923006,-0.0213394923006,-0.0213394923006,-0.0213394923006,-0.0213394923006,-0.0213394923006
1893,-0.0214877810638,-0.0214877810638,-0.0214877810638,-0.0214877810638,-0.0214877810638,-0.0214877810638,-0.0214877810638,-0.0214877810638,-0.0214877810638,-0.0214877810638,-0.0214877810638,-0.0214877810638,-0.0214877810638,-0.0214877810638,-0.0214877810638,-0.0214877810638,-0.0214877810638,-0.0214877810638,-0.0214877810638,-0.0214877810638,-0.0214877810638,-0.0214877810638,-0.0214877810638,-0.0214877810638,-0.0214877810638,-0.0214877810638,-0.0214877810638,-0.0214877810638,-0.0214877810638,-0.0214877810638,-0.0214877810638,-0.0214877810638,-0.0214877810638,-0.0214877810638,-0.0214877810638,-0.0214877810638,-0.0214877810638,-0.0214877810638,-0.0214877810638,-0.0214877810638,-0.0214877810638,-0.0214877810638,-0.0214877810638,-0.0214877810638,-0.0214877810638,-0.0214877810638,-0.0214877810638,-0.0214877810638,-0.0214877810638,-0.0214877810638,-0.0214877810638,-0.0214877810638,-0.0214877810638,-0.0214877810638,-0.0214877810638,-0.0214877810638,-0.0214877810638,-0.0214877810638,-0.0214877810638,-0.0214877810638,-0.0214877810638,-0.0214877810638,-0.0214877810638,-0.0214877810638,-0.0214877810638,-0.0214877810638,-0.0214877810638,-0.0214877810638,-0.0214877810638,-0.0214877810638,-0.0214877810638,-0.0214877810638,-0.0214877810638,-0.0214877810638,-0.0214877810638,-0.0214877810638,-0.0214877810638,-0.0214877810638,-0.0214877810638,-0.0214877810638,-0.0214877810638,-0.0214877810638,-0.0214877810638,-0.0214877810638,-0.0214877810638,-0.0214877810638,-0.0214877810638,-0.0214877810638,-0.0214877810638,-0.0214877810638,-0.0214877810638,-0.0214877810638,-0.0214877810638,-0.0214877810638,-0.0214877810638,-0.0214877810638,-0.0214877810638,-0.0214877810638,-0.0214877810638,-0.0214877810638
1894,-0.0216360421065,-0.0216360421065,-0.0216360421065,-0.0216360421065,-0.0216360421065,-0.0216360421065,-0.0216360421065,-0.0216360421065,-0.0216360421065,-0.0216360421065,-0.0216360421065,-0.0216360421065,-0.0216360421065,-0.0216360421065,-0.0216360421065,-0.0216360421065,-0.0216360421065,-0.0216360421065,-0.0216360421065,-0.0216360421065,-0.0216360421065,-0.0216360421065,-0.0216360421065,-0.0216360421065,-0.0216360421065,-0.0216360421065,-0.0216360421065,-0.0216360421065,-0.0216360421065,-0.0216360421065,-0.0216360421065,-0.0216360421065,-0.0216360421065,-0.0216360421065,-0.0216360421065,-0.0216360421065,-0.0216360421065,-0.0216360421065,-0.0216360421065,-0.0216360421065,-0.0216360421065,-0.0216360421065,-0.0216360421065,-0.0216360421065,-0.0216360421065,-0.0216360421065,-0.0216360421065,-0.0216360421065,-0.0216360421065,-0.0216360421065,-0.0216360421065,-0.0216360421065,-0.0216360421065,-0.0216360421065,-0.0216360421065,-0.0216360421065,-0.0216360421065,-0.0216360421065,-0.0216360421065,-0.0216360421065,-0.0216360421065,-0.0216360421065,-0.0216360421065,-0.0216360421065,-0.0216360421065,-0.0216360421065,-0.0216360421065,-0.0216360421065,-0.0216360421065,-0.0216360421065,-0.0216360421065,-0.0216360421065,-0.0216360421065,-0.0216360421065,-0.0216360421065,-0.0216360421065,-0.0216360421065,-0.0216360421065,-0.0216360421065,-0.0216360421065,-0.0216360421065,-0.0216360421065,-0.0216360421065,-0.0216360421065,-0.0216360421065,-0.0216360421065,-0.0216360421065,-0.0216360421065,-0.0216360421065,-0.0216360421065,-0.0216360421065,-0.0216360421065,-0.0216360421065,-0.0216360421065,-0.0216360421065,-0.0216360421065,-0.0216360421065,-0.0216360421065,-0.0216360421065,-0.0216360421065
1895,-0.0217842754324,-0.0217842754324,-0.0217842754324,-0.0217842754324,-0.0217842754324,-0.0217842754324,-0.0217842754324,-0.0217842754324,-0.0217842754324,-0.0217842754324,-0.0217842754324,-0.0217842754324,-0.0217842754324,-0.0217842754324,-0.0217842754324,-0.0217842754324,-0.0217842754324,-0.0217842754324,-0.0217842754324,-0.0217842754324,-0.0217842754324,-0.0217842754324,-0.0217842754324,-0.0217842754324,-0.0217842754324,-0.0217842754324,-0.0217842754324,-0.0217842754324,-0.0217842754324,-0.0217842754324,-0.0217842754324,-0.0217842754324,-0.0217842754324,-0.0217842754324,-0.0217842754324,-0.0217842754324,-0.0217842754324,-0.0217842754324,-0.0217842754324,-0.0217842754324,-0.0217842754324,-0.0217842754324,-0.0217842754324,-0.0217842754324,-0.0217842754324,-0.0217842754324,-0.0217842754324,-0.0217842754324,-0.0217842754324,-0.0217842754324,-0.0217842754324,-0.0217842754324,-0.0217842754324,-0.0217842754324,-0.0217842754324,-0.0217842754324,-0.0217842754324,-0.0217842754324,-0.0217842754324,-0.0217842754324,-0.0217842754324,-0.0217842754324,-0.0217842754324,-0.0217842754324,-0.0217842754324,-0.0217842754324,-0.0217842754324,-0.0217842754324,-0.0217842754324,-0.0217842754324,-0.0217842754324,-0.0217842754324,-0.0217842754324,-0.0217842754324,-0.0217842754324,-0.0217842754324,-0.0217842754324,-0.0217842754324,-0.0217842754324,-0.0217842754324,-0.0217842754324,-0.0217842754324,-0.0217842754324,-0.0217842754324,-0.0217842754324,-0.0217842754324,-0.0217842754324,-0.0217842754324,-0.0217842754324,-0.0217842754324,-0.0217842754324,-0.0217842754324,-0.0217842754324,-0.0217842754324,-0.0217842754324,-0.0217842754324,-0.0217842754324,-0.0217842754324,-0.0217842754324,-0.0217842754324
1896,-0.021932481045,-0.021932481045,-0.021932481045,-0.021932481045,-0.021932481045,-0.021932481045,-0.021932481045,-0.021932481045,-0.021932481045,-0.021932481045,-0.021932481045,-0.021932481045,-0.021932481045,-0.021932481045,-0.021932481045,-0.021932481045,-0.021932481045,-0.021932481045,-0.021932481045,-0.021932481045,-0.021932481045,-0.021932481045,-0.021932481045,-0.021932481045,-0.021932481045,-0.021932481045,-0.021932481045,-0.021932481045,-0.021932481045,-0.021932481045,-0.021932481045,-0.021932481045,-0.021932481045,-0.021932481045,-0.021932481045,-0.021932481045,-0.021932481045,-0.021932481045,-0.021932481045,-0.021932481045,-0.021932481045,-0.021932481045,-0.021932481045,-0.021932481045,-0.021932481045,-0.021932481045,-0.021932481045,-0.021932481045,-0.021932481045,-0.021932481045,-0.021932481045,-0.021932481045,-0.021932481045,-0.021932481045,-0.021932481045,-0.021932481045,-0.021932481045,-0.021932481045,-0.021932481045,-0.021932481045,-0.021932481045,-0.021932481045,-0.021932481045,-0.021932481045,-0.021932481045,-0.021932481045,-0.021932481045,-0.021932481045,-0.021932481045,-0.021932481045,-0.021932481045,-0.021932481045,-0.021932481045,-0.021932481045,-0.021932481045,-0.021932481045,-0.021932481045,-0.021932481045,-0.021932481045,-0.021932481045,-0.021932481045,-0.021932481045,-0.021932481045,-0.021932481045,-0.021932481045,-0.021932481045,-0.021932481045,-0.021932481045,-0.021932481045,-0.021932481045,-0.021932481045,-0.021932481045,-0.021932481045,-0.021932481045,-0.021932481045,-0.021932481045,-0.021932481045,-0.021932481045,-0.021932481045,-0.021932481045
1897,-0.0220806589479,-0.0220806589479,-0.0220806589479,-0.0220806589479,-0.0220806589479,-0.0220806589479,-0.0220806589479,-0.0220806589479,-0.0220806589479,-0.0220806589479,-0.0220806589479,-0.0220806589479,-0.0220806589479,-0.0220806589479,-0.0220806589479,-0.0220806589479,-0.0220806589479,-0.0220806589479,-0.0220806589479,-0.0220806589479,-0.0220806589479,-0.0220806589479,-0.0220806589479,-0.0220806589479,-0.0220806589479,-0.0220806589479,-0.0220806589479,-0.0220806589479,-0.0220806589479,-0.0220806589479,-0.0220806589479,-0.0220806589479,-0.0220806589479,-0.0220806589479,-0.0220806589479,-0.0220806589479,-0.0220806589479,-0.0220806589479,-0.0220806589479,-0.0220806589479,-0.0220806589479,-0.0220806589479,-0.0220806589479,-0.0220806589479,-0.0220806589479,-0.0220806589479,-0.0220806589479,-0.0220806589479,-0.0220806589479,-0.0220806589479,-0.0220806589479,-0.0220806589479,-0.0220806589479,-0.0220806589479,-0.0220806589479,-0.0220806589479,-0.0220806589479,-0.0220806589479,-0.0220806589479,-0.0220806589479,-0.0220806589479,-0.0220806589479,-0.0220806589479,-0.0220806589479,-0.0220806589479,-0.0220806589479,-0.0220806589479,-0.0220806589479,-0.0220806589479,-0.0220806589479,-0.0220806589479,-0.0220806589479,-0.0220806589479,-0.0220806589479,-0.0220806589479,-0.0220806589479,-0.0220806589479,-0.0220806589479,-0.0220806589479,-0.0220806589479,-0.0220806589479,-0.0220806589479,-0.0220806589479,-0.0220806589479,-0.0220806589479,-0.0220806589479,-0.0220806589479,-0.0220806589479,-0.0220806589479,-0.0220806589479,-0.0220806589479,-0.0220806589479,-0.0220806589479,-0.0220806589479,-0.0220806589479,-0.0220806589479,-0.0220806589479,-0.0220806589479,-0.0220806589479,-0.0220806589479
1898,-0.0222288091447,-0.0222288091447,-0.0222288091447,-0.0222288091447,-0.0222288091447,-0.0222288091447,-0.0222288091447,-0.0222288091447,-0.0222288091447,-0.0222288091447,-0.0222288091447,-0.0222288091447,-0.0222288091447,-0.0222288091447,-0.0222288091447,-0.0222288091447,-0.0222288091447,-0.0222288091447,-0.0222288091447,-0.0222288091447,-0.0222288091447,-0.0222288091447,-0.0222288091447,-0.0222288091447,-0.0222288091447,-0.0222288091447,-0.0222288091447,-0.0222288091447,-0.0222288091447,-0.0222288091447,-0.0222288091447,-0.0222288091447,-0.0222288091447,-0.0222288091447,-0.0222288091447,-0.0222288091447,-0.0222288091447,-0.0222288091447,-0.0222288091447,-0.0222288091447,-0.0222288091447,-0.0222288091447,-0.0222288091447,-0.0222288091447,-0.0222288091447,-0.0222288091447,-0.0222288091447,-0.0222288091447,-0.0222288091447,-0.0222288091447,-0.0222288091447,-0.0222288091447,-0.0222288091447,-0.0222288091447,-0.0222288091447,-0.0222288091447,-0.0222288091447,-0.0222288091447,-0.0222288091447,-0.0222288091447,-0.0222288091447,-0.0222288091447,-0.0222288091447,-0.0222288091447,-0.0222288091447,-0.0222288091447,-0.0222288091447,-0.0222288091447,-0.0222288091447,-0.0222288091447,-0.0222288091447,-0.0222288091447,-0.0222288091447,-0.0222288091447,-0.0222288091447,-0.0222288091447,-0.0222288091447,-0.0222288091447,-0.0222288091447,-0.0222288091447,-0.0222288091447,-0.0222288091447,-0.0222288091447,-0.0222288091447,-0.0222288091447,-0.0222288091447,-0.0222288091447,-0.0222288091447,-0.0222288091447,-0.0222288091447,-0.0222288091447,-0.0222288091447,-0.0222288091447,-0.0222288091447,-0.0222288091447,-0.0222288091447,-0.0222288091447,-0.0222288091447,-0.0222288091447,-0.0222288091447
1899,-0.022376931639,-0.022376931639,-0.022376931639,-0.022376931639,-0.022376931639,-0.022376931639,-0.022376931639,-0.022376931639,-0.022376931639,-0.022376931639,-0.022376931639,-0.022376931639,-0.022376931639,-0.022376931639,-0.022376931639,-0.022376931639,-0.022376931639,-0.022376931639,-0.022376931639,-0.022376931639,-0.022376931639,-0.022376931639,-0.022376931639,-0.022376931639,-0.022376931639,-0.022376931639,-0.022376931639,-0.022376931639,-0.022376931639,-0.022376931639,-0.022376931639,-0.022376931639,-0.022376931639,-0.022376931639,-0.022376931639,-0.022376931639,-0.022376931639,-0.022376931639,-0.022376931639,-0.022376931639,-0.022376931639,-0.022376931639,-0.022376931639,-0.022376931639,-0.022376931639,-0.022376931639,-0.022376931639,-0.022376931639,-0.022376931639,-0.022376931639,-0.022376931639,-0.022376931639,-0.022376931639,-0.022376931639,-0.022376931639,-0.022376931639,-0.022376931639,-0.022376931639,-0.022376931639,-0.022376931639,-0.022376931639,-0.022376931639,-0.022376931639,-0.022376931639,-0.022376931639,-0.022376931639,-0.022376931639,-0.022376931639,-0.022376931639,-0.022376931639,-0.022376931639,-0.022376931639,-0.022376931639,-0.022376931639,-0.022376931639,-0.022376931639,-0.022376931639,-0.022376931639,-0.022376931639,-0.022376931639,-0.022376931639,-0.022376931639,-0.022376931639,-0.022376931639,-0.022376931639,-0.022376931639,-0.022376931639,-0.022376931639,-0.022376931639,-0.022376931639,-0.022376931639,-0.022376931639,-0.022376931639,-0.022376931639,-0.022376931639,-0.022376931639,-0.022376931639,-0.022376931639,-0.022376931639,-0.022376931639
1900,-0.0225250264343,-0.0225250264343,-0.0225250264343,-0.0225250264343,-0.0225250264343,-0.0225250264343,-0.0225250264343,-0.0225250264343,-0.0225250264343,-0.0225250264343,-0.0225250264343,-0.0225250264343,-0.0225250264343,-0.0225250264343,-0.0225250264343,-0.0225250264343,-0.0225250264343,-0.0225250264343,-0.0225250264343,-0.0225250264343,-0.0225250264343,-0.0225250264343,-0.0225250264343,-0.0225250264343,-0.0225250264343,-0.0225250264343,-0.0225250264343,-0.0225250264343,-0.0225250264343,-0.0225250264343,-0.0225250264343,-0.0225250264343,-0.0225250264343,-0.0225250264343,-0.0225250264343,-0.0225250264343,-0.0225250264343,-0.0225250264343,-0.0225250264343,-0.0225250264343,-0.0225250264343,-0.0225250264343,-0.0225250264343,-0.0225250264343,-0.0225250264343,-0.0225250264343,-0.0225250264343,-0.0225250264343,-0.0225250264343,-0.0225250264343,-0.0225250264343,-0.0225250264343,-0.0225250264343,-0.0225250264343,-0.0225250264343,-0.0225250264343,-0.0225250264343,-0.0225250264343,-0.0225250264343,-0.0225250264343,-0.0225250264343,-0.0225250264343,-0.0225250264343,-0.0225250264343,-0.0225250264343,-0.0225250264343,-0.0225250264343,-0.0225250264343,-0.0225250264343,-0.0225250264343,-0.0225250264343,-0.0225250264343,-0.0225250264343,-0.0225250264343,-0.0225250264343,-0.0225250264343,-0.0225250264343,-0.0225250264343,-0.0225250264343,-0.0225250264343,-0.0225250264343,-0.0225250264343,-0.0225250264343,-0.0225250264343,-0.0225250264343,-0.0225250264343,-0.0225250264343,-0.0225250264343,-0.0225250264343,-0.0225250264343,-0.0225250264343,-0.0225250264343,-0.0225250264343,-0.0225250264343,-0.0225250264343,-0.0225250264343,-0.0225250264343,-0.0225250264343,-0.0225250264343,-0.0225250264343
1901,-0.0226730935342,-0.0226730935342,-0.0226730935342,-0.0226730935342,-0.0226730935342,-0.0226730935342,-0.0226730935342,-0.0226730935342,-0.0226730935342,-0.0226730935342,-0.0226730935342,-0.0226730935342,-0.0226730935342,-0.0226730935342,-0.0226730935342,-0.0226730935342,-0.0226730935342,-0.0226730935342,-0.0226730935342,-0.0226730935342,-0.0226730935342,-0.0226730935342,-0.0226730935342,-0.0226730935342,-0.0226730935342,-0.0226730935342,-0.0226730935342,-0.0226730935342,-0.0226730935342,-0.0226730935342,-0.0226730935342,-0.0226730935342,-0.0226730935342,-0.0226730935342,-0.0226730935342,-0.0226730935342,-0.0226730935342,-0.0226730935342,-0.0226730935342,-0.0226730935342,-0.0226730935342,-0.0226730935342,-0.0226730935342,-0.0226730935342,-0.0226730935342,-0.0226730935342,-0.0226730935342,-0.0226730935342,-0.0226730935342,-0.0226730935342,-0.0226730935342,-0.0226730935342,-0.0226730935342,-0.0226730935342,-0.0226730935342,-0.0226730935342,-0.0226730935342,-0.0226730935342,-0.0226730935342,-0.0226730935342,-0.0226730935342,-0.0226730935342,-0.0226730935342,-0.0226730935342,-0.0226730935342,-0.0226730935342,-0.0226730935342,-0.0226730935342,-0.0226730935342,-0.0226730935342,-0.0226730935342,-0.0226730935342,-0.0226730935342,-0.0226730935342,-0.0226730935342,-0.0226730935342,-0.0226730935342,-0.0226730935342,-0.0226730935342,-0.0226730935342,-0.0226730935342,-0.0226730935342,-0.0226730935342,-0.0226730935342,-0.0226730935342,-0.0226730935342,-0.0226730935342,-0.0226730935342,-0.0226730935342,-0.0226730935342,-0.0226730935342,-0.0226730935342,-0.0226730935342,-0.0226730935342,-0.0226730935342,-0.0226730935342,-0.0226730935342,-0.0226730935342,-0.0226730935342,-0.0226730935342
1902,-0.0228211329424,-0.0228211329424,-0.0228211329424,-0.0228211329424,-0.0228211329424,-0.0228211329424,-0.0228211329424,-0.0228211329424,-0.0228211329424,-0.0228211329424,-0.0228211329424,-0.0228211329424,-0.0228211329424,-0.0228211329424,-0.0228211329424,-0.0228211329424,-0.0228211329424,-0.0228211329424,-0.0228211329424,-0.0228211329424,-0.0228211329424,-0.0228211329424,-0.0228211329424,-0.0228211329424,-0.0228211329424,-0.0228211329424,-0.0228211329424,-0.0228211329424,-0.0228211329424,-0.0228211329424,-0.0228211329424,-0.0228211329424,-0.0228211329424,-0.0228211329424,-0.0228211329424,-0.0228211329424,-0.0228211329424,-0.0228211329424,-0.0228211329424,-0.0228211329424,-0.0228211329424,-0.0228211329424,-0.0228211329424,-0.0228211329424,-0.0228211329424,-0.0228211329424,-0.0228211329424,-0.0228211329424,-0.0228211329424,-0.0228211329424,-0.0228211329424,-0.0228211329424,-0.0228211329424,-0.0228211329424,-0.0228211329424,-0.0228211329424,-0.0228211329424,-0.0228211329424,-0.0228211329424,-0.0228211329424,-0.0228211329424,-0.0228211329424,-0.0228211329424,-0.0228211329424,-0.0228211329424,-0.0228211329424,-0.0228211329424,-0.0228211329424,-0.0228211329424,-0.0228211329424,-0.0228211329424,-0.0228211329424,-0.0228211329424,-0.0228211329424,-0.0228211329424,-0.0228211329424,-0.0228211329424,-0.0228211329424,-0.0228211329424,-0.0228211329424,-0.0228211329424,-0.0228211329424,-0.0228211329424,-0.0228211329424,-0.0228211329424,-0.0228211329424,-0.0228211329424,-0.0228211329424,-0.0228211329424,-0.0228211329424,-0.0228211329424,-0.0228211329424,-0.0228211329424,-0.0228211329424,-0.0228211329424,-0.0228211329424,-0.0228211329424,-0.0228211329424,-0.0228211329424,-0.0228211329424
1903,-0.0229691446624,-0.0229691446624,-0.0229691446624,-0.0229691446624,-0.0229691446624,-0.0229691446624,-0.0229691446624,-0.0229691446624,-0.0229691446624,-0.0229691446624,-0.0229691446624,-0.0229691446624,-0.0229691446624,-0.0229691446624,-0.0229691446624,-0.0229691446624,-0.0229691446624,-0.0229691446624,-0.0229691446624,-0.0229691446624,-0.0229691446624,-0.0229691446624,-0.0229691446624,-0.0229691446624,-0.0229691446624,-0.0229691446624,-0.0229691446624,-0.0229691446624,-0.0229691446624,-0.0229691446624,-0.0229691446624,-0.0229691446624,-0.0229691446624,-0.0229691446624,-0.0229691446624,-0.0229691446624,-0.0229691446624,-0.0229691446624,-0.0229691446624,-0.0229691446624,-0.0229691446624,-0.0229691446624,-0.0229691446624,-0.0229691446624,-0.0229691446624,-0.0229691446624,-0.0229691446624,-0.0229691446624,-0.0229691446624,-0.0229691446624,-0.0229691446624,-0.0229691446624,-0.0229691446624,-0.0229691446624,-0.0229691446624,-0.0229691446624,-0.0229691446624,-0.0229691446624,-0.0229691446624,-0.0229691446624,-0.0229691446624,-0.0229691446624,-0.0229691446624,-0.0229691446624,-0.0229691446624,-0.0229691446624,-0.0229691446624,-0.0229691446624,-0.0229691446624,-0.0229691446624,-0.0229691446624,-0.0229691446624,-0.0229691446624,-0.0229691446624,-0.0229691446624,-0.0229691446624,-0.0229691446624,-0.0229691446624,-0.0229691446624,-0.0229691446624,-0.0229691446624,-0.0229691446624,-0.0229691446624,-0.0229691446624,-0.0229691446624,-0.0229691446624,-0.0229691446624,-0.0229691446624,-0.0229691446624,-0.0229691446624,-0.0229691446624,-0.0229691446624,-0.0229691446624,-0.0229691446624,-0.0229691446624,-0.0229691446624,-0.0229691446624,-0.0229691446624,-0.0229691446624,-0.0229691446624
1904,-0.0231171286978,-0.0231171286978,-0.0231171286978,-0.0231171286978,-0.0231171286978,-0.0231171286978,-0.0231171286978,-0.0231171286978,-0.0231171286978,-0.0231171286978,-0.0231171286978,-0.0231171286978,-0.0231171286978,-0.0231171286978,-0.0231171286978,-0.0231171286978,-0.0231171286978,-0.0231171286978,-0.0231171286978,-0.0231171286978,-0.0231171286978,-0.0231171286978,-0.0231171286978,-0.0231171286978,-0.0231171286978,-0.0231171286978,-0.0231171286978,-0.0231171286978,-0.0231171286978,-0.0231171286978,-0.0231171286978,-0.0231171286978,-0.0231171286978,-0.0231171286978,-0.0231171286978,-0.0231171286978,-0.0231171286978,-0.0231171286978,-0.0231171286978,-0.0231171286978,-0.0231171286978,-0.0231171286978,-0.0231171286978,-0.0231171286978,-0.0231171286978,-0.0231171286978,-0.0231171286978,-0.0231171286978,-0.0231171286978,-0.0231171286978,-0.0231171286978,-0.0231171286978,-0.0231171286978,-0.0231171286978,-0.0231171286978,-0.0231171286978,-0.0231171286978,-0.0231171286978,-0.0231171286978,-0.0231171286978,-0.0231171286978,-0.0231171286978,-0.0231171286978,-0.0231171286978,-0.0231171286978,-0.0231171286978,-0.0231171286978,-0.0231171286978,-0.0231171286978,-0.0231171286978,-0.0231171286978,-0.0231171286978,-0.0231171286978,-0.0231171286978,-0.0231171286978,-0.0231171286978,-0.0231171286978,-0.0231171286978,-0.0231171286978,-0.0231171286978,-0.0231171286978,-0.0231171286978,-0.0231171286978,-0.0231171286978,-0.0231171286978,-0.0231171286978,-0.0231171286978,-0.0231171286978,-0.0231171286978,-0.0231171286978,-0.0231171286978,-0.0231171286978,-0.0231171286978,-0.0231171286978,-0.0231171286978,-0.0231171286978,-0.0231171286978,-0.0231171286978,-0.0231171286978,-0.0231171286978
1905,-0.0232650850521,-0.0232650850521,-0.0232650850521,-0.0232650850521,-0.0232650850521,-0.0232650850521,-0.0232650850521,-0.0232650850521,-0.0232650850521,-0.0232650850521,-0.0232650850521,-0.0232650850521,-0.0232650850521,-0.0232650850521,-0.0232650850521,-0.0232650850521,-0.0232650850521,-0.0232650850521,-0.0232650850521,-0.0232650850521,-0.0232650850521,-0.0232650850521,-0.0232650850521,-0.0232650850521,-0.0232650850521,-0.0232650850521,-0.0232650850521,-0.0232650850521,-0.0232650850521,-0.0232650850521,-0.0232650850521,-0.0232650850521,-0.0232650850521,-0.0232650850521,-0.0232650850521,-0.0232650850521,-0.0232650850521,-0.0232650850521,-0.0232650850521,-0.0232650850521,-0.0232650850521,-0.0232650850521,-0.0232650850521,-0.0232650850521,-0.0232650850521,-0.0232650850521,-0.0232650850521,-0.0232650850521,-0.0232650850521,-0.0232650850521,-0.0232650850521,-0.0232650850521,-0.0232650850521,-0.0232650850521,-0.0232650850521,-0.0232650850521,-0.0232650850521,-0.0232650850521,-0.0232650850521,-0.0232650850521,-0.0232650850521,-0.0232650850521,-0.0232650850521,-0.0232650850521,-0.0232650850521,-0.0232650850521,-0.0232650850521,-0.0232650850521,-0.0232650850521,-0.0232650850521,-0.0232650850521,-0.0232650850521,-0.0232650850521,-0.0232650850521,-0.0232650850521,-0.0232650850521,-0.0232650850521,-0.0232650850521,-0.0232650850521,-0.0232650850521,-0.0232650850521,-0.0232650850521,-0.0232650850521,-0.0232650850521,-0.0232650850521,-0.0232650850521,-0.0232650850521,-0.0232650850521,-0.0232650850521,-0.0232650850521,-0.0232650850521,-0.0232650850521,-0.0232650850521,-0.0232650850521,-0.0232650850521,-0.0232650850521,-0.0232650850521,-0.0232650850521,-0.0232650850521,-0.0232650850521
1906,-0.023413013729,-0.023413013729,-0.023413013729,-0.023413013729,-0.023413013729,-0.023413013729,-0.023413013729,-0.023413013729,-0.023413013729,-0.023413013729,-0.023413013729,-0.023413013729,-0.023413013729,-0.023413013729,-0.023413013729,-0.023413013729,-0.023413013729,-0.023413013729,-0.023413013729,-0.023413013729,-0.023413013729,-0.023413013729,-0.023413013729,-0.023413013729,-0.023413013729,-0.023413013729,-0.023413013729,-0.023413013729,-0.023413013729,-0.023413013729,-0.023413013729,-0.023413013729,-0.023413013729,-0.023413013729,-0.023413013729,-0.023413013729,-0.023413013729,-0.023413013729,-0.023413013729,-0.023413013729,-0.023413013729,-0.023413013729,-0.023413013729,-0.023413013729,-0.023413013729,-0.023413013729,-0.023413013729,-0.023413013729,-0.023413013729,-0.023413013729,-0.023413013729,-0.023413013729,-0.023413013729,-0.023413013729,-0.023413013729,-0.023413013729,-0.023413013729,-0.023413013729,-0.023413013729,-0.023413013729,-0.023413013729,-0.023413013729,-0.023413013729,-0.023413013729,-0.023413013729,-0.023413013729,-0.023413013729,-0.023413013729,-0.023413013729,-0.023413013729,-0.023413013729,-0.023413013729,-0.023413013729,-0.023413013729,-0.023413013729,-0.023413013729,-0.023413013729,-0.023413013729,-0.023413013729,-0.023413013729,-0.023413013729,-0.023413013729,-0.023413013729,-0.023413013729,-0.023413013729,-0.023413013729,-0.023413013729,-0.023413013729,-0.023413013729,-0.023413013729,-0.023413013729,-0.023413013729,-0.023413013729,-0.023413013729,-0.023413013729,-0.023413013729,-0.023413013729,-0.023413013729,-0.023413013729,-0.023413013729
1907,-0.023560914732,-0.023560914732,-0.023560914732,-0.023560914732,-0.023560914732,-0.023560914732,-0.023560914732,-0.023560914732,-0.023560914732,-0.023560914732,-0.023560914732,-0.023560914732,-0.023560914732,-0.023560914732,-0.023560914732,-0.023560914732,-0.023560914732,-0.023560914732,-0.023560914732,-0.023560914732,-0.023560914732,-0.023560914732,-0.023560914732,-0.023560914732,-0.023560914732,-0.023560914732,-0.023560914732,-0.023560914732,-0.023560914732,-0.023560914732,-0.023560914732,-0.023560914732,-0.023560914732,-0.023560914732,-0.023560914732,-0.023560914732,-0.023560914732,-0.023560914732,-0.023560914732,-0.023560914732,-0.023560914732,-0.023560914732,-0.023560914732,-0.023560914732,-0.023560914732,-0.023560914732,-0.023560914732,-0.023560914732,-0.023560914732,-0.023560914732,-0.023560914732,-0.023560914732,-0.023560914732,-0.023560914732,-0.023560914732,-0.023560914732,-0.023560914732,-0.023560914732,-0.023560914732,-0.023560914732,-0.023560914732,-0.023560914732,-0.023560914732,-0.023560914732,-0.023560914732,-0.023560914732,-0.023560914732,-0.023560914732,-0.023560914732,-0.023560914732,-0.023560914732,-0.023560914732,-0.023560914732,-0.023560914732,-0.023560914732,-0.023560914732,-0.023560914732,-0.023560914732,-0.023560914732,-0.023560914732,-0.023560914732,-0.023560914732,-0.023560914732,-0.023560914732,-0.023560914732,-0.023560914732,-0.023560914732,-0.023560914732,-0.023560914732,-0.023560914732,-0.023560914732,-0.023560914732,-0.023560914732,-0.023560914732,-0.023560914732,-0.023560914732,-0.023560914732,-0.023560914732,-0.023560914732,-0.023560914732
1908,-0.0237087880648,-0.0237087880648,-0.0237087880648,-0.0237087880648,-0.0237087880648,-0.0237087880648,-0.0237087880648,-0.0237087880648,-0.0237087880648,-0.0237087880648,-0.0237087880648,-0.0237087880648,-0.0237087880648,-0.0237087880648,-0.0237087880648,-0.0237087880648,-0.0237087880648,-0.0237087880648,-0.0237087880648,-0.0237087880648,-0.0237087880648,-0.0237087880648,-0.0237087880648,-0.0237087880648,-0.0237087880648,-0.0237087880648,-0.0237087880648,-0.0237087880648,-0.0237087880648,-0.0237087880648,-0.0237087880648,-0.0237087880648,-0.0237087880648,-0.0237087880648,-0.0237087880648,-0.0237087880648,-0.0237087880648,-0.0237087880648,-0.0237087880648,-0.0237087880648,-0.0237087880648,-0.0237087880648,-0.0237087880648,-0.0237087880648,-0.0237087880648,-0.0237087880648,-0.0237087880648,-0.0237087880648,-0.0237087880648,-0.0237087880648,-0.0237087880648,-0.0237087880648,-0.0237087880648,-0.0237087880648,-0.0237087880648,-0.0237087880648,-0.0237087880648,-0.0237087880648,-0.0237087880648,-0.0237087880648,-0.0237087880648,-0.0237087880648,-0.0237087880648,-0.0237087880648,-0.0237087880648,-0.0237087880648,-0.0237087880648,-0.0237087880648,-0.0237087880648,-0.0237087880648,-0.0237087880648,-0.0237087880648,-0.0237087880648,-0.0237087880648,-0.0237087880648,-0.0237087880648,-0.0237087880648,-0.0237087880648,-0.0237087880648,-0.0237087880648,-0.0237087880648,-0.0237087880648,-0.0237087880648,-0.0237087880648,-0.0237087880648,-0.0237087880648,-0.0237087880648,-0.0237087880648,-0.0237087880648,-0.0237087880648,-0.0237087880648,-0.0237087880648,-0.0237087880648,-0.0237087880648,-0.0237087880648,-0.0237087880648,-0.0237087880648,-0.0237087880648,-0.0237087880648,-0.0237087880648
1909,-0.0238566337309,-0.0238566337309,-0.0238566337309,-0.0238566337309,-0.0238566337309,-0.0238566337309,-0.0238566337309,-0.0238566337309,-0.0238566337309,-0.0238566337309,-0.0238566337309,-0.0238566337309,-0.0238566337309,-0.0238566337309,-0.0238566337309,-0.0238566337309,-0.0238566337309,-0.0238566337309,-0.0238566337309,-0.0238566337309,-0.0238566337309,-0.0238566337309,-0.0238566337309,-0.0238566337309,-0.0238566337309,-0.0238566337309,-0.0238566337309,-0.0238566337309,-0.0238566337309,-0.0238566337309,-0.0238566337309,-0.0238566337309,-0.0238566337309,-0.0238566337309,-0.0238566337309,-0.0238566337309,-0.0238566337309,-0.0238566337309,-0.0238566337309,-0.0238566337309,-0.0238566337309,-0.0238566337309,-0.0238566337309,-0.0238566337309,-0.0238566337309,-0.0238566337309,-0.0238566337309,-0.0238566337309,-0.0238566337309,-0.0238566337309,-0.0238566337309,-0.0238566337309,-0.0238566337309,-0.0238566337309,-0.0238566337309,-0.0238566337309,-0.0238566337309,-0.0238566337309,-0.0238566337309,-0.0238566337309,-0.0238566337309,-0.0238566337309,-0.0238566337309,-0.0238566337309,-0.0238566337309,-0.0238566337309,-0.0238566337309,-0.0238566337309,-0.0238566337309,-0.0238566337309,-0.0238566337309,-0.0238566337309,-0.0238566337309,-0.0238566337309,-0.0238566337309,-0.0238566337309,-0.0238566337309,-0.0238566337309,-0.0238566337309,-0.0238566337309,-0.0238566337309,-0.0238566337309,-0.0238566337309,-0.0238566337309,-0.0238566337309,-0.0238566337309,-0.0238566337309,-0.0238566337309,-0.0238566337309,-0.0238566337309,-0.0238566337309,-0.0238566337309,-0.0238566337309,-0.0238566337309,-0.0238566337309,-0.0238566337309,-0.0238566337309,-0.0238566337309,-0.0238566337309,-0.0238566337309
1910,-0.0240044517339,-0.0240044517339,-0.0240044517339,-0.0240044517339,-0.0240044517339,-0.0240044517339,-0.0240044517339,-0.0240044517339,-0.0240044517339,-0.0240044517339,-0.0240044517339,-0.0240044517339,-0.0240044517339,-0.0240044517339,-0.0240044517339,-0.0240044517339,-0.0240044517339,-0.0240044517339,-0.0240044517339,-0.0240044517339,-0.0240044517339,-0.0240044517339,-0.0240044517339,-0.0240044517339,-0.0240044517339,-0.0240044517339,-0.0240044517339,-0.0240044517339,-0.0240044517339,-0.0240044517339,-0.0240044517339,-0.0240044517339,-0.0240044517339,-0.0240044517339,-0.0240044517339,-0.0240044517339,-0.0240044517339,-0.0240044517339,-0.0240044517339,-0.0240044517339,-0.0240044517339,-0.0240044517339,-0.0240044517339,-0.0240044517339,-0.0240044517339,-0.0240044517339,-0.0240044517339,-0.0240044517339,-0.0240044517339,-0.0240044517339,-0.0240044517339,-0.0240044517339,-0.0240044517339,-0.0240044517339,-0.0240044517339,-0.0240044517339,-0.0240044517339,-0.0240044517339,-0.0240044517339,-0.0240044517339,-0.0240044517339,-0.0240044517339,-0.0240044517339,-0.0240044517339,-0.0240044517339,-0.0240044517339,-0.0240044517339,-0.0240044517339,-0.0240044517339,-0.0240044517339,-0.0240044517339,-0.0240044517339,-0.0240044517339,-0.0240044517339,-0.0240044517339,-0.0240044517339,-0.0240044517339,-0.0240044517339,-0.0240044517339,-0.0240044517339,-0.0240044517339,-0.0240044517339,-0.0240044517339,-0.0240044517339,-0.0240044517339,-0.0240044517339,-0.0240044517339,-0.0240044517339,-0.0240044517339,-0.0240044517339,-0.0240044517339,-0.0240044517339,-0.0240044517339,-0.0240044517339,-0.0240044517339,-0.0240044517339,-0.0240044517339,-0.0240044517339,-0.0240044517339,-0.0240044517339
1911,-0.0241522420773,-0.0241522420773,-0.0241522420773,-0.0241522420773,-0.0241522420773,-0.0241522420773,-0.0241522420773,-0.0241522420773,-0.0241522420773,-0.0241522420773,-0.0241522420773,-0.0241522420773,-0.0241522420773,-0.0241522420773,-0.0241522420773,-0.0241522420773,-0.0241522420773,-0.0241522420773,-0.0241522420773,-0.0241522420773,-0.0241522420773,-0.0241522420773,-0.0241522420773,-0.0241522420773,-0.0241522420773,-0.0241522420773,-0.0241522420773,-0.0241522420773,-0.0241522420773,-0.0241522420773,-0.0241522420773,-0.0241522420773,-0.0241522420773,-0.0241522420773,-0.0241522420773,-0.0241522420773,-0.0241522420773,-0.0241522420773,-0.0241522420773,-0.0241522420773,-0.0241522420773,-0.0241522420773,-0.0241522420773,-0.0241522420773,-0.0241522420773,-0.0241522420773,-0.0241522420773,-0.0241522420773,-0.0241522420773,-0.0241522420773,-0.0241522420773,-0.0241522420773,-0.0241522420773,-0.0241522420773,-0.0241522420773,-0.0241522420773,-0.0241522420773,-0.0241522420773,-0.0241522420773,-0.0241522420773,-0.0241522420773,-0.0241522420773,-0.0241522420773,-0.0241522420773,-0.0241522420773,-0.0241522420773,-0.0241522420773,-0.0241522420773,-0.0241522420773,-0.0241522420773,-0.0241522420773,-0.0241522420773,-0.0241522420773,-0.0241522420773,-0.0241522420773,-0.0241522420773,-0.0241522420773,-0.0241522420773,-0.0241522420773,-0.0241522420773,-0.0241522420773,-0.0241522420773,-0.0241522420773,-0.0241522420773,-0.0241522420773,-0.0241522420773,-0.0241522420773,-0.0241522420773,-0.0241522420773,-0.0241522420773,-0.0241522420773,-0.0241522420773,-0.0241522420773,-0.0241522420773,-0.0241522420773,-0.0241522420773,-0.0241522420773,-0.0241522420773,-0.0241522420773,-0.0241522420773
1912,-0.0243000047649,-0.0243000047649,-0.0243000047649,-0.0243000047649,-0.0243000047649,-0.0243000047649,-0.0243000047649,-0.0243000047649,-0.0243000047649,-0.0243000047649,-0.0243000047649,-0.0243000047649,-0.0243000047649,-0.0243000047649,-0.0243000047649,-0.0243000047649,-0.0243000047649,-0.0243000047649,-0.0243000047649,-0.0243000047649,-0.0243000047649,-0.0243000047649,-0.0243000047649,-0.0243000047649,-0.0243000047649,-0.0243000047649,-0.0243000047649,-0.0243000047649,-0.0243000047649,-0.0243000047649,-0.0243000047649,-0.0243000047649,-0.0243000047649,-0.0243000047649,-0.0243000047649,-0.0243000047649,-0.0243000047649,-0.0243000047649,-0.0243000047649,-0.0243000047649,-0.0243000047649,-0.0243000047649,-0.0243000047649,-0.0243000047649,-0.0243000047649,-0.0243000047649,-0.0243000047649,-0.0243000047649,-0.0243000047649,-0.0243000047649,-0.0243000047649,-0.0243000047649,-0.0243000047649,-0.0243000047649,-0.0243000047649,-0.0243000047649,-0.0243000047649,-0.0243000047649,-0.0243000047649,-0.0243000047649,-0.0243000047649,-0.0243000047649,-0.0243000047649,-0.0243000047649,-0.0243000047649,-0.0243000047649,-0.0243000047649,-0.0243000047649,-0.0243000047649,-0.0243000047649,-0.0243000047649,-0.0243000047649,-0.0243000047649,-0.0243000047649,-0.0243000047649,-0.0243000047649,-0.0243000047649,-0.0243000047649,-0.0243000047649,-0.0243000047649,-0.0243000047649,-0.0243000047649,-0.0243000047649,-0.0243000047649,-0.0243000047649,-0.0243000047649,-0.0243000047649,-0.0243000047649,-0.0243000047649,-0.0243000047649,-0.0243000047649,-0.0243000047649,-0.0243000047649,-0.0243000047649,-0.0243000047649,-0.0243000047649,-0.0243000047649,-0.0243000047649,-0.0243000047649,-0.0243000047649
1913,-0.0244477398001,-0.0244477398001,-0.0244477398001,-0.0244477398001,-0.0244477398001,-0.0244477398001,-0.0244477398001,-0.0244477398001,-0.0244477398001,-0.0244477398001,-0.0244477398001,-0.0244477398001,-0.0244477398001,-0.0244477398001,-0.0244477398001,-0.0244477398001,-0.0244477398001,-0.0244477398001,-0.0244477398001,-0.0244477398001,-0.0244477398001,-0.0244477398001,-0.0244477398001,-0.0244477398001,-0.0244477398001,-0.0244477398001,-0.0244477398001,-0.0244477398001,-0.0244477398001,-0.0244477398001,-0.0244477398001,-0.0244477398001,-0.0244477398001,-0.0244477398001,-0.0244477398001,-0.0244477398001,-0.0244477398001,-0.0244477398001,-0.0244477398001,-0.0244477398001,-0.0244477398001,-0.0244477398001,-0.0244477398001,-0.0244477398001,-0.0244477398001,-0.0244477398001,-0.0244477398001,-0.0244477398001,-0.0244477398001,-0.0244477398001,-0.0244477398001,-0.0244477398001,-0.0244477398001,-0.0244477398001,-0.0244477398001,-0.0244477398001,-0.0244477398001,-0.0244477398001,-0.0244477398001,-0.0244477398001,-0.0244477398001,-0.0244477398001,-0.0244477398001,-0.0244477398001,-0.0244477398001,-0.0244477398001,-0.0244477398001,-0.0244477398001,-0.0244477398001,-0.0244477398001,-0.0244477398001,-0.0244477398001,-0.0244477398001,-0.0244477398001,-0.0244477398001,-0.0244477398001,-0.0244477398001,-0.0244477398001,-0.0244477398001,-0.0244477398001,-0.0244477398001,-0.0244477398001,-0.0244477398001,-0.0244477398001,-0.0244477398001,-0.0244477398001,-0.0244477398001,-0.0244477398001,-0.0244477398001,-0.0244477398001,-0.0244477398001,-0.0244477398001,-0.0244477398001,-0.0244477398001,-0.0244477398001,-0.0244477398001,-0.0244477398001,-0.0244477398001,-0.0244477398001,-0.0244477398001
1914,-0.0245954471865,-0.0245954471865,-0.0245954471865,-0.0245954471865,-0.0245954471865,-0.0245954471865,-0.0245954471865,-0.0245954471865,-0.0245954471865,-0.0245954471865,-0.0245954471865,-0.0245954471865,-0.0245954471865,-0.0245954471865,-0.0245954471865,-0.0245954471865,-0.0245954471865,-0.0245954471865,-0.0245954471865,-0.0245954471865,-0.0245954471865,-0.0245954471865,-0.0245954471865,-0.0245954471865,-0.0245954471865,-0.0245954471865,-0.0245954471865,-0.0245954471865,-0.0245954471865,-0.0245954471865,-0.0245954471865,-0.0245954471865,-0.0245954471865,-0.0245954471865,-0.0245954471865,-0.0245954471865,-0.0245954471865,-0.0245954471865,-0.0245954471865,-0.0245954471865,-0.0245954471865,-0.0245954471865,-0.0245954471865,-0.0245954471865,-0.0245954471865,-0.0245954471865,-0.0245954471865,-0.0245954471865,-0.0245954471865,-0.0245954471865,-0.0245954471865,-0.0245954471865,-0.0245954471865,-0.0245954471865,-0.0245954471865,-0.0245954471865,-0.0245954471865,-0.0245954471865,-0.0245954471865,-0.0245954471865,-0.0245954471865,-0.0245954471865,-0.0245954471865,-0.0245954471865,-0.0245954471865,-0.0245954471865,-0.0245954471865,-0.0245954471865,-0.0245954471865,-0.0245954471865,-0.0245954471865,-0.0245954471865,-0.0245954471865,-0.0245954471865,-0.0245954471865,-0.0245954471865,-0.0245954471865,-0.0245954471865,-0.0245954471865,-0.0245954471865,-0.0245954471865,-0.0245954471865,-0.0245954471865,-0.0245954471865,-0.0245954471865,-0.0245954471865,-0.0245954471865,-0.0245954471865,-0.0245954471865,-0.0245954471865,-0.0245954471865,-0.0245954471865,-0.0245954471865,-0.0245954471865,-0.0245954471865,-0.0245954471865,-0.0245954471865,-0.0245954471865,-0.0245954471865,-0.0245954471865
1915,-0.0247431269278,-0.0247431269278,-0.0247431269278,-0.0247431269278,-0.0247431269278,-0.0247431269278,-0.0247431269278,-0.0247431269278,-0.0247431269278,-0.0247431269278,-0.0247431269278,-0.0247431269278,-0.0247431269278,-0.0247431269278,-0.0247431269278,-0.0247431269278,-0.0247431269278,-0.0247431269278,-0.0247431269278,-0.0247431269278,-0.0247431269278,-0.0247431269278,-0.0247431269278,-0.0247431269278,-0.0247431269278,-0.0247431269278,-0.0247431269278,-0.0247431269278,-0.0247431269278,-0.0247431269278,-0.0247431269278,-0.0247431269278,-0.0247431269278,-0.0247431269278,-0.0247431269278,-0.0247431269278,-0.0247431269278,-0.0247431269278,-0.0247431269278,-0.0247431269278,-0.0247431269278,-0.0247431269278,-0.0247431269278,-0.0247431269278,-0.0247431269278,-0.0247431269278,-0.0247431269278,-0.0247431269278,-0.0247431269278,-0.0247431269278,-0.0247431269278,-0.0247431269278,-0.0247431269278,-0.0247431269278,-0.0247431269278,-0.0247431269278,-0.0247431269278,-0.0247431269278,-0.0247431269278,-0.0247431269278,-0.0247431269278,-0.0247431269278,-0.0247431269278,-0.0247431269278,-0.0247431269278,-0.0247431269278,-0.0247431269278,-0.0247431269278,-0.0247431269278,-0.0247431269278,-0.0247431269278,-0.0247431269278,-0.0247431269278,-0.0247431269278,-0.0247431269278,-0.0247431269278,-0.0247431269278,-0.0247431269278,-0.0247431269278,-0.0247431269278,-0.0247431269278,-0.0247431269278,-0.0247431269278,-0.0247431269278,-0.0247431269278,-0.0247431269278,-0.0247431269278,-0.0247431269278,-0.0247431269278,-0.0247431269278,-0.0247431269278,-0.0247431269278,-0.0247431269278,-0.0247431269278,-0.0247431269278,-0.0247431269278,-0.0247431269278,-0.0247431269278,-0.0247431269278,-0.0247431269278
1916,-0.0248907790276,-0.0248907790276,-0.0248907790276,-0.0248907790276,-0.0248907790276,-0.0248907790276,-0.0248907790276,-0.0248907790276,-0.0248907790276,-0.0248907790276,-0.0248907790276,-0.0248907790276,-0.0248907790276,-0.0248907790276,-0.0248907790276,-0.0248907790276,-0.0248907790276,-0.0248907790276,-0.0248907790276,-0.0248907790276,-0.0248907790276,-0.0248907790276,-0.0248907790276,-0.0248907790276,-0.0248907790276,-0.0248907790276,-0.0248907790276,-0.0248907790276,-0.0248907790276,-0.0248907790276,-0.0248907790276,-0.0248907790276,-0.0248907790276,-0.0248907790276,-0.0248907790276,-0.0248907790276,-0.0248907790276,-0.0248907790276,-0.0248907790276,-0.0248907790276,-0.0248907790276,-0.0248907790276,-0.0248907790276,-0.0248907790276,-0.0248907790276,-0.0248907790276,-0.0248907790276,-0.0248907790276,-0.0248907790276,-0.0248907790276,-0.0248907790276,-0.0248907790276,-0.0248907790276,-0.0248907790276,-0.0248907790276,-0.0248907790276,-0.0248907790276,-0.0248907790276,-0.0248907790276,-0.0248907790276,-0.0248907790276,-0.0248907790276,-0.0248907790276,-0.0248907790276,-0.0248907790276,-0.0248907790276,-0.0248907790276,-0.0248907790276,-0.0248907790276,-0.0248907790276,-0.0248907790276,-0.0248907790276,-0.0248907790276,-0.0248907790276,-0.0248907790276,-0.0248907790276,-0.0248907790276,-0.0248907790276,-0.0248907790276,-0.0248907790276,-0.0248907790276,-0.0248907790276,-0.0248907790276,-0.0248907790276,-0.0248907790276,-0.0248907790276,-0.0248907790276,-0.0248907790276,-0.0248907790276,-0.0248907790276,-0.0248907790276,-0.0248907790276,-0.0248907790276,-0.0248907790276,-0.0248907790276,-0.0248907790276,-0.0248907790276,-0.0248907790276,-0.0248907790276,-0.0248907790276
1917,-0.0250384034893,-0.0250384034893,-0.0250384034893,-0.0250384034893,-0.0250384034893,-0.0250384034893,-0.0250384034893,-0.0250384034893,-0.0250384034893,-0.0250384034893,-0.0250384034893,-0.0250384034893,-0.0250384034893,-0.0250384034893,-0.0250384034893,-0.0250384034893,-0.0250384034893,-0.0250384034893,-0.0250384034893,-0.0250384034893,-0.0250384034893,-0.0250384034893,-0.0250384034893,-0.0250384034893,-0.0250384034893,-0.0250384034893,-0.0250384034893,-0.0250384034893,-0.0250384034893,-0.0250384034893,-0.0250384034893,-0.0250384034893,-0.0250384034893,-0.0250384034893,-0.0250384034893,-0.0250384034893,-0.0250384034893,-0.0250384034893,-0.0250384034893,-0.0250384034893,-0.0250384034893,-0.0250384034893,-0.0250384034893,-0.0250384034893,-0.0250384034893,-0.0250384034893,-0.0250384034893,-0.0250384034893,-0.0250384034893,-0.0250384034893,-0.0250384034893,-0.0250384034893,-0.0250384034893,-0.0250384034893,-0.0250384034893,-0.0250384034893,-0.0250384034893,-0.0250384034893,-0.0250384034893,-0.0250384034893,-0.0250384034893,-0.0250384034893,-0.0250384034893,-0.0250384034893,-0.0250384034893,-0.0250384034893,-0.0250384034893,-0.0250384034893,-0.0250384034893,-0.0250384034893,-0.0250384034893,-0.0250384034893,-0.0250384034893,-0.0250384034893,-0.0250384034893,-0.0250384034893,-0.0250384034893,-0.0250384034893,-0.0250384034893,-0.0250384034893,-0.0250384034893,-0.0250384034893,-0.0250384034893,-0.0250384034893,-0.0250384034893,-0.0250384034893,-0.0250384034893,-0.0250384034893,-0.0250384034893,-0.0250384034893,-0.0250384034893,-0.0250384034893,-0.0250384034893,-0.0250384034893,-0.0250384034893,-0.0250384034893,-0.0250384034893,-0.0250384034893,-0.0250384034893,-0.0250384034893
1918,-0.0251860003167,-0.0251860003167,-0.0251860003167,-0.0251860003167,-0.0251860003167,-0.0251860003167,-0.0251860003167,-0.0251860003167,-0.0251860003167,-0.0251860003167,-0.0251860003167,-0.0251860003167,-0.0251860003167,-0.0251860003167,-0.0251860003167,-0.0251860003167,-0.0251860003167,-0.0251860003167,-0.0251860003167,-0.0251860003167,-0.0251860003167,-0.0251860003167,-0.0251860003167,-0.0251860003167,-0.0251860003167,-0.0251860003167,-0.0251860003167,-0.0251860003167,-0.0251860003167,-0.0251860003167,-0.0251860003167,-0.0251860003167,-0.0251860003167,-0.0251860003167,-0.0251860003167,-0.0251860003167,-0.0251860003167,-0.0251860003167,-0.0251860003167,-0.0251860003167,-0.0251860003167,-0.0251860003167,-0.0251860003167,-0.0251860003167,-0.0251860003167,-0.0251860003167,-0.0251860003167,-0.0251860003167,-0.0251860003167,-0.0251860003167,-0.0251860003167,-0.0251860003167,-0.0251860003167,-0.0251860003167,-0.0251860003167,-0.0251860003167,-0.0251860003167,-0.0251860003167,-0.0251860003167,-0.0251860003167,-0.0251860003167,-0.0251860003167,-0.0251860003167,-0.0251860003167,-0.0251860003167,-0.0251860003167,-0.0251860003167,-0.0251860003167,-0.0251860003167,-0.0251860003167,-0.0251860003167,-0.0251860003167,-0.0251860003167,-0.0251860003167,-0.0251860003167,-0.0251860003167,-0.0251860003167,-0.0251860003167,-0.0251860003167,-0.0251860003167,-0.0251860003167,-0.0251860003167,-0.0251860003167,-0.0251860003167,-0.0251860003167,-0.0251860003167,-0.0251860003167,-0.0251860003167,-0.0251860003167,-0.0251860003167,-0.0251860003167,-0.0251860003167,-0.0251860003167,-0.0251860003167,-0.0251860003167,-0.0251860003167,-0.0251860003167,-0.0251860003167,-0.0251860003167,-0.0251860003167
1919,-0.0253335695133,-0.0253335695133,-0.0253335695133,-0.0253335695133,-0.0253335695133,-0.0253335695133,-0.0253335695133,-0.0253335695133,-0.0253335695133,-0.0253335695133,-0.0253335695133,-0.0253335695133,-0.0253335695133,-0.0253335695133,-0.0253335695133,-0.0253335695133,-0.0253335695133,-0.0253335695133,-0.0253335695133,-0.0253335695133,-0.0253335695133,-0.0253335695133,-0.0253335695133,-0.0253335695133,-0.0253335695133,-0.0253335695133,-0.0253335695133,-0.0253335695133,-0.0253335695133,-0.0253335695133,-0.0253335695133,-0.0253335695133,-0.0253335695133,-0.0253335695133,-0.0253335695133,-0.0253335695133,-0.0253335695133,-0.0253335695133,-0.0253335695133,-0.0253335695133,-0.0253335695133,-0.0253335695133,-0.0253335695133,-0.0253335695133,-0.0253335695133,-0.0253335695133,-0.0253335695133,-0.0253335695133,-0.0253335695133,-0.0253335695133,-0.0253335695133,-0.0253335695133,-0.0253335695133,-0.0253335695133,-0.0253335695133,-0.0253335695133,-0.0253335695133,-0.0253335695133,-0.0253335695133,-0.0253335695133,-0.0253335695133,-0.0253335695133,-0.0253335695133,-0.0253335695133,-0.0253335695133,-0.0253335695133,-0.0253335695133,-0.0253335695133,-0.0253335695133,-0.0253335695133,-0.0253335695133,-0.0253335695133,-0.0253335695133,-0.0253335695133,-0.0253335695133,-0.0253335695133,-0.0253335695133,-0.0253335695133,-0.0253335695133,-0.0253335695133,-0.0253335695133,-0.0253335695133,-0.0253335695133,-0.0253335695133,-0.0253335695133,-0.0253335695133,-0.0253335695133,-0.0253335695133,-0.0253335695133,-0.0253335695133,-0.0253335695133,-0.0253335695133,-0.0253335695133,-0.0253335695133,-0.0253335695133,-0.0253335695133,-0.0253335695133,-0.0253335695133,-0.0253335695133,-0.0253335695133
1920,-0.0254811110826,-0.0254811110826,-0.0254811110826,-0.0254811110826,-0.0254811110826,-0.0254811110826,-0.0254811110826,-0.0254811110826,-0.0254811110826,-0.0254811110826,-0.0254811110826,-0.0254811110826,-0.0254811110826,-0.0254811110826,-0.0254811110826,-0.0254811110826,-0.0254811110826,-0.0254811110826,-0.0254811110826,-0.0254811110826,-0.0254811110826,-0.0254811110826,-0.0254811110826,-0.0254811110826,-0.0254811110826,-0.0254811110826,-0.0254811110826,-0.0254811110826,-0.0254811110826,-0.0254811110826,-0.0254811110826,-0.0254811110826,-0.0254811110826,-0.0254811110826,-0.0254811110826,-0.0254811110826,-0.0254811110826,-0.0254811110826,-0.0254811110826,-0.0254811110826,-0.0254811110826,-0.0254811110826,-0.0254811110826,-0.0254811110826,-0.0254811110826,-0.0254811110826,-0.0254811110826,-0.0254811110826,-0.0254811110826,-0.0254811110826,-0.0254811110826,-0.0254811110826,-0.0254811110826,-0.0254811110826,-0.0254811110826,-0.0254811110826,-0.0254811110826,-0.0254811110826,-0.0254811110826,-0.0254811110826,-0.0254811110826,-0.0254811110826,-0.0254811110826,-0.0254811110826,-0.0254811110826,-0.0254811110826,-0.0254811110826,-0.0254811110826,-0.0254811110826,-0.0254811110826,-0.0254811110826,-0.0254811110826,-0.0254811110826,-0.0254811110826,-0.0254811110826,-0.0254811110826,-0.0254811110826,-0.0254811110826,-0.0254811110826,-0.0254811110826,-0.0254811110826,-0.0254811110826,-0.0254811110826,-0.0254811110826,-0.0254811110826,-0.0254811110826,-0.0254811110826,-0.0254811110826,-0.0254811110826,-0.0254811110826,-0.0254811110826,-0.0254811110826,-0.0254811110826,-0.0254811110826,-0.0254811110826,-0.0254811110826,-0.0254811110826,-0.0254811110826,-0.0254811110826,-0.0254811110826
1921,-0.0256286250284,-0.0256286250284,-0.0256286250284,-0.0256286250284,-0.0256286250284,-0.0256286250284,-0.0256286250284,-0.0256286250284,-0.0256286250284,-0.0256286250284,-0.0256286250284,-0.0256286250284,-0.0256286250284,-0.0256286250284,-0.0256286250284,-0.0256286250284,-0.0256286250284,-0.0256286250284,-0.0256286250284,-0.0256286250284,-0.0256286250284,-0.0256286250284,-0.0256286250284,-0.0256286250284,-0.0256286250284,-0.0256286250284,-0.0256286250284,-0.0256286250284,-0.0256286250284,-0.0256286250284,-0.0256286250284,-0.0256286250284,-0.0256286250284,-0.0256286250284,-0.0256286250284,-0.0256286250284,-0.0256286250284,-0.0256286250284,-0.0256286250284,-0.0256286250284,-0.0256286250284,-0.0256286250284,-0.0256286250284,-0.0256286250284,-0.0256286250284,-0.0256286250284,-0.0256286250284,-0.0256286250284,-0.0256286250284,-0.0256286250284,-0.0256286250284,-0.0256286250284,-0.0256286250284,-0.0256286250284,-0.0256286250284,-0.0256286250284,-0.0256286250284,-0.0256286250284,-0.0256286250284,-0.0256286250284,-0.0256286250284,-0.0256286250284,-0.0256286250284,-0.0256286250284,-0.0256286250284,-0.0256286250284,-0.0256286250284,-0.0256286250284,-0.0256286250284,-0.0256286250284,-0.0256286250284,-0.0256286250284,-0.0256286250284,-0.0256286250284,-0.0256286250284,-0.0256286250284,-0.0256286250284,-0.0256286250284,-0.0256286250284,-0.0256286250284,-0.0256286250284,-0.0256286250284,-0.0256286250284,-0.0256286250284,-0.0256286250284,-0.0256286250284,-0.0256286250284,-0.0256286250284,-0.0256286250284,-0.0256286250284,-0.0256286250284,-0.0256286250284,-0.0256286250284,-0.0256286250284,-0.0256286250284,-0.0256286250284,-0.0256286250284,-0.0256286250284,-0.0256286250284,-0.0256286250284
1922,-0.0257761113541,-0.0257761113541,-0.0257761113541,-0.0257761113541,-0.0257761113541,-0.0257761113541,-0.0257761113541,-0.0257761113541,-0.0257761113541,-0.0257761113541,-0.0257761113541,-0.0257761113541,-0.0257761113541,-0.0257761113541,-0.0257761113541,-0.0257761113541,-0.0257761113541,-0.0257761113541,-0.0257761113541,-0.0257761113541,-0.0257761113541,-0.0257761113541,-0.0257761113541,-0.0257761113541,-0.0257761113541,-0.0257761113541,-0.0257761113541,-0.0257761113541,-0.0257761113541,-0.0257761113541,-0.0257761113541,-0.0257761113541,-0.0257761113541,-0.0257761113541,-0.0257761113541,-0.0257761113541,-0.0257761113541,-0.0257761113541,-0.0257761113541,-0.0257761113541,-0.0257761113541,-0.0257761113541,-0.0257761113541,-0.0257761113541,-0.0257761113541,-0.0257761113541,-0.0257761113541,-0.0257761113541,-0.0257761113541,-0.0257761113541,-0.0257761113541,-0.0257761113541,-0.0257761113541,-0.0257761113541,-0.0257761113541,-0.0257761113541,-0.0257761113541,-0.0257761113541,-0.0257761113541,-0.0257761113541,-0.0257761113541,-0.0257761113541,-0.0257761113541,-0.0257761113541,-0.0257761113541,-0.0257761113541,-0.0257761113541,-0.0257761113541,-0.0257761113541,-0.0257761113541,-0.0257761113541,-0.0257761113541,-0.0257761113541,-0.0257761113541,-0.0257761113541,-0.0257761113541,-0.0257761113541,-0.0257761113541,-0.0257761113541,-0.0257761113541,-0.0257761113541,-0.0257761113541,-0.0257761113541,-0.0257761113541,-0.0257761113541,-0.0257761113541,-0.0257761113541,-0.0257761113541,-0.0257761113541,-0.0257761113541,-0.0257761113541,-0.0257761113541,-0.0257761113541,-0.0257761113541,-0.0257761113541,-0.0257761113541,-0.0257761113541,-0.0257761113541,-0.0257761113541,-0.0257761113541
1923,-0.0259235700633,-0.0259235700633,-0.0259235700633,-0.0259235700633,-0.0259235700633,-0.0259235700633,-0.0259235700633,-0.0259235700633,-0.0259235700633,-0.0259235700633,-0.0259235700633,-0.0259235700633,-0.0259235700633,-0.0259235700633,-0.0259235700633,-0.0259235700633,-0.0259235700633,-0.0259235700633,-0.0259235700633,-0.0259235700633,-0.0259235700633,-0.0259235700633,-0.0259235700633,-0.0259235700633,-0.0259235700633,-0.0259235700633,-0.0259235700633,-0.0259235700633,-0.0259235700633,-0.0259235700633,-0.0259235700633,-0.0259235700633,-0.0259235700633,-0.0259235700633,-0.0259235700633,-0.0259235700633,-0.0259235700633,-0.0259235700633,-0.0259235700633,-0.0259235700633,-0.0259235700633,-0.0259235700633,-0.0259235700633,-0.0259235700633,-0.0259235700633,-0.0259235700633,-0.0259235700633,-0.0259235700633,-0.0259235700633,-0.0259235700633,-0.0259235700633,-0.0259235700633,-0.0259235700633,-0.0259235700633,-0.0259235700633,-0.0259235700633,-0.0259235700633,-0.0259235700633,-0.0259235700633,-0.0259235700633,-0.0259235700633,-0.0259235700633,-0.0259235700633,-0.0259235700633,-0.0259235700633,-0.0259235700633,-0.0259235700633,-0.0259235700633,-0.0259235700633,-0.0259235700633,-0.0259235700633,-0.0259235700633,-0.0259235700633,-0.0259235700633,-0.0259235700633,-0.0259235700633,-0.0259235700633,-0.0259235700633,-0.0259235700633,-0.0259235700633,-0.0259235700633,-0.0259235700633,-0.0259235700633,-0.0259235700633,-0.0259235700633,-0.0259235700633,-0.0259235700633,-0.0259235700633,-0.0259235700633,-0.0259235700633,-0.0259235700633,-0.0259235700633,-0.0259235700633,-0.0259235700633,-0.0259235700633,-0.0259235700633,-0.0259235700633,-0.0259235700633,-0.0259235700633,-0.0259235700633
1924,-0.0260710011598,-0.0260710011598,-0.0260710011598,-0.0260710011598,-0.0260710011598,-0.0260710011598,-0.0260710011598,-0.0260710011598,-0.0260710011598,-0.0260710011598,-0.0260710011598,-0.0260710011598,-0.0260710011598,-0.0260710011598,-0.0260710011598,-0.0260710011598,-0.0260710011598,-0.0260710011598,-0.0260710011598,-0.0260710011598,-0.0260710011598,-0.0260710011598,-0.0260710011598,-0.0260710011598,-0.0260710011598,-0.0260710011598,-0.0260710011598,-0.0260710011598,-0.0260710011598,-0.0260710011598,-0.0260710011598,-0.0260710011598,-0.0260710011598,-0.0260710011598,-0.0260710011598,-0.0260710011598,-0.0260710011598,-0.0260710011598,-0.0260710011598,-0.0260710011598,-0.0260710011598,-0.0260710011598,-0.0260710011598,-0.0260710011598,-0.0260710011598,-0.0260710011598,-0.0260710011598,-0.0260710011598,-0.0260710011598,-0.0260710011598,-0.0260710011598,-0.0260710011598,-0.0260710011598,-0.0260710011598,-0.0260710011598,-0.0260710011598,-0.0260710011598,-0.0260710011598,-0.0260710011598,-0.0260710011598,-0.0260710011598,-0.0260710011598,-0.0260710011598,-0.0260710011598,-0.0260710011598,-0.0260710011598,-0.0260710011598,-0.0260710011598,-0.0260710011598,-0.0260710011598,-0.0260710011598,-0.0260710011598,-0.0260710011598,-0.0260710011598,-0.0260710011598,-0.0260710011598,-0.0260710011598,-0.0260710011598,-0.0260710011598,-0.0260710011598,-0.0260710011598,-0.0260710011598,-0.0260710011598,-0.0260710011598,-0.0260710011598,-0.0260710011598,-0.0260710011598,-0.0260710011598,-0.0260710011598,-0.0260710011598,-0.0260710011598,-0.0260710011598,-0.0260710011598,-0.0260710011598,-0.0260710011598,-0.0260710011598,-0.0260710011598,-0.0260710011598,-0.0260710011598,-0.0260710011598
1925,-0.0262184046469,-0.0262184046469,-0.0262184046469,-0.0262184046469,-0.0262184046469,-0.0262184046469,-0.0262184046469,-0.0262184046469,-0.0262184046469,-0.0262184046469,-0.0262184046469,-0.0262184046469,-0.0262184046469,-0.0262184046469,-0.0262184046469,-0.0262184046469,-0.0262184046469,-0.0262184046469,-0.0262184046469,-0.0262184046469,-0.0262184046469,-0.0262184046469,-0.0262184046469,-0.0262184046469,-0.0262184046469,-0.0262184046469,-0.0262184046469,-0.0262184046469,-0.0262184046469,-0.0262184046469,-0.0262184046469,-0.0262184046469,-0.0262184046469,-0.0262184046469,-0.0262184046469,-0.0262184046469,-0.0262184046469,-0.0262184046469,-0.0262184046469,-0.0262184046469,-0.0262184046469,-0.0262184046469,-0.0262184046469,-0.0262184046469,-0.0262184046469,-0.0262184046469,-0.0262184046469,-0.0262184046469,-0.0262184046469,-0.0262184046469,-0.0262184046469,-0.0262184046469,-0.0262184046469,-0.0262184046469,-0.0262184046469,-0.0262184046469,-0.0262184046469,-0.0262184046469,-0.0262184046469,-0.0262184046469,-0.0262184046469,-0.0262184046469,-0.0262184046469,-0.0262184046469,-0.0262184046469,-0.0262184046469,-0.0262184046469,-0.0262184046469,-0.0262184046469,-0.0262184046469,-0.0262184046469,-0.0262184046469,-0.0262184046469,-0.0262184046469,-0.0262184046469,-0.0262184046469,-0.0262184046469,-0.0262184046469,-0.0262184046469,-0.0262184046469,-0.0262184046469,-0.0262184046469,-0.0262184046469,-0.0262184046469,-0.0262184046469,-0.0262184046469,-0.0262184046469,-0.0262184046469,-0.0262184046469,-0.0262184046469,-0.0262184046469,-0.0262184046469,-0.0262184046469,-0.0262184046469,-0.0262184046469,-0.0262184046469,-0.0262184046469,-0.0262184046469,-0.0262184046469,-0.0262184046469
1926,-0.0263657805285,-0.0263657805285,-0.0263657805285,-0.0263657805285,-0.0263657805285,-0.0263657805285,-0.0263657805285,-0.0263657805285,-0.0263657805285,-0.0263657805285,-0.0263657805285,-0.0263657805285,-0.0263657805285,-0.0263657805285,-0.0263657805285,-0.0263657805285,-0.0263657805285,-0.0263657805285,-0.0263657805285,-0.0263657805285,-0.0263657805285,-0.0263657805285,-0.0263657805285,-0.0263657805285,-0.0263657805285,-0.0263657805285,-0.0263657805285,-0.0263657805285,-0.0263657805285,-0.0263657805285,-0.0263657805285,-0.0263657805285,-0.0263657805285,-0.0263657805285,-0.0263657805285,-0.0263657805285,-0.0263657805285,-0.0263657805285,-0.0263657805285,-0.0263657805285,-0.0263657805285,-0.0263657805285,-0.0263657805285,-0.0263657805285,-0.0263657805285,-0.0263657805285,-0.0263657805285,-0.0263657805285,-0.0263657805285,-0.0263657805285,-0.0263657805285,-0.0263657805285,-0.0263657805285,-0.0263657805285,-0.0263657805285,-0.0263657805285,-0.0263657805285,-0.0263657805285,-0.0263657805285,-0.0263657805285,-0.0263657805285,-0.0263657805285,-0.0263657805285,-0.0263657805285,-0.0263657805285,-0.0263657805285,-0.0263657805285,-0.0263657805285,-0.0263657805285,-0.0263657805285,-0.0263657805285,-0.0263657805285,-0.0263657805285,-0.0263657805285,-0.0263657805285,-0.0263657805285,-0.0263657805285,-0.0263657805285,-0.0263657805285,-0.0263657805285,-0.0263657805285,-0.0263657805285,-0.0263657805285,-0.0263657805285,-0.0263657805285,-0.0263657805285,-0.0263657805285,-0.0263657805285,-0.0263657805285,-0.0263657805285,-0.0263657805285,-0.0263657805285,-0.0263657805285,-0.0263657805285,-0.0263657805285,-0.0263657805285,-0.0263657805285,-0.0263657805285,-0.0263657805285,-0.0263657805285
1927,-0.0265131288079,-0.0265131288079,-0.0265131288079,-0.0265131288079,-0.0265131288079,-0.0265131288079,-0.0265131288079,-0.0265131288079,-0.0265131288079,-0.0265131288079,-0.0265131288079,-0.0265131288079,-0.0265131288079,-0.0265131288079,-0.0265131288079,-0.0265131288079,-0.0265131288079,-0.0265131288079,-0.0265131288079,-0.0265131288079,-0.0265131288079,-0.0265131288079,-0.0265131288079,-0.0265131288079,-0.0265131288079,-0.0265131288079,-0.0265131288079,-0.0265131288079,-0.0265131288079,-0.0265131288079,-0.0265131288079,-0.0265131288079,-0.0265131288079,-0.0265131288079,-0.0265131288079,-0.0265131288079,-0.0265131288079,-0.0265131288079,-0.0265131288079,-0.0265131288079,-0.0265131288079,-0.0265131288079,-0.0265131288079,-0.0265131288079,-0.0265131288079,-0.0265131288079,-0.0265131288079,-0.0265131288079,-0.0265131288079,-0.0265131288079,-0.0265131288079,-0.0265131288079,-0.0265131288079,-0.0265131288079,-0.0265131288079,-0.0265131288079,-0.0265131288079,-0.0265131288079,-0.0265131288079,-0.0265131288079,-0.0265131288079,-0.0265131288079,-0.0265131288079,-0.0265131288079,-0.0265131288079,-0.0265131288079,-0.0265131288079,-0.0265131288079,-0.0265131288079,-0.0265131288079,-0.0265131288079,-0.0265131288079,-0.0265131288079,-0.0265131288079,-0.0265131288079,-0.0265131288079,-0.0265131288079,-0.0265131288079,-0.0265131288079,-0.0265131288079,-0.0265131288079,-0.0265131288079,-0.0265131288079,-0.0265131288079,-0.0265131288079,-0.0265131288079,-0.0265131288079,-0.0265131288079,-0.0265131288079,-0.0265131288079,-0.0265131288079,-0.0265131288079,-0.0265131288079,-0.0265131288079,-0.0265131288079,-0.0265131288079,-0.0265131288079,-0.0265131288079,-0.0265131288079,-0.0265131288079
1928,-0.0266604494889,-0.0266604494889,-0.0266604494889,-0.0266604494889,-0.0266604494889,-0.0266604494889,-0.0266604494889,-0.0266604494889,-0.0266604494889,-0.0266604494889,-0.0266604494889,-0.0266604494889,-0.0266604494889,-0.0266604494889,-0.0266604494889,-0.0266604494889,-0.0266604494889,-0.0266604494889,-0.0266604494889,-0.0266604494889,-0.0266604494889,-0.0266604494889,-0.0266604494889,-0.0266604494889,-0.0266604494889,-0.0266604494889,-0.0266604494889,-0.0266604494889,-0.0266604494889,-0.0266604494889,-0.0266604494889,-0.0266604494889,-0.0266604494889,-0.0266604494889,-0.0266604494889,-0.0266604494889,-0.0266604494889,-0.0266604494889,-0.0266604494889,-0.0266604494889,-0.0266604494889,-0.0266604494889,-0.0266604494889,-0.0266604494889,-0.0266604494889,-0.0266604494889,-0.0266604494889,-0.0266604494889,-0.0266604494889,-0.0266604494889,-0.0266604494889,-0.0266604494889,-0.0266604494889,-0.0266604494889,-0.0266604494889,-0.0266604494889,-0.0266604494889,-0.0266604494889,-0.0266604494889,-0.0266604494889,-0.0266604494889,-0.0266604494889,-0.0266604494889,-0.0266604494889,-0.0266604494889,-0.0266604494889,-0.0266604494889,-0.0266604494889,-0.0266604494889,-0.0266604494889,-0.0266604494889,-0.0266604494889,-0.0266604494889,-0.0266604494889,-0.0266604494889,-0.0266604494889,-0.0266604494889,-0.0266604494889,-0.0266604494889,-0.0266604494889,-0.0266604494889,-0.0266604494889,-0.0266604494889,-0.0266604494889,-0.0266604494889,-0.0266604494889,-0.0266604494889,-0.0266604494889,-0.0266604494889,-0.0266604494889,-0.0266604494889,-0.0266604494889,-0.0266604494889,-0.0266604494889,-0.0266604494889,-0.0266604494889,-0.0266604494889,-0.0266604494889,-0.0266604494889,-0.0266604494889
1929,-0.026807742575,-0.026807742575,-0.026807742575,-0.026807742575,-0.026807742575,-0.026807742575,-0.026807742575,-0.026807742575,-0.026807742575,-0.026807742575,-0.026807742575,-0.026807742575,-0.026807742575,-0.026807742575,-0.026807742575,-0.026807742575,-0.026807742575,-0.026807742575,-0.026807742575,-0.026807742575,-0.026807742575,-0.026807742575,-0.026807742575,-0.026807742575,-0.026807742575,-0.026807742575,-0.026807742575,-0.026807742575,-0.026807742575,-0.026807742575,-0.026807742575,-0.026807742575,-0.026807742575,-0.026807742575,-0.026807742575,-0.026807742575,-0.026807742575,-0.026807742575,-0.026807742575,-0.026807742575,-0.026807742575,-0.026807742575,-0.026807742575,-0.026807742575,-0.026807742575,-0.026807742575,-0.026807742575,-0.026807742575,-0.026807742575,-0.026807742575,-0.026807742575,-0.026807742575,-0.026807742575,-0.026807742575,-0.026807742575,-0.026807742575,-0.026807742575,-0.026807742575,-0.026807742575,-0.026807742575,-0.026807742575,-0.026807742575,-0.026807742575,-0.026807742575,-0.026807742575,-0.026807742575,-0.026807742575,-0.026807742575,-0.026807742575,-0.026807742575,-0.026807742575,-0.026807742575,-0.026807742575,-0.026807742575,-0.026807742575,-0.026807742575,-0.026807742575,-0.026807742575,-0.026807742575,-0.026807742575,-0.026807742575,-0.026807742575,-0.026807742575,-0.026807742575,-0.026807742575,-0.026807742575,-0.026807742575,-0.026807742575,-0.026807742575,-0.026807742575,-0.026807742575,-0.026807742575,-0.026807742575,-0.026807742575,-0.026807742575,-0.026807742575,-0.026807742575,-0.026807742575,-0.026807742575,-0.026807742575
1930,-0.0269550080699,-0.0269550080699,-0.0269550080699,-0.0269550080699,-0.0269550080699,-0.0269550080699,-0.0269550080699,-0.0269550080699,-0.0269550080699,-0.0269550080699,-0.0269550080699,-0.0269550080699,-0.0269550080699,-0.0269550080699,-0.0269550080699,-0.0269550080699,-0.0269550080699,-0.0269550080699,-0.0269550080699,-0.0269550080699,-0.0269550080699,-0.0269550080699,-0.0269550080699,-0.0269550080699,-0.0269550080699,-0.0269550080699,-0.0269550080699,-0.0269550080699,-0.0269550080699,-0.0269550080699,-0.0269550080699,-0.0269550080699,-0.0269550080699,-0.0269550080699,-0.0269550080699,-0.0269550080699,-0.0269550080699,-0.0269550080699,-0.0269550080699,-0.0269550080699,-0.0269550080699,-0.0269550080699,-0.0269550080699,-0.0269550080699,-0.0269550080699,-0.0269550080699,-0.0269550080699,-0.0269550080699,-0.0269550080699,-0.0269550080699,-0.0269550080699,-0.0269550080699,-0.0269550080699,-0.0269550080699,-0.0269550080699,-0.0269550080699,-0.0269550080699,-0.0269550080699,-0.0269550080699,-0.0269550080699,-0.0269550080699,-0.0269550080699,-0.0269550080699,-0.0269550080699,-0.0269550080699,-0.0269550080699,-0.0269550080699,-0.0269550080699,-0.0269550080699,-0.0269550080699,-0.0269550080699,-0.0269550080699,-0.0269550080699,-0.0269550080699,-0.0269550080699,-0.0269550080699,-0.0269550080699,-0.0269550080699,-0.0269550080699,-0.0269550080699,-0.0269550080699,-0.0269550080699,-0.0269550080699,-0.0269550080699,-0.0269550080699,-0.0269550080699,-0.0269550080699,-0.0269550080699,-0.0269550080699,-0.0269550080699,-0.0269550080699,-0.0269550080699,-0.0269550080699,-0.0269550080699,-0.0269550080699,-0.0269550080699,-0.0269550080699,-0.0269550080699,-0.0269550080699,-0.0269550080699
1931,-0.027102245977,-0.027102245977,-0.027102245977,-0.027102245977,-0.027102245977,-0.027102245977,-0.027102245977,-0.027102245977,-0.027102245977,-0.027102245977,-0.027102245977,-0.027102245977,-0.027102245977,-0.027102245977,-0.027102245977,-0.027102245977,-0.027102245977,-0.027102245977,-0.027102245977,-0.027102245977,-0.027102245977,-0.027102245977,-0.027102245977,-0.027102245977,-0.027102245977,-0.027102245977,-0.027102245977,-0.027102245977,-0.027102245977,-0.027102245977,-0.027102245977,-0.027102245977,-0.027102245977,-0.027102245977,-0.027102245977,-0.027102245977,-0.027102245977,-0.027102245977,-0.027102245977,-0.027102245977,-0.027102245977,-0.027102245977,-0.027102245977,-0.027102245977,-0.027102245977,-0.027102245977,-0.027102245977,-0.027102245977,-0.027102245977,-0.027102245977,-0.027102245977,-0.027102245977,-0.027102245977,-0.027102245977,-0.027102245977,-0.027102245977,-0.027102245977,-0.027102245977,-0.027102245977,-0.027102245977,-0.027102245977,-0.027102245977,-0.027102245977,-0.027102245977,-0.027102245977,-0.027102245977,-0.027102245977,-0.027102245977,-0.027102245977,-0.027102245977,-0.027102245977,-0.027102245977,-0.027102245977,-0.027102245977,-0.027102245977,-0.027102245977,-0.027102245977,-0.027102245977,-0.027102245977,-0.027102245977,-0.027102245977,-0.027102245977,-0.027102245977,-0.027102245977,-0.027102245977,-0.027102245977,-0.027102245977,-0.027102245977,-0.027102245977,-0.027102245977,-0.027102245977,-0.027102245977,-0.027102245977,-0.027102245977,-0.027102245977,-0.027102245977,-0.027102245977,-0.027102245977,-0.027102245977,-0.027102245977
1932,-0.0272494563001,-0.0272494563001,-0.0272494563001,-0.0272494563001,-0.0272494563001,-0.0272494563001,-0.0272494563001,-0.0272494563001,-0.0272494563001,-0.0272494563001,-0.0272494563001,-0.0272494563001,-0.0272494563001,-0.0272494563001,-0.0272494563001,-0.0272494563001,-0.0272494563001,-0.0272494563001,-0.0272494563001,-0.0272494563001,-0.0272494563001,-0.0272494563001,-0.0272494563001,-0.0272494563001,-0.0272494563001,-0.0272494563001,-0.0272494563001,-0.0272494563001,-0.0272494563001,-0.0272494563001,-0.0272494563001,-0.0272494563001,-0.0272494563001,-0.0272494563001,-0.0272494563001,-0.0272494563001,-0.0272494563001,-0.0272494563001,-0.0272494563001,-0.0272494563001,-0.0272494563001,-0.0272494563001,-0.0272494563001,-0.0272494563001,-0.0272494563001,-0.0272494563001,-0.0272494563001,-0.0272494563001,-0.0272494563001,-0.0272494563001,-0.0272494563001,-0.0272494563001,-0.0272494563001,-0.0272494563001,-0.0272494563001,-0.0272494563001,-0.0272494563001,-0.0272494563001,-0.0272494563001,-0.0272494563001,-0.0272494563001,-0.0272494563001,-0.0272494563001,-0.0272494563001,-0.0272494563001,-0.0272494563001,-0.0272494563001,-0.0272494563001,-0.0272494563001,-0.0272494563001,-0.0272494563001,-0.0272494563001,-0.0272494563001,-0.0272494563001,-0.0272494563001,-0.0272494563001,-0.0272494563001,-0.0272494563001,-0.0272494563001,-0.0272494563001,-0.0272494563001,-0.0272494563001,-0.0272494563001,-0.0272494563001,-0.0272494563001,-0.0272494563001,-0.0272494563001,-0.0272494563001,-0.0272494563001,-0.0272494563001,-0.0272494563001,-0.0272494563001,-0.0272494563001,-0.0272494563001,-0.0272494563001,-0.0272494563001,-0.0272494563001,-0.0272494563001,-0.0272494563001,-0.0272494563001
1933,-0.0273966390426,-0.0273966390426,-0.0273966390426,-0.0273966390426,-0.0273966390426,-0.0273966390426,-0.0273966390426,-0.0273966390426,-0.0273966390426,-0.0273966390426,-0.0273966390426,-0.0273966390426,-0.0273966390426,-0.0273966390426,-0.0273966390426,-0.0273966390426,-0.0273966390426,-0.0273966390426,-0.0273966390426,-0.0273966390426,-0.0273966390426,-0.0273966390426,-0.0273966390426,-0.0273966390426,-0.0273966390426,-0.0273966390426,-0.0273966390426,-0.0273966390426,-0.0273966390426,-0.0273966390426,-0.0273966390426,-0.0273966390426,-0.0273966390426,-0.0273966390426,-0.0273966390426,-0.0273966390426,-0.0273966390426,-0.0273966390426,-0.0273966390426,-0.0273966390426,-0.0273966390426,-0.0273966390426,-0.0273966390426,-0.0273966390426,-0.0273966390426,-0.0273966390426,-0.0273966390426,-0.0273966390426,-0.0273966390426,-0.0273966390426,-0.0273966390426,-0.0273966390426,-0.0273966390426,-0.0273966390426,-0.0273966390426,-0.0273966390426,-0.0273966390426,-0.0273966390426,-0.0273966390426,-0.0273966390426,-0.0273966390426,-0.0273966390426,-0.0273966390426,-0.0273966390426,-0.0273966390426,-0.0273966390426,-0.0273966390426,-0.0273966390426,-0.0273966390426,-0.0273966390426,-0.0273966390426,-0.0273966390426,-0.0273966390426,-0.0273966390426,-0.0273966390426,-0.0273966390426,-0.0273966390426,-0.0273966390426,-0.0273966390426,-0.0273966390426,-0.0273966390426,-0.0273966390426,-0.0273966390426,-0.0273966390426,-0.0273966390426,-0.0273966390426,-0.0273966390426,-0.0273966390426,-0.0273966390426,-0.0273966390426,-0.0273966390426,-0.0273966390426,-0.0273966390426,-0.0273966390426,-0.0273966390426,-0.0273966390426,-0.0273966390426,-0.0273966390426,-0.0273966390426,-0.0273966390426
1934,-0.0275437942083,-0.0275437942083,-0.0275437942083,-0.0275437942083,-0.0275437942083,-0.0275437942083,-0.0275437942083,-0.0275437942083,-0.0275437942083,-0.0275437942083,-0.0275437942083,-0.0275437942083,-0.0275437942083,-0.0275437942083,-0.0275437942083,-0.0275437942083,-0.0275437942083,-0.0275437942083,-0.0275437942083,-0.0275437942083,-0.0275437942083,-0.0275437942083,-0.0275437942083,-0.0275437942083,-0.0275437942083,-0.0275437942083,-0.0275437942083,-0.0275437942083,-0.0275437942083,-0.0275437942083,-0.0275437942083,-0.0275437942083,-0.0275437942083,-0.0275437942083,-0.0275437942083,-0.0275437942083,-0.0275437942083,-0.0275437942083,-0.0275437942083,-0.0275437942083,-0.0275437942083,-0.0275437942083,-0.0275437942083,-0.0275437942083,-0.0275437942083,-0.0275437942083,-0.0275437942083,-0.0275437942083,-0.0275437942083,-0.0275437942083,-0.0275437942083,-0.0275437942083,-0.0275437942083,-0.0275437942083,-0.0275437942083,-0.0275437942083,-0.0275437942083,-0.0275437942083,-0.0275437942083,-0.0275437942083,-0.0275437942083,-0.0275437942083,-0.0275437942083,-0.0275437942083,-0.0275437942083,-0.0275437942083,-0.0275437942083,-0.0275437942083,-0.0275437942083,-0.0275437942083,-0.0275437942083,-0.0275437942083,-0.0275437942083,-0.0275437942083,-0.0275437942083,-0.0275437942083,-0.0275437942083,-0.0275437942083,-0.0275437942083,-0.0275437942083,-0.0275437942083,-0.0275437942083,-0.0275437942083,-0.0275437942083,-0.0275437942083,-0.0275437942083,-0.0275437942083,-0.0275437942083,-0.0275437942083,-0.0275437942083,-0.0275437942083,-0.0275437942083,-0.0275437942083,-0.0275437942083,-0.0275437942083,-0.0275437942083,-0.0275437942083,-0.0275437942083,-0.0275437942083,-0.0275437942083
1935,-0.0276909218006,-0.0276909218006,-0.0276909218006,-0.0276909218006,-0.0276909218006,-0.0276909218006,-0.0276909218006,-0.0276909218006,-0.0276909218006,-0.0276909218006,-0.0276909218006,-0.0276909218006,-0.0276909218006,-0.0276909218006,-0.0276909218006,-0.0276909218006,-0.0276909218006,-0.0276909218006,-0.0276909218006,-0.0276909218006,-0.0276909218006,-0.0276909218006,-0.0276909218006,-0.0276909218006,-0.0276909218006,-0.0276909218006,-0.0276909218006,-0.0276909218006,-0.0276909218006,-0.0276909218006,-0.0276909218006,-0.0276909218006,-0.0276909218006,-0.0276909218006,-0.0276909218006,-0.0276909218006,-0.0276909218006,-0.0276909218006,-0.0276909218006,-0.0276909218006,-0.0276909218006,-0.0276909218006,-0.0276909218006,-0.0276909218006,-0.0276909218006,-0.0276909218006,-0.0276909218006,-0.0276909218006,-0.0276909218006,-0.0276909218006,-0.0276909218006,-0.0276909218006,-0.0276909218006,-0.0276909218006,-0.0276909218006,-0.0276909218006,-0.0276909218006,-0.0276909218006,-0.0276909218006,-0.0276909218006,-0.0276909218006,-0.0276909218006,-0.0276909218006,-0.0276909218006,-0.0276909218006,-0.0276909218006,-0.0276909218006,-0.0276909218006,-0.0276909218006,-0.0276909218006,-0.0276909218006,-0.0276909218006,-0.0276909218006,-0.0276909218006,-0.0276909218006,-0.0276909218006,-0.0276909218006,-0.0276909218006,-0.0276909218006,-0.0276909218006,-0.0276909218006,-0.0276909218006,-0.0276909218006,-0.0276909218006,-0.0276909218006,-0.0276909218006,-0.0276909218006,-0.0276909218006,-0.0276909218006,-0.0276909218006,-0.0276909218006,-0.0276909218006,-0.0276909218006,-0.0276909218006,-0.0276909218006,-0.0276909218006,-0.0276909218006,-0.0276909218006,-0.0276909218006,-0.0276909218006
1936,-0.0278380218232,-0.0278380218232,-0.0278380218232,-0.0278380218232,-0.0278380218232,-0.0278380218232,-0.0278380218232,-0.0278380218232,-0.0278380218232,-0.0278380218232,-0.0278380218232,-0.0278380218232,-0.0278380218232,-0.0278380218232,-0.0278380218232,-0.0278380218232,-0.0278380218232,-0.0278380218232,-0.0278380218232,-0.0278380218232,-0.0278380218232,-0.0278380218232,-0.0278380218232,-0.0278380218232,-0.0278380218232,-0.0278380218232,-0.0278380218232,-0.0278380218232,-0.0278380218232,-0.0278380218232,-0.0278380218232,-0.0278380218232,-0.0278380218232,-0.0278380218232,-0.0278380218232,-0.0278380218232,-0.0278380218232,-0.0278380218232,-0.0278380218232,-0.0278380218232,-0.0278380218232,-0.0278380218232,-0.0278380218232,-0.0278380218232,-0.0278380218232,-0.0278380218232,-0.0278380218232,-0.0278380218232,-0.0278380218232,-0.0278380218232,-0.0278380218232,-0.0278380218232,-0.0278380218232,-0.0278380218232,-0.0278380218232,-0.0278380218232,-0.0278380218232,-0.0278380218232,-0.0278380218232,-0.0278380218232,-0.0278380218232,-0.0278380218232,-0.0278380218232,-0.0278380218232,-0.0278380218232,-0.0278380218232,-0.0278380218232,-0.0278380218232,-0.0278380218232,-0.0278380218232,-0.0278380218232,-0.0278380218232,-0.0278380218232,-0.0278380218232,-0.0278380218232,-0.0278380218232,-0.0278380218232,-0.0278380218232,-0.0278380218232,-0.0278380218232,-0.0278380218232,-0.0278380218232,-0.0278380218232,-0.0278380218232,-0.0278380218232,-0.0278380218232,-0.0278380218232,-0.0278380218232,-0.0278380218232,-0.0278380218232,-0.0278380218232,-0.0278380218232,-0.0278380218232,-0.0278380218232,-0.0278380218232,-0.0278380218232,-0.0278380218232,-0.0278380218232,-0.0278380218232,-0.0278380218232
1937,-0.0279850942798,-0.0279850942798,-0.0279850942798,-0.0279850942798,-0.0279850942798,-0.0279850942798,-0.0279850942798,-0.0279850942798,-0.0279850942798,-0.0279850942798,-0.0279850942798,-0.0279850942798,-0.0279850942798,-0.0279850942798,-0.0279850942798,-0.0279850942798,-0.0279850942798,-0.0279850942798,-0.0279850942798,-0.0279850942798,-0.0279850942798,-0.0279850942798,-0.0279850942798,-0.0279850942798,-0.0279850942798,-0.0279850942798,-0.0279850942798,-0.0279850942798,-0.0279850942798,-0.0279850942798,-0.0279850942798,-0.0279850942798,-0.0279850942798,-0.0279850942798,-0.0279850942798,-0.0279850942798,-0.0279850942798,-0.0279850942798,-0.0279850942798,-0.0279850942798,-0.0279850942798,-0.0279850942798,-0.0279850942798,-0.0279850942798,-0.0279850942798,-0.0279850942798,-0.0279850942798,-0.0279850942798,-0.0279850942798,-0.0279850942798,-0.0279850942798,-0.0279850942798,-0.0279850942798,-0.0279850942798,-0.0279850942798,-0.0279850942798,-0.0279850942798,-0.0279850942798,-0.0279850942798,-0.0279850942798,-0.0279850942798,-0.0279850942798,-0.0279850942798,-0.0279850942798,-0.0279850942798,-0.0279850942798,-0.0279850942798,-0.0279850942798,-0.0279850942798,-0.0279850942798,-0.0279850942798,-0.0279850942798,-0.0279850942798,-0.0279850942798,-0.0279850942798,-0.0279850942798,-0.0279850942798,-0.0279850942798,-0.0279850942798,-0.0279850942798,-0.0279850942798,-0.0279850942798,-0.0279850942798,-0.0279850942798,-0.0279850942798,-0.0279850942798,-0.0279850942798,-0.0279850942798,-0.0279850942798,-0.0279850942798,-0.0279850942798,-0.0279850942798,-0.0279850942798,-0.0279850942798,-0.0279850942798,-0.0279850942798,-0.0279850942798,-0.0279850942798,-0.0279850942798,-0.0279850942798
1938,-0.0281321391738,-0.0281321391738,-0.0281321391738,-0.0281321391738,-0.0281321391738,-0.0281321391738,-0.0281321391738,-0.0281321391738,-0.0281321391738,-0.0281321391738,-0.0281321391738,-0.0281321391738,-0.0281321391738,-0.0281321391738,-0.0281321391738,-0.0281321391738,-0.0281321391738,-0.0281321391738,-0.0281321391738,-0.0281321391738,-0.0281321391738,-0.0281321391738,-0.0281321391738,-0.0281321391738,-0.0281321391738,-0.0281321391738,-0.0281321391738,-0.0281321391738,-0.0281321391738,-0.0281321391738,-0.0281321391738,-0.0281321391738,-0.0281321391738,-0.0281321391738,-0.0281321391738,-0.0281321391738,-0.0281321391738,-0.0281321391738,-0.0281321391738,-0.0281321391738,-0.0281321391738,-0.0281321391738,-0.0281321391738,-0.0281321391738,-0.0281321391738,-0.0281321391738,-0.0281321391738,-0.0281321391738,-0.0281321391738,-0.0281321391738,-0.0281321391738,-0.0281321391738,-0.0281321391738,-0.0281321391738,-0.0281321391738,-0.0281321391738,-0.0281321391738,-0.0281321391738,-0.0281321391738,-0.0281321391738,-0.0281321391738,-0.0281321391738,-0.0281321391738,-0.0281321391738,-0.0281321391738,-0.0281321391738,-0.0281321391738,-0.0281321391738,-0.0281321391738,-0.0281321391738,-0.0281321391738,-0.0281321391738,-0.0281321391738,-0.0281321391738,-0.0281321391738,-0.0281321391738,-0.0281321391738,-0.0281321391738,-0.0281321391738,-0.0281321391738,-0.0281321391738,-0.0281321391738,-0.0281321391738,-0.0281321391738,-0.0281321391738,-0.0281321391738,-0.0281321391738,-0.0281321391738,-0.0281321391738,-0.0281321391738,-0.0281321391738,-0.0281321391738,-0.0281321391738,-0.0281321391738,-0.0281321391738,-0.0281321391738,-0.0281321391738,-0.0281321391738,-0.0281321391738,-0.0281321391738
1939,-0.0282791565089,-0.0282791565089,-0.0282791565089,-0.0282791565089,-0.0282791565089,-0.0282791565089,-0.0282791565089,-0.0282791565089,-0.0282791565089,-0.0282791565089,-0.0282791565089,-0.0282791565089,-0.0282791565089,-0.0282791565089,-0.0282791565089,-0.0282791565089,-0.0282791565089,-0.0282791565089,-0.0282791565089,-0.0282791565089,-0.0282791565089,-0.0282791565089,-0.0282791565089,-0.0282791565089,-0.0282791565089,-0.0282791565089,-0.0282791565089,-0.0282791565089,-0.0282791565089,-0.0282791565089,-0.0282791565089,-0.0282791565089,-0.0282791565089,-0.0282791565089,-0.0282791565089,-0.0282791565089,-0.0282791565089,-0.0282791565089,-0.0282791565089,-0.0282791565089,-0.0282791565089,-0.0282791565089,-0.0282791565089,-0.0282791565089,-0.0282791565089,-0.0282791565089,-0.0282791565089,-0.0282791565089,-0.0282791565089,-0.0282791565089,-0.0282791565089,-0.0282791565089,-0.0282791565089,-0.0282791565089,-0.0282791565089,-0.0282791565089,-0.0282791565089,-0.0282791565089,-0.0282791565089,-0.0282791565089,-0.0282791565089,-0.0282791565089,-0.0282791565089,-0.0282791565089,-0.0282791565089,-0.0282791565089,-0.0282791565089,-0.0282791565089,-0.0282791565089,-0.0282791565089,-0.0282791565089,-0.0282791565089,-0.0282791565089,-0.0282791565089,-0.0282791565089,-0.0282791565089,-0.0282791565089,-0.0282791565089,-0.0282791565089,-0.0282791565089,-0.0282791565089,-0.0282791565089,-0.0282791565089,-0.0282791565089,-0.0282791565089,-0.0282791565089,-0.0282791565089,-0.0282791565089,-0.0282791565089,-0.0282791565089,-0.0282791565089,-0.0282791565089,-0.0282791565089,-0.0282791565089,-0.0282791565089,-0.0282791565089,-0.0282791565089,-0.0282791565089,-0.0282791565089,-0.0282791565089
1940,-0.0284261462887,-0.0284261462887,-0.0284261462887,-0.0284261462887,-0.0284261462887,-0.0284261462887,-0.0284261462887,-0.0284261462887,-0.0284261462887,-0.0284261462887,-0.0284261462887,-0.0284261462887,-0.0284261462887,-0.0284261462887,-0.0284261462887,-0.0284261462887,-0.0284261462887,-0.0284261462887,-0.0284261462887,-0.0284261462887,-0.0284261462887,-0.0284261462887,-0.0284261462887,-0.0284261462887,-0.0284261462887,-0.0284261462887,-0.0284261462887,-0.0284261462887,-0.0284261462887,-0.0284261462887,-0.0284261462887,-0.0284261462887,-0.0284261462887,-0.0284261462887,-0.0284261462887,-0.0284261462887,-0.0284261462887,-0.0284261462887,-0.0284261462887,-0.0284261462887,-0.0284261462887,-0.0284261462887,-0.0284261462887,-0.0284261462887,-0.0284261462887,-0.0284261462887,-0.0284261462887,-0.0284261462887,-0.0284261462887,-0.0284261462887,-0.0284261462887,-0.0284261462887,-0.0284261462887,-0.0284261462887,-0.0284261462887,-0.0284261462887,-0.0284261462887,-0.0284261462887,-0.0284261462887,-0.0284261462887,-0.0284261462887,-0.0284261462887,-0.0284261462887,-0.0284261462887,-0.0284261462887,-0.0284261462887,-0.0284261462887,-0.0284261462887,-0.0284261462887,-0.0284261462887,-0.0284261462887,-0.0284261462887,-0.0284261462887,-0.0284261462887,-0.0284261462887,-0.0284261462887,-0.0284261462887,-0.0284261462887,-0.0284261462887,-0.0284261462887,-0.0284261462887,-0.0284261462887,-0.0284261462887,-0.0284261462887,-0.0284261462887,-0.0284261462887,-0.0284261462887,-0.0284261462887,-0.0284261462887,-0.0284261462887,-0.0284261462887,-0.0284261462887,-0.0284261462887,-0.0284261462887,-0.0284261462887,-0.0284261462887,-0.0284261462887,-0.0284261462887,-0.0284261462887,-0.0284261462887
1941,-0.0285731085167,-0.0285731085167,-0.0285731085167,-0.0285731085167,-0.0285731085167,-0.0285731085167,-0.0285731085167,-0.0285731085167,-0.0285731085167,-0.0285731085167,-0.0285731085167,-0.0285731085167,-0.0285731085167,-0.0285731085167,-0.0285731085167,-0.0285731085167,-0.0285731085167,-0.0285731085167,-0.0285731085167,-0.0285731085167,-0.0285731085167,-0.0285731085167,-0.0285731085167,-0.0285731085167,-0.0285731085167,-0.0285731085167,-0.0285731085167,-0.0285731085167,-0.0285731085167,-0.0285731085167,-0.0285731085167,-0.0285731085167,-0.0285731085167,-0.0285731085167,-0.0285731085167,-0.0285731085167,-0.0285731085167,-0.0285731085167,-0.0285731085167,-0.0285731085167,-0.0285731085167,-0.0285731085167,-0.0285731085167,-0.0285731085167,-0.0285731085167,-0.0285731085167,-0.0285731085167,-0.0285731085167,-0.0285731085167,-0.0285731085167,-0.0285731085167,-0.0285731085167,-0.0285731085167,-0.0285731085167,-0.0285731085167,-0.0285731085167,-0.0285731085167,-0.0285731085167,-0.0285731085167,-0.0285731085167,-0.0285731085167,-0.0285731085167,-0.0285731085167,-0.0285731085167,-0.0285731085167,-0.0285731085167,-0.0285731085167,-0.0285731085167,-0.0285731085167,-0.0285731085167,-0.0285731085167,-0.0285731085167,-0.0285731085167,-0.0285731085167,-0.0285731085167,-0.0285731085167,-0.0285731085167,-0.0285731085167,-0.0285731085167,-0.0285731085167,-0.0285731085167,-0.0285731085167,-0.0285731085167,-0.0285731085167,-0.0285731085167,-0.0285731085167,-0.0285731085167,-0.0285731085167,-0.0285731085167,-0.0285731085167,-0.0285731085167,-0.0285731085167,-0.0285731085167,-0.0285731085167,-0.0285731085167,-0.0285731085167,-0.0285731085167,-0.0285731085167,-0.0285731085167,-0.0285731085167
1942,-0.0287200431967,-0.0287200431967,-0.0287200431967,-0.0287200431967,-0.0287200431967,-0.0287200431967,-0.0287200431967,-0.0287200431967,-0.0287200431967,-0.0287200431967,-0.0287200431967,-0.0287200431967,-0.0287200431967,-0.0287200431967,-0.0287200431967,-0.0287200431967,-0.0287200431967,-0.0287200431967,-0.0287200431967,-0.0287200431967,-0.0287200431967,-0.0287200431967,-0.0287200431967,-0.0287200431967,-0.0287200431967,-0.0287200431967,-0.0287200431967,-0.0287200431967,-0.0287200431967,-0.0287200431967,-0.0287200431967,-0.0287200431967,-0.0287200431967,-0.0287200431967,-0.0287200431967,-0.0287200431967,-0.0287200431967,-0.0287200431967,-0.0287200431967,-0.0287200431967,-0.0287200431967,-0.0287200431967,-0.0287200431967,-0.0287200431967,-0.0287200431967,-0.0287200431967,-0.0287200431967,-0.0287200431967,-0.0287200431967,-0.0287200431967,-0.0287200431967,-0.0287200431967,-0.0287200431967,-0.0287200431967,-0.0287200431967,-0.0287200431967,-0.0287200431967,-0.0287200431967,-0.0287200431967,-0.0287200431967,-0.0287200431967,-0.0287200431967,-0.0287200431967,-0.0287200431967,-0.0287200431967,-0.0287200431967,-0.0287200431967,-0.0287200431967,-0.0287200431967,-0.0287200431967,-0.0287200431967,-0.0287200431967,-0.0287200431967,-0.0287200431967,-0.0287200431967,-0.0287200431967,-0.0287200431967,-0.0287200431967,-0.0287200431967,-0.0287200431967,-0.0287200431967,-0.0287200431967,-0.0287200431967,-0.0287200431967,-0.0287200431967,-0.0287200431967,-0.0287200431967,-0.0287200431967,-0.0287200431967,-0.0287200431967,-0.0287200431967,-0.0287200431967,-0.0287200431967,-0.0287200431967,-0.0287200431967,-0.0287200431967,-0.0287200431967,-0.0287200431967,-0.0287200431967,-0.0287200431967
1943,-0.0288669503321,-0.0288669503321,-0.0288669503321,-0.0288669503321,-0.0288669503321,-0.0288669503321,-0.0288669503321,-0.0288669503321,-0.0288669503321,-0.0288669503321,-0.0288669503321,-0.0288669503321,-0.0288669503321,-0.0288669503321,-0.0288669503321,-0.0288669503321,-0.0288669503321,-0.0288669503321,-0.0288669503321,-0.0288669503321,-0.0288669503321,-0.0288669503321,-0.0288669503321,-0.0288669503321,-0.0288669503321,-0.0288669503321,-0.0288669503321,-0.0288669503321,-0.0288669503321,-0.0288669503321,-0.0288669503321,-0.0288669503321,-0.0288669503321,-0.0288669503321,-0.0288669503321,-0.0288669503321,-0.0288669503321,-0.0288669503321,-0.0288669503321,-0.0288669503321,-0.0288669503321,-0.0288669503321,-0.0288669503321,-0.0288669503321,-0.0288669503321,-0.0288669503321,-0.0288669503321,-0.0288669503321,-0.0288669503321,-0.0288669503321,-0.0288669503321,-0.0288669503321,-0.0288669503321,-0.0288669503321,-0.0288669503321,-0.0288669503321,-0.0288669503321,-0.0288669503321,-0.0288669503321,-0.0288669503321,-0.0288669503321,-0.0288669503321,-0.0288669503321,-0.0288669503321,-0.0288669503321,-0.0288669503321,-0.0288669503321,-0.0288669503321,-0.0288669503321,-0.0288669503321,-0.0288669503321,-0.0288669503321,-0.0288669503321,-0.0288669503321,-0.0288669503321,-0.0288669503321,-0.0288669503321,-0.0288669503321,-0.0288669503321,-0.0288669503321,-0.0288669503321,-0.0288669503321,-0.0288669503321,-0.0288669503321,-0.0288669503321,-0.0288669503321,-0.0288669503321,-0.0288669503321,-0.0288669503321,-0.0288669503321,-0.0288669503321,-0.0288669503321,-0.0288669503321,-0.0288669503321,-0.0288669503321,-0.0288669503321,-0.0288669503321,-0.0288669503321,-0.0288669503321,-0.0288669503321
1944,-0.0290138299266,-0.0290138299266,-0.0290138299266,-0.0290138299266,-0.0290138299266,-0.0290138299266,-0.0290138299266,-0.0290138299266,-0.0290138299266,-0.0290138299266,-0.0290138299266,-0.0290138299266,-0.0290138299266,-0.0290138299266,-0.0290138299266,-0.0290138299266,-0.0290138299266,-0.0290138299266,-0.0290138299266,-0.0290138299266,-0.0290138299266,-0.0290138299266,-0.0290138299266,-0.0290138299266,-0.0290138299266,-0.0290138299266,-0.0290138299266,-0.0290138299266,-0.0290138299266,-0.0290138299266,-0.0290138299266,-0.0290138299266,-0.0290138299266,-0.0290138299266,-0.0290138299266,-0.0290138299266,-0.0290138299266,-0.0290138299266,-0.0290138299266,-0.0290138299266,-0.0290138299266,-0.0290138299266,-0.0290138299266,-0.0290138299266,-0.0290138299266,-0.0290138299266,-0.0290138299266,-0.0290138299266,-0.0290138299266,-0.0290138299266,-0.0290138299266,-0.0290138299266,-0.0290138299266,-0.0290138299266,-0.0290138299266,-0.0290138299266,-0.0290138299266,-0.0290138299266,-0.0290138299266,-0.0290138299266,-0.0290138299266,-0.0290138299266,-0.0290138299266,-0.0290138299266,-0.0290138299266,-0.0290138299266,-0.0290138299266,-0.0290138299266,-0.0290138299266,-0.0290138299266,-0.0290138299266,-0.0290138299266,-0.0290138299266,-0.0290138299266,-0.0290138299266,-0.0290138299266,-0.0290138299266,-0.0290138299266,-0.0290138299266,-0.0290138299266,-0.0290138299266,-0.0290138299266,-0.0290138299266,-0.0290138299266,-0.0290138299266,-0.0290138299266,-0.0290138299266,-0.0290138299266,-0.0290138299266,-0.0290138299266,-0.0290138299266,-0.0290138299266,-0.0290138299266,-0.0290138299266,-0.0290138299266,-0.0290138299266,-0.0290138299266,-0.0290138299266,-0.0290138299266,-0.0290138299266
1945,-0.0291606819838,-0.0291606819838,-0.0291606819838,-0.0291606819838,-0.0291606819838,-0.0291606819838,-0.0291606819838,-0.0291606819838,-0.0291606819838,-0.0291606819838,-0.0291606819838,-0.0291606819838,-0.0291606819838,-0.0291606819838,-0.0291606819838,-0.0291606819838,-0.0291606819838,-0.0291606819838,-0.0291606819838,-0.0291606819838,-0.0291606819838,-0.0291606819838,-0.0291606819838,-0.0291606819838,-0.0291606819838,-0.0291606819838,-0.0291606819838,-0.0291606819838,-0.0291606819838,-0.0291606819838,-0.0291606819838,-0.0291606819838,-0.0291606819838,-0.0291606819838,-0.0291606819838,-0.0291606819838,-0.0291606819838,-0.0291606819838,-0.0291606819838,-0.0291606819838,-0.0291606819838,-0.0291606819838,-0.0291606819838,-0.0291606819838,-0.0291606819838,-0.0291606819838,-0.0291606819838,-0.0291606819838,-0.0291606819838,-0.0291606819838,-0.0291606819838,-0.0291606819838,-0.0291606819838,-0.0291606819838,-0.0291606819838,-0.0291606819838,-0.0291606819838,-0.0291606819838,-0.0291606819838,-0.0291606819838,-0.0291606819838,-0.0291606819838,-0.0291606819838,-0.0291606819838,-0.0291606819838,-0.0291606819838,-0.0291606819838,-0.0291606819838,-0.0291606819838,-0.0291606819838,-0.0291606819838,-0.0291606819838,-0.0291606819838,-0.0291606819838,-0.0291606819838,-0.0291606819838,-0.0291606819838,-0.0291606819838,-0.0291606819838,-0.0291606819838,-0.0291606819838,-0.0291606819838,-0.0291606819838,-0.0291606819838,-0.0291606819838,-0.0291606819838,-0.0291606819838,-0.0291606819838,-0.0291606819838,-0.0291606819838,-0.0291606819838,-0.0291606819838,-0.0291606819838,-0.0291606819838,-0.0291606819838,-0.0291606819838,-0.0291606819838,-0.0291606819838,-0.0291606819838,-0.0291606819838
1946,-0.0293075065073,-0.0293075065073,-0.0293075065073,-0.0293075065073,-0.0293075065073,-0.0293075065073,-0.0293075065073,-0.0293075065073,-0.0293075065073,-0.0293075065073,-0.0293075065073,-0.0293075065073,-0.0293075065073,-0.0293075065073,-0.0293075065073,-0.0293075065073,-0.0293075065073,-0.0293075065073,-0.0293075065073,-0.0293075065073,-0.0293075065073,-0.0293075065073,-0.0293075065073,-0.0293075065073,-0.0293075065073,-0.0293075065073,-0.0293075065073,-0.0293075065073,-0.0293075065073,-0.0293075065073,-0.0293075065073,-0.0293075065073,-0.0293075065073,-0.0293075065073,-0.0293075065073,-0.0293075065073,-0.0293075065073,-0.0293075065073,-0.0293075065073,-0.0293075065073,-0.0293075065073,-0.0293075065073,-0.0293075065073,-0.0293075065073,-0.0293075065073,-0.0293075065073,-0.0293075065073,-0.0293075065073,-0.0293075065073,-0.0293075065073,-0.0293075065073,-0.0293075065073,-0.0293075065073,-0.0293075065073,-0.0293075065073,-0.0293075065073,-0.0293075065073,-0.0293075065073,-0.0293075065073,-0.0293075065073,-0.0293075065073,-0.0293075065073,-0.0293075065073,-0.0293075065073,-0.0293075065073,-0.0293075065073,-0.0293075065073,-0.0293075065073,-0.0293075065073,-0.0293075065073,-0.0293075065073,-0.0293075065073,-0.0293075065073,-0.0293075065073,-0.0293075065073,-0.0293075065073,-0.0293075065073,-0.0293075065073,-0.0293075065073,-0.0293075065073,-0.0293075065073,-0.0293075065073,-0.0293075065073,-0.0293075065073,-0.0293075065073,-0.0293075065073,-0.0293075065073,-0.0293075065073,-0.0293075065073,-0.0293075065073,-0.0293075065073,-0.0293075065073,-0.0293075065073,-0.0293075065073,-0.0293075065073,-0.0293075065073,-0.0293075065073,-0.0293075065073,-0.0293075065073,-0.0293075065073
1947,-0.0294543035006,-0.0294543035006,-0.0294543035006,-0.0294543035006,-0.0294543035006,-0.0294543035006,-0.0294543035006,-0.0294543035006,-0.0294543035006,-0.0294543035006,-0.0294543035006,-0.0294543035006,-0.0294543035006,-0.0294543035006,-0.0294543035006,-0.0294543035006,-0.0294543035006,-0.0294543035006,-0.0294543035006,-0.0294543035006,-0.0294543035006,-0.0294543035006,-0.0294543035006,-0.0294543035006,-0.0294543035006,-0.0294543035006,-0.0294543035006,-0.0294543035006,-0.0294543035006,-0.0294543035006,-0.0294543035006,-0.0294543035006,-0.0294543035006,-0.0294543035006,-0.0294543035006,-0.0294543035006,-0.0294543035006,-0.0294543035006,-0.0294543035006,-0.0294543035006,-0.0294543035006,-0.0294543035006,-0.0294543035006,-0.0294543035006,-0.0294543035006,-0.0294543035006,-0.0294543035006,-0.0294543035006,-0.0294543035006,-0.0294543035006,-0.0294543035006,-0.0294543035006,-0.0294543035006,-0.0294543035006,-0.0294543035006,-0.0294543035006,-0.0294543035006,-0.0294543035006,-0.0294543035006,-0.0294543035006,-0.0294543035006,-0.0294543035006,-0.0294543035006,-0.0294543035006,-0.0294543035006,-0.0294543035006,-0.0294543035006,-0.0294543035006,-0.0294543035006,-0.0294543035006,-0.0294543035006,-0.0294543035006,-0.0294543035006,-0.0294543035006,-0.0294543035006,-0.0294543035006,-0.0294543035006,-0.0294543035006,-0.0294543035006,-0.0294543035006,-0.0294543035006,-0.0294543035006,-0.0294543035006,-0.0294543035006,-0.0294543035006,-0.0294543035006,-0.0294543035006,-0.0294543035006,-0.0294543035006,-0.0294543035006,-0.0294543035006,-0.0294543035006,-0.0294543035006,-0.0294543035006,-0.0294543035006,-0.0294543035006,-0.0294543035006,-0.0294543035006,-0.0294543035006,-0.0294543035006
1948,-0.0296010729674,-0.0296010729674,-0.0296010729674,-0.0296010729674,-0.0296010729674,-0.0296010729674,-0.0296010729674,-0.0296010729674,-0.0296010729674,-0.0296010729674,-0.0296010729674,-0.0296010729674,-0.0296010729674,-0.0296010729674,-0.0296010729674,-0.0296010729674,-0.0296010729674,-0.0296010729674,-0.0296010729674,-0.0296010729674,-0.0296010729674,-0.0296010729674,-0.0296010729674,-0.0296010729674,-0.0296010729674,-0.0296010729674,-0.0296010729674,-0.0296010729674,-0.0296010729674,-0.0296010729674,-0.0296010729674,-0.0296010729674,-0.0296010729674,-0.0296010729674,-0.0296010729674,-0.0296010729674,-0.0296010729674,-0.0296010729674,-0.0296010729674,-0.0296010729674,-0.0296010729674,-0.0296010729674,-0.0296010729674,-0.0296010729674,-0.0296010729674,-0.0296010729674,-0.0296010729674,-0.0296010729674,-0.0296010729674,-0.0296010729674,-0.0296010729674,-0.0296010729674,-0.0296010729674,-0.0296010729674,-0.0296010729674,-0.0296010729674,-0.0296010729674,-0.0296010729674,-0.0296010729674,-0.0296010729674,-0.0296010729674,-0.0296010729674,-0.0296010729674,-0.0296010729674,-0.0296010729674,-0.0296010729674,-0.0296010729674,-0.0296010729674,-0.0296010729674,-0.0296010729674,-0.0296010729674,-0.0296010729674,-0.0296010729674,-0.0296010729674,-0.0296010729674,-0.0296010729674,-0.0296010729674,-0.0296010729674,-0.0296010729674,-0.0296010729674,-0.0296010729674,-0.0296010729674,-0.0296010729674,-0.0296010729674,-0.0296010729674,-0.0296010729674,-0.0296010729674,-0.0296010729674,-0.0296010729674,-0.0296010729674,-0.0296010729674,-0.0296010729674,-0.0296010729674,-0.0296010729674,-0.0296010729674,-0.0296010729674,-0.0296010729674,-0.0296010729674,-0.0296010729674,-0.0296010729674
1949,-0.0297478149114,-0.0297478149114,-0.0297478149114,-0.0297478149114,-0.0297478149114,-0.0297478149114,-0.0297478149114,-0.0297478149114,-0.0297478149114,-0.0297478149114,-0.0297478149114,-0.0297478149114,-0.0297478149114,-0.0297478149114,-0.0297478149114,-0.0297478149114,-0.0297478149114,-0.0297478149114,-0.0297478149114,-0.0297478149114,-0.0297478149114,-0.0297478149114,-0.0297478149114,-0.0297478149114,-0.0297478149114,-0.0297478149114,-0.0297478149114,-0.0297478149114,-0.0297478149114,-0.0297478149114,-0.0297478149114,-0.0297478149114,-0.0297478149114,-0.0297478149114,-0.0297478149114,-0.0297478149114,-0.0297478149114,-0.0297478149114,-0.0297478149114,-0.0297478149114,-0.0297478149114,-0.0297478149114,-0.0297478149114,-0.0297478149114,-0.0297478149114,-0.0297478149114,-0.0297478149114,-0.0297478149114,-0.0297478149114,-0.0297478149114,-0.0297478149114,-0.0297478149114,-0.0297478149114,-0.0297478149114,-0.0297478149114,-0.0297478149114,-0.0297478149114,-0.0297478149114,-0.0297478149114,-0.0297478149114,-0.0297478149114,-0.0297478149114,-0.0297478149114,-0.0297478149114,-0.0297478149114,-0.0297478149114,-0.0297478149114,-0.0297478149114,-0.0297478149114,-0.0297478149114,-0.0297478149114,-0.0297478149114,-0.0297478149114,-0.0297478149114,-0.0297478149114,-0.0297478149114,-0.0297478149114,-0.0297478149114,-0.0297478149114,-0.0297478149114,-0.0297478149114,-0.0297478149114,-0.0297478149114,-0.0297478149114,-0.0297478149114,-0.0297478149114,-0.0297478149114,-0.0297478149114,-0.0297478149114,-0.0297478149114,-0.0297478149114,-0.0297478149114,-0.0297478149114,-0.0297478149114,-0.0297478149114,-0.0297478149114,-0.0297478149114,-0.0297478149114,-0.0297478149114,-0.0297478149114
1950,-0.029894529336,-0.029894529336,-0.029894529336,-0.029894529336,-0.029894529336,-0.029894529336,-0.029894529336,-0.029894529336,-0.029894529336,-0.029894529336,-0.029894529336,-0.029894529336,-0.029894529336,-0.029894529336,-0.029894529336,-0.029894529336,-0.029894529336,-0.029894529336,-0.029894529336,-0.029894529336,-0.029894529336,-0.029894529336,-0.029894529336,-0.029894529336,-0.029894529336,-0.029894529336,-0.029894529336,-0.029894529336,-0.029894529336,-0.029894529336,-0.029894529336,-0.029894529336,-0.029894529336,-0.029894529336,-0.029894529336,-0.029894529336,-0.029894529336,-0.029894529336,-0.029894529336,-0.029894529336,-0.029894529336,-0.029894529336,-0.029894529336,-0.029894529336,-0.029894529336,-0.029894529336,-0.029894529336,-0.029894529336,-0.029894529336,-0.029894529336,-0.029894529336,-0.029894529336,-0.029894529336,-0.029894529336,-0.029894529336,-0.029894529336,-0.029894529336,-0.029894529336,-0.029894529336,-0.029894529336,-0.029894529336,-0.029894529336,-0.029894529336,-0.029894529336,-0.029894529336,-0.029894529336,-0.029894529336,-0.029894529336,-0.029894529336,-0.029894529336,-0.029894529336,-0.029894529336,-0.029894529336,-0.029894529336,-0.029894529336,-0.029894529336,-0.029894529336,-0.029894529336,-0.029894529336,-0.029894529336,-0.029894529336,-0.029894529336,-0.029894529336,-0.029894529336,-0.029894529336,-0.029894529336,-0.029894529336,-0.029894529336,-0.029894529336,-0.029894529336,-0.029894529336,-0.029894529336,-0.029894529336,-0.029894529336,-0.029894529336,-0.029894529336,-0.029894529336,-0.029894529336,-0.029894529336,-0.029894529336
1951,-0.0300412162449,-0.0300412162449,-0.0300412162449,-0.0300412162449,-0.0300412162449,-0.0300412162449,-0.0300412162449,-0.0300412162449,-0.0300412162449,-0.0300412162449,-0.0300412162449,-0.0300412162449,-0.0300412162449,-0.0300412162449,-0.0300412162449,-0.0300412162449,-0.0300412162449,-0.0300412162449,-0.0300412162449,-0.0300412162449,-0.0300412162449,-0.0300412162449,-0.0300412162449,-0.0300412162449,-0.0300412162449,-0.0300412162449,-0.0300412162449,-0.0300412162449,-0.0300412162449,-0.0300412162449,-0.0300412162449,-0.0300412162449,-0.0300412162449,-0.0300412162449,-0.0300412162449,-0.0300412162449,-0.0300412162449,-0.0300412162449,-0.0300412162449,-0.0300412162449,-0.0300412162449,-0.0300412162449,-0.0300412162449,-0.0300412162449,-0.0300412162449,-0.0300412162449,-0.0300412162449,-0.0300412162449,-0.0300412162449,-0.0300412162449,-0.0300412162449,-0.0300412162449,-0.0300412162449,-0.0300412162449,-0.0300412162449,-0.0300412162449,-0.0300412162449,-0.0300412162449,-0.0300412162449,-0.0300412162449,-0.0300412162449,-0.0300412162449,-0.0300412162449,-0.0300412162449,-0.0300412162449,-0.0300412162449,-0.0300412162449,-0.0300412162449,-0.0300412162449,-0.0300412162449,-0.0300412162449,-0.0300412162449,-0.0300412162449,-0.0300412162449,-0.0300412162449,-0.0300412162449,-0.0300412162449,-0.0300412162449,-0.0300412162449,-0.0300412162449,-0.0300412162449,-0.0300412162449,-0.0300412162449,-0.0300412162449,-0.0300412162449,-0.0300412162449,-0.0300412162449,-0.0300412162449,-0.0300412162449,-0.0300412162449,-0.0300412162449,-0.0300412162449,-0.0300412162449,-0.0300412162449,-0.0300412162449,-0.0300412162449,-0.0300412162449,-0.0300412162449,-0.0300412162449,-0.0300412162449
1952,-0.0301878756416,-0.0301878756416,-0.0301878756416,-0.0301878756416,-0.0301878756416,-0.0301878756416,-0.0301878756416,-0.0301878756416,-0.0301878756416,-0.0301878756416,-0.0301878756416,-0.0301878756416,-0.0301878756416,-0.0301878756416,-0.0301878756416,-0.0301878756416,-0.0301878756416,-0.0301878756416,-0.0301878756416,-0.0301878756416,-0.0301878756416,-0.0301878756416,-0.0301878756416,-0.0301878756416,-0.0301878756416,-0.0301878756416,-0.0301878756416,-0.0301878756416,-0.0301878756416,-0.0301878756416,-0.0301878756416,-0.0301878756416,-0.0301878756416,-0.0301878756416,-0.0301878756416,-0.0301878756416,-0.0301878756416,-0.0301878756416,-0.0301878756416,-0.0301878756416,-0.0301878756416,-0.0301878756416,-0.0301878756416,-0.0301878756416,-0.0301878756416,-0.0301878756416,-0.0301878756416,-0.0301878756416,-0.0301878756416,-0.0301878756416,-0.0301878756416,-0.0301878756416,-0.0301878756416,-0.0301878756416,-0.0301878756416,-0.0301878756416,-0.0301878756416,-0.0301878756416,-0.0301878756416,-0.0301878756416,-0.0301878756416,-0.0301878756416,-0.0301878756416,-0.0301878756416,-0.0301878756416,-0.0301878756416,-0.0301878756416,-0.0301878756416,-0.0301878756416,-0.0301878756416,-0.0301878756416,-0.0301878756416,-0.0301878756416,-0.0301878756416,-0.0301878756416,-0.0301878756416,-0.0301878756416,-0.0301878756416,-0.0301878756416,-0.0301878756416,-0.0301878756416,-0.0301878756416,-0.0301878756416,-0.0301878756416,-0.0301878756416,-0.0301878756416,-0.0301878756416,-0.0301878756416,-0.0301878756416,-0.0301878756416,-0.0301878756416,-0.0301878756416,-0.0301878756416,-0.0301878756416,-0.0301878756416,-0.0301878756416,-0.0301878756416,-0.0301878756416,-0.0301878756416,-0.0301878756416
1953,-0.0303345075299,-0.0303345075299,-0.0303345075299,-0.0303345075299,-0.0303345075299,-0.0303345075299,-0.0303345075299,-0.0303345075299,-0.0303345075299,-0.0303345075299,-0.0303345075299,-0.0303345075299,-0.0303345075299,-0.0303345075299,-0.0303345075299,-0.0303345075299,-0.0303345075299,-0.0303345075299,-0.0303345075299,-0.0303345075299,-0.0303345075299,-0.0303345075299,-0.0303345075299,-0.0303345075299,-0.0303345075299,-0.0303345075299,-0.0303345075299,-0.0303345075299,-0.0303345075299,-0.0303345075299,-0.0303345075299,-0.0303345075299,-0.0303345075299,-0.0303345075299,-0.0303345075299,-0.0303345075299,-0.0303345075299,-0.0303345075299,-0.0303345075299,-0.0303345075299,-0.0303345075299,-0.0303345075299,-0.0303345075299,-0.0303345075299,-0.0303345075299,-0.0303345075299,-0.0303345075299,-0.0303345075299,-0.0303345075299,-0.0303345075299,-0.0303345075299,-0.0303345075299,-0.0303345075299,-0.0303345075299,-0.0303345075299,-0.0303345075299,-0.0303345075299,-0.0303345075299,-0.0303345075299,-0.0303345075299,-0.0303345075299,-0.0303345075299,-0.0303345075299,-0.0303345075299,-0.0303345075299,-0.0303345075299,-0.0303345075299,-0.0303345075299,-0.0303345075299,-0.0303345075299,-0.0303345075299,-0.0303345075299,-0.0303345075299,-0.0303345075299,-0.0303345075299,-0.0303345075299,-0.0303345075299,-0.0303345075299,-0.0303345075299,-0.0303345075299,-0.0303345075299,-0.0303345075299,-0.0303345075299,-0.0303345075299,-0.0303345075299,-0.0303345075299,-0.0303345075299,-0.0303345075299,-0.0303345075299,-0.0303345075299,-0.0303345075299,-0.0303345075299,-0.0303345075299,-0.0303345075299,-0.0303345075299,-0.0303345075299,-0.0303345075299,-0.0303345075299,-0.0303345075299,-0.0303345075299
1954,-0.0304811119133,-0.0304811119133,-0.0304811119133,-0.0304811119133,-0.0304811119133,-0.0304811119133,-0.0304811119133,-0.0304811119133,-0.0304811119133,-0.0304811119133,-0.0304811119133,-0.0304811119133,-0.0304811119133,-0.0304811119133,-0.0304811119133,-0.0304811119133,-0.0304811119133,-0.0304811119133,-0.0304811119133,-0.0304811119133,-0.0304811119133,-0.0304811119133,-0.0304811119133,-0.0304811119133,-0.0304811119133,-0.0304811119133,-0.0304811119133,-0.0304811119133,-0.0304811119133,-0.0304811119133,-0.0304811119133,-0.0304811119133,-0.0304811119133,-0.0304811119133,-0.0304811119133,-0.0304811119133,-0.0304811119133,-0.0304811119133,-0.0304811119133,-0.0304811119133,-0.0304811119133,-0.0304811119133,-0.0304811119133,-0.0304811119133,-0.0304811119133,-0.0304811119133,-0.0304811119133,-0.0304811119133,-0.0304811119133,-0.0304811119133,-0.0304811119133,-0.0304811119133,-0.0304811119133,-0.0304811119133,-0.0304811119133,-0.0304811119133,-0.0304811119133,-0.0304811119133,-0.0304811119133,-0.0304811119133,-0.0304811119133,-0.0304811119133,-0.0304811119133,-0.0304811119133,-0.0304811119133,-0.0304811119133,-0.0304811119133,-0.0304811119133,-0.0304811119133,-0.0304811119133,-0.0304811119133,-0.0304811119133,-0.0304811119133,-0.0304811119133,-0.0304811119133,-0.0304811119133,-0.0304811119133,-0.0304811119133,-0.0304811119133,-0.0304811119133,-0.0304811119133,-0.0304811119133,-0.0304811119133,-0.0304811119133,-0.0304811119133,-0.0304811119133,-0.0304811119133,-0.0304811119133,-0.0304811119133,-0.0304811119133,-0.0304811119133,-0.0304811119133,-0.0304811119133,-0.0304811119133,-0.0304811119133,-0.0304811119133,-0.0304811119133,-0.0304811119133,-0.0304811119133,-0.0304811119133
1955,-0.0306276887954,-0.0306276887954,-0.0306276887954,-0.0306276887954,-0.0306276887954,-0.0306276887954,-0.0306276887954,-0.0306276887954,-0.0306276887954,-0.0306276887954,-0.0306276887954,-0.0306276887954,-0.0306276887954,-0.0306276887954,-0.0306276887954,-0.0306276887954,-0.0306276887954,-0.0306276887954,-0.0306276887954,-0.0306276887954,-0.0306276887954,-0.0306276887954,-0.0306276887954,-0.0306276887954,-0.0306276887954,-0.0306276887954,-0.0306276887954,-0.0306276887954,-0.0306276887954,-0.0306276887954,-0.0306276887954,-0.0306276887954,-0.0306276887954,-0.0306276887954,-0.0306276887954,-0.0306276887954,-0.0306276887954,-0.0306276887954,-0.0306276887954,-0.0306276887954,-0.0306276887954,-0.0306276887954,-0.0306276887954,-0.0306276887954,-0.0306276887954,-0.0306276887954,-0.0306276887954,-0.0306276887954,-0.0306276887954,-0.0306276887954,-0.0306276887954,-0.0306276887954,-0.0306276887954,-0.0306276887954,-0.0306276887954,-0.0306276887954,-0.0306276887954,-0.0306276887954,-0.0306276887954,-0.0306276887954,-0.0306276887954,-0.0306276887954,-0.0306276887954,-0.0306276887954,-0.0306276887954,-0.0306276887954,-0.0306276887954,-0.0306276887954,-0.0306276887954,-0.0306276887954,-0.0306276887954,-0.0306276887954,-0.0306276887954,-0.0306276887954,-0.0306276887954,-0.0306276887954,-0.0306276887954,-0.0306276887954,-0.0306276887954,-0.0306276887954,-0.0306276887954,-0.0306276887954,-0.0306276887954,-0.0306276887954,-0.0306276887954,-0.0306276887954,-0.0306276887954,-0.0306276887954,-0.0306276887954,-0.0306276887954,-0.0306276887954,-0.0306276887954,-0.0306276887954,-0.0306276887954,-0.0306276887954,-0.0306276887954,-0.0306276887954,-0.0306276887954,-0.0306276887954,-0.0306276887954
1956,-0.0307742381797,-0.0307742381797,-0.0307742381797,-0.0307742381797,-0.0307742381797,-0.0307742381797,-0.0307742381797,-0.0307742381797,-0.0307742381797,-0.0307742381797,-0.0307742381797,-0.0307742381797,-0.0307742381797,-0.0307742381797,-0.0307742381797,-0.0307742381797,-0.0307742381797,-0.0307742381797,-0.0307742381797,-0.0307742381797,-0.0307742381797,-0.0307742381797,-0.0307742381797,-0.0307742381797,-0.0307742381797,-0.0307742381797,-0.0307742381797,-0.0307742381797,-0.0307742381797,-0.0307742381797,-0.0307742381797,-0.0307742381797,-0.0307742381797,-0.0307742381797,-0.0307742381797,-0.0307742381797,-0.0307742381797,-0.0307742381797,-0.0307742381797,-0.0307742381797,-0.0307742381797,-0.0307742381797,-0.0307742381797,-0.0307742381797,-0.0307742381797,-0.0307742381797,-0.0307742381797,-0.0307742381797,-0.0307742381797,-0.0307742381797,-0.0307742381797,-0.0307742381797,-0.0307742381797,-0.0307742381797,-0.0307742381797,-0.0307742381797,-0.0307742381797,-0.0307742381797,-0.0307742381797,-0.0307742381797,-0.0307742381797,-0.0307742381797,-0.0307742381797,-0.0307742381797,-0.0307742381797,-0.0307742381797,-0.0307742381797,-0.0307742381797,-0.0307742381797,-0.0307742381797,-0.0307742381797,-0.0307742381797,-0.0307742381797,-0.0307742381797,-0.0307742381797,-0.0307742381797,-0.0307742381797,-0.0307742381797,-0.0307742381797,-0.0307742381797,-0.0307742381797,-0.0307742381797,-0.0307742381797,-0.0307742381797,-0.0307742381797,-0.0307742381797,-0.0307742381797,-0.0307742381797,-0.0307742381797,-0.0307742381797,-0.0307742381797,-0.0307742381797,-0.0307742381797,-0.0307742381797,-0.0307742381797,-0.0307742381797,-0.0307742381797,-0.0307742381797,-0.0307742381797,-0.0307742381797
1957,-0.03092076007,-0.03092076007,-0.03092076007,-0.03092076007,-0.03092076007,-0.03092076007,-0.03092076007,-0.03092076007,-0.03092076007,-0.03092076007,-0.03092076007,-0.03092076007,-0.03092076007,-0.03092076007,-0.03092076007,-0.03092076007,-0.03092076007,-0.03092076007,-0.03092076007,-0.03092076007,-0.03092076007,-0.03092076007,-0.03092076007,-0.03092076007,-0.03092076007,-0.03092076007,-0.03092076007,-0.03092076007,-0.03092076007,-0.03092076007,-0.03092076007,-0.03092076007,-0.03092076007,-0.03092076007,-0.03092076007,-0.03092076007,-0.03092076007,-0.03092076007,-0.03092076007,-0.03092076007,-0.03092076007,-0.03092076007,-0.03092076007,-0.03092076007,-0.03092076007,-0.03092076007,-0.03092076007,-0.03092076007,-0.03092076007,-0.03092076007,-0.03092076007,-0.03092076007,-0.03092076007,-0.03092076007,-0.03092076007,-0.03092076007,-0.03092076007,-0.03092076007,-0.03092076007,-0.03092076007,-0.03092076007,-0.03092076007,-0.03092076007,-0.03092076007,-0.03092076007,-0.03092076007,-0.03092076007,-0.03092076007,-0.03092076007,-0.03092076007,-0.03092076007,-0.03092076007,-0.03092076007,-0.03092076007,-0.03092076007,-0.03092076007,-0.03092076007,-0.03092076007,-0.03092076007,-0.03092076007,-0.03092076007,-0.03092076007,-0.03092076007,-0.03092076007,-0.03092076007,-0.03092076007,-0.03092076007,-0.03092076007,-0.03092076007,-0.03092076007,-0.03092076007,-0.03092076007,-0.03092076007,-0.03092076007,-0.03092076007,-0.03092076007,-0.03092076007,-0.03092076007,-0.03092076007,-0.03092076007
1958,-0.0310672544698,-0.0310672544698,-0.0310672544698,-0.0310672544698,-0.0310672544698,-0.0310672544698,-0.0310672544698,-0.0310672544698,-0.0310672544698,-0.0310672544698,-0.0310672544698,-0.0310672544698,-0.0310672544698,-0.0310672544698,-0.0310672544698,-0.0310672544698,-0.0310672544698,-0.0310672544698,-0.0310672544698,-0.0310672544698,-0.0310672544698,-0.0310672544698,-0.0310672544698,-0.0310672544698,-0.0310672544698,-0.0310672544698,-0.0310672544698,-0.0310672544698,-0.0310672544698,-0.0310672544698,-0.0310672544698,-0.0310672544698,-0.0310672544698,-0.0310672544698,-0.0310672544698,-0.0310672544698,-0.0310672544698,-0.0310672544698,-0.0310672544698,-0.0310672544698,-0.0310672544698,-0.0310672544698,-0.0310672544698,-0.0310672544698,-0.0310672544698,-0.0310672544698,-0.0310672544698,-0.0310672544698,-0.0310672544698,-0.0310672544698,-0.0310672544698,-0.0310672544698,-0.0310672544698,-0.0310672544698,-0.0310672544698,-0.0310672544698,-0.0310672544698,-0.0310672544698,-0.0310672544698,-0.0310672544698,-0.0310672544698,-0.0310672544698,-0.0310672544698,-0.0310672544698,-0.0310672544698,-0.0310672544698,-0.0310672544698,-0.0310672544698,-0.0310672544698,-0.0310672544698,-0.0310672544698,-0.0310672544698,-0.0310672544698,-0.0310672544698,-0.0310672544698,-0.0310672544698,-0.0310672544698,-0.0310672544698,-0.0310672544698,-0.0310672544698,-0.0310672544698,-0.0310672544698,-0.0310672544698,-0.0310672544698,-0.0310672544698,-0.0310672544698,-0.0310672544698,-0.0310672544698,-0.0310672544698,-0.0310672544698,-0.0310672544698,-0.0310672544698,-0.0310672544698,-0.0310672544698,-0.0310672544698,-0.0310672544698,-0.0310672544698,-0.0310672544698,-0.0310672544698,-0.0310672544698
1959,-0.0312137213827,-0.0312137213827,-0.0312137213827,-0.0312137213827,-0.0312137213827,-0.0312137213827,-0.0312137213827,-0.0312137213827,-0.0312137213827,-0.0312137213827,-0.0312137213827,-0.0312137213827,-0.0312137213827,-0.0312137213827,-0.0312137213827,-0.0312137213827,-0.0312137213827,-0.0312137213827,-0.0312137213827,-0.0312137213827,-0.0312137213827,-0.0312137213827,-0.0312137213827,-0.0312137213827,-0.0312137213827,-0.0312137213827,-0.0312137213827,-0.0312137213827,-0.0312137213827,-0.0312137213827,-0.0312137213827,-0.0312137213827,-0.0312137213827,-0.0312137213827,-0.0312137213827,-0.0312137213827,-0.0312137213827,-0.0312137213827,-0.0312137213827,-0.0312137213827,-0.0312137213827,-0.0312137213827,-0.0312137213827,-0.0312137213827,-0.0312137213827,-0.0312137213827,-0.0312137213827,-0.0312137213827,-0.0312137213827,-0.0312137213827,-0.0312137213827,-0.0312137213827,-0.0312137213827,-0.0312137213827,-0.0312137213827,-0.0312137213827,-0.0312137213827,-0.0312137213827,-0.0312137213827,-0.0312137213827,-0.0312137213827,-0.0312137213827,-0.0312137213827,-0.0312137213827,-0.0312137213827,-0.0312137213827,-0.0312137213827,-0.0312137213827,-0.0312137213827,-0.0312137213827,-0.0312137213827,-0.0312137213827,-0.0312137213827,-0.0312137213827,-0.0312137213827,-0.0312137213827,-0.0312137213827,-0.0312137213827,-0.0312137213827,-0.0312137213827,-0.0312137213827,-0.0312137213827,-0.0312137213827,-0.0312137213827,-0.0312137213827,-0.0312137213827,-0.0312137213827,-0.0312137213827,-0.0312137213827,-0.0312137213827,-0.0312137213827,-0.0312137213827,-0.0312137213827,-0.0312137213827,-0.0312137213827,-0.0312137213827,-0.0312137213827,-0.0312137213827,-0.0312137213827,-0.0312137213827
1960,-0.0313570358124,-0.0313570358124,-0.0313570358124,-0.0313570358124,-0.0313570358124,-0.0313570358124,-0.0313570358124,-0.0313570358124,-0.0313570358124,-0.0313570358124,-0.0313570358124,-0.0313570358124,-0.0313570358124,-0.0313570358124,-0.0313570358124,-0.0313570358124,-0.0313570358124,-0.0313570358124,-0.0313570358124,-0.0313570358124,-0.0313570358124,-0.0313570358124,-0.0313570358124,-0.0313570358124,-0.0313570358124,-0.0313570358124,-0.0313570358124,-0.0313570358124,-0.0313570358124,-0.0313570358124,-0.0313570358124,-0.0313570358124,-0.0313570358124,-0.0313570358124,-0.0313570358124,-0.0313570358124,-0.0313570358124,-0.0313570358124,-0.0313570358124,-0.0313570358124,-0.0313570358124,-0.0313570358124,-0.0313570358124,-0.0313570358124,-0.0313570358124,-0.0313570358124,-0.0313570358124,-0.0313570358124,-0.0313570358124,-0.0313570358124,-0.0313570358124,-0.0313570358124,-0.0313570358124,-0.0313570358124,-0.0313570358124,-0.0313570358124,-0.0313570358124,-0.0313570358124,-0.0313570358124,-0.0313570358124,-0.0313570358124,-0.0313570358124,-0.0313570358124,-0.0313570358124,-0.0313570358124,-0.0313570358124,-0.0313570358124,-0.0313570358124,-0.0313570358124,-0.0313570358124,-0.0313570358124,-0.0313570358124,-0.0313570358124,-0.0313570358124,-0.0313570358124,-0.0313570358124,-0.0313570358124,-0.0313570358124,-0.0313570358124,-0.0313570358124,-0.0313570358124,-0.0313570358124,-0.0313570358124,-0.0313570358124,-0.0313570358124,-0.0313570358124,-0.0313570358124,-0.0313570358124,-0.0313570358124,-0.0313570358124,-0.0313570358124,-0.0313570358124,-0.0313570358124,-0.0313570358124,-0.0313570358124,-0.0313570358124,-0.0313570358124,-0.0313570358124,-0.0313570358124,-0.0313570358124
1961,-0.0313528146695,-0.0313528146695,-0.0313528146695,-0.0313528146695,-0.0313528146695,-0.0313528146695,-0.0313528146695,-0.0313528146695,-0.0313528146695,-0.0313528146695,-0.0313528146695,-0.0313528146695,-0.0313528146695,-0.0313528146695,-0.0313528146695,-0.0313528146695,-0.0313528146695,-0.0313528146695,-0.0313528146695,-0.0313528146695,-0.0313528146695,-0.0313528146695,-0.0313528146695,-0.0313528146695,-0.0313528146695,-0.0313528146695,-0.0313528146695,-0.0313528146695,-0.0313528146695,-0.0313528146695,-0.0313528146695,-0.0313528146695,-0.0313528146695,-0.0313528146695,-0.0313528146695,-0.0313528146695,-0.0313528146695,-0.0313528146695,-0.0313528146695,-0.0313528146695,-0.0313528146695,-0.0313528146695,-0.0313528146695,-0.0313528146695,-0.0313528146695,-0.0313528146695,-0.0313528146695,-0.0313528146695,-0.0313528146695,-0.0313528146695,-0.0313528146695,-0.0313528146695,-0.0313528146695,-0.0313528146695,-0.0313528146695,-0.0313528146695,-0.0313528146695,-0.0313528146695,-0.0313528146695,-0.0313528146695,-0.0313528146695,-0.0313528146695,-0.0313528146695,-0.0313528146695,-0.0313528146695,-0.0313528146695,-0.0313528146695,-0.0313528146695,-0.0313528146695,-0.0313528146695,-0.0313528146695,-0.0313528146695,-0.0313528146695,-0.0313528146695,-0.0313528146695,-0.0313528146695,-0.0313528146695,-0.0313528146695,-0.0313528146695,-0.0313528146695,-0.0313528146695,-0.0313528146695,-0.0313528146695,-0.0313528146695,-0.0313528146695,-0.0313528146695,-0.0313528146695,-0.0313528146695,-0.0313528146695,-0.0313528146695,-0.0313528146695,-0.0313528146695,-0.0313528146695,-0.0313528146695,-0.0313528146695,-0.0313528146695,-0.0313528146695,-0.0313528146695,-0.0313528146695,-0.0313528146695
1962,-0.0313479001121,-0.0313479001121,-0.0313479001121,-0.0313479001121,-0.0313479001121,-0.0313479001121,-0.0313479001121,-0.0313479001121,-0.0313479001121,-0.0313479001121,-0.0313479001121,-0.0313479001121,-0.0313479001121,-0.0313479001121,-0.0313479001121,-0.0313479001121,-0.0313479001121,-0.0313479001121,-0.0313479001121,-0.0313479001121,-0.0313479001121,-0.0313479001121,-0.0313479001121,-0.0313479001121,-0.0313479001121,-0.0313479001121,-0.0313479001121,-0.0313479001121,-0.0313479001121,-0.0313479001121,-0.0313479001121,-0.0313479001121,-0.0313479001121,-0.0313479001121,-0.0313479001121,-0.0313479001121,-0.0313479001121,-0.0313479001121,-0.0313479001121,-0.0313479001121,-0.0313479001121,-0.0313479001121,-0.0313479001121,-0.0313479001121,-0.0313479001121,-0.0313479001121,-0.0313479001121,-0.0313479001121,-0.0313479001121,-0.0313479001121,-0.0313479001121,-0.0313479001121,-0.0313479001121,-0.0313479001121,-0.0313479001121,-0.0313479001121,-0.0313479001121,-0.0313479001121,-0.0313479001121,-0.0313479001121,-0.0313479001121,-0.0313479001121,-0.0313479001121,-0.0313479001121,-0.0313479001121,-0.0313479001121,-0.0313479001121,-0.0313479001121,-0.0313479001121,-0.0313479001121,-0.0313479001121,-0.0313479001121,-0.0313479001121,-0.0313479001121,-0.0313479001121,-0.0313479001121,-0.0313479001121,-0.0313479001121,-0.0313479001121,-0.0313479001121,-0.0313479001121,-0.0313479001121,-0.0313479001121,-0.0313479001121,-0.0313479001121,-0.0313479001121,-0.0313479001121,-0.0313479001121,-0.0313479001121,-0.0313479001121,-0.0313479001121,-0.0313479001121,-0.0313479001121,-0.0313479001121,-0.0313479001121,-0.0313479001121,-0.0313479001121,-0.0313479001121,-0.0313479001121,-0.0313479001121
1963,-0.0313429509639,-0.0313429509639,-0.0313429509639,-0.0313429509639,-0.0313429509639,-0.0313429509639,-0.0313429509639,-0.0313429509639,-0.0313429509639,-0.0313429509639,-0.0313429509639,-0.0313429509639,-0.0313429509639,-0.0313429509639,-0.0313429509639,-0.0313429509639,-0.0313429509639,-0.0313429509639,-0.0313429509639,-0.0313429509639,-0.0313429509639,-0.0313429509639,-0.0313429509639,-0.0313429509639,-0.0313429509639,-0.0313429509639,-0.0313429509639,-0.0313429509639,-0.0313429509639,-0.0313429509639,-0.0313429509639,-0.0313429509639,-0.0313429509639,-0.0313429509639,-0.0313429509639,-0.0313429509639,-0.0313429509639,-0.0313429509639,-0.0313429509639,-0.0313429509639,-0.0313429509639,-0.0313429509639,-0.0313429509639,-0.0313429509639,-0.0313429509639,-0.0313429509639,-0.0313429509639,-0.0313429509639,-0.0313429509639,-0.0313429509639,-0.0313429509639,-0.0313429509639,-0.0313429509639,-0.0313429509639,-0.0313429509639,-0.0313429509639,-0.0313429509639,-0.0313429509639,-0.0313429509639,-0.0313429509639,-0.0313429509639,-0.0313429509639,-0.0313429509639,-0.0313429509639,-0.0313429509639,-0.0313429509639,-0.0313429509639,-0.0313429509639,-0.0313429509639,-0.0313429509639,-0.0313429509639,-0.0313429509639,-0.0313429509639,-0.0313429509639,-0.0313429509639,-0.0313429509639,-0.0313429509639,-0.0313429509639,-0.0313429509639,-0.0313429509639,-0.0313429509639,-0.0313429509639,-0.0313429509639,-0.0313429509639,-0.0313429509639,-0.0313429509639,-0.0313429509639,-0.0313429509639,-0.0313429509639,-0.0313429509639,-0.0313429509639,-0.0313429509639,-0.0313429509639,-0.0313429509639,-0.0313429509639,-0.0313429509639,-0.0313429509639,-0.0313429509639,-0.0313429509639,-0.0313429509639
1964,-0.0313379694323,-0.0313379694323,-0.0313379694323,-0.0313379694323,-0.0313379694323,-0.0313379694323,-0.0313379694323,-0.0313379694323,-0.0313379694323,-0.0313379694323,-0.0313379694323,-0.0313379694323,-0.0313379694323,-0.0313379694323,-0.0313379694323,-0.0313379694323,-0.0313379694323,-0.0313379694323,-0.0313379694323,-0.0313379694323,-0.0313379694323,-0.0313379694323,-0.0313379694323,-0.0313379694323,-0.0313379694323,-0.0313379694323,-0.0313379694323,-0.0313379694323,-0.0313379694323,-0.0313379694323,-0.0313379694323,-0.0313379694323,-0.0313379694323,-0.0313379694323,-0.0313379694323,-0.0313379694323,-0.0313379694323,-0.0313379694323,-0.0313379694323,-0.0313379694323,-0.0313379694323,-0.0313379694323,-0.0313379694323,-0.0313379694323,-0.0313379694323,-0.0313379694323,-0.0313379694323,-0.0313379694323,-0.0313379694323,-0.0313379694323,-0.0313379694323,-0.0313379694323,-0.0313379694323,-0.0313379694323,-0.0313379694323,-0.0313379694323,-0.0313379694323,-0.0313379694323,-0.0313379694323,-0.0313379694323,-0.0313379694323,-0.0313379694323,-0.0313379694323,-0.0313379694323,-0.0313379694323,-0.0313379694323,-0.0313379694323,-0.0313379694323,-0.0313379694323,-0.0313379694323,-0.0313379694323,-0.0313379694323,-0.0313379694323,-0.0313379694323,-0.0313379694323,-0.0313379694323,-0.0313379694323,-0.0313379694323,-0.0313379694323,-0.0313379694323,-0.0313379694323,-0.0313379694323,-0.0313379694323,-0.0313379694323,-0.0313379694323,-0.0313379694323,-0.0313379694323,-0.0313379694323,-0.0313379694323,-0.0313379694323,-0.0313379694323,-0.0313379694323,-0.0313379694323,-0.0313379694323,-0.0313379694323,-0.0313379694323,-0.0313379694323,-0.0313379694323,-0.0313379694323,-0.0313379694323
1965,-0.0313329555279,-0.0313329555279,-0.0313329555279,-0.0313329555279,-0.0313329555279,-0.0313329555279,-0.0313329555279,-0.0313329555279,-0.0313329555279,-0.0313329555279,-0.0313329555279,-0.0313329555279,-0.0313329555279,-0.0313329555279,-0.0313329555279,-0.0313329555279,-0.0313329555279,-0.0313329555279,-0.0313329555279,-0.0313329555279,-0.0313329555279,-0.0313329555279,-0.0313329555279,-0.0313329555279,-0.0313329555279,-0.0313329555279,-0.0313329555279,-0.0313329555279,-0.0313329555279,-0.0313329555279,-0.0313329555279,-0.0313329555279,-0.0313329555279,-0.0313329555279,-0.0313329555279,-0.0313329555279,-0.0313329555279,-0.0313329555279,-0.0313329555279,-0.0313329555279,-0.0313329555279,-0.0313329555279,-0.0313329555279,-0.0313329555279,-0.0313329555279,-0.0313329555279,-0.0313329555279,-0.0313329555279,-0.0313329555279,-0.0313329555279,-0.0313329555279,-0.0313329555279,-0.0313329555279,-0.0313329555279,-0.0313329555279,-0.0313329555279,-0.0313329555279,-0.0313329555279,-0.0313329555279,-0.0313329555279,-0.0313329555279,-0.0313329555279,-0.0313329555279,-0.0313329555279,-0.0313329555279,-0.0313329555279,-0.0313329555279,-0.0313329555279,-0.0313329555279,-0.0313329555279,-0.0313329555279,-0.0313329555279,-0.0313329555279,-0.0313329555279,-0.0313329555279,-0.0313329555279,-0.0313329555279,-0.0313329555279,-0.0313329555279,-0.0313329555279,-0.0313329555279,-0.0313329555279,-0.0313329555279,-0.0313329555279,-0.0313329555279,-0.0313329555279,-0.0313329555279,-0.0313329555279,-0.0313329555279,-0.0313329555279,-0.0313329555279,-0.0313329555279,-0.0313329555279,-0.0313329555279,-0.0313329555279,-0.0313329555279,-0.0313329555279,-0.0313329555279,-0.0313329555279,-0.0313329555279
1966,-0.0313279092554,-0.0313279092554,-0.0313279092554,-0.0313279092554,-0.0313279092554,-0.0313279092554,-0.0313279092554,-0.0313279092554,-0.0313279092554,-0.0313279092554,-0.0313279092554,-0.0313279092554,-0.0313279092554,-0.0313279092554,-0.0313279092554,-0.0313279092554,-0.0313279092554,-0.0313279092554,-0.0313279092554,-0.0313279092554,-0.0313279092554,-0.0313279092554,-0.0313279092554,-0.0313279092554,-0.0313279092554,-0.0313279092554,-0.0313279092554,-0.0313279092554,-0.0313279092554,-0.0313279092554,-0.0313279092554,-0.0313279092554,-0.0313279092554,-0.0313279092554,-0.0313279092554,-0.0313279092554,-0.0313279092554,-0.0313279092554,-0.0313279092554,-0.0313279092554,-0.0313279092554,-0.0313279092554,-0.0313279092554,-0.0313279092554,-0.0313279092554,-0.0313279092554,-0.0313279092554,-0.0313279092554,-0.0313279092554,-0.0313279092554,-0.0313279092554,-0.0313279092554,-0.0313279092554,-0.0313279092554,-0.0313279092554,-0.0313279092554,-0.0313279092554,-0.0313279092554,-0.0313279092554,-0.0313279092554,-0.0313279092554,-0.0313279092554,-0.0313279092554,-0.0313279092554,-0.0313279092554,-0.0313279092554,-0.0313279092554,-0.0313279092554,-0.0313279092554,-0.0313279092554,-0.0313279092554,-0.0313279092554,-0.0313279092554,-0.0313279092554,-0.0313279092554,-0.0313279092554,-0.0313279092554,-0.0313279092554,-0.0313279092554,-0.0313279092554,-0.0313279092554,-0.0313279092554,-0.0313279092554,-0.0313279092554,-0.0313279092554,-0.0313279092554,-0.0313279092554,-0.0313279092554,-0.0313279092554,-0.0313279092554,-0.0313279092554,-0.0313279092554,-0.0313279092554,-0.0313279092554,-0.0313279092554,-0.0313279092554,-0.0313279092554,-0.0313279092554,-0.0313279092554,-0.0313279092554
1967,-0.0313228306191,-0.0313228306191,-0.0313228306191,-0.0313228306191,-0.0313228306191,-0.0313228306191,-0.0313228306191,-0.0313228306191,-0.0313228306191,-0.0313228306191,-0.0313228306191,-0.0313228306191,-0.0313228306191,-0.0313228306191,-0.0313228306191,-0.0313228306191,-0.0313228306191,-0.0313228306191,-0.0313228306191,-0.0313228306191,-0.0313228306191,-0.0313228306191,-0.0313228306191,-0.0313228306191,-0.0313228306191,-0.0313228306191,-0.0313228306191,-0.0313228306191,-0.0313228306191,-0.0313228306191,-0.0313228306191,-0.0313228306191,-0.0313228306191,-0.0313228306191,-0.0313228306191,-0.0313228306191,-0.0313228306191,-0.0313228306191,-0.0313228306191,-0.0313228306191,-0.0313228306191,-0.0313228306191,-0.0313228306191,-0.0313228306191,-0.0313228306191,-0.0313228306191,-0.0313228306191,-0.0313228306191,-0.0313228306191,-0.0313228306191,-0.0313228306191,-0.0313228306191,-0.0313228306191,-0.0313228306191,-0.0313228306191,-0.0313228306191,-0.0313228306191,-0.0313228306191,-0.0313228306191,-0.0313228306191,-0.0313228306191,-0.0313228306191,-0.0313228306191,-0.0313228306191,-0.0313228306191,-0.0313228306191,-0.0313228306191,-0.0313228306191,-0.0313228306191,-0.0313228306191,-0.0313228306191,-0.0313228306191,-0.0313228306191,-0.0313228306191,-0.0313228306191,-0.0313228306191,-0.0313228306191,-0.0313228306191,-0.0313228306191,-0.0313228306191,-0.0313228306191,-0.0313228306191,-0.0313228306191,-0.0313228306191,-0.0313228306191,-0.0313228306191,-0.0313228306191,-0.0313228306191,-0.0313228306191,-0.0313228306191,-0.0313228306191,-0.0313228306191,-0.0313228306191,-0.0313228306191,-0.0313228306191,-0.0313228306191,-0.0313228306191,-0.0313228306191,-0.0313228306191,-0.0313228306191
1968,-0.0313177196238,-0.0313177196238,-0.0313177196238,-0.0313177196238,-0.0313177196238,-0.0313177196238,-0.0313177196238,-0.0313177196238,-0.0313177196238,-0.0313177196238,-0.0313177196238,-0.0313177196238,-0.0313177196238,-0.0313177196238,-0.0313177196238,-0.0313177196238,-0.0313177196238,-0.0313177196238,-0.0313177196238,-0.0313177196238,-0.0313177196238,-0.0313177196238,-0.0313177196238,-0.0313177196238,-0.0313177196238,-0.0313177196238,-0.0313177196238,-0.0313177196238,-0.0313177196238,-0.0313177196238,-0.0313177196238,-0.0313177196238,-0.0313177196238,-0.0313177196238,-0.0313177196238,-0.0313177196238,-0.0313177196238,-0.0313177196238,-0.0313177196238,-0.0313177196238,-0.0313177196238,-0.0313177196238,-0.0313177196238,-0.0313177196238,-0.0313177196238,-0.0313177196238,-0.0313177196238,-0.0313177196238,-0.0313177196238,-0.0313177196238,-0.0313177196238,-0.0313177196238,-0.0313177196238,-0.0313177196238,-0.0313177196238,-0.0313177196238,-0.0313177196238,-0.0313177196238,-0.0313177196238,-0.0313177196238,-0.0313177196238,-0.0313177196238,-0.0313177196238,-0.0313177196238,-0.0313177196238,-0.0313177196238,-0.0313177196238,-0.0313177196238,-0.0313177196238,-0.0313177196238,-0.0313177196238,-0.0313177196238,-0.0313177196238,-0.0313177196238,-0.0313177196238,-0.0313177196238,-0.0313177196238,-0.0313177196238,-0.0313177196238,-0.0313177196238,-0.0313177196238,-0.0313177196238,-0.0313177196238,-0.0313177196238,-0.0313177196238,-0.0313177196238,-0.0313177196238,-0.0313177196238,-0.0313177196238,-0.0313177196238,-0.0313177196238,-0.0313177196238,-0.0313177196238,-0.0313177196238,-0.0313177196238,-0.0313177196238,-0.0313177196238,-0.0313177196238,-0.0313177196238,-0.0313177196238
1969,-0.0313125762741,-0.0313125762741,-0.0313125762741,-0.0313125762741,-0.0313125762741,-0.0313125762741,-0.0313125762741,-0.0313125762741,-0.0313125762741,-0.0313125762741,-0.0313125762741,-0.0313125762741,-0.0313125762741,-0.0313125762741,-0.0313125762741,-0.0313125762741,-0.0313125762741,-0.0313125762741,-0.0313125762741,-0.0313125762741,-0.0313125762741,-0.0313125762741,-0.0313125762741,-0.0313125762741,-0.0313125762741,-0.0313125762741,-0.0313125762741,-0.0313125762741,-0.0313125762741,-0.0313125762741,-0.0313125762741,-0.0313125762741,-0.0313125762741,-0.0313125762741,-0.0313125762741,-0.0313125762741,-0.0313125762741,-0.0313125762741,-0.0313125762741,-0.0313125762741,-0.0313125762741,-0.0313125762741,-0.0313125762741,-0.0313125762741,-0.0313125762741,-0.0313125762741,-0.0313125762741,-0.0313125762741,-0.0313125762741,-0.0313125762741,-0.0313125762741,-0.0313125762741,-0.0313125762741,-0.0313125762741,-0.0313125762741,-0.0313125762741,-0.0313125762741,-0.0313125762741,-0.0313125762741,-0.0313125762741,-0.0313125762741,-0.0313125762741,-0.0313125762741,-0.0313125762741,-0.0313125762741,-0.0313125762741,-0.0313125762741,-0.0313125762741,-0.0313125762741,-0.0313125762741,-0.0313125762741,-0.0313125762741,-0.0313125762741,-0.0313125762741,-0.0313125762741,-0.0313125762741,-0.0313125762741,-0.0313125762741,-0.0313125762741,-0.0313125762741,-0.0313125762741,-0.0313125762741,-0.0313125762741,-0.0313125762741,-0.0313125762741,-0.0313125762741,-0.0313125762741,-0.0313125762741,-0.0313125762741,-0.0313125762741,-0.0313125762741,-0.0313125762741,-0.0313125762741,-0.0313125762741,-0.0313125762741,-0.0313125762741,-0.0313125762741,-0.0313125762741,-0.0313125762741,-0.0313125762741
1970,-0.0313074005744,-0.0313074005744,-0.0313074005744,-0.0313074005744,-0.0313074005744,-0.0313074005744,-0.0313074005744,-0.0313074005744,-0.0313074005744,-0.0313074005744,-0.0313074005744,-0.0313074005744,-0.0313074005744,-0.0313074005744,-0.0313074005744,-0.0313074005744,-0.0313074005744,-0.0313074005744,-0.0313074005744,-0.0313074005744,-0.0313074005744,-0.0313074005744,-0.0313074005744,-0.0313074005744,-0.0313074005744,-0.0313074005744,-0.0313074005744,-0.0313074005744,-0.0313074005744,-0.0313074005744,-0.0313074005744,-0.0313074005744,-0.0313074005744,-0.0313074005744,-0.0313074005744,-0.0313074005744,-0.0313074005744,-0.0313074005744,-0.0313074005744,-0.0313074005744,-0.0313074005744,-0.0313074005744,-0.0313074005744,-0.0313074005744,-0.0313074005744,-0.0313074005744,-0.0313074005744,-0.0313074005744,-0.0313074005744,-0.0313074005744,-0.0313074005744,-0.0313074005744,-0.0313074005744,-0.0313074005744,-0.0313074005744,-0.0313074005744,-0.0313074005744,-0.0313074005744,-0.0313074005744,-0.0313074005744,-0.0313074005744,-0.0313074005744,-0.0313074005744,-0.0313074005744,-0.0313074005744,-0.0313074005744,-0.0313074005744,-0.0313074005744,-0.0313074005744,-0.0313074005744,-0.0313074005744,-0.0313074005744,-0.0313074005744,-0.0313074005744,-0.0313074005744,-0.0313074005744,-0.0313074005744,-0.0313074005744,-0.0313074005744,-0.0313074005744,-0.0313074005744,-0.0313074005744,-0.0313074005744,-0.0313074005744,-0.0313074005744,-0.0313074005744,-0.0313074005744,-0.0313074005744,-0.0313074005744,-0.0313074005744,-0.0313074005744,-0.0313074005744,-0.0313074005744,-0.0313074005744,-0.0313074005744,-0.0313074005744,-0.0313074005744,-0.0313074005744,-0.0313074005744,-0.0313074005744
1971,-0.0313021925293,-0.0313021925293,-0.0313021925293,-0.0313021925293,-0.0313021925293,-0.0313021925293,-0.0313021925293,-0.0313021925293,-0.0313021925293,-0.0313021925293,-0.0313021925293,-0.0313021925293,-0.0313021925293,-0.0313021925293,-0.0313021925293,-0.0313021925293,-0.0313021925293,-0.0313021925293,-0.0313021925293,-0.0313021925293,-0.0313021925293,-0.0313021925293,-0.0313021925293,-0.0313021925293,-0.0313021925293,-0.0313021925293,-0.0313021925293,-0.0313021925293,-0.0313021925293,-0.0313021925293,-0.0313021925293,-0.0313021925293,-0.0313021925293,-0.0313021925293,-0.0313021925293,-0.0313021925293,-0.0313021925293,-0.0313021925293,-0.0313021925293,-0.0313021925293,-0.0313021925293,-0.0313021925293,-0.0313021925293,-0.0313021925293,-0.0313021925293,-0.0313021925293,-0.0313021925293,-0.0313021925293,-0.0313021925293,-0.0313021925293,-0.0313021925293,-0.0313021925293,-0.0313021925293,-0.0313021925293,-0.0313021925293,-0.0313021925293,-0.0313021925293,-0.0313021925293,-0.0313021925293,-0.0313021925293,-0.0313021925293,-0.0313021925293,-0.0313021925293,-0.0313021925293,-0.0313021925293,-0.0313021925293,-0.0313021925293,-0.0313021925293,-0.0313021925293,-0.0313021925293,-0.0313021925293,-0.0313021925293,-0.0313021925293,-0.0313021925293,-0.0313021925293,-0.0313021925293,-0.0313021925293,-0.0313021925293,-0.0313021925293,-0.0313021925293,-0.0313021925293,-0.0313021925293,-0.0313021925293,-0.0313021925293,-0.0313021925293,-0.0313021925293,-0.0313021925293,-0.0313021925293,-0.0313021925293,-0.0313021925293,-0.0313021925293,-0.0313021925293,-0.0313021925293,-0.0313021925293,-0.0313021925293,-0.0313021925293,-0.0313021925293,-0.0313021925293,-0.0313021925293,-0.0313021925293
1972,-0.0312969521434,-0.0312969521434,-0.0312969521434,-0.0312969521434,-0.0312969521434,-0.0312969521434,-0.0312969521434,-0.0312969521434,-0.0312969521434,-0.0312969521434,-0.0312969521434,-0.0312969521434,-0.0312969521434,-0.0312969521434,-0.0312969521434,-0.0312969521434,-0.0312969521434,-0.0312969521434,-0.0312969521434,-0.0312969521434,-0.0312969521434,-0.0312969521434,-0.0312969521434,-0.0312969521434,-0.0312969521434,-0.0312969521434,-0.0312969521434,-0.0312969521434,-0.0312969521434,-0.0312969521434,-0.0312969521434,-0.0312969521434,-0.0312969521434,-0.0312969521434,-0.0312969521434,-0.0312969521434,-0.0312969521434,-0.0312969521434,-0.0312969521434,-0.0312969521434,-0.0312969521434,-0.0312969521434,-0.0312969521434,-0.0312969521434,-0.0312969521434,-0.0312969521434,-0.0312969521434,-0.0312969521434,-0.0312969521434,-0.0312969521434,-0.0312969521434,-0.0312969521434,-0.0312969521434,-0.0312969521434,-0.0312969521434,-0.0312969521434,-0.0312969521434,-0.0312969521434,-0.0312969521434,-0.0312969521434,-0.0312969521434,-0.0312969521434,-0.0312969521434,-0.0312969521434,-0.0312969521434,-0.0312969521434,-0.0312969521434,-0.0312969521434,-0.0312969521434,-0.0312969521434,-0.0312969521434,-0.0312969521434,-0.0312969521434,-0.0312969521434,-0.0312969521434,-0.0312969521434,-0.0312969521434,-0.0312969521434,-0.0312969521434,-0.0312969521434,-0.0312969521434,-0.0312969521434,-0.0312969521434,-0.0312969521434,-0.0312969521434,-0.0312969521434,-0.0312969521434,-0.0312969521434,-0.0312969521434,-0.0312969521434,-0.0312969521434,-0.0312969521434,-0.0312969521434,-0.0312969521434,-0.0312969521434,-0.0312969521434,-0.0312969521434,-0.0312969521434,-0.0312969521434,-0.0312969521434
1973,-0.0312916794212,-0.0312916794212,-0.0312916794212,-0.0312916794212,-0.0312916794212,-0.0312916794212,-0.0312916794212,-0.0312916794212,-0.0312916794212,-0.0312916794212,-0.0312916794212,-0.0312916794212,-0.0312916794212,-0.0312916794212,-0.0312916794212,-0.0312916794212,-0.0312916794212,-0.0312916794212,-0.0312916794212,-0.0312916794212,-0.0312916794212,-0.0312916794212,-0.0312916794212,-0.0312916794212,-0.0312916794212,-0.0312916794212,-0.0312916794212,-0.0312916794212,-0.0312916794212,-0.0312916794212,-0.0312916794212,-0.0312916794212,-0.0312916794212,-0.0312916794212,-0.0312916794212,-0.0312916794212,-0.0312916794212,-0.0312916794212,-0.0312916794212,-0.0312916794212,-0.0312916794212,-0.0312916794212,-0.0312916794212,-0.0312916794212,-0.0312916794212,-0.0312916794212,-0.0312916794212,-0.0312916794212,-0.0312916794212,-0.0312916794212,-0.0312916794212,-0.0312916794212,-0.0312916794212,-0.0312916794212,-0.0312916794212,-0.0312916794212,-0.0312916794212,-0.0312916794212,-0.0312916794212,-0.0312916794212,-0.0312916794212,-0.0312916794212,-0.0312916794212,-0.0312916794212,-0.0312916794212,-0.0312916794212,-0.0312916794212,-0.0312916794212,-0.0312916794212,-0.0312916794212,-0.0312916794212,-0.0312916794212,-0.0312916794212,-0.0312916794212,-0.0312916794212,-0.0312916794212,-0.0312916794212,-0.0312916794212,-0.0312916794212,-0.0312916794212,-0.0312916794212,-0.0312916794212,-0.0312916794212,-0.0312916794212,-0.0312916794212,-0.0312916794212,-0.0312916794212,-0.0312916794212,-0.0312916794212,-0.0312916794212,-0.0312916794212,-0.0312916794212,-0.0312916794212,-0.0312916794212,-0.0312916794212,-0.0312916794212,-0.0312916794212,-0.0312916794212,-0.0312916794212,-0.0312916794212
1974,-0.0312863743674,-0.0312863743674,-0.0312863743674,-0.0312863743674,-0.0312863743674,-0.0312863743674,-0.0312863743674,-0.0312863743674,-0.0312863743674,-0.0312863743674,-0.0312863743674,-0.0312863743674,-0.0312863743674,-0.0312863743674,-0.0312863743674,-0.0312863743674,-0.0312863743674,-0.0312863743674,-0.0312863743674,-0.0312863743674,-0.0312863743674,-0.0312863743674,-0.0312863743674,-0.0312863743674,-0.0312863743674,-0.0312863743674,-0.0312863743674,-0.0312863743674,-0.0312863743674,-0.0312863743674,-0.0312863743674,-0.0312863743674,-0.0312863743674,-0.0312863743674,-0.0312863743674,-0.0312863743674,-0.0312863743674,-0.0312863743674,-0.0312863743674,-0.0312863743674,-0.0312863743674,-0.0312863743674,-0.0312863743674,-0.0312863743674,-0.0312863743674,-0.0312863743674,-0.0312863743674,-0.0312863743674,-0.0312863743674,-0.0312863743674,-0.0312863743674,-0.0312863743674,-0.0312863743674,-0.0312863743674,-0.0312863743674,-0.0312863743674,-0.0312863743674,-0.0312863743674,-0.0312863743674,-0.0312863743674,-0.0312863743674,-0.0312863743674,-0.0312863743674,-0.0312863743674,-0.0312863743674,-0.0312863743674,-0.0312863743674,-0.0312863743674,-0.0312863743674,-0.0312863743674,-0.0312863743674,-0.0312863743674,-0.0312863743674,-0.0312863743674,-0.0312863743674,-0.0312863743674,-0.0312863743674,-0.0312863743674,-0.0312863743674,-0.0312863743674,-0.0312863743674,-0.0312863743674,-0.0312863743674,-0.0312863743674,-0.0312863743674,-0.0312863743674,-0.0312863743674,-0.0312863743674,-0.0312863743674,-0.0312863743674,-0.0312863743674,-0.0312863743674,-0.0312863743674,-0.0312863743674,-0.0312863743674,-0.0312863743674,-0.0312863743674,-0.0312863743674,-0.0312863743674,-0.0312863743674
1975,-0.0312810369865,-0.0312810369865,-0.0312810369865,-0.0312810369865,-0.0312810369865,-0.0312810369865,-0.0312810369865,-0.0312810369865,-0.0312810369865,-0.0312810369865,-0.0312810369865,-0.0312810369865,-0.0312810369865,-0.0312810369865,-0.0312810369865,-0.0312810369865,-0.0312810369865,-0.0312810369865,-0.0312810369865,-0.0312810369865,-0.0312810369865,-0.0312810369865,-0.0312810369865,-0.0312810369865,-0.0312810369865,-0.0312810369865,-0.0312810369865,-0.0312810369865,-0.0312810369865,-0.0312810369865,-0.0312810369865,-0.0312810369865,-0.0312810369865,-0.0312810369865,-0.0312810369865,-0.0312810369865,-0.0312810369865,-0.0312810369865,-0.0312810369865,-0.0312810369865,-0.0312810369865,-0.0312810369865,-0.0312810369865,-0.0312810369865,-0.0312810369865,-0.0312810369865,-0.0312810369865,-0.0312810369865,-0.0312810369865,-0.0312810369865,-0.0312810369865,-0.0312810369865,-0.0312810369865,-0.0312810369865,-0.0312810369865,-0.0312810369865,-0.0312810369865,-0.0312810369865,-0.0312810369865,-0.0312810369865,-0.0312810369865,-0.0312810369865,-0.0312810369865,-0.0312810369865,-0.0312810369865,-0.0312810369865,-0.0312810369865,-0.0312810369865,-0.0312810369865,-0.0312810369865,-0.0312810369865,-0.0312810369865,-0.0312810369865,-0.0312810369865,-0.0312810369865,-0.0312810369865,-0.0312810369865,-0.0312810369865,-0.0312810369865,-0.0312810369865,-0.0312810369865,-0.0312810369865,-0.0312810369865,-0.0312810369865,-0.0312810369865,-0.0312810369865,-0.0312810369865,-0.0312810369865,-0.0312810369865,-0.0312810369865,-0.0312810369865,-0.0312810369865,-0.0312810369865,-0.0312810369865,-0.0312810369865,-0.0312810369865,-0.0312810369865,-0.0312810369865,-0.0312810369865,-0.0312810369865
1976,-0.031275667283,-0.031275667283,-0.031275667283,-0.031275667283,-0.031275667283,-0.031275667283,-0.031275667283,-0.031275667283,-0.031275667283,-0.031275667283,-0.031275667283,-0.031275667283,-0.031275667283,-0.031275667283,-0.031275667283,-0.031275667283,-0.031275667283,-0.031275667283,-0.031275667283,-0.031275667283,-0.031275667283,-0.031275667283,-0.031275667283,-0.031275667283,-0.031275667283,-0.031275667283,-0.031275667283,-0.031275667283,-0.031275667283,-0.031275667283,-0.031275667283,-0.031275667283,-0.031275667283,-0.031275667283,-0.031275667283,-0.031275667283,-0.031275667283,-0.031275667283,-0.031275667283,-0.031275667283,-0.031275667283,-0.031275667283,-0.031275667283,-0.031275667283,-0.031275667283,-0.031275667283,-0.031275667283,-0.031275667283,-0.031275667283,-0.031275667283,-0.031275667283,-0.031275667283,-0.031275667283,-0.031275667283,-0.031275667283,-0.031275667283,-0.031275667283,-0.031275667283,-0.031275667283,-0.031275667283,-0.031275667283,-0.031275667283,-0.031275667283,-0.031275667283,-0.031275667283,-0.031275667283,-0.031275667283,-0.031275667283,-0.031275667283,-0.031275667283,-0.031275667283,-0.031275667283,-0.031275667283,-0.031275667283,-0.031275667283,-0.031275667283,-0.031275667283,-0.031275667283,-0.031275667283,-0.031275667283,-0.031275667283,-0.031275667283,-0.031275667283,-0.031275667283,-0.031275667283,-0.031275667283,-0.031275667283,-0.031275667283,-0.031275667283,-0.031275667283,-0.031275667283,-0.031275667283,-0.031275667283,-0.031275667283,-0.031275667283,-0.031275667283,-0.031275667283,-0.031275667283,-0.031275667283,-0.031275667283
1977,-0.0312702652615,-0.0312702652615,-0.0312702652615,-0.0312702652615,-0.0312702652615,-0.0312702652615,-0.0312702652615,-0.0312702652615,-0.0312702652615,-0.0312702652615,-0.0312702652615,-0.0312702652615,-0.0312702652615,-0.0312702652615,-0.0312702652615,-0.0312702652615,-0.0312702652615,-0.0312702652615,-0.0312702652615,-0.0312702652615,-0.0312702652615,-0.0312702652615,-0.0312702652615,-0.0312702652615,-0.0312702652615,-0.0312702652615,-0.0312702652615,-0.0312702652615,-0.0312702652615,-0.0312702652615,-0.0312702652615,-0.0312702652615,-0.0312702652615,-0.0312702652615,-0.0312702652615,-0.0312702652615,-0.0312702652615,-0.0312702652615,-0.0312702652615,-0.0312702652615,-0.0312702652615,-0.0312702652615,-0.0312702652615,-0.0312702652615,-0.0312702652615,-0.0312702652615,-0.0312702652615,-0.0312702652615,-0.0312702652615,-0.0312702652615,-0.0312702652615,-0.0312702652615,-0.0312702652615,-0.0312702652615,-0.0312702652615,-0.0312702652615,-0.0312702652615,-0.0312702652615,-0.0312702652615,-0.0312702652615,-0.0312702652615,-0.0312702652615,-0.0312702652615,-0.0312702652615,-0.0312702652615,-0.0312702652615,-0.0312702652615,-0.0312702652615,-0.0312702652615,-0.0312702652615,-0.0312702652615,-0.0312702652615,-0.0312702652615,-0.0312702652615,-0.0312702652615,-0.0312702652615,-0.0312702652615,-0.0312702652615,-0.0312702652615,-0.0312702652615,-0.0312702652615,-0.0312702652615,-0.0312702652615,-0.0312702652615,-0.0312702652615,-0.0312702652615,-0.0312702652615,-0.0312702652615,-0.0312702652615,-0.0312702652615,-0.0312702652615,-0.0312702652615,-0.0312702652615,-0.0312702652615,-0.0312702652615,-0.0312702652615,-0.0312702652615,-0.0312702652615,-0.0312702652615,-0.0312702652615
1978,-0.0312648309266,-0.0312648309266,-0.0312648309266,-0.0312648309266,-0.0312648309266,-0.0312648309266,-0.0312648309266,-0.0312648309266,-0.0312648309266,-0.0312648309266,-0.0312648309266,-0.0312648309266,-0.0312648309266,-0.0312648309266,-0.0312648309266,-0.0312648309266,-0.0312648309266,-0.0312648309266,-0.0312648309266,-0.0312648309266,-0.0312648309266,-0.0312648309266,-0.0312648309266,-0.0312648309266,-0.0312648309266,-0.0312648309266,-0.0312648309266,-0.0312648309266,-0.0312648309266,-0.0312648309266,-0.0312648309266,-0.0312648309266,-0.0312648309266,-0.0312648309266,-0.0312648309266,-0.0312648309266,-0.0312648309266,-0.0312648309266,-0.0312648309266,-0.0312648309266,-0.0312648309266,-0.0312648309266,-0.0312648309266,-0.0312648309266,-0.0312648309266,-0.0312648309266,-0.0312648309266,-0.0312648309266,-0.0312648309266,-0.0312648309266,-0.0312648309266,-0.0312648309266,-0.0312648309266,-0.0312648309266,-0.0312648309266,-0.0312648309266,-0.0312648309266,-0.0312648309266,-0.0312648309266,-0.0312648309266,-0.0312648309266,-0.0312648309266,-0.0312648309266,-0.0312648309266,-0.0312648309266,-0.0312648309266,-0.0312648309266,-0.0312648309266,-0.0312648309266,-0.0312648309266,-0.0312648309266,-0.0312648309266,-0.0312648309266,-0.0312648309266,-0.0312648309266,-0.0312648309266,-0.0312648309266,-0.0312648309266,-0.0312648309266,-0.0312648309266,-0.0312648309266,-0.0312648309266,-0.0312648309266,-0.0312648309266,-0.0312648309266,-0.0312648309266,-0.0312648309266,-0.0312648309266,-0.0312648309266,-0.0312648309266,-0.0312648309266,-0.0312648309266,-0.0312648309266,-0.0312648309266,-0.0312648309266,-0.0312648309266,-0.0312648309266,-0.0312648309266,-0.0312648309266,-0.0312648309266
1979,-0.0312593642829,-0.0312593642829,-0.0312593642829,-0.0312593642829,-0.0312593642829,-0.0312593642829,-0.0312593642829,-0.0312593642829,-0.0312593642829,-0.0312593642829,-0.0312593642829,-0.0312593642829,-0.0312593642829,-0.0312593642829,-0.0312593642829,-0.0312593642829,-0.0312593642829,-0.0312593642829,-0.0312593642829,-0.0312593642829,-0.0312593642829,-0.0312593642829,-0.0312593642829,-0.0312593642829,-0.0312593642829,-0.0312593642829,-0.0312593642829,-0.0312593642829,-0.0312593642829,-0.0312593642829,-0.0312593642829,-0.0312593642829,-0.0312593642829,-0.0312593642829,-0.0312593642829,-0.0312593642829,-0.0312593642829,-0.0312593642829,-0.0312593642829,-0.0312593642829,-0.0312593642829,-0.0312593642829,-0.0312593642829,-0.0312593642829,-0.0312593642829,-0.0312593642829,-0.0312593642829,-0.0312593642829,-0.0312593642829,-0.0312593642829,-0.0312593642829,-0.0312593642829,-0.0312593642829,-0.0312593642829,-0.0312593642829,-0.0312593642829,-0.0312593642829,-0.0312593642829,-0.0312593642829,-0.0312593642829,-0.0312593642829,-0.0312593642829,-0.0312593642829,-0.0312593642829,-0.0312593642829,-0.0312593642829,-0.0312593642829,-0.0312593642829,-0.0312593642829,-0.0312593642829,-0.0312593642829,-0.0312593642829,-0.0312593642829,-0.0312593642829,-0.0312593642829,-0.0312593642829,-0.0312593642829,-0.0312593642829,-0.0312593642829,-0.0312593642829,-0.0312593642829,-0.0312593642829,-0.0312593642829,-0.0312593642829,-0.0312593642829,-0.0312593642829,-0.0312593642829,-0.0312593642829,-0.0312593642829,-0.0312593642829,-0.0312593642829,-0.0312593642829,-0.0312593642829,-0.0312593642829,-0.0312593642829,-0.0312593642829,-0.0312593642829,-0.0312593642829,-0.0312593642829,-0.0312593642829
1980,-0.0312538653348,-0.0312538653348,-0.0312538653348,-0.0312538653348,-0.0312538653348,-0.0312538653348,-0.0312538653348,-0.0312538653348,-0.0312538653348,-0.0312538653348,-0.0312538653348,-0.0312538653348,-0.0312538653348,-0.0312538653348,-0.0312538653348,-0.0312538653348,-0.0312538653348,-0.0312538653348,-0.0312538653348,-0.0312538653348,-0.0312538653348,-0.0312538653348,-0.0312538653348,-0.0312538653348,-0.0312538653348,-0.0312538653348,-0.0312538653348,-0.0312538653348,-0.0312538653348,-0.0312538653348,-0.0312538653348,-0.0312538653348,-0.0312538653348,-0.0312538653348,-0.0312538653348,-0.0312538653348,-0.0312538653348,-0.0312538653348,-0.0312538653348,-0.0312538653348,-0.0312538653348,-0.0312538653348,-0.0312538653348,-0.0312538653348,-0.0312538653348,-0.0312538653348,-0.0312538653348,-0.0312538653348,-0.0312538653348,-0.0312538653348,-0.0312538653348,-0.0312538653348,-0.0312538653348,-0.0312538653348,-0.0312538653348,-0.0312538653348,-0.0312538653348,-0.0312538653348,-0.0312538653348,-0.0312538653348,-0.0312538653348,-0.0312538653348,-0.0312538653348,-0.0312538653348,-0.0312538653348,-0.0312538653348,-0.0312538653348,-0.0312538653348,-0.0312538653348,-0.0312538653348,-0.0312538653348,-0.0312538653348,-0.0312538653348,-0.0312538653348,-0.0312538653348,-0.0312538653348,-0.0312538653348,-0.0312538653348,-0.0312538653348,-0.0312538653348,-0.0312538653348,-0.0312538653348,-0.0312538653348,-0.0312538653348,-0.0312538653348,-0.0312538653348,-0.0312538653348,-0.0312538653348,-0.0312538653348,-0.0312538653348,-0.0312538653348,-0.0312538653348,-0.0312538653348,-0.0312538653348,-0.0312538653348,-0.0312538653348,-0.0312538653348,-0.0312538653348,-0.0312538653348,-0.0312538653348
1981,-0.0312483340871,-0.0312483340871,-0.0312483340871,-0.0312483340871,-0.0312483340871,-0.0312483340871,-0.0312483340871,-0.0312483340871,-0.0312483340871,-0.0312483340871,-0.0312483340871,-0.0312483340871,-0.0312483340871,-0.0312483340871,-0.0312483340871,-0.0312483340871,-0.0312483340871,-0.0312483340871,-0.0312483340871,-0.0312483340871,-0.0312483340871,-0.0312483340871,-0.0312483340871,-0.0312483340871,-0.0312483340871,-0.0312483340871,-0.0312483340871,-0.0312483340871,-0.0312483340871,-0.0312483340871,-0.0312483340871,-0.0312483340871,-0.0312483340871,-0.0312483340871,-0.0312483340871,-0.0312483340871,-0.0312483340871,-0.0312483340871,-0.0312483340871,-0.0312483340871,-0.0312483340871,-0.0312483340871,-0.0312483340871,-0.0312483340871,-0.0312483340871,-0.0312483340871,-0.0312483340871,-0.0312483340871,-0.0312483340871,-0.0312483340871,-0.0312483340871,-0.0312483340871,-0.0312483340871,-0.0312483340871,-0.0312483340871,-0.0312483340871,-0.0312483340871,-0.0312483340871,-0.0312483340871,-0.0312483340871,-0.0312483340871,-0.0312483340871,-0.0312483340871,-0.0312483340871,-0.0312483340871,-0.0312483340871,-0.0312483340871,-0.0312483340871,-0.0312483340871,-0.0312483340871,-0.0312483340871,-0.0312483340871,-0.0312483340871,-0.0312483340871,-0.0312483340871,-0.0312483340871,-0.0312483340871,-0.0312483340871,-0.0312483340871,-0.0312483340871,-0.0312483340871,-0.0312483340871,-0.0312483340871,-0.0312483340871,-0.0312483340871,-0.0312483340871,-0.0312483340871,-0.0312483340871,-0.0312483340871,-0.0312483340871,-0.0312483340871,-0.0312483340871,-0.0312483340871,-0.0312483340871,-0.0312483340871,-0.0312483340871,-0.0312483340871,-0.0312483340871,-0.0312483340871,-0.0312483340871
1982,-0.0312427705442,-0.0312427705442,-0.0312427705442,-0.0312427705442,-0.0312427705442,-0.0312427705442,-0.0312427705442,-0.0312427705442,-0.0312427705442,-0.0312427705442,-0.0312427705442,-0.0312427705442,-0.0312427705442,-0.0312427705442,-0.0312427705442,-0.0312427705442,-0.0312427705442,-0.0312427705442,-0.0312427705442,-0.0312427705442,-0.0312427705442,-0.0312427705442,-0.0312427705442,-0.0312427705442,-0.0312427705442,-0.0312427705442,-0.0312427705442,-0.0312427705442,-0.0312427705442,-0.0312427705442,-0.0312427705442,-0.0312427705442,-0.0312427705442,-0.0312427705442,-0.0312427705442,-0.0312427705442,-0.0312427705442,-0.0312427705442,-0.0312427705442,-0.0312427705442,-0.0312427705442,-0.0312427705442,-0.0312427705442,-0.0312427705442,-0.0312427705442,-0.0312427705442,-0.0312427705442,-0.0312427705442,-0.0312427705442,-0.0312427705442,-0.0312427705442,-0.0312427705442,-0.0312427705442,-0.0312427705442,-0.0312427705442,-0.0312427705442,-0.0312427705442,-0.0312427705442,-0.0312427705442,-0.0312427705442,-0.0312427705442,-0.0312427705442,-0.0312427705442,-0.0312427705442,-0.0312427705442,-0.0312427705442,-0.0312427705442,-0.0312427705442,-0.0312427705442,-0.0312427705442,-0.0312427705442,-0.0312427705442,-0.0312427705442,-0.0312427705442,-0.0312427705442,-0.0312427705442,-0.0312427705442,-0.0312427705442,-0.0312427705442,-0.0312427705442,-0.0312427705442,-0.0312427705442,-0.0312427705442,-0.0312427705442,-0.0312427705442,-0.0312427705442,-0.0312427705442,-0.0312427705442,-0.0312427705442,-0.0312427705442,-0.0312427705442,-0.0312427705442,-0.0312427705442,-0.0312427705442,-0.0312427705442,-0.0312427705442,-0.0312427705442,-0.0312427705442,-0.0312427705442,-0.0312427705442
1983,-0.0312371747107,-0.0312371747107,-0.0312371747107,-0.0312371747107,-0.0312371747107,-0.0312371747107,-0.0312371747107,-0.0312371747107,-0.0312371747107,-0.0312371747107,-0.0312371747107,-0.0312371747107,-0.0312371747107,-0.0312371747107,-0.0312371747107,-0.0312371747107,-0.0312371747107,-0.0312371747107,-0.0312371747107,-0.0312371747107,-0.0312371747107,-0.0312371747107,-0.0312371747107,-0.0312371747107,-0.0312371747107,-0.0312371747107,-0.0312371747107,-0.0312371747107,-0.0312371747107,-0.0312371747107,-0.0312371747107,-0.0312371747107,-0.0312371747107,-0.0312371747107,-0.0312371747107,-0.0312371747107,-0.0312371747107,-0.0312371747107,-0.0312371747107,-0.0312371747107,-0.0312371747107,-0.0312371747107,-0.0312371747107,-0.0312371747107,-0.0312371747107,-0.0312371747107,-0.0312371747107,-0.0312371747107,-0.0312371747107,-0.0312371747107,-0.0312371747107,-0.0312371747107,-0.0312371747107,-0.0312371747107,-0.0312371747107,-0.0312371747107,-0.0312371747107,-0.0312371747107,-0.0312371747107,-0.0312371747107,-0.0312371747107,-0.0312371747107,-0.0312371747107,-0.0312371747107,-0.0312371747107,-0.0312371747107,-0.0312371747107,-0.0312371747107,-0.0312371747107,-0.0312371747107,-0.0312371747107,-0.0312371747107,-0.0312371747107,-0.0312371747107,-0.0312371747107,-0.0312371747107,-0.0312371747107,-0.0312371747107,-0.0312371747107,-0.0312371747107,-0.0312371747107,-0.0312371747107,-0.0312371747107,-0.0312371747107,-0.0312371747107,-0.0312371747107,-0.0312371747107,-0.0312371747107,-0.0312371747107,-0.0312371747107,-0.0312371747107,-0.0312371747107,-0.0312371747107,-0.0312371747107,-0.0312371747107,-0.0312371747107,-0.0312371747107,-0.0312371747107,-0.0312371747107,-0.0312371747107
1984,-0.0312315465912,-0.0312315465912,-0.0312315465912,-0.0312315465912,-0.0312315465912,-0.0312315465912,-0.0312315465912,-0.0312315465912,-0.0312315465912,-0.0312315465912,-0.0312315465912,-0.0312315465912,-0.0312315465912,-0.0312315465912,-0.0312315465912,-0.0312315465912,-0.0312315465912,-0.0312315465912,-0.0312315465912,-0.0312315465912,-0.0312315465912,-0.0312315465912,-0.0312315465912,-0.0312315465912,-0.0312315465912,-0.0312315465912,-0.0312315465912,-0.0312315465912,-0.0312315465912,-0.0312315465912,-0.0312315465912,-0.0312315465912,-0.0312315465912,-0.0312315465912,-0.0312315465912,-0.0312315465912,-0.0312315465912,-0.0312315465912,-0.0312315465912,-0.0312315465912,-0.0312315465912,-0.0312315465912,-0.0312315465912,-0.0312315465912,-0.0312315465912,-0.0312315465912,-0.0312315465912,-0.0312315465912,-0.0312315465912,-0.0312315465912,-0.0312315465912,-0.0312315465912,-0.0312315465912,-0.0312315465912,-0.0312315465912,-0.0312315465912,-0.0312315465912,-0.0312315465912,-0.0312315465912,-0.0312315465912,-0.0312315465912,-0.0312315465912,-0.0312315465912,-0.0312315465912,-0.0312315465912,-0.0312315465912,-0.0312315465912,-0.0312315465912,-0.0312315465912,-0.0312315465912,-0.0312315465912,-0.0312315465912,-0.0312315465912,-0.0312315465912,-0.0312315465912,-0.0312315465912,-0.0312315465912,-0.0312315465912,-0.0312315465912,-0.0312315465912,-0.0312315465912,-0.0312315465912,-0.0312315465912,-0.0312315465912,-0.0312315465912,-0.0312315465912,-0.0312315465912,-0.0312315465912,-0.0312315465912,-0.0312315465912,-0.0312315465912,-0.0312315465912,-0.0312315465912,-0.0312315465912,-0.0312315465912,-0.0312315465912,-0.0312315465912,-0.0312315465912,-0.0312315465912,-0.0312315465912
1985,-0.0312258861903,-0.0312258861903,-0.0312258861903,-0.0312258861903,-0.0312258861903,-0.0312258861903,-0.0312258861903,-0.0312258861903,-0.0312258861903,-0.0312258861903,-0.0312258861903,-0.0312258861903,-0.0312258861903,-0.0312258861903,-0.0312258861903,-0.0312258861903,-0.0312258861903,-0.0312258861903,-0.0312258861903,-0.0312258861903,-0.0312258861903,-0.0312258861903,-0.0312258861903,-0.0312258861903,-0.0312258861903,-0.0312258861903,-0.0312258861903,-0.0312258861903,-0.0312258861903,-0.0312258861903,-0.0312258861903,-0.0312258861903,-0.0312258861903,-0.0312258861903,-0.0312258861903,-0.0312258861903,-0.0312258861903,-0.0312258861903,-0.0312258861903,-0.0312258861903,-0.0312258861903,-0.0312258861903,-0.0312258861903,-0.0312258861903,-0.0312258861903,-0.0312258861903,-0.0312258861903,-0.0312258861903,-0.0312258861903,-0.0312258861903,-0.0312258861903,-0.0312258861903,-0.0312258861903,-0.0312258861903,-0.0312258861903,-0.0312258861903,-0.0312258861903,-0.0312258861903,-0.0312258861903,-0.0312258861903,-0.0312258861903,-0.0312258861903,-0.0312258861903,-0.0312258861903,-0.0312258861903,-0.0312258861903,-0.0312258861903,-0.0312258861903,-0.0312258861903,-0.0312258861903,-0.0312258861903,-0.0312258861903,-0.0312258861903,-0.0312258861903,-0.0312258861903,-0.0312258861903,-0.0312258861903,-0.0312258861903,-0.0312258861903,-0.0312258861903,-0.0312258861903,-0.0312258861903,-0.0312258861903,-0.0312258861903,-0.0312258861903,-0.0312258861903,-0.0312258861903,-0.0312258861903,-0.0312258861903,-0.0312258861903,-0.0312258861903,-0.0312258861903,-0.0312258861903,-0.0312258861903,-0.0312258861903,-0.0312258861903,-0.0312258861903,-0.0312258861903,-0.0312258861903,-0.0312258861903
1986,-0.0312201935125,-0.0312201935125,-0.0312201935125,-0.0312201935125,-0.0312201935125,-0.0312201935125,-0.0312201935125,-0.0312201935125,-0.0312201935125,-0.0312201935125,-0.0312201935125,-0.0312201935125,-0.0312201935125,-0.0312201935125,-0.0312201935125,-0.0312201935125,-0.0312201935125,-0.0312201935125,-0.0312201935125,-0.0312201935125,-0.0312201935125,-0.0312201935125,-0.0312201935125,-0.0312201935125,-0.0312201935125,-0.0312201935125,-0.0312201935125,-0.0312201935125,-0.0312201935125,-0.0312201935125,-0.0312201935125,-0.0312201935125,-0.0312201935125,-0.0312201935125,-0.0312201935125,-0.0312201935125,-0.0312201935125,-0.0312201935125,-0.0312201935125,-0.0312201935125,-0.0312201935125,-0.0312201935125,-0.0312201935125,-0.0312201935125,-0.0312201935125,-0.0312201935125,-0.0312201935125,-0.0312201935125,-0.0312201935125,-0.0312201935125,-0.0312201935125,-0.0312201935125,-0.0312201935125,-0.0312201935125,-0.0312201935125,-0.0312201935125,-0.0312201935125,-0.0312201935125,-0.0312201935125,-0.0312201935125,-0.0312201935125,-0.0312201935125,-0.0312201935125,-0.0312201935125,-0.0312201935125,-0.0312201935125,-0.0312201935125,-0.0312201935125,-0.0312201935125,-0.0312201935125,-0.0312201935125,-0.0312201935125,-0.0312201935125,-0.0312201935125,-0.0312201935125,-0.0312201935125,-0.0312201935125,-0.0312201935125,-0.0312201935125,-0.0312201935125,-0.0312201935125,-0.0312201935125,-0.0312201935125,-0.0312201935125,-0.0312201935125,-0.0312201935125,-0.0312201935125,-0.0312201935125,-0.0312201935125,-0.0312201935125,-0.0312201935125,-0.0312201935125,-0.0312201935125,-0.0312201935125,-0.0312201935125,-0.0312201935125,-0.0312201935125,-0.0312201935125,-0.0312201935125,-0.0312201935125
1987,-0.0312144685623,-0.0312144685623,-0.0312144685623,-0.0312144685623,-0.0312144685623,-0.0312144685623,-0.0312144685623,-0.0312144685623,-0.0312144685623,-0.0312144685623,-0.0312144685623,-0.0312144685623,-0.0312144685623,-0.0312144685623,-0.0312144685623,-0.0312144685623,-0.0312144685623,-0.0312144685623,-0.0312144685623,-0.0312144685623,-0.0312144685623,-0.0312144685623,-0.0312144685623,-0.0312144685623,-0.0312144685623,-0.0312144685623,-0.0312144685623,-0.0312144685623,-0.0312144685623,-0.0312144685623,-0.0312144685623,-0.0312144685623,-0.0312144685623,-0.0312144685623,-0.0312144685623,-0.0312144685623,-0.0312144685623,-0.0312144685623,-0.0312144685623,-0.0312144685623,-0.0312144685623,-0.0312144685623,-0.0312144685623,-0.0312144685623,-0.0312144685623,-0.0312144685623,-0.0312144685623,-0.0312144685623,-0.0312144685623,-0.0312144685623,-0.0312144685623,-0.0312144685623,-0.0312144685623,-0.0312144685623,-0.0312144685623,-0.0312144685623,-0.0312144685623,-0.0312144685623,-0.0312144685623,-0.0312144685623,-0.0312144685623,-0.0312144685623,-0.0312144685623,-0.0312144685623,-0.0312144685623,-0.0312144685623,-0.0312144685623,-0.0312144685623,-0.0312144685623,-0.0312144685623,-0.0312144685623,-0.0312144685623,-0.0312144685623,-0.0312144685623,-0.0312144685623,-0.0312144685623,-0.0312144685623,-0.0312144685623,-0.0312144685623,-0.0312144685623,-0.0312144685623,-0.0312144685623,-0.0312144685623,-0.0312144685623,-0.0312144685623,-0.0312144685623,-0.0312144685623,-0.0312144685623,-0.0312144685623,-0.0312144685623,-0.0312144685623,-0.0312144685623,-0.0312144685623,-0.0312144685623,-0.0312144685623,-0.0312144685623,-0.0312144685623,-0.0312144685623,-0.0312144685623,-0.0312144685623
1988,-0.0312087113445,-0.0312087113445,-0.0312087113445,-0.0312087113445,-0.0312087113445,-0.0312087113445,-0.0312087113445,-0.0312087113445,-0.0312087113445,-0.0312087113445,-0.0312087113445,-0.0312087113445,-0.0312087113445,-0.0312087113445,-0.0312087113445,-0.0312087113445,-0.0312087113445,-0.0312087113445,-0.0312087113445,-0.0312087113445,-0.0312087113445,-0.0312087113445,-0.0312087113445,-0.0312087113445,-0.0312087113445,-0.0312087113445,-0.0312087113445,-0.0312087113445,-0.0312087113445,-0.0312087113445,-0.0312087113445,-0.0312087113445,-0.0312087113445,-0.0312087113445,-0.0312087113445,-0.0312087113445,-0.0312087113445,-0.0312087113445,-0.0312087113445,-0.0312087113445,-0.0312087113445,-0.0312087113445,-0.0312087113445,-0.0312087113445,-0.0312087113445,-0.0312087113445,-0.0312087113445,-0.0312087113445,-0.0312087113445,-0.0312087113445,-0.0312087113445,-0.0312087113445,-0.0312087113445,-0.0312087113445,-0.0312087113445,-0.0312087113445,-0.0312087113445,-0.0312087113445,-0.0312087113445,-0.0312087113445,-0.0312087113445,-0.0312087113445,-0.0312087113445,-0.0312087113445,-0.0312087113445,-0.0312087113445,-0.0312087113445,-0.0312087113445,-0.0312087113445,-0.0312087113445,-0.0312087113445,-0.0312087113445,-0.0312087113445,-0.0312087113445,-0.0312087113445,-0.0312087113445,-0.0312087113445,-0.0312087113445,-0.0312087113445,-0.0312087113445,-0.0312087113445,-0.0312087113445,-0.0312087113445,-0.0312087113445,-0.0312087113445,-0.0312087113445,-0.0312087113445,-0.0312087113445,-0.0312087113445,-0.0312087113445,-0.0312087113445,-0.0312087113445,-0.0312087113445,-0.0312087113445,-0.0312087113445,-0.0312087113445,-0.0312087113445,-0.0312087113445,-0.0312087113445,-0.0312087113445
1989,-0.0312029218635,-0.0312029218635,-0.0312029218635,-0.0312029218635,-0.0312029218635,-0.0312029218635,-0.0312029218635,-0.0312029218635,-0.0312029218635,-0.0312029218635,-0.0312029218635,-0.0312029218635,-0.0312029218635,-0.0312029218635,-0.0312029218635,-0.0312029218635,-0.0312029218635,-0.0312029218635,-0.0312029218635,-0.0312029218635,-0.0312029218635,-0.0312029218635,-0.0312029218635,-0.0312029218635,-0.0312029218635,-0.0312029218635,-0.0312029218635,-0.0312029218635,-0.0312029218635,-0.0312029218635,-0.0312029218635,-0.0312029218635,-0.0312029218635,-0.0312029218635,-0.0312029218635,-0.0312029218635,-0.0312029218635,-0.0312029218635,-0.0312029218635,-0.0312029218635,-0.0312029218635,-0.0312029218635,-0.0312029218635,-0.0312029218635,-0.0312029218635,-0.0312029218635,-0.0312029218635,-0.0312029218635,-0.0312029218635,-0.0312029218635,-0.0312029218635,-0.0312029218635,-0.0312029218635,-0.0312029218635,-0.0312029218635,-0.0312029218635,-0.0312029218635,-0.0312029218635,-0.0312029218635,-0.0312029218635,-0.0312029218635,-0.0312029218635,-0.0312029218635,-0.0312029218635,-0.0312029218635,-0.0312029218635,-0.0312029218635,-0.0312029218635,-0.0312029218635,-0.0312029218635,-0.0312029218635,-0.0312029218635,-0.0312029218635,-0.0312029218635,-0.0312029218635,-0.0312029218635,-0.0312029218635,-0.0312029218635,-0.0312029218635,-0.0312029218635,-0.0312029218635,-0.0312029218635,-0.0312029218635,-0.0312029218635,-0.0312029218635,-0.0312029218635,-0.0312029218635,-0.0312029218635,-0.0312029218635,-0.0312029218635,-0.0312029218635,-0.0312029218635,-0.0312029218635,-0.0312029218635,-0.0312029218635,-0.0312029218635,-0.0312029218635,-0.0312029218635,-0.0312029218635,-0.0312029218635
1990,-0.0311971001238,-0.0311971001238,-0.0311971001238,-0.0311971001238,-0.0311971001238,-0.0311971001238,-0.0311971001238,-0.0311971001238,-0.0311971001238,-0.0311971001238,-0.0311971001238,-0.0311971001238,-0.0311971001238,-0.0311971001238,-0.0311971001238,-0.0311971001238,-0.0311971001238,-0.0311971001238,-0.0311971001238,-0.0311971001238,-0.0311971001238,-0.0311971001238,-0.0311971001238,-0.0311971001238,-0.0311971001238,-0.0311971001238,-0.0311971001238,-0.0311971001238,-0.0311971001238,-0.0311971001238,-0.0311971001238,-0.0311971001238,-0.0311971001238,-0.0311971001238,-0.0311971001238,-0.0311971001238,-0.0311971001238,-0.0311971001238,-0.0311971001238,-0.0311971001238,-0.0311971001238,-0.0311971001238,-0.0311971001238,-0.0311971001238,-0.0311971001238,-0.0311971001238,-0.0311971001238,-0.0311971001238,-0.0311971001238,-0.0311971001238,-0.0311971001238,-0.0311971001238,-0.0311971001238,-0.0311971001238,-0.0311971001238,-0.0311971001238,-0.0311971001238,-0.0311971001238,-0.0311971001238,-0.0311971001238,-0.0311971001238,-0.0311971001238,-0.0311971001238,-0.0311971001238,-0.0311971001238,-0.0311971001238,-0.0311971001238,-0.0311971001238,-0.0311971001238,-0.0311971001238,-0.0311971001238,-0.0311971001238,-0.0311971001238,-0.0311971001238,-0.0311971001238,-0.0311971001238,-0.0311971001238,-0.0311971001238,-0.0311971001238,-0.0311971001238,-0.0311971001238,-0.0311971001238,-0.0311971001238,-0.0311971001238,-0.0311971001238,-0.0311971001238,-0.0311971001238,-0.0311971001238,-0.0311971001238,-0.0311971001238,-0.0311971001238,-0.0311971001238,-0.0311971001238,-0.0311971001238,-0.0311971001238,-0.0311971001238,-0.0311971001238,-0.0311971001238,-0.0311971001238,-0.0311971001238
1991,-0.0311912461301,-0.0311912461301,-0.0311912461301,-0.0311912461301,-0.0311912461301,-0.0311912461301,-0.0311912461301,-0.0311912461301,-0.0311912461301,-0.0311912461301,-0.0311912461301,-0.0311912461301,-0.0311912461301,-0.0311912461301,-0.0311912461301,-0.0311912461301,-0.0311912461301,-0.0311912461301,-0.0311912461301,-0.0311912461301,-0.0311912461301,-0.0311912461301,-0.0311912461301,-0.0311912461301,-0.0311912461301,-0.0311912461301,-0.0311912461301,-0.0311912461301,-0.0311912461301,-0.0311912461301,-0.0311912461301,-0.0311912461301,-0.0311912461301,-0.0311912461301,-0.0311912461301,-0.0311912461301,-0.0311912461301,-0.0311912461301,-0.0311912461301,-0.0311912461301,-0.0311912461301,-0.0311912461301,-0.0311912461301,-0.0311912461301,-0.0311912461301,-0.0311912461301,-0.0311912461301,-0.0311912461301,-0.0311912461301,-0.0311912461301,-0.0311912461301,-0.0311912461301,-0.0311912461301,-0.0311912461301,-0.0311912461301,-0.0311912461301,-0.0311912461301,-0.0311912461301,-0.0311912461301,-0.0311912461301,-0.0311912461301,-0.0311912461301,-0.0311912461301,-0.0311912461301,-0.0311912461301,-0.0311912461301,-0.0311912461301,-0.0311912461301,-0.0311912461301,-0.0311912461301,-0.0311912461301,-0.0311912461301,-0.0311912461301,-0.0311912461301,-0.0311912461301,-0.0311912461301,-0.0311912461301,-0.0311912461301,-0.0311912461301,-0.0311912461301,-0.0311912461301,-0.0311912461301,-0.0311912461301,-0.0311912461301,-0.0311912461301,-0.0311912461301,-0.0311912461301,-0.0311912461301,-0.0311912461301,-0.0311912461301,-0.0311912461301,-0.0311912461301,-0.0311912461301,-0.0311912461301,-0.0311912461301,-0.0311912461301,-0.0311912461301,-0.0311912461301,-0.0311912461301,-0.0311912461301
1992,-0.031185359887,-0.031185359887,-0.031185359887,-0.031185359887,-0.031185359887,-0.031185359887,-0.031185359887,-0.031185359887,-0.031185359887,-0.031185359887,-0.031185359887,-0.031185359887,-0.031185359887,-0.031185359887,-0.031185359887,-0.031185359887,-0.031185359887,-0.031185359887,-0.031185359887,-0.031185359887,-0.031185359887,-0.031185359887,-0.031185359887,-0.031185359887,-0.031185359887,-0.031185359887,-0.031185359887,-0.031185359887,-0.031185359887,-0.031185359887,-0.031185359887,-0.031185359887,-0.031185359887,-0.031185359887,-0.031185359887,-0.031185359887,-0.031185359887,-0.031185359887,-0.031185359887,-0.031185359887,-0.031185359887,-0.031185359887,-0.031185359887,-0.031185359887,-0.031185359887,-0.031185359887,-0.031185359887,-0.031185359887,-0.031185359887,-0.031185359887,-0.031185359887,-0.031185359887,-0.031185359887,-0.031185359887,-0.031185359887,-0.031185359887,-0.031185359887,-0.031185359887,-0.031185359887,-0.031185359887,-0.031185359887,-0.031185359887,-0.031185359887,-0.031185359887,-0.031185359887,-0.031185359887,-0.031185359887,-0.031185359887,-0.031185359887,-0.031185359887,-0.031185359887,-0.031185359887,-0.031185359887,-0.031185359887,-0.031185359887,-0.031185359887,-0.031185359887,-0.031185359887,-0.031185359887,-0.031185359887,-0.031185359887,-0.031185359887,-0.031185359887,-0.031185359887,-0.031185359887,-0.031185359887,-0.031185359887,-0.031185359887,-0.031185359887,-0.031185359887,-0.031185359887,-0.031185359887,-0.031185359887,-0.031185359887,-0.031185359887,-0.031185359887,-0.031185359887,-0.031185359887,-0.031185359887,-0.031185359887
1993,-0.031179441399,-0.031179441399,-0.031179441399,-0.031179441399,-0.031179441399,-0.031179441399,-0.031179441399,-0.031179441399,-0.031179441399,-0.031179441399,-0.031179441399,-0.031179441399,-0.031179441399,-0.031179441399,-0.031179441399,-0.031179441399,-0.031179441399,-0.031179441399,-0.031179441399,-0.031179441399,-0.031179441399,-0.031179441399,-0.031179441399,-0.031179441399,-0.031179441399,-0.031179441399,-0.031179441399,-0.031179441399,-0.031179441399,-0.031179441399,-0.031179441399,-0.031179441399,-0.031179441399,-0.031179441399,-0.031179441399,-0.031179441399,-0.031179441399,-0.031179441399,-0.031179441399,-0.031179441399,-0.031179441399,-0.031179441399,-0.031179441399,-0.031179441399,-0.031179441399,-0.031179441399,-0.031179441399,-0.031179441399,-0.031179441399,-0.031179441399,-0.031179441399,-0.031179441399,-0.031179441399,-0.031179441399,-0.031179441399,-0.031179441399,-0.031179441399,-0.031179441399,-0.031179441399,-0.031179441399,-0.031179441399,-0.031179441399,-0.031179441399,-0.031179441399,-0.031179441399,-0.031179441399,-0.031179441399,-0.031179441399,-0.031179441399,-0.031179441399,-0.031179441399,-0.031179441399,-0.031179441399,-0.031179441399,-0.031179441399,-0.031179441399,-0.031179441399,-0.031179441399,-0.031179441399,-0.031179441399,-0.031179441399,-0.031179441399,-0.031179441399,-0.031179441399,-0.031179441399,-0.031179441399,-0.031179441399,-0.031179441399,-0.031179441399,-0.031179441399,-0.031179441399,-0.031179441399,-0.031179441399,-0.031179441399,-0.031179441399,-0.031179441399,-0.031179441399,-0.031179441399,-0.031179441399,-0.031179441399
1994,-0.0311734906706,-0.0311734906706,-0.0311734906706,-0.0311734906706,-0.0311734906706,-0.0311734906706,-0.0311734906706,-0.0311734906706,-0.0311734906706,-0.0311734906706,-0.0311734906706,-0.0311734906706,-0.0311734906706,-0.0311734906706,-0.0311734906706,-0.0311734906706,-0.0311734906706,-0.0311734906706,-0.0311734906706,-0.0311734906706,-0.0311734906706,-0.0311734906706,-0.0311734906706,-0.0311734906706,-0.0311734906706,-0.0311734906706,-0.0311734906706,-0.0311734906706,-0.0311734906706,-0.0311734906706,-0.0311734906706,-0.0311734906706,-0.0311734906706,-0.0311734906706,-0.0311734906706,-0.0311734906706,-0.0311734906706,-0.0311734906706,-0.0311734906706,-0.0311734906706,-0.0311734906706,-0.0311734906706,-0.0311734906706,-0.0311734906706,-0.0311734906706,-0.0311734906706,-0.0311734906706,-0.0311734906706,-0.0311734906706,-0.0311734906706,-0.0311734906706,-0.0311734906706,-0.0311734906706,-0.0311734906706,-0.0311734906706,-0.0311734906706,-0.0311734906706,-0.0311734906706,-0.0311734906706,-0.0311734906706,-0.0311734906706,-0.0311734906706,-0.0311734906706,-0.0311734906706,-0.0311734906706,-0.0311734906706,-0.0311734906706,-0.0311734906706,-0.0311734906706,-0.0311734906706,-0.0311734906706,-0.0311734906706,-0.0311734906706,-0.0311734906706,-0.0311734906706,-0.0311734906706,-0.0311734906706,-0.0311734906706,-0.0311734906706,-0.0311734906706,-0.0311734906706,-0.0311734906706,-0.0311734906706,-0.0311734906706,-0.0311734906706,-0.0311734906706,-0.0311734906706,-0.0311734906706,-0.0311734906706,-0.0311734906706,-0.0311734906706,-0.0311734906706,-0.0311734906706,-0.0311734906706,-0.0311734906706,-0.0311734906706,-0.0311734906706,-0.0311734906706,-0.0311734906706,-0.0311734906706
1995,-0.0311675077065,-0.0311675077065,-0.0311675077065,-0.0311675077065,-0.0311675077065,-0.0311675077065,-0.0311675077065,-0.0311675077065,-0.0311675077065,-0.0311675077065,-0.0311675077065,-0.0311675077065,-0.0311675077065,-0.0311675077065,-0.0311675077065,-0.0311675077065,-0.0311675077065,-0.0311675077065,-0.0311675077065,-0.0311675077065,-0.0311675077065,-0.0311675077065,-0.0311675077065,-0.0311675077065,-0.0311675077065,-0.0311675077065,-0.0311675077065,-0.0311675077065,-0.0311675077065,-0.0311675077065,-0.0311675077065,-0.0311675077065,-0.0311675077065,-0.0311675077065,-0.0311675077065,-0.0311675077065,-0.0311675077065,-0.0311675077065,-0.0311675077065,-0.0311675077065,-0.0311675077065,-0.0311675077065,-0.0311675077065,-0.0311675077065,-0.0311675077065,-0.0311675077065,-0.0311675077065,-0.0311675077065,-0.0311675077065,-0.0311675077065,-0.0311675077065,-0.0311675077065,-0.0311675077065,-0.0311675077065,-0.0311675077065,-0.0311675077065,-0.0311675077065,-0.0311675077065,-0.0311675077065,-0.0311675077065,-0.0311675077065,-0.0311675077065,-0.0311675077065,-0.0311675077065,-0.0311675077065,-0.0311675077065,-0.0311675077065,-0.0311675077065,-0.0311675077065,-0.0311675077065,-0.0311675077065,-0.0311675077065,-0.0311675077065,-0.0311675077065,-0.0311675077065,-0.0311675077065,-0.0311675077065,-0.0311675077065,-0.0311675077065,-0.0311675077065,-0.0311675077065,-0.0311675077065,-0.0311675077065,-0.0311675077065,-0.0311675077065,-0.0311675077065,-0.0311675077065,-0.0311675077065,-0.0311675077065,-0.0311675077065,-0.0311675077065,-0.0311675077065,-0.0311675077065,-0.0311675077065,-0.0311675077065,-0.0311675077065,-0.0311675077065,-0.0311675077065,-0.0311675077065,-0.0311675077065
1996,-0.0311614925112,-0.0311614925112,-0.0311614925112,-0.0311614925112,-0.0311614925112,-0.0311614925112,-0.0311614925112,-0.0311614925112,-0.0311614925112,-0.0311614925112,-0.0311614925112,-0.0311614925112,-0.0311614925112,-0.0311614925112,-0.0311614925112,-0.0311614925112,-0.0311614925112,-0.0311614925112,-0.0311614925112,-0.0311614925112,-0.0311614925112,-0.0311614925112,-0.0311614925112,-0.0311614925112,-0.0311614925112,-0.0311614925112,-0.0311614925112,-0.0311614925112,-0.0311614925112,-0.0311614925112,-0.0311614925112,-0.0311614925112,-0.0311614925112,-0.0311614925112,-0.0311614925112,-0.0311614925112,-0.0311614925112,-0.0311614925112,-0.0311614925112,-0.0311614925112,-0.0311614925112,-0.0311614925112,-0.0311614925112,-0.0311614925112,-0.0311614925112,-0.0311614925112,-0.0311614925112,-0.0311614925112,-0.0311614925112,-0.0311614925112,-0.0311614925112,-0.0311614925112,-0.0311614925112,-0.0311614925112,-0.0311614925112,-0.0311614925112,-0.0311614925112,-0.0311614925112,-0.0311614925112,-0.0311614925112,-0.0311614925112,-0.0311614925112,-0.0311614925112,-0.0311614925112,-0.0311614925112,-0.0311614925112,-0.0311614925112,-0.0311614925112,-0.0311614925112,-0.0311614925112,-0.0311614925112,-0.0311614925112,-0.0311614925112,-0.0311614925112,-0.0311614925112,-0.0311614925112,-0.0311614925112,-0.0311614925112,-0.0311614925112,-0.0311614925112,-0.0311614925112,-0.0311614925112,-0.0311614925112,-0.0311614925112,-0.0311614925112,-0.0311614925112,-0.0311614925112,-0.0311614925112,-0.0311614925112,-0.0311614925112,-0.0311614925112,-0.0311614925112,-0.0311614925112,-0.0311614925112,-0.0311614925112,-0.0311614925112,-0.0311614925112,-0.0311614925112,-0.0311614925112,-0.0311614925112
1997,-0.0311554450893,-0.0311554450893,-0.0311554450893,-0.0311554450893,-0.0311554450893,-0.0311554450893,-0.0311554450893,-0.0311554450893,-0.0311554450893,-0.0311554450893,-0.0311554450893,-0.0311554450893,-0.0311554450893,-0.0311554450893,-0.0311554450893,-0.0311554450893,-0.0311554450893,-0.0311554450893,-0.0311554450893,-0.0311554450893,-0.0311554450893,-0.0311554450893,-0.0311554450893,-0.0311554450893,-0.0311554450893,-0.0311554450893,-0.0311554450893,-0.0311554450893,-0.0311554450893,-0.0311554450893,-0.0311554450893,-0.0311554450893,-0.0311554450893,-0.0311554450893,-0.0311554450893,-0.0311554450893,-0.0311554450893,-0.0311554450893,-0.0311554450893,-0.0311554450893,-0.0311554450893,-0.0311554450893,-0.0311554450893,-0.0311554450893,-0.0311554450893,-0.0311554450893,-0.0311554450893,-0.0311554450893,-0.0311554450893,-0.0311554450893,-0.0311554450893,-0.0311554450893,-0.0311554450893,-0.0311554450893,-0.0311554450893,-0.0311554450893,-0.0311554450893,-0.0311554450893,-0.0311554450893,-0.0311554450893,-0.0311554450893,-0.0311554450893,-0.0311554450893,-0.0311554450893,-0.0311554450893,-0.0311554450893,-0.0311554450893,-0.0311554450893,-0.0311554450893,-0.0311554450893,-0.0311554450893,-0.0311554450893,-0.0311554450893,-0.0311554450893,-0.0311554450893,-0.0311554450893,-0.0311554450893,-0.0311554450893,-0.0311554450893,-0.0311554450893,-0.0311554450893,-0.0311554450893,-0.0311554450893,-0.0311554450893,-0.0311554450893,-0.0311554450893,-0.0311554450893,-0.0311554450893,-0.0311554450893,-0.0311554450893,-0.0311554450893,-0.0311554450893,-0.0311554450893,-0.0311554450893,-0.0311554450893,-0.0311554450893,-0.0311554450893,-0.0311554450893,-0.0311554450893,-0.0311554450893
1998,-0.0311493654453,-0.0311493654453,-0.0311493654453,-0.0311493654453,-0.0311493654453,-0.0311493654453,-0.0311493654453,-0.0311493654453,-0.0311493654453,-0.0311493654453,-0.0311493654453,-0.0311493654453,-0.0311493654453,-0.0311493654453,-0.0311493654453,-0.0311493654453,-0.0311493654453,-0.0311493654453,-0.0311493654453,-0.0311493654453,-0.0311493654453,-0.0311493654453,-0.0311493654453,-0.0311493654453,-0.0311493654453,-0.0311493654453,-0.0311493654453,-0.0311493654453,-0.0311493654453,-0.0311493654453,-0.0311493654453,-0.0311493654453,-0.0311493654453,-0.0311493654453,-0.0311493654453,-0.0311493654453,-0.0311493654453,-0.0311493654453,-0.0311493654453,-0.0311493654453,-0.0311493654453,-0.0311493654453,-0.0311493654453,-0.0311493654453,-0.0311493654453,-0.0311493654453,-0.0311493654453,-0.0311493654453,-0.0311493654453,-0.0311493654453,-0.0311493654453,-0.0311493654453,-0.0311493654453,-0.0311493654453,-0.0311493654453,-0.0311493654453,-0.0311493654453,-0.0311493654453,-0.0311493654453,-0.0311493654453,-0.0311493654453,-0.0311493654453,-0.0311493654453,-0.0311493654453,-0.0311493654453,-0.0311493654453,-0.0311493654453,-0.0311493654453,-0.0311493654453,-0.0311493654453,-0.0311493654453,-0.0311493654453,-0.0311493654453,-0.0311493654453,-0.0311493654453,-0.0311493654453,-0.0311493654453,-0.0311493654453,-0.0311493654453,-0.0311493654453,-0.0311493654453,-0.0311493654453,-0.0311493654453,-0.0311493654453,-0.0311493654453,-0.0311493654453,-0.0311493654453,-0.0311493654453,-0.0311493654453,-0.0311493654453,-0.0311493654453,-0.0311493654453,-0.0311493654453,-0.0311493654453,-0.0311493654453,-0.0311493654453,-0.0311493654453,-0.0311493654453,-0.0311493654453,-0.0311493654453
1999,-0.0311432535839,-0.0311432535839,-0.0311432535839,-0.0311432535839,-0.0311432535839,-0.0311432535839,-0.0311432535839,-0.0311432535839,-0.0311432535839,-0.0311432535839,-0.0311432535839,-0.0311432535839,-0.0311432535839,-0.0311432535839,-0.0311432535839,-0.0311432535839,-0.0311432535839,-0.0311432535839,-0.0311432535839,-0.0311432535839,-0.0311432535839,-0.0311432535839,-0.0311432535839,-0.0311432535839,-0.0311432535839,-0.0311432535839,-0.0311432535839,-0.0311432535839,-0.0311432535839,-0.0311432535839,-0.0311432535839,-0.0311432535839,-0.0311432535839,-0.0311432535839,-0.0311432535839,-0.0311432535839,-0.0311432535839,-0.0311432535839,-0.0311432535839,-0.0311432535839,-0.0311432535839,-0.0311432535839,-0.0311432535839,-0.0311432535839,-0.0311432535839,-0.0311432535839,-0.0311432535839,-0.0311432535839,-0.0311432535839,-0.0311432535839,-0.0311432535839,-0.0311432535839,-0.0311432535839,-0.0311432535839,-0.0311432535839,-0.0311432535839,-0.0311432535839,-0.0311432535839,-0.0311432535839,-0.0311432535839,-0.0311432535839,-0.0311432535839,-0.0311432535839,-0.0311432535839,-0.0311432535839,-0.0311432535839,-0.0311432535839,-0.0311432535839,-0.0311432535839,-0.0311432535839,-0.0311432535839,-0.0311432535839,-0.0311432535839,-0.0311432535839,-0.0311432535839,-0.0311432535839,-0.0311432535839,-0.0311432535839,-0.0311432535839,-0.0311432535839,-0.0311432535839,-0.0311432535839,-0.0311432535839,-0.0311432535839,-0.0311432535839,-0.0311432535839,-0.0311432535839,-0.0311432535839,-0.0311432535839,-0.0311432535839,-0.0311432535839,-0.0311432535839,-0.0311432535839,-0.0311432535839,-0.0311432535839,-0.0311432535839,-0.0311432535839,-0.0311432535839,-0.0311432535839,-0.0311432535839
2000,-0.0311371095096,-0.0311371095096,-0.0311371095096,-0.0311371095096,-0.0311371095096,-0.0311371095096,-0.0311371095096,-0.0311371095096,-0.0311371095096,-0.0311371095096,-0.0311371095096,-0.0311371095096,-0.0311371095096,-0.0311371095096,-0.0311371095096,-0.0311371095096,-0.0311371095096,-0.0311371095096,-0.0311371095096,-0.0311371095096,-0.0311371095096,-0.0311371095096,-0.0311371095096,-0.0311371095096,-0.0311371095096,-0.0311371095096,-0.0311371095096,-0.0311371095096,-0.0311371095096,-0.0311371095096,-0.0311371095096,-0.0311371095096,-0.0311371095096,-0.0311371095096,-0.0311371095096,-0.0311371095096,-0.0311371095096,-0.0311371095096,-0.0311371095096,-0.0311371095096,-0.0311371095096,-0.0311371095096,-0.0311371095096,-0.0311371095096,-0.0311371095096,-0.0311371095096,-0.0311371095096,-0.0311371095096,-0.0311371095096,-0.0311371095096,-0.0311371095096,-0.0311371095096,-0.0311371095096,-0.0311371095096,-0.0311371095096,-0.0311371095096,-0.0311371095096,-0.0311371095096,-0.0311371095096,-0.0311371095096,-0.0311371095096,-0.0311371095096,-0.0311371095096,-0.0311371095096,-0.0311371095096,-0.0311371095096,-0.0311371095096,-0.0311371095096,-0.0311371095096,-0.0311371095096,-0.0311371095096,-0.0311371095096,-0.0311371095096,-0.0311371095096,-0.0311371095096,-0.0311371095096,-0.0311371095096,-0.0311371095096,-0.0311371095096,-0.0311371095096,-0.0311371095096,-0.0311371095096,-0.0311371095096,-0.0311371095096,-0.0311371095096,-0.0311371095096,-0.0311371095096,-0.0311371095096,-0.0311371095096,-0.0311371095096,-0.0311371095096,-0.0311371095096,-0.0311371095096,-0.0311371095096,-0.0311371095096,-0.0311371095096,-0.0311371095096,-0.0311371095096,-0.0311371095096,-0.0311371095096
2001,-0.0311309332269,-0.0311309332269,-0.0311309332269,-0.0311309332269,-0.0311309332269,-0.0311309332269,-0.0311309332269,-0.0311309332269,-0.0311309332269,-0.0311309332269,-0.0311309332269,-0.0311309332269,-0.0311309332269,-0.0311309332269,-0.0311309332269,-0.0311309332269,-0.0311309332269,-0.0311309332269,-0.0311309332269,-0.0311309332269,-0.0311309332269,-0.0311309332269,-0.0311309332269,-0.0311309332269,-0.0311309332269,-0.0311309332269,-0.0311309332269,-0.0311309332269,-0.0311309332269,-0.0311309332269,-0.0311309332269,-0.0311309332269,-0.0311309332269,-0.0311309332269,-0.0311309332269,-0.0311309332269,-0.0311309332269,-0.0311309332269,-0.0311309332269,-0.0311309332269,-0.0311309332269,-0.0311309332269,-0.0311309332269,-0.0311309332269,-0.0311309332269,-0.0311309332269,-0.0311309332269,-0.0311309332269,-0.0311309332269,-0.0311309332269,-0.0311309332269,-0.0311309332269,-0.0311309332269,-0.0311309332269,-0.0311309332269,-0.0311309332269,-0.0311309332269,-0.0311309332269,-0.0311309332269,-0.0311309332269,-0.0311309332269,-0.0311309332269,-0.0311309332269,-0.0311309332269,-0.0311309332269,-0.0311309332269,-0.0311309332269,-0.0311309332269,-0.0311309332269,-0.0311309332269,-0.0311309332269,-0.0311309332269,-0.0311309332269,-0.0311309332269,-0.0311309332269,-0.0311309332269,-0.0311309332269,-0.0311309332269,-0.0311309332269,-0.0311309332269,-0.0311309332269,-0.0311309332269,-0.0311309332269,-0.0311309332269,-0.0311309332269,-0.0311309332269,-0.0311309332269,-0.0311309332269,-0.0311309332269,-0.0311309332269,-0.0311309332269,-0.0311309332269,-0.0311309332269,-0.0311309332269,-0.0311309332269,-0.0311309332269,-0.0311309332269,-0.0311309332269,-0.0311309332269,-0.0311309332269
2002,-0.0311247247405,-0.0311247247405,-0.0311247247405,-0.0311247247405,-0.0311247247405,-0.0311247247405,-0.0311247247405,-0.0311247247405,-0.0311247247405,-0.0311247247405,-0.0311247247405,-0.0311247247405,-0.0311247247405,-0.0311247247405,-0.0311247247405,-0.0311247247405,-0.0311247247405,-0.0311247247405,-0.0311247247405,-0.0311247247405,-0.0311247247405,-0.0311247247405,-0.0311247247405,-0.0311247247405,-0.0311247247405,-0.0311247247405,-0.0311247247405,-0.0311247247405,-0.0311247247405,-0.0311247247405,-0.0311247247405,-0.0311247247405,-0.0311247247405,-0.0311247247405,-0.0311247247405,-0.0311247247405,-0.0311247247405,-0.0311247247405,-0.0311247247405,-0.0311247247405,-0.0311247247405,-0.0311247247405,-0.0311247247405,-0.0311247247405,-0.0311247247405,-0.0311247247405,-0.0311247247405,-0.0311247247405,-0.0311247247405,-0.0311247247405,-0.0311247247405,-0.0311247247405,-0.0311247247405,-0.0311247247405,-0.0311247247405,-0.0311247247405,-0.0311247247405,-0.0311247247405,-0.0311247247405,-0.0311247247405,-0.0311247247405,-0.0311247247405,-0.0311247247405,-0.0311247247405,-0.0311247247405,-0.0311247247405,-0.0311247247405,-0.0311247247405,-0.0311247247405,-0.0311247247405,-0.0311247247405,-0.0311247247405,-0.0311247247405,-0.0311247247405,-0.0311247247405,-0.0311247247405,-0.0311247247405,-0.0311247247405,-0.0311247247405,-0.0311247247405,-0.0311247247405,-0.0311247247405,-0.0311247247405,-0.0311247247405,-0.0311247247405,-0.0311247247405,-0.0311247247405,-0.0311247247405,-0.0311247247405,-0.0311247247405,-0.0311247247405,-0.0311247247405,-0.0311247247405,-0.0311247247405,-0.0311247247405,-0.0311247247405,-0.0311247247405,-0.0311247247405,-0.0311247247405,-0.0311247247405
2003,-0.0311184840549,-0.0311184840549,-0.0311184840549,-0.0311184840549,-0.0311184840549,-0.0311184840549,-0.0311184840549,-0.0311184840549,-0.0311184840549,-0.0311184840549,-0.0311184840549,-0.0311184840549,-0.0311184840549,-0.0311184840549,-0.0311184840549,-0.0311184840549,-0.0311184840549,-0.0311184840549,-0.0311184840549,-0.0311184840549,-0.0311184840549,-0.0311184840549,-0.0311184840549,-0.0311184840549,-0.0311184840549,-0.0311184840549,-0.0311184840549,-0.0311184840549,-0.0311184840549,-0.0311184840549,-0.0311184840549,-0.0311184840549,-0.0311184840549,-0.0311184840549,-0.0311184840549,-0.0311184840549,-0.0311184840549,-0.0311184840549,-0.0311184840549,-0.0311184840549,-0.0311184840549,-0.0311184840549,-0.0311184840549,-0.0311184840549,-0.0311184840549,-0.0311184840549,-0.0311184840549,-0.0311184840549,-0.0311184840549,-0.0311184840549,-0.0311184840549,-0.0311184840549,-0.0311184840549,-0.0311184840549,-0.0311184840549,-0.0311184840549,-0.0311184840549,-0.0311184840549,-0.0311184840549,-0.0311184840549,-0.0311184840549,-0.0311184840549,-0.0311184840549,-0.0311184840549,-0.0311184840549,-0.0311184840549,-0.0311184840549,-0.0311184840549,-0.0311184840549,-0.0311184840549,-0.0311184840549,-0.0311184840549,-0.0311184840549,-0.0311184840549,-0.0311184840549,-0.0311184840549,-0.0311184840549,-0.0311184840549,-0.0311184840549,-0.0311184840549,-0.0311184840549,-0.0311184840549,-0.0311184840549,-0.0311184840549,-0.0311184840549,-0.0311184840549,-0.0311184840549,-0.0311184840549,-0.0311184840549,-0.0311184840549,-0.0311184840549,-0.0311184840549,-0.0311184840549,-0.0311184840549,-0.0311184840549,-0.0311184840549,-0.0311184840549,-0.0311184840549,-0.0311184840549,-0.0311184840549
2004,-0.0311122111748,-0.0311122111748,-0.0311122111748,-0.0311122111748,-0.0311122111748,-0.0311122111748,-0.0311122111748,-0.0311122111748,-0.0311122111748,-0.0311122111748,-0.0311122111748,-0.0311122111748,-0.0311122111748,-0.0311122111748,-0.0311122111748,-0.0311122111748,-0.0311122111748,-0.0311122111748,-0.0311122111748,-0.0311122111748,-0.0311122111748,-0.0311122111748,-0.0311122111748,-0.0311122111748,-0.0311122111748,-0.0311122111748,-0.0311122111748,-0.0311122111748,-0.0311122111748,-0.0311122111748,-0.0311122111748,-0.0311122111748,-0.0311122111748,-0.0311122111748,-0.0311122111748,-0.0311122111748,-0.0311122111748,-0.0311122111748,-0.0311122111748,-0.0311122111748,-0.0311122111748,-0.0311122111748,-0.0311122111748,-0.0311122111748,-0.0311122111748,-0.0311122111748,-0.0311122111748,-0.0311122111748,-0.0311122111748,-0.0311122111748,-0.0311122111748,-0.0311122111748,-0.0311122111748,-0.0311122111748,-0.0311122111748,-0.0311122111748,-0.0311122111748,-0.0311122111748,-0.0311122111748,-0.0311122111748,-0.0311122111748,-0.0311122111748,-0.0311122111748,-0.0311122111748,-0.0311122111748,-0.0311122111748,-0.0311122111748,-0.0311122111748,-0.0311122111748,-0.0311122111748,-0.0311122111748,-0.0311122111748,-0.0311122111748,-0.0311122111748,-0.0311122111748,-0.0311122111748,-0.0311122111748,-0.0311122111748,-0.0311122111748,-0.0311122111748,-0.0311122111748,-0.0311122111748,-0.0311122111748,-0.0311122111748,-0.0311122111748,-0.0311122111748,-0.0311122111748,-0.0311122111748,-0.0311122111748,-0.0311122111748,-0.0311122111748,-0.0311122111748,-0.0311122111748,-0.0311122111748,-0.0311122111748,-0.0311122111748,-0.0311122111748,-0.0311122111748,-0.0311122111748,-0.0311122111748
2005,-0.0311059061045,-0.0311059061045,-0.0311059061045,-0.0311059061045,-0.0311059061045,-0.0311059061045,-0.0311059061045,-0.0311059061045,-0.0311059061045,-0.0311059061045,-0.0311059061045,-0.0311059061045,-0.0311059061045,-0.0311059061045,-0.0311059061045,-0.0311059061045,-0.0311059061045,-0.0311059061045,-0.0311059061045,-0.0311059061045,-0.0311059061045,-0.0311059061045,-0.0311059061045,-0.0311059061045,-0.0311059061045,-0.0311059061045,-0.0311059061045,-0.0311059061045,-0.0311059061045,-0.0311059061045,-0.0311059061045,-0.0311059061045,-0.0311059061045,-0.0311059061045,-0.0311059061045,-0.0311059061045,-0.0311059061045,-0.0311059061045,-0.0311059061045,-0.0311059061045,-0.0311059061045,-0.0311059061045,-0.0311059061045,-0.0311059061045,-0.0311059061045,-0.0311059061045,-0.0311059061045,-0.0311059061045,-0.0311059061045,-0.0311059061045,-0.0311059061045,-0.0311059061045,-0.0311059061045,-0.0311059061045,-0.0311059061045,-0.0311059061045,-0.0311059061045,-0.0311059061045,-0.0311059061045,-0.0311059061045,-0.0311059061045,-0.0311059061045,-0.0311059061045,-0.0311059061045,-0.0311059061045,-0.0311059061045,-0.0311059061045,-0.0311059061045,-0.0311059061045,-0.0311059061045,-0.0311059061045,-0.0311059061045,-0.0311059061045,-0.0311059061045,-0.0311059061045,-0.0311059061045,-0.0311059061045,-0.0311059061045,-0.0311059061045,-0.0311059061045,-0.0311059061045,-0.0311059061045,-0.0311059061045,-0.0311059061045,-0.0311059061045,-0.0311059061045,-0.0311059061045,-0.0311059061045,-0.0311059061045,-0.0311059061045,-0.0311059061045,-0.0311059061045,-0.0311059061045,-0.0311059061045,-0.0311059061045,-0.0311059061045,-0.0311059061045,-0.0311059061045,-0.0311059061045,-0.0311059061045
2006,-0.0310995688488,-0.0310995688488,-0.0310995688488,-0.0310995688488,-0.0310995688488,-0.0310995688488,-0.0310995688488,-0.0310995688488,-0.0310995688488,-0.0310995688488,-0.0310995688488,-0.0310995688488,-0.0310995688488,-0.0310995688488,-0.0310995688488,-0.0310995688488,-0.0310995688488,-0.0310995688488,-0.0310995688488,-0.0310995688488,-0.0310995688488,-0.0310995688488,-0.0310995688488,-0.0310995688488,-0.0310995688488,-0.0310995688488,-0.0310995688488,-0.0310995688488,-0.0310995688488,-0.0310995688488,-0.0310995688488,-0.0310995688488,-0.0310995688488,-0.0310995688488,-0.0310995688488,-0.0310995688488,-0.0310995688488,-0.0310995688488,-0.0310995688488,-0.0310995688488,-0.0310995688488,-0.0310995688488,-0.0310995688488,-0.0310995688488,-0.0310995688488,-0.0310995688488,-0.0310995688488,-0.0310995688488,-0.0310995688488,-0.0310995688488,-0.0310995688488,-0.0310995688488,-0.0310995688488,-0.0310995688488,-0.0310995688488,-0.0310995688488,-0.0310995688488,-0.0310995688488,-0.0310995688488,-0.0310995688488,-0.0310995688488,-0.0310995688488,-0.0310995688488,-0.0310995688488,-0.0310995688488,-0.0310995688488,-0.0310995688488,-0.0310995688488,-0.0310995688488,-0.0310995688488,-0.0310995688488,-0.0310995688488,-0.0310995688488,-0.0310995688488,-0.0310995688488,-0.0310995688488,-0.0310995688488,-0.0310995688488,-0.0310995688488,-0.0310995688488,-0.0310995688488,-0.0310995688488,-0.0310995688488,-0.0310995688488,-0.0310995688488,-0.0310995688488,-0.0310995688488,-0.0310995688488,-0.0310995688488,-0.0310995688488,-0.0310995688488,-0.0310995688488,-0.0310995688488,-0.0310995688488,-0.0310995688488,-0.0310995688488,-0.0310995688488,-0.0310995688488,-0.0310995688488,-0.0310995688488
2007,-0.0310931994122,-0.0310931994122,-0.0310931994122,-0.0310931994122,-0.0310931994122,-0.0310931994122,-0.0310931994122,-0.0310931994122,-0.0310931994122,-0.0310931994122,-0.0310931994122,-0.0310931994122,-0.0310931994122,-0.0310931994122,-0.0310931994122,-0.0310931994122,-0.0310931994122,-0.0310931994122,-0.0310931994122,-0.0310931994122,-0.0310931994122,-0.0310931994122,-0.0310931994122,-0.0310931994122,-0.0310931994122,-0.0310931994122,-0.0310931994122,-0.0310931994122,-0.0310931994122,-0.0310931994122,-0.0310931994122,-0.0310931994122,-0.0310931994122,-0.0310931994122,-0.0310931994122,-0.0310931994122,-0.0310931994122,-0.0310931994122,-0.0310931994122,-0.0310931994122,-0.0310931994122,-0.0310931994122,-0.0310931994122,-0.0310931994122,-0.0310931994122,-0.0310931994122,-0.0310931994122,-0.0310931994122,-0.0310931994122,-0.0310931994122,-0.0310931994122,-0.0310931994122,-0.0310931994122,-0.0310931994122,-0.0310931994122,-0.0310931994122,-0.0310931994122,-0.0310931994122,-0.0310931994122,-0.0310931994122,-0.0310931994122,-0.0310931994122,-0.0310931994122,-0.0310931994122,-0.0310931994122,-0.0310931994122,-0.0310931994122,-0.0310931994122,-0.0310931994122,-0.0310931994122,-0.0310931994122,-0.0310931994122,-0.0310931994122,-0.0310931994122,-0.0310931994122,-0.0310931994122,-0.0310931994122,-0.0310931994122,-0.0310931994122,-0.0310931994122,-0.0310931994122,-0.0310931994122,-0.0310931994122,-0.0310931994122,-0.0310931994122,-0.0310931994122,-0.0310931994122,-0.0310931994122,-0.0310931994122,-0.0310931994122,-0.0310931994122,-0.0310931994122,-0.0310931994122,-0.0310931994122,-0.0310931994122,-0.0310931994122,-0.0310931994122,-0.0310931994122,-0.0310931994122,-0.0310931994122
2008,-0.0310867977993,-0.0310867977993,-0.0310867977993,-0.0310867977993,-0.0310867977993,-0.0310867977993,-0.0310867977993,-0.0310867977993,-0.0310867977993,-0.0310867977993,-0.0310867977993,-0.0310867977993,-0.0310867977993,-0.0310867977993,-0.0310867977993,-0.0310867977993,-0.0310867977993,-0.0310867977993,-0.0310867977993,-0.0310867977993,-0.0310867977993,-0.0310867977993,-0.0310867977993,-0.0310867977993,-0.0310867977993,-0.0310867977993,-0.0310867977993,-0.0310867977993,-0.0310867977993,-0.0310867977993,-0.0310867977993,-0.0310867977993,-0.0310867977993,-0.0310867977993,-0.0310867977993,-0.0310867977993,-0.0310867977993,-0.0310867977993,-0.0310867977993,-0.0310867977993,-0.0310867977993,-0.0310867977993,-0.0310867977993,-0.0310867977993,-0.0310867977993,-0.0310867977993,-0.0310867977993,-0.0310867977993,-0.0310867977993,-0.0310867977993,-0.0310867977993,-0.0310867977993,-0.0310867977993,-0.0310867977993,-0.0310867977993,-0.0310867977993,-0.0310867977993,-0.0310867977993,-0.0310867977993,-0.0310867977993,-0.0310867977993,-0.0310867977993,-0.0310867977993,-0.0310867977993,-0.0310867977993,-0.0310867977993,-0.0310867977993,-0.0310867977993,-0.0310867977993,-0.0310867977993,-0.0310867977993,-0.0310867977993,-0.0310867977993,-0.0310867977993,-0.0310867977993,-0.0310867977993,-0.0310867977993,-0.0310867977993,-0.0310867977993,-0.0310867977993,-0.0310867977993,-0.0310867977993,-0.0310867977993,-0.0310867977993,-0.0310867977993,-0.0310867977993,-0.0310867977993,-0.0310867977993,-0.0310867977993,-0.0310867977993,-0.0310867977993,-0.0310867977993,-0.0310867977993,-0.0310867977993,-0.0310867977993,-0.0310867977993,-0.0310867977993,-0.0310867977993,-0.0310867977993,-0.0310867977993
2009,-0.0310803640146,-0.0310803640146,-0.0310803640146,-0.0310803640146,-0.0310803640146,-0.0310803640146,-0.0310803640146,-0.0310803640146,-0.0310803640146,-0.0310803640146,-0.0310803640146,-0.0310803640146,-0.0310803640146,-0.0310803640146,-0.0310803640146,-0.0310803640146,-0.0310803640146,-0.0310803640146,-0.0310803640146,-0.0310803640146,-0.0310803640146,-0.0310803640146,-0.0310803640146,-0.0310803640146,-0.0310803640146,-0.0310803640146,-0.0310803640146,-0.0310803640146,-0.0310803640146,-0.0310803640146,-0.0310803640146,-0.0310803640146,-0.0310803640146,-0.0310803640146,-0.0310803640146,-0.0310803640146,-0.0310803640146,-0.0310803640146,-0.0310803640146,-0.0310803640146,-0.0310803640146,-0.0310803640146,-0.0310803640146,-0.0310803640146,-0.0310803640146,-0.0310803640146,-0.0310803640146,-0.0310803640146,-0.0310803640146,-0.0310803640146,-0.0310803640146,-0.0310803640146,-0.0310803640146,-0.0310803640146,-0.0310803640146,-0.0310803640146,-0.0310803640146,-0.0310803640146,-0.0310803640146,-0.0310803640146,-0.0310803640146,-0.0310803640146,-0.0310803640146,-0.0310803640146,-0.0310803640146,-0.0310803640146,-0.0310803640146,-0.0310803640146,-0.0310803640146,-0.0310803640146,-0.0310803640146,-0.0310803640146,-0.0310803640146,-0.0310803640146,-0.0310803640146,-0.0310803640146,-0.0310803640146,-0.0310803640146,-0.0310803640146,-0.0310803640146,-0.0310803640146,-0.0310803640146,-0.0310803640146,-0.0310803640146,-0.0310803640146,-0.0310803640146,-0.0310803640146,-0.0310803640146,-0.0310803640146,-0.0310803640146,-0.0310803640146,-0.0310803640146,-0.0310803640146,-0.0310803640146,-0.0310803640146,-0.0310803640146,-0.0310803640146,-0.0310803640146,-0.0310803640146,-0.0310803640146
2010,-0.0310738980628,-0.0310738980628,-0.0310738980628,-0.0310738980628,-0.0310738980628,-0.0310738980628,-0.0310738980628,-0.0310738980628,-0.0310738980628,-0.0310738980628,-0.0310738980628,-0.0310738980628,-0.0310738980628,-0.0310738980628,-0.0310738980628,-0.0310738980628,-0.0310738980628,-0.0310738980628,-0.0310738980628,-0.0310738980628,-0.0310738980628,-0.0310738980628,-0.0310738980628,-0.0310738980628,-0.0310738980628,-0.0310738980628,-0.0310738980628,-0.0310738980628,-0.0310738980628,-0.0310738980628,-0.0310738980628,-0.0310738980628,-0.0310738980628,-0.0310738980628,-0.0310738980628,-0.0310738980628,-0.0310738980628,-0.0310738980628,-0.0310738980628,-0.0310738980628,-0.0310738980628,-0.0310738980628,-0.0310738980628,-0.0310738980628,-0.0310738980628,-0.0310738980628,-0.0310738980628,-0.0310738980628,-0.0310738980628,-0.0310738980628,-0.0310738980628,-0.0310738980628,-0.0310738980628,-0.0310738980628,-0.0310738980628,-0.0310738980628,-0.0310738980628,-0.0310738980628,-0.0310738980628,-0.0310738980628,-0.0310738980628,-0.0310738980628,-0.0310738980628,-0.0310738980628,-0.0310738980628,-0.0310738980628,-0.0310738980628,-0.0310738980628,-0.0310738980628,-0.0310738980628,-0.0310738980628,-0.0310738980628,-0.0310738980628,-0.0310738980628,-0.0310738980628,-0.0310738980628,-0.0310738980628,-0.0310738980628,-0.0310738980628,-0.0310738980628,-0.0310738980628,-0.0310738980628,-0.0310738980628,-0.0310738980628,-0.0310738980628,-0.0310738980628,-0.0310738980628,-0.0310738980628,-0.0310738980628,-0.0310738980628,-0.0310738980628,-0.0310738980628,-0.0310738980628,-0.0310738980628,-0.0310738980628,-0.0310738980628,-0.0310738980628,-0.0310738980628,-0.0310738980628,-0.0310738980628
2011,-0.0310673999483,-0.0310673999483,-0.0310673999483,-0.0310673999483,-0.0310673999483,-0.0310673999483,-0.0310673999483,-0.0310673999483,-0.0310673999483,-0.0310673999483,-0.0310673999483,-0.0310673999483,-0.0310673999483,-0.0310673999483,-0.0310673999483,-0.0310673999483,-0.0310673999483,-0.0310673999483,-0.0310673999483,-0.0310673999483,-0.0310673999483,-0.0310673999483,-0.0310673999483,-0.0310673999483,-0.0310673999483,-0.0310673999483,-0.0310673999483,-0.0310673999483,-0.0310673999483,-0.0310673999483,-0.0310673999483,-0.0310673999483,-0.0310673999483,-0.0310673999483,-0.0310673999483,-0.0310673999483,-0.0310673999483,-0.0310673999483,-0.0310673999483,-0.0310673999483,-0.0310673999483,-0.0310673999483,-0.0310673999483,-0.0310673999483,-0.0310673999483,-0.0310673999483,-0.0310673999483,-0.0310673999483,-0.0310673999483,-0.0310673999483,-0.0310673999483,-0.0310673999483,-0.0310673999483,-0.0310673999483,-0.0310673999483,-0.0310673999483,-0.0310673999483,-0.0310673999483,-0.0310673999483,-0.0310673999483,-0.0310673999483,-0.0310673999483,-0.0310673999483,-0.0310673999483,-0.0310673999483,-0.0310673999483,-0.0310673999483,-0.0310673999483,-0.0310673999483,-0.0310673999483,-0.0310673999483,-0.0310673999483,-0.0310673999483,-0.0310673999483,-0.0310673999483,-0.0310673999483,-0.0310673999483,-0.0310673999483,-0.0310673999483,-0.0310673999483,-0.0310673999483,-0.0310673999483,-0.0310673999483,-0.0310673999483,-0.0310673999483,-0.0310673999483,-0.0310673999483,-0.0310673999483,-0.0310673999483,-0.0310673999483,-0.0310673999483,-0.0310673999483,-0.0310673999483,-0.0310673999483,-0.0310673999483,-0.0310673999483,-0.0310673999483,-0.0310673999483,-0.0310673999483,-0.0310673999483
2012,-0.0310608696758,-0.0310608696758,-0.0310608696758,-0.0310608696758,-0.0310608696758,-0.0310608696758,-0.0310608696758,-0.0310608696758,-0.0310608696758,-0.0310608696758,-0.0310608696758,-0.0310608696758,-0.0310608696758,-0.0310608696758,-0.0310608696758,-0.0310608696758,-0.0310608696758,-0.0310608696758,-0.0310608696758,-0.0310608696758,-0.0310608696758,-0.0310608696758,-0.0310608696758,-0.0310608696758,-0.0310608696758,-0.0310608696758,-0.0310608696758,-0.0310608696758,-0.0310608696758,-0.0310608696758,-0.0310608696758,-0.0310608696758,-0.0310608696758,-0.0310608696758,-0.0310608696758,-0.0310608696758,-0.0310608696758,-0.0310608696758,-0.0310608696758,-0.0310608696758,-0.0310608696758,-0.0310608696758,-0.0310608696758,-0.0310608696758,-0.0310608696758,-0.0310608696758,-0.0310608696758,-0.0310608696758,-0.0310608696758,-0.0310608696758,-0.0310608696758,-0.0310608696758,-0.0310608696758,-0.0310608696758,-0.0310608696758,-0.0310608696758,-0.0310608696758,-0.0310608696758,-0.0310608696758,-0.0310608696758,-0.0310608696758,-0.0310608696758,-0.0310608696758,-0.0310608696758,-0.0310608696758,-0.0310608696758,-0.0310608696758,-0.0310608696758,-0.0310608696758,-0.0310608696758,-0.0310608696758,-0.0310608696758,-0.0310608696758,-0.0310608696758,-0.0310608696758,-0.0310608696758,-0.0310608696758,-0.0310608696758,-0.0310608696758,-0.0310608696758,-0.0310608696758,-0.0310608696758,-0.0310608696758,-0.0310608696758,-0.0310608696758,-0.0310608696758,-0.0310608696758,-0.0310608696758,-0.0310608696758,-0.0310608696758,-0.0310608696758,-0.0310608696758,-0.0310608696758,-0.0310608696758,-0.0310608696758,-0.0310608696758,-0.0310608696758,-0.0310608696758,-0.0310608696758,-0.0310608696758
2013,-0.0310543072499,-0.0310543072499,-0.0310543072499,-0.0310543072499,-0.0310543072499,-0.0310543072499,-0.0310543072499,-0.0310543072499,-0.0310543072499,-0.0310543072499,-0.0310543072499,-0.0310543072499,-0.0310543072499,-0.0310543072499,-0.0310543072499,-0.0310543072499,-0.0310543072499,-0.0310543072499,-0.0310543072499,-0.0310543072499,-0.0310543072499,-0.0310543072499,-0.0310543072499,-0.0310543072499,-0.0310543072499,-0.0310543072499,-0.0310543072499,-0.0310543072499,-0.0310543072499,-0.0310543072499,-0.0310543072499,-0.0310543072499,-0.0310543072499,-0.0310543072499,-0.0310543072499,-0.0310543072499,-0.0310543072499,-0.0310543072499,-0.0310543072499,-0.0310543072499,-0.0310543072499,-0.0310543072499,-0.0310543072499,-0.0310543072499,-0.0310543072499,-0.0310543072499,-0.0310543072499,-0.0310543072499,-0.0310543072499,-0.0310543072499,-0.0310543072499,-0.0310543072499,-0.0310543072499,-0.0310543072499,-0.0310543072499,-0.0310543072499,-0.0310543072499,-0.0310543072499,-0.0310543072499,-0.0310543072499,-0.0310543072499,-0.0310543072499,-0.0310543072499,-0.0310543072499,-0.0310543072499,-0.0310543072499,-0.0310543072499,-0.0310543072499,-0.0310543072499,-0.0310543072499,-0.0310543072499,-0.0310543072499,-0.0310543072499,-0.0310543072499,-0.0310543072499,-0.0310543072499,-0.0310543072499,-0.0310543072499,-0.0310543072499,-0.0310543072499,-0.0310543072499,-0.0310543072499,-0.0310543072499,-0.0310543072499,-0.0310543072499,-0.0310543072499,-0.0310543072499,-0.0310543072499,-0.0310543072499,-0.0310543072499,-0.0310543072499,-0.0310543072499,-0.0310543072499,-0.0310543072499,-0.0310543072499,-0.0310543072499,-0.0310543072499,-0.0310543072499,-0.0310543072499,-0.0310543072499
2014,-0.0310477126751,-0.0310477126751,-0.0310477126751,-0.0310477126751,-0.0310477126751,-0.0310477126751,-0.0310477126751,-0.0310477126751,-0.0310477126751,-0.0310477126751,-0.0310477126751,-0.0310477126751,-0.0310477126751,-0.0310477126751,-0.0310477126751,-0.0310477126751,-0.0310477126751,-0.0310477126751,-0.0310477126751,-0.0310477126751,-0.0310477126751,-0.0310477126751,-0.0310477126751,-0.0310477126751,-0.0310477126751,-0.0310477126751,-0.0310477126751,-0.0310477126751,-0.0310477126751,-0.0310477126751,-0.0310477126751,-0.0310477126751,-0.0310477126751,-0.0310477126751,-0.0310477126751,-0.0310477126751,-0.0310477126751,-0.0310477126751,-0.0310477126751,-0.0310477126751,-0.0310477126751,-0.0310477126751,-0.0310477126751,-0.0310477126751,-0.0310477126751,-0.0310477126751,-0.0310477126751,-0.0310477126751,-0.0310477126751,-0.0310477126751,-0.0310477126751,-0.0310477126751,-0.0310477126751,-0.0310477126751,-0.0310477126751,-0.0310477126751,-0.0310477126751,-0.0310477126751,-0.0310477126751,-0.0310477126751,-0.0310477126751,-0.0310477126751,-0.0310477126751,-0.0310477126751,-0.0310477126751,-0.0310477126751,-0.0310477126751,-0.0310477126751,-0.0310477126751,-0.0310477126751,-0.0310477126751,-0.0310477126751,-0.0310477126751,-0.0310477126751,-0.0310477126751,-0.0310477126751,-0.0310477126751,-0.0310477126751,-0.0310477126751,-0.0310477126751,-0.0310477126751,-0.0310477126751,-0.0310477126751,-0.0310477126751,-0.0310477126751,-0.0310477126751,-0.0310477126751,-0.0310477126751,-0.0310477126751,-0.0310477126751,-0.0310477126751,-0.0310477126751,-0.0310477126751,-0.0310477126751,-0.0310477126751,-0.0310477126751,-0.0310477126751,-0.0310477126751,-0.0310477126751,-0.0310477126751
2015,-0.031041085956,-0.031041085956,-0.031041085956,-0.031041085956,-0.031041085956,-0.031041085956,-0.031041085956,-0.031041085956,-0.031041085956,-0.031041085956,-0.031041085956,-0.031041085956,-0.031041085956,-0.031041085956,-0.031041085956,-0.031041085956,-0.031041085956,-0.031041085956,-0.031041085956,-0.031041085956,-0.031041085956,-0.031041085956,-0.031041085956,-0.031041085956,-0.031041085956,-0.031041085956,-0.031041085956,-0.031041085956,-0.031041085956,-0.031041085956,-0.031041085956,-0.031041085956,-0.031041085956,-0.031041085956,-0.031041085956,-0.031041085956,-0.031041085956,-0.031041085956,-0.031041085956,-0.031041085956,-0.031041085956,-0.031041085956,-0.031041085956,-0.031041085956,-0.031041085956,-0.031041085956,-0.031041085956,-0.031041085956,-0.031041085956,-0.031041085956,-0.031041085956,-0.031041085956,-0.031041085956,-0.031041085956,-0.031041085956,-0.031041085956,-0.031041085956,-0.031041085956,-0.031041085956,-0.031041085956,-0.031041085956,-0.031041085956,-0.031041085956,-0.031041085956,-0.031041085956,-0.031041085956,-0.031041085956,-0.031041085956,-0.031041085956,-0.031041085956,-0.031041085956,-0.031041085956,-0.031041085956,-0.031041085956,-0.031041085956,-0.031041085956,-0.031041085956,-0.031041085956,-0.031041085956,-0.031041085956,-0.031041085956,-0.031041085956,-0.031041085956,-0.031041085956,-0.031041085956,-0.031041085956,-0.031041085956,-0.031041085956,-0.031041085956,-0.031041085956,-0.031041085956,-0.031041085956,-0.031041085956,-0.031041085956,-0.031041085956,-0.031041085956,-0.031041085956,-0.031041085956,-0.031041085956,-0.031041085956
2016,-0.0310344270972,-0.0310344270972,-0.0310344270972,-0.0310344270972,-0.0310344270972,-0.0310344270972,-0.0310344270972,-0.0310344270972,-0.0310344270972,-0.0310344270972,-0.0310344270972,-0.0310344270972,-0.0310344270972,-0.0310344270972,-0.0310344270972,-0.0310344270972,-0.0310344270972,-0.0310344270972,-0.0310344270972,-0.0310344270972,-0.0310344270972,-0.0310344270972,-0.0310344270972,-0.0310344270972,-0.0310344270972,-0.0310344270972,-0.0310344270972,-0.0310344270972,-0.0310344270972,-0.0310344270972,-0.0310344270972,-0.0310344270972,-0.0310344270972,-0.0310344270972,-0.0310344270972,-0.0310344270972,-0.0310344270972,-0.0310344270972,-0.0310344270972,-0.0310344270972,-0.0310344270972,-0.0310344270972,-0.0310344270972,-0.0310344270972,-0.0310344270972,-0.0310344270972,-0.0310344270972,-0.0310344270972,-0.0310344270972,-0.0310344270972,-0.0310344270972,-0.0310344270972,-0.0310344270972,-0.0310344270972,-0.0310344270972,-0.0310344270972,-0.0310344270972,-0.0310344270972,-0.0310344270972,-0.0310344270972,-0.0310344270972,-0.0310344270972,-0.0310344270972,-0.0310344270972,-0.0310344270972,-0.0310344270972,-0.0310344270972,-0.0310344270972,-0.0310344270972,-0.0310344270972,-0.0310344270972,-0.0310344270972,-0.0310344270972,-0.0310344270972,-0.0310344270972,-0.0310344270972,-0.0310344270972,-0.0310344270972,-0.0310344270972,-0.0310344270972,-0.0310344270972,-0.0310344270972,-0.0310344270972,-0.0310344270972,-0.0310344270972,-0.0310344270972,-0.0310344270972,-0.0310344270972,-0.0310344270972,-0.0310344270972,-0.0310344270972,-0.0310344270972,-0.0310344270972,-0.0310344270972,-0.0310344270972,-0.0310344270972,-0.0310344270972,-0.0310344270972,-0.0310344270972,-0.0310344270972
2017,-0.0310277361032,-0.0310277361032,-0.0310277361032,-0.0310277361032,-0.0310277361032,-0.0310277361032,-0.0310277361032,-0.0310277361032,-0.0310277361032,-0.0310277361032,-0.0310277361032,-0.0310277361032,-0.0310277361032,-0.0310277361032,-0.0310277361032,-0.0310277361032,-0.0310277361032,-0.0310277361032,-0.0310277361032,-0.0310277361032,-0.0310277361032,-0.0310277361032,-0.0310277361032,-0.0310277361032,-0.0310277361032,-0.0310277361032,-0.0310277361032,-0.0310277361032,-0.0310277361032,-0.0310277361032,-0.0310277361032,-0.0310277361032,-0.0310277361032,-0.0310277361032,-0.0310277361032,-0.0310277361032,-0.0310277361032,-0.0310277361032,-0.0310277361032,-0.0310277361032,-0.0310277361032,-0.0310277361032,-0.0310277361032,-0.0310277361032,-0.0310277361032,-0.0310277361032,-0.0310277361032,-0.0310277361032,-0.0310277361032,-0.0310277361032,-0.0310277361032,-0.0310277361032,-0.0310277361032,-0.0310277361032,-0.0310277361032,-0.0310277361032,-0.0310277361032,-0.0310277361032,-0.0310277361032,-0.0310277361032,-0.0310277361032,-0.0310277361032,-0.0310277361032,-0.0310277361032,-0.0310277361032,-0.0310277361032,-0.0310277361032,-0.0310277361032,-0.0310277361032,-0.0310277361032,-0.0310277361032,-0.0310277361032,-0.0310277361032,-0.0310277361032,-0.0310277361032,-0.0310277361032,-0.0310277361032,-0.0310277361032,-0.0310277361032,-0.0310277361032,-0.0310277361032,-0.0310277361032,-0.0310277361032,-0.0310277361032,-0.0310277361032,-0.0310277361032,-0.0310277361032,-0.0310277361032,-0.0310277361032,-0.0310277361032,-0.0310277361032,-0.0310277361032,-0.0310277361032,-0.0310277361032,-0.0310277361032,-0.0310277361032,-0.0310277361032,-0.0310277361032,-0.0310277361032,-0.0310277361032
2018,-0.0310210129786,-0.0310210129786,-0.0310210129786,-0.0310210129786,-0.0310210129786,-0.0310210129786,-0.0310210129786,-0.0310210129786,-0.0310210129786,-0.0310210129786,-0.0310210129786,-0.0310210129786,-0.0310210129786,-0.0310210129786,-0.0310210129786,-0.0310210129786,-0.0310210129786,-0.0310210129786,-0.0310210129786,-0.0310210129786,-0.0310210129786,-0.0310210129786,-0.0310210129786,-0.0310210129786,-0.0310210129786,-0.0310210129786,-0.0310210129786,-0.0310210129786,-0.0310210129786,-0.0310210129786,-0.0310210129786,-0.0310210129786,-0.0310210129786,-0.0310210129786,-0.0310210129786,-0.0310210129786,-0.0310210129786,-0.0310210129786,-0.0310210129786,-0.0310210129786,-0.0310210129786,-0.0310210129786,-0.0310210129786,-0.0310210129786,-0.0310210129786,-0.0310210129786,-0.0310210129786,-0.0310210129786,-0.0310210129786,-0.0310210129786,-0.0310210129786,-0.0310210129786,-0.0310210129786,-0.0310210129786,-0.0310210129786,-0.0310210129786,-0.0310210129786,-0.0310210129786,-0.0310210129786,-0.0310210129786,-0.0310210129786,-0.0310210129786,-0.0310210129786,-0.0310210129786,-0.0310210129786,-0.0310210129786,-0.0310210129786,-0.0310210129786,-0.0310210129786,-0.0310210129786,-0.0310210129786,-0.0310210129786,-0.0310210129786,-0.0310210129786,-0.0310210129786,-0.0310210129786,-0.0310210129786,-0.0310210129786,-0.0310210129786,-0.0310210129786,-0.0310210129786,-0.0310210129786,-0.0310210129786,-0.0310210129786,-0.0310210129786,-0.0310210129786,-0.0310210129786,-0.0310210129786,-0.0310210129786,-0.0310210129786,-0.0310210129786,-0.0310210129786,-0.0310210129786,-0.0310210129786,-0.0310210129786,-0.0310210129786,-0.0310210129786,-0.0310210129786,-0.0310210129786,-0.0310210129786
2019,-0.031014257728,-0.031014257728,-0.031014257728,-0.031014257728,-0.031014257728,-0.031014257728,-0.031014257728,-0.031014257728,-0.031014257728,-0.031014257728,-0.031014257728,-0.031014257728,-0.031014257728,-0.031014257728,-0.031014257728,-0.031014257728,-0.031014257728,-0.031014257728,-0.031014257728,-0.031014257728,-0.031014257728,-0.031014257728,-0.031014257728,-0.031014257728,-0.031014257728,-0.031014257728,-0.031014257728,-0.031014257728,-0.031014257728,-0.031014257728,-0.031014257728,-0.031014257728,-0.031014257728,-0.031014257728,-0.031014257728,-0.031014257728,-0.031014257728,-0.031014257728,-0.031014257728,-0.031014257728,-0.031014257728,-0.031014257728,-0.031014257728,-0.031014257728,-0.031014257728,-0.031014257728,-0.031014257728,-0.031014257728,-0.031014257728,-0.031014257728,-0.031014257728,-0.031014257728,-0.031014257728,-0.031014257728,-0.031014257728,-0.031014257728,-0.031014257728,-0.031014257728,-0.031014257728,-0.031014257728,-0.031014257728,-0.031014257728,-0.031014257728,-0.031014257728,-0.031014257728,-0.031014257728,-0.031014257728,-0.031014257728,-0.031014257728,-0.031014257728,-0.031014257728,-0.031014257728,-0.031014257728,-0.031014257728,-0.031014257728,-0.031014257728,-0.031014257728,-0.031014257728,-0.031014257728,-0.031014257728,-0.031014257728,-0.031014257728,-0.031014257728,-0.031014257728,-0.031014257728,-0.031014257728,-0.031014257728,-0.031014257728,-0.031014257728,-0.031014257728,-0.031014257728,-0.031014257728,-0.031014257728,-0.031014257728,-0.031014257728,-0.031014257728,-0.031014257728,-0.031014257728,-0.031014257728,-0.031014257728
2020,-0.031007470356,-0.031007470356,-0.031007470356,-0.031007470356,-0.031007470356,-0.031007470356,-0.031007470356,-0.031007470356,-0.031007470356,-0.031007470356,-0.031007470356,-0.031007470356,-0.031007470356,-0.031007470356,-0.031007470356,-0.031007470356,-0.031007470356,-0.031007470356,-0.031007470356,-0.031007470356,-0.031007470356,-0.031007470356,-0.031007470356,-0.031007470356,-0.031007470356,-0.031007470356,-0.031007470356,-0.031007470356,-0.031007470356,-0.031007470356,-0.031007470356,-0.031007470356,-0.031007470356,-0.031007470356,-0.031007470356,-0.031007470356,-0.031007470356,-0.031007470356,-0.031007470356,-0.031007470356,-0.031007470356,-0.031007470356,-0.031007470356,-0.031007470356,-0.031007470356,-0.031007470356,-0.031007470356,-0.031007470356,-0.031007470356,-0.031007470356,-0.031007470356,-0.031007470356,-0.031007470356,-0.031007470356,-0.031007470356,-0.031007470356,-0.031007470356,-0.031007470356,-0.031007470356,-0.031007470356,-0.031007470356,-0.031007470356,-0.031007470356,-0.031007470356,-0.031007470356,-0.031007470356,-0.031007470356,-0.031007470356,-0.031007470356,-0.031007470356,-0.031007470356,-0.031007470356,-0.031007470356,-0.031007470356,-0.031007470356,-0.031007470356,-0.031007470356,-0.031007470356,-0.031007470356,-0.031007470356,-0.031007470356,-0.031007470356,-0.031007470356,-0.031007470356,-0.031007470356,-0.031007470356,-0.031007470356,-0.031007470356,-0.031007470356,-0.031007470356,-0.031007470356,-0.031007470356,-0.031007470356,-0.031007470356,-0.031007470356,-0.031007470356,-0.031007470356,-0.031007470356,-0.031007470356,-0.031007470356
2021,-0.0310006508672,-0.0310006508672,-0.0310006508672,-0.0310006508672,-0.0310006508672,-0.0310006508672,-0.0310006508672,-0.0310006508672,-0.0310006508672,-0.0310006508672,-0.0310006508672,-0.0310006508672,-0.0310006508672,-0.0310006508672,-0.0310006508672,-0.0310006508672,-0.0310006508672,-0.0310006508672,-0.0310006508672,-0.0310006508672,-0.0310006508672,-0.0310006508672,-0.0310006508672,-0.0310006508672,-0.0310006508672,-0.0310006508672,-0.0310006508672,-0.0310006508672,-0.0310006508672,-0.0310006508672,-0.0310006508672,-0.0310006508672,-0.0310006508672,-0.0310006508672,-0.0310006508672,-0.0310006508672,-0.0310006508672,-0.0310006508672,-0.0310006508672,-0.0310006508672,-0.0310006508672,-0.0310006508672,-0.0310006508672,-0.0310006508672,-0.0310006508672,-0.0310006508672,-0.0310006508672,-0.0310006508672,-0.0310006508672,-0.0310006508672,-0.0310006508672,-0.0310006508672,-0.0310006508672,-0.0310006508672,-0.0310006508672,-0.0310006508672,-0.0310006508672,-0.0310006508672,-0.0310006508672,-0.0310006508672,-0.0310006508672,-0.0310006508672,-0.0310006508672,-0.0310006508672,-0.0310006508672,-0.0310006508672,-0.0310006508672,-0.0310006508672,-0.0310006508672,-0.0310006508672,-0.0310006508672,-0.0310006508672,-0.0310006508672,-0.0310006508672,-0.0310006508672,-0.0310006508672,-0.0310006508672,-0.0310006508672,-0.0310006508672,-0.0310006508672,-0.0310006508672,-0.0310006508672,-0.0310006508672,-0.0310006508672,-0.0310006508672,-0.0310006508672,-0.0310006508672,-0.0310006508672,-0.0310006508672,-0.0310006508672,-0.0310006508672,-0.0310006508672,-0.0310006508672,-0.0310006508672,-0.0310006508672,-0.0310006508672,-0.0310006508672,-0.0310006508672,-0.0310006508672,-0.0310006508672
2022,-0.0309937992661,-0.0309937992661,-0.0309937992661,-0.0309937992661,-0.0309937992661,-0.0309937992661,-0.0309937992661,-0.0309937992661,-0.0309937992661,-0.0309937992661,-0.0309937992661,-0.0309937992661,-0.0309937992661,-0.0309937992661,-0.0309937992661,-0.0309937992661,-0.0309937992661,-0.0309937992661,-0.0309937992661,-0.0309937992661,-0.0309937992661,-0.0309937992661,-0.0309937992661,-0.0309937992661,-0.0309937992661,-0.0309937992661,-0.0309937992661,-0.0309937992661,-0.0309937992661,-0.0309937992661,-0.0309937992661,-0.0309937992661,-0.0309937992661,-0.0309937992661,-0.0309937992661,-0.0309937992661,-0.0309937992661,-0.0309937992661,-0.0309937992661,-0.0309937992661,-0.0309937992661,-0.0309937992661,-0.0309937992661,-0.0309937992661,-0.0309937992661,-0.0309937992661,-0.0309937992661,-0.0309937992661,-0.0309937992661,-0.0309937992661,-0.0309937992661,-0.0309937992661,-0.0309937992661,-0.0309937992661,-0.0309937992661,-0.0309937992661,-0.0309937992661,-0.0309937992661,-0.0309937992661,-0.0309937992661,-0.0309937992661,-0.0309937992661,-0.0309937992661,-0.0309937992661,-0.0309937992661,-0.0309937992661,-0.0309937992661,-0.0309937992661,-0.0309937992661,-0.0309937992661,-0.0309937992661,-0.0309937992661,-0.0309937992661,-0.0309937992661,-0.0309937992661,-0.0309937992661,-0.0309937992661,-0.0309937992661,-0.0309937992661,-0.0309937992661,-0.0309937992661,-0.0309937992661,-0.0309937992661,-0.0309937992661,-0.0309937992661,-0.0309937992661,-0.0309937992661,-0.0309937992661,-0.0309937992661,-0.0309937992661,-0.0309937992661,-0.0309937992661,-0.0309937992661,-0.0309937992661,-0.0309937992661,-0.0309937992661,-0.0309937992661,-0.0309937992661,-0.0309937992661,-0.0309937992661
