Year,="Run 1: Energy Balance Model.Land & Ocean Surface Temperature[1]",="Run 2: Energy Balance Model.Land & Ocean Surface Temperature[1]",="Run 3: Energy Balance Model.Land & Ocean Surface Temperature[1]",="Run 4: Energy Balance Model.Land & Ocean Surface Temperature[1]",="Run 5: Energy Balance Model.Land & Ocean Surface Temperature[1]",="Run 6: Energy Balance Model.Land & Ocean Surface Temperature[1]",="Run 7: Energy Balance Model.Land & Ocean Surface Temperature[1]",="Run 8: Energy Balance Model.Land & Ocean Surface Temperature[1]",="Run 9: Energy Balance Model.Land & Ocean Surface Temperature[1]",="Run 10: Energy Balance Model.Land & Ocean Surface Temperature[1]",="Run 11: Energy Balance Model.Land & Ocean Surface Temperature[1]",="Run 12: Energy Balance Model.Land & Ocean Surface Temperature[1]",="Run 13: Energy Balance Model.Land & Ocean Surface Temperature[1]",="Run 14: Energy Balance Model.Land & Ocean Surface Temperature[1]",="Run 15: Energy Balance Model.Land & Ocean Surface Temperature[1]",="Run 16: Energy Balance Model.Land & Ocean Surface Temperature[1]",="Run 17: Energy Balance Model.Land & Ocean Surface Temperature[1]",="Run 18: Energy Balance Model.Land & Ocean Surface Temperature[1]",="Run 19: Energy Balance Model.Land & Ocean Surface Temperature[1]",="Run 20: Energy Balance Model.Land & Ocean Surface Temperature[1]",="Run 21: Energy Balance Model.Land & Ocean Surface Temperature[1]",="Run 22: Energy Balance Model.Land & Ocean Surface Temperature[1]",="Run 23: Energy Balance Model.Land & Ocean Surface Temperature[1]",="Run 24: Energy Balance Model.Land & Ocean Surface Temperature[1]",="Run 25: Energy Balance Model.Land & Ocean Surface Temperature[1]",="Run 26: Energy Balance Model.Land & Ocean Surface Temperature[1]",="Run 27: Energy Balance Model.Land & Ocean Surface Temperature[1]",="Run 28: Energy Balance Model.Land & Ocean Surface Temperature[1]",="Run 29: Energy Balance Model.Land & Ocean Surface Temperature[1]",="Run 30: Energy Balance Model.Land & Ocean Surface Temperature[1]",="Run 31: Energy Balance Model.Land & Ocean Surface Temperature[1]",="Run 32: Energy Balance Model.Land & Ocean Surface Temperature[1]",="Run 33: Energy Balance Model.Land & Ocean Surface Temperature[1]",="Run 34: Energy Balance Model.Land & Ocean Surface Temperature[1]",="Run 35: Energy Balance Model.Land & Ocean Surface Temperature[1]",="Run 36: Energy Balance Model.Land & Ocean Surface Temperature[1]",="Run 37: Energy Balance Model.Land & Ocean Surface Temperature[1]",="Run 38: Energy Balance Model.Land & Ocean Surface Temperature[1]",="Run 39: Energy Balance Model.Land & Ocean Surface Temperature[1]",="Run 40: Energy Balance Model.Land & Ocean Surface Temperature[1]",="Run 41: Energy Balance Model.Land & Ocean Surface Temperature[1]",="Run 42: Energy Balance Model.Land & Ocean Surface Temperature[1]",="Run 43: Energy Balance Model.Land & Ocean Surface Temperature[1]",="Run 44: Energy Balance Model.Land & Ocean Surface Temperature[1]",="Run 45: Energy Balance Model.Land & Ocean Surface Temperature[1]",="Run 46: Energy Balance Model.Land & Ocean Surface Temperature[1]",="Run 47: Energy Balance Model.Land & Ocean Surface Temperature[1]",="Run 48: Energy Balance Model.Land & Ocean Surface Temperature[1]",="Run 49: Energy Balance Model.Land & Ocean Surface Temperature[1]",="Run 50: Energy Balance Model.Land & Ocean Surface Temperature[1]",="Run 51: Energy Balance Model.Land & Ocean Surface Temperature[1]",="Run 52: Energy Balance Model.Land & Ocean Surface Temperature[1]",="Run 53: Energy Balance Model.Land & Ocean Surface Temperature[1]",="Run 54: Energy Balance Model.Land & Ocean Surface Temperature[1]",="Run 55: Energy Balance Model.Land & Ocean Surface Temperature[1]",="Run 56: Energy Balance Model.Land & Ocean Surface Temperature[1]",="Run 57: Energy Balance Model.Land & Ocean Surface Temperature[1]",="Run 58: Energy Balance Model.Land & Ocean Surface Temperature[1]",="Run 59: Energy Balance Model.Land & Ocean Surface Temperature[1]",="Run 60: Energy Balance Model.Land & Ocean Surface Temperature[1]",="Run 61: Energy Balance Model.Land & Ocean Surface Temperature[1]",="Run 62: Energy Balance Model.Land & Ocean Surface Temperature[1]",="Run 63: Energy Balance Model.Land & Ocean Surface Temperature[1]",="Run 64: Energy Balance Model.Land & Ocean Surface Temperature[1]",="Run 65: Energy Balance Model.Land & Ocean Surface Temperature[1]",="Run 66: Energy Balance Model.Land & Ocean Surface Temperature[1]",="Run 67: Energy Balance Model.Land & Ocean Surface Temperature[1]",="Run 68: Energy Balance Model.Land & Ocean Surface Temperature[1]",="Run 69: Energy Balance Model.Land & Ocean Surface Temperature[1]",="Run 70: Energy Balance Model.Land & Ocean Surface Temperature[1]",="Run 71: Energy Balance Model.Land & Ocean Surface Temperature[1]",="Run 72: Energy Balance Model.Land & Ocean Surface Temperature[1]",="Run 73: Energy Balance Model.Land & Ocean Surface Temperature[1]",="Run 74: Energy Balance Model.Land & Ocean Surface Temperature[1]",="Run 75: Energy Balance Model.Land & Ocean Surface Temperature[1]",="Run 76: Energy Balance Model.Land & Ocean Surface Temperature[1]",="Run 77: Energy Balance Model.Land & Ocean Surface Temperature[1]",="Run 78: Energy Balance Model.Land & Ocean Surface Temperature[1]",="Run 79: Energy Balance Model.Land & Ocean Surface Temperature[1]",="Run 80: Energy Balance Model.Land & Ocean Surface Temperature[1]",="Run 81: Energy Balance Model.Land & Ocean Surface Temperature[1]",="Run 82: Energy Balance Model.Land & Ocean Surface Temperature[1]",="Run 83: Energy Balance Model.Land & Ocean Surface Temperature[1]",="Run 84: Energy Balance Model.Land & Ocean Surface Temperature[1]",="Run 85: Energy Balance Model.Land & Ocean Surface Temperature[1]",="Run 86: Energy Balance Model.Land & Ocean Surface Temperature[1]",="Run 87: Energy Balance Model.Land & Ocean Surface Temperature[1]",="Run 88: Energy Balance Model.Land & Ocean Surface Temperature[1]",="Run 89: Energy Balance Model.Land & Ocean Surface Temperature[1]",="Run 90: Energy Balance Model.Land & Ocean Surface Temperature[1]",="Run 91: Energy Balance Model.Land & Ocean Surface Temperature[1]",="Run 92: Energy Balance Model.Land & Ocean Surface Temperature[1]",="Run 93: Energy Balance Model.Land & Ocean Surface Temperature[1]",="Run 94: Energy Balance Model.Land & Ocean Surface Temperature[1]",="Run 95: Energy Balance Model.Land & Ocean Surface Temperature[1]",="Run 96: Energy Balance Model.Land & Ocean Surface Temperature[1]",="Run 97: Energy Balance Model.Land & Ocean Surface Temperature[1]",="Run 98: Energy Balance Model.Land & Ocean Surface Temperature[1]",="Run 99: Energy Balance Model.Land & Ocean Surface Temperature[1]",="Run 100: Energy Balance Model.Land & Ocean Surface Temperature[1]"
1750,0,0,0,0,0,0,0,0,0,0,0,0,0,0,0,0,0,0,0,0,0,0,0,0,0,0,0,0,0,0,0,0,0,0,0,0,0,0,0,0,0,0,0,0,0,0,0,0,0,0,0,0,0,0,0,0,0,0,0,0,0,0,0,0,0,0,0,0,0,0,0,0,0,0,0,0,0,0,0,0,0,0,0,0,0,0,0,0,0,0,0,0,0,0,0,0,0,0,0,0
1751,0.0210787570739,0.0242751774509,0.0214176624441,0.0348180132342,0.0273450615535,0.0300492184544,0.0243015148557,0.0211709983458,0.03952414874,0.0325528335392,0.0315446735068,0.0319104231662,0.0362787985372,0.0298693111688,0.0292889289961,0.027165214589,0.030355017759,0.0396206646282,0.0313719510551,0.0315613061438,0.0262952057216,0.0268111093308,0.0287138695901,0.0209316070858,0.0263437517077,0.0240024269766,0.027274518153,0.0289594491073,0.0310044637202,0.0281791421669,0.0324845111186,0.0342820492515,0.0300673488738,0.02984205565,0.0356247492453,0.0174035613771,0.0321888155273,0.0334834869806,0.0243689898685,0.0301000039633,0.0323013585019,0.0231411237227,0.032271846688,0.0267072700515,0.0237722328192,0.0302389527038,0.0267296568392,0.022764576529,0.0419745937567,0.0253763916411,0.0229734969291,0.0333630411883,0.0247654862226,0.0249315816826,0.0268971538045,0.0267738111169,0.0261496462511,0.0265796571008,0.0250283234478,0.0162217784805,0.0344382328921,0.0267004599567,0.0311887178787,0.0223480725053,0.039946560411,0.0307022289223,0.0230619486868,0.0434955063169,0.0242168106679,0.0224133407214,0.0370853310621,0.0266740327867,0.0307198542048,0.0245692152024,0.0262153615585,0.0425871724372,0.0258089913159,0.0233507931192,0.030590171628,0.0346813500152,0.0192157194129,0.0202033099535,0.0254269865179,0.0169752588088,0.0294800674454,0.0321014711329,0.0461863434705,0.0308368240662,0.0229802954263,0.0319437640298,0.0437329285673,0.0345621003283,0.0267366715873,0.0277910879788,0.0258488094619,0.0250753182567,0.0402997313026,0.0247783728241,0.0195391328431,0.018302560827
1752,0.033161026196,0.0352323693848,0.0338428186551,0.0460286753069,0.0384214199375,0.038634485504,0.0371764609838,0.026229244696,0.0414643563487,0.0428274912803,0.0391817751081,0.0308445206017,0.0451648897651,0.0367093086406,0.036424965661,0.0422034258003,0.0396082444773,0.0440446832259,0.0411686585702,0.0422470493299,0.0333970639583,0.0342404824098,0.0322624983338,0.0332125765481,0.0345461200515,0.0355489713046,0.0313525647294,0.0405779711875,0.0371721644353,0.0349612067189,0.042420371281,0.0517346341546,0.0315298139075,0.0403631051725,0.0401389452246,0.021977757335,0.0352629830611,0.0408031531663,0.0309079543643,0.0410041820796,0.0414327378724,0.0280445400783,0.0416671284115,0.0365546326751,0.030636168859,0.0403630362383,0.0375332085283,0.0321366968397,0.0492998353221,0.0313226096361,0.0344997517334,0.0462422521933,0.033259793904,0.0379706020244,0.0372933810104,0.034041319102,0.0318748515513,0.0359885898392,0.0319579727574,0.023995484485,0.0478881901836,0.0355976195191,0.0461795659216,0.035596327644,0.0476348375546,0.0423249215677,0.0353968255198,0.0545360496951,0.0318824852628,0.0329792359524,0.0491622620445,0.0372769854643,0.0432592260214,0.0273716467093,0.0389806843495,0.0568754188373,0.0375632149019,0.0277704875886,0.0379078888321,0.0403173414757,0.0249286517283,0.0263440904275,0.0321311619668,0.0209766541199,0.0384245683649,0.0474383356604,0.0527638285372,0.0356115301606,0.0305659963806,0.0391513852649,0.0499073656014,0.0487944836596,0.0301818770125,0.0378362403776,0.0345007200601,0.0337572633291,0.0474257879724,0.0319181636051,0.0257844006284,0.0228709046989
1753,0.0326233287566,0.0312923508171,0.0331725353956,0.0356071245052,0.0325270506762,0.0292019229655,0.0350048390723,0.0190068423616,0.0231003833608,0.0330293496707,0.0291050454692,0.0161189160491,0.0340085310775,0.0268554895869,0.0269704985276,0.040433325668,0.0299362026461,0.0285555353238,0.0311243959946,0.0334355850411,0.0249359086538,0.025225826563,0.0205055367468,0.0328796694589,0.0279355943676,0.0325395040268,0.0217635445688,0.0339061967732,0.0248973241247,0.026532985115,0.0320916206872,0.0474596373096,0.0184230619091,0.0341615230149,0.027490356452,0.0169339127835,0.0235485967557,0.0297938479298,0.0237335130569,0.0326747018343,0.0318153362979,0.0197939580725,0.0326344035725,0.0299644474128,0.0254468319231,0.0318635510512,0.0314203481247,0.0290501825651,0.0331306025679,0.0232590584894,0.0317182749285,0.0379268363566,0.0260548713882,0.0354415529416,0.0305749031155,0.0256894248354,0.0239381608075,0.0290758640617,0.0240202618777,0.0214007505622,0.0396887987593,0.0292954201022,0.0418540466492,0.0353021173968,0.0326507707295,0.0345134361924,0.0333665562098,0.0414294457455,0.0257349649136,0.0295812244568,0.0385389043847,0.0315443609842,0.0378853646258,0.0183452367246,0.0350339179452,0.0440500760073,0.0330845933254,0.019630072716,0.0295845257773,0.0270239450265,0.0194761921892,0.0212227292009,0.0239686387992,0.0156496538733,0.0293641679445,0.0429509289615,0.0341518245249,0.0227997812851,0.0243569354194,0.0297996870151,0.0315282909714,0.0428188880562,0.0198570137102,0.0304841902531,0.0279075864542,0.0282662010174,0.0311865978393,0.0241842851036,0.0203145119695,0.0184292574313
1754,0.0188779689914,0.014104809104,0.018863442978,0.00917066076819,0.0130480062633,0.00726662910062,0.0179814805526,0.00374136218123,-0.00491086920601,0.00824913059349,0.00730387162541,-0.00416667321969,0.00872563874661,0.00601715512056,0.00626335411798,0.0218798459174,0.00672361745301,0.00182717892552,0.0066424940886,0.0098675841033,0.00539734049881,0.00432100912164,0.000628755570136,0.0192030800168,0.00978656504885,0.0159693127274,0.00376641537181,0.0119850558596,0.00107627942604,0.00685829569426,0.00686490222235,0.0226108401074,-0.00186047859545,0.0148993949609,0.00465641416888,0.00478918550946,0.00304436194487,0.00697068047869,0.00678557017095,0.00903478364419,0.00919352066483,0.00285872317031,0.0104434257395,0.0101992579968,0.0104747590312,0.00927581459317,0.0109360571424,0.0149840507232,0.00283594499483,0.00593601900624,0.0154167570677,0.0121594637603,0.00678896687251,0.0178144545986,0.0099030403229,0.00606506259108,0.00697984154711,0.00954907184163,0.00569215851373,0.00933440126169,0.013427664273,0.0111143748001,0.0194499563229,0.0207812109395,0.00346563763263,0.0106359800343,0.0171947199323,0.0114343618728,0.00896542097596,0.0131214273574,0.0110129385426,0.0124168957437,0.0173184664026,0.00275584558331,0.0154242563323,0.0105863612705,0.0142579915788,0.00337879011952,0.0107690047333,0.00236208960776,0.00569319179622,0.00752250469056,0.00517856292925,0.00382004238891,0.00723452584811,0.0203332727995,0.000891927503874,0.000184807539986,0.00770517957423,0.00909020761538,-0.00107978484286,0.0195246212851,0.00218910073466,0.00951777300921,0.00944419480536,0.0115833952066,0.000971444345688,0.005387120628,0.00591817053787,0.00804555324932
1755,0.00399481361808,0.00220849862873,0.00659913211608,-0.00498118961168,0.0058170702552,-0.00106812467435,0.0020919219064,-0.00100103701763,-0.0129351398865,-0.00898091762313,-0.00291795777498,-0.00818129208548,-0.00527050812906,-0.00282532452247,-0.00343563719442,0.00722960222855,-0.0010056243375,-0.00767584068509,-0.00467139543592,-0.00334784261495,-0.00547005997807,-0.0111760754992,-0.00313256440987,0.00622899894524,-0.00518572649308,0.00244029780942,-0.00286410461455,-0.00298258654632,-0.00958938025245,-0.00719486998367,-0.00892459843698,0.00533893443247,-0.00810368543422,0.00711611237115,-0.00505124055684,-0.00392643725673,-0.00607829531141,-0.00123565378049,-0.00199233709096,-0.00600546697918,-0.000923896342595,-0.00660591620096,0.00432196783164,-0.00378106511067,0.000303731119269,-0.00533474969154,-0.00533702501249,0.00705851999038,-0.010665216296,-0.00096786456036,0.00131450757804,-0.00665015245914,-0.00415998283052,0.00332118237796,-0.00360186192984,-0.00628130377,0.000291418865695,-0.00231577027149,-0.00295003639371,0.00230681853323,-0.00743454903958,0.00256584457448,-0.00129966569996,0.00813237741947,-0.0103551353895,-0.00682290295718,0.00422137266686,-0.00489074478413,0.000766969311237,-0.00209887566712,-0.00674365518195,0.000109136928202,0.00313369362667,-0.000541397980498,0.0000972577447997,-0.00938024042554,0.000742873344904,-0.00507299573615,0.00582294196655,-0.00947769884264,-0.004513686469,0.00188823807108,-0.0076228250677,-0.00242634063539,-0.00315799665039,0.00368195992768,-0.016412103769,-0.00632969784848,-0.00294704815169,-0.000164047872037,-0.0198647713018,0.00392610983835,-0.000598815340737,-0.00153253188328,-0.00143884306997,0.00255786463755,-0.0125226259285,-0.00787941556399,-0.00357509701028,0.00668181606166
1756,-0.010757148431,-0.00855713715288,-0.00457981530867,-0.0170267879067,-0.00174221874502,-0.00966332916278,-0.0126620767006,-0.00712926903652,-0.0240643850829,-0.0232334378105,-0.013127225158,-0.0184774336182,-0.0196616739947,-0.0127032147335,-0.013504587487,-0.00568625875205,-0.00906768870165,-0.0208138845923,-0.0145896547768,-0.0149711619005,-0.0152856387399,-0.0241176828964,-0.0107879395772,-0.00607782957011,-0.0193042841373,-0.00993755146982,-0.0131694970392,-0.0155266119921,-0.0192718811729,-0.0213349120097,-0.0218381668912,-0.00944364013075,-0.0174395716362,-0.00296192122714,-0.0180860189762,-0.0124126212016,-0.018564708784,-0.0117256969458,-0.0111132610263,-0.0184731639473,-0.0109486656291,-0.0155904091101,-0.00608517709768,-0.0157948582492,-0.0125135385242,-0.0175480660638,-0.0193302314956,-0.00376279109323,-0.0243398653593,-0.00911047758187,-0.0112427780229,-0.0222872934815,-0.0137480461742,-0.00951595580061,-0.0148563861989,-0.0176943415146,-0.00899555609016,-0.0123718329521,-0.0110163849872,-0.0035115664704,-0.0251599130832,-0.00855252929414,-0.0199726836303,-0.0035112505037,-0.0232776106031,-0.0212763412454,-0.00736563151046,-0.0215602874622,-0.00825241220229,-0.0158978592619,-0.0215755090634,-0.0106462520113,-0.010164740693,-0.00977252284813,-0.0133234083095,-0.0257968247995,-0.0107300394901,-0.0136792514481,-0.00551344215569,-0.0212023989737,-0.0137532504365,-0.00591902928574,-0.0189984798946,-0.00912542069451,-0.012721885236,-0.0110760217315,-0.0319720881133,-0.0144616056934,-0.0122243807527,-0.0123935816417,-0.0361449454495,-0.0110505692978,-0.00803089228022,-0.0112715432559,-0.0119148867343,-0.00689924832878,-0.0246243976029,-0.0194630101311,-0.01175354069,0.0000374422428818
1757,-0.0187516894115,-0.00994740226296,-0.00812212743188,-0.0140637666481,0.00225696114224,-0.00483339834013,-0.0187063275689,-0.00320504641277,-0.0144685043649,-0.0237485344358,-0.0096105365215,-0.00909714045993,-0.0178395720803,-0.0089603762567,-0.0105815304259,-0.00848150456283,-0.00329499896933,-0.0142069982882,-0.0106311628212,-0.0133246742988,-0.0137207370485,-0.0257189832075,-0.00310572340986,-0.0112853507336,-0.0233598979078,-0.0135417284006,-0.00873573476943,-0.0161559998813,-0.0146286958701,-0.0233534275969,-0.0206671622009,-0.0108197097343,-0.0109573091943,0.000243430409299,-0.0140040224418,-0.0140529221152,-0.0150060260941,-0.00650469750062,-0.00961677627734,-0.0180931959376,-0.00701551162849,-0.0145595920204,-0.000262951483502,-0.0170294638631,-0.014145020131,-0.0171415184904,-0.0225071930878,-0.00343685993868,-0.0187594032449,-0.00577714363384,-0.0151152221733,-0.0239674992225,-0.0128428590645,-0.0129255999559,-0.014845390779,-0.0175292122279,-0.00597382396545,-0.0113807702798,-0.00815750697731,-0.00270905890603,-0.0288699293445,-0.00616974872068,-0.0268297342732,-0.00735226512262,-0.0181621772488,-0.0228329348251,-0.010378888916,-0.0194798034573,-0.00636887120719,-0.021247745691,-0.0208422393884,-0.0107279235562,-0.0116386570434,-0.00384407018887,-0.0165441484723,-0.0237286429559,-0.0119157431081,-0.0120179035358,0.0000710362025938,-0.0171783734215,-0.0154732992765,-0.00390118900646,-0.0198722650135,-0.00836142313532,-0.00945744115302,-0.0135782575434,-0.0268441441612,-0.00734545262639,-0.0121229911835,-0.00928415584039,-0.0329418979916,-0.0127426020125,-0.000750882413654,-0.00928671145296,-0.0115121953932,-0.00624032473676,-0.0181069461789,-0.0206457587001,-0.0118543064591,0.00442026922247
1758,-0.0124486973593,0.00279019786758,0.00227071365317,0.00706436018559,0.0189498663146,0.0134258591804,-0.00862695123841,0.00922363818901,0.00869651714706,-0.00545567460862,0.00830572195607,0.00781399497642,0.00147288012111,0.00774274533594,0.00572484178323,0.00599533567006,0.0158127361888,0.00697125436653,0.00883872284777,0.00489535039714,0.00131364274131,-0.0114504137365,0.0136071164332,-0.00254141305433,-0.0123646304157,-0.00238991906364,0.00534775788354,0.000319539593092,0.00446386082801,-0.0106609255134,-0.00129687890722,0.0087309506462,0.00559821139379,0.0165529804689,0.00364694020678,-0.00649910103994,0.000537467465921,0.0122203770384,0.00345293555009,-0.00023749666625,0.0119538397551,-0.00218777671863,0.0175301997126,-0.00276108018365,-0.00499369482512,0.000107406916636,-0.00888265985597,0.00698053750892,0.00535098624763,0.00827988371574,-0.00411387895358,-0.00524206745007,0.00151288115972,-0.000252104584338,0.000792579561686,-0.00319817796262,0.00730746186607,0.00413823526296,0.00669015149551,0.00745113891752,-0.0110717288803,0.00768890712316,-0.0129318145227,0.00338184802063,0.00541296089582,-0.00561024171379,0.00126754096211,0.00343082812356,0.00697096479237,-0.0117573468106,0.000588386972132,0.00420065507532,0.0039810903727,0.00822920845569,-0.00321937945314,0.00210553220642,0.00252032419336,0.000432095654319,0.0151050852316,0.0025083897189,-0.00644588997384,0.00657728102297,-0.00689885829118,0.000304990261212,0.00822773864843,0.0033113354047,-0.0000264350185024,0.0113936259563,0.000501093255248,0.00678202444059,-0.00805853002716,0.0045793423375,0.0141148131186,0.00718241004045,0.0023792084812,0.00679094073837,0.00680238391664,-0.00776819696213,-0.00116285319723,0.0131392871825
1759,0.0012545741314,0.0170682893177,0.0159869329711,0.0268303863465,0.0306598905357,0.0275369036462,0.00742627074063,0.0181416829694,0.0267979859214,0.0163703099491,0.0250955685328,0.0216333496855,0.0218859689084,0.0224434123387,0.0207065407444,0.0234884456205,0.0287212985109,0.025400460524,0.0248212056533,0.0224608685984,0.0163978858965,0.00713275528787,0.0249117244641,0.0110856464112,0.00457312311093,0.0126476382233,0.0182577724966,0.0186858599847,0.0210872995863,0.00634587642783,0.0194912563195,0.0295239698693,0.0194734460745,0.0303936906419,0.0208751052826,0.00350504811729,0.0165562100925,0.0276495237042,0.0163305607132,0.0184991633517,0.0287598980528,0.0106738005186,0.0296994653042,0.0142760167447,0.00768606384428,0.0192108846836,0.0092281888647,0.0185755141588,0.0272988832656,0.0203249494538,0.0114887404996,0.0173012568043,0.0151534651967,0.0161951759454,0.0174608434264,0.0129609324291,0.0191577802676,0.0202800008855,0.0199212806267,0.016654214879,0.0127784579382,0.0207498762431,0.00938996265263,0.0178478652496,0.0275136751862,0.0151897779364,0.0157336547472,0.0271547583718,0.0193983648769,0.00363679363491,0.0244794083203,0.0203275801198,0.022443137538,0.017983043309,0.0131095882698,0.0279958182074,0.0191153978533,0.0132036860517,0.0273248843951,0.0216039710779,0.00554134276488,0.0155461325254,0.00888600492855,0.00908239989682,0.0234149151708,0.023226541047,0.0275086875898,0.0249146288247,0.0145336088839,0.0223618733413,0.0189918476454,0.0243583578828,0.0241499252316,0.021900729485,0.0168292190348,0.0197792276389,0.0290997082971,0.00815437303637,0.0110217799394,0.019870287134
1760,0.0129211636747,0.0224332030672,0.0230619305508,0.0311729608178,0.0274058568146,0.0267401445661,0.0182373418049,0.0164052151786,0.0267126844248,0.0275252757882,0.0291792559952,0.0215377319532,0.0293807645127,0.0244465169616,0.0235880287222,0.031455615576,0.0247301044661,0.0274906918598,0.0251381813832,0.0266357040097,0.0210962654464,0.0181165823663,0.0218921268085,0.0199140820679,0.0165582958294,0.0209717452331,0.0201776372028,0.0261720512482,0.0235668332961,0.0162456963464,0.027778168015,0.0360086244941,0.0205469283502,0.0309396382557,0.0252234706079,0.00905141573276,0.0215359039624,0.0282617899191,0.0198328064974,0.0249373385158,0.0314987079986,0.0150460994746,0.0252934000098,0.022544050508,0.0143351619904,0.0273576713605,0.0195862517773,0.0217796684687,0.0317427157153,0.0214706446156,0.021102780295,0.028551004044,0.0178079458372,0.0248439388048,0.0234061656579,0.0200410609774,0.0205243787775,0.0259861048891,0.0220699413782,0.017828784286,0.0269833640227,0.0223287919809,0.0256981369609,0.0256726138203,0.0331132239078,0.0256508016896,0.0224128234107,0.035186315834,0.0216921214547,0.0145716558108,0.0351137022122,0.026408253128,0.0311268450865,0.016877525936,0.0203632000781,0.0357644758274,0.0263203715795,0.0175509294315,0.0260640073131,0.0272300040993,0.0124815702493,0.0155492825522,0.0169529886377,0.0116294633649,0.0247955744748,0.0319589394803,0.0379407666839,0.0230817711411,0.0204793768793,0.0259372618585,0.0306826447221,0.0324788183788,0.0211735578533,0.0237106091919,0.0214993450826,0.023187375115,0.0336919434221,0.0165303613127,0.0165549992749,0.0182470545161
1761,-0.0194770661397,-0.0396225378632,-0.0290920423173,-0.0635467391912,-0.0712524949723,-0.0682681496176,-0.0287461497301,-0.05375361743,-0.0818786598915,-0.0374892099764,-0.0501868655038,-0.0648347057631,-0.0551292686835,-0.057293572223,-0.0540941482464,-0.0375540807846,-0.0838325626065,-0.0769589610188,-0.0715153126681,-0.0577320411276,-0.0440417225736,-0.0282942367576,-0.0717636019718,-0.0243576594703,-0.0219408184756,-0.0307983680092,-0.0538860059722,-0.0441846326267,-0.0603711733691,-0.033859258467,-0.0471451729085,-0.0607211207299,-0.057930762089,-0.0623894088984,-0.0588933316936,-0.0227664830504,-0.0507637921773,-0.0691579326638,-0.0420416646586,-0.0521596071606,-0.0577233032716,-0.0376779923482,-0.0909702235796,-0.0349824567182,-0.0356844126064,-0.0401318887192,-0.0340497996923,-0.0438339157817,-0.0737283962395,-0.0499966335805,-0.0251610316157,-0.0442922512634,-0.0518674099472,-0.0330052112954,-0.0445589102239,-0.0380638509122,-0.0513458848869,-0.0391905115199,-0.0471826506351,-0.0342731014408,-0.0387818834535,-0.0586059461576,-0.0267513457552,-0.0276223765376,-0.0651474908618,-0.04130105499,-0.0351481316576,-0.0671964619913,-0.0474831640729,-0.0244247191053,-0.0457944158711,-0.0394671199569,-0.0384122207603,-0.0599154976483,-0.0442417263202,-0.0746312779619,-0.0363119813736,-0.0354040606383,-0.0727089206513,-0.0533758926152,-0.0216228069383,-0.0487237806337,-0.0320549043248,-0.0301056316405,-0.0621448012408,-0.0467613476777,-0.0579123036634,-0.0718973423409,-0.0309326526328,-0.0570422538252,-0.0533296559369,-0.051198376261,-0.0666277649262,-0.0583513353896,-0.044045453349,-0.0435832996881,-0.0682766365108,-0.0317729106074,-0.0259856342172,-0.0456412981841
1762,-0.0619963692941,-0.0949200643041,-0.0864156523087,-0.130248730194,-0.137086384696,-0.123345422024,-0.0824896238664,-0.0884100742596,-0.114215792896,-0.0906996711159,-0.0956545547223,-0.0734555852242,-0.105210200206,-0.100108587771,-0.0984774679222,-0.10901405493,-0.146376483875,-0.115212601508,-0.134397332755,-0.118984428893,-0.0877810897721,-0.0673572698041,-0.10127461218,-0.0766573651422,-0.0551407779355,-0.083000383294,-0.0792725713315,-0.105233395595,-0.106906935134,-0.066964098873,-0.104160079771,-0.15189809864,-0.0800128153444,-0.11865189731,-0.0913885959242,-0.0463148523524,-0.0753645850109,-0.115787413889,-0.0797229044118,-0.11494064952,-0.11200584056,-0.0701221459877,-0.146932088431,-0.0843985453952,-0.0635071152712,-0.093103924923,-0.0856991791823,-0.085401056722,-0.126961252998,-0.087243746875,-0.0745404258503,-0.109679193656,-0.104275199836,-0.093481979562,-0.101263090103,-0.0781982327663,-0.0847285709102,-0.089529386865,-0.0903635401488,-0.0789832141811,-0.101752143707,-0.103917750211,-0.086142871639,-0.0872643197636,-0.118991682031,-0.101337333132,-0.0947259017716,-0.129400583528,-0.09042982685,-0.068122520613,-0.108892068771,-0.0941151754585,-0.0970049639179,-0.0764964000748,-0.108134040061,-0.158520931532,-0.0941464780084,-0.0647266609094,-0.108982298822,-0.0949006095971,-0.0497487164666,-0.0837424174694,-0.068682547553,-0.0543923282643,-0.118603737528,-0.121384280994,-0.109442793524,-0.110521072641,-0.070811955625,-0.0959508295245,-0.102165110303,-0.120821517969,-0.0915062708883,-0.118019232019,-0.0908942043797,-0.0905343360253,-0.121978758941,-0.0697665846653,-0.0592678998994,-0.0652232877816
1763,-0.0644958053859,-0.080679723451,-0.0829947303194,-0.0931097758801,-0.0998395309867,-0.0816090488951,-0.0799697848919,-0.056336051322,-0.0567177190162,-0.0693023951661,-0.0620397749329,-0.0328950169144,-0.0730484417697,-0.0647682127403,-0.0664185889636,-0.0998244002014,-0.0969951187808,-0.0680552366247,-0.0930044831464,-0.0883557530252,-0.0626718162567,-0.0529311373474,-0.0528066548736,-0.0767697423054,-0.0457362912578,-0.0756629366812,-0.0486451083538,-0.085325011829,-0.0672657698024,-0.0517572016823,-0.0764576184694,-0.131694252085,-0.041801169496,-0.086512570949,-0.0573022165846,-0.0375244056674,-0.0470577358978,-0.0729743629935,-0.0562725869369,-0.0897319344881,-0.0751081534975,-0.0496087502834,-0.0996135650414,-0.0683400817386,-0.0528071292773,-0.0699345111329,-0.0738998806491,-0.0728260634644,-0.0781866839779,-0.0571876020292,-0.068322563536,-0.0893740998522,-0.0803666723447,-0.0855987716393,-0.0802141178864,-0.0573425484911,-0.056483793907,-0.0669830169934,-0.0615257411063,-0.0646032037547,-0.0865394443033,-0.0785243449603,-0.080394876042,-0.0846827297923,-0.07429085835,-0.0828432488177,-0.0876778900549,-0.0904564461283,-0.0656017254198,-0.0644345641885,-0.0803804328495,-0.0748280898561,-0.0792884065375,-0.0450635654225,-0.0971292645562,-0.11764740683,-0.0789899096015,-0.0433927189639,-0.0731480314553,-0.0588273302934,-0.0405812207252,-0.0618562785873,-0.0525193276099,-0.0389179703545,-0.0832399623696,-0.105711119143,-0.0663930840674,-0.0603981876161,-0.0540062412963,-0.0645943201924,-0.0659780241618,-0.100352351927,-0.0480964337429,-0.0883504341691,-0.0689666492818,-0.070098562671,-0.0721872345776,-0.0543014703281,-0.0454607346279,-0.0441079286504
1764,-0.0522501875277,-0.050691058862,-0.0578564960014,-0.0445181685755,-0.0507579583451,-0.0367500946689,-0.0586829628989,-0.0260697158875,-0.0183101303715,-0.0377750557203,-0.0287576913314,-0.0137902214916,-0.0394443723807,-0.0311935914727,-0.0340043364391,-0.0642446764804,-0.0422666088477,-0.034835771714,-0.0421102856449,-0.0466780013175,-0.0329840411495,-0.0323017042004,-0.0179816493136,-0.05733616698,-0.0325800806283,-0.0524829154072,-0.0254195759239,-0.0487842603112,-0.0278523944125,-0.0354253898851,-0.0380953026455,-0.0798156916105,-0.0180451065388,-0.0486045281815,-0.0341333417859,-0.0273128961944,-0.0295798758651,-0.0347974473576,-0.0309790252173,-0.0487521454422,-0.0351285808174,-0.0288452292059,-0.052630735327,-0.0410143440605,-0.0403582792289,-0.0364790895764,-0.0474960973799,-0.0508706452252,-0.034824891906,-0.0291462599531,-0.04536625961,-0.0510866754696,-0.0456667173374,-0.0560993892405,-0.0442644113279,-0.0322145231341,-0.0324078896024,-0.034178780135,-0.0292483347012,-0.0358164839666,-0.0543951120169,-0.0465596160326,-0.0553779939405,-0.0594079332076,-0.0318329580881,-0.0480842710495,-0.0593948334621,-0.0497657426857,-0.0358917351192,-0.0468946944334,-0.0401399651377,-0.0424341461387,-0.0485060147718,-0.0250474387945,-0.0644372113084,-0.0584080059924,-0.0459178563141,-0.0241149664547,-0.0434179954875,-0.0274392142539,-0.0278692872213,-0.0376500550877,-0.0326247602132,-0.0234203748271,-0.0408583578661,-0.0667500117404,-0.0294438375545,-0.0191448233776,-0.0303995156514,-0.0366275106011,-0.0337147795351,-0.0642960073906,-0.018503651831,-0.0466047191749,-0.0394373411121,-0.0436000388726,-0.025567411805,-0.0330961792599,-0.0259441475383,-0.0282262766176
1765,-0.0426108014057,-0.0304612785423,-0.0362733820253,-0.0184639785997,-0.0217200565722,-0.015146847283,-0.0421577101875,-0.0124735918395,-0.00856247224373,-0.0221480818259,-0.0153422488485,-0.0119899383965,-0.0242851346472,-0.0168316147105,-0.019947683928,-0.0353162529211,-0.0140593935335,-0.0258878200764,-0.0147402838033,-0.0240288890425,-0.0190088906286,-0.0238059188867,-0.00635250696725,-0.0403848740832,-0.0289103740402,-0.0366395029005,-0.0160979801068,-0.0259238516391,-0.0113430027125,-0.0297800468101,-0.0180164821783,-0.0404386302187,-0.0131026850664,-0.0267613627619,-0.029247860519,-0.0245328280188,-0.0269098838891,-0.0189818407914,-0.0192807033497,-0.0239584699226,-0.0167843359122,-0.0213727791619,-0.0271885168827,-0.0259391809529,-0.034358570394,-0.0189180713876,-0.0311444858395,-0.0344612923064,-0.0191861866387,-0.0176981671293,-0.0284925707741,-0.0273960213406,-0.0260703085897,-0.0329923255765,-0.0220493536635,-0.0204074191518,-0.0229602205051,-0.0160820331704,-0.0140486741986,-0.015248428911,-0.0355238895597,-0.0261266056569,-0.0381731582537,-0.0374227844858,-0.0156893803023,-0.0268735783842,-0.0369926250661,-0.0323334507343,-0.0191323422029,-0.0350931972798,-0.0193451776041,-0.0231255674418,-0.0303859202983,-0.0178063193316,-0.0401244618014,-0.0244104553452,-0.0232838852283,-0.0179778365722,-0.0286973443154,-0.0172967183783,-0.0235654019317,-0.0237426403967,-0.0250175510031,-0.0170630918809,-0.0191860163772,-0.0392785501172,-0.0196904673046,-0.00376084890194,-0.0187414492276,-0.0243222798245,-0.0256906552871,-0.042615172355,-0.00894479390909,-0.0226181170294,-0.0230593849685,-0.0301207848188,-0.00774076095974,-0.0234484704387,-0.0163433853281,-0.020669572568
1766,-0.051764710095,-0.0418429541026,-0.0411401266174,-0.0417039861029,-0.0405463965443,-0.0402005988975,-0.0513006865535,-0.0317239719105,-0.0472522580894,-0.0423899891838,-0.0405994829653,-0.0452044570437,-0.0499720487001,-0.0410668708772,-0.0431272360834,-0.0420363065834,-0.0394807680314,-0.0630500560152,-0.0369477410381,-0.0447146432596,-0.0379728771639,-0.041390891353,-0.0366160800461,-0.0463875841431,-0.0466978517535,-0.0481119820973,-0.0392941056007,-0.0408856332001,-0.0368607756763,-0.049234690413,-0.0383878544091,-0.0509081928667,-0.0421581895302,-0.0474412302154,-0.061292453464,-0.0377688869601,-0.0554662601306,-0.0480195450612,-0.0372623948921,-0.0404439329514,-0.0424126584613,-0.0397861660356,-0.0535436283132,-0.0418809472714,-0.0514195852895,-0.0376135678933,-0.04476011515,-0.0471773197952,-0.0541940022755,-0.0395714761462,-0.0372195777285,-0.0440144395721,-0.0423813530088,-0.0406018310857,-0.0361995043203,-0.038169460777,-0.0455407668703,-0.0324609801011,-0.033439512951,-0.0214454319202,-0.0538896554857,-0.0430244763515,-0.0518235200351,-0.0425034251538,-0.0478603034223,-0.0426567874306,-0.0442186718257,-0.0643537642262,-0.0350668343628,-0.0457049406034,-0.0422835863763,-0.0383219550352,-0.0478182854768,-0.0424737089145,-0.0496618001797,-0.0493502250567,-0.034296889167,-0.0371490062918,-0.0558044097881,-0.04586160557,-0.0375711749553,-0.0384779618695,-0.043033003583,-0.0303216708571,-0.0411950961944,-0.052805910137,-0.0570580687093,-0.0333127626123,-0.0341476296688,-0.049278047291,-0.0597604612657,-0.0625745258121,-0.037605732318,-0.0404647367132,-0.0391532345106,-0.0485083081687,-0.0407301267724,-0.0395509805842,-0.0291867299871,-0.0391794150856
1767,-0.0646416708781,-0.0544267877866,-0.0517172808225,-0.0601748196107,-0.0555401936454,-0.055829026566,-0.0647594480364,-0.0409732070772,-0.0569187477766,-0.0590804281655,-0.0543798208334,-0.0464400220733,-0.0631411366759,-0.0525528272812,-0.0554903276092,-0.0554441619061,-0.0562948629751,-0.0744235216116,-0.0538332321874,-0.0614029457682,-0.0505961084101,-0.0550584816798,-0.0451281740641,-0.0575502706395,-0.0597310994167,-0.0617624283592,-0.0443112398618,-0.0567961848513,-0.0511142534237,-0.0600121881575,-0.0549837864655,-0.0685487261436,-0.0486173223887,-0.0585160105528,-0.0716587204975,-0.0465623320102,-0.0630363237511,-0.0603078969804,-0.0472757132391,-0.0567761180843,-0.0583316399593,-0.0504100611507,-0.0635796198169,-0.0565645017773,-0.0589210657135,-0.0531668206812,-0.0594743928311,-0.0531976121115,-0.0704081745427,-0.050176385053,-0.0493537336052,-0.0613824793736,-0.0569405721627,-0.053299469437,-0.0507495041911,-0.0495738218068,-0.0543111226676,-0.0465169517083,-0.0459962695339,-0.030464713378,-0.0726996160071,-0.0507517724485,-0.0688166715119,-0.0537084090967,-0.0642864964975,-0.0588692032509,-0.0565396102589,-0.0817418332462,-0.0440407620329,-0.0586255874697,-0.0609100475029,-0.0528270760999,-0.0630677576877,-0.0447259930374,-0.0637127150458,-0.071546013499,-0.0480023974237,-0.0467131802425,-0.0616043215115,-0.0590073817543,-0.0483266345383,-0.0449001463089,-0.0554724079999,-0.0371721448646,-0.0568538693853,-0.0698429126318,-0.0749340764275,-0.0449939417983,-0.0465080768466,-0.0581086733889,-0.0770996189422,-0.0800962661282,-0.0443600395306,-0.0558395932223,-0.0505971616541,-0.0613281097171,-0.0574102199913,-0.0514690259293,-0.0392685661072,-0.0421209112463
1768,-0.0569476973633,-0.0393697497087,-0.0392273586509,-0.0368759796895,-0.0349143544219,-0.0339598590739,-0.0531147997814,-0.0242222035458,-0.0244871963998,-0.0400151847762,-0.0327004782914,-0.0207666560008,-0.0379896955123,-0.0303379350169,-0.0345316520514,-0.0389788078502,-0.0329267127759,-0.0449632142178,-0.0313200531673,-0.0407448590726,-0.032829579692,-0.0401025902946,-0.0212202739853,-0.0469506923466,-0.0469412198697,-0.04944698252,-0.0233239169705,-0.0396154667839,-0.0283385025329,-0.0435731065918,-0.0342850724197,-0.0465982888983,-0.0251741500753,-0.0357304831106,-0.0475412297224,-0.0375650813144,-0.0411508280632,-0.0347312064394,-0.0302731707731,-0.0377192769754,-0.036194117398,-0.0355150822121,-0.0360713819399,-0.0416781363393,-0.0456446255548,-0.0347805605668,-0.0452069119546,-0.0377341274963,-0.0397229158993,-0.031904557852,-0.0373297488864,-0.0415381620581,-0.0415255060998,-0.0389940874557,-0.0340786784192,-0.0321616036093,-0.035670513184,-0.029897786742,-0.0286799984098,-0.0195089666769,-0.0545069101897,-0.0314138506629,-0.0538651637924,-0.0411199785707,-0.0354208712355,-0.0407071133758,-0.0434423120487,-0.0520677270582,-0.0258373621206,-0.0483720256857,-0.0380218189108,-0.0367318536061,-0.0447274706949,-0.0251504972864,-0.0485842422721,-0.0433061255674,-0.032703277236,-0.0312654507357,-0.037888009332,-0.0344487658037,-0.0389722189974,-0.0293308366979,-0.040717415563,-0.025639837798,-0.0362532424753,-0.0508938269994,-0.0435381134372,-0.0199878921975,-0.0331398908763,-0.0349866494068,-0.0482503929032,-0.0592609931012,-0.022505523034,-0.0371318497802,-0.032999511315,-0.0455462711045,-0.0274991499786,-0.0366760362954,-0.0275241305873,-0.0285138669394
1769,-0.0400079283341,-0.022244401429,-0.0225159554819,-0.0151854579192,-0.0217173442919,-0.0190161077128,-0.0338216834515,-0.0144732669103,-0.00495283323506,-0.0156704652866,-0.0141853859031,-0.00774239660331,-0.0144802870837,-0.0135468812793,-0.0173219051907,-0.0185233543651,-0.0192473314411,-0.0252897061693,-0.0136128548001,-0.0208420970432,-0.0155469491943,-0.0189822093439,-0.01017218441,-0.0302046706279,-0.0269592503695,-0.0318112452372,-0.00948655165941,-0.0193833204692,-0.00989384145745,-0.0236062942118,-0.0111667275795,-0.0226496047557,-0.0105703314738,-0.0198371310034,-0.0291606641334,-0.0258746528116,-0.0239195641577,-0.0175516815752,-0.01527576877,-0.0168976316726,-0.0182046579517,-0.0208181675625,-0.0220370518638,-0.0227073199245,-0.0313125599461,-0.0135159362211,-0.0246853126957,-0.0245624913467,-0.0147426074744,-0.0186966775622,-0.019288923998,-0.016064015156,-0.0267094904944,-0.0197448826602,-0.0155102534921,-0.0134432344456,-0.0227288999171,-0.0121069310053,-0.0142148912824,-0.00950398724948,-0.0278263600279,-0.0173508669264,-0.0280767036577,-0.0238121739911,-0.0103911784743,-0.0173447895947,-0.0265133196761,-0.0241808801454,-0.011305634373,-0.0304274680018,-0.0113190257873,-0.0186724930035,-0.0231982214774,-0.0159188114183,-0.0293233208525,-0.014262487223,-0.0141518201272,-0.0169773900785,-0.0255766186145,-0.0128783567728,-0.0256148881369,-0.0191158238591,-0.0224684091208,-0.0153858346675,-0.0194652132358,-0.0276152558406,-0.0129770744694,-0.00542178265106,-0.0177250319126,-0.017453570982,-0.0173661067946,-0.0359876917306,-0.0133347637068,-0.0206032626939,-0.0158808917833,-0.0310104217103,-0.00260738384785,-0.0181044129195,-0.0137296749358,-0.0232640878301
1770,-0.019370666332,-0.00578572763775,-0.00579710059543,0.00376742263755,-0.0112418616827,-0.00628759807983,-0.012687195418,-0.00566082474092,0.0133946813854,0.0079075840107,0.00309082685041,0.00785082911172,0.00891804563785,0.00233886616072,-0.0011467203717,0.00112906618598,-0.00859281525591,-0.00510072651189,0.000921220943922,-0.00292927631648,0.000455816120623,0.00222368741771,0.00102268294548,-0.0120260081134,-0.00492259852033,-0.0133632768644,0.00611616410286,-0.000373823130715,0.00599522909724,-0.00202844506868,0.0101161382876,-0.00109791707945,0.00425264479604,-0.0041586574611,-0.00935385992517,-0.013412057501,-0.00475251056825,-0.00087815540683,-0.000729519645907,0.00208766754227,-0.00188347804577,-0.00677247124326,-0.0079707982927,-0.00403347045502,-0.0134814279706,0.00651909925337,-0.00379216312722,-0.00902504136201,0.00821480602519,-0.00599644998647,-0.000471842591782,0.00862685721849,-0.0135634741214,-0.000531850592454,0.00151933671331,0.00485254704117,-0.00900636028564,0.00429031475858,-0.0013935004625,-0.00135129337805,-0.000567530076126,-0.00211989967503,0.00031028153966,-0.0062389203893,0.0122831277677,0.00527510912718,-0.00989873409641,0.00327681295575,0.00275236515444,-0.0106230336222,0.0139763608678,-0.00150707494376,-0.00153759592672,-0.00326113632996,-0.0106455191486,0.0115900411152,0.00349468553154,-0.00302441607611,-0.0098473976401,0.00732113540916,-0.0116506557798,-0.00839872777937,-0.00431294622871,-0.0051386748889,-0.00491657498616,-0.00489242948338,0.0151442187431,0.0073461555316,-0.00289925462358,0.00145084040892,0.0113246969416,-0.0127322468475,-0.00301896243448,-0.00634642179317,0.000547449123207,-0.0166329128176,0.0189811290086,0.000287579968321,-0.000427684625012,-0.0146590300742
1771,0.00271232375671,0.0120094536145,0.0128138431477,0.0230631484568,0.00380719939669,0.00861688900336,0.00948624544967,0.00482179632479,0.0283435319938,0.0288387434578,0.0196491139851,0.0186209843751,0.0306010510261,0.0181739368882,0.0148535692211,0.0229137301037,0.00595415144177,0.0128549474512,0.0170672908839,0.015562444881,0.0157453020574,0.020264630699,0.0128462773981,0.00804879408023,0.0148379289308,0.00608470942614,0.0201750421591,0.0188094037828,0.0207715315294,0.0168725121372,0.0296722757865,0.0234079045873,0.0161574619542,0.0143447334646,0.00787035988753,-0.00203887671969,0.0110723480965,0.0165007019065,0.0136210341822,0.021224082397,0.0152269760384,0.0058244444389,0.00982029340398,0.0139649454869,0.00335975844973,0.0252072412385,0.0162838982914,0.00762361816626,0.0287910621941,0.0072494210517,0.0186514380975,0.0322476208004,0.000613050029695,0.019913987035,0.0187484765544,0.0214930189318,0.00490330732038,0.0205072039094,0.0117386009447,0.00870907741965,0.0249688614132,0.0140360355228,0.0282605333601,0.0134634467175,0.0324454463086,0.0268035892244,0.00850080309646,0.0293310218336,0.0177484326312,0.00900872917098,0.0373100351339,0.0163290921569,0.0207225279832,0.00833245537239,0.00924403508599,0.0370820828398,0.021817839751,0.00941090797495,0.00700291740035,0.0246419292141,0.000966856301808,0.00374416014738,0.0116632444407,0.00475615469403,0.0109831908734,0.0195220142621,0.0371879696767,0.020311287193,0.0112814955609,0.0197191403551,0.0332437682088,0.011963899905,0.00786799748739,0.00956164440049,0.0172605508152,-0.000832278790277,0.0376728042762,0.0165705789583,0.0120020235716,-0.00503922950818
1772,0.0187505143671,0.0233798487238,0.0260624135289,0.0322221173108,0.0137675085237,0.0161735799833,0.0244736559344,0.0102024250913,0.0312470558724,0.0381435001072,0.0271386255566,0.0204386036407,0.0410710849528,0.0257147849318,0.0225440388814,0.0377814234681,0.0137524195755,0.0196283741121,0.0248229209061,0.0251209450978,0.022899888094,0.0280545075744,0.0172508274229,0.0228004685514,0.0254418995675,0.0188395386678,0.0265962495553,0.0291824814997,0.0258958858029,0.0262574770175,0.0382525935272,0.0394741958519,0.0192119582094,0.0262773802045,0.0152200114839,0.0038553869823,0.0177223523131,0.0251556744627,0.0210034142351,0.0311578452058,0.0237610004118,0.0111258908002,0.0206338260553,0.0234326735256,0.0137453684656,0.0339733277184,0.0272654505769,0.019236063449,0.0364992929218,0.0139198162322,0.0305731649098,0.0445710939132,0.00807163892525,0.0333195564662,0.0278344972947,0.0292650771603,0.0121786938779,0.0287124489955,0.0178554234707,0.0151465533922,0.038329544293,0.023635450249,0.0454480746785,0.027739922782,0.0399363844956,0.0378123805037,0.0209949043148,0.0425017066616,0.0263288597521,0.021047900029,0.0483057951693,0.0266947675861,0.0343384013874,0.0138256719301,0.0217071224822,0.0492913530946,0.0326284947107,0.0147136189868,0.0170740143139,0.0309365625908,0.00723577749569,0.0111574763726,0.0189101034021,0.00976906387556,0.0190877075952,0.0352744499405,0.0433461713684,0.0246986621632,0.0183523351846,0.0293123060101,0.0392874180292,0.0274878006669,0.0121322180908,0.0182643740984,0.0265659404725,0.00888530191166,0.0432413201603,0.0240174136134,0.0180480659904,0.00115155664961
1773,0.0267762207826,0.0279611258467,0.0327146697875,0.0325028216273,0.0188857415068,0.0177379145458,0.0308325017831,0.0116583779142,0.0265287114672,0.0369694398275,0.0274363404067,0.0170276296844,0.0420124956415,0.0266691858957,0.0235083913625,0.0445321812842,0.0160245379858,0.0186356837206,0.0253752668755,0.0266021430399,0.023157563992,0.0266333182967,0.0169247960488,0.0306414072784,0.0272241006932,0.0241926422666,0.0272091701573,0.0309438356334,0.0236208726074,0.0269501959104,0.0371187657633,0.0461541138887,0.0165665056803,0.0322621655143,0.0152438534686,0.00480655452229,0.0176059372603,0.0271272805467,0.0224457329208,0.0322924851688,0.0252060051309,0.0104800897725,0.0258720926207,0.0247670304586,0.0176493982468,0.0338254347965,0.0289820618587,0.0255704741529,0.0344349256153,0.0154398053459,0.0344618662315,0.0458422628728,0.00916471845451,0.0386327116894,0.0290622914505,0.0292072126718,0.0142084830432,0.0296092403402,0.0182208803987,0.0177775401899,0.0396520085448,0.0271868253533,0.0506742662146,0.0351601702978,0.0378276438681,0.0387040837174,0.0265692669353,0.0447217300512,0.0292360475037,0.0246572591999,0.0481896768193,0.0297483356578,0.0393523519392,0.015155361689,0.0259967516956,0.0493546713366,0.0356503656587,0.0144060727065,0.0218534665477,0.0288781101329,0.00768143560095,0.0144550609455,0.0185389972182,0.0107072666895,0.0205531931323,0.0416216813474,0.0377655041023,0.0231315892299,0.019010062215,0.0318303804113,0.0331252999035,0.0337746951307,0.0123145489274,0.0203489837828,0.0290268259854,0.0129883083191,0.0391134724629,0.0235241579205,0.0184337807184,0.00489385501044
1774,0.027055046798,0.0272237324661,0.0336190864193,0.0270050957778,0.0210493206836,0.0157961027504,0.0295560113612,0.0108507376497,0.0178020262452,0.0283504636401,0.0230786674803,0.0105698281871,0.0360508607378,0.023346111885,0.0200135720926,0.0445552514612,0.0152348582506,0.0127443881336,0.0215170546706,0.0226274730163,0.0187349494576,0.0185323938256,0.0141738119768,0.0321282532886,0.0216954930939,0.0233455504311,0.0237739764762,0.0264041044452,0.017007250028,0.0206934920985,0.0293959718105,0.0455548308236,0.0105917424485,0.0340148375401,0.01020422469,0.00185909120186,0.0125610137505,0.0248702420479,0.0196920793031,0.0272499686369,0.0221642068662,0.00581310311829,0.0275703684088,0.0200583822062,0.0158573332473,0.0274252870233,0.0234659514852,0.0273942304337,0.0263669959049,0.0136675743514,0.0316294525608,0.0388796808616,0.00599353297704,0.0372132411504,0.0246870358134,0.0234832438098,0.0126211164744,0.0254350036955,0.0149470610257,0.0177051597336,0.031667727789,0.0262382921568,0.0456355856604,0.0365287284695,0.029734073105,0.0320495046355,0.0263905915587,0.0391152187586,0.0280504948413,0.021035420471,0.0403120688554,0.0274518659393,0.0375511989184,0.0136600466752,0.0237203105207,0.0412166395301,0.0327306678835,0.0102668298133,0.0228612638574,0.0215108658429,0.00371005357352,0.0147742317257,0.0126042538444,0.00872099882941,0.0178363253627,0.0404694335721,0.0248578174951,0.0184784321741,0.0151127610469,0.029158519243,0.0192181642089,0.0327365942524,0.0103087171671,0.0180384524217,0.0264512831344,0.0129459903248,0.0293487421112,0.0171545737461,0.0147347555448,0.00687433478191
1775,0.0213357647111,0.0231307495949,0.0304659819331,0.0188127178818,0.0216550402968,0.0123524224319,0.0229001119041,0.00901233206546,0.0080698443968,0.0159575718148,0.0165390592984,0.0032577173318,0.0262807219739,0.0179037593308,0.0142693768787,0.0400887854345,0.0132015098163,0.00471779757008,0.0157576616059,0.0158905160955,0.011951375246,0.0069777561636,0.0106386664079,0.028893220527,0.0114639932386,0.0183629679818,0.0181926593461,0.0184015044142,0.00878734991465,0.0102222555718,0.0185405844082,0.0404564172042,0.00348123067564,0.0331278290434,0.0025759790496,-0.00347943537469,0.00493048853348,0.0205189359386,0.0146066585089,0.0189870483191,0.0169986453521,-0.00082251978749,0.0272248754378,0.0119706953939,0.0101033007087,0.0178689281939,0.0136680144946,0.0260180383208,0.0158111738048,0.0102650545657,0.0243938857389,0.0273415779055,0.000659385340633,0.0313404944414,0.0173263322143,0.0146855908832,0.00900869100425,0.0186659192519,0.0100146604289,0.0161016037685,0.018299465006,0.0225668524032,0.0337177423971,0.0335612168514,0.0191930695085,0.0212303061052,0.0223650632451,0.0291844905723,0.0244579234653,0.01257616616,0.0285077514544,0.0221210530565,0.0314164888122,0.0106653343459,0.0173010093784,0.0290902117838,0.0263176843411,0.00422768854669,0.0215149753512,0.0118330362543,-0.00278748776885,0.0132371548909,0.0036763628551,0.00509200648478,0.0131997749967,0.0345401659882,0.00916724712412,0.0128815542065,0.00881915799689,0.023458413486,0.00223866945095,0.026974376633,0.00749383833984,0.0135118938297,0.020945807642,0.0103847984393,0.0176674564497,0.00757802755638,0.00884885136428,0.00770884335277
1776,0.0124919025761,0.0179308429959,0.0254847260403,0.0109597451388,0.0217774501171,0.00920247052469,0.0139576678713,0.00725896465578,0.000274478398279,0.0038072740427,0.0104245527476,-0.0024795688216,0.0162872379939,0.0125812952083,0.00864425430464,0.033850111109,0.0113740408787,-0.00243442834607,0.0103462048071,0.00911498556836,0.00532662502687,-0.00440816459522,0.00783622123338,0.0233069438516,0.0000473863780576,0.0118883137492,0.0126543147306,0.0100303275796,0.00160340929368,-0.000959330892438,0.0081376159857,0.0338781589761,-0.00243848566832,0.0312913373495,-0.00471514749378,-0.00923868930614,-0.00236521350486,0.0162763127628,0.00929046869792,0.0105572479985,0.012076312987,-0.00718352475054,0.0262167452734,0.00353036614853,0.00290756476133,0.00846910485792,0.00303311968678,0.0232038881377,0.00630229441984,0.00697631777098,0.0156820688714,0.0153133740812,-0.00480846986623,0.023813674789,0.00973921599478,0.00577387735078,0.00517040778234,0.0119005469066,0.00540861151882,0.014143274613,0.00417826135475,0.0181235944881,0.0194632830329,0.0285451363035,0.00985780034708,0.010086678918,0.0168392274029,0.0189137291361,0.0203626626693,0.00248751124004,0.0168696766683,0.0162697438935,0.0240265882249,0.00773099939946,0.00958594900874,0.0171777594529,0.0191388809991,-0.00153085759577,0.0194495468032,0.00305698569938,-0.00954034547848,0.0111084333224,-0.00526161504257,0.00132751792765,0.0088061759385,0.0270234283158,-0.00451880741726,0.00825835988904,0.00250430907259,0.0173411099721,-0.0129197715821,0.0196941671921,0.00524180118454,0.00888707756757,0.014887304376,0.00718969875523,0.00771125547708,-0.00211638538976,0.00297082092988,0.00815985022384
1777,0.00429830462861,0.0140769079834,0.0211787124746,0.00641314696434,0.0223389201566,0.0080818171484,0.006414442285,0.00670029206296,-0.00259003259362,-0.00385000411782,0.00749875257072,-0.00407588195238,0.010000118789,0.00980259244814,0.00565309604914,0.0287873203793,0.0108701014179,-0.00545147839112,0.00731906257629,0.00508218328132,0.00148396862234,-0.0116751848428,0.00726958235278,0.0182626125964,-0.00832538986115,0.00694735288036,0.00961662062728,0.00445761597512,-0.0019455603838,-0.00877943311582,0.00185348226663,0.0288671571427,-0.00469030341063,0.0303916878843,-0.00820976117609,-0.0130922051932,-0.00597688171235,0.0145125095592,0.0060608113493,0.00508088538578,0.00987792854705,-0.0108087260392,0.0259186499459,-0.00202438064704,-0.0025913756866,0.00262548386996,-0.00465326131539,0.0209933559229,0.00163567512636,0.00569426998147,0.00879327708384,0.00708562265375,-0.00827464314048,0.0177512083304,0.00473622022917,-0.0000213709741482,0.0032082052536,0.00781023022596,0.003092818638,0.0128678900532,-0.00571922438311,0.0150157679962,0.00811644443155,0.0241179524198,0.00539927916974,0.00255644396927,0.0124031151207,0.0127921463673,0.0177701669485,-0.00552591313381,0.00972621590255,0.0125964571949,0.0188381590143,0.00659077463189,0.00360634818816,0.00968140665033,0.014055325891,-0.0045907065931,0.0186082269692,-0.00134081313015,-0.0139015674323,0.00976526444956,-0.0109323479706,-0.000892634560115,0.00673517738564,0.0214000451592,-0.011156780208,0.00648734557565,-0.00129020589533,0.0137381349441,-0.0209269232195,0.0144867473239,0.0049065105872,0.00620567269466,0.0108409504976,0.0054940216569,0.00304344656653,-0.00858972515835,-0.000621768375124,0.0091213037172
1778,0.00166993475192,0.0144953407488,0.0204115360143,0.00855878669773,0.024249712468,0.0109826696307,0.00482406298324,0.00864607225053,0.00325663622419,-0.001959564434,0.0111959257919,0.00187495650094,0.0123014628795,0.0125534299864,0.00835506762924,0.0281850238154,0.012844887821,0.0000404908677639,0.00896092361456,0.00706648325262,0.00349440443394,-0.00993192558582,0.0108370880662,0.0173288737703,-0.00814476507793,0.00725412366656,0.0121795160632,0.00530591311319,0.00113271231134,-0.00797413626827,0.00393336496104,0.0287419653529,-0.0000183917387781,0.0327023023117,-0.00320199493477,-0.0119628979943,-0.0013165987852,0.0181990706661,0.00776303087297,0.00614231350889,0.0134246273047,-0.00855500612705,0.0278402016308,-0.000782834458644,-0.00220160380617,0.00439537708708,-0.00486129979456,0.0218765593353,0.00660753652464,0.00878614701578,0.007634915215,0.00759861967955,-0.00715921204367,0.0167749650028,0.00548723173794,0.00123736720736,0.00588003601352,0.00949944031313,0.00536367183398,0.01321292436,-0.00548109190376,0.0157888421875,0.00596826494698,0.0234029767919,0.0102806944704,0.00308487098019,0.0120140206132,0.0165016092279,0.018969814225,-0.00701574678686,0.0122565548693,0.0143432150559,0.0200557745554,0.00948078627841,0.00282487524619,0.0113922906084,0.014334199882,-0.00183747786744,0.0214591323876,0.00299944346119,-0.0124225192184,0.0108293363744,-0.00919187415775,0.00054733100565,0.00940327610035,0.0217955648121,-0.00435067191332,0.00979724636676,0.000535815969417,0.0163679117692,-0.0149693096127,0.0157744509658,0.00815975351184,0.00774814441726,0.011903765848,0.00799367464321,0.00784607401279,-0.00777689030934,0.000715261967548,0.0117144252197
1779,0.0065124036746,0.0179864137455,0.0226791797474,0.0144655913433,0.0234894990547,0.0142798643488,0.00989858320362,0.0103039793114,0.0130657594608,0.00866519657288,0.0190927754732,0.0112922584906,0.0212146367127,0.0180609956663,0.0143342722102,0.0308753241052,0.0129698700036,0.0102545008241,0.0118167826104,0.0126154204417,0.00964906793239,0.000785066610412,0.0145114273879,0.0208620200685,0.00171414956337,0.0127293970553,0.0176627462967,0.0111872715803,0.00783007342029,0.00145247192232,0.0126342413477,0.0310284739894,0.0083384361721,0.0349260709577,0.00764800984779,-0.00578515169549,0.00952107157887,0.0237949107759,0.0127113331271,0.0117951403053,0.0197203674732,-0.00169634363589,0.0272765121067,0.00657460387115,0.00371554593535,0.0125107270097,0.00230117745584,0.0241138206009,0.0175828122034,0.0137820351755,0.0123876582266,0.0159091023658,-0.00363551367367,0.0203613800661,0.0103679007596,0.00848096620413,0.0107718436038,0.0153737203072,0.00997270364198,0.0133982884593,0.00498679498496,0.0177200711868,0.0144235774797,0.0259851641623,0.021446341638,0.0109090614584,0.0148346478337,0.0275675994675,0.0218415646646,-0.00102866340622,0.0228863699641,0.0200662456284,0.0268255198677,0.0132485513497,0.00633882335609,0.0192102835788,0.0188390708191,0.00540837001081,0.0241603938521,0.0135667283676,-0.00501583170395,0.0120487855448,-0.000430361271173,0.00459993831231,0.0138681861316,0.0269630850951,0.0132166973528,0.0141881012336,0.00704465097641,0.0227481540135,0.00280252460786,0.0222348678543,0.0112655328313,0.0108525992825,0.016530182266,0.0129841900932,0.0185104900059,-0.000014056936965,0.00635184646081,0.0133381188465
1780,0.0185413429983,0.0259539510181,0.0292963695008,0.0261519221965,0.0260460728989,0.0221349086359,0.0216112912479,0.0152588671277,0.0285147297195,0.0262207874585,0.032191987849,0.0252456421145,0.0370311053207,0.0284590901481,0.0252073138695,0.0386887496739,0.0174691433896,0.0267807853612,0.019441650107,0.0234653417604,0.0205031790507,0.0177184770123,0.0229200446945,0.0295768744706,0.0186445799163,0.0236983870927,0.0280564685841,0.0227718649161,0.0194444838485,0.0174433753285,0.0275237876118,0.0388844766273,0.0211001061288,0.041818526036,0.0244300949727,0.0043257111927,0.0258251920379,0.0347961380368,0.021988677679,0.0230368009887,0.0312135522918,0.00928789044675,0.0318270434222,0.019597858569,0.0153560100333,0.0265000723611,0.0159656460815,0.0308053225588,0.0351723174581,0.022896127588,0.0229618913063,0.0315185767472,0.00402442105132,0.0293972438574,0.0202807383179,0.0211132352904,0.020116607355,0.0260688061665,0.0186427119492,0.0157832402893,0.0240219189027,0.0245293945503,0.0322336626309,0.0331822447147,0.0390736317347,0.0255242683244,0.022199826351,0.0465133795101,0.0289378314668,0.0115855898061,0.0407730878873,0.0307228325431,0.0398894282932,0.0216051070488,0.0152310765105,0.0345658452492,0.0284439753382,0.0167506601061,0.0324134138516,0.0297784451771,0.00684544545786,0.0167356977924,0.0136748865745,0.0117374646473,0.0229620741262,0.0383759712238,0.0381900499994,0.0233120537078,0.0180256998484,0.0349380075411,0.0278300708899,0.0354296127997,0.0189424883681,0.0182805777522,0.025942558108,0.0223333693433,0.0353994859421,0.0132194802033,0.0159398981916,0.0184526697237
1781,0.0328167776204,0.0354709498891,0.0383344932632,0.0384410967063,0.0321152965936,0.031359911744,0.0352759722631,0.0210399381946,0.039541807626,0.0422301264808,0.0440672860953,0.0335752004792,0.0512759398767,0.0382530215837,0.0354088890726,0.0493781889879,0.0248840161421,0.0398109585019,0.0286244311504,0.0349347717979,0.0307007904501,0.0324429273399,0.0307018248534,0.0406301401338,0.0340259814849,0.0359963595682,0.036622598128,0.035280980852,0.0298241941613,0.031317447108,0.041567866764,0.0503661468127,0.0300739345354,0.0505205853336,0.0376239264068,0.0133104073679,0.03802912466,0.0454070747701,0.0308457533691,0.0351209900192,0.0428603169552,0.0186962643256,0.038792079027,0.0324710448314,0.0262285374712,0.0398141320741,0.0299598906688,0.0385321870843,0.0498611546168,0.0316841149389,0.0349560380265,0.0473971100219,0.0127453847383,0.0406186899607,0.0310668736303,0.0325589790118,0.0287853385521,0.0369465975539,0.0273474215583,0.0201775620201,0.0428426762312,0.0323256926467,0.0514318089514,0.0429870328078,0.053886976116,0.0402513555648,0.0318007638479,0.0637166336182,0.0367400672216,0.025164896248,0.0576073223488,0.0422167774798,0.0537099160997,0.0282912561315,0.0261533306066,0.0505299044457,0.0394954480112,0.0262689010962,0.0407694508864,0.0427995917963,0.0175877814307,0.0223159023088,0.0259612957318,0.0182298775909,0.0329610031941,0.0519544522487,0.0571019955283,0.0317845416868,0.0285540502186,0.045919451538,0.0464857759876,0.049921017039,0.0259452955377,0.0272212527393,0.0357108345578,0.0323319284511,0.049323643737,0.0251038912665,0.0249228419606,0.0236702789254
1782,0.0423800333124,0.0404030139908,0.0440292666474,0.0430401672399,0.035565046482,0.0352914957016,0.0435766940617,0.0231880550134,0.0401032409035,0.048261459774,0.0481965584502,0.0336854800317,0.0562496822348,0.0413890813821,0.0387955990366,0.0558114588286,0.028237417592,0.0429514075273,0.0320058239281,0.0395275591421,0.0341826780473,0.0378904679043,0.0327634278449,0.0479826534871,0.0410000013277,0.0430232284638,0.0390174976981,0.041130488256,0.0322965911375,0.0367483072431,0.0466321807194,0.0568571239274,0.0310996688472,0.0548484271286,0.041691103273,0.0171482757595,0.0416063061266,0.0490749876014,0.0340522670114,0.0403185610221,0.0476358819,0.0216004326638,0.0416874468047,0.0382338100291,0.0316228938956,0.044913803511,0.0366506871105,0.0428909879483,0.0534391516604,0.0350630829844,0.0416536312535,0.0544040117238,0.0165162861343,0.0471178687902,0.0358004747453,0.0365879472507,0.0319869813493,0.0414779169525,0.0304958168459,0.0226769924302,0.0515869638882,0.0358389327026,0.0621790388925,0.0493937221966,0.0576955046994,0.0466337114118,0.0374932126601,0.0699573068888,0.0399783986508,0.0326786613536,0.0641499709392,0.0478881951157,0.060642557919,0.030128334173,0.0319883570097,0.0564711722559,0.0451623897341,0.0293388756842,0.0442599253866,0.0459642518165,0.0224082437496,0.0247603876125,0.0303598692626,0.0205719608774,0.0370959051336,0.0593161358765,0.0611766388893,0.0335884543887,0.0330229676053,0.0498696876365,0.0501584294904,0.0572710081615,0.0278518177435,0.0310681025786,0.0397987732618,0.0373673412036,0.0520427986287,0.0293679829523,0.0284515017074,0.0263780631315
1783,-0.0229648590786,-0.0669625916105,-0.0475191379535,-0.118684938658,-0.123217698964,-0.12217026741,-0.044350897115,-0.0934642487729,-0.148912524237,-0.0723851738916,-0.0901660404314,-0.120132734384,-0.0959386942328,-0.099747359489,-0.0957237270953,-0.064072441011,-0.14770333679,-0.139945505619,-0.128497674691,-0.104664283616,-0.0802436452989,-0.0521850967936,-0.125503569463,-0.0326877113849,-0.0377751174609,-0.0500516158816,-0.0921936878427,-0.0820674658809,-0.112188924743,-0.060388120931,-0.0869863774699,-0.106364416134,-0.107253160837,-0.102430936924,-0.108607378243,-0.042480104885,-0.0899067439007,-0.117413101586,-0.0744768965046,-0.0933700456361,-0.10443127072,-0.0724067490718,-0.150742623331,-0.0656283532148,-0.0620821934409,-0.0760863785017,-0.0629272310863,-0.0713585668883,-0.131336579368,-0.0869676957197,-0.0442210024363,-0.0778682304107,-0.10101124872,-0.0559693785062,-0.0821715406423,-0.069461818257,-0.0925191028773,-0.0724651090997,-0.087575864052,-0.0627176220178,-0.0723361419766,-0.102908514072,-0.0419116435282,-0.0446253862834,-0.115122177496,-0.0751335850979,-0.06253007685,-0.112455324894,-0.0789680050013,-0.0432329616613,-0.0820694856711,-0.0666276555402,-0.0638901750696,-0.103740950247,-0.0806283176723,-0.134649547971,-0.0646341075974,-0.0655538465668,-0.125119113067,-0.0980864712421,-0.0418134810858,-0.0841177127917,-0.0611211211609,-0.0530278199573,-0.108464200749,-0.0782874306309,-0.114235635794,-0.126761943421,-0.0586110271981,-0.0967024342797,-0.106824591565,-0.0897778527446,-0.121109073617,-0.105984606609,-0.0748875190058,-0.0771140989456,-0.126227573369,-0.0612850009334,-0.0484034847697,-0.0824961927319
1784,-0.170520018156,-0.266039584971,-0.236838952548,-0.386095529191,-0.383137936065,-0.364298107692,-0.228690215567,-0.262201818707,-0.380335304479,-0.282708675873,-0.300711100754,-0.278595012337,-0.330232638678,-0.307486635587,-0.300054250238,-0.304249077798,-0.417929786318,-0.378842986,-0.385786737719,-0.346533583796,-0.265071516761,-0.209845274185,-0.324610263038,-0.206347478885,-0.179091386342,-0.233638535112,-0.261263162937,-0.306153177351,-0.327573981249,-0.21616186575,-0.313651146817,-0.418331138229,-0.275053523122,-0.34874029039,-0.309000631868,-0.142990450381,-0.259445445513,-0.355415171197,-0.243704441646,-0.329168683199,-0.342491817642,-0.218267538941,-0.426283054949,-0.252862687818,-0.2050188628,-0.284542192946,-0.25184621732,-0.253348578576,-0.397657531204,-0.266919189485,-0.217090713678,-0.320542974627,-0.301659209783,-0.262648367427,-0.292617932505,-0.242202512524,-0.268845105421,-0.268683121118,-0.273425253114,-0.219091147186,-0.305951831516,-0.312363202313,-0.256093438222,-0.241310645273,-0.371595937599,-0.298193398514,-0.262787964102,-0.396391482419,-0.266496453855,-0.198777227409,-0.333305502688,-0.271709997125,-0.288599008409,-0.258825373552,-0.299710131845,-0.460316294567,-0.27109764844,-0.207629395254,-0.348198813305,-0.307027724168,-0.155062542414,-0.247233545872,-0.214478037554,-0.165703863237,-0.342123315802,-0.341305399027,-0.370466423631,-0.342697549377,-0.216491517535,-0.304965347819,-0.341043617766,-0.353871406909,-0.303804582822,-0.336881498474,-0.26622235446,-0.268428339539,-0.385960476371,-0.216409452107,-0.180757683977,-0.219445725276
1785,-0.237154547461,-0.300926387465,-0.299812732989,-0.38131714452,-0.374515565802,-0.333092959367,-0.293138994425,-0.227775828498,-0.275811084803,-0.299911633098,-0.276904045265,-0.176412420591,-0.315710630621,-0.275378688949,-0.277837016276,-0.371439232988,-0.378147348463,-0.305849854584,-0.365529260899,-0.349433219856,-0.260082701132,-0.225789416202,-0.241964564909,-0.274044436749,-0.203410864019,-0.2824222716,-0.21322140012,-0.335268220585,-0.290539457526,-0.221928202647,-0.319957418353,-0.481706054658,-0.203633472239,-0.339221164397,-0.260632006748,-0.15121507072,-0.214508306256,-0.308933002481,-0.234330510508,-0.348005446555,-0.32247920834,-0.208197967427,-0.376482465929,-0.277335165489,-0.210876536555,-0.296705196872,-0.290369540718,-0.267625155785,-0.345202553128,-0.23969882543,-0.266934616254,-0.356198842328,-0.308660137758,-0.320745632109,-0.313429428282,-0.243285336943,-0.238845993119,-0.27887257746,-0.258427039017,-0.239317042776,-0.351519783104,-0.301333683145,-0.325032919358,-0.309916645134,-0.330884422857,-0.330948457923,-0.319281529709,-0.380681009822,-0.259669193856,-0.248510679141,-0.34676934293,-0.294814619969,-0.322227576645,-0.193116272998,-0.351685687237,-0.468760273024,-0.308178857692,-0.191976237953,-0.296757681914,-0.270999857004,-0.168590430666,-0.234116538878,-0.222069596841,-0.157832257061,-0.327396125312,-0.397817851039,-0.328756920635,-0.270314573452,-0.226720678021,-0.274155471821,-0.311929657154,-0.392570937452,-0.225569672523,-0.339422022109,-0.272653817997,-0.276899678561,-0.333232875255,-0.228096415703,-0.190040063525,-0.183300904962
1786,-0.210176563857,-0.214616925377,-0.237022412186,-0.226536593295,-0.226677086694,-0.186682475578,-0.237683147406,-0.126271290155,-0.122699753518,-0.194358985856,-0.160764061743,-0.0911188269099,-0.199676203723,-0.159351499038,-0.166359711673,-0.278945692506,-0.204377087237,-0.175926242777,-0.204046516918,-0.21699574506,-0.160676018831,-0.151908665625,-0.114684100728,-0.228210370106,-0.155533713764,-0.217193915964,-0.129455123515,-0.225020138709,-0.153123489076,-0.160840248553,-0.194591385021,-0.340011158981,-0.105610487614,-0.222031682357,-0.166599185748,-0.112465529539,-0.140318003729,-0.17641810864,-0.148956633426,-0.222546479386,-0.189860933943,-0.132136217068,-0.225755399589,-0.19092147746,-0.171011423861,-0.188196617946,-0.209939848021,-0.208160259632,-0.186390885059,-0.142280693884,-0.203878915507,-0.239111420466,-0.200264576006,-0.242301700228,-0.204210612738,-0.157416159611,-0.153346134068,-0.175578430961,-0.151407767888,-0.158910419517,-0.25114885276,-0.205027554213,-0.255835033456,-0.248330625705,-0.177851728703,-0.223904572445,-0.244348158739,-0.239431448588,-0.165813472627,-0.198587888412,-0.2157520295,-0.196690532992,-0.229655507186,-0.120420318581,-0.26021659696,-0.283008960367,-0.213057235181,-0.119880977805,-0.198734407617,-0.153046071668,-0.122255485961,-0.157717769201,-0.150470235434,-0.103235530827,-0.190551533617,-0.288652568337,-0.18232702955,-0.123165771574,-0.149321480069,-0.17691948834,-0.180677018852,-0.284430563641,-0.116678354401,-0.210199018822,-0.179083137924,-0.192323735091,-0.165184017695,-0.154783808615,-0.12557959019,-0.131926762917
1787,-0.179789090782,-0.155949779763,-0.17969644604,-0.14241050022,-0.15073496104,-0.121886512622,-0.186925606515,-0.0867741442593,-0.0777752306883,-0.130561547233,-0.112206345802,-0.0742812880217,-0.144399390413,-0.111763622157,-0.118286571063,-0.200921031272,-0.124512623144,-0.137483010414,-0.119968390199,-0.144136843677,-0.111030547333,-0.107808657339,-0.0780391442041,-0.182812200878,-0.128796940325,-0.168283966578,-0.0979597144715,-0.151756589768,-0.0924661758566,-0.12914778168,-0.121504893515,-0.232438322863,-0.0794746197114,-0.166206108522,-0.140055106954,-0.0946999760248,-0.119921963409,-0.126914215774,-0.109701649887,-0.143255015431,-0.131235811925,-0.0990297784275,-0.161095672327,-0.136958712744,-0.148731062744,-0.124527207481,-0.151514841509,-0.167493473373,-0.123507036589,-0.10512078813,-0.150895426175,-0.157984134511,-0.139032101382,-0.176283892155,-0.133451644074,-0.111579670031,-0.123173506592,-0.11570771475,-0.101391392389,-0.10371506503,-0.179555117882,-0.149690571439,-0.19544588163,-0.191136735859,-0.112950743936,-0.150169902868,-0.182242780303,-0.175486519284,-0.11759671507,-0.155707254756,-0.139508564129,-0.136570779929,-0.173228328968,-0.0991183508986,-0.188087643437,-0.171754380727,-0.144667793216,-0.0919679866805,-0.162561195095,-0.107267842071,-0.0979035054373,-0.121287754058,-0.11338588377,-0.0799373591688,-0.12281892044,-0.209163720892,-0.124371644078,-0.0709267103818,-0.10663176708,-0.137125246566,-0.124838135779,-0.219384009043,-0.0880631023429,-0.137951368413,-0.127487067417,-0.152177248609,-0.0935464360129,-0.112426624894,-0.0891845274761,-0.116823680128
1788,-0.146376122019,-0.112313309108,-0.130422034364,-0.0914583220343,-0.108217820126,-0.087556868899,-0.140622082114,-0.0651970137008,-0.0491247840185,-0.0846278852941,-0.081821587868,-0.054895544663,-0.100767963883,-0.0806064879529,-0.0869209824702,-0.138133069291,-0.084436853983,-0.108753540634,-0.0726160807329,-0.0982796205116,-0.0785407218363,-0.0736450700464,-0.058017915999,-0.140284713843,-0.102145275758,-0.128393734067,-0.0695457620837,-0.1005177509,-0.0580350340521,-0.0973297631197,-0.0728528159157,-0.153500114907,-0.0591711852299,-0.125964535542,-0.11567609386,-0.0791345425817,-0.0970597252435,-0.0952547901163,-0.081574620289,-0.0901726892201,-0.0972910431134,-0.0763701255524,-0.117458317603,-0.0981051492232,-0.121844120666,-0.0811804287628,-0.10554055422,-0.128976737113,-0.0836091938624,-0.0819737094165,-0.105941951666,-0.0979159745979,-0.101377853031,-0.122051557054,-0.0852135117643,-0.0765377540041,-0.100123695472,-0.0765214481156,-0.0722599089548,-0.0673219178865,-0.123194819447,-0.105367685187,-0.140305378305,-0.141339752446,-0.0723753966006,-0.0956639561396,-0.132276605857,-0.127862721358,-0.0820074321238,-0.116859024315,-0.0871742737859,-0.0954216416558,-0.12964047061,-0.07808902932,-0.131778620003,-0.099840101485,-0.0945280124418,-0.0718652977559,-0.130543965827,-0.0763007054147,-0.0787644649779,-0.0929574973865,-0.0852539044383,-0.0623877300325,-0.0839084569952,-0.148732664226,-0.0846686543341,-0.043932218266,-0.0777443107343,-0.102820717504,-0.0844864215847,-0.169746243721,-0.0708525516297,-0.0940656496565,-0.0898648792979,-0.124603807896,-0.0516385014158,-0.0796034819006,-0.0636013052635,-0.102063211386
1789,-0.104640542088,-0.0704654136237,-0.0824953427817,-0.0472233197973,-0.0742766957879,-0.0575324960014,-0.0911485030447,-0.0444127391035,-0.0150477511264,-0.0383096757666,-0.0487967022876,-0.0280208722913,-0.0518160815665,-0.0470588115073,-0.0533081462883,-0.0802117711653,-0.0536668325047,-0.0714525576081,-0.0345839132026,-0.0566781665128,-0.0456379262995,-0.0357683681055,-0.0356793683145,-0.094941790195,-0.0654225733368,-0.0867928080463,-0.0365195664433,-0.054269791389,-0.0255993956872,-0.056756519753,-0.0276145642165,-0.0856525974085,-0.0324580430976,-0.0847965293285,-0.0809076309834,-0.0577869449637,-0.0637648214395,-0.0602752715094,-0.0506706858585,-0.0436359171905,-0.0638232500766,-0.0502595040174,-0.0753959448513,-0.0592773104159,-0.0869792263859,-0.0394767642908,-0.0595985484078,-0.0884468031145,-0.039706681142,-0.0562229004108,-0.0606985242316,-0.0413418406929,-0.0687574418953,-0.0702356152873,-0.0427168810292,-0.038664817217,-0.0719400799051,-0.0403765598392,-0.0448038541599,-0.0387851990097,-0.0659785356098,-0.0630527419687,-0.0801161924999,-0.0921848870448,-0.0292941215234,-0.0441525788983,-0.0852600794572,-0.0731578602372,-0.0461917610429,-0.0743790134461,-0.0360640471307,-0.0565773396237,-0.0829678535779,-0.0523757783852,-0.0797017867533,-0.0375604910637,-0.0491349604484,-0.046907915532,-0.0939021746071,-0.0398947577345,-0.0550205250183,-0.0638357835045,-0.0524706340212,-0.0416837625519,-0.0496702508109,-0.0912325742415,-0.0371102644212,-0.017555756952,-0.0484128236025,-0.0624102170619,-0.0360203525678,-0.11708780226,-0.0503914274517,-0.0568618970656,-0.0515421586263,-0.0941388524468,-0.0100861066177,-0.0435966913703,-0.0372065836842,-0.0837350314549
1790,-0.0685979292033,-0.0452131303677,-0.0496510644654,-0.0296183147716,-0.0643451044055,-0.050542125452,-0.0541990437555,-0.0396619458444,-0.00898493790594,-0.0116196134514,-0.0351076314358,-0.0243713290498,-0.0251374869018,-0.0332780358081,-0.0384754332403,-0.0436693564008,-0.0496998139371,-0.0591801397344,-0.023195994005,-0.0378639994708,-0.0296672297852,-0.0116151525797,-0.034933641136,-0.0606361239665,-0.0373094257784,-0.058262525574,-0.0226942151925,-0.0295120832668,-0.0155686521126,-0.0293930878946,-0.00508942279252,-0.0482620955109,-0.0257656634526,-0.0652607624693,-0.0660262467499,-0.043279583474,-0.0483458602674,-0.0477493682349,-0.0348223893548,-0.0206850084803,-0.0518941044573,-0.0372061343069,-0.060649747345,-0.0365519480873,-0.0636116452338,-0.0174391316,-0.030032376918,-0.0641245789789,-0.0226165000497,-0.0467108723965,-0.0294781997796,-0.00804290218218,-0.0552214374254,-0.0362261914984,-0.0211115544807,-0.0169224092042,-0.0599026585587,-0.0226941762905,-0.0348773409146,-0.026449081591,-0.0290186211355,-0.0430572448074,-0.034987931785,-0.0580386184854,-0.0118276848492,-0.0139580977685,-0.0552372473307,-0.0434153143277,-0.0281470554609,-0.0426872086744,-0.00853863942077,-0.0355959501332,-0.0532851269672,-0.0450060643413,-0.0475675190046,-0.00895638436344,-0.0232280219754,-0.0347643184076,-0.0796283980956,-0.0241053556949,-0.0393756407506,-0.0502681038748,-0.0323558845051,-0.0307869832636,-0.0377526552722,-0.0557702501748,-0.0158037215962,-0.0144140158512,-0.032731302702,-0.0422552464294,-0.011438380815,-0.0842623660443,-0.0498129883509,-0.041901953498,-0.0302721898284,-0.0780963220711,0.00365994864928,-0.0211261843952,-0.0222978872993,-0.0786560969797
1791,-0.0411243799761,-0.02835121803,-0.0275618084184,-0.0209142370907,-0.0563530601228,-0.0454605182768,-0.028762996803,-0.034371704611,-0.00289219612984,0.00247066797941,-0.0257420843958,-0.0166544406662,-0.00631372754032,-0.0223022727306,-0.0274438059181,-0.0207337366954,-0.0465840899997,-0.0471797543155,-0.0177703624206,-0.0269693068143,-0.0198179652975,0.00170365091252,-0.0303119647494,-0.0360162063214,-0.0177897049248,-0.0388140387209,-0.00934166448206,-0.016283726618,-0.0106723197143,-0.0101268227014,0.00594545388528,-0.0265918146094,-0.0188202259023,-0.0478833222325,-0.0524412805732,-0.0330168166685,-0.0343388684996,-0.0358648961615,-0.023036318742,-0.00899783474282,-0.0437991805803,-0.0288685244391,-0.0445257626303,-0.0233980573083,-0.0434156236934,-0.00573522120006,-0.0126463771999,-0.0429969296381,-0.0111885713849,-0.0383370666855,-0.00961523073216,0.0103028141201,-0.0482008664147,-0.0147129038448,-0.00987606835516,-0.00326742324244,-0.0481973875045,-0.0131367391915,-0.0288872209408,-0.0203426069286,-0.00773523913521,-0.0269871264694,-0.00518024245458,-0.0348552423866,-0.0013328525752,0.00245782292502,-0.0361283040766,-0.0216238111645,-0.0143737343437,-0.0217361434726,0.00634816561194,-0.0228300561097,-0.0325311904828,-0.0332496024342,-0.0280691898118,0.00498219477105,-0.00850596354819,-0.0263597729518,-0.061685246356,-0.0139487636747,-0.0295666247821,-0.0379967086825,-0.0200382954085,-0.0223896507506,-0.0305828136028,-0.0329078755691,-0.00501808126459,-0.0108983855569,-0.023726850043,-0.0245310694626,0.00083651853841,-0.0606807696313,-0.0444626546804,-0.0334059146002,-0.0156301504972,-0.0654189499073,0.0101900563897,-0.00761224590378,-0.0135430288815,-0.0686066774122
1792,-0.0160786057474,-0.00883628695774,-0.00535157877272,-0.00581117387403,-0.0373795024392,-0.0310663296536,-0.00515995638412,-0.0225160212247,0.00924812127802,0.0164441519627,-0.011243590206,-0.00695706488262,0.0143308087939,-0.00607970563447,-0.0115294232256,0.0031746697363,-0.0315387784344,-0.0296624021295,-0.00400015550415,-0.0105379186062,-0.00664732807296,0.0133219726466,-0.0181670992191,-0.0120406880021,-0.000597223962504,-0.0185522766048,0.00582401334536,-0.000876793950196,-0.0000757890540119,0.00707383979946,0.0191463289623,-0.000929555493482,-0.00836556449124,-0.023807522223,-0.0354770483132,-0.022540098577,-0.0188314425935,-0.0167956266376,-0.0081827939078,0.00594108359057,-0.0283629910907,-0.0183038825561,-0.0195838443418,-0.00908268048077,-0.0242250326864,0.00783426275118,0.00361984604788,-0.0207954240134,0.00615781687787,-0.0244663296274,0.00869642870112,0.0285371530663,-0.0361041857708,0.00653376161983,0.00395596737342,0.0108587964835,-0.0322007212575,-0.000319709437483,-0.0175785862365,-0.0104299727571,0.0115148023644,-0.00838822349187,0.0204376536847,-0.0114723999579,0.0144106074988,0.0186598199795,-0.0160272201025,0.0042996395173,0.00279923933848,-0.00342844390371,0.0232785907415,-0.00658098848611,-0.00950168501304,-0.0189891857703,-0.0079385829663,0.0241375001818,0.00773484459356,-0.015692773265,-0.0389095702261,-0.00022169082534,-0.0196968772962,-0.0222348198399,-0.00754216051322,-0.0121058630292,-0.0160127211074,-0.00747571654138,0.00826380911743,0.000594095444686,-0.0126470154952,-0.00398555778743,0.0135937041304,-0.0334165705059,-0.0326108544385,-0.018358478663,0.00164502731893,-0.0477343132094,0.0225506675122,0.00523565915143,-0.0036871735983,-0.0550963718623
1793,0.00147511171621,0.00447752423315,0.0104115531482,0.00161855561408,-0.0232504881984,-0.0227159060063,0.0103407955134,-0.0155298497334,0.0110374986295,0.0215833633004,-0.00396692736798,-0.00586957821225,0.0244093983393,0.0025671887456,-0.00280759272595,0.0193802409514,-0.0222409798589,-0.0221908922763,0.00323060464783,-0.00117599760427,0.0000696824825877,0.0171512974265,-0.0132823471974,0.00533786280494,0.00848778051033,-0.00465632039862,0.0127946419641,0.0072719028071,0.00326932101994,0.0151365890302,0.0240873304569,0.0162200094227,-0.00575635699926,-0.0073093795596,-0.0274730370509,-0.0165992703015,-0.0117932829594,-0.00595080720963,0.000246238802136,0.0134308070641,-0.0197542220989,-0.0134548234405,-0.0033940484858,-0.0015493882654,-0.0124688479235,0.0138604218247,0.0118115769264,-0.0052395257963,0.0130492571554,-0.0164302301263,0.0195468288927,0.0371885199727,-0.0293367870547,0.0201528033842,0.0111105788682,0.017112656932,-0.0228747855134,0.00636522952235,-0.0116868886889,-0.00373012523314,0.0203886200577,0.00248586521736,0.0349913203277,0.00528174251697,0.020534191529,0.0261092605591,-0.00227215591753,0.0186668790988,0.0131856085051,0.00718484077297,0.0307988122417,0.00358304319525,0.00550856904343,-0.0118042119488,0.00466977855045,0.0328560460926,0.0172400172543,-0.0107852133551,-0.0246023320745,0.00482334776288,-0.0146668869084,-0.0121671387057,-0.00185316911215,-0.00628066029721,-0.00754125910593,0.00970689321405,0.0102233933979,0.00463126868684,-0.00692579734338,0.00745135006694,0.0149815272048,-0.0149199945881,-0.0275478518394,-0.00906316029036,0.0118254553091,-0.035471369814,0.0252734937181,0.0107447958728,0.00129874758766,-0.0460247068617
1794,0.0100640743897,0.0104934014687,0.0183826313737,0.000843873204608,-0.014950589268,-0.0204060107448,0.0165384962015,-0.0128060386292,0.00597900341967,0.0177962341646,-0.0034329003132,-0.00922650062172,0.0249068400446,0.00450281538245,-0.00080290862957,0.0264150088737,-0.0190322800681,-0.0220838783682,0.00341719159987,0.000509784824723,0.000276779430057,0.0133168983213,-0.013178439839,0.0146624520892,0.00920012648287,0.00162976066432,0.0138327000348,0.00736741318296,-0.0000196760239188,0.0147103155233,0.0205993584429,0.0230555252153,-0.00829339054133,0.00200144521994,-0.0262983627272,-0.0153048921355,-0.0111203835145,-0.00204855821239,0.00256650322778,0.0127887421712,-0.0179121794988,-0.0139933711165,0.00559007044683,-0.00137406070792,-0.0075682217761,0.0120093761925,0.0113847787686,0.00395251632131,0.0109895903106,-0.0135752331223,0.0221240913043,0.0356923834075,-0.0285189755235,0.0250119011461,0.0109126342952,0.015870960127,-0.019015851738,0.00639459536851,-0.0112587358183,-0.00118371860075,0.0183677973038,0.00664972783365,0.0375256207339,0.0139455972905,0.0179830049517,0.0242721495451,0.00386702968487,0.0221189992107,0.0171492264967,0.00935602285725,0.0286072888445,0.00678360503638,0.0115541196839,-0.00891959569014,0.00863409871019,0.0304857527911,0.0191025547392,-0.0110707319803,-0.0163495419346,0.00239403484243,-0.0146852786077,-0.00705763774341,-0.00297597532461,-0.00459734709739,-0.00554896285222,0.0170746713462,0.00247755535213,0.00290094159204,-0.00691237572393,0.0113505452287,0.0065370912286,-0.00635648372726,-0.0266963034434,-0.00634894308475,0.0147864498647,-0.0290865094253,0.0195470336142,0.00893434143821,0.00113459641407,-0.0397172481308
1795,0.0002082540994,-0.00573963998203,0.00560456561975,-0.0299667294117,-0.0353524329538,-0.0461491157132,0.0012855113608,-0.0307379599986,-0.0312271870638,-0.0102350323227,-0.0284244293217,-0.0387389685794,-0.00451509414699,-0.0195889494038,-0.0238595063031,0.00750315334422,-0.046729588273,-0.0545670242132,-0.0253974871467,-0.0251010646464,-0.0213293084932,-0.00926038752281,-0.0400796159287,0.00429910619352,-0.00868033772303,-0.0127583294799,-0.00947797420829,-0.017160799173,-0.0290541186716,-0.00683359941896,-0.00864072857588,-0.00323293521625,-0.0348187335174,-0.0184674887299,-0.052902559702,-0.0266986248493,-0.0351735173004,-0.0283201951935,-0.0160266969918,-0.0138960799845,-0.0438847847394,-0.0323539742896,-0.0202810624965,-0.0223846584606,-0.0231054157866,-0.0135399982719,-0.010620420246,-0.0101994036396,-0.02453042811,-0.0329493477974,0.00491277256735,0.00683762762518,-0.0497849591102,0.00694682459864,-0.012462184054,-0.00664611492617,-0.0382342493007,-0.0155562916687,-0.0324036794637,-0.014902900042,-0.0104741921817,-0.0157494460919,0.0143464766203,0.00109094188184,-0.0160014551684,-0.00266355793372,-0.011642300824,-0.0100092350489,-0.00184222361592,-0.00695334737865,-0.00238479701498,-0.0127846178015,-0.0086193958364,-0.0299768909092,-0.0114111980441,-0.00830159426073,-0.0016012926052,-0.0292780857528,-0.0391768443469,-0.0264822621196,-0.028258023536,-0.0225255839159,-0.0227001130717,-0.0171333062124,-0.0301347658286,-0.00453954110538,-0.0372456932912,-0.0264277425798,-0.0248925732955,-0.0128315244786,-0.0310887849279,-0.028317644694,-0.0513023981753,-0.0291852825385,-0.00506329995052,-0.0449023092926,-0.0177945824734,-0.0116723008039,-0.0143502128734,-0.0528632760659
1796,-0.0181866654054,-0.0246644234771,-0.0135977476049,-0.0571927789462,-0.0516471452132,-0.0647691430256,-0.021171116754,-0.0418675023887,-0.0502108472515,-0.0381874944373,-0.0474599934966,-0.0486531210716,-0.0291513247709,-0.0367865151608,-0.0414360650589,-0.0177165779252,-0.0662066898916,-0.0726024230705,-0.0489794168654,-0.0484970989808,-0.0401999477257,-0.0322597887677,-0.0523221183516,-0.0135690767886,-0.0289897047966,-0.0317751548378,-0.0227155390314,-0.0429960756207,-0.0506490022198,-0.0274819940077,-0.0362348981899,-0.0344313339501,-0.0480430244765,-0.0341602739028,-0.0688814150073,-0.0381175916802,-0.0492517369404,-0.0449510804139,-0.0313811129663,-0.0405808146727,-0.0640888898046,-0.0475411696044,-0.035369704001,-0.044515323091,-0.0367660241465,-0.0383624157348,-0.0358741895597,-0.0224265615947,-0.0497078994311,-0.0460528763409,-0.0174083242585,-0.024289601422,-0.0696740505611,-0.016839842364,-0.0363164446203,-0.0274892863677,-0.0503982176637,-0.0366243639705,-0.0492669711045,-0.029371974298,-0.0429059922489,-0.0327642322018,-0.0165476737619,-0.0188067771722,-0.0413270088457,-0.0315227429292,-0.0323783383485,-0.0368580222889,-0.0175897994492,-0.0286838411219,-0.0324814893834,-0.0331185916975,-0.0310038815554,-0.0374285402214,-0.0360752107989,-0.0449568114221,-0.0249659819808,-0.0433793150615,-0.0496444617014,-0.0476941687644,-0.0423553420756,-0.0335406591901,-0.0417917605389,-0.0271539030758,-0.0500866412731,-0.0309373678608,-0.0675915166579,-0.0433486064975,-0.0423087238348,-0.0293648201297,-0.0616531366288,-0.052589174704,-0.06140757814,-0.0498283495612,-0.0238125977496,-0.0591834826863,-0.0449342284554,-0.0323464870962,-0.0295317437237,-0.0564773875118
1797,-0.0286823808716,-0.0266131005587,-0.018871300887,-0.0565806248717,-0.0420436227028,-0.0577186887412,-0.0306743450186,-0.0354892262669,-0.043303872604,-0.0453834891822,-0.0451001396282,-0.0439031959469,-0.0320018391987,-0.0332924243681,-0.0387565734184,-0.0236197688674,-0.0563962499019,-0.0671326263388,-0.0448819787538,-0.0477080559746,-0.0406234704694,-0.04012611318,-0.0432014668548,-0.0200999475916,-0.0385082346823,-0.036503399327,-0.0210372727818,-0.0475138424036,-0.0482566955878,-0.0354326708932,-0.0404629346454,-0.0381518779602,-0.0440117255408,-0.0280789805241,-0.0667732481788,-0.0412052147414,-0.0489013343469,-0.038021059571,-0.0308495314594,-0.0439333741706,-0.0599925508968,-0.0482980551691,-0.0246008276356,-0.0493068399687,-0.0415376820697,-0.042502898864,-0.0444959779142,-0.0222936607493,-0.0466851208373,-0.0413516908177,-0.0260520068512,-0.0325481530881,-0.0695478009607,-0.0241141740336,-0.0396296897885,-0.0319190198034,-0.0466159438456,-0.0382423505382,-0.0468000315454,-0.0289006497654,-0.0543861722846,-0.0320963092573,-0.0314417234752,-0.0246028847128,-0.0392049560516,-0.039285617458,-0.0371280495484,-0.0372428204988,-0.0161384928568,-0.0387719588995,-0.03762855375,-0.034412259153,-0.0345139101771,-0.0322604480924,-0.0422080775733,-0.0481071836806,-0.0296135400708,-0.0436778468252,-0.0421945554711,-0.0472297159294,-0.0464648741046,-0.0304658571378,-0.0465522642641,-0.0268140883874,-0.0457190714521,-0.0352389931686,-0.0703459630867,-0.0357844828357,-0.0445178632349,-0.0278113482354,-0.0671650179032,-0.0548550497436,-0.0529075153237,-0.0472277350455,-0.0249973054141,-0.0565414444465,-0.0426806743888,-0.0385111587433,-0.0320405868306,-0.0500048784573
1798,-0.0337785278134,-0.0216553776403,-0.0165533384199,-0.0472263973884,-0.0260778195616,-0.0451638386629,-0.0325712671987,-0.0264551457472,-0.0341786768528,-0.0440076147941,-0.0379402318007,-0.0391986641292,-0.0289721383058,-0.0258199538895,-0.0316704558774,-0.0196035090823,-0.0406372210525,-0.0590919054744,-0.0332260907678,-0.0391936695561,-0.0357277925667,-0.0413820744835,-0.0328394508572,-0.0199078692816,-0.0434820002077,-0.0344378563557,-0.0171244817103,-0.0430485129439,-0.0403229576828,-0.0388396386979,-0.0359787230359,-0.0293901979387,-0.0386330118919,-0.0171663797657,-0.0622717279414,-0.0416461658646,-0.0467379772328,-0.0274811148411,-0.0264284769573,-0.0380975632494,-0.0501256917099,-0.045286576733,-0.010009371156,-0.0469674226604,-0.0432177677758,-0.0388625697993,-0.0448940380219,-0.0176155312096,-0.0379666954364,-0.033500030747,-0.0271700446417,-0.0303745986678,-0.0626200443151,-0.022651337062,-0.0346438970119,-0.0308376252871,-0.0404159672263,-0.032909739666,-0.0394842758705,-0.0225568152102,-0.0555723178268,-0.0261133157539,-0.0368624369024,-0.0225458281251,-0.0308968172645,-0.037539391402,-0.0337312870735,-0.0309849558297,-0.0102443186207,-0.0421038833846,-0.0333362424082,-0.0284756584926,-0.0309823287201,-0.026503253364,-0.0392327316766,-0.0390669139736,-0.0257558304168,-0.0409217910173,-0.0325963225271,-0.0421600173229,-0.046714386559,-0.0243838739686,-0.0463040808073,-0.0241329425699,-0.0349539459757,-0.029639880631,-0.0662915612875,-0.0251333745757,-0.041313092677,-0.0228730961172,-0.0653902929019,-0.0492351257342,-0.0437704075399,-0.0373976892552,-0.0206515593969,-0.0493563195272,-0.0338258969063,-0.0390393187295,-0.0300204424283,-0.0427250193252
1799,-0.0359365950766,-0.016004053814,-0.0120474548445,-0.0387962071644,-0.013336997158,-0.035566473239,-0.03137375537,-0.0200667416036,-0.0285686861153,-0.040686312695,-0.0321550645572,-0.0365806479951,-0.0258416344619,-0.0202292600185,-0.0260708211174,-0.0132045247124,-0.0290379124678,-0.0535650391987,-0.0237935824083,-0.0313548155686,-0.0312925715603,-0.0404597277969,-0.0264281119474,-0.017210159702,-0.0463359871896,-0.0306299093883,-0.0142953535226,-0.0372489865037,-0.0342243439703,-0.0403934296864,-0.030618059433,-0.0189913696407,-0.0352703069078,-0.00823640572453,-0.0589759115121,-0.0414935620059,-0.045129983506,-0.0198016501007,-0.0227018830547,-0.0315080346178,-0.0421679082314,-0.0425409500742,0.000624334786667,-0.0432966883869,-0.0438143880862,-0.0342881276374,-0.0426877133145,-0.0125538799153,-0.0312995840582,-0.0275209792788,-0.025549363849,-0.0257104280465,-0.056136203592,-0.0186453207448,-0.0288053148951,-0.0289573938086,-0.0358031003764,-0.0273385005319,-0.0335267762935,-0.0162989749751,-0.0533010652948,-0.0205144394642,-0.03787906808,-0.0181075718657,-0.0241327036089,-0.0334934711472,-0.0283499801098,-0.0254096493286,-0.00515762891051,-0.042398149352,-0.0278462849981,-0.0220787030981,-0.0265693147715,-0.0227632777591,-0.0341032227073,-0.0297476133222,-0.0203072967331,-0.0386107202551,-0.0254384262164,-0.0381289896277,-0.0459312188921,-0.019460562983,-0.0450723345188,-0.0218773900506,-0.0260369403236,-0.0223645720665,-0.062376586666,-0.0182560181896,-0.0376329608327,-0.0189175339378,-0.0627592816752,-0.0430320855902,-0.0381976254754,-0.0287313669307,-0.0163404366903,-0.0429520539361,-0.0269180263616,-0.0381421771421,-0.0274742714469,-0.0371542306481
1800,-0.0452993244781,-0.0262555558897,-0.0205147388006,-0.0549976385256,-0.0277416299257,-0.0512867729269,-0.0410967494708,-0.0323010754568,-0.0497367133656,-0.0527861561854,-0.0464472721292,-0.0542495904302,-0.0431258929621,-0.035499093467,-0.0401837316242,-0.0242359817773,-0.0470395735371,-0.0736191097958,-0.040139855429,-0.0453456969758,-0.0432421634082,-0.0498726667885,-0.0442910079022,-0.025238848438,-0.0573198974331,-0.0395833201039,-0.0294991582524,-0.0491285528895,-0.0495604419454,-0.052710679023,-0.0438466868613,-0.0336981816142,-0.0508216110772,-0.0238212950671,-0.0757043685668,-0.0485604712487,-0.0602130751819,-0.0372454669138,-0.0344885583137,-0.0445558416682,-0.05743188441,-0.0525680533267,-0.0195919587449,-0.0536784972568,-0.0558457348161,-0.046409294884,-0.0530855039923,-0.0239338300396,-0.0509053104132,-0.0398797334351,-0.034839998555,-0.0387335027513,-0.0677329467991,-0.0288769387539,-0.0402143158244,-0.0408617687503,-0.0492508716876,-0.0383946156563,-0.0455327772389,-0.0239805828283,-0.06623343578,-0.0354353393043,-0.0505379533571,-0.0269317118385,-0.0418452375796,-0.0456155495575,-0.0373492275434,-0.0450836851282,-0.0177446360445,-0.0513217903615,-0.0423659287235,-0.0325907947497,-0.0395529622251,-0.038077985312,-0.0449445579892,-0.0487164568842,-0.0306626304014,-0.0491059534365,-0.0435161593917,-0.0537128991425,-0.0529494094012,-0.031036347094,-0.0552108106697,-0.0298701064344,-0.0400114140489,-0.0351194641824,-0.0809485991887,-0.0361417192897,-0.0466961409144,-0.0353399506303,-0.0791798916755,-0.0579377574796,-0.0552182452725,-0.0417441876084,-0.0284971700631,-0.0537117326002,-0.0455970038941,-0.0483588370242,-0.0353172534377,-0.0479696863919
1801,-0.0504138520934,-0.0303990209031,-0.026020428155,-0.0584770255524,-0.0317146794744,-0.0527533813529,-0.0459451283747,-0.0325191892175,-0.0437078164213,-0.054011912328,-0.0460329232674,-0.0447941194647,-0.0433971021594,-0.0353459718727,-0.040322748073,-0.0309135163906,-0.0504629483769,-0.0685047688098,-0.0439475589885,-0.0481739095629,-0.0445692786788,-0.0499389401909,-0.040994580474,-0.0301518431749,-0.0588194155954,-0.043184266948,-0.0262307739944,-0.0530353630922,-0.0498761471424,-0.0524589366585,-0.0457540345256,-0.0419968285623,-0.0455725213357,-0.0253688517692,-0.0710103975147,-0.048851713923,-0.0551954744973,-0.0359100123788,-0.0352169676836,-0.0484227859509,-0.0583495525952,-0.052291497838,-0.0202607899529,-0.0559893142875,-0.055580171384,-0.0484968841639,-0.056188219858,-0.024576729,-0.0487645208875,-0.0389569230374,-0.039124351007,-0.0422935816364,-0.0709059567585,-0.0344178453029,-0.043827895141,-0.0417893939955,-0.0477048839195,-0.0407225260849,-0.0467693545725,-0.0281857171012,-0.0694748031977,-0.0364320844645,-0.055623400991,-0.032768279823,-0.0403288538867,-0.0489590109829,-0.0423808771794,-0.0450773217309,-0.0193199567084,-0.0547883628804,-0.0443528705574,-0.0352810625064,-0.0431490136098,-0.032838940723,-0.0504116792606,-0.0534183772876,-0.0348600043496,-0.048310775047,-0.0399391025654,-0.0518511567175,-0.0532398535357,-0.0317227571984,-0.0557417054638,-0.0297572156851,-0.0418636292389,-0.0407439862578,-0.0774822947649,-0.034785279667,-0.04790196247,-0.0336600124068,-0.0756750299437,-0.0622873886769,-0.0516068455485,-0.0452328833001,-0.0307550842372,-0.0547879839199,-0.0443632180719,-0.0495590118748,-0.0364888007975,-0.0440535947479
1802,-0.0413885546254,-0.0176321129337,-0.0159095155512,-0.0384087124962,-0.0148746912102,-0.0338687260783,-0.0340557390166,-0.0193066501828,-0.0201530363684,-0.0353935342836,-0.0276253274829,-0.0278420736625,-0.0238833644656,-0.0182018125125,-0.023381698966,-0.0176107157487,-0.0313009292946,-0.0456906270591,-0.0253921776249,-0.029870235758,-0.0296791558927,-0.034497045819,-0.0231190868065,-0.0202086568813,-0.0462044934095,-0.0306613745679,-0.0117337516652,-0.0370101483197,-0.0312439502928,-0.0381308568246,-0.0268241464077,-0.0244236251157,-0.0284924744718,-0.00844347997941,-0.0515978474107,-0.0398845718404,-0.0384002074994,-0.0159303173613,-0.0218195310551,-0.0312409975792,-0.0390352658712,-0.0391303863039,-0.00136575533916,-0.0412049175203,-0.045043937372,-0.0315221311184,-0.041664575477,-0.0135530462074,-0.0238148120041,-0.0235579100892,-0.027727160952,-0.0235591018619,-0.056559651769,-0.0220913232938,-0.0287584030685,-0.0271937002952,-0.0330681597219,-0.025591531485,-0.0320159750525,-0.019610417771,-0.0506245343418,-0.0227945653754,-0.0401883000513,-0.0223482106292,-0.0164194326269,-0.0318458955977,-0.0306120820534,-0.0208714473882,-0.00602418910367,-0.0434608307875,-0.0232218677188,-0.0200118515465,-0.0272234273681,-0.0197698359724,-0.0369985413066,-0.0288955832423,-0.0209646043424,-0.0353809741698,-0.0232612381194,-0.0320412323396,-0.0426754961927,-0.0207999161117,-0.0419099310819,-0.0203251069977,-0.0236210510928,-0.0238599513654,-0.0510239438488,-0.0156752816789,-0.0348261531628,-0.016644234975,-0.0503914333147,-0.0442289681206,-0.0357367533189,-0.0289813576445,-0.0166525322095,-0.0402092317179,-0.0201385795022,-0.0361511214553,-0.0256827510911,-0.0336223442259
1803,-0.0287108796189,-0.00481314648256,-0.00376037434009,-0.0214583410283,-0.00153700694072,-0.0195926037291,-0.0194248098306,-0.0101640940813,-0.00606328244902,-0.017937108079,-0.0133670855791,-0.0182522729755,-0.00780472628573,-0.00556391735973,-0.0103170631203,-0.00247197308851,-0.017263239929,-0.0304011609864,-0.0106493296732,-0.0140302140429,-0.0172595595877,-0.0197681047025,-0.0124436618977,-0.00755381807894,-0.0331596575152,-0.0168865858537,-0.00150610969095,-0.0213154179261,-0.0174561269426,-0.0247604193817,-0.00988785979213,-0.00602180409869,-0.0179429725186,0.00497446833143,-0.0376372786561,-0.0315124781807,-0.0261929099217,-0.00173083540304,-0.0109996870277,-0.0151474158171,-0.0238197264032,-0.028491401443,0.0115972984054,-0.0267977559689,-0.0346806538642,-0.0160233025817,-0.0263580637191,-0.00285086408815,-0.00561542365679,-0.0120986916108,-0.0145446622098,-0.00478971386649,-0.0438776149185,-0.00796235517105,-0.0144171947788,-0.0143581242974,-0.0223784389322,-0.0119361373241,-0.0203642600137,-0.0113358552019,-0.030919196734,-0.0113070435537,-0.0216879399458,-0.00959882273974,0.00163457360501,-0.0147319317803,-0.0172982020788,-0.00104383872766,0.00486339152867,-0.0300130755277,-0.0039617524714,-0.00550089095345,-0.0115944045601,-0.0114095235106,-0.0223723424847,-0.0070504439475,-0.00670534625493,-0.025321409068,-0.0114838582215,-0.0173203753921,-0.0324942431864,-0.0123400518378,-0.0293858713432,-0.0127329048796,-0.00886272157054,-0.00614029544772,-0.0310323521553,-0.0034779601257,-0.0228877154817,-0.00358383279265,-0.030520635508,-0.0266998862057,-0.0264619242718,-0.0150272764946,-0.00419785750144,-0.0275541293524,-0.00249440841909,-0.0236321515163,-0.0157638529634,-0.0262377847249
1804,-0.0168900013308,0.00459658934529,0.00633454164083,-0.0111075069415,0.00691509298968,-0.010956924931,-0.00697648175944,-0.00486938934721,0.000447887631141,-0.00628323766394,-0.00463676424931,-0.0135035852635,0.00269921622635,0.00196919711359,-0.00229282559362,0.00953075236719,-0.00920207031961,-0.021522248625,-0.00215156032066,-0.00387968215903,-0.00954902913003,-0.00975069507059,-0.00683873837472,0.00360259075782,-0.0232471194531,-0.00591396228457,0.00492880508893,-0.0103711110941,-0.0100411635793,-0.0150055222363,0.000896424283451,0.00753419323229,-0.0125062333579,0.0142297193971,-0.0287617918608,-0.0254598251221,-0.0182978315431,0.00686575891627,-0.00404236545109,-0.00441981315786,-0.0143245342109,-0.0219053970225,0.0196405389879,-0.0166510809966,-0.0262999902607,-0.00590280182831,-0.0150146910353,0.00580696782056,0.0046850694067,-0.00487146235363,-0.00401592298734,0.00845928565681,-0.0356492808825,0.00326135601047,-0.00471469446287,-0.00588572251145,-0.0154295362737,-0.00296132917262,-0.0133590979185,-0.00566411868569,-0.0164396646852,-0.00323538923624,-0.00647968770023,0.00117754003716,0.0119924175398,-0.00269847509525,-0.00664879285397,0.0119193246613,0.0121505126382,-0.0189621794942,0.00866395354939,0.00475118210478,-0.0000389786382574,-0.00614441179875,-0.0112433346302,0.00670277157128,0.00367714555758,-0.0191269235805,-0.00331127267634,-0.00893903486699,-0.0251356791978,-0.00655303634075,-0.0210335611222,-0.00773274394805,0.000348369963842,0.00725034327029,-0.0199276322405,0.00255723040286,-0.0147951426764,0.0051971291313,-0.0192405282937,-0.0137067196581,-0.0214613285273,-0.00613193498167,0.0042763030685,-0.0185067413416,0.0067943696419,-0.0151930142887,-0.00912093996432,-0.0206850217922
1805,-0.0107013952981,0.00621438025351,0.00968257713069,-0.0124315516486,0.00601494235764,-0.0121638138041,-0.00188120213846,-0.00641449157721,-0.00490541929226,-0.00523052629657,-0.00543995042742,-0.0176860637701,0.00237613808571,0.000366631447897,-0.0032753448303,0.0126758094559,-0.0115545039904,-0.0240165623337,-0.00442144001704,-0.00413672489565,-0.0102287088743,-0.00827223640204,-0.0100641173796,0.00855424432232,-0.0204512981185,-0.00228466517736,0.00334266141048,-0.00911293418396,-0.0127932359522,-0.013120695533,0.000778772758735,0.00946029027692,-0.015673226389,0.014261564156,-0.0295586087904,-0.0241655920911,-0.0189543439176,0.00526094280283,-0.00445881426526,-0.00403224701132,-0.0149464586802,-0.022300239066,0.0172195226491,-0.0150211548212,-0.0242926963602,-0.00558917979744,-0.0124166599923,0.00756125633515,0.00213053137185,-0.00532115765872,-0.000752861559605,0.0104532472511,-0.0357865397516,0.00641168817861,-0.00416396658977,-0.00567583063673,-0.0160286168929,-0.00270138657417,-0.0144019583939,-0.00568006324905,-0.0131299488027,-0.00367950213598,-0.000868477044294,0.00505456666983,0.0099216616094,-0.000992695924525,-0.00347555849013,0.0119854756839,0.0118459153256,-0.0148227627358,0.00923966198702,0.00637463038354,0.00230110331587,-0.00815533258898,-0.00881213067011,0.00578502734504,0.00546749359635,-0.0197026411216,-0.00430426518317,-0.0109397654339,-0.0233317665928,-0.00705926257592,-0.0203069087052,-0.00772237070259,-0.000205811706393,0.0102843851106,-0.0225738154711,-0.00123245209623,-0.0139071671903,0.00478386428421,-0.0211774645718,-0.0111171314589,-0.0244900966416,-0.00663254501952,0.00468694137397,-0.0169763962487,0.00317894038239,-0.014465688709,-0.00863492532166,-0.0205968234109
1806,-0.00784045996319,0.0064872225688,0.0107558589436,-0.0138819129425,0.00696244337866,-0.0113461034808,-0.0000727809704735,-0.00580271353967,-0.00591824986873,-0.00661802567006,-0.00531648719178,-0.0168597577319,0.00217669416268,0.000325634768166,-0.00322841865906,0.0133151278202,-0.0110718798986,-0.0230296620498,-0.00570884641841,-0.0047409931201,-0.0110395150151,-0.00930277669885,-0.00890306299224,0.0108165722147,-0.0200061399833,-0.000916804132865,0.00418598778037,-0.009683130502,-0.0144217933333,-0.0126039518325,-0.000883919605802,0.00925512111125,-0.0156788356814,0.0160973295296,-0.0280795001958,-0.0236421044826,-0.0175554112542,0.00628526679746,-0.00444151013353,-0.00511371332455,-0.0143950038665,-0.0227239377043,0.0187577838889,-0.0152327961221,-0.0223675053657,-0.00682372031748,-0.0127251541677,0.00994766540035,0.00119577617623,-0.00415858813118,-0.000312212931657,0.00947336970582,-0.0362473615525,0.00689352972797,-0.00505266255133,-0.00635688248244,-0.0147338121546,-0.00335494660574,-0.0147320617324,-0.00596838908762,-0.0135729532984,-0.00280033510735,0.000230520543021,0.00650251466028,0.00886313992146,-0.00195131283297,-0.0024796466442,0.0123004634032,0.0123164567529,-0.0138563050732,0.00781615786619,0.00680199238124,0.00316817506537,-0.00621150543316,-0.00880588384968,0.00339921336728,0.00528334134693,-0.019871593571,-0.00133847018298,-0.0120502821776,-0.0228433946181,-0.00605309843119,-0.0209023660164,-0.0073465482581,0.000105072341191,0.0109153748258,-0.0250517193211,-0.00169589762009,-0.0139624479007,0.00616075113405,-0.0240885576256,-0.00981030873906,-0.0230600704503,-0.00700049726559,0.00477352189606,-0.0151765017499,0.000867275650476,-0.0153983580888,-0.00905143884987,-0.0172955713269
1807,-0.00581606522675,0.00854173257018,0.0131539442815,-0.011960646733,0.0123966381494,-0.00679454635028,0.00180694815981,-0.00276008380185,-0.00490227944734,-0.00705702358284,-0.00305434258215,-0.0162726188807,0.00320738319076,0.00240761918918,-0.00109187746073,0.016004970632,-0.00568666651156,-0.0205148433981,-0.00304830165764,-0.00257484210562,-0.0100272846577,-0.0103455370202,-0.00533675551099,0.0135695722962,-0.0203243012499,0.00134363795742,0.00549388605267,-0.00824040661409,-0.0133285724878,-0.0127225834029,-0.000639998864492,0.0126146252925,-0.0147867752393,0.0207097092258,-0.0260915318101,-0.0230500674105,-0.0162764368263,0.00985316865849,-0.00300134450167,-0.00385522563728,-0.0108845271925,-0.0221510755001,0.0238736389001,-0.014300621531,-0.021229281919,-0.00645519018382,-0.0125313652485,0.013041957342,0.00266995837753,-0.00103713369516,0.000563269765231,0.00986246088423,-0.0343375935524,0.00859101797939,-0.00386947246409,-0.00624391088804,-0.0121783066878,-0.00203830201608,-0.0126561032995,-0.00379884034975,-0.0135106866267,-0.000481930054373,0.00086197210864,0.00920466532122,0.0103767155647,-0.00152178375718,0.0000676165625904,0.014449092773,0.0146968166747,-0.0131370635116,0.00812818136079,0.009127539541,0.00558585377666,-0.00401962609381,-0.00715716736345,0.00449945350463,0.00683209225724,-0.0191268347891,0.00284016252743,-0.0116267427948,-0.0222136462212,-0.00347992671512,-0.0210043259163,-0.00617820858806,0.00369862693498,0.0136500726365,-0.025989261341,0.000845735039635,-0.0127884761107,0.0085521429566,-0.0262825621695,-0.00640963168958,-0.0196821105306,-0.00417464384682,0.0065022187261,-0.0114769202287,0.00153388334955,-0.0158791513855,-0.00846192681932,-0.0133610466476
1808,-0.00697327924165,0.00822196769088,0.0134755682222,-0.013193397251,0.0156123656946,-0.005002549159,0.000625793334205,-0.00186537988966,-0.0080587935924,-0.0108873415431,-0.00398471558708,-0.019005381913,0.000170159983655,0.00139817711741,-0.00200146136977,0.0162648418915,-0.00302502160895,-0.0223788834374,-0.00314792570796,-0.0033791080118,-0.0116713101417,-0.0144601328112,-0.00487805043277,0.0138737726512,-0.0241595919771,0.0009666363441,0.00380765708124,-0.00954102077587,-0.0152143284694,-0.0164701264888,-0.00352243767681,0.0131899848509,-0.0171251723262,0.0223859923946,-0.0280726265412,-0.0245917399209,-0.0186801182745,0.00986070456732,-0.00416056603293,-0.00541010938135,-0.01048374442,-0.0240648577679,0.0257626265975,-0.0161682061143,-0.0230812853174,-0.00910572832998,-0.0153378663672,0.0138710127567,-0.000184143061581,-0.000562007793236,-0.00116871230458,0.00679024997725,-0.0346820865776,0.00775706717534,-0.00516066845681,-0.00911802472156,-0.0124754775612,-0.00320906659492,-0.0129649551546,-0.0027266809255,-0.0173811442824,-0.000752612442466,-0.00257718589599,0.00968446759845,0.00780761581864,-0.00424884422663,0.00042709040709,0.0118164344207,0.014613203664,-0.0153036087567,0.00471853788443,0.00887962984972,0.00472676301326,-0.00449110442604,-0.00807366049651,0.00167210352205,0.00595896590969,-0.0209046693934,0.00381457110979,-0.0148585708332,-0.0237779942305,-0.002960175866,-0.0239771654709,-0.00689380338376,0.00455343520685,0.0132214577209,-0.0316417984424,0.000251387756633,-0.0139206871792,0.00737287708902,-0.0330326685779,-0.00666652194139,-0.0192000503758,-0.00379607926363,0.00551772549625,-0.0103624274801,-0.00171392251977,-0.0191782237931,-0.00987998221424,-0.0112532982522
1809,-0.117913845889,-0.16251107345,-0.133736558783,-0.266996780854,-0.233751126469,-0.251684767245,-0.143378512438,-0.184503198414,-0.300278003629,-0.201275860085,-0.220901723164,-0.257117718305,-0.239636064975,-0.219744965104,-0.212703253922,-0.175502490729,-0.278527835928,-0.307698662184,-0.254537208804,-0.230032409678,-0.191185423171,-0.157017389064,-0.251923773484,-0.118097614664,-0.152023697277,-0.149230201664,-0.201917576313,-0.204890445003,-0.240035835684,-0.171211312957,-0.213423485882,-0.245811873936,-0.231674745266,-0.225598666142,-0.26394482847,-0.119848840213,-0.225114022327,-0.251104984623,-0.1748811558,-0.216473292068,-0.249457686612,-0.171280326119,-0.276125359546,-0.181213264148,-0.173874248729,-0.199853683142,-0.174957190329,-0.167610189809,-0.287956967321,-0.191995604201,-0.140382029396,-0.203271120966,-0.219704216229,-0.158109885622,-0.191491827039,-0.176300095584,-0.208242054094,-0.182867580084,-0.197950831479,-0.137342349708,-0.215940272609,-0.21980117364,-0.173653158672,-0.142190559774,-0.26116665822,-0.197278663581,-0.159494770968,-0.275413969782,-0.172623013376,-0.139416846008,-0.22614254441,-0.172906714966,-0.194069495121,-0.214199800068,-0.187742518982,-0.298595769007,-0.168918783043,-0.169959815228,-0.262650224956,-0.239531263798,-0.126537646253,-0.174330790894,-0.168318220152,-0.122601415402,-0.22361541821,-0.206421937922,-0.304099279846,-0.249390657822,-0.158782910543,-0.223277046197,-0.276205575716,-0.240708309135,-0.252006687843,-0.219033708336,-0.175517531461,-0.191608024175,-0.278157201136,-0.162285991173,-0.131106504812,-0.182595102697
1810,-0.320869445668,-0.427467713886,-0.390834638021,-0.614054023537,-0.574266315797,-0.562642380346,-0.393242842037,-0.398655749217,-0.577217099841,-0.473744440347,-0.48865788903,-0.435745315491,-0.537959015252,-0.482823967279,-0.472826569429,-0.49999637987,-0.62692701753,-0.599851853471,-0.587641625806,-0.544821901988,-0.429006680202,-0.360111660446,-0.495154716738,-0.355392123659,-0.336094903338,-0.395581505697,-0.408683896749,-0.50069845208,-0.512169611627,-0.369496653375,-0.506845119324,-0.664328655714,-0.431823863927,-0.54452124889,-0.510072022855,-0.249619790762,-0.430818721792,-0.551150001758,-0.391707186061,-0.526056479998,-0.555487936156,-0.35648080898,-0.626635604231,-0.427012251101,-0.356276339293,-0.470817393715,-0.425054958593,-0.403760522171,-0.621004501222,-0.420217616193,-0.372876652516,-0.522662833292,-0.482269749715,-0.436857140602,-0.468365885108,-0.398110537805,-0.429923347301,-0.439015795519,-0.436771029416,-0.346023721208,-0.524066342988,-0.488418019809,-0.461721388413,-0.410099859701,-0.583638958112,-0.490448918946,-0.429537062109,-0.637903285651,-0.414591916461,-0.348150084169,-0.552436791289,-0.443418263869,-0.490911451187,-0.398945785176,-0.48127399205,-0.722849020306,-0.443751869013,-0.349358685492,-0.539718197398,-0.500692282654,-0.273746040382,-0.383279214294,-0.365349880575,-0.266043345284,-0.525611633042,-0.558138846795,-0.62248725291,-0.517187409144,-0.364284462135,-0.48469308402,-0.56686872968,-0.58969404123,-0.473927438386,-0.52083198407,-0.424356902745,-0.441283400479,-0.603144982492,-0.362436792787,-0.302976715523,-0.350872282515
1811,-0.426252369441,-0.502475021144,-0.499896055462,-0.648549513453,-0.611940891519,-0.56673724027,-0.500479797536,-0.388700259977,-0.492503406979,-0.520406711711,-0.494028283574,-0.352752365301,-0.558738613322,-0.480221277778,-0.480032242618,-0.622004216108,-0.626495419025,-0.557775481099,-0.603691338007,-0.58538984823,-0.450693112646,-0.396677101452,-0.436520421689,-0.467791051977,-0.383968751961,-0.484181371779,-0.387242259858,-0.568908256541,-0.499103098944,-0.399430812865,-0.544330868291,-0.793254102881,-0.378418393902,-0.582584945035,-0.491170342185,-0.274487107686,-0.411377990946,-0.539592345773,-0.408933870224,-0.583181336273,-0.571326506685,-0.365782161123,-0.625101114797,-0.483137248017,-0.394034168956,-0.513922726819,-0.497298458316,-0.46263625283,-0.598700409188,-0.420083455384,-0.459400755711,-0.598433935727,-0.522170854478,-0.540677718187,-0.524381838211,-0.424251921106,-0.429064901548,-0.480239858073,-0.448436349497,-0.397354703194,-0.609561957489,-0.519362116406,-0.575438213148,-0.528015337087,-0.572033760557,-0.559832870385,-0.531358673943,-0.664772665692,-0.440585496308,-0.430180907327,-0.602544533073,-0.50353436475,-0.568290340085,-0.360811097237,-0.578661397587,-0.779139138005,-0.520331537514,-0.353340381602,-0.532807480776,-0.488887517495,-0.305465984894,-0.401613932338,-0.394517759136,-0.27576075638,-0.545529974713,-0.669271132307,-0.606100246097,-0.467351011504,-0.399558111619,-0.488911603709,-0.558668597062,-0.68106608661,-0.42062515398,-0.560997686823,-0.463321511838,-0.486053830994,-0.575841401005,-0.396183843702,-0.332673235922,-0.345944384721
1812,-0.420410543336,-0.430824577832,-0.460358105528,-0.49570109459,-0.475517566303,-0.421745333859,-0.464681018364,-0.287143793795,-0.319829594109,-0.415209228555,-0.377902848562,-0.251214294677,-0.443915888836,-0.363579625111,-0.369300481185,-0.554143652263,-0.453466408802,-0.420767858323,-0.441507073018,-0.457477848526,-0.352668131147,-0.321676847853,-0.300226910762,-0.446379969401,-0.340936226039,-0.436215278984,-0.299633805053,-0.467443363936,-0.354181966283,-0.339535814732,-0.418173366624,-0.676364112462,-0.269395852796,-0.479131646755,-0.395005070723,-0.239467332692,-0.334097779238,-0.407095034705,-0.326639685203,-0.463230198426,-0.442204493073,-0.289027980012,-0.480473510429,-0.403660445709,-0.362396242117,-0.407770450978,-0.425012674648,-0.419305687495,-0.430773418001,-0.324465169218,-0.410473835532,-0.487769158295,-0.419415540265,-0.481430435235,-0.421377872652,-0.338990182315,-0.346432528439,-0.381347240571,-0.342491472126,-0.327444413321,-0.517510437066,-0.430896541484,-0.522851574525,-0.492457906485,-0.411246728085,-0.458771816303,-0.476895909452,-0.526308596491,-0.352932590068,-0.392346639227,-0.473428852264,-0.415585751357,-0.49110227254,-0.283791552233,-0.503969032434,-0.594804278617,-0.437161415289,-0.281145230706,-0.440513247407,-0.364959519615,-0.262840908384,-0.332424994176,-0.323951489226,-0.223081355442,-0.411027515282,-0.581282345461,-0.448509832727,-0.3088804201,-0.326395645386,-0.394138424587,-0.414797233685,-0.592656418346,-0.305352370878,-0.437881444215,-0.376215004345,-0.413876627634,-0.394796714829,-0.323598146187,-0.271120515398,-0.300698392346
1813,-0.390449213511,-0.36310264384,-0.399877788613,-0.387286461133,-0.384896795077,-0.338551951162,-0.408367968672,-0.235811439627,-0.249936520569,-0.330680823853,-0.314340104047,-0.224165283336,-0.371552059929,-0.300906629794,-0.306662561994,-0.467912216038,-0.350570419341,-0.367029608327,-0.331824791344,-0.365037891696,-0.28827562911,-0.261476470848,-0.247763586569,-0.401122823014,-0.30587420817,-0.382010245836,-0.257880354552,-0.377026672316,-0.27025053328,-0.296672255777,-0.321625969726,-0.552517866004,-0.229678730212,-0.415766129082,-0.359736063329,-0.2173317458,-0.306840646758,-0.342716736233,-0.27682081147,-0.362984002527,-0.368086804008,-0.244624361104,-0.401519503474,-0.336622818367,-0.338876780734,-0.325394859493,-0.352053476491,-0.379020554915,-0.34237594633,-0.277196614649,-0.348658464455,-0.384528482268,-0.343029446684,-0.406590231389,-0.332732905724,-0.278287141876,-0.30916511285,-0.305760605624,-0.277994814527,-0.263203253516,-0.427012997265,-0.365913361837,-0.450870739788,-0.433887179552,-0.321247821287,-0.36512946702,-0.408443862098,-0.443130150864,-0.294041560676,-0.341318514101,-0.374066591036,-0.343307184301,-0.426059176124,-0.257192614585,-0.419765171199,-0.450139591262,-0.355163315683,-0.244279839024,-0.40036265263,-0.300993231116,-0.232154643643,-0.290337659066,-0.274673060705,-0.193457345947,-0.324418021943,-0.490319048587,-0.365381587277,-0.233783129161,-0.272813669849,-0.344262067105,-0.332595747582,-0.519129654254,-0.265668860884,-0.347818888828,-0.312278566613,-0.369128444823,-0.292993842785,-0.267083172848,-0.224882199476,-0.288609186809
1814,-0.366063570324,-0.327443744228,-0.357668023796,-0.344769156603,-0.354470680682,-0.317572467318,-0.36869468253,-0.225310879926,-0.239997891694,-0.290951781906,-0.299353648905,-0.226869066684,-0.341919879395,-0.283690487291,-0.288639959213,-0.411862027065,-0.321207703857,-0.362830340113,-0.290583248344,-0.327982914655,-0.265237703984,-0.233001560027,-0.245000039085,-0.367789570281,-0.289344398123,-0.351801218421,-0.24391353436,-0.331315124425,-0.245227122361,-0.274703465635,-0.278277610736,-0.479813866865,-0.226979217307,-0.393729246256,-0.359576341342,-0.21105933321,-0.305799876461,-0.329738084479,-0.259779184947,-0.314289011261,-0.35045662648,-0.232120021926,-0.375099564855,-0.305649036562,-0.326285502193,-0.288900671999,-0.310264491386,-0.35483265622,-0.319158067537,-0.269076688077,-0.308033600683,-0.327524877029,-0.312713514372,-0.35754347317,-0.288427891626,-0.250740471508,-0.303243776461,-0.273784394264,-0.259096309075,-0.230392078525,-0.376386420643,-0.332703796532,-0.401643316675,-0.393067949843,-0.295424991237,-0.314143776365,-0.365189156176,-0.414388804392,-0.268470489475,-0.307113321565,-0.330146741457,-0.311369411028,-0.39625273588,-0.254001007439,-0.36770422103,-0.382639586703,-0.309694905408,-0.236996022144,-0.391314074549,-0.285691873116,-0.222007559288,-0.273676782149,-0.255540008244,-0.184656734287,-0.295882773073,-0.439682458003,-0.345415728864,-0.219186994087,-0.252585757052,-0.327328053094,-0.307128318638,-0.486318102394,-0.267199849454,-0.311612567364,-0.28353839509,-0.358359174475,-0.263013644124,-0.240061251716,-0.205838069376,-0.293067160788
1815,-0.412391943531,-0.411382442289,-0.418776243701,-0.484312309205,-0.500734181848,-0.468425623311,-0.427515277486,-0.337022814041,-0.416167843388,-0.385788572854,-0.429534428985,-0.373400001543,-0.468812335134,-0.411978551758,-0.410593895976,-0.493689371854,-0.487210125192,-0.538062952473,-0.430620355028,-0.451643888723,-0.365147601522,-0.302894134189,-0.401227579075,-0.423984608795,-0.353340578199,-0.425604689405,-0.358837114781,-0.427763761728,-0.375499119242,-0.350072113221,-0.385581345245,-0.597235261807,-0.357919430109,-0.535083464473,-0.505146174742,-0.265570150038,-0.430241207829,-0.486701631254,-0.355103550941,-0.419559379216,-0.496569509957,-0.317223816738,-0.546639889181,-0.391203393133,-0.405840477168,-0.387829737836,-0.38170702466,-0.448053974035,-0.486366675399,-0.386905351275,-0.365242083541,-0.422233043744,-0.415568293852,-0.426603722171,-0.380033515108,-0.335287712149,-0.421376505535,-0.370162196567,-0.368417307393,-0.298239763398,-0.466598613323,-0.445802315623,-0.469485577598,-0.4583185809,-0.450587416283,-0.402548532278,-0.436294642024,-0.573232573406,-0.367766033281,-0.357916351219,-0.44956484433,-0.408733810914,-0.500999779982,-0.379504032271,-0.4450105109,-0.533450571202,-0.39144746089,-0.326229240338,-0.548953480144,-0.41725395879,-0.280777358698,-0.368620665924,-0.332952186637,-0.250748955266,-0.42856211755,-0.544806289167,-0.505148068138,-0.371038558681,-0.333662648436,-0.456249734829,-0.442346639325,-0.61160941636,-0.416160254823,-0.430079385883,-0.377437984632,-0.468504967745,-0.421954665521,-0.310027963987,-0.270949785232,-0.40366558384
1816,-0.583870489744,-0.664287321877,-0.645509813024,-0.8466319511,-0.864772501399,-0.816743746618,-0.645122627197,-0.582904837195,-0.763190860118,-0.65446191957,-0.726673904011,-0.629617666146,-0.781807678244,-0.703959712103,-0.694572361266,-0.786532200008,-0.876060182958,-0.892706736944,-0.785065947029,-0.776246172191,-0.614503148818,-0.500779986786,-0.708628726972,-0.630750832358,-0.528761768099,-0.655577967251,-0.60261233725,-0.716073685819,-0.677555559455,-0.547369381725,-0.681503415822,-0.988554122928,-0.611656839092,-0.876899653426,-0.800806238399,-0.399042929752,-0.679712254196,-0.829844745321,-0.585323570605,-0.725708668638,-0.835383203773,-0.517085211865,-0.939036758653,-0.633482074734,-0.597312627632,-0.659905458264,-0.613761909184,-0.691020214251,-0.860531581235,-0.64666730646,-0.571921246845,-0.723635517815,-0.687405646505,-0.676107240318,-0.651397377809,-0.559188513324,-0.67624581065,-0.630664191143,-0.628724125156,-0.503438903697,-0.754537841021,-0.731586415515,-0.720146734809,-0.695865908509,-0.807076398286,-0.680560440446,-0.682283164658,-0.956352376819,-0.619939063794,-0.541071290253,-0.777066016271,-0.67920799605,-0.792007989775,-0.619635930483,-0.712833577884,-0.958855654041,-0.651881991168,-0.525852391653,-0.879434537796,-0.710050574828,-0.430942466762,-0.595291921344,-0.532668900025,-0.405506804133,-0.753800286116,-0.875637538608,-0.861866975437,-0.69035060712,-0.545005601262,-0.747367436542,-0.757286472351,-0.955868947114,-0.702719068148,-0.742458440313,-0.628331901042,-0.734336522988,-0.785158329253,-0.505489020793,-0.444556174151,-0.619347274075
1817,-0.741046496189,-0.840900687183,-0.836129738027,-1.04712779821,-1.06786964013,-0.985619693007,-0.827831922836,-0.687147416837,-0.843045592495,-0.817535340779,-0.867826835361,-0.658833163287,-0.934334440889,-0.831822874867,-0.82824708027,-1.02052386963,-1.06112741509,-1.01051495766,-0.966808759496,-0.961720602707,-0.746777727019,-0.620955220508,-0.796181350001,-0.813269001008,-0.641786501232,-0.832475611779,-0.682758925733,-0.908417354459,-0.807667647728,-0.652564708511,-0.851499301774,-1.27727666307,-0.674492601371,-1.05967515417,-0.910464314632,-0.47820465254,-0.765028157039,-0.972561368544,-0.70142952074,-0.917512861731,-1.00816962109,-0.615310967125,-1.10751412688,-0.792795648609,-0.70198489321,-0.822731641834,-0.7790504151,-0.838178922752,-1.01020592075,-0.764539068128,-0.735410124117,-0.924940047174,-0.850581037126,-0.87418734432,-0.825539472259,-0.679774417875,-0.785651361084,-0.787644451494,-0.760912415563,-0.644704664954,-0.956914996725,-0.878794116646,-0.922306355751,-0.899414831957,-0.959862073829,-0.86622209554,-0.878599014694,-1.14574210214,-0.752069166223,-0.688273786282,-0.970889322031,-0.855895670308,-0.986661939049,-0.680657919692,-0.915135188994,-1.20546593524,-0.836701513924,-0.618777972714,-1.00803738582,-0.83143273048,-0.526488620907,-0.70775782652,-0.6464845795,-0.481386237396,-0.924158908105,-1.1186144084,-1.01132232974,-0.794562749416,-0.673692886682,-0.872018900446,-0.892628149694,-1.18611600997,-0.783050770102,-0.923407776,-0.772454779946,-0.893646877775,-0.930385272967,-0.620111113901,-0.54918014186,-0.703463257591
1818,-0.765764166013,-0.807139992275,-0.839779936142,-0.939791941624,-0.973620146925,-0.874468552456,-0.831391263464,-0.599378676535,-0.66104043392,-0.749712535881,-0.775555867658,-0.534326497234,-0.83833692018,-0.730118919162,-0.736440076834,-1.00848161684,-0.924882947528,-0.875488807415,-0.843552200061,-0.873670279439,-0.673471023354,-0.57203248144,-0.659658488413,-0.831680290128,-0.616379840843,-0.824214885982,-0.591850504646,-0.854688197438,-0.685056179914,-0.603755723671,-0.764562836956,-1.23103217072,-0.558606660417,-0.983510269567,-0.818657193077,-0.456536183411,-0.686256644696,-0.854107919828,-0.635582626016,-0.844002410561,-0.913992824222,-0.554558391167,-0.976439925978,-0.751018530554,-0.679315843927,-0.753932265116,-0.745440640086,-0.815529034978,-0.858789036443,-0.685710441845,-0.724132094869,-0.861402394674,-0.787514222405,-0.86132204053,-0.764848061336,-0.614489056497,-0.712408755916,-0.725421607841,-0.681760816283,-0.611773206718,-0.913115955862,-0.811399128344,-0.913487662236,-0.911354686815,-0.820771859124,-0.809075807271,-0.871059623184,-1.03079467502,-0.683436870263,-0.682349918393,-0.885200473292,-0.809546714374,-0.94879545066,-0.592612451214,-0.887873679674,-1.07768599811,-0.799071853941,-0.560101452802,-0.918607486496,-0.721970875526,-0.505354950925,-0.651865345127,-0.59714750396,-0.438410401707,-0.82529834485,-1.08626651571,-0.876665520322,-0.643650968524,-0.630558058782,-0.784580371999,-0.768759129139,-1.14370900481,-0.665761093934,-0.840802858722,-0.710516023022,-0.853050732158,-0.770950358014,-0.568797438083,-0.510149977649,-0.662482950622
1819,-0.690628504541,-0.656862255372,-0.714903765492,-0.702611431538,-0.753101003438,-0.664707358593,-0.712632125168,-0.451961430566,-0.435810838065,-0.573867452551,-0.603393776282,-0.395756165976,-0.645750161233,-0.552485750026,-0.564963405206,-0.837118613804,-0.674843533794,-0.680134812229,-0.600018818089,-0.665763728816,-0.517837567223,-0.44444790711,-0.479394959299,-0.731345143407,-0.52228142271,-0.703235808791,-0.449547670184,-0.672647561674,-0.481842010915,-0.486952095102,-0.563512906633,-0.9860738277,-0.411362400184,-0.79770619132,-0.672610916368,-0.390645584865,-0.563805427287,-0.654865496333,-0.499175310511,-0.640434018295,-0.722070100279,-0.436643563027,-0.738887501371,-0.607789192478,-0.590815086368,-0.578655927338,-0.599666376934,-0.695507157804,-0.618358729605,-0.542523889754,-0.601437043166,-0.657163138896,-0.621594802179,-0.71290638503,-0.585773533516,-0.470349173871,-0.579576703337,-0.56225932411,-0.523795112571,-0.484263741059,-0.733236023186,-0.64371937816,-0.76752750289,-0.789523999892,-0.589053688634,-0.623479504755,-0.732335434553,-0.799820638555,-0.529498900062,-0.577371339585,-0.6725291471,-0.65128635445,-0.790201977317,-0.467459704226,-0.720622437794,-0.779219985233,-0.636302312301,-0.451103798919,-0.753132069422,-0.543349596152,-0.430095926284,-0.526035091618,-0.477897631649,-0.351065849998,-0.620846169403,-0.893182142853,-0.658640206196,-0.432605846487,-0.509381741467,-0.621293696126,-0.56393456968,-0.959546681308,-0.510445146422,-0.640765509703,-0.555200180076,-0.723702004567,-0.521113710152,-0.441577701157,-0.405407950765,-0.578123995759
1820,-0.571662010986,-0.483656859456,-0.544191660666,-0.476047128269,-0.536384694024,-0.477878854384,-0.551000617371,-0.324456391091,-0.271277932579,-0.396673927228,-0.450194163168,-0.300451417463,-0.460621030052,-0.394034950295,-0.40851807276,-0.617553924553,-0.452691109607,-0.522485828635,-0.37520132174,-0.461290172432,-0.370227799254,-0.315900193958,-0.343267235522,-0.583095166688,-0.418441439748,-0.551513081482,-0.323356799119,-0.476317643583,-0.309587915115,-0.366163824619,-0.367388276046,-0.696114522368,-0.301417707488,-0.607237328012,-0.548954518437,-0.322380532442,-0.459511923162,-0.480340087504,-0.36821999029,-0.430102444939,-0.547242784072,-0.329378912291,-0.515339985032,-0.454642062077,-0.487849868975,-0.403213149193,-0.433578403402,-0.54877709925,-0.41579234485,-0.41522502281,-0.446814659321,-0.435748399715,-0.455689208271,-0.524541360603,-0.397303830651,-0.3283937528,-0.458380067734,-0.398143222091,-0.379693734132,-0.342654536083,-0.531355789234,-0.467397094793,-0.57998349429,-0.618135139642,-0.390398981654,-0.422662119074,-0.553976052297,-0.579739353722,-0.374310307496,-0.442419289731,-0.461018713301,-0.481696390647,-0.611541943689,-0.3620591275,-0.518336852279,-0.484102973037,-0.451087062243,-0.354304053627,-0.595166863527,-0.39214071883,-0.35184473266,-0.398088990157,-0.360475976773,-0.267946549413,-0.430403663092,-0.663174276682,-0.478836505273,-0.267922377207,-0.387228212301,-0.465987754858,-0.390934031603,-0.750601961501,-0.392550123202,-0.442530657053,-0.395530688791,-0.588538794607,-0.314605768219,-0.31274068692,-0.299422276447,-0.496999914858
1821,-0.459813307865,-0.351225520949,-0.396263911829,-0.336340339684,-0.394586382186,-0.371835677705,-0.411823002193,-0.252300485021,-0.200064049514,-0.280934382805,-0.362541983481,-0.263575426334,-0.339454421754,-0.299565385146,-0.31334689118,-0.436795895771,-0.32607438957,-0.440971603475,-0.24079326624,-0.329114224515,-0.278248931331,-0.231825041727,-0.281449331418,-0.44866154026,-0.342220622878,-0.42934676594,-0.245951278137,-0.33909737046,-0.217994050712,-0.280259447483,-0.243486874335,-0.472002326181,-0.251625291576,-0.472863532686,-0.48052321055,-0.27567826391,-0.400477237951,-0.378262074615,-0.282975641791,-0.288388920129,-0.445853708791,-0.265827139211,-0.36821574556,-0.348786237952,-0.406220342469,-0.289308483007,-0.310428291545,-0.427805118307,-0.30541863238,-0.341001730373,-0.321625961486,-0.278075525474,-0.348788653554,-0.370563028315,-0.267717897966,-0.234458670257,-0.383283949282,-0.291115095966,-0.295527162723,-0.240693517746,-0.384765846507,-0.340690855349,-0.426024554647,-0.468085942132,-0.280910086677,-0.280584890505,-0.407102287497,-0.436633113808,-0.266681982198,-0.331467442145,-0.324299003442,-0.363276249223,-0.478332774086,-0.301028436678,-0.358684097355,-0.292795803888,-0.3140327345,-0.298975125213,-0.489189900873,-0.310305548886,-0.300369444167,-0.307895016545,-0.284554172228,-0.214259230396,-0.31531893956,-0.484140566264,-0.388712071851,-0.189153326133,-0.308288602232,-0.363200166038,-0.299277002157,-0.593241617772,-0.338491857598,-0.313542142671,-0.284193397295,-0.49522760142,-0.208268960337,-0.225873321955,-0.229590540695,-0.443705621625
1822,-0.372991009554,-0.265905523301,-0.290748313022,-0.270942699682,-0.31645424972,-0.325363135176,-0.313102421755,-0.217615074964,-0.178903759851,-0.222573819701,-0.321673627431,-0.250735662759,-0.269848177667,-0.250300953224,-0.263180680109,-0.315480302233,-0.271243135748,-0.402537317056,-0.180367169457,-0.260396741908,-0.231507538201,-0.188783407426,-0.260247025885,-0.347980537704,-0.29341411754,-0.34713227794,-0.200238411127,-0.263990906859,-0.183875030275,-0.225589568877,-0.184362209983,-0.331757120964,-0.23288783222,-0.386129373649,-0.443539629464,-0.247133172852,-0.366522445603,-0.324310798977,-0.233813850519,-0.214253663252,-0.399349162656,-0.234514786592,-0.278027355716,-0.290362080311,-0.345862029111,-0.231879970709,-0.237270380772,-0.338106635332,-0.256676155293,-0.302868100691,-0.239457617789,-0.189144711379,-0.295323808524,-0.268079280755,-0.197901454381,-0.182342237015,-0.33873664873,-0.236470300935,-0.257405313682,-0.182848360307,-0.300533838868,-0.260506698205,-0.323334192131,-0.360394617115,-0.233643993701,-0.201504448286,-0.307960221433,-0.35323299586,-0.200614324987,-0.256897215415,-0.255469346181,-0.295896420081,-0.393230986378,-0.263483858383,-0.256072265642,-0.197255621226,-0.233028942279,-0.272251836072,-0.417757754658,-0.274662920731,-0.27282868181,-0.249428637791,-0.243900705659,-0.182773488237,-0.260503959377,-0.368582802623,-0.358137780209,-0.163070788146,-0.267994291864,-0.298643936371,-0.263896311522,-0.490693500231,-0.317900830147,-0.246348965233,-0.217344270581,-0.437816127465,-0.170798899431,-0.177682806714,-0.19256116689,-0.406210725305
1823,-0.319487550539,-0.229081006974,-0.234904885429,-0.270573791156,-0.2980568115,-0.33151698502,-0.261151875361,-0.218144705622,-0.204427422546,-0.215415857691,-0.323459860376,-0.269732493061,-0.252897674286,-0.244753575947,-0.255704488166,-0.259409577303,-0.278777227089,-0.409289220078,-0.183643031596,-0.24892151052,-0.225759803995,-0.182326900768,-0.278825390049,-0.289629317236,-0.273127020848,-0.307866921056,-0.192578199772,-0.247204314191,-0.197995049515,-0.205232591193,-0.18198069593,-0.277435279696,-0.24649930107,-0.352775375268,-0.44259729347,-0.237097366593,-0.363701072532,-0.318310344272,-0.220733437877,-0.201816137094,-0.402384675327,-0.232641970174,-0.250515440228,-0.27635340719,-0.316361686779,-0.224974832805,-0.213132822259,-0.292040311182,-0.263154623243,-0.299904122135,-0.203497217286,-0.165052396514,-0.290151952566,-0.22159509847,-0.183404682083,-0.170607515818,-0.328504663595,-0.229075547874,-0.259940459809,-0.167624520482,-0.276275430553,-0.234238599012,-0.276364661463,-0.303246788078,-0.240489631449,-0.181618756591,-0.261178850812,-0.329237373625,-0.17848440216,-0.221848502054,-0.247191669226,-0.276956105834,-0.358088425873,-0.259263384498,-0.212930490968,-0.186717710118,-0.207100834213,-0.272843474752,-0.393722013622,-0.280817419851,-0.267703693955,-0.228143101113,-0.235724074148,-0.174085803348,-0.258845986667,-0.318741477732,-0.378416112747,-0.182854062597,-0.262833045313,-0.278619317415,-0.276164862144,-0.446088785928,-0.333171704316,-0.235033877205,-0.195108302321,-0.417618953198,-0.19052640655,-0.165714834796,-0.18550212559,-0.395202575518
1824,-0.277416389838,-0.197819852001,-0.195403593328,-0.262997461622,-0.27169381973,-0.320825254701,-0.223230501621,-0.203434497021,-0.19180897572,-0.206190410943,-0.30839173102,-0.250267013756,-0.224823132425,-0.222804632513,-0.233888325671,-0.222060977866,-0.269809939263,-0.382373864513,-0.17786816518,-0.231839808332,-0.211870605242,-0.173105388985,-0.266646034638,-0.245770482565,-0.250042687951,-0.275372534365,-0.166048557708,-0.235108636594,-0.195248756374,-0.179473387141,-0.176315620972,-0.241919503912,-0.23139816311,-0.309592704574,-0.414008712091,-0.221672471395,-0.336003077259,-0.289483204841,-0.198735744453,-0.191809646296,-0.389189302983,-0.220224077667,-0.204995924983,-0.262396355071,-0.280130005809,-0.215391146766,-0.195878124748,-0.244752565504,-0.244110952322,-0.280401528238,-0.179616665636,-0.148134335175,-0.281771261954,-0.190669480267,-0.172355171876,-0.154374568978,-0.300884576017,-0.218993023951,-0.25148242161,-0.158314218502,-0.258940397495,-0.202960930693,-0.24405118611,-0.262918379804,-0.225499896601,-0.167873992273,-0.228096792381,-0.288866686899,-0.151221634392,-0.196510261343,-0.234995456047,-0.257872944036,-0.323526019356,-0.229318842594,-0.183703463934,-0.175260784358,-0.189652574647,-0.260680008586,-0.345997196012,-0.266489798754,-0.258094893012,-0.199607835284,-0.221503734545,-0.157894564352,-0.246147123406,-0.279459295712,-0.372556817693,-0.176184008053,-0.253357329207,-0.242147549906,-0.267283294973,-0.401900960184,-0.318460909915,-0.219661317417,-0.17019376748,-0.388864041215,-0.187000423893,-0.151628069799,-0.175568873667,-0.364801455544
1825,-0.226242778054,-0.149400190192,-0.145837874563,-0.223004297545,-0.217300930875,-0.279374064976,-0.173384413259,-0.168959886627,-0.150193518951,-0.171482798397,-0.266449873286,-0.21676628202,-0.173812098279,-0.177597195543,-0.188397212423,-0.16983795486,-0.227374543015,-0.327838374517,-0.140812633873,-0.186547464399,-0.175894965136,-0.143881355929,-0.230827639317,-0.192377454772,-0.211256716558,-0.226729687355,-0.126426284509,-0.199938594516,-0.163631913924,-0.139249312584,-0.143250371185,-0.183161687163,-0.19685272847,-0.24557970902,-0.362807513775,-0.193929351044,-0.290840519443,-0.233954888695,-0.158987320869,-0.156415885313,-0.345649462603,-0.189142594593,-0.137154055845,-0.22721905,-0.235131943147,-0.180990478469,-0.160525070413,-0.189556212586,-0.190999933804,-0.239348462496,-0.143370353209,-0.107090446205,-0.249938576695,-0.14624665744,-0.139362110831,-0.120138027402,-0.255450164852,-0.18584938205,-0.219508456326,-0.13507379246,-0.21782238799,-0.158483773176,-0.195793910769,-0.212000684292,-0.17670606151,-0.131658605485,-0.181268389562,-0.217681766807,-0.108061534544,-0.158990663651,-0.192553811525,-0.216313545873,-0.26749281844,-0.18918305908,-0.138365015165,-0.127049055582,-0.153554274817,-0.230657677037,-0.283347755869,-0.22507050386,-0.233383642233,-0.159187221113,-0.18828991665,-0.129620676581,-0.204471586731,-0.21788672824,-0.330190534613,-0.141345365107,-0.224252111708,-0.187989260848,-0.22504394063,-0.333154808422,-0.283902995637,-0.178040017378,-0.127118285195,-0.338923041054,-0.147796560062,-0.120378719577,-0.149855920785,-0.325507498883
1826,-0.173129354619,-0.100473877024,-0.0970399707747,-0.179762945123,-0.163677875729,-0.236823423911,-0.122072030458,-0.135790126385,-0.111507748861,-0.131752894714,-0.223006449083,-0.185347844052,-0.123811059533,-0.133755082177,-0.143124567487,-0.11778059233,-0.184756911308,-0.274565656823,-0.102162768526,-0.1387608411,-0.138431471655,-0.10998337634,-0.197651995788,-0.138726764561,-0.169187492781,-0.175450618517,-0.0896455835289,-0.161093789933,-0.130703512143,-0.098174702456,-0.106122697174,-0.123881600562,-0.163958698735,-0.185133511782,-0.311315313743,-0.16393535961,-0.245511305548,-0.180297777269,-0.119841844837,-0.117685025065,-0.299990810174,-0.156461905507,-0.0760033972,-0.187898171581,-0.189904275263,-0.142623635884,-0.121570517996,-0.136618062057,-0.137795988557,-0.198309008261,-0.105545878474,-0.0620994426024,-0.215332345602,-0.10128853526,-0.10348078409,-0.085214097862,-0.211421369201,-0.149476675207,-0.185936847158,-0.110955528828,-0.171178775027,-0.11646692102,-0.144240501083,-0.161517320831,-0.126362585525,-0.0915251747935,-0.133617361331,-0.1467865628,-0.0672675045513,-0.118730405657,-0.145338696964,-0.171548614374,-0.209935845571,-0.151897048489,-0.0919901641767,-0.0749650702545,-0.114978882194,-0.199501644584,-0.224895287951,-0.182710868707,-0.204770851446,-0.121775416176,-0.152110496674,-0.101519491349,-0.160834266931,-0.15435482573,-0.284102935106,-0.108194501782,-0.19163916548,-0.136423014374,-0.178898690849,-0.263353528247,-0.251985415793,-0.134512981983,-0.0845860676918,-0.287542356474,-0.107051002009,-0.0870401710717,-0.121657484173,-0.287461787859
1827,-0.122343822636,-0.057216127048,-0.0535944609379,-0.142910502132,-0.118241246984,-0.200769032923,-0.074566429243,-0.108450586482,-0.0825168875223,-0.0956802688072,-0.18520485085,-0.160810525811,-0.0817612799293,-0.0973479041276,-0.104483702158,-0.0719933673463,-0.150047406994,-0.229336270459,-0.0707071213335,-0.0970950092733,-0.106063448066,-0.0785038080991,-0.171802152084,-0.0892617663624,-0.129460144551,-0.127528101908,-0.0599412060733,-0.126337488155,-0.10424618895,-0.0614673084934,-0.0738383021896,-0.0726364882324,-0.137527478279,-0.133857913678,-0.265548199113,-0.135540130836,-0.20528961474,-0.135007703523,-0.0863856828776,-0.0840093840133,-0.260126762319,-0.127599374108,-0.0268889310479,-0.151542689554,-0.148813138415,-0.108414944991,-0.0857629827326,-0.0903947998466,-0.0936500544691,-0.162557872032,-0.0712527081719,-0.0218927744917,-0.185043093447,-0.0614182931219,-0.0720418568164,-0.0554195046883,-0.173350991552,-0.117108277212,-0.157131385079,-0.0903875752076,-0.127730127822,-0.0819344838193,-0.0961362371109,-0.116240129872,-0.0837741432702,-0.0554491078014,-0.0905696119886,-0.08529639471,-0.033409248466,-0.0807131186951,-0.103332019801,-0.130850543203,-0.158031235267,-0.121289475339,-0.0508838352745,-0.0309238279477,-0.0805418767987,-0.172102345438,-0.17543685181,-0.146870368916,-0.177047582907,-0.0907641586701,-0.119191436045,-0.0770039438067,-0.123175599764,-0.097102249136,-0.24472123125,-0.083044146122,-0.161595034938,-0.0926980461114,-0.139233535897,-0.200587343512,-0.22664141143,-0.0968737666949,-0.0482905759023,-0.240570180533,-0.0744823526087,-0.0575540307501,-0.0960252500614,-0.253737709899
1828,-0.080625545751,-0.0267785584318,-0.0222531614484,-0.121799510455,-0.0881056683125,-0.178227607129,-0.0384924617403,-0.0912831376183,-0.0693281913773,-0.0723848547789,-0.160081539636,-0.147190158044,-0.0556016125738,-0.0744949967954,-0.078972565384,-0.0408665646095,-0.130640353021,-0.1992482954,-0.0546043138362,-0.0700775207122,-0.0853995506397,-0.0569486293249,-0.15782538443,-0.0507200910033,-0.0989437947331,-0.0905383216859,-0.0419642964006,-0.104373803924,-0.0912163621899,-0.0356467479372,-0.05532656774,-0.040035105769,-0.122279562742,-0.0983485750571,-0.232029179446,-0.11318067737,-0.176060272354,-0.10475588886,-0.06409354145,-0.0641825747437,-0.233672866326,-0.107940779424,0.00399044988714,-0.126004982702,-0.117247851703,-0.0868181663063,-0.0611827537378,-0.0563658033539,-0.0670627824827,-0.137464670061,-0.0474857561408,0.00356898663832,-0.165983474465,-0.0342830505382,-0.0529404120664,-0.0371544138998,-0.146324748138,-0.0961599286573,-0.139222906183,-0.0784426659214,-0.0979761707141,-0.0607902727136,-0.0610871717694,-0.0832252211154,-0.0578214050219,-0.0327212287367,-0.0594166285913,-0.0429479296896,-0.0119477209515,-0.051944990955,-0.0766984395758,-0.101995273984,-0.120255374719,-0.101056967016,-0.0231935847827,-0.00681880697151,-0.0580731209559,-0.15353038895,-0.14039369435,-0.12471601223,-0.155423211944,-0.0704089425822,-0.0961446028308,-0.059850736186,-0.0990901910991,-0.056046679987,-0.221886501084,-0.0713797215153,-0.140450229558,-0.0630985698774,-0.115595863412,-0.154440580662,-0.211987359718,-0.0728539222914,-0.0246243339953,-0.204482140098,-0.0587703525847,-0.03845206018,-0.0784157771995,-0.227583323749
1829,-0.0484045573042,-0.00559258029982,-0.000856091543051,-0.109261240926,-0.0650417934148,-0.160963435932,-0.0127679833324,-0.0778435739623,-0.060962533705,-0.0583534376094,-0.141243827415,-0.135852317826,-0.0388590649759,-0.0581935224166,-0.0602567551955,-0.0210242337342,-0.116627523233,-0.174878557759,-0.0457297362703,-0.0516243336407,-0.071634715627,-0.0432501446293,-0.146272718482,-0.0220304328881,-0.0765469675091,-0.062645313713,-0.0291470775328,-0.0911463152097,-0.084275017729,-0.0179307215675,-0.0456462645723,-0.0203608834239,-0.110663150273,-0.0710521214958,-0.203938565411,-0.095334212637,-0.151990584621,-0.080965010087,-0.0481889470409,-0.0532099282958,-0.213421033654,-0.093613893978,0.0272747402814,-0.108311170188,-0.092480696314,-0.0736205672211,-0.0456760974312,-0.0302092952186,-0.0488742641171,-0.117046764703,-0.0326487547175,0.0180458077201,-0.153199398103,-0.0173417913314,-0.0419450287824,-0.0264003839735,-0.12439788635,-0.0823629422218,-0.126617107261,-0.0715638001855,-0.0793829234194,-0.0466520659633,-0.0381938743278,-0.0603840947902,-0.04024919628,-0.0199260186348,-0.0375881521672,-0.0121245723624,0.00264959490261,-0.0318089833023,-0.0604281558283,-0.0810683787122,-0.092737684084,-0.0840798255641,-0.00577100814349,0.0051467424909,-0.0442170033043,-0.139760439705,-0.111267627708,-0.109560589096,-0.138491606004,-0.0553918774139,-0.0801610597296,-0.0469056594871,-0.0815792639213,-0.0272131290505,-0.20790939065,-0.0637800543311,-0.12511513639,-0.0408398371323,-0.101697026125,-0.120016605143,-0.199311919802,-0.0563345705251,-0.008854864124,-0.174805356353,-0.0508625472393,-0.0269864753187,-0.0663289899674,-0.203654263778
1830,-0.0228590602112,0.012037176511,0.0158775586573,-0.0971499404887,-0.0412129886123,-0.141953270183,0.00717280711748,-0.0635245959842,-0.0515369696388,-0.047669133524,-0.123031705407,-0.124289957328,-0.0254345980839,-0.0428811975778,-0.0428350726166,-0.00550079813556,-0.0997437024841,-0.150857781593,-0.0359400699445,-0.0345715988111,-0.0595519569493,-0.0331860916788,-0.132339397642,0.00112358535798,-0.0593369818482,-0.0392158377478,-0.0178695535896,-0.080086647325,-0.0769595875386,-0.00485243205344,-0.0380088918973,-0.00407083332947,-0.0989354930498,-0.0455239149388,-0.177281750548,-0.0798206053428,-0.130017208263,-0.0575941053853,-0.0342064795884,-0.0439286162581,-0.192769565037,-0.0807415271776,0.050192879035,-0.0933326232948,-0.072119572389,-0.0627528175109,-0.0341395767794,-0.00787759897458,-0.0317022155639,-0.0967432926179,-0.0221460563442,0.0285368580092,-0.140665318135,-0.004765053859,-0.0327416199845,-0.0184185060337,-0.103584906424,-0.0700100431137,-0.11395884938,-0.0648476040391,-0.0657081607171,-0.0342009173645,-0.0223491547347,-0.0423052309626,-0.0237977065789,-0.0106817832983,-0.0194856686452,0.0145042300998,0.0154763899769,-0.0166710969973,-0.047277907401,-0.0622885292615,-0.0696054802374,-0.0677836126224,0.00771996398464,0.0151008084493,-0.0329699664488,-0.127256276914,-0.0836584996552,-0.0958467513337,-0.123588315687,-0.0416142911579,-0.0672245412849,-0.0353652685665,-0.0636985810821,-0.00321113614366,-0.195711944117,-0.0541520170265,-0.111270010369,-0.021183669238,-0.0909247766778,-0.090341209822,-0.184667979358,-0.0403254720659,0.00439730850965,-0.14677500877,-0.0429746886733,-0.0189214753808,-0.0561654159926,-0.179871395354
1831,-0.0269625490764,-0.0107501998726,-0.00306682061876,-0.141340542175,-0.0731141737238,-0.177202329195,-0.00875504691757,-0.0900108416664,-0.107218449323,-0.080682832851,-0.153906464781,-0.166424784616,-0.0678874510921,-0.0779335016449,-0.0736289844765,-0.0348352322679,-0.143167758451,-0.192115112288,-0.0814677583057,-0.0687856172348,-0.0883663017067,-0.0566858507854,-0.173129271497,-0.00899476396067,-0.0742345928213,-0.0524545020979,-0.0540412705465,-0.113293658762,-0.11907212085,-0.0296314187364,-0.0774831897472,-0.0468510465731,-0.135669631143,-0.0774107737948,-0.205200395906,-0.0874307442746,-0.156574922411,-0.0937724771616,-0.0597961838374,-0.0819055253461,-0.22541377109,-0.101740952419,0.00425716943913,-0.116616605485,-0.0890874714803,-0.0954632010158,-0.0600653335768,-0.0292532426115,-0.079624228433,-0.119903180606,-0.0449935839498,-0.00936285667898,-0.169107652368,-0.0313767294947,-0.0654309907523,-0.0492192070234,-0.128094793276,-0.0981769131761,-0.142560293795,-0.0877477295006,-0.098779868701,-0.0719574770059,-0.0487742060033,-0.0610505380109,-0.0682545256838,-0.0458997317836,-0.0390758538596,-0.0262898471732,-0.0148228059993,-0.0322090676256,-0.0868223309292,-0.0853177524536,-0.0939321976183,-0.0998239834632,-0.0208439364463,-0.0419479720345,-0.0617303067212,-0.149014200118,-0.117970148011,-0.133143823946,-0.132858212233,-0.0673873864617,-0.0884309222264,-0.0508908263465,-0.096725063442,-0.0312300903148,-0.244935973423,-0.0992894085481,-0.130486515179,-0.0556142633391,-0.135619681646,-0.11658834685,-0.221812318628,-0.0725314957257,-0.0244790193941,-0.161030610074,-0.0962612348702,-0.0446432246747,-0.0740739946197,-0.195644927423
1832,-0.121093615485,-0.159178436819,-0.137232010069,-0.35898012572,-0.278243924818,-0.376583679152,-0.136844002908,-0.234819996965,-0.33509548763,-0.245782126401,-0.327502984188,-0.338708575968,-0.268465186594,-0.256643207229,-0.243578923647,-0.210700840794,-0.370279567592,-0.407827266732,-0.296776756975,-0.25988631816,-0.238692018786,-0.178759721415,-0.362785569907,-0.124785181605,-0.179381582727,-0.179798384737,-0.215245390136,-0.286511562525,-0.306558545158,-0.157823156307,-0.261086152063,-0.282473351568,-0.298444699939,-0.27763933687,-0.378591010228,-0.160862695366,-0.308337236136,-0.297877931172,-0.199550522578,-0.268551807843,-0.417864063856,-0.220071820938,-0.237655113986,-0.25755430704,-0.205740439129,-0.260587184268,-0.202124380673,-0.175087615724,-0.311219538457,-0.268109904136,-0.173014031432,-0.197780885915,-0.326230642957,-0.183983270566,-0.230325090598,-0.192753707474,-0.278022185183,-0.251682431546,-0.295023443045,-0.208673527052,-0.275543489878,-0.253767480968,-0.205171939282,-0.199245939051,-0.286927557463,-0.219400962174,-0.181073762938,-0.258919424217,-0.171577803931,-0.142235840744,-0.286180618616,-0.238693296875,-0.262004642794,-0.254269813031,-0.183923564448,-0.306659784458,-0.218397269201,-0.26759545493,-0.318357055385,-0.313741042614,-0.214073000366,-0.206481436984,-0.208436220845,-0.143214063687,-0.284778926288,-0.223135147754,-0.466744344345,-0.299023283357,-0.250654075447,-0.23777305532,-0.335389422758,-0.312405963749,-0.397875532796,-0.254672595317,-0.178629913257,-0.302152549049,-0.325920870874,-0.16908933446,-0.176605229583,-0.31658621847
1833,-0.212940939684,-0.262704291309,-0.25338165362,-0.472899773032,-0.38129845665,-0.457328446096,-0.248074946986,-0.283385515922,-0.369497880696,-0.344136951877,-0.396558238545,-0.332078413918,-0.358922716068,-0.323672273772,-0.312979595191,-0.353882828293,-0.4635240952,-0.45214350003,-0.40054382207,-0.363075050632,-0.313255999455,-0.25167385811,-0.393844281378,-0.231181218086,-0.245931725914,-0.278394117443,-0.253842975293,-0.400443039134,-0.37926755253,-0.222302398224,-0.364327435151,-0.457495146551,-0.320032056194,-0.370207145387,-0.416343898257,-0.199335841758,-0.337281952009,-0.363847757829,-0.263101751768,-0.383670358056,-0.500690616888,-0.270833255627,-0.323006431869,-0.347329782283,-0.257868243515,-0.356450161117,-0.304137965744,-0.250709006391,-0.389912680828,-0.31965182588,-0.276799420468,-0.324808421496,-0.414544351291,-0.307831862698,-0.33476141236,-0.267679276795,-0.32512592809,-0.340051575864,-0.363411930853,-0.29039576559,-0.40019584082,-0.334550290522,-0.335639894301,-0.320914458204,-0.368658340415,-0.336007967854,-0.295845096965,-0.362900756141,-0.247131086219,-0.233263835178,-0.401155472849,-0.334734943922,-0.371492439529,-0.269640635808,-0.30904579575,-0.458188080819,-0.329485906701,-0.313292513298,-0.367520668088,-0.377070466323,-0.260901575899,-0.264976739843,-0.273276895622,-0.182127827708,-0.372737378771,-0.364589906431,-0.546112943131,-0.349641236974,-0.318510445347,-0.300364240677,-0.413326017725,-0.438744409252,-0.422220798629,-0.354077429378,-0.263517164061,-0.374991288736,-0.408544779127,-0.241824904768,-0.235816909149,-0.335523696301
1834,-0.210296575381,-0.218486954393,-0.236427776474,-0.370827990765,-0.27990299689,-0.344166929328,-0.231242665813,-0.20062630691,-0.22606623145,-0.277585817546,-0.303014058618,-0.229053724118,-0.275700695865,-0.232347827865,-0.226167083908,-0.321846459617,-0.335305782719,-0.325253431438,-0.291987597772,-0.27503582499,-0.24369215359,-0.203100729968,-0.274131216134,-0.220837696209,-0.213550391043,-0.246312376607,-0.1787277654,-0.339689576178,-0.275464130116,-0.178114004991,-0.285314683036,-0.395583169729,-0.221424065615,-0.285364692731,-0.317872286437,-0.166750925585,-0.256543915148,-0.2515119565,-0.200202272058,-0.31117682689,-0.397611096866,-0.210211827242,-0.206525207549,-0.294250681225,-0.225085491669,-0.288055238651,-0.263689091698,-0.213022710817,-0.259679189425,-0.235954896646,-0.254951154785,-0.26303546458,-0.343977534006,-0.280872284821,-0.272939355417,-0.211021466621,-0.248438704981,-0.273849189139,-0.284308668421,-0.249384833709,-0.347872984782,-0.269677371601,-0.313703409421,-0.305823980574,-0.246751055466,-0.279260018135,-0.265756494321,-0.255749317271,-0.183568712677,-0.21412531143,-0.318093701655,-0.273885292692,-0.317349800155,-0.191464820835,-0.270892994836,-0.345825427849,-0.282476642378,-0.253104549756,-0.275129230088,-0.279358351385,-0.224376112414,-0.208998054803,-0.222323739712,-0.138676689104,-0.273517384071,-0.311820605284,-0.424394901574,-0.225305915,-0.264757277148,-0.219059628346,-0.307086592167,-0.374005820621,-0.315290321797,-0.269756110112,-0.203980724776,-0.309216004352,-0.278006770203,-0.196189713667,-0.193375061382,-0.276193475425
1835,-0.227789757564,-0.237258806863,-0.254834779657,-0.390060400918,-0.307897114962,-0.371517834883,-0.247469810823,-0.230382474684,-0.286631171771,-0.288016589495,-0.332045653984,-0.300692010602,-0.318056286816,-0.270314800514,-0.257794231608,-0.341357690111,-0.364333455242,-0.38627979983,-0.312101889294,-0.293396819252,-0.264133392921,-0.2108289824,-0.327419740062,-0.238920557396,-0.231312200351,-0.261346270583,-0.232083354662,-0.351664564708,-0.299904035656,-0.20614726034,-0.297776230166,-0.416467726936,-0.2713765912,-0.334151851777,-0.369625601346,-0.178990746627,-0.307295380051,-0.299489058767,-0.22833457013,-0.323510104619,-0.426068390046,-0.228643542944,-0.27134289445,-0.305389155633,-0.264958874701,-0.300946595213,-0.273920809012,-0.257873115214,-0.301085363,-0.266789529132,-0.268911618712,-0.27450045177,-0.357310049262,-0.297739041239,-0.283716346879,-0.233184316107,-0.291044230138,-0.286304747042,-0.304494077239,-0.258787161548,-0.359575122973,-0.315555149823,-0.33198022287,-0.326225272915,-0.279120126731,-0.290149756531,-0.279934002066,-0.301785729712,-0.216498158856,-0.225264969441,-0.334146527241,-0.287596758113,-0.343848181974,-0.255347907387,-0.285714978,-0.363528659932,-0.294281792718,-0.277557934235,-0.349080107131,-0.31355846338,-0.231634144828,-0.247409472763,-0.237222434306,-0.158833710785,-0.293662577744,-0.332327993985,-0.458714390087,-0.265288561355,-0.275359163427,-0.272068083389,-0.333271889077,-0.406294462438,-0.372826431444,-0.286541397067,-0.22910295884,-0.334618761618,-0.308774962719,-0.210914993358,-0.203865886303,-0.328126286749
1836,-0.281085318447,-0.311022881709,-0.325460694514,-0.483212953717,-0.410113215962,-0.460688714034,-0.311455262981,-0.295660239685,-0.36641343226,-0.352322386344,-0.406653176457,-0.346848904026,-0.401508756901,-0.34812949691,-0.332424517808,-0.428615809981,-0.466880112289,-0.46875777179,-0.404616823037,-0.37796661071,-0.329666601126,-0.256176555019,-0.402061379022,-0.303300382533,-0.276456162164,-0.3263032457,-0.290878355303,-0.426645270729,-0.37517598753,-0.255713058344,-0.370794461468,-0.528650099344,-0.327523743749,-0.432565871731,-0.43535282183,-0.211269161964,-0.36071173668,-0.38906370138,-0.291072062624,-0.402509700086,-0.512621701292,-0.277949834279,-0.38171031508,-0.366519357918,-0.313411451581,-0.369192948501,-0.333861601285,-0.325277607369,-0.393411894623,-0.332705805496,-0.328324898707,-0.351633781507,-0.427543041172,-0.371270878038,-0.354014135377,-0.291897324299,-0.35692732013,-0.352649585333,-0.371574698377,-0.31591079673,-0.431837100708,-0.390943665083,-0.403125794945,-0.400796802517,-0.365921295697,-0.361122457896,-0.350532541113,-0.403812710198,-0.287380511583,-0.275266190357,-0.416275655098,-0.358601620291,-0.427045112824,-0.308819505352,-0.361709572573,-0.472348758389,-0.364487750172,-0.327591348886,-0.433030413342,-0.385440229521,-0.265364700622,-0.311313714237,-0.286805231946,-0.199668669603,-0.376747510837,-0.426687008102,-0.540212633374,-0.344793381062,-0.327227210418,-0.347671049525,-0.403814010841,-0.505587629618,-0.442243989354,-0.369173165358,-0.299104912174,-0.405990750541,-0.396659523152,-0.261375554589,-0.248141549466,-0.378649476844
1837,-0.271197177359,-0.283088309853,-0.311714451569,-0.418966443767,-0.358121302256,-0.39380097233,-0.29232973301,-0.245230362865,-0.260518897232,-0.299923492218,-0.344619432484,-0.256149782613,-0.33644307037,-0.286767475829,-0.274652856865,-0.404722331567,-0.394872158981,-0.374680422138,-0.339670639943,-0.322790345136,-0.283078928368,-0.214159028184,-0.320325007831,-0.292763068093,-0.243552646666,-0.303539423649,-0.227676229748,-0.384146505992,-0.306823561414,-0.211400036707,-0.314088191719,-0.488794045227,-0.250996668643,-0.379610258795,-0.358029681805,-0.185245772584,-0.291769302843,-0.314976979621,-0.247559915825,-0.353244788556,-0.449206496004,-0.235079816572,-0.306207315113,-0.328045572858,-0.278516206296,-0.320607489089,-0.298772695618,-0.293048488391,-0.302697255354,-0.278510192538,-0.306315299725,-0.302249158429,-0.384649922769,-0.348287565062,-0.31149797558,-0.246845706285,-0.303015352623,-0.308908786042,-0.32249482032,-0.292832935214,-0.385419846393,-0.339855187522,-0.373812176059,-0.388833081776,-0.281621223146,-0.315655103874,-0.328571571296,-0.327009601496,-0.242894329517,-0.252548384309,-0.356552816854,-0.319881138235,-0.390164815692,-0.243211099986,-0.33246701356,-0.396453127897,-0.330827992926,-0.284410922116,-0.362893199737,-0.315145036766,-0.236244757969,-0.272167741892,-0.24715436632,-0.168640945366,-0.316979562722,-0.391782614139,-0.448726713494,-0.263156564075,-0.290291058908,-0.283863716996,-0.320414871959,-0.463922987668,-0.367362693557,-0.319380357037,-0.257491294593,-0.366722272204,-0.307124314702,-0.223478242741,-0.217885915815,-0.334229183718
1838,-0.219914253473,-0.212390934255,-0.247654986677,-0.31234885701,-0.265038916862,-0.299493109121,-0.225061393048,-0.182811771161,-0.169645303906,-0.210965804562,-0.263195148249,-0.203185990562,-0.248588736109,-0.209781652734,-0.197498220007,-0.319619926726,-0.289874335138,-0.287034237023,-0.236706505839,-0.228051357994,-0.211408181361,-0.145888586667,-0.246384753999,-0.234764840515,-0.187411461074,-0.238153767624,-0.169733356806,-0.295752954305,-0.218513347789,-0.15064219848,-0.219423833061,-0.374900232512,-0.188757950167,-0.29826791965,-0.28555125024,-0.146088287893,-0.232168745111,-0.22846166288,-0.185537982763,-0.258453624153,-0.358335132013,-0.17761967027,-0.212827355365,-0.253826293833,-0.233381825757,-0.236140866668,-0.222472723859,-0.239054023326,-0.196204522825,-0.211695583486,-0.241364904483,-0.202428516919,-0.306716197882,-0.273165006602,-0.227170475356,-0.17848052152,-0.24290101248,-0.230848397718,-0.250479481325,-0.235308204388,-0.289482440736,-0.269015181408,-0.290849610914,-0.32411279621,-0.176903569182,-0.224181588883,-0.256422337646,-0.220880095844,-0.175433606036,-0.191378685152,-0.254212422253,-0.241683065074,-0.310391306561,-0.196037541805,-0.250651610129,-0.262741643579,-0.251225286326,-0.231212029446,-0.295743262491,-0.233086451355,-0.188993962431,-0.218956657416,-0.185587229947,-0.12739489791,-0.224697295422,-0.296949510905,-0.342712559151,-0.17651871366,-0.227189204499,-0.211952814011,-0.220578457407,-0.372212725846,-0.304423354626,-0.230212959365,-0.186126323618,-0.299975417854,-0.198291632652,-0.160522965233,-0.165599271857,-0.29777818277
1839,-0.164954412245,-0.148741281596,-0.181932421427,-0.23015409325,-0.189413024791,-0.228781887552,-0.157924149974,-0.13646347845,-0.110495967387,-0.140977929098,-0.203113121743,-0.161735344685,-0.178809444021,-0.152106476959,-0.139171483042,-0.23630574579,-0.211086864789,-0.222846205268,-0.158746569059,-0.153202192333,-0.15676121549,-0.0927657356227,-0.194566274211,-0.173251378385,-0.140334432175,-0.176860016887,-0.121108323244,-0.221076063605,-0.156944546043,-0.0996667181131,-0.146201948075,-0.26929405672,-0.145414491178,-0.227888718584,-0.229452391343,-0.114279600105,-0.184252200591,-0.163334624075,-0.136627166557,-0.180788258964,-0.289743148434,-0.135085812576,-0.13500779649,-0.192228750116,-0.187108308176,-0.169490739781,-0.156028256981,-0.180458179703,-0.121322048167,-0.161115843912,-0.17983169147,-0.118213759313,-0.24409921696,-0.200685615325,-0.157096459638,-0.124466453968,-0.194751130561,-0.168480091707,-0.196606193285,-0.184485623008,-0.207338725408,-0.202761874716,-0.212209881177,-0.25676618109,-0.10286732877,-0.147175575276,-0.186210860477,-0.138206329653,-0.118630285783,-0.133532963222,-0.174142383307,-0.17592684177,-0.24052512001,-0.152927826387,-0.174408726817,-0.157076558822,-0.180874272662,-0.192210023853,-0.232994456952,-0.175663364445,-0.150803381991,-0.171659193492,-0.137928664137,-0.0948411648381,-0.153952431889,-0.209913432162,-0.271002509466,-0.11808700657,-0.176861204595,-0.151518017388,-0.152883760763,-0.290866365827,-0.258415605313,-0.158791263488,-0.126818670821,-0.243998649299,-0.124377305676,-0.110558195017,-0.124079615183,-0.260072046666
1840,-0.106246061231,-0.0851906915683,-0.112401189041,-0.156460675321,-0.11523876291,-0.163448658924,-0.0892219392495,-0.0929154254617,-0.0619227632023,-0.0797868471565,-0.148297195612,-0.127892305937,-0.113814950901,-0.0985206258854,-0.0849422073284,-0.150854589488,-0.138639266718,-0.164518667428,-0.0892412140511,-0.0844630585477,-0.107054891712,-0.0471699894834,-0.14817917015,-0.106947728662,-0.0962767766676,-0.114889745991,-0.0760784536621,-0.151657293818,-0.104576788358,-0.0523179681935,-0.0823126272583,-0.164208942052,-0.108187395001,-0.15547687561,-0.177022280439,-0.084034906473,-0.139883303656,-0.101830475839,-0.0900572985338,-0.109984822635,-0.226003157005,-0.096884413106,-0.057475563122,-0.135231265124,-0.14065831881,-0.110097524286,-0.0942300791026,-0.118885669104,-0.0560680824074,-0.113123851634,-0.11917774213,-0.0414519720265,-0.186067068928,-0.127649776943,-0.0926550666794,-0.0753752710591,-0.14765141571,-0.111557064714,-0.147619611416,-0.134793917869,-0.132121071228,-0.138038146584,-0.135503990543,-0.184717261038,-0.038799835979,-0.0769818576671,-0.114313272691,-0.060651376317,-0.0628323072224,-0.0770052340979,-0.103210328564,-0.113324542348,-0.170953579558,-0.112790501389,-0.0991911020766,-0.0631476592238,-0.113628699345,-0.156676792825,-0.169753325541,-0.125653899386,-0.115565295705,-0.123519638999,-0.0952149134158,-0.0636767302925,-0.0890909196581,-0.123102798582,-0.211563644456,-0.0679553161975,-0.130634233239,-0.092837959618,-0.098075527691,-0.208497243629,-0.216195998508,-0.0922617503293,-0.0697541823312,-0.187447156592,-0.0631133078889,-0.0658622558966,-0.086181836492,-0.221035941542
1841,-0.0586692940509,-0.0397304547143,-0.0579222064979,-0.112927169391,-0.0650872710395,-0.123221598493,-0.0368768483735,-0.0663392535251,-0.041861600221,-0.0438721903992,-0.115487921404,-0.112890249143,-0.0738306664441,-0.0663301134744,-0.0516871357182,-0.0865842621323,-0.0951018745452,-0.131463316407,-0.0492666951435,-0.0417069510194,-0.0772036274877,-0.0210201106947,-0.123626532237,-0.0532527885189,-0.0670634600814,-0.0689296351328,-0.0490150215817,-0.106737392316,-0.0779124291239,-0.0221599510761,-0.0456788662061,-0.0889586061208,-0.090270817428,-0.103542040435,-0.144538100161,-0.0635690040453,-0.112831591043,-0.0639870933867,-0.0602457498649,-0.0658815909559,-0.186264127073,-0.0743736555176,-0.00549665360243,-0.0983305260763,-0.106514944652,-0.0746996957072,-0.053456771815,-0.0708609015058,-0.0211338096435,-0.0826185704629,-0.0757096274022,0.00708503763748,-0.149135411611,-0.0738966901895,-0.0517708376117,-0.0457029063122,-0.116737000806,-0.0760906564938,-0.11843434386,-0.10052669735,-0.083770732089,-0.0936789747637,-0.0808791407326,-0.127568743754,-0.00449916346519,-0.0326780619851,-0.0598906293363,-0.011966674996,-0.0251236159167,-0.0362863184307,-0.0613410202579,-0.0712079861183,-0.121539473302,-0.0879304261243,-0.0455468977595,-0.0077378917083,-0.0679373711913,-0.135860191968,-0.12537622303,-0.0991462349915,-0.0920395258674,-0.0896264680827,-0.069448551078,-0.0434743566708,-0.0491734797025,-0.0604893980521,-0.182816231777,-0.0432617042655,-0.1011145822,-0.054368089843,-0.0724572870621,-0.148697804283,-0.193004559617,-0.0500083898654,-0.0317596998848,-0.146696638557,-0.0339483890764,-0.0390391800482,-0.0626125440206,-0.191746445662
1842,-0.0254625237603,-0.0115682616696,-0.0210925716556,-0.0927467874414,-0.0337976592659,-0.100569046222,-0.00297497197869,-0.0510248857981,-0.0373185852421,-0.0286634698939,-0.0980847807921,-0.106645661809,-0.0532771769855,-0.0491307705661,-0.0335817643806,-0.0453032171034,-0.0719095248114,-0.113484700493,-0.0313604921642,-0.0196171061087,-0.0625868478187,-0.0106970657588,-0.111030115131,-0.0153367045757,-0.051216966828,-0.0393532100087,-0.0339973141591,-0.083426838096,-0.0686891871553,-0.00643294234624,-0.0307398984189,-0.0433532999314,-0.0828786470455,-0.0681914089098,-0.124561158005,-0.0511780295042,-0.0966576622992,-0.0419875439486,-0.0433281189533,-0.0443700483865,-0.163699096326,-0.0631937550612,0.0278690848435,-0.0787707591212,-0.0835336257964,-0.058773498212,-0.0322423843945,-0.0362482179932,-0.00626028040473,-0.0640493007378,-0.0501758427975,0.0304321002937,-0.129159906613,-0.0406755959966,-0.0312411043872,-0.0317019761848,-0.0969053206778,-0.0581336284212,-0.103633083388,-0.0805103253626,-0.0599160704354,-0.0663291251825,-0.049542890103,-0.0882455806616,0.00950656185218,-0.0114522168489,-0.0242744589392,0.0146720935811,-0.00226125147694,-0.0121943004502,-0.0429358009342,-0.0468242604745,-0.0907605167744,-0.0719744242393,-0.0136957446749,0.0164326987292,-0.0424544624635,-0.125318510476,-0.0939761368347,-0.0883233366103,-0.0781733883439,-0.0671184508835,-0.0571593980918,-0.0315218345341,-0.0278315223117,-0.0216937952199,-0.174203498605,-0.033828871261,-0.0850994958398,-0.0307563658244,-0.0665691156104,-0.109863730122,-0.180007845943,-0.0272647699792,-0.00985086060144,-0.118904616458,-0.025987171636,-0.027099511731,-0.0508330705406,-0.168557504707
1843,-0.0155979263251,-0.0127774572327,-0.0133840925253,-0.111249236835,-0.0394358101471,-0.112215393888,0.00199898647379,-0.0602045970669,-0.0683835914768,-0.0444850070455,-0.110574344044,-0.1279218748,-0.0686940696264,-0.0625556841596,-0.0451500480094,-0.0410221607398,-0.0875547518108,-0.131682304203,-0.0510120344566,-0.0324933550526,-0.0745444580676,-0.0236109992255,-0.128754784389,-0.00397997473972,-0.0568282626173,-0.0368326361241,-0.0471078287521,-0.0934956536634,-0.09046945759,-0.0155884865575,-0.0491638733516,-0.0452718776057,-0.101607942342,-0.0693492857064,-0.135041207866,-0.0532774701348,-0.107234386477,-0.0550567570316,-0.0513698365221,-0.0579720850203,-0.174453362192,-0.0728120694318,0.0184450854809,-0.0864880802009,-0.0842671196172,-0.0732675149817,-0.0400415313664,-0.0310209902517,-0.0302656430434,-0.0713226209833,-0.0518411493085,0.0165652978297,-0.137887807341,-0.0396577544849,-0.0422099828212,-0.0439408176125,-0.103460003334,-0.0685807151511,-0.11514772756,-0.0837193671327,-0.0717466315439,-0.0732171928293,-0.0524647237852,-0.0788235365137,-0.0135143332308,-0.024248144526,-0.0191309067169,-0.000746980813947,-0.00813313238432,-0.0127713808346,-0.0612327147242,-0.0520027995666,-0.0927053969139,-0.0826919109848,-0.0157373980506,-0.0080035276016,-0.0482682665606,-0.135115770673,-0.0986283777372,-0.107672122497,-0.0802906811488,-0.0698859644076,-0.066997827472,-0.036133326458,-0.0398659154909,-0.0219871422948,-0.201789564338,-0.056415876158,-0.0914877284958,-0.0399082482889,-0.0940507183327,-0.109146889205,-0.195272672329,-0.0378909317543,-0.0165981391728,-0.11772974442,-0.0555329311902,-0.038417073027,-0.0581008630624,-0.167214936358
1844,-0.0153380572771,-0.0175416201319,-0.0151004426245,-0.124868906387,-0.040588366511,-0.114409336936,-0.00224459366686,-0.0606387467691,-0.0756512829646,-0.0590258880631,-0.114152574835,-0.124430783515,-0.0774055519411,-0.0665493215865,-0.0489214881064,-0.0466201200918,-0.0932135531511,-0.130537795945,-0.064304395655,-0.0421751979717,-0.0820627686404,-0.0354784418412,-0.12779091039,-0.00241019220564,-0.0631506141339,-0.0396855588821,-0.0478047229354,-0.105471280656,-0.101878298198,-0.0223678143079,-0.0648195842018,-0.0560422477853,-0.102811380742,-0.0649916827446,-0.130590956602,-0.0540038540654,-0.103916048212,-0.0553390917901,-0.0546544381145,-0.0718222646798,-0.176709993576,-0.0771431695774,0.0208506137656,-0.094802254329,-0.0819562526315,-0.0860566376707,-0.0517570137521,-0.0245939075782,-0.0396039634943,-0.0699176469952,-0.0603834503364,-0.000413432304662,-0.144611837601,-0.0470568686059,-0.0541669347917,-0.0534160419537,-0.100501713104,-0.0774152174563,-0.12053480243,-0.089133423805,-0.087562789026,-0.0751453551363,-0.0646960504155,-0.0793786766367,-0.0240987451726,-0.0396419068205,-0.0218311266288,-0.00790263031511,-0.010466968844,-0.0199211608788,-0.0771580275868,-0.0576779821509,-0.0964683111593,-0.0768713422388,-0.0250059900889,-0.0300187374408,-0.0581777198331,-0.138335859649,-0.0885818489174,-0.115542849615,-0.0814453472585,-0.0677864921787,-0.0744008644981,-0.0369228461375,-0.0457322037331,-0.0287478484281,-0.214581006636,-0.0628404748777,-0.0961339478745,-0.0392426701729,-0.109679438185,-0.110482823368,-0.192227483968,-0.045926020787,-0.021845729502,-0.113653386669,-0.0707673977009,-0.0487924301661,-0.0641528825841,-0.154367450508
1845,-0.00872105634374,-0.00863920046552,-0.00701680968994,-0.11416343582,-0.0212124741705,-0.0948889707575,0.00362858486193,-0.0469209800305,-0.0613571033172,-0.0542525473007,-0.0989405203507,-0.110529731289,-0.0680590914179,-0.0533386813115,-0.0355757018237,-0.0379947042888,-0.0747418837326,-0.110215687509,-0.0540066814185,-0.0309816286715,-0.0733318041601,-0.0326247746792,-0.109907815442,0.00731120167478,-0.0588924530161,-0.0306207713675,-0.0377634474991,-0.0991034478757,-0.0919798495805,-0.0180884434882,-0.0593002616119,-0.0458305181845,-0.0899392346421,-0.044562069788,-0.111195480882,-0.0469399748259,-0.0889326953737,-0.0365772569177,-0.0447187930821,-0.0654886462706,-0.157837259241,-0.0684235884001,0.041321621731,-0.0875272085193,-0.0733470375541,-0.0801608704081,-0.0488711323321,-0.0109052325117,-0.024223076919,-0.0537162055152,-0.0578680832801,0.00247167479406,-0.13394543891,-0.0418166857681,-0.0485273022782,-0.048654261819,-0.0850063951192,-0.0690634440688,-0.109093261762,-0.082807025174,-0.0845724118994,-0.0650232407401,-0.0633467235003,-0.0699063386059,-0.0103432303933,-0.0366612671043,-0.0125116607158,0.00743307147536,0.000257460793002,-0.0172335299196,-0.070306885125,-0.0468701886881,-0.0843792171485,-0.0632170866113,-0.0198428035984,-0.0228877070338,-0.0525761718421,-0.129168321643,-0.067105753552,-0.103976159007,-0.0727999646678,-0.055815871588,-0.0683466621427,-0.0290294683035,-0.0308382040689,-0.0176653670357,-0.201281531336,-0.0486831792041,-0.086924921955,-0.0249564656559,-0.10113324651,-0.0937911904938,-0.175055627006,-0.0343989825767,-0.0127772956669,-0.0955072300843,-0.0596053915445,-0.0459671631233,-0.0587436534057,-0.135690410809
1846,-0.0166482106743,-0.0244252104042,-0.0199561764105,-0.139531454211,-0.0420236382066,-0.113897227383,-0.00953901423502,-0.0629812193997,-0.0934543302905,-0.073171002565,-0.11626319815,-0.13461160319,-0.0941635457372,-0.0746430902254,-0.0545142501406,-0.0562900942362,-0.100158796539,-0.135320762258,-0.0811162999455,-0.0524619900969,-0.0903089669255,-0.0466345020712,-0.133050620667,-0.00159782496578,-0.070621793012,-0.042094823074,-0.0603494670843,-0.118691512958,-0.115043887146,-0.0349387616771,-0.0813067508409,-0.0724750657345,-0.111069873148,-0.0647994689897,-0.12865617848,-0.0530189300275,-0.105771270587,-0.0598360499245,-0.0607303860506,-0.0876849432724,-0.175160139094,-0.0809003156267,0.0106529039574,-0.101867484019,-0.0870339435169,-0.0994784532284,-0.0657983278877,-0.0259112172802,-0.0522759029906,-0.0678703522965,-0.0731787569705,-0.0213234051453,-0.149729034949,-0.059051835282,-0.0679836223595,-0.0671261601783,-0.101065294592,-0.0853791784449,-0.125170409658,-0.0959710223881,-0.105566228742,-0.0890880722105,-0.082542251015,-0.082101140465,-0.0361573599593,-0.0580481831275,-0.0255838722301,-0.0203261027515,-0.0183252353922,-0.0296761505147,-0.093773105745,-0.0614884153394,-0.100769559434,-0.0841310862769,-0.0391746739551,-0.0568274070431,-0.0704037061442,-0.141906436434,-0.0902340945131,-0.125411794619,-0.0772986331619,-0.0718428741455,-0.0813766489785,-0.0387792523826,-0.0503482130717,-0.0373878119291,-0.225675188313,-0.0744026866628,-0.0973518000468,-0.0471636846065,-0.124919755689,-0.111633792432,-0.196773450048,-0.0546240376015,-0.0306212790523,-0.105380661075,-0.0885946227822,-0.061709750469,-0.0695265711951,-0.14598144822
1847,-0.0225786581321,-0.0319129141828,-0.0296111129689,-0.145131355246,-0.0452935517714,-0.110686170839,-0.0183849156561,-0.0605453661174,-0.0852812140879,-0.0776233544145,-0.112682990628,-0.118042329467,-0.097016629906,-0.0737041325705,-0.0535271205759,-0.0685598993473,-0.101238203559,-0.124033220867,-0.0877070218704,-0.0573198215654,-0.0922310978551,-0.0493296133194,-0.12359229305,-0.00838154067566,-0.0725371935226,-0.0474106371159,-0.0558960821079,-0.126303198817,-0.115692987093,-0.0366877500555,-0.0869749374496,-0.0884487975392,-0.101831429465,-0.06424616122,-0.116505817183,-0.0512414475665,-0.0947643993272,-0.0554746970553,-0.061419582541,-0.095943338717,-0.171271917743,-0.0795500825692,0.0106079051774,-0.10540271346,-0.0848413162602,-0.104579185345,-0.073593461156,-0.0253138172248,-0.0496671935792,-0.0628127176304,-0.0826945225236,-0.0320332643257,-0.152680751655,-0.070396591172,-0.075575390635,-0.071098613355,-0.0956678605239,-0.0888682853651,-0.125012655719,-0.102302269194,-0.114230494414,-0.0916431519165,-0.0940697782505,-0.0912512683235,-0.0345074679175,-0.0670836139458,-0.033521533127,-0.0218231128325,-0.0207986290775,-0.0366733312932,-0.0998833782703,-0.0649900889085,-0.10525726682,-0.0736855997274,-0.0510100303477,-0.0689741642612,-0.0791152966868,-0.139348131263,-0.0805196397463,-0.122718895161,-0.074008631186,-0.0714627415813,-0.0824349477803,-0.0374960583723,-0.0511788047029,-0.0474782631211,-0.220139304194,-0.0707920605525,-0.0970597658656,-0.0436649465696,-0.12296936024,-0.115853413866,-0.186484211633,-0.0597351710059,-0.0348298744189,-0.101971134273,-0.0883974707343,-0.0661326939553,-0.0712053860304,-0.1332829021
1848,-0.00860051459616,-0.0109937573473,-0.0130314434539,-0.109860872678,-0.0107772969193,-0.0715822408626,-0.00128371460638,-0.0342753521339,-0.0464166408387,-0.0499373284229,-0.0789018116093,-0.0875334612941,-0.0673916537182,-0.043746933094,-0.0236873114207,-0.0464465056781,-0.0615018829492,-0.0828649198291,-0.054626429252,-0.0260610457251,-0.0669311325726,-0.0281660362178,-0.0878552569297,0.00825381471391,-0.0545051980123,-0.0268589957612,-0.0320213490819,-0.0998941291019,-0.0836267593157,-0.0174949688348,-0.0576017266369,-0.0586215303957,-0.072185512091,-0.0312940012945,-0.0804847450193,-0.0357329860863,-0.0649928208484,-0.0189342260213,-0.0385545837515,-0.0680811639083,-0.132680096583,-0.0573641583474,0.0462774661195,-0.0810683389581,-0.0672264704498,-0.0780278368841,-0.053006158281,-0.00466279208804,-0.00889173878671,-0.0330562219599,-0.0668503448312,-0.00569290067178,-0.125445816407,-0.05183914582,-0.0510458930634,-0.0499235904434,-0.0681067909628,-0.0627265584604,-0.0972597591083,-0.0850896319197,-0.0874956966549,-0.0681146420431,-0.0740392598176,-0.0733422635773,0.00468458005549,-0.0419916108515,-0.0130285022608,0.0160071136378,0.00251409755886,-0.020987002149,-0.0678329363532,-0.0383080047743,-0.0780566027466,-0.0488454937674,-0.030789565967,-0.0307945851414,-0.0568900886933,-0.117071246904,-0.0472121327342,-0.090397092248,-0.0543626154255,-0.0504857759936,-0.0611719852028,-0.0209309417473,-0.0170966847277,-0.0198300124851,-0.177315310526,-0.0357525382569,-0.0733465773038,-0.0144607862629,-0.0867165705867,-0.0833964810515,-0.153727628475,-0.0302459518098,-0.0117242464264,-0.0724847239675,-0.0489242835904,-0.0475319585464,-0.0532273433324,-0.108222181548
1849,0.00979800856084,0.0101898753394,0.0073616286216,-0.0790379337262,0.0180056701815,-0.0402071171725,0.0198950179097,-0.0150567623295,-0.0230548303445,-0.0234349924225,-0.0519723183391,-0.0695273803244,-0.0434118207557,-0.0213194129375,-0.00038409284149,-0.0202672200486,-0.0305113263199,-0.0546183439132,-0.0273834430848,0.00148895925458,-0.0454895382228,-0.00785254725265,-0.06466534758,0.0289944359321,-0.0366766555663,-0.00446679088594,-0.0155759331604,-0.0731955122467,-0.0590737180713,-0.000350449254606,-0.0305409161102,-0.0258798019393,-0.0533832071137,-0.00446881468056,-0.0540691373798,-0.0217538518061,-0.0433704541748,0.00757647528737,-0.0200625909654,-0.0410953688544,-0.100844212889,-0.03933398316,0.0714740794204,-0.0571433076655,-0.0509936847186,-0.0533438712994,-0.0306904649409,0.0149608240363,0.0210068557762,-0.0101734820329,-0.0477185008224,0.021638586582,-0.100522451677,-0.0296274429588,-0.026859083432,-0.0314015149156,-0.0475929900439,-0.0384813007248,-0.074476718424,-0.0675053441839,-0.0588776572172,-0.0480991725122,-0.0491586110111,-0.0512420650058,0.0345024491781,-0.0160187001206,0.010565624258,0.0462852883317,0.0218578870618,-0.00206044495609,-0.0380938911987,-0.0125849580485,-0.051589952582,-0.0327486127371,-0.00780398702317,0.00425087051414,-0.0332086959997,-0.0995299874539,-0.0231170697149,-0.0661919494041,-0.0356157883576,-0.0338285240726,-0.0421189525559,-0.00761076277087,0.011294360629,0.00957962175,-0.144138320914,-0.0123009277611,-0.0513349143399,0.00760536016209,-0.0582908164691,-0.052239815751,-0.132656029082,-0.0041934177028,0.00869136829867,-0.0465992163765,-0.0195716467817,-0.03022001179,-0.0365500802539,-0.0891561550024
1850,0.030201883535,0.0281562933181,0.026367309503,-0.0551957898955,0.0373182955306,-0.0168394107718,0.041339927133,-0.00139831794393,-0.00466015125804,0.000804914655435,-0.029369129591,-0.0514351136006,-0.0217474637365,-0.00350073757866,0.0185040657521,0.00323771368985,-0.0101186799622,-0.0297429946998,-0.00858446733102,0.0231381080907,-0.0276869014684,0.012021830484,-0.0474242782364,0.0496620820403,-0.0169948038752,0.0166059203372,-0.000540236168647,-0.0501956983918,-0.0404461526344,0.0182603614276,-0.00760032408023,0.00115659148696,-0.0365901097088,0.0166662808167,-0.0284427560967,-0.00757219777391,-0.0209116100462,0.0282698096839,-0.00442214991168,-0.0188627728223,-0.0750526551616,-0.0233213808612,0.0883034468025,-0.0354489741567,-0.0330046019565,-0.0320161006429,-0.00953981263185,0.0332289099909,0.0454066917781,0.00846612110363,-0.0290050809655,0.0460022686264,-0.0804913244796,-0.008992120779,-0.00676054678799,-0.0144819457618,-0.0298786755742,-0.0182120696401,-0.0566104258878,-0.0539728210949,-0.0313878489349,-0.0312768841019,-0.0230834448255,-0.0302583657333,0.0588146183709,0.00728342731774,0.0319826381947,0.07272525159,0.0375188854594,0.0174733009312,-0.0121967850448,0.00940450685145,-0.027583019368,-0.0182783266065,0.0125822193202,0.0317423233939,-0.0125779463042,-0.0834917548505,-0.00268294826769,-0.0450925106453,-0.0169411478604,-0.0203624611715,-0.0239418884679,0.00422390065757,0.0327151494074,0.0353324689737,-0.113571273571,0.00397984954423,-0.0316817073903,0.0275394112548,-0.0314220871209,-0.024548364775,-0.116431925725,0.0152743186306,0.0259441315054,-0.0242872271284,0.00324397999371,-0.0138461391695,-0.0216659149394,-0.072245951522
1851,0.0494484154752,0.0417139043395,0.0419353895118,-0.0386861231441,0.0503306798087,0.000361692125415,0.0599745501232,0.00825488184226,0.00608566854175,0.0192656674382,-0.0123989667396,-0.0401120571337,-0.00594958444821,0.00901257538779,0.0320522810609,0.0218699515109,0.00348065583771,-0.0117813804017,0.00317510876803,0.0383588159523,-0.0148744329713,0.0276711846191,-0.0350526339044,0.0678003115809,-0.0000789577519688,0.0341003833742,0.00980020729999,-0.03274658984,-0.0282131790971,0.0330774774168,0.00892896397692,0.0210309774863,-0.0253971536802,0.0327129739816,-0.00879520349434,0.00430322216763,-0.00403868850522,0.0430526803843,0.00705467527983,-0.00277645907565,-0.0552741993432,-0.0113155949097,0.0993593710662,-0.0183041299328,-0.0182183135678,-0.0162602692643,0.00737606587564,0.0478839317111,0.0620276791304,0.0226032092028,-0.0134661539411,0.0642239419369,-0.0655028934313,0.00762821942711,0.00785378064828,-0.00193353239668,-0.0163238976507,-0.00317357111803,-0.0436877566383,-0.0443616189358,-0.00924298168145,-0.019056233215,-0.000448014770864,-0.0125549507419,0.0753839166411,0.024928491365,0.0493140772768,0.0919148894629,0.0488808480286,0.0343473053858,0.00687614779009,0.0263957523506,-0.00832347558214,-0.00801257276455,0.0282327417887,0.0501606863267,0.00318882640136,-0.0713025400475,0.0129841710616,-0.0302644717277,-0.000892431793101,-0.0102339713737,-0.00971228569411,0.0132880690183,0.0479105605827,0.0553279036664,-0.0913753870976,0.0143241691997,-0.0160562133146,0.0423850726705,-0.0124174926755,-0.00233723170644,-0.10451898356,0.0286075623387,0.0387673758392,-0.00620677695711,0.0178322782953,-0.00141906154803,-0.010268210104,-0.0579761422921
1852,0.0633472523096,0.0496913797984,0.0521826432736,-0.0297683640001,0.0590406737477,0.0124418064945,0.0723302060695,0.0147206385224,0.0101584707227,0.0289448206749,-0.00169063198917,-0.0333245331466,0.00226715108062,0.016049453435,0.0398158392327,0.0337822859597,0.012576010922,-0.000568460476431,0.00890977931141,0.0466396342684,-0.00802308776198,0.0358130441696,-0.0263627785654,0.0807011326645,0.0101511183824,0.0455993470333,0.0155909657097,-0.0224475808148,-0.0224119295124,0.0413531466146,0.0172291775711,0.0328861547558,-0.0192263984223,0.0438701843713,0.00442984691024,0.0120645543506,0.00705569031899,0.0521994512647,0.0135972074179,0.00599936006504,-0.0415731267187,-0.0044362871355,0.105924737117,-0.00787183925399,-0.00796126950088,-0.0079131717697,0.0170096842259,0.0583070334317,0.0702490528272,0.0322287248519,-0.00395349616048,0.0734249052914,-0.0557796090843,0.0179213013319,0.0158174896773,0.00437725442535,-0.00711559981595,0.00556544746167,-0.0357416170951,-0.0382725535988,0.00344200019386,-0.0115097692102,0.0135625454331,-0.000184084975751,0.0833876715211,0.0342232878673,0.0608257265916,0.101937884483,0.0555730652061,0.0448997282213,0.0166464642074,0.0371670089138,0.00393797121426,-0.00103434093519,0.0372482611764,0.0583582712809,0.0125079517187,-0.0639574541442,0.0243635791016,-0.0227695111839,0.0102902624132,-0.00339430084205,-0.00178368890516,0.0189410345523,0.0572985265529,0.0675623440918,-0.0797370195782,0.0198257470597,-0.00591578356448,0.0515679142545,-0.00420921070569,0.0123456600817,-0.0958457419261,0.0361058226209,0.0461078422397,0.00691061562088,0.0238102827787,0.00461568905485,-0.0037860147589,-0.0458999977879
1853,0.0651425129974,0.0425086404356,0.0485184271267,-0.0418712363402,0.048518205461,0.00535107246718,0.070067730958,0.00729555103534,-0.00793550233895,0.0207776696972,-0.00871444509861,-0.0443938728819,-0.0098913277748,0.00545701883597,0.0304247691145,0.0280416071155,0.000947773750673,-0.0118534573603,-0.00525957632064,0.035795928339,-0.0163061727035,0.0299136234612,-0.0358628038015,0.0804398900763,0.00751848066804,0.0427315462318,0.00503124885748,-0.029627958845,-0.0345223100804,0.0350959068097,0.00695569479626,0.0220505240281,-0.0295838849705,0.0352207553962,-0.00161470497076,0.010925123633,0.00116389137214,0.0408470777744,0.00595338350128,-0.00369020170866,-0.0471007230293,-0.0101393241342,0.0895235972923,-0.0126659064934,-0.0112802508909,-0.0166051321962,0.0110977352671,0.0532490868117,0.0551044101926,0.026579824751,-0.00812092792632,0.0628897968536,-0.0615483202169,0.0125366553918,0.00734047805998,-0.00410623106317,-0.013561376273,-0.00130626099171,-0.0427040378301,-0.0432609033574,-0.00337733328007,-0.0218135256008,0.00973793234286,-0.00216736886618,0.0692782572438,0.0254528075036,0.0573842604716,0.0875355320985,0.0469624618789,0.042467768928,0.00564164801496,0.0318687039826,-0.00164093667995,-0.0100581641396,0.0296375302619,0.0407298542824,0.00593010660735,-0.06903481662,0.0149736769442,-0.0337843157352,0.0116015152897,-0.0101458649379,-0.00713305493922,0.0149212422566,0.0482457445054,0.0597433447981,-0.0911423907452,0.00659774194969,-0.00867351774683,0.0419051895143,-0.0175468394718,0.00634178998186,-0.104204983708,0.0259051205065,0.0379886589711,0.0047299446657,0.00753795690564,-0.00267114948798,-0.0081712619076,-0.0469404301664
1854,0.049459025134,0.0157224113934,0.0252546093428,-0.0783619348456,0.0152720929482,-0.0227705456292,0.0475332082423,-0.0144681728429,-0.0447780443802,-0.00840191240512,-0.0348847496055,-0.0678003335838,-0.0442382881824,-0.0235713109668,0.00250855341485,-0.00189339325228,-0.0336140207869,-0.0440049498614,-0.0420758211598,0.00244438070114,-0.0417577166601,0.00757852962741,-0.0613169310178,0.0612695677786,-0.0108218779242,0.0206001523135,-0.0203103287053,-0.0586635435976,-0.0653497360806,0.0125201188088,-0.0248919996331,-0.0189841534887,-0.0539290666785,0.00431460970863,-0.0260047544007,-0.000734183194267,-0.0204429835977,0.00861141586676,-0.017403216572,-0.0358386086818,-0.0740191819687,-0.0296044864196,0.0496698359744,-0.0362562569625,-0.0293107931707,-0.0455418491335,-0.0145068001827,0.0307035984258,0.016250816782,0.00485757812139,-0.0306255967949,0.027945837174,-0.0858652478169,-0.0141051840434,-0.021311825699,-0.0293711626525,-0.0358429555954,-0.0268234303197,-0.0663211651634,-0.0626040990311,-0.0347221115612,-0.0511276461948,-0.0179541796626,-0.0246187028007,0.032012171751,-0.00571659971395,0.033526419863,0.0462061368856,0.0211733612076,0.0226972817712,-0.029787768237,0.00661430600262,-0.0297051687622,-0.031856345782,-0.0000853713493141,-0.00733036505067,-0.0210856684185,-0.0873359192161,-0.0137063270499,-0.0637056767757,0.00103254011232,-0.0314509178691,-0.0279135040028,0.000337297354176,0.0181555949529,0.0255107833372,-0.126119312542,-0.024289420492,-0.0268320767128,0.0131485732048,-0.0530907986237,-0.025859398748,-0.1270996384,-0.00538835313165,0.011643258495,-0.0157211843123,-0.0313991857067,-0.0256176706359,-0.0255088723196,-0.0595784476942
1855,0.0368606501765,0.00329822590822,0.0110502930481,-0.0871204738771,0.00994169380265,-0.0213804785296,0.0324500501402,-0.0136344268344,-0.0412895237303,-0.0195275583435,-0.0361482839185,-0.0576106578636,-0.0529622435073,-0.0263827659005,-0.00128421690769,-0.018022620168,-0.0347238493657,-0.040627987578,-0.0498590676153,-0.00718009150036,-0.0477012114363,-0.00220309835009,-0.0533005895751,0.0483659469351,-0.0199066692574,0.00866826736138,-0.0204042785022,-0.0699117281341,-0.0683094274555,0.00381371543635,-0.0349397284743,-0.0383232316106,-0.0496532194451,0.000162234840612,-0.0225520209668,-0.00420581725606,-0.0178850045904,0.00778136546359,-0.0222007594261,-0.04729386582,-0.0737185378599,-0.0330781678942,0.0461639328518,-0.0453972927971,-0.0341175147725,-0.055901714932,-0.0277585435868,0.024747930535,0.0123600382352,0.00560936104329,-0.0440279181095,0.011368726483,-0.0911003499107,-0.0292225233053,-0.0320256293996,-0.0377190712984,-0.0354874258965,-0.0342180322254,-0.0687751902227,-0.0688843946015,-0.0507525618706,-0.0571056898355,-0.0360610646091,-0.0382313116001,0.0267508807127,-0.019967212962,0.0208810820044,0.0355593587192,0.0156777599023,0.00993403023791,-0.0423801872273,-0.00185736090806,-0.0408051793267,-0.0266311973109,-0.0161757073075,-0.0239965532115,-0.0332344262528,-0.0889036219065,-0.0107832175265,-0.0668271736906,-0.000832105412591,-0.0337715890591,-0.0351125735784,-0.00172776977861,0.0137370845283,0.00845880180097,-0.128875660654,-0.021705818946,-0.0309764088781,0.0103744826465,-0.0609383502196,-0.0381145916223,-0.118510301748,-0.0137879736077,0.0033443097968,-0.0184124206611,-0.0356374675622,-0.0353128129203,-0.0310939653986,-0.0516784778556
1856,0.0358265033057,0.00895894303167,0.0141557818638,-0.0704898908797,0.0274580695403,0.000678424433802,0.0334797344648,0.000123149525841,-0.0227441342636,-0.0104266675324,-0.0202153582531,-0.0432744249184,-0.0432429886234,-0.0130934199271,0.011358469721,-0.0113467214801,-0.0120247426287,-0.0227566434618,-0.0332951202269,0.00555822762885,-0.037149221054,0.00278729469031,-0.0330447625606,0.0503335787271,-0.0177243280291,0.0129148174084,-0.0113517094735,-0.0594226675248,-0.0519323238468,0.00661404503683,-0.0228086533133,-0.0274085374784,-0.0359525229621,0.0142347830497,-0.0079040085925,0.0000314401019817,-0.00682067301712,0.0240219188432,-0.0134969051808,-0.0356743903397,-0.0533583871146,-0.0245064345483,0.0616835211353,-0.037184519752,-0.0313182447321,-0.046446468152,-0.0231105519095,0.0301507788514,0.0299008418838,0.0196867085248,-0.0412998363794,0.0185476143963,-0.0776222382699,-0.0248479311626,-0.0221045979882,-0.0310809093934,-0.023964522981,-0.0230368832324,-0.0548556041682,-0.0596347569358,-0.0446075386933,-0.0483748250516,-0.0347450561156,-0.0341568917247,0.043307526058,-0.0123316291672,0.0268411010713,0.0473128546651,0.0251718987689,0.0111288690594,-0.0310412299211,0.00857016813173,-0.0325145955586,-0.0162713869466,-0.0114056173947,-0.00863408397639,-0.025398396839,-0.0795085634551,0.00267394707764,-0.0532792432255,0.00691146252876,-0.0248445265688,-0.0289153705837,0.0047171429255,0.0302550640022,0.0156353521084,-0.109969449328,-0.00245908455736,-0.0207799141319,0.0208419112163,-0.0483992919052,-0.0280647824608,-0.100172420046,-0.000643036695079,0.0114641226429,-0.00608475806453,-0.0167511311573,-0.030905787588,-0.0244592777474,-0.039314168068
1857,0.0107814696503,-0.0280751854804,-0.0173470038363,-0.120553516998,-0.025036559706,-0.0465057913743,0.0019937280807,-0.038002020374,-0.0854232922762,-0.0471167762181,-0.0626796684094,-0.0934285624628,-0.0951549321553,-0.0599918110945,-0.0328141724022,-0.0505784032418,-0.0676408991634,-0.0830787906854,-0.0848565582609,-0.0410978318203,-0.0733417773289,-0.0252203278141,-0.0838828911898,0.0219276835909,-0.0445640065846,-0.0188277595353,-0.057165412314,-0.0971543534884,-0.0963177569277,-0.0274113585015,-0.0631593779818,-0.0807025788195,-0.0810039080806,-0.0395999594437,-0.056423911427,-0.0191236596722,-0.049832030207,-0.0322348611528,-0.0499049769218,-0.0771453846233,-0.0982820365557,-0.0541795075273,-0.00781397989142,-0.0692980102012,-0.0652433244257,-0.0843277991,-0.0555486482355,-0.0106413294697,-0.0300924627305,-0.0192834638428,-0.0702611819495,-0.0244019184114,-0.112694148371,-0.0593698916685,-0.0587949343107,-0.066137607258,-0.0659727605617,-0.0577500876058,-0.0909184450547,-0.0852394143483,-0.0841339253913,-0.0969143458243,-0.070701582897,-0.0657193229321,-0.0118739058456,-0.0506814648674,-0.00565947366838,-0.0160016865516,-0.0151637901241,-0.0150752650042,-0.0769725814227,-0.027263375411,-0.0739449756456,-0.063281487566,-0.0495530029076,-0.0697945007529,-0.0602276802453,-0.109169268768,-0.0571920022973,-0.0990934379386,-0.0102078582281,-0.0623424182648,-0.0579248708104,-0.0193913964922,-0.015407089127,-0.0310643502541,-0.161027257685,-0.0540749980961,-0.0472377768562,-0.0300033478254,-0.096482115646,-0.0774138949244,-0.148614232711,-0.0448394847199,-0.0271338428704,-0.0423947268758,-0.0720029829925,-0.0607739033765,-0.0479919538846,-0.0747884549007
1858,-0.0179367493732,-0.0643872850678,-0.0543751389223,-0.159685427246,-0.069267597193,-0.0777565919204,-0.0328549519666,-0.0600209126272,-0.102869120903,-0.0755029211548,-0.0873097356226,-0.0928946093276,-0.1259294197,-0.0864730403906,-0.0598396250502,-0.095193883609,-0.107248492214,-0.103700730682,-0.12434731176,-0.0788506373848,-0.0987116382124,-0.0454918023938,-0.100258188162,-0.012068516239,-0.0634693814154,-0.051849948288,-0.0727069026207,-0.132129591462,-0.121938402906,-0.0467309284635,-0.0942370381398,-0.138182474821,-0.0910343450864,-0.0771537610834,-0.0718915355598,-0.0316805479589,-0.0605010588354,-0.0622314611851,-0.0733529657159,-0.113771730914,-0.12749706368,-0.0717598474628,-0.0492457775562,-0.0971319744462,-0.0825921656808,-0.114588199786,-0.0859736396257,-0.0382345239586,-0.0605589899094,-0.040986767646,-0.100747870936,-0.0634982533996,-0.142177521762,-0.0972825368951,-0.0919947994719,-0.0896545809828,-0.0863581555114,-0.0864037277326,-0.115413671407,-0.111850992737,-0.119990421305,-0.126613700092,-0.107406115218,-0.103467477806,-0.0424064871072,-0.0853617572174,-0.042401240275,-0.0560122272635,-0.0428974555005,-0.0419683554636,-0.11300012159,-0.059599782944,-0.110494373331,-0.0733922344061,-0.0899898446797,-0.120569577176,-0.09494207948,-0.124282545493,-0.0816473880701,-0.121243836991,-0.0220661184033,-0.0852535286791,-0.077741858604,-0.0334998637107,-0.0494045636522,-0.0791196555518,-0.182620377673,-0.0770161018823,-0.0678022592873,-0.054477492289,-0.118893450399,-0.121524630401,-0.162335390033,-0.0823025878304,-0.0567511622671,-0.070371211476,-0.10100597677,-0.0827061694545,-0.0663304182327,-0.0850882342805
1859,-0.0109823543797,-0.0476884559195,-0.0451489513796,-0.120389726102,-0.0397704195978,-0.0368656791388,-0.0214433110509,-0.0314015509535,-0.046285348452,-0.0430866944914,-0.0493612339569,-0.0468488921351,-0.0888391042174,-0.0512385452996,-0.0266721969299,-0.0793735480635,-0.0653503972399,-0.0529852535307,-0.086701237996,-0.0468926078248,-0.0700531534705,-0.0198207343018,-0.0545782666437,-0.00456644975136,-0.0427137452643,-0.0375444791332,-0.0404785751385,-0.104925020252,-0.0808547081828,-0.0220605080867,-0.0588959342619,-0.114041461496,-0.0497212356994,-0.0472405712081,-0.029889944887,-0.0160172448274,-0.0233715183842,-0.0218074536638,-0.0480640593467,-0.0835153300571,-0.0868534489713,-0.0461838344961,-0.0121769359021,-0.0727324681439,-0.0643682137968,-0.0845763140567,-0.064783522677,-0.022294437282,-0.00920434241817,-0.00995532082851,-0.0862802774312,-0.0348298211081,-0.114566142556,-0.0823579185766,-0.0661119848144,-0.0630092038143,-0.0566670004515,-0.0590258953853,-0.0848472043813,-0.0964290365828,-0.0912182599549,-0.100703918012,-0.0880628251301,-0.093625736941,0.00569693948481,-0.0577346514286,-0.0288562813672,-0.0137578502745,-0.0179943809727,-0.0284168705567,-0.0762525151588,-0.0353312342496,-0.086416611353,-0.0416291458764,-0.0731689067433,-0.0765434553998,-0.0739631800427,-0.0974158023567,-0.0470887729329,-0.0798427288051,-0.00201157794649,-0.0638173597695,-0.0530354674445,-0.0152477855501,-0.0146131097541,-0.0581752474302,-0.125015024931,-0.031112160648,-0.0434715958706,-0.0205424617326,-0.0689728676524,-0.0950124329091,-0.120846112951,-0.0536638552874,-0.0323842705953,-0.0461349266825,-0.0484131692309,-0.0597887710439,-0.046940123794,-0.0616046017128
1860,0.0133372623433,-0.0151636789432,-0.0155912796161,-0.067922277183,0.00226274455177,0.0102584018472,0.00958965659198,-0.00132958714376,-0.00119569282966,0.00179913807959,-0.00776835136894,-0.0165855995327,-0.0456918417343,-0.013437867031,0.0106478973568,-0.0391308496683,-0.0155285366906,-0.00948344618421,-0.0380198557593,-0.00238960455504,-0.0341480324894,0.0145872376154,-0.0162449521511,0.0223029373086,-0.0138776761351,-0.00674364797291,-0.0113319004825,-0.060881015039,-0.0361823346986,0.00780156108605,-0.0110381980735,-0.0612585532323,-0.0173993330631,-0.00883943481714,0.00698770546116,0.00348140920389,0.00795635869167,0.0192451987552,-0.0178704335595,-0.0371524370245,-0.0396673000103,-0.0175318082538,0.0287717915456,-0.03570525351,-0.0413468961743,-0.0426440594933,-0.027753406954,0.00342634902442,0.0426258574855,0.0227218834923,-0.0544664057495,0.0127644364229,-0.0755431407622,-0.0465182555017,-0.0251370691988,-0.0292017630203,-0.0270396260684,-0.0201858854365,-0.0484155373483,-0.0681322365773,-0.0435544994856,-0.0670607505236,-0.0466663122261,-0.0624726086754,0.0565410392641,-0.0128954989036,0.00456016455261,0.0358459556459,0.0141077387943,0.000821774810307,-0.0253316592149,0.00276587222912,-0.0471156367099,-0.0169381724377,-0.0356524731982,-0.0130012679802,-0.035449387293,-0.0692218135111,-0.0142066752648,-0.0380603225701,0.0237618829898,-0.0380136802592,-0.021819013,0.00534425455549,0.0291366928806,-0.0144061836331,-0.0676183123464,0.0116421938069,-0.0107472825305,0.0145648912509,-0.017847446089,-0.050959328218,-0.0871097185603,-0.0122744294964,0.0016068599066,-0.0136265080006,0.00614152987106,-0.0286002213597,-0.0202419031395,-0.0407045085363
1861,0.0353276520373,0.0077309545364,0.00990296595446,-0.0369754651866,0.0270501676518,0.0363376019174,0.0352293236185,0.0137411335304,0.0151668832505,0.0297523066073,0.0143395232024,-0.00520407408311,-0.0214537018938,0.00612996125424,0.0302707265011,-0.0058489843416,0.0108330569201,0.00906047069505,-0.0110745117648,0.0237342941886,-0.0135260259894,0.0351191436957,0.000485689412903,0.0462357545017,0.00457554388748,0.0163302922407,0.0036529070615,-0.0307857302306,-0.0134461111927,0.0254552475658,0.0182959902214,-0.0210946591682,-0.00466853535203,0.0147991487403,0.0245208611486,0.0148216058951,0.0227152808208,0.0391929933874,-0.000834288711666,-0.00690981175527,-0.012810815416,-0.00259986630023,0.0504764166205,-0.0116392363221,-0.0254382201439,-0.0172804749726,-0.0015504290616,0.0231177995913,0.0667855662656,0.0395805844692,-0.0291190049998,0.0449939497329,-0.0509462089845,-0.0173789062058,0.00221702393571,-0.00930326850951,-0.0116524996505,0.00422927173192,-0.0281472219098,-0.0474358683042,-0.0106699387784,-0.0450386066491,-0.0135707600813,-0.0351884016545,0.0807975320572,0.0174982599712,0.0316474593999,0.0621720151927,0.0339268782413,0.0238411478255,0.00576684880671,0.027946302402,-0.0203745344685,-0.00503874698829,-0.00710599964412,0.0257622956331,-0.00749517194748,-0.0545121367323,0.004334151635,-0.0178720935541,0.040317577334,-0.0219764731027,-0.00403362670848,0.0167356097708,0.0532997041078,0.0176281817571,-0.0396125380678,0.0304747955295,0.00973159695993,0.0337142267118,0.00616472403038,-0.0212619196309,-0.0720001993713,0.0124903387939,0.0225692913443,0.00637317333011,0.0321856863876,-0.00987353730716,-0.00374053726627,-0.0277568326275
1862,0.00762937009411,-0.0473548568363,-0.0314209996224,-0.123860227183,-0.0618918942115,-0.0506397913582,-0.0049455689394,-0.0530833017293,-0.0972612679041,-0.0315352514094,-0.0619500022828,-0.0951155076766,-0.104302158182,-0.0730894438658,-0.0450064905261,-0.060364326425,-0.0894594991352,-0.0974450345424,-0.100640092771,-0.0549250600059,-0.0750590984509,-0.0112447651821,-0.0916436324973,0.0105937265622,-0.0348860516952,-0.0295934728819,-0.0703934927901,-0.0920160442287,-0.0939385393941,-0.0258351664191,-0.0506390169902,-0.100503727122,-0.0853972867239,-0.07115063211,-0.0606996222921,-0.0169127409025,-0.0517315010275,-0.0567450904828,-0.060204753235,-0.075286641427,-0.0949764194816,-0.0544809206469,-0.0604861661643,-0.0645247937862,-0.0744422923139,-0.0808993532247,-0.0497520162148,-0.0361311329658,-0.0388826214269,-0.0293527748238,-0.0678259685188,-0.0211868593227,-0.112056256134,-0.0642509447733,-0.0574691928753,-0.0653891598206,-0.0819258920941,-0.0549104929214,-0.0927161307916,-0.0893193147168,-0.0709473457275,-0.119621553279,-0.0592944471477,-0.0766457718097,-0.0177235756022,-0.0427796150782,-0.0147373124961,-0.0402153553632,-0.0298673876508,-0.0105182172461,-0.0706074332209,-0.031096985011,-0.0839735871742,-0.0824936666949,-0.0615377377223,-0.0756889809199,-0.0608663103312,-0.106583798961,-0.0915158989858,-0.0987078377172,0.00919085565736,-0.0810391419229,-0.0526186836296,-0.0234969152139,-0.0280112356512,-0.0512790646234,-0.135597532661,-0.062957697285,-0.0371021715386,-0.0479580604165,-0.0810157708541,-0.0975583190387,-0.158371145771,-0.0624047563008,-0.0384596888339,-0.0553319890744,-0.068613130846,-0.0570883059643,-0.0435020033999,-0.0879848206955
1863,-0.0533371344097,-0.131626754373,-0.110455107844,-0.234794567301,-0.170933775395,-0.147500657395,-0.0825208483556,-0.119620937754,-0.182744703631,-0.118534926641,-0.145205245592,-0.14311690185,-0.196704001163,-0.154713858392,-0.126855813055,-0.160026502666,-0.200620890242,-0.186229556936,-0.208471234739,-0.156846742832,-0.150190239387,-0.0769836998603,-0.1634030747,-0.0618198953839,-0.0918394829012,-0.107508727971,-0.130759343452,-0.185210188229,-0.180298622356,-0.0870885697935,-0.144035529703,-0.23205815102,-0.144857971538,-0.168477845162,-0.13380120821,-0.0575355981128,-0.111665250022,-0.150131147852,-0.12764523566,-0.173831392304,-0.189154945741,-0.113164099403,-0.168938897279,-0.142697220555,-0.127228482029,-0.168045714807,-0.128900141631,-0.105660548184,-0.144799224433,-0.100056880814,-0.139229808948,-0.123657486041,-0.194567014517,-0.149962963798,-0.145424425007,-0.135042243229,-0.14877529483,-0.136115552474,-0.167778064936,-0.154164594346,-0.168677836541,-0.200359312425,-0.147222746649,-0.157921014368,-0.1216433412,-0.13622531087,-0.098566725428,-0.155718333523,-0.104045274852,-0.0753636157504,-0.175135018205,-0.116803177264,-0.176592169601,-0.133846737237,-0.154376784714,-0.213082081714,-0.147141289261,-0.161685835818,-0.171529242194,-0.180564896625,-0.0353834220252,-0.143387470893,-0.115490845252,-0.0675955888065,-0.125352866649,-0.16301287604,-0.234709041683,-0.146368355243,-0.101279768431,-0.126490572971,-0.174966578124,-0.207002922229,-0.222212155064,-0.160119092386,-0.116543215669,-0.132986789667,-0.172803666095,-0.121067783029,-0.097925525351,-0.133202042781
1864,-0.071003204794,-0.134080704913,-0.124129900843,-0.214531628834,-0.15171872499,-0.116500162671,-0.0979905946707,-0.0936698795718,-0.123673399181,-0.110903135661,-0.119493950599,-0.09009798594,-0.174689981937,-0.126692198731,-0.103685919376,-0.171349676709,-0.166496717933,-0.140294319492,-0.183848097194,-0.143280967574,-0.134729594791,-0.0732345122894,-0.113936486016,-0.078582363154,-0.091657573618,-0.116826847995,-0.100108451685,-0.181790683767,-0.148826276591,-0.0793663825463,-0.130280780555,-0.238609401512,-0.103298127874,-0.148202028699,-0.0998868766244,-0.0540977702111,-0.0815788260835,-0.11546287219,-0.111943984001,-0.165836664545,-0.162034684296,-0.0987889481464,-0.132856212429,-0.140414593132,-0.121106789145,-0.159366742601,-0.132654903836,-0.101409365922,-0.104998117609,-0.0762659702254,-0.147800824587,-0.123321624442,-0.183034294754,-0.159840355833,-0.139925011219,-0.123431352911,-0.124491827595,-0.126570863168,-0.147851771691,-0.15134134797,-0.172277672064,-0.183749212792,-0.160434892681,-0.172643702893,-0.0877851826735,-0.135139005727,-0.10900498853,-0.131929604808,-0.088231505947,-0.085868454052,-0.163683809898,-0.112815270295,-0.175230104906,-0.0978903448171,-0.162734091267,-0.196113273707,-0.148674350129,-0.14420134607,-0.137270691477,-0.150183886555,-0.0312688028373,-0.126967423762,-0.10809540141,-0.0561872459978,-0.104581703189,-0.170759604396,-0.196264143314,-0.100615343858,-0.0935688718521,-0.100281473007,-0.146226902131,-0.205947843453,-0.175956607953,-0.147275711713,-0.106439547922,-0.123548664632,-0.132133065826,-0.115462991161,-0.0922582740219,-0.109164743708
1865,-0.0516694271246,-0.0899496127936,-0.0883096093825,-0.138540509548,-0.080554771776,-0.0440627625176,-0.0666365163123,-0.0442312494164,-0.0510750379659,-0.0571017732728,-0.0610075847681,-0.0450355280362,-0.116154688495,-0.0689394262931,-0.0485548226324,-0.120022908622,-0.0842908891005,-0.0767149682225,-0.107434427372,-0.0792334506496,-0.0844375456927,-0.0360455458791,-0.0511709916161,-0.0505190465049,-0.0647167823549,-0.0819396453528,-0.0568614273719,-0.125247769476,-0.0816229630108,-0.0475060774855,-0.0671483362835,-0.16561316969,-0.0547418030904,-0.0879321825085,-0.0512720244945,-0.0336423812686,-0.0424774745627,-0.0509235654352,-0.0685988318995,-0.10310477985,-0.0942002956578,-0.0609162357625,-0.0602123984322,-0.0962207374911,-0.096835869381,-0.105648798524,-0.0907248044697,-0.0670906610019,-0.0285740062934,-0.0277999192075,-0.112395182749,-0.0645878304101,-0.128210129285,-0.116315658722,-0.0848527184711,-0.0799433080632,-0.0807765756564,-0.0742773194196,-0.0945049109679,-0.109659068471,-0.120264365171,-0.134175744076,-0.11986200284,-0.136103328767,-0.0146985149792,-0.0807017235971,-0.067986983566,-0.0628182333105,-0.0401424165188,-0.0575773657335,-0.0980017046551,-0.0627240740012,-0.125880524462,-0.0592561620564,-0.115470885912,-0.10611072327,-0.0992102998124,-0.1069484851,-0.0851893473989,-0.0914711453616,-0.00497713073106,-0.0869175722773,-0.0717556127863,-0.0280350399257,-0.039225327809,-0.114429563756,-0.122087684382,-0.0302252107134,-0.053144386221,-0.0503524723853,-0.0820755211947,-0.149270727763,-0.120793206942,-0.0850830175669,-0.0592054593888,-0.0795435800874,-0.0512148608765,-0.0783423421468,-0.0589184632029,-0.0783319135607
1866,-0.0303159715259,-0.0552802303228,-0.0524749289207,-0.0898460050217,-0.0350698297433,-0.00306997910306,-0.0361283605786,-0.0187210219,-0.0237077924809,-0.0206141963378,-0.0297071640447,-0.0304488925713,-0.0824086781955,-0.0383553786795,-0.0185826694359,-0.0717778419499,-0.0375677454305,-0.051073223433,-0.0606303373962,-0.0380159510114,-0.0538685621107,-0.0120033890816,-0.0247926343271,-0.0208746919969,-0.0476091682418,-0.0523977742248,-0.0354053260901,-0.0824679059204,-0.0453458229858,-0.0288684873732,-0.0249504032162,-0.102863468482,-0.0366146345226,-0.0500868365653,-0.031296167295,-0.0222427844587,-0.0269199679341,-0.0191130721945,-0.0434787740815,-0.0578261633799,-0.0552718605024,-0.0408041375915,-0.0196890525032,-0.0647990840687,-0.0804069935288,-0.0698692978198,-0.0573598233191,-0.0392132025494,0.00843872957129,-0.00310652234846,-0.0801221523428,-0.0197292463123,-0.0912074984297,-0.0759697204334,-0.0441555259307,-0.0529309917705,-0.0590628894715,-0.0387427627694,-0.0634499144355,-0.0761280623016,-0.0799256870762,-0.100082000373,-0.0824642704546,-0.0990177751898,0.0222337477596,-0.0391441432533,-0.0300152184271,-0.0249205378911,-0.00928649849211,-0.0318201682557,-0.0543281441781,-0.0267434325906,-0.0899365738306,-0.042153510767,-0.0741989484097,-0.044892628915,-0.0590636630803,-0.0880142352923,-0.0572969078946,-0.0628279461479,0.0117717698808,-0.0617167908982,-0.050090560105,-0.0124534514164,-0.00045923269781,-0.0678250307041,-0.0859923737888,0.0020460552161,-0.0265607543456,-0.0236020174591,-0.0510653938684,-0.10827058478,-0.0978183866965,-0.0441175342447,-0.0281100065128,-0.0521823565084,-0.00991273922596,-0.054286830785,-0.0367719346096,-0.0616297351867
1867,-0.0148830267464,-0.0347009016047,-0.026521127219,-0.0669721527327,-0.0121321766718,0.0148264513204,-0.0155973198887,-0.00797843924753,-0.0174554556978,-0.00324945824276,-0.0168422282573,-0.0261316357505,-0.0661204944471,-0.0249723670115,-0.00568760190166,-0.0383538454054,-0.0176654796701,-0.0432803823472,-0.03985850905,-0.0187927847097,-0.0396435346488,-0.00194208444696,-0.0155390409769,0.00100608841845,-0.039972992766,-0.034361744467,-0.0247843826964,-0.0586659340944,-0.0312112884971,-0.0202076139953,-0.0045379808035,-0.062818177063,-0.0315942998709,-0.0283308891612,-0.0246665220722,-0.0178535529572,-0.0215008186001,-0.00619476504481,-0.0313741616261,-0.033976547002,-0.037693968847,-0.0332429153254,0.00138709724591,-0.0488361080869,-0.0700893403466,-0.0529492716666,-0.0386180221668,-0.0192012057432,0.0208879736835,0.00705377684666,-0.0589078931998,0.00464659174468,-0.0726709812223,-0.0486706822008,-0.0221073521904,-0.0398974667117,-0.0491501499816,-0.0209296692079,-0.0496743445794,-0.0554742830621,-0.0580204785264,-0.0793655619106,-0.0580961854761,-0.0717894493917,0.0349712798561,-0.0162473192505,-0.0044014830438,-0.00885247425039,0.00816925082176,-0.0155523751561,-0.0336557577286,-0.00758155828808,-0.0693828937145,-0.0335632493168,-0.0480757817915,-0.0150750231615,-0.0350926292657,-0.0804969921309,-0.0411715334838,-0.0527433826737,0.019396505711,-0.0465279924411,-0.0411218042209,-0.00510205592536,0.0162409608599,-0.039481696204,-0.0740983966299,0.0126547384304,-0.0136718195617,-0.00993012362716,-0.0425612178239,-0.0848283959429,-0.0888401685774,-0.0242533938406,-0.0115850263675,-0.0382020287741,0.0044941826687,-0.0430285089484,-0.0258142925437,-0.0507300669833
1868,-0.00233750170999,-0.0212258478776,-0.00769511425207,-0.0546991681023,-0.0000376276335192,0.0244181053474,-0.000840694356308,-0.00174507460802,-0.0124024444031,0.00769975113879,-0.00807120511914,-0.019002915266,-0.0536669167813,-0.0154860707585,0.0030780454589,-0.0150701523794,-0.0093458910752,-0.0362663126318,-0.0304710002775,-0.00843564713862,-0.0302175334057,0.00460745223706,-0.00937715128686,0.0176498371953,-0.0329171235161,-0.0219464919957,-0.015328258331,-0.0442440367061,-0.0231900139448,-0.0122898093207,0.00766868661075,-0.0375988855082,-0.0260810561088,-0.0126129359633,-0.0170680111849,-0.0140240644102,-0.0142579864542,0.00263609999476,-0.0224444402318,-0.0203089074671,-0.0265616337405,-0.0279119525613,0.0148937965906,-0.0389781934587,-0.060177022685,-0.0431674871034,-0.0265296708259,-0.00334983681642,0.0290532081678,0.0140551464676,-0.0439192803204,0.0194355976557,-0.0622749320783,-0.0296320094888,-0.00914837295572,-0.0305668614921,-0.0409286427886,-0.0102785908417,-0.0415755687304,-0.0429189198018,-0.0440701447638,-0.0651859091412,-0.0400189974547,-0.0517180273048,0.0426104173583,-0.0020506749269,0.0131665456061,0.00299402270215,0.0206847143538,-0.00378873582929,-0.0210863690452,0.00425487146223,-0.054547629983,-0.0253626495276,-0.031244362283,0.000753865970535,-0.0199551899658,-0.0741462929003,-0.0277600114887,-0.0447935750525,0.0253152275612,-0.0351310043697,-0.0347253510243,0.000784842431473,0.0243688858244,-0.0210881741267,-0.0643009763083,0.0182048909528,-0.00536626751893,0.00156222386195,-0.0357113931083,-0.0683271787215,-0.0819142519705,-0.0139699647455,-0.000363060580636,-0.028246449385,0.0127261604208,-0.0352105932025,-0.0184445351236,-0.0408829505681
1869,0.00485274045764,-0.019802978791,-0.000927185650172,-0.0591849828798,-0.00734522364382,0.0178174535786,0.00456419611128,-0.00694156194174,-0.0209428611892,0.00904568095305,-0.0103572559289,-0.0224008066077,-0.0534707909994,-0.0180892251426,0.000466371054049,-0.00791567130448,-0.0212205849026,-0.0424012541054,-0.0389940490127,-0.0127204091353,-0.030534387096,0.00577432754765,-0.0170237750036,0.0248620608502,-0.0289089223998,-0.0189647724823,-0.0168616576824,-0.0434879947296,-0.0276034907107,-0.0100039599019,0.00755512041954,-0.034896901877,-0.0299756291521,-0.0135977913559,-0.0191387436719,-0.0132587788008,-0.014924789464,-0.00302410143657,-0.0227055477825,-0.0214302984661,-0.0293380953969,-0.0290875543417,0.00722907806257,-0.0385475766974,-0.0572456297194,-0.0443267313316,-0.0239959599217,-0.00020130097738,0.0233973475407,0.0106239803254,-0.0383741360481,0.0206330049959,-0.064632161822,-0.0234612855074,-0.0094145178187,-0.029644570076,-0.0429668097504,-0.0108978839085,-0.0445178208854,-0.0424488638288,-0.0412910393758,-0.0667699725238,-0.0313689456654,-0.0439291859684,0.0371284628041,-0.000237318644246,0.0178755191625,0.000848273560697,0.0209389780099,0.00115253281728,-0.021178582658,0.00428939997692,-0.0511986088097,-0.0286670752921,-0.0285060296039,-0.00390079299452,-0.0178323853129,-0.074012758455,-0.0306429463839,-0.0464345082428,0.0276206492527,-0.0352851713998,-0.0340130978993,0.000959824970396,0.0174691775917,-0.0186016338,-0.0643590010927,0.0096334083365,-0.00487336457959,0.000703860589983,-0.0365506896031,-0.0660887663909,-0.0879455078743,-0.0190888490485,-0.0002327857139,-0.0286888979544,0.00697668116896,-0.0338397358289,-0.0173605271063,-0.0414610246409
1870,0.0148477334525,-0.0149131936601,0.00579955150668,-0.0547783317032,-0.00817111171512,0.0212504904813,0.0122870360956,-0.00374086046832,-0.00988493266923,0.0185784815739,-0.00161757845595,-0.00664771014849,-0.0416411792571,-0.00974975634001,0.00798359745118,-0.000419483316452,-0.0232320905789,-0.0303658094916,-0.0389832402226,-0.00912444797583,-0.0229564628123,0.0144899764037,-0.00983861700798,0.0328789328131,-0.0170424013165,-0.0125053146597,-0.00608991636598,-0.0378599433903,-0.020840596432,0.00133255619864,0.0155860299678,-0.0308739541775,-0.0188956455973,-0.00602904745282,-0.00547084473555,-0.00687461867686,-0.000897227485758,0.00462597913024,-0.0151852407581,-0.0167619683957,-0.0215914418165,-0.0222821954993,0.0114769284168,-0.0321966600549,-0.0458490933543,-0.0381216491656,-0.0167586891523,0.00874870975596,0.0339022742988,0.016845602965,-0.030511703919,0.0277575036836,-0.0613128792515,-0.01598630352,-0.00493257470351,-0.0210555258075,-0.0344904248701,-0.00534863404537,-0.039566833248,-0.0409324579972,-0.0318798005726,-0.0606155745444,-0.0181846499066,-0.0361863459982,0.0461757990808,0.00714448676159,0.0235013861553,0.0130477842929,0.0278969578816,0.00948509860792,-0.0119494252552,0.00973024835216,-0.0413852090972,-0.0181162378648,-0.0238430988201,0.000849493788818,-0.0125834669682,-0.0652071620373,-0.0195772158946,-0.0348071533624,0.0355881567559,-0.028930331614,-0.0256114089483,0.00702023392295,0.0191746422179,-0.0123836004562,-0.0471848870854,0.0149213674029,0.00160898044055,0.0120196868741,-0.0215309144432,-0.05683031625,-0.0796239880768,-0.0178675601681,0.00631837677108,-0.022085036638,0.0161961906989,-0.0257669851304,-0.0111379831219,-0.0323139062384
1871,0.0317229248591,-0.000649146634926,0.0204557271944,-0.0366333540995,0.00547876415216,0.0377084869649,0.0283077913536,0.0081260276608,0.00901552859272,0.0378149764342,0.0167097376104,0.00965938044786,-0.0209144574341,0.00778822523423,0.0247419447031,0.0175530982734,-0.00957485596489,-0.0104261012845,-0.0248646483994,0.00690193868608,-0.00674632507185,0.0303209660237,0.0060305457235,0.0483998525189,0.000500681178196,0.00261893366735,0.00916522605016,-0.0213097867974,-0.00344079608571,0.0177899084821,0.0346596060712,-0.0122574785774,-0.00331245192274,0.0123872590109,0.0137937341729,0.00368369202004,0.0165005708982,0.0227727888895,-0.000452308768044,-0.000123447369945,-0.002061849742,-0.00917098440961,0.0282942800523,-0.0167885667648,-0.0308899546686,-0.0218880447608,-0.000698810880664,0.0233948544347,0.0560259003064,0.0313326403622,-0.0150638647774,0.0463876244468,-0.0474140469837,0.00053802718674,0.0100174704514,-0.00523247093755,-0.0192847425967,0.00990198370486,-0.0253137499586,-0.0315610956023,-0.0117301585623,-0.0466764063811,0.00436338876298,-0.0201993731479,0.0666178062068,0.0250724722058,0.0381825834696,0.0371483169691,0.0428664786663,0.0248634116014,0.0091809387109,0.0254085362813,-0.0213715498812,-0.00433599538523,-0.00912415295303,0.0222062989666,0.00244938588578,-0.050772332139,-0.00151324738888,-0.015012500457,0.0487478008583,-0.0160264122861,-0.0105131770996,0.01776242411,0.0333728323539,0.00619387393141,-0.0206751080003,0.0309012905007,0.015738883259,0.030425776933,0.00211585155862,-0.0355660515008,-0.0641893123484,-0.00441337386748,0.021521899312,-0.00648780645198,0.0373472753316,-0.0110658664249,0.00130402350696,-0.0193430330452
1872,0.0246514912629,-0.0232353721144,0.00392060589642,-0.0743895790005,-0.033788579355,-0.000222846469699,0.0132456806697,-0.0205213926051,-0.0404576607669,0.0135501829254,-0.0144850036578,-0.0293180444764,-0.0552109131475,-0.0247055985476,-0.00618639945723,-0.00505280619433,-0.0555379023774,-0.0567982334926,-0.0654887936673,-0.0268782340846,-0.0310104777435,0.0128019278297,-0.0343932357391,0.0358685851238,-0.0120982239849,-0.0148236836068,-0.0224129677458,-0.0474022015257,-0.0369935252673,-0.00204006122369,0.00658359484712,-0.0481570568835,-0.0379882284699,-0.0236592306381,-0.0218803297867,-0.00794398987319,-0.0144863874526,-0.0180558712416,-0.0243289295954,-0.0294605679019,-0.0360599975046,-0.0300663842629,-0.0209747889709,-0.0381701406206,-0.0496960756612,-0.0485469575629,-0.0200070926875,-0.00120213145724,0.0116658565993,0.00260247856962,-0.0299773939395,0.0185866550492,-0.0736753721366,-0.0184493862993,-0.015579486337,-0.0276989657108,-0.0484514136091,-0.0146267368356,-0.0523852162469,-0.0502821748346,-0.0361752139064,-0.0804706666352,-0.011148372177,-0.0363751167325,0.0248804475025,0.000205455717595,0.0190241602741,-0.00436365666869,0.0163208059484,0.0128293257164,-0.0218218571657,0.00133582204812,-0.0454550436391,-0.0377551511153,-0.0327496465625,-0.022330450238,-0.0202862648631,-0.0709264824785,-0.0426266932655,-0.047626815396,0.0380340167951,-0.0408031992033,-0.0289943444737,0.0021347009043,-0.00267010346301,-0.0224645356966,-0.0592505396352,-0.00974332377266,-0.00274774554136,-0.00355902449252,-0.0327588899188,-0.0659285189646,-0.101574331797,-0.037479896308,-0.00363252666634,-0.0310959983188,-0.00527435009947,-0.0294444741794,-0.0136355993929,-0.0441126840152
1873,-0.00748764339713,-0.0726558238502,-0.0413666022338,-0.142398599069,-0.100025750744,-0.0607414177964,-0.0311154782595,-0.062392265957,-0.0992904555064,-0.0379772588351,-0.0657767757469,-0.0651555413056,-0.113035343139,-0.0748870992929,-0.0561838793493,-0.0625423365933,-0.126699206132,-0.117066080909,-0.133378840432,-0.0887045995422,-0.0752042869692,-0.0262467278502,-0.0834450482782,-0.00430615175803,-0.0444578891308,-0.0592128315335,-0.0623842045637,-0.103312478942,-0.0899748702404,-0.0399140842978,-0.0489390374879,-0.127038391113,-0.0788331363629,-0.0831420758126,-0.069994403739,-0.0320182629893,-0.0548532716917,-0.0772749605865,-0.0650251850969,-0.0886549236241,-0.0937466811692,-0.0660913005053,-0.0901554156893,-0.0847103942248,-0.0821456716223,-0.101722557635,-0.066487580855,-0.0436948277353,-0.0553636166128,-0.0412609508619,-0.0711612427391,-0.042339379154,-0.123815569698,-0.0680263668096,-0.0680420175024,-0.0699668082175,-0.0907316486294,-0.063015690888,-0.0983502484639,-0.0887224030337,-0.0946069878518,-0.132807868752,-0.0606059727701,-0.0829382002437,-0.0406684514556,-0.0551005240717,-0.0292263709181,-0.0745833305911,-0.0286402722082,-0.0234449504802,-0.0841755008277,-0.0490576766175,-0.0988652791272,-0.0733907378765,-0.0878316303313,-0.106071077622,-0.0713620845042,-0.104336651627,-0.0949042150257,-0.0982985303923,0.0123232808596,-0.079338453588,-0.0666389719087,-0.0243164150992,-0.0634131151589,-0.0881066535259,-0.121950144596,-0.0640748772277,-0.0408220581284,-0.053510734421,-0.0916219055074,-0.130579537285,-0.144924823163,-0.0969353330677,-0.0509407962406,-0.0770925762622,-0.0706433289212,-0.067732521747,-0.0448637724058,-0.0732454330636
1874,-0.0206834882675,-0.0799875378344,-0.0544990160747,-0.139765818918,-0.0950331695917,-0.0496293073081,-0.0461428538159,-0.0512219528302,-0.0722453319158,-0.0409261644963,-0.0568804996521,-0.0363909772691,-0.108126148591,-0.0632750810667,-0.0478784842496,-0.0753463895084,-0.116184441365,-0.0982751329473,-0.128682886932,-0.0886095902284,-0.0705907688413,-0.0305361636278,-0.0598509460479,-0.018120721808,-0.0490306635897,-0.0697716007345,-0.0478577265945,-0.109286949015,-0.0775409747072,-0.0415347471438,-0.0480391458408,-0.141234746171,-0.059159995763,-0.0763273181168,-0.0556404235507,-0.0334034723003,-0.0422069588494,-0.0631231153066,-0.060010814959,-0.0918399397707,-0.0844525787675,-0.0625330944367,-0.0746801942294,-0.0902127101535,-0.0816856867674,-0.105167328336,-0.0754088125445,-0.0442885572974,-0.0406733876131,-0.0315945153662,-0.0817213241557,-0.0508348283561,-0.12353817208,-0.0797782204944,-0.0714827300105,-0.0690072296823,-0.0803602187688,-0.0634712092808,-0.0922341082777,-0.0910802882048,-0.10660590085,-0.129054541148,-0.0750779682922,-0.0970834533049,-0.0301992844486,-0.0623676114059,-0.0404411093314,-0.0686454179867,-0.0235192453378,-0.0339822659208,-0.0860085698968,-0.0525681100246,-0.10386351139,-0.053874970402,-0.100241814088,-0.107796394301,-0.078911342139,-0.097757373605,-0.0776326911694,-0.0865554598266,0.0112913287835,-0.0725754715174,-0.0681103572885,-0.0201215394897,-0.0594859952763,-0.100985397342,-0.109559528588,-0.0434919191261,-0.0413132973389,-0.0431882162997,-0.0845476549592,-0.138020430587,-0.121298303517,-0.0967084608342,-0.0510390872213,-0.0759576036024,-0.0555781369716,-0.070427527672,-0.0448671604842,-0.0587410812652
1875,-0.0161786494685,-0.0622396002598,-0.0410688851232,-0.106883335777,-0.0607147936263,-0.0162889014887,-0.0368897120574,-0.0280546445204,-0.0420481228146,-0.0206813612207,-0.0319556230557,-0.0199070420778,-0.0861055650086,-0.0378333646351,-0.0241651745654,-0.0544794306896,-0.0776523579191,-0.0737052620337,-0.0943959366319,-0.0612090912149,-0.0488239257105,-0.0182653190431,-0.0314815881947,-0.00865432092388,-0.0419715603244,-0.057139886133,-0.0312081668333,-0.0863983185162,-0.0473853782121,-0.0328253904697,-0.0216212191209,-0.110995378116,-0.039759397344,-0.0496305357229,-0.038223959596,-0.0268917340365,-0.0294485655038,-0.0351189907871,-0.0419270931224,-0.0653486599504,-0.0542577414535,-0.0476100448761,-0.0414539840415,-0.0736217558261,-0.0755669720795,-0.0844167292879,-0.0606892743911,-0.0317369595344,-0.00872168813748,-0.010302868654,-0.0694390082838,-0.0286534426937,-0.0995463656435,-0.06317733103,-0.0482947266416,-0.0524725206923,-0.0622572310305,-0.0414573253519,-0.0685529809707,-0.0715986411412,-0.089543088894,-0.109523011898,-0.0629307530082,-0.083716039097,-0.000207688893744,-0.0414979139277,-0.0240732207929,-0.0414966920282,-0.0026304212557,-0.0252861327432,-0.0600356618745,-0.0315281204402,-0.0844576697417,-0.0387117577581,-0.0822426637249,-0.0700265752318,-0.059010067685,-0.0824731288436,-0.0562948121209,-0.0626663113336,0.0207723599185,-0.0548852987458,-0.0552183885055,-0.00826767347721,-0.0308415472191,-0.0792689358961,-0.081053560206,-0.011255214453,-0.0249321207593,-0.0237237845467,-0.0615475582281,-0.116385315691,-0.0963618154632,-0.0691876302085,-0.0318486885205,-0.0572664414716,-0.0208699816452,-0.0574508284308,-0.0310149739495,-0.0451142149134
1876,-0.0129815511697,-0.0509796910889,-0.0295531433095,-0.0895358959243,-0.0419596394785,-0.000679423569121,-0.0298647706248,-0.018111722757,-0.0333775710352,-0.0103484367434,-0.0217038333499,-0.0146172738652,-0.0771278803497,-0.0270739436739,-0.0142106370817,-0.0376938122499,-0.0590998250309,-0.0675028628679,-0.0766480220469,-0.047015335072,-0.03825562187,-0.0131260499915,-0.0216081620214,-0.000473269571806,-0.040698863548,-0.0488973682672,-0.0244661536584,-0.071907892687,-0.0338250728449,-0.0307194826682,-0.00714611527324,-0.0884058804048,-0.0342675685096,-0.036081330884,-0.0342872583649,-0.0252937557432,-0.0269492224847,-0.0246219983065,-0.0340046942949,-0.0493207954848,-0.0403567817276,-0.0420808010903,-0.0258824512997,-0.064602437439,-0.0730278039932,-0.0736570117293,-0.0516881593317,-0.0226027640558,0.00279301626048,-0.00186798937583,-0.0603685176998,-0.0151104733259,-0.0861099554656,-0.0502398000056,-0.0339645312966,-0.0449060036388,-0.0556664304397,-0.0293887158028,-0.0573100314852,-0.0576226985774,-0.0795854037169,-0.0978492430387,-0.0546232134656,-0.0721119734343,0.0110459313901,-0.028517182053,-0.0113077856189,-0.0313279589608,0.00840405445798,-0.0194883394265,-0.0467590854099,-0.0193187454325,-0.0738593714989,-0.0325261120875,-0.0688679630332,-0.0488947410501,-0.0455125138279,-0.0766869441162,-0.0467312881039,-0.0541728203525,0.0247971098651,-0.0453732566303,-0.0502308055424,-0.00319562375497,-0.0171041761367,-0.0647888587933,-0.0712787197094,0.00105086956052,-0.0165666731647,-0.0159135014846,-0.0547526261281,-0.104899718549,-0.0873999493488,-0.0540941857272,-0.0220052860524,-0.0485922222488,-0.00670518521246,-0.0516898664191,-0.0236683191361,-0.0378675556336
1877,-0.00743142480945,-0.0398210400638,-0.0168263779867,-0.0746297745883,-0.0262878106686,0.0124718423479,-0.0210979908026,-0.00918408235835,-0.0235904456731,0.000212951796213,-0.0115874492925,-0.00614235973838,-0.0665503562137,-0.0160893933275,-0.00417810177789,-0.0202341802492,-0.0449832742747,-0.0593689980264,-0.0625582474961,-0.0344375828659,-0.0278979184541,-0.00712731820889,-0.011967799571,0.00955434063448,-0.0373010332021,-0.0398292315592,-0.0155585895776,-0.0583037174186,-0.0216051590211,-0.0261147134549,0.00646866208067,-0.0668808996237,-0.0269053182529,-0.0219152447259,-0.0274421398696,-0.0225978254688,-0.0213345149568,-0.013852779912,-0.0254896641949,-0.0347480777987,-0.0276246908378,-0.0361397926143,-0.0102579367158,-0.0556839694156,-0.0678293313825,-0.06365430817,-0.0420860447552,-0.0114300965977,0.0144757014121,0.00671269441563,-0.0502134834189,-0.00167170907982,-0.0743737722298,-0.0364438874476,-0.0206933653603,-0.0364890826233,-0.0477073357815,-0.0182627489947,-0.0473133703404,-0.0450700096112,-0.0688701362602,-0.0852795664308,-0.0440991504722,-0.0591547730378,0.0219156103562,-0.0156719245366,0.00209529999662,-0.019598798181,0.0199728662887,-0.0120883605386,-0.0338774067722,-0.00771988856953,-0.0624533781505,-0.0241302383012,-0.0552896541394,-0.0303194562974,-0.0324021431194,-0.069977166348,-0.0347171216922,-0.0446765959601,0.0296591727183,-0.0349703311263,-0.0445106881071,0.00257365509176,-0.0056850794432,-0.0502637164189,-0.060225851583,0.0119502706282,-0.00841712182921,-0.00592866928666,-0.0462504376289,-0.092729706554,-0.0778232390025,-0.0412332856783,-0.011994430243,-0.039571981169,0.00638416826639,-0.0451782786851,-0.0162247863208,-0.0288032368707
1878,-0.00203330293898,-0.0306969909505,-0.00535211414838,-0.0642812373551,-0.0140754543861,0.021836884027,-0.0132935308205,-0.00258969832096,-0.0184583512871,0.00751911431925,-0.0046081861562,-0.00187399398462,-0.059046106192,-0.0080585723477,0.00297434988775,-0.00516712748812,-0.0352468605499,-0.0549956886978,-0.053006035945,-0.0255116858106,-0.0203846025214,-0.0033107806953,-0.00553589486212,0.0189621722137,-0.0352748894531,-0.0321890458684,-0.00942366846939,-0.0479485550251,-0.0134312030583,-0.0232928836842,0.016188439645,-0.0492830722775,-0.0228416540626,-0.0100891596061,-0.0237733220359,-0.0209447498368,-0.0186951907908,-0.00623023100623,-0.0191448839124,-0.0239770194641,-0.0184126171517,-0.0323063057648,0.00230671747695,-0.0492114114651,-0.0641273527109,-0.056803151267,-0.0347182990009,-0.00171608006642,0.021786070669,0.0129345898507,-0.0415850058217,0.00829664231577,-0.0657557407564,-0.0246039523754,-0.0107507622223,-0.0304209359163,-0.0418632795724,-0.0102241865343,-0.0402446836972,-0.0350000320421,-0.060938643957,-0.0753705686327,-0.0351495078991,-0.0473476974478,0.0285008849787,-0.00603502330465,0.013612211822,-0.0114431852833,0.0292473915281,-0.00583278240362,-0.0249204358502,0.00119019351935,-0.0532381000333,-0.0183016758998,-0.0440478911204,-0.0174214276598,-0.0220543797635,-0.0653294587595,-0.0252306789517,-0.0387098946158,0.0331292738967,-0.0262790504224,-0.0407977242285,0.00695033503236,0.00213114031054,-0.0384622321497,-0.0538599204226,0.0189640553177,-0.00251744004475,0.00141791035972,-0.0419405894451,-0.0828973119736,-0.0710965423949,-0.0319439524554,-0.00423422078728,-0.0323715135035,0.0144682907405,-0.0406792212614,-0.0106809473681,-0.0210891669471
1879,0.00227714509192,-0.0240268284243,0.00367138303614,-0.0578351558909,-0.00549233013531,0.0280424360404,-0.00740791753813,0.00208941550956,-0.0150155227649,0.0121353691329,0.000316391191262,0.00239625126377,-0.0535497966592,-0.00211828389312,0.0080597064087,0.00622839497979,-0.0293408036326,-0.0517993509054,-0.0473224765545,-0.0198029436569,-0.0151013499306,-0.00104425662494,-0.000931486362147,0.0265735705492,-0.0339688480361,-0.0264674601794,-0.00442331895445,-0.0408921954172,-0.00807967467226,-0.0210893949638,0.022627612558,-0.0367162588529,-0.019547316247,-0.000862300688729,-0.0207570715975,-0.0197504081591,-0.0161050680298,-0.000755133460149,-0.0144595841583,-0.0168828374121,-0.0119506359506,-0.0296963724012,0.0116416592135,-0.044981882739,-0.0607202510438,-0.0525637825334,-0.0297967184104,0.0064462027873,0.0266307543521,0.0175255822411,-0.0351864704614,0.0147111759859,-0.0600386647,-0.0157201600173,-0.00412731394322,-0.0261075518355,-0.0372448552641,-0.00494396084474,-0.0354568686575,-0.0277504864797,-0.055856363591,-0.0679005276688,-0.0285897745593,-0.0379718315797,0.0325846447941,0.000386278945143,0.0222578533497,-0.00564756556177,0.036283533123,-0.00128963510013,-0.0192505454031,0.00743795162331,-0.0463291013486,-0.0132054221175,-0.0359318103994,-0.0096639069893,-0.0148653256728,-0.0616800074467,-0.0174288317083,-0.0345398901711,0.0356736662457,-0.019315926693,-0.0383242741915,0.0104400856968,0.0069499425465,-0.0300740018727,-0.0494630274793,0.0234562803237,0.00154023052021,0.0073307522049,-0.0393630138713,-0.0756448934255,-0.0658870471972,-0.0259840994425,0.00141388088374,-0.0268433181821,0.0194644943932,-0.0376825154481,-0.00668728612688,-0.0141762642259
1880,0.00573519815516,-0.0220536108205,0.0080641061821,-0.0580578829329,-0.00652124297132,0.026916201893,-0.00426757770314,0.00134794425078,-0.0162396023784,0.0146055249029,0.00134434617309,0.00419165369092,-0.0518103338783,-0.000822596121693,0.00895385082409,0.0112745582671,-0.0335487524651,-0.053220571692,-0.0497389241525,-0.0198985154233,-0.0129706123496,0.000836886804985,-0.00279079370749,0.0309936593116,-0.0317300956482,-0.0238199267575,-0.00317299393362,-0.0388033130656,-0.00718594910323,-0.0192299824051,0.0252438126466,-0.0336432853113,-0.0190344245163,0.000761553447241,-0.0200476161266,-0.0186900219596,-0.0149924784192,-0.00138244409417,-0.0129727669693,-0.0153688851792,-0.0111371396491,-0.028808763859,0.0105787943454,-0.0436076539019,-0.0589283125989,-0.0519010395637,-0.02749304387,0.0093006565311,0.0268204458167,0.0179848786199,-0.031693295986,0.0169150138186,-0.0595860966174,-0.0115030650087,-0.00239496131777,-0.0240433037248,-0.0366272346905,-0.00368718369348,-0.0351000471753,-0.0258314070639,-0.0535202933963,-0.0673424740312,-0.02390225266,-0.0333347718362,0.0324146377919,0.00296498045157,0.0259692242158,-0.00412785751817,0.0383548015428,0.00189626848257,-0.0172643371536,0.00932705175516,-0.04327882079,-0.0127034612584,-0.0331333664743,-0.00965763022501,-0.0124853412591,-0.0595288956413,-0.0169002514646,-0.0326847887936,0.0380256378871,-0.0174674010507,-0.0367979745973,0.0120938630493,0.00526050414001,-0.0277824154253,-0.0464535444831,0.0217878952638,0.00319047715876,0.00881111665321,-0.0369505460805,-0.073685298462,-0.0665589012379,-0.0265805686303,0.00286518608047,-0.0254116363274,0.0199485603741,-0.0359210759681,-0.00436068220444,-0.0120642773085
1881,0.00652792410973,-0.0274890568662,0.00505817420764,-0.0675838366488,-0.0195008019464,0.0167112400675,-0.00671330959487,-0.00582728324879,-0.0235837124514,0.0128667835143,-0.00355804676684,0.00286719858941,-0.0565113025672,-0.00555958836684,0.00396129441801,0.00721294099715,-0.0504559707813,-0.0617719474048,-0.0630336536344,-0.0284166771449,-0.0154216989239,0.000124976681213,-0.0118722102787,0.0296745483235,-0.0306338711843,-0.0269922704395,-0.00648501808148,-0.0445148721331,-0.0120505764158,-0.0203209637767,0.0220938960219,-0.0442769537688,-0.0226327828367,-0.00715815612094,-0.0236887081128,-0.0194970627372,-0.0177482133702,-0.00983698430284,-0.0161093731028,-0.021947160505,-0.0179620125231,-0.031392607093,-0.00208170349682,-0.0476952623316,-0.0605423774019,-0.0577411714667,-0.0300188610431,0.00501534529148,0.0199553596482,0.012930829692,-0.0332092088336,0.0122818739682,-0.066517563893,-0.0143751947224,-0.00758079309908,-0.0262275770501,-0.0413552944854,-0.00828781988603,-0.040906658968,-0.0308976554382,-0.0572979001802,-0.0755206503567,-0.0235704980185,-0.036494601589,0.0251562910476,-0.00097258696457,0.0223132617489,-0.00974421731011,0.0340920460533,0.00201589630558,-0.0213583030198,0.0045602985302,-0.0468677756772,-0.0169443917106,-0.0387956210544,-0.0205286019642,-0.0171976297448,-0.0604412598778,-0.0241785972814,-0.0349469320499,0.0387716867428,-0.0218569315325,-0.0386085238953,0.0107134074101,-0.00556444743915,-0.035251487748,-0.0481998231718,0.0130186993244,0.000601237826179,0.00389479309506,-0.0378696969762,-0.0808039319834,-0.0734141277074,-0.0361898553449,-0.00220648425881,-0.0302123261729,0.0139348216346,-0.0374789401087,-0.00511742270352,-0.0146746571291
1882,0.010167572168,-0.0271545569646,0.00567880061075,-0.0661973699796,-0.0204382595539,0.0188501342535,-0.00563956350667,-0.00341930928942,-0.0161269979829,0.0179435971764,0.00115249743075,0.0128860609898,-0.0515932642468,0.0000907365039283,0.00845057742531,0.00876941837997,-0.0530756243947,-0.0567529821296,-0.064597821709,-0.0274234136335,-0.0103399825831,0.00392482890195,-0.00705605839344,0.0314717695804,-0.025806685847,-0.0257854521895,-0.000152681425651,-0.043386081977,-0.00631469122866,-0.0164076209632,0.027235030076,-0.0466996929261,-0.0159540311009,-0.00380096318291,-0.0170209276475,-0.0171824157354,-0.0120210013297,-0.00545485701794,-0.0119349114305,-0.0204132722278,-0.0137293443734,-0.0280089803161,0.000871523899817,-0.046190219835,-0.0567236526444,-0.0566743972071,-0.0274672715035,0.00757826861908,0.0262846948946,0.0170262392015,-0.0307704086587,0.0148201608606,-0.0656477332183,-0.0123995944447,-0.00566100010337,-0.0221397663296,-0.0368635805433,-0.00571329566929,-0.0383305458387,-0.0309028396791,-0.0551926736238,-0.0741859359941,-0.0185769187132,-0.0360804822217,0.0296592164771,0.00144101260572,0.0233470854142,-0.00342811553119,0.0379457755396,0.00563340398411,-0.0165813953324,0.00670671032727,-0.0435304696297,-0.0103169559826,-0.0392170553301,-0.0191770545731,-0.0159400712694,-0.0552278093606,-0.0180101570014,-0.0275838457671,0.0429863333535,-0.0184095243584,-0.0355375343661,0.0141663250934,-0.00598914367644,-0.0357534941458,-0.0394649284532,0.0177273805987,0.00348094040919,0.00911617080986,-0.0299406630131,-0.0798351763824,-0.0672363314278,-0.0365454881288,-0.000224461428146,-0.0274970619869,0.0205477811183,-0.0342202043932,-0.00144488847046,-0.00831114653834
1883,0.00858668915876,-0.0341243922019,0.000585014373592,-0.0765821484067,-0.0315247661509,0.00884081411379,-0.0109117259364,-0.010861325672,-0.0292669087819,0.0125707726562,-0.00674644963229,0.00254818261738,-0.0612348960281,-0.00733775468052,0.00082464029687,0.00291319788997,-0.0675177143656,-0.0713945947493,-0.0769290770552,-0.0369909302597,-0.0150870528662,-0.000787431117889,-0.0181697877713,0.0278122123246,-0.0293201590453,-0.0313012431633,-0.00861770267863,-0.0507797258094,-0.0131997983453,-0.0228737342612,0.0216072926008,-0.058569336056,-0.0252169666446,-0.0137434329014,-0.0275210412381,-0.0208145778748,-0.0221016870576,-0.0166352802606,-0.0176329309233,-0.0281933030205,-0.0221690697792,-0.0334700408779,-0.0130451118567,-0.0527665202779,-0.0634541575351,-0.0650364221677,-0.0326325859531,-0.000782096472566,0.0148613995944,0.00990116437595,-0.0345389980852,0.00746036112702,-0.0729176627798,-0.0172024960935,-0.0119644623518,-0.0277500657171,-0.0449358821175,-0.0117965251797,-0.0452322286461,-0.0356335823014,-0.0629474408856,-0.0854297096561,-0.0220231124448,-0.0415654430227,0.0182340768258,-0.0053139026871,0.0180546386565,-0.0143072139793,0.0315709323809,0.00312511393949,-0.0238472101207,0.000556330393078,-0.0501690427865,-0.0198599216622,-0.046810594119,-0.0314979473847,-0.0220400276385,-0.0595696183892,-0.0301753512082,-0.034835328334,0.0409484890354,-0.0248495565979,-0.0410191455571,0.0105931317205,-0.0170278252099,-0.0454036757878,-0.0490760650095,0.00768165314266,-0.00118881076918,-0.000794048904447,-0.0387011210417,-0.0902144061718,-0.0768711108073,-0.0461229652141,-0.0075509256951,-0.0342463990125,0.0107231263549,-0.0391678389012,-0.00426893679527,-0.0145078862631
1884,-0.0602512226771,-0.143824264364,-0.0947821883547,-0.236910917046,-0.19260581635,-0.147230945231,-0.103489984948,-0.125182068185,-0.205908065109,-0.104148811554,-0.140933066941,-0.135789234912,-0.208981287969,-0.142734651225,-0.129344605129,-0.119859695993,-0.245780672347,-0.247398197161,-0.237990419174,-0.18084665462,-0.124687602816,-0.0881554524167,-0.170364448275,-0.0569917279205,-0.106304531875,-0.127709098889,-0.132222068428,-0.17486167715,-0.150299155392,-0.117310251209,-0.107223979591,-0.227721144778,-0.153729295328,-0.170238645787,-0.170651112307,-0.0796326590162,-0.14687092484,-0.178962692672,-0.122587340709,-0.161450353282,-0.171421321902,-0.123996832792,-0.203103883438,-0.15723636295,-0.155430985987,-0.185691928309,-0.132482662706,-0.115164166788,-0.16185173311,-0.108812852894,-0.121945846443,-0.124402027068,-0.190405383175,-0.122436632508,-0.129180962305,-0.1301869644,-0.165577376129,-0.124305768777,-0.160913124995,-0.122046007819,-0.188215038371,-0.223584382529,-0.127495161241,-0.140454666924,-0.148481036286,-0.126531904065,-0.0847844912078,-0.191532989985,-0.0845499663405,-0.0735142754704,-0.166605010922,-0.114383413026,-0.175294600591,-0.145529261404,-0.162887026999,-0.221129848063,-0.13315831907,-0.149415391584,-0.194125397993,-0.1702469045,-0.0212394035462,-0.131222492024,-0.130221255789,-0.0600080157842,-0.163514112335,-0.18774143017,-0.213508974469,-0.145894946323,-0.0914837469046,-0.142561268172,-0.185081176419,-0.240658800513,-0.218571038001,-0.184044835678,-0.12161014843,-0.14897538648,-0.158096598142,-0.12719403339,-0.0783391801443,-0.118197921184
1885,-0.147474095147,-0.251837607686,-0.205447795048,-0.367088663656,-0.321811629088,-0.257881184454,-0.211039030303,-0.197030805652,-0.280068805367,-0.207335686017,-0.233759593693,-0.167314473934,-0.313745475405,-0.230435968939,-0.219407115182,-0.256270608641,-0.372543479131,-0.335957142584,-0.361785502366,-0.3006376703,-0.209689875631,-0.165522207079,-0.239500813938,-0.159971752827,-0.176335791329,-0.230848676322,-0.191837156943,-0.292772491881,-0.241186514053,-0.188866317976,-0.216100519583,-0.402728825802,-0.206133973075,-0.286150940041,-0.245464012174,-0.128223200652,-0.207158237485,-0.278547023426,-0.198952650381,-0.28209894549,-0.280553238545,-0.189078000361,-0.321579618498,-0.254785712328,-0.219525045095,-0.290514808059,-0.233401514107,-0.203415531506,-0.271439143295,-0.186081024919,-0.218524942305,-0.251392036927,-0.29131627033,-0.238887093624,-0.237403828112,-0.210697748418,-0.238139319913,-0.222082656097,-0.246588359365,-0.205864987735,-0.313184073887,-0.319586279271,-0.246700761593,-0.256733502108,-0.258557190559,-0.243009124725,-0.198702109833,-0.319764012373,-0.171192935604,-0.159837045081,-0.289795022696,-0.220740578049,-0.2925385375,-0.19134089723,-0.285760633254,-0.383454546658,-0.244598693254,-0.209117907905,-0.279245166137,-0.25492584504,-0.0764677458882,-0.203582137565,-0.203845207179,-0.109357259399,-0.276308314887,-0.33420401812,-0.31788924564,-0.227744518884,-0.169666955623,-0.228531645356,-0.282331523087,-0.381070350203,-0.278561865176,-0.300070304502,-0.215723556415,-0.243651679791,-0.265049221456,-0.202645087956,-0.142499661635,-0.165863223986
1886,-0.19487630547,-0.287405373815,-0.25405497608,-0.386493670782,-0.343821664443,-0.267754627924,-0.260297434911,-0.200785332229,-0.265330472688,-0.230436350128,-0.245269456318,-0.160829703218,-0.334784067813,-0.238923054399,-0.231288202996,-0.309561751756,-0.380740320276,-0.34218516671,-0.373489088118,-0.323034913744,-0.222912950515,-0.184937668928,-0.231984361193,-0.210618825733,-0.202390270876,-0.272410625116,-0.20048760248,-0.324161340493,-0.241242037887,-0.211660357054,-0.23408771306,-0.460608355193,-0.20172663661,-0.314890834556,-0.258736259972,-0.143913822288,-0.220397333262,-0.288636164274,-0.213303338997,-0.308537772762,-0.295618517363,-0.199364156016,-0.338337437614,-0.282694462865,-0.25029921721,-0.313298681623,-0.266519990247,-0.243156050121,-0.27568348287,-0.195842028522,-0.256719862116,-0.286236296235,-0.31157970097,-0.284296556576,-0.262690419962,-0.227419928596,-0.251603035617,-0.242649268127,-0.256823092035,-0.227559086405,-0.3537317521,-0.347379115838,-0.297264144388,-0.309848974526,-0.265278043823,-0.274825108517,-0.24404949207,-0.345082276498,-0.189572401272,-0.196467531734,-0.315269844367,-0.249617990791,-0.331378130506,-0.198341057696,-0.329531206556,-0.411447100238,-0.278824726949,-0.217728297466,-0.301436102327,-0.260456230967,-0.0930841901864,-0.221049014993,-0.221647838076,-0.118855418482,-0.291972007085,-0.386352547919,-0.323880285999,-0.218032192919,-0.188218448845,-0.247426542499,-0.29013977585,-0.429136805332,-0.274113005857,-0.321452907395,-0.238443232697,-0.270701425692,-0.26264668835,-0.221028435062,-0.157020252439,-0.181941234918
1887,-0.207370997852,-0.272759671601,-0.252510488967,-0.340304478577,-0.302445970266,-0.222298626859,-0.262528868976,-0.1673587101,-0.202913372889,-0.202905670449,-0.211185120092,-0.117767735786,-0.302610661821,-0.201920473978,-0.198125395339,-0.298709129347,-0.324307497459,-0.299060837945,-0.321143629023,-0.286571588802,-0.193810098676,-0.167620684828,-0.183040461842,-0.217211681562,-0.198421392847,-0.268591636494,-0.169592192268,-0.297887288789,-0.192599239843,-0.199518195805,-0.196403771496,-0.433824818087,-0.16279742575,-0.286829618292,-0.23120966033,-0.138628916605,-0.197840895942,-0.247470302438,-0.189958379537,-0.274465688204,-0.257768501217,-0.178202055658,-0.290546535783,-0.265025207763,-0.246206835192,-0.285028146978,-0.251839769346,-0.234744577441,-0.222646874378,-0.167241767783,-0.250109560365,-0.258507451852,-0.28255431347,-0.275074850872,-0.233810044035,-0.204031827687,-0.227510652341,-0.21531779413,-0.224458806552,-0.207102835064,-0.335437456353,-0.320294595013,-0.294056428735,-0.311406795339,-0.215549329525,-0.249235465029,-0.23682161208,-0.307904782579,-0.163544785805,-0.194369554816,-0.280178802652,-0.228229148504,-0.317291634882,-0.167662377294,-0.314770514274,-0.356410765379,-0.259059269092,-0.196818219893,-0.270941520511,-0.222164455367,-0.0853464009388,-0.199877782696,-0.20522569786,-0.103930995297,-0.252036075246,-0.371040126634,-0.276590980232,-0.161884121089,-0.169963885956,-0.219296381436,-0.248689895419,-0.41481154954,-0.231476930951,-0.285408080881,-0.215585748174,-0.255539315354,-0.202480832649,-0.203094153512,-0.140506126315,-0.165393964666
1888,-0.180983556657,-0.214251028052,-0.201775705864,-0.246626896222,-0.214827431812,-0.139952235463,-0.21779768127,-0.110274843723,-0.118723509313,-0.134746700578,-0.145326201231,-0.0646633918061,-0.230437620577,-0.133668028952,-0.132933877183,-0.227637572871,-0.226783141352,-0.227977645641,-0.225568332131,-0.205882613648,-0.132898273743,-0.120253023523,-0.114150472462,-0.177992527262,-0.166583318953,-0.222197357036,-0.115553774269,-0.224406078073,-0.112786937206,-0.158666456814,-0.116371694173,-0.333396546102,-0.107425696863,-0.214549466629,-0.178224004845,-0.115422255765,-0.154388883158,-0.172616060086,-0.137998708081,-0.192801660742,-0.18249416662,-0.134111849298,-0.199033363271,-0.209513222193,-0.215392814835,-0.217300653129,-0.194991066655,-0.188347386585,-0.132888757708,-0.112299451695,-0.20106796379,-0.178382900047,-0.216048539404,-0.214455140492,-0.161477431284,-0.149158955694,-0.177669949668,-0.150692156555,-0.162346115728,-0.152266310918,-0.266008572699,-0.254000710555,-0.238074217961,-0.261696017398,-0.128877296476,-0.175808033554,-0.180089295212,-0.223249049912,-0.103162781044,-0.154239261913,-0.197607405502,-0.165380081452,-0.256655807105,-0.12005241323,-0.247493048031,-0.239037838477,-0.19289272317,-0.154762225103,-0.207906554955,-0.15454774747,-0.0566169639443,-0.149913267557,-0.16147573981,-0.0706063284862,-0.173217053679,-0.295580289461,-0.194344471927,-0.0808881207639,-0.122444857438,-0.158436827652,-0.173436192546,-0.345849368511,-0.170712618295,-0.206529379447,-0.156259045394,-0.205736565716,-0.10654591949,-0.155558768367,-0.0990242577283,-0.130615920606
1889,-0.145089933997,-0.160070671827,-0.144877371971,-0.176011195013,-0.148398088948,-0.0841894688768,-0.16746063505,-0.0732633274077,-0.0744441105831,-0.0786759777707,-0.100732271284,-0.0397424408514,-0.175982172183,-0.0862743400904,-0.086720654483,-0.152748406243,-0.162019844596,-0.188867117763,-0.157285676828,-0.143501332308,-0.0862275772454,-0.0819395870874,-0.0779569853104,-0.130139937131,-0.138259654055,-0.175561480403,-0.0792375801175,-0.160906123351,-0.0588495967148,-0.125573435769,-0.0526090762714,-0.237472743776,-0.0782229851465,-0.15717478018,-0.147199157575,-0.0974155607519,-0.129799988853,-0.123877711089,-0.0985863354355,-0.12482246163,-0.130112672904,-0.103316558326,-0.13309329635,-0.162592960285,-0.188092740179,-0.163990442997,-0.141941748208,-0.143954196786,-0.0753118827106,-0.075626731738,-0.149959832226,-0.107046013872,-0.164013638143,-0.150986278926,-0.0996843124202,-0.105633429057,-0.144330092341,-0.0986562897351,-0.118541804773,-0.10333439754,-0.202993662881,-0.200083865793,-0.177634577191,-0.204907224731,-0.0721252564849,-0.110845898439,-0.120514016554,-0.160142853676,-0.0542645988244,-0.110885427434,-0.131158750358,-0.111835036162,-0.202020990694,-0.0918544370095,-0.181343658971,-0.145547371895,-0.13167316618,-0.12615169049,-0.163986240409,-0.109965348407,-0.0332113516621,-0.110281233831,-0.127939173132,-0.045983866156,-0.117226355111,-0.223385542792,-0.142672247004,-0.0335320171825,-0.0848087359356,-0.114768745404,-0.124021536876,-0.284272792133,-0.138452815193,-0.14512534565,-0.107815125626,-0.166200452209,-0.0440638300869,-0.116605753128,-0.0650223109444,-0.107230777383
1890,-0.119565098744,-0.13217980309,-0.107877875925,-0.151507219387,-0.124163683619,-0.0704405832192,-0.135826991958,-0.0645151479118,-0.072389510978,-0.0554570005943,-0.0897886966381,-0.0409274027031,-0.155258655677,-0.0716757177206,-0.0723833609825,-0.10667982385,-0.146649129796,-0.186398462246,-0.135986578744,-0.120395109117,-0.0688612694091,-0.0670144014477,-0.0768247396498,-0.0975196116998,-0.12582782936,-0.1501993724,-0.0674631404842,-0.131889649084,-0.0444602781938,-0.111360568828,-0.02685457637,-0.185275120061,-0.076756352412,-0.132944518687,-0.143864803145,-0.0916190346528,-0.127409530315,-0.112210863443,-0.083792139354,-0.0951350734379,-0.116388153125,-0.0948735662005,-0.108628847071,-0.142999515983,-0.174533222501,-0.14404039609,-0.114800054014,-0.118439960302,-0.0624990291651,-0.0666949491724,-0.119404974907,-0.0722788617476,-0.144693550642,-0.112317518196,-0.0713503871132,-0.0875843082051,-0.135437719862,-0.0780134047689,-0.106007428543,-0.0789436629278,-0.172785350567,-0.175082796215,-0.140791463203,-0.167995566428,-0.0591521961656,-0.0795852492531,-0.0846012264143,-0.137721981706,-0.0322240146169,-0.084529017232,-0.104647808932,-0.0883423999644,-0.175732396033,-0.0855431226867,-0.14406247992,-0.107799796878,-0.100188985526,-0.118717099435,-0.148849511783,-0.0993972572392,-0.0247952920196,-0.0925462207942,-0.116384104102,-0.0371504740176,-0.101044796371,-0.185246228157,-0.133922738249,-0.0268682236468,-0.0710649333266,-0.0991630113804,-0.113113022736,-0.255587365009,-0.136836694487,-0.122019504354,-0.0866991906168,-0.151759669724,-0.0296797993376,-0.100119754026,-0.0508731853294,-0.100157302887
1891,-0.0969974485735,-0.111619527968,-0.0801387656251,-0.136372201391,-0.108562893197,-0.0610333513559,-0.111117500391,-0.0561773609829,-0.0618198765694,-0.0383582400322,-0.0787334669395,-0.0278901920233,-0.134290228147,-0.0563710063473,-0.0581933845485,-0.0737642116094,-0.138868133104,-0.175094236683,-0.124278695367,-0.104794339086,-0.0543556920935,-0.054715755505,-0.0704113968851,-0.0713174392644,-0.111931742794,-0.130750277679,-0.0503216800072,-0.11320990271,-0.0327735008287,-0.0948697962482,-0.00904546963233,-0.151294593471,-0.0668750195209,-0.110477844814,-0.131302492858,-0.084291209013,-0.115413091481,-0.0981395088527,-0.0692862702156,-0.0762814947886,-0.105321787312,-0.0858344060342,-0.0850124198769,-0.129101710954,-0.157318893489,-0.130598230447,-0.0952480219906,-0.0940489771881,-0.0476708432552,-0.0563096369034,-0.0967581043747,-0.0484641862304,-0.132787949711,-0.0842487173515,-0.0529929790436,-0.0714633098927,-0.122703245467,-0.0641329747101,-0.0966862457953,-0.0641144922083,-0.151406313172,-0.153299120773,-0.11183226461,-0.140309864396,-0.0460894717412,-0.0582463973084,-0.058688047317,-0.11420110509,-0.0126611532817,-0.0635809214089,-0.0856226181815,-0.0718482446493,-0.154038700268,-0.0709536238732,-0.118196903885,-0.0842632648047,-0.0791645861308,-0.109009560447,-0.12764571517,-0.0859875296477,-0.0165474061909,-0.0751513631363,-0.105447782452,-0.027269649781,-0.0907205258068,-0.158277272236,-0.121478045584,-0.0188394276122,-0.0608027168659,-0.0795688917583,-0.0991337302417,-0.232163590907,-0.128764239108,-0.107496126403,-0.0691899597219,-0.138424066924,-0.0166994547763,-0.0860542706834,-0.0395408707703,-0.0872782464385
1892,-0.0718592404567,-0.0917111313946,-0.0548939668984,-0.120842115463,-0.0946422655182,-0.0504450152843,-0.0865532719968,-0.0470127339176,-0.0480064603935,-0.0183218372687,-0.0642248824098,-0.0143212291818,-0.111172668763,-0.0386681309675,-0.0412920430773,-0.0442657237414,-0.132278559249,-0.160419927003,-0.113703025256,-0.0884244472709,-0.037195393375,-0.0388544632964,-0.0629394102709,-0.0454751211067,-0.0929069001238,-0.110561488281,-0.0331812254446,-0.0955469068691,-0.0182494841564,-0.0753967411878,0.0104682315614,-0.123175896573,-0.0544788117771,-0.0884332936556,-0.114563253761,-0.0738200259136,-0.100354692272,-0.0817426223602,-0.0527108787663,-0.058267326408,-0.0915200144057,-0.0736250180333,-0.0636733650619,-0.11373664527,-0.139122561568,-0.115935510396,-0.075066468686,-0.0723385147118,-0.0282078220335,-0.0434538286487,-0.0748012689998,-0.0248037375382,-0.120927139913,-0.0583161759022,-0.035393976671,-0.0534092068257,-0.108085688104,-0.0491951975192,-0.0857702092309,-0.0522400531295,-0.128929377742,-0.135305942314,-0.0816086926687,-0.114998043147,-0.0287734372961,-0.0370526795861,-0.0347825283814,-0.0860007242886,0.00671198771655,-0.0413228377241,-0.0637931005835,-0.0544918185405,-0.130308441047,-0.0574923706883,-0.0951548997944,-0.0613646004252,-0.0596466804482,-0.0959036552399,-0.107837141793,-0.0676575171962,-0.00461898177179,-0.0588391139266,-0.0909830046084,-0.0156086701985,-0.0797829799744,-0.132604269206,-0.10202992871,-0.00880676794775,-0.0483842822721,-0.0590113999135,-0.077878994328,-0.207163457662,-0.119988639553,-0.0935404990976,-0.0511393564277,-0.122632135145,0.000498707146834,-0.0695063488157,-0.0262070453076,-0.0753768661998
1893,-0.0476775790055,-0.0740792060725,-0.0335229708304,-0.107217528439,-0.0816218250182,-0.0400532811583,-0.0645960174031,-0.0377620929103,-0.0348280800398,-0.000479283185468,-0.0501880642947,-0.00101856556611,-0.0902452817779,-0.0220207006887,-0.0253163668884,-0.0199733722425,-0.125387754221,-0.145338190905,-0.104244580804,-0.0735274683225,-0.0214861804426,-0.0240827029264,-0.0545167155566,-0.022297879886,-0.0742707774666,-0.0918750239179,-0.0171703004562,-0.0805787368303,-0.00513197006553,-0.0571743154291,0.0274410190243,-0.100919739152,-0.0424658832394,-0.0680145408548,-0.0978196902894,-0.0631655486541,-0.0851737010956,-0.0655276472086,-0.0373545897546,-0.0431017861744,-0.0781622060641,-0.0618959501741,-0.043627091059,-0.0996854691828,-0.121215830763,-0.102751885542,-0.0573807655379,-0.0522314870046,-0.00979807460513,-0.030676511288,-0.0558958047206,-0.00474025745762,-0.110448827928,-0.03657227828,-0.0205957046989,-0.0373099275213,-0.0935952870197,-0.035938754372,-0.0754310627339,-0.0429591560432,-0.109101115362,-0.11942222597,-0.0545657833885,-0.0935053485877,-0.0123432902475,-0.0189644705028,-0.0145532980169,-0.0594571021572,0.023899581785,-0.0211112259239,-0.044325846874,-0.038696153711,-0.108312357132,-0.0434654333844,-0.076000146264,-0.0422422662202,-0.0433625622048,-0.0832421453362,-0.0879696129714,-0.0506720606556,0.00725100348986,-0.0438669644169,-0.0770796807895,-0.00445517416114,-0.0692943198011,-0.110192979914,-0.0841103555246,0.00111071459552,-0.0367167975651,-0.0395174491742,-0.0585361468897,-0.183933815164,-0.110301570394,-0.0810977017768,-0.03491127815,-0.107005730246,0.0159546317629,-0.0544212902028,-0.0138284170308,-0.0623388013225
1894,-0.024432111137,-0.0558733378212,-0.01299946944,-0.0919591422461,-0.0645105457555,-0.0266272582874,-0.0433536320108,-0.0264655503282,-0.0214497506312,0.0159692906125,-0.0352120072344,0.0109470078704,-0.0701463923703,-0.00500122162635,-0.00886851305202,0.00294001865061,-0.113256229288,-0.128932833876,-0.0914570648724,-0.0569737136081,-0.00619412983514,-0.0103437306675,-0.0436984667475,0.0000922528283231,-0.0569382391168,-0.0727352745209,-0.00202950362757,-0.0650693924479,0.00815099132001,-0.0402327709963,0.0436362147942,-0.0780130225752,-0.0306529978123,-0.046267350772,-0.0809298303633,-0.052301664229,-0.0700633943784,-0.0475949932757,-0.0221853573643,-0.0274348873668,-0.0629098016456,-0.0500634351234,-0.0214874851085,-0.0852332435738,-0.103818894396,-0.0889014587236,-0.0406658054661,-0.0322799470233,0.00906422587814,-0.0166159444421,-0.0383019594208,0.0141943427669,-0.0982695460045,-0.016178579042,-0.005788172151,-0.0222213690717,-0.078251540039,-0.0223524212024,-0.0636981917373,-0.0328527204823,-0.0901072424834,-0.103063183995,-0.0299227400254,-0.0726645579321,0.00474173772311,-0.00173446032396,0.0050068336293,-0.0332588408099,0.0407592032982,-0.00249561154808,-0.0255896016189,-0.0220678068913,-0.0862613092033,-0.0293049061432,-0.0570125834343,-0.0225537809633,-0.0273601662524,-0.0706932830487,-0.0672683700504,-0.0345811854167,0.0188844103644,-0.0285380945951,-0.0634024625383,0.00673670501894,-0.0558509792543,-0.0871592032634,-0.0674511591327,0.0128597141503,-0.0246513860362,-0.0200400428218,-0.0412907002039,-0.159713510895,-0.0988566703277,-0.0664880220983,-0.0184548873202,-0.0898071728203,0.031124279823,-0.0403550695997,-0.00180565465181,-0.0483460204409
1895,-0.014553759687,-0.0555831072623,-0.00873750332992,-0.10259648549,-0.0708521179145,-0.0372754334534,-0.0385451273424,-0.0331751388449,-0.0389554917279,0.0107784202564,-0.0429038086078,-0.00206258372778,-0.0766322608648,-0.0111088786526,-0.0145079763117,0.00478173127394,-0.127104874395,-0.142532694909,-0.103405511102,-0.0636352993615,-0.0101274449684,-0.013412051363,-0.0576088867669,0.00757159969727,-0.0551506456157,-0.0696916370302,-0.00895343257053,-0.070126779972,-0.00201541087116,-0.0417183178216,0.0368806657816,-0.0817456402943,-0.041615033258,-0.0497021662776,-0.0891669201925,-0.052065199839,-0.0775266898674,-0.0563340652495,-0.0252984916723,-0.0339424666307,-0.0718309876233,-0.0541503401417,-0.0294262562942,-0.0885464570328,-0.103318565032,-0.0955394535344,-0.0420616202591,-0.0314636339695,-0.00285218617439,-0.0219733539202,-0.0367764830079,0.0097156984063,-0.104654112617,-0.0143908583991,-0.0107144863518,-0.0260420648744,-0.0831811743609,-0.027673509721,-0.0707544203901,-0.0359520652827,-0.0936542686198,-0.109415379571,-0.0260388209171,-0.0685041567677,-0.00687309788063,-0.00598445148494,0.00721810226144,-0.0383049549776,0.0377764412117,0.00124804101946,-0.0322414495375,-0.0243335843377,-0.0857836629847,-0.0366873109909,-0.0573097505518,-0.0344343197854,-0.0300785033958,-0.0742383015806,-0.0736276778444,-0.0428998269201,0.0189456535935,-0.0308275584983,-0.0660747457861,0.00551142737963,-0.0649841671542,-0.0873205534723,-0.0812927803159,-0.000625177943614,-0.0280319583543,-0.0252980071099,-0.0521944108635,-0.160270242738,-0.110533563756,-0.0731719840498,-0.0214453351832,-0.0909609654928,0.0168493930379,-0.0428733060879,-0.00305508371446,-0.0509881142266
1896,-0.0128862035498,-0.0599674463491,-0.0115115550335,-0.114292853339,-0.0760852744128,-0.044835787813,-0.0421849604424,-0.0362336181158,-0.0458943068335,0.0016057581065,-0.0488774848445,-0.00101541271833,-0.0832551900824,-0.0140989804493,-0.0182219997188,-0.000618976291908,-0.137759256236,-0.148530183867,-0.115222342186,-0.072099888712,-0.0140090867646,-0.0209750775388,-0.0624820186836,0.00750721080285,-0.0581462819962,-0.0727254166683,-0.00975534845126,-0.0798685711196,-0.00906809690993,-0.0460358574245,0.0276565051497,-0.093058805161,-0.0444961869758,-0.0512864536706,-0.0915434342868,-0.0537402717458,-0.0798248029165,-0.0601664065442,-0.0277844614451,-0.0441525992886,-0.07895007056,-0.0582124959319,-0.030853893424,-0.0961178417208,-0.103093209532,-0.105974366174,-0.0495154000697,-0.0306183621596,-0.0111485735601,-0.0241748338897,-0.0419406290958,-0.000841277857035,-0.112791811941,-0.0196154166639,-0.0189544867517,-0.0317791283268,-0.0843731505548,-0.0350064599921,-0.0768922380565,-0.0408919421422,-0.105009570393,-0.114071696805,-0.0318984798131,-0.0719800918095,-0.0162739889135,-0.0158135277039,0.00337180839396,-0.0431349483828,0.0356766399781,-0.00164078166606,-0.0424178991842,-0.029793177288,-0.0898573971136,-0.0344724716262,-0.0644473249048,-0.0498369750849,-0.0376357926558,-0.076640045024,-0.0715642666216,-0.048189807712,0.0166679010973,-0.0308575098705,-0.0716676778725,0.00484634635513,-0.0738346165115,-0.0947135914448,-0.0934617801048,-0.00717806885123,-0.0334766654882,-0.0271381513842,-0.063442951212,-0.165951506393,-0.112362682518,-0.0809353509965,-0.0264404602871,-0.0926440176914,0.00650393492335,-0.0488162644738,-0.00595808365696,-0.0461786266193
1897,-0.00831308557392,-0.0542880511439,-0.00630090681977,-0.108508015026,-0.0629258139041,-0.034953508957,-0.0398349637611,-0.0273688485406,-0.0372369457677,0.00346993495359,-0.0417703368574,0.00750123952825,-0.0779689527378,-0.00410432891876,-0.00935129939187,0.00581789136986,-0.128076324883,-0.140665790662,-0.109044407117,-0.0655281090726,-0.00661264556857,-0.0216782794407,-0.0532376822228,0.0134504821957,-0.0571893138124,-0.0680800734388,-0.00223018078294,-0.0772384595963,-0.000950565430982,-0.0453279231992,0.0320167427586,-0.0872316554969,-0.0374294169672,-0.038403332767,-0.0838440746582,-0.0514744210912,-0.0749925604675,-0.0488569391776,-0.0206872307235,-0.0403258586032,-0.0703051633298,-0.0540598654208,-0.0144737564736,-0.0942452499674,-0.0993849507651,-0.105050344298,-0.0485186977889,-0.0227530121722,-0.00257264463303,-0.0148646166284,-0.0401904996201,0.00108171941216,-0.108206068418,-0.0154569706408,-0.0147209322977,-0.0287968686584,-0.075709198066,-0.0305105204915,-0.0707173323112,-0.0356527906285,-0.106268191635,-0.108043321682,-0.0309367680273,-0.067461079359,-0.00948538314888,-0.0142802036339,0.00920524339114,-0.0327377116456,0.0444188345151,0.000732070710361,-0.038383126719,-0.023605840582,-0.083191214452,-0.0249567349182,-0.0611152695135,-0.0448902569405,-0.0340712188032,-0.0711901101371,-0.0581456340674,-0.0408742105493,0.0194535785278,-0.0217807738447,-0.0701907391811,0.0102335733315,-0.0669785073181,-0.0892061766268,-0.0908777021465,0.00236373381813,-0.0301469813848,-0.0186770499362,-0.0620154941426,-0.158801313831,-0.101900316689,-0.073579096493,-0.0211697771134,-0.0835064061764,0.0140306469655,-0.0476805891598,-0.00167926416333,-0.034689619709
1898,-0.00274665655146,-0.0467265890279,0.00114257242563,-0.100108444048,-0.0489951126389,-0.0243278807326,-0.0354996341243,-0.0189753880848,-0.0291575180543,0.00855802642638,-0.03362239353,0.015517889266,-0.0716129734309,0.00609270210716,0.000124735338903,0.0155421047331,-0.118034805779,-0.133093772163,-0.10110241095,-0.0567370861103,0.00225240492509,-0.0198214377947,-0.0457124680825,0.0212492763874,-0.0548958183145,-0.0614497555245,0.00485537113309,-0.0715548320468,0.00850804522494,-0.0434533890505,0.0394950931101,-0.0773399537479,-0.0306142755568,-0.0256861135737,-0.0757501410541,-0.0483300230763,-0.0697585317136,-0.0379971135679,-0.0130114198744,-0.0333944924528,-0.0604547643325,-0.0487203191043,0.000213607638828,-0.0899169238692,-0.0953077451262,-0.101502661933,-0.0447483100783,-0.0145238200293,0.00715202181698,-0.00539966991684,-0.0361746333102,0.00660224197695,-0.101470140842,-0.00852270622129,-0.0076386696113,-0.0242975965702,-0.0674100315973,-0.0236988702171,-0.0634399171469,-0.0284434864052,-0.104036990141,-0.101511784614,-0.0273786048927,-0.0606404443552,-0.00110472101351,-0.00952976176247,0.0177556141289,-0.0210689798108,0.0535566337728,0.00510260650585,-0.0309784763109,-0.0150296695147,-0.074785108081,-0.016900175366,-0.0549286903654,-0.0359326889091,-0.0275836793788,-0.0648729352232,-0.0464235477135,-0.0322685811479,0.0238697107643,-0.0130055950556,-0.0670006001462,0.0159520784656,-0.0586307854562,-0.0807350298943,-0.0854242428303,0.0113090508729,-0.0249167190311,-0.0104920318403,-0.0572226446851,-0.149849733229,-0.0933792376115,-0.0642281719541,-0.0147817268354,-0.073444235623,0.0233389982479,-0.0447649352275,0.00411979447636,-0.0244932936068
1899,0.00172547482891,-0.0418223660562,0.00688995284434,-0.0957392501874,-0.0401585282537,-0.0182781474605,-0.0327563174028,-0.0142009691482,-0.0266248209484,0.0118877341316,-0.0292010599373,0.0193925811596,-0.0691502669205,0.0124248736786,0.00597422088897,0.0234190319874,-0.1138681275,-0.130961698628,-0.097989196824,-0.0517016438352,0.00856389235502,-0.0193244403945,-0.0430560327646,0.0277083751932,-0.0542499136208,-0.0568166122065,0.0085879467262,-0.0683400090853,0.0143924942962,-0.0440326110018,0.0445816747167,-0.0709860498306,-0.0276799147503,-0.0173013738721,-0.0718005358795,-0.0467601935792,-0.0685350802071,-0.0320664281993,-0.00812334496738,-0.0292581115908,-0.0546890350821,-0.0456946367599,0.00935751934961,-0.0876451810075,-0.0938962697177,-0.100673499094,-0.0423872252704,-0.00902492193406,0.0117425244659,0.000702429565685,-0.0333687024606,0.010047909997,-0.0976513889989,-0.0031389395526,-0.00280433489624,-0.0221641067856,-0.0626260093493,-0.0192750128077,-0.0593672043059,-0.0231675355318,-0.10362559589,-0.0983561361613,-0.0250200161693,-0.0555729394234,0.00261985223857,-0.00677516417539,0.0247238324001,-0.0141823128265,0.0597624917848,0.00872057901736,-0.0262357101159,-0.00891021898316,-0.0693796575765,-0.0123659235379,-0.0509514734213,-0.0311676985394,-0.0229728515856,-0.0609368984542,-0.0390478578905,-0.0271614416662,0.0272858483976,-0.00700353222959,-0.0659095056651,0.0197028298603,-0.0545307436548,-0.075364478874,-0.0840754522172,0.01535873807,-0.0215833198668,-0.00639558805117,-0.0557214921751,-0.144749573317,-0.0890978508612,-0.0585511065093,-0.011428974,-0.0663967574293,0.028231832308,-0.0436620881232,0.00844353503312,-0.0166360853597
1900,0.0032527614722,-0.0412086524015,0.00914522435122,-0.0966850383477,-0.0369131221655,-0.0169477756821,-0.0340276775297,-0.0127917135185,-0.0284121391447,0.0116091239428,-0.0289642494097,0.0215304592509,-0.0713022521595,0.0150601172749,0.00811156705098,0.0276296889787,-0.115869727303,-0.13393716366,-0.100813362479,-0.0518513907535,0.0120276958816,-0.022289610953,-0.0444130077158,0.0310381345969,-0.0568557902575,-0.0562601630748,0.00965210789366,-0.0696772073254,0.0168270579025,-0.0482461644317,0.0458423377147,-0.0708922290582,-0.0275960841822,-0.0134490299907,-0.071649204483,-0.047801567904,-0.0710372767189,-0.0308493844405,-0.00619710981157,-0.0297477779032,-0.0534057788996,-0.0455983273281,0.0134050335105,-0.0893353340725,-0.0956587294958,-0.104615450367,-0.0436241550921,-0.00718410933227,0.0108439659957,0.00353114559393,-0.0336723713581,0.00908269498285,-0.0980554081051,-0.00118665287802,-0.00170664705195,-0.0233746227466,-0.0612526427639,-0.018413523904,-0.0589605550056,-0.0206215713384,-0.107967416454,-0.0995056186186,-0.0264276037892,-0.0542275552195,0.00102757581947,-0.00817953461454,0.0284462629387,-0.0128548021443,0.0630000470498,0.00982610509394,-0.0259335233766,-0.00670161924655,-0.0685265291319,-0.0104492835443,-0.0515087863968,-0.0327074996592,-0.0219752143794,-0.0596732898315,-0.0355901815344,-0.0254802480316,0.0285358741337,-0.00377425688392,-0.0684279770213,0.0213135967121,-0.0556935673035,-0.0755902669692,-0.0878956614,0.0152099190184,-0.0213548883197,-0.00641864352433,-0.0590302021929,-0.145323353238,-0.0879581376398,-0.0576330422905,-0.0121097294209,-0.0630737601889,0.0287191093689,-0.045779314989,0.0105270269324,-0.0106815541484
1901,0.00264117808122,-0.043142898386,0.00891326552227,-0.0999110244574,-0.0360549377317,-0.0171857146137,-0.0380756638784,-0.0123703332853,-0.0308957334115,0.00965890087532,-0.030296283634,0.0231023647598,-0.0753774958635,0.0164138614054,0.00879300584152,0.0294759543138,-0.119938903469,-0.138253859068,-0.105913534191,-0.0543128600181,0.0142223259012,-0.0268536449308,-0.0463979713992,0.032103675237,-0.0613198642987,-0.0583930683779,0.00980950745055,-0.0734855540813,0.0181489045935,-0.0541853266985,0.045456762735,-0.0746235033429,-0.0281273257771,-0.0115613752278,-0.0727720492537,-0.0502413966803,-0.0749438329961,-0.0311457640366,-0.00554361019773,-0.0324545423234,-0.0537369152347,-0.0466401597067,0.0157240755089,-0.0931515450201,-0.0992453998951,-0.110828071858,-0.0468661366345,-0.00745949797358,0.00839154515494,0.00520657065145,-0.0359340128617,0.00573501225627,-0.100283177347,-0.00139649473616,-0.00246672902806,-0.0260470025735,-0.0610527482615,-0.0192249579528,-0.0600030309698,-0.0196804326083,-0.115016749776,-0.10245303844,-0.0303441727605,-0.0555008422189,-0.00243069449368,-0.0118969607607,0.0300668436344,-0.0138679485752,0.0648669282691,0.00927075919247,-0.027588149766,-0.00647038310588,-0.0702822973322,-0.00927659313398,-0.0549258757509,-0.0370473044121,-0.0230085019358,-0.059456587961,-0.0334245979193,-0.0249905495303,0.0287593432564,-0.00174603127563,-0.0726464611671,0.0219924615914,-0.0589795529476,-0.0791867870085,-0.093453166954,0.0141839134797,-0.0225880323003,-0.00812387171691,-0.0638694664704,-0.149114977395,-0.0873784019062,-0.0589665719112,-0.0147178300313,-0.0615306705369,0.0278388173451,-0.0494489019938,0.0113910494243,-0.00533382860698
1902,0.000525161396468,-0.0467687023763,0.00668043923202,-0.104732053101,-0.0375147067674,-0.019047132768,-0.0436191833729,-0.0132371530963,-0.0341947534636,0.00669529981451,-0.0328282613042,0.0237231684347,-0.080697863902,0.0161562382235,0.00793347174361,0.0288592272037,-0.125522850015,-0.143424474543,-0.112211034392,-0.0582254775174,0.0148859730315,-0.0315972300584,-0.0494967274499,0.0313493167675,-0.0663831369081,-0.0621189532621,0.00862518883933,-0.0786137638543,0.0180047562128,-0.0604159141313,0.0437610619068,-0.0810503789236,-0.0293532709281,-0.0122055350739,-0.0748336108531,-0.053065123113,-0.07936310362,-0.0331900070573,-0.0062650338634,-0.0365489970375,-0.0556718579131,-0.0482850573452,0.015081240896,-0.0979048154742,-0.103951568151,-0.117742680423,-0.0511289628594,-0.00989692744819,0.00488723690878,0.00554232557649,-0.0395142586304,0.00094660350354,-0.103626220358,-0.0034668187767,-0.00470336227053,-0.0294998416956,-0.0622149206782,-0.0213891297412,-0.062213503378,-0.0202809367867,-0.123032400644,-0.107114446445,-0.035829242258,-0.0587854568311,-0.00685575873881,-0.0169167856823,0.0297228807878,-0.0167613158676,0.0648626625992,0.00753289688986,-0.0306671263859,-0.00773683454454,-0.0739623391505,-0.00963759383324,-0.0600246054106,-0.0432644973927,-0.0256318954189,-0.0599526703478,-0.0338066268242,-0.0256898447537,0.0285552506997,-0.00142725707474,-0.0772760508059,0.0218828065499,-0.0634592754477,-0.0849819482518,-0.0993326916528,0.011958593585,-0.0246651297206,-0.0113652373985,-0.0686962011177,-0.155107047596,-0.0882663783539,-0.0619368174545,-0.0185974204924,-0.0616100864887,0.0255855928437,-0.0536682438288,0.0112941066234,-0.00185097618527
1903,-0.0085367031967,-0.0628293999868,-0.00692703215112,-0.127170320158,-0.0595188068143,-0.0392887998919,-0.0585078057125,-0.0278218629856,-0.0556148333873,-0.00733277066569,-0.0496129604554,0.0102670800582,-0.100879703161,0.000512013886681,-0.00736900962558,0.0131777039413,-0.152172976903,-0.16631845879,-0.136476932681,-0.0778924396909,0.00342917066121,-0.0431328644018,-0.06991539488,0.0208182378249,-0.0772006501196,-0.0761018573263,-0.00608263283598,-0.0968299016593,0.00272725927551,-0.0741574992548,0.0286450694386,-0.107451103201,-0.0435498597482,-0.0322827824324,-0.0910236108713,-0.0608054708194,-0.0952107855752,-0.0537003426969,-0.018642963294,-0.0550771676217,-0.0745234152772,-0.0587363116327,-0.00961187535224,-0.112799345616,-0.117653890979,-0.136148140072,-0.0650624672554,-0.0260631377091,-0.01673214593,-0.00761735170768,-0.0522668020041,-0.0171880343643,-0.120121812193,-0.0176793810261,-0.0199391333918,-0.0428945094816,-0.0769316753037,-0.0358241051999,-0.0772752372104,-0.0318349439504,-0.142196955944,-0.127705841501,-0.0513522782317,-0.073747963613,-0.0278437702136,-0.0340162344605,0.0170991186584,-0.0381658814505,0.0509701437523,-0.00166428004205,-0.0482309524356,-0.0217924041214,-0.0912522887585,-0.024402787555,-0.0778466159402,-0.0699150098774,-0.0406918958569,-0.0694032615259,-0.0541850266183,-0.0400540170581,0.022931047394,-0.0142033440882,-0.0895207093825,0.0142270711417,-0.0841157456246,-0.106636338606,-0.119550007178,-0.00761560648107,-0.0358925631754,-0.0299006537613,-0.0853712671448,-0.177518146723,-0.105728194559,-0.0807704130841,-0.0347967661153,-0.0748824691348,0.00581743663682,-0.0656649357082,0.0035836075748,-0.0116757633136
1904,-0.014202849859,-0.0734069120125,-0.0179021400184,-0.137337131418,-0.0725562707039,-0.0467887234427,-0.0694080958248,-0.0321206522047,-0.0535748671684,-0.0105933286163,-0.0534174467442,0.0201498012019,-0.106267675803,-0.00141262638401,-0.0100713748554,0.00193376820319,-0.166035803812,-0.168562748869,-0.149183647567,-0.0873401283371,0.0024671079545,-0.0461008990123,-0.0727490672771,0.0128912060177,-0.0797309493593,-0.0854754701095,-0.00511375430247,-0.107316222275,0.0020237960899,-0.0775570984304,0.0249077857603,-0.127646238212,-0.0398949528302,-0.0406529447672,-0.089520353864,-0.0630131495569,-0.0950548758888,-0.0582714711313,-0.0210598556428,-0.0646779033095,-0.080476849997,-0.0599335655422,-0.0178715745728,-0.120134257032,-0.121874604468,-0.145256126211,-0.0720991575973,-0.0339995542094,-0.0194096111209,-0.00924758907382,-0.0603351334797,-0.0259480243179,-0.128963088593,-0.0273425639014,-0.0273262507232,-0.0464430228652,-0.0792935651019,-0.0417072400511,-0.0824443260149,-0.0396203790907,-0.152055612927,-0.136999986892,-0.0597997135592,-0.0861891448048,-0.0315173853568,-0.0423778162011,0.00832544677148,-0.0423672757841,0.0470403475661,-0.00567344371192,-0.0534045172296,-0.0283898946055,-0.100234136381,-0.0223813255742,-0.0906755434332,-0.0824940702921,-0.04952252635,-0.0688482072841,-0.057091203232,-0.0382777141411,0.0235064082487,-0.0177602403421,-0.0932761031857,0.0136326053211,-0.094049291488,-0.121834347651,-0.119910841857,-0.0103116333148,-0.0397873256529,-0.0335334655049,-0.0841273475885,-0.190800262468,-0.105793817933,-0.090587682764,-0.0423638318487,-0.0799159080112,0.00510547687072,-0.0693439296886,0.00252123136539,-0.00952521746338
1905,-0.00841648161351,-0.0677478429374,-0.0138642448846,-0.124030328109,-0.0625812673568,-0.0328944379835,-0.0657557098549,-0.0218968013645,-0.0341462866495,0.00365688474569,-0.0402025552233,0.0371042394926,-0.0934915501793,0.0134168476464,0.00377447600577,0.0105106072952,-0.154806768001,-0.153637202663,-0.138391263682,-0.0759763714292,0.0168463783235,-0.0364481245871,-0.0593525376545,0.0184347802188,-0.0718333577286,-0.0803952548527,0.00710933034348,-0.0987145948574,0.019879263732,-0.0697828985768,0.0406835245039,-0.121511412046,-0.0250266076122,-0.0294969593109,-0.0750075529803,-0.0579422112122,-0.0848052767327,-0.0437728958555,-0.0100694659004,-0.0537528668018,-0.0663601405084,-0.0496840079069,-0.0035052474075,-0.112053327856,-0.117242758613,-0.136801231368,-0.0634688274531,-0.0295953387748,-0.000545690553235,0.00347438251422,-0.0541952276901,-0.0141069948954,-0.12042987274,-0.0199631356546,-0.0164270269759,-0.0361542926422,-0.0686487282622,-0.0308154016106,-0.071720398572,-0.0337197577566,-0.14256674056,-0.130266532937,-0.0508403239579,-0.083147215717,-0.0141968254213,-0.0317948818913,0.0159041946163,-0.0244887128684,0.0582407895154,0.00294679062972,-0.0373502652196,-0.0177709221918,-0.0913119388661,-0.0111247715673,-0.0853591255156,-0.0663474327664,-0.040792328758,-0.0576311664586,-0.0448857761008,-0.0205114819618,0.0328789285913,-0.00881612887854,-0.0850249188103,0.0216533044264,-0.0835248034091,-0.11545475557,-0.101001090708,0.00571086659693,-0.0306552681917,-0.0221881034232,-0.0654008119266,-0.183070340295,-0.0919366220378,-0.0802451282643,-0.0342545532658,-0.0698623408793,0.0262483982457,-0.0605252976939,0.012300017184,0.000846830992539
1906,0.000817324358335,-0.0593675439353,-0.0053425648153,-0.110013876701,-0.0514690759403,-0.0199985131432,-0.0580712096191,-0.0133280595661,-0.0213204947986,0.0183073414785,-0.028840363708,0.0486378708835,-0.0817916465826,0.0261635741627,0.0160949867485,0.0240957395302,-0.143704508542,-0.143631864844,-0.126948775713,-0.0638386059615,0.0307087263256,-0.0268097374758,-0.0505224086627,0.0281611612211,-0.0636682358114,-0.072347635136,0.0167643954701,-0.087474679827,0.0355928128683,-0.0622672904273,0.0568472932156,-0.109313902954,-0.0147446053509,-0.0185076056631,-0.0643751985697,-0.0530830327719,-0.0779013087998,-0.0321875063977,0.000115165059511,-0.0408171330016,-0.0535022654469,-0.0405979852564,0.00912045917544,-0.102470828014,-0.112347149221,-0.127383259484,-0.0525561869098,-0.0236581208847,0.0143962031214,0.0143787595821,-0.0448314295377,0.000305523634304,-0.110846367772,-0.0084768627391,-0.00356048953436,-0.0260791466595,-0.060200935029,-0.0191041293671,-0.0615998621236,-0.0251931069406,-0.130295022805,-0.12293933362,-0.0379820575971,-0.0753841443049,0.000367387198662,-0.0187395920719,0.0275072839334,-0.00840051094722,0.0694855948445,0.0143202948265,-0.0208950444141,-0.00553514677515,-0.0805832932738,-0.00321080707766,-0.0757835624313,-0.0484316917074,-0.0290725345384,-0.0480208440306,-0.0354405887771,-0.00589898419564,0.0422053280454,-0.000109391869062,-0.077049721459,0.028963799674,-0.0728464781213,-0.104958223512,-0.086264521062,0.017818781775,-0.0211590987585,-0.0126721888072,-0.050510200321,-0.172933650902,-0.0824196679712,-0.0684762577608,-0.0254242362017,-0.0596512359132,0.0439902089372,-0.0514294860794,0.0224635778675,0.00934131994369
1907,-0.00229637210737,-0.0723016389811,-0.013745582662,-0.12910942755,-0.0728050745093,-0.0395702158273,-0.0677183106919,-0.0285313939083,-0.0468679619906,0.00842589387451,-0.0460151850359,0.0309560115193,-0.100443228641,0.0107814888527,0.00151242516432,0.0157397693896,-0.169286636351,-0.170866343479,-0.149018210616,-0.0815094285697,0.0221493679515,-0.0363819177627,-0.0740139245248,0.0230857302413,-0.0716765740387,-0.0830077384133,0.00130728019152,-0.10130365393,0.0222382455441,-0.0744725148257,0.0460223993489,-0.128847885007,-0.0318836191503,-0.0381523274276,-0.0839432090797,-0.0609215032721,-0.0975317470364,-0.0542807389185,-0.0110628971041,-0.055098772888,-0.0718180945661,-0.0507495567475,-0.0155785632006,-0.114296768279,-0.125585490604,-0.143368398312,-0.0617938851817,-0.0390425818952,-0.00891933943899,0.000605046927745,-0.0520636369853,-0.0118740473187,-0.125623576611,-0.0163552057221,-0.0142220566719,-0.0374107256808,-0.0765209954545,-0.0304131120233,-0.075717282952,-0.0331216985749,-0.143358047874,-0.142401184619,-0.0453384642908,-0.0850506095606,-0.0208779352238,-0.0300824877381,0.0204687295856,-0.0289982262471,0.0580260698454,0.0111911368193,-0.0340512626972,-0.0163585626908,-0.0946349793126,-0.020790066001,-0.0883057010362,-0.069386243596,-0.038813940001,-0.0576345878559,-0.0582381734565,-0.0201344850425,0.0382526595502,-0.0120534784963,-0.0882600152775,0.0216669781797,-0.0927028828343,-0.121718338246,-0.108167380393,-0.00318119390438,-0.0305355647978,-0.0319250168361,-0.0686547999476,-0.191930876041,-0.102440043536,-0.0846156959322,-0.039599730725,-0.0724377792881,0.0255348268728,-0.0608150920285,0.0173705956344,-0.00235836007562
1908,-0.0146195836656,-0.0943116994397,-0.0323920955288,-0.156472929504,-0.101178849855,-0.0633023872994,-0.0888603085965,-0.0446275737198,-0.0670708162688,-0.00969141366647,-0.0668381188854,0.0245974055514,-0.12317220924,-0.00590927182791,-0.0156384941169,-0.00392838291355,-0.200156353158,-0.195887098346,-0.178521416915,-0.10761377016,0.00993296380022,-0.0535342899759,-0.0936621243737,0.00830704880069,-0.0859979760316,-0.103806898131,-0.0106521664103,-0.125542415612,0.00678023220932,-0.0912983907958,0.0276188738474,-0.163679906854,-0.0441896340214,-0.0612609941847,-0.101893720498,-0.0729300745737,-0.115417709261,-0.0771399749547,-0.0248150189575,-0.0791071870733,-0.0946997425521,-0.0639147526578,-0.0398724393459,-0.134756068624,-0.141004150859,-0.168336251166,-0.0808543853755,-0.0578438408989,-0.0348231954487,-0.0145595693281,-0.0686911853523,-0.0353535660676,-0.147894958395,-0.0346237816712,-0.0333024883951,-0.0537151302111,-0.0928646866711,-0.0486030276711,-0.0939815326929,-0.0473232469044,-0.168742130215,-0.164608218586,-0.0649283916576,-0.105537834289,-0.0461511339537,-0.0518171137543,0.00360556729368,-0.0548457628364,0.044029079701,-0.000403715454279,-0.0559739370288,-0.0352723762182,-0.117792043976,-0.0318522241175,-0.112567387005,-0.102015102681,-0.057890390276,-0.069051144804,-0.0770754106625,-0.0354110959424,0.0297706793317,-0.0248189354916,-0.105435974441,0.0127936257617,-0.119342656584,-0.151555445507,-0.13400010782,-0.0231518992832,-0.0458466894102,-0.0515653449859,-0.0917535321715,-0.221302313278,-0.117193701306,-0.108396731437,-0.0596714618684,-0.0904571237809,0.00494370823671,-0.0762252014943,0.00783369048578,-0.00964580472108
1909,-0.0164263275894,-0.0952154338053,-0.0342536651359,-0.150548294904,-0.0952122600061,-0.0538183775735,-0.0939838857106,-0.036497687726,-0.050433688211,-0.00511795851955,-0.0598146293621,0.0412697570253,-0.116855473434,0.00457924740297,-0.00675506270241,-0.0016591939351,-0.191637290583,-0.184863632784,-0.172593116675,-0.10357961159,0.0188673506351,-0.0530015726762,-0.0811037042697,0.00749687621989,-0.0863071473142,-0.106936809325,-0.000318263740002,-0.124995979541,0.019337420278,-0.0899688320243,0.0350334639514,-0.165788950634,-0.0314821682244,-0.0540917333786,-0.0922685868841,-0.0730723629663,-0.108897852679,-0.0668106332144,-0.0182123656077,-0.0759442319324,-0.0867025453713,-0.0587388003413,-0.0266359290035,-0.134728412376,-0.14067011002,-0.168213519431,-0.0810740975674,-0.0568713787242,-0.0230031250995,-0.00582001527812,-0.0696701449087,-0.0334825409374,-0.145510697293,-0.0340226514541,-0.0290929354552,-0.0496235102165,-0.0855453081674,-0.0443351082647,-0.0880082750707,-0.0443834896893,-0.170490068215,-0.160509857498,-0.0666724000289,-0.108817775268,-0.0361907597458,-0.0500614065471,0.00514688344764,-0.0457488554741,0.052039759976,0.000834294953412,-0.0498426936563,-0.0316572365161,-0.117103131607,-0.0205420007875,-0.114764185845,-0.0958320370201,-0.0558967400378,-0.062472014868,-0.0662974696946,-0.0241731538143,0.033310838426,-0.0176239733079,-0.104318552219,0.017826769086,-0.114409578598,-0.154331338303,-0.125398859421,-0.00976184252791,-0.0429970019512,-0.0439552959124,-0.084097906934,-0.22207749201,-0.103762155398,-0.103750834456,-0.0568302262286,-0.086051297922,0.0189978818305,-0.0741858541361,0.0125870695547,0.000286382760317
1910,-0.0114637501402,-0.0855436965819,-0.0251229394535,-0.133675883062,-0.0770449253324,-0.0362673204721,-0.0884288051232,-0.0243158155071,-0.0354150502705,0.00647702151584,-0.0478212974717,0.0512499409577,-0.105362459004,0.0187723916419,0.00656855121473,0.012844943213,-0.171845372764,-0.17360289552,-0.154935104399,-0.0890813180831,0.032314355387,-0.0467511652178,-0.0678533477178,0.0159559451996,-0.0829864745258,-0.1001711007,0.0094464035111,-0.112874058299,0.0362217709554,-0.0854663274968,0.0502438276203,-0.149181151269,-0.0210641528215,-0.039458828271,-0.083461196061,-0.0701407221887,-0.104169835822,-0.0524472664604,-0.00781688734183,-0.0616130521539,-0.0719248697103,-0.0502718279442,-0.00705803745295,-0.12610038834,-0.138569757597,-0.158558340749,-0.072367761904,-0.05005913465,-0.00685191799468,0.00644155897237,-0.0619679078062,-0.020418321735,-0.133670740648,-0.0228513430409,-0.0154585864897,-0.0404730367599,-0.0762313188678,-0.0324510312022,-0.0759415663417,-0.032831041822,-0.16107729992,-0.149975320605,-0.058670548678,-0.100657880998,-0.0205112751275,-0.0380295494561,0.0170835160275,-0.0305122665554,0.0650280494766,0.0087247090569,-0.035296066597,-0.0191750489816,-0.107191111528,-0.0117246093987,-0.103947874404,-0.0755262021221,-0.0438272385228,-0.0538460054825,-0.0545561620013,-0.010997358346,0.0399788085898,-0.00641852577037,-0.0981826990092,0.0251153863857,-0.0995005447322,-0.142897610772,-0.113349839154,0.00666306255076,-0.0342648462723,-0.0337245210508,-0.0729968192847,-0.211309408584,-0.0909555829097,-0.0882991664708,-0.0465856461906,-0.0752764503542,0.0374089416874,-0.0668528732754,0.0216658007008,0.00978910081734
1911,-0.0103448177351,-0.0827569007801,-0.0199962914435,-0.12925586032,-0.0703078128104,-0.0313802630816,-0.0883123239222,-0.0213814255803,-0.0362960610841,0.00870315731886,-0.0474934213777,0.0517229284003,-0.105492065034,0.0224955806295,0.00968318483935,0.0222304148777,-0.16696529929,-0.177799384503,-0.15061289293,-0.0860333808912,0.0377861420199,-0.0490048404125,-0.0679706927696,0.0208883403436,-0.0870234810171,-0.0997299773912,0.010885576447,-0.109734314422,0.041972080654,-0.089398858727,0.055501113376,-0.141632565973,-0.0213236837585,-0.0346274906768,-0.0865618928653,-0.0732626388324,-0.110295540917,-0.0510065699122,-0.00512104987397,-0.0570628126744,-0.0689789360685,-0.0497252492834,0.0000706647385734,-0.125805224788,-0.142329460152,-0.159270018726,-0.0709193507928,-0.0486442146654,-0.00673638812965,0.00915136234201,-0.0592809326793,-0.016859577073,-0.130826519531,-0.016726146891,-0.00983058865387,-0.0398331329082,-0.0759806891124,-0.0288425801726,-0.073417150297,-0.026105746904,-0.161307386116,-0.14766944603,-0.05751142999,-0.0964285470676,-0.0201847538952,-0.0350283107193,0.0242093959925,-0.0294526926954,0.0706141604277,0.0116617775813,-0.0314765739893,-0.0145518411005,-0.106109210162,-0.0110762629244,-0.0999854318756,-0.0694383333566,-0.0383573144483,-0.0530855831874,-0.052468043444,-0.00897836834306,0.0409967952166,-0.00166359925911,-0.100594067171,0.0267212602944,-0.0970840288733,-0.139931802135,-0.117509561676,0.00914664502207,-0.0329373847188,-0.034083082241,-0.0766874208549,-0.210581649716,-0.089406837771,-0.0831035959183,-0.0449267432749,-0.072724342134,0.0413364311027,-0.0671609295446,0.0248539728162,0.0139644807898
1912,-0.0306595227654,-0.113550767563,-0.0440761685814,-0.175039165758,-0.113843629078,-0.0753853684549,-0.116157417355,-0.0538765578993,-0.0902109752551,-0.025678138148,-0.088421578228,0.0105189535412,-0.150069265874,-0.0158733612992,-0.0275152461961,-0.00691880777421,-0.217346800209,-0.233281560782,-0.196277391509,-0.127554260683,0.00832499084868,-0.0777665296573,-0.114240893025,-0.000213443923676,-0.11418530579,-0.128695758761,-0.0250951433106,-0.145259153479,0.00396633653754,-0.120679857669,0.019668153254,-0.18618737303,-0.0599936356345,-0.0776465290247,-0.131644338183,-0.0936737934244,-0.151959469972,-0.0988801130469,-0.0349096694347,-0.0944162015037,-0.112579281354,-0.0767282498136,-0.0510432622647,-0.157571005841,-0.172748555597,-0.196742001496,-0.100416194083,-0.0811993572864,-0.0603424407798,-0.0247574797495,-0.0837653033931,-0.0545377333106,-0.164668766661,-0.0434902598865,-0.0413170205851,-0.0705683547019,-0.111932757356,-0.0606605057722,-0.106996630964,-0.0470721606952,-0.199794507276,-0.186626844352,-0.0893499300632,-0.12221071046,-0.0705893813785,-0.0699351509332,-0.000773384434579,-0.0822835288932,0.039917040808,-0.00958011662196,-0.0724200776286,-0.04592683583,-0.143494602389,-0.048084826343,-0.131593640367,-0.122832820577,-0.0677494356872,-0.0798972619696,-0.0995763494079,-0.0488263230236,0.0226450508927,-0.0296040171076,-0.129738260316,0.0066139084344,-0.139723788759,-0.18028378013,-0.171228037636,-0.0360595901039,-0.0597080800794,-0.0766804790725,-0.124124166615,-0.255125290928,-0.131182110555,-0.120996215617,-0.0780147948042,-0.105264119094,-0.007695823466,-0.0942509873055,0.00447201829032,-0.0137686290207
1913,-0.0693314244756,-0.16453296419,-0.0912221248949,-0.24248961527,-0.179383028374,-0.135754518835,-0.165455953365,-0.0953777756305,-0.145362828137,-0.0777806292963,-0.141778450719,-0.0231520248289,-0.208594196585,-0.0654729000896,-0.0770359522962,-0.064840707601,-0.286466573339,-0.293702186743,-0.261648472629,-0.189200334729,-0.0347523757407,-0.118885068035,-0.16369238889,-0.0430346378952,-0.152369041789,-0.177483813648,-0.0645743852355,-0.202605341725,-0.0464506190001,-0.161242732834,-0.0350332352222,-0.265597745033,-0.0988326367489,-0.13822632948,-0.181678876471,-0.121066918695,-0.19593765549,-0.158060776594,-0.0757841674597,-0.153862359629,-0.172539677206,-0.112493420195,-0.116937933333,-0.206431986394,-0.211053731222,-0.251495740187,-0.148891219158,-0.12716312146,-0.126330106286,-0.0684246213352,-0.127712161033,-0.11580286817,-0.216265544929,-0.0943741143477,-0.0930827235025,-0.113517233522,-0.155623879563,-0.109677482198,-0.153457993173,-0.0848595202525,-0.260893019954,-0.238910357317,-0.144919804014,-0.172234034558,-0.134275788207,-0.126279900097,-0.0494413407002,-0.152955210564,-0.00424249155111,-0.0481461130425,-0.134572622204,-0.0968840962656,-0.201828314487,-0.0840607665466,-0.18737967618,-0.204611010354,-0.118960702879,-0.114044572974,-0.153449917659,-0.0983234652294,-0.0049366539062,-0.0675481699275,-0.169827794914,-0.0201491492966,-0.199793339336,-0.248803527686,-0.236012838716,-0.0886851991044,-0.0997136352578,-0.128308090426,-0.182454021963,-0.324223356946,-0.174642259359,-0.178845236734,-0.126294851848,-0.15321579676,-0.0697031277785,-0.13328524526,-0.0268733678334,-0.044074166344
1914,-0.0838526747412,-0.171312330613,-0.103741500485,-0.237401283974,-0.175300091657,-0.124632164983,-0.181042723393,-0.0841109172918,-0.113417283534,-0.0763711003638,-0.132997463798,0.00976229716291,-0.200629928377,-0.0517020815239,-0.0663536933719,-0.0754479332773,-0.275379520519,-0.273256674514,-0.254281684397,-0.187259778826,-0.0263202299698,-0.120447460987,-0.141077316229,-0.055966380231,-0.157136192869,-0.189154830252,-0.047708850934,-0.207344551431,-0.0294520829373,-0.160691253488,-0.0296346956894,-0.278769094866,-0.0755090415692,-0.132053774836,-0.166603982328,-0.123272664874,-0.184082961606,-0.142957481962,-0.0689063338134,-0.154963258169,-0.164054547619,-0.106266834124,-0.0992928466162,-0.210800530618,-0.212736842093,-0.253186652316,-0.155610811169,-0.129683272457,-0.107982267453,-0.0577211827249,-0.137217847952,-0.120301570459,-0.216454978818,-0.104270694408,-0.0935508643323,-0.109970114043,-0.145426661161,-0.108370754213,-0.146704933672,-0.0867010045094,-0.269556383088,-0.234341653753,-0.158671344639,-0.18696849983,-0.119057956698,-0.130380879554,-0.0587638586232,-0.143411045588,0.00302794372969,-0.0562597807001,-0.13145551608,-0.0985192475496,-0.208152714473,-0.0642047114246,-0.197942578655,-0.201206891121,-0.124017170918,-0.105936620714,-0.1372017129,-0.0820285023196,-0.00460151372608,-0.0597517570103,-0.16993619466,-0.014768129324,-0.194723064472,-0.261231861185,-0.220766791102,-0.0664993252794,-0.099570230286,-0.117522720067,-0.16927439003,-0.332262639172,-0.151468310764,-0.17635768746,-0.125214380179,-0.15238029174,-0.0482423861482,-0.132734527677,-0.0244338548628,-0.0306317416252
1915,-0.0665977548607,-0.139581742952,-0.0782201580739,-0.184388411574,-0.128468687347,-0.075967650551,-0.156279963163,-0.049828696676,-0.0560273932348,-0.0336401682658,-0.0904074306059,0.0477910681506,-0.15458357796,-0.00881932623912,-0.0251327052848,-0.0399799680103,-0.221105251072,-0.222472738431,-0.200911845184,-0.140380752864,0.0115020252828,-0.087622482196,-0.097604606814,-0.0339267488009,-0.132326158067,-0.162789245017,-0.0135544284021,-0.167020107642,0.0195588907898,-0.130252567426,0.0179558287536,-0.230002173512,-0.0358880978819,-0.0911005414502,-0.125918496754,-0.104943322301,-0.149553867819,-0.0956338300357,-0.0362911864973,-0.109982096734,-0.117818386469,-0.0754951838837,-0.0488017281556,-0.177331273089,-0.191478639623,-0.212549950665,-0.12235594143,-0.104933438852,-0.0478048049802,-0.0219378854188,-0.110515520047,-0.075344127685,-0.179022467518,-0.0729217906116,-0.0536851355742,-0.0750440108673,-0.112324085845,-0.0709063273336,-0.109232825762,-0.0599119335088,-0.228196274992,-0.198583596589,-0.126361555493,-0.162126543068,-0.0618190271759,-0.088959561774,-0.0290683845938,-0.0878938157532,0.0373831600996,-0.0317655526878,-0.0811948578145,-0.0617995124872,-0.17222246901,-0.0337788352536,-0.163009768966,-0.136297237789,-0.0886907083527,-0.0757688363188,-0.09955648613,-0.0357071566652,0.0181347447777,-0.0310933981175,-0.139160587808,0.00778597231455,-0.14841150529,-0.220881421062,-0.162101413827,-0.0161342147474,-0.0694327041113,-0.0784526604677,-0.113128381504,-0.291673874256,-0.112952100773,-0.132745920854,-0.0901019527931,-0.120173788088,0.01218729612,-0.101321899517,0.00207966227007,-0.00874178182958
1916,-0.0409864164188,-0.107873267525,-0.0476522595229,-0.142994049218,-0.0939737508255,-0.0433548668452,-0.122994698203,-0.0286384029337,-0.0252591579874,0.00397005672866,-0.0604643269422,0.06629766305,-0.118670903513,0.0193643453839,0.00329095294058,-0.00318200863896,-0.184316887065,-0.191492157612,-0.160501219462,-0.10177872108,0.0390922298652,-0.0557701601245,-0.0749059384397,-0.00575873190489,-0.106109082659,-0.132196625555,0.00824219268109,-0.128213596941,0.0512042621375,-0.101363416888,0.0568317765411,-0.180024610164,-0.0141689225482,-0.0614333939867,-0.0997820611577,-0.0868376077781,-0.126177345339,-0.0657209549305,-0.0125641248378,-0.0700374753715,-0.0859813247415,-0.0522652425154,-0.0168691188081,-0.144872572983,-0.170412666296,-0.175481679445,-0.0873388382372,-0.0803151849359,-0.00771442976568,0.00161891171597,-0.0799988137268,-0.031631404205,-0.147755777264,-0.0389830982968,-0.0185410436653,-0.0455276528373,-0.0905814150014,-0.039950185666,-0.0821581631906,-0.0360461282036,-0.184146374978,-0.16874541743,-0.0869190610811,-0.131617690368,-0.0215607060875,-0.0485352458841,0.00259899329979,-0.0460714416942,0.0626989047389,-0.00300807146239,-0.0394459181013,-0.0293862878882,-0.138021062532,-0.0160704253941,-0.124324864092,-0.0824741359685,-0.0546831292584,-0.0540333572123,-0.0757623024381,-0.00544765305676,0.039206414516,-0.0100984411568,-0.1111826362,0.0247504539679,-0.112870068747,-0.178768154126,-0.12071952065,0.012758451903,-0.0433908996712,-0.0500410660045,-0.0709830378064,-0.253257783502,-0.0934271413947,-0.0974734598714,-0.0600729125754,-0.094453847502,0.0509385598558,-0.0724310185697,0.0248423345304,0.00457349291745
1917,-0.0158016498379,-0.0857776982227,-0.0226956623449,-0.119167961016,-0.0777064899402,-0.0275920908266,-0.0953090612668,-0.0185655711289,-0.0098334664935,0.0309972465622,-0.0435160290143,0.0813263089044,-0.0939687600769,0.0371400126025,0.0213672665248,0.0263082476557,-0.169690109237,-0.175235953007,-0.140918614713,-0.0795392313634,0.0590680112087,-0.033556671214,-0.066300867339,0.0195636893649,-0.0842106752429,-0.109000912833,0.0243479983453,-0.102621987324,0.0707842823906,-0.079033597142,0.0833310332113,-0.146165111299,-0.000435758186896,-0.0426855939309,-0.0826765103287,-0.0742319474338,-0.111048393153,-0.0494839815906,0.00396525985821,-0.0446395316652,-0.0683653263398,-0.0370001823264,0.00100701463198,-0.122724481376,-0.152576634756,-0.152729867354,-0.0612326540684,-0.0614789916759,0.014341013214,0.015472484431,-0.0552409722997,-0.0003901771417,-0.130167616505,-0.0116973942871,0.0051037104835,-0.0248870094122,-0.0771170843411,-0.019788526543,-0.067154236096,-0.0206223762774,-0.151512708665,-0.149542547464,-0.0526768078148,-0.106451602526,0.00122851986251,-0.0197256770392,0.0277555686716,-0.0178339032465,0.0808516571549,0.0223572174042,-0.0103566484263,-0.00718544356308,-0.113344198747,-0.00425629001092,-0.0962894202455,-0.0492626261037,-0.0300316981109,-0.0392077458273,-0.0601998826156,0.0154210163891,0.0555486524328,0.00462688442909,-0.0923592792797,0.0367543151141,-0.0952512754565,-0.148867115234,-0.0959647997486,0.0254005745207,-0.0261743787306,-0.0308567290843,-0.0443900136601,-0.22606453003,-0.0840186645844,-0.0772497094956,-0.0403238956518,-0.0775372919718,0.0743218575768,-0.0516579274329,0.0417150992934,0.0146455809366
1918,0.00277380271292,-0.0762284995128,-0.00807041408116,-0.113290376344,-0.0762631698025,-0.026176463212,-0.0797077004171,-0.0175863608974,-0.0103563721052,0.0433200792184,-0.0401185237101,0.0845810203197,-0.0843674005476,0.0434943650952,0.0278502508248,0.0440561453565,-0.17204011436,-0.17475979805,-0.139626660086,-0.0740018921694,0.0690991343088,-0.0248151541236,-0.069213842035,0.0367880712343,-0.072232367947,-0.0977059168209,0.0305142850848,-0.0933518180774,0.0775053469229,-0.0686227805963,0.0947390387567,-0.132577512699,0.00215740404886,-0.0356166621492,-0.0785428072358,-0.0694456155942,-0.108329784087,-0.0464687102886,0.0112798345249,-0.0358345121065,-0.0645331055576,-0.0314445676282,0.00616877091943,-0.114215659465,-0.143662928641,-0.146576657959,-0.0487129958062,-0.052435409062,0.0182919284976,0.0193182024298,-0.0410916589279,0.013524576409,-0.126416711963,0.00429376188426,0.0150770155369,-0.0162648089742,-0.0731302546564,-0.0120951560735,-0.0639460407137,-0.0145012383522,-0.13660957076,-0.143144728652,-0.0315903172516,-0.0916009196061,0.00576770526144,-0.00696651790773,0.0424371230776,-0.00677755619641,0.0897687587391,0.0388293948378,0.00254806392642,0.00267798334476,-0.101978104779,-0.00121004377526,-0.0834926356601,-0.038665265003,-0.018015450143,-0.0334465105423,-0.0549888453332,0.0233786753839,0.0643562344468,0.0115495428878,-0.0854819328681,0.0422094319237,-0.0939289315029,-0.135506056144,-0.0914854997638,0.0245203635237,-0.0196299836085,-0.0241027904293,-0.0374540358379,-0.213961898367,-0.0841774911645,-0.0721120899039,-0.0327430664554,-0.0706102920306,0.0807520210952,-0.0424029081787,0.0502808037137,0.0194233741048
1919,0.00590941015458,-0.0835955082737,-0.00983799433929,-0.130601457433,-0.090700772206,-0.0424370712024,-0.0822850633735,-0.0284536141555,-0.0324878916333,0.032272305641,-0.0551729639823,0.0694677979146,-0.097643205151,0.031570195523,0.0161164607273,0.0407148122671,-0.191402959125,-0.19485905446,-0.157638510534,-0.0886112643775,0.0607268760185,-0.034440085898,-0.0867295258633,0.0381283746666,-0.0773951203008,-0.103210380689,0.0201155228741,-0.104813030339,0.0634328780389,-0.0757476749132,0.0827727832468,-0.14450608723,-0.0121888240204,-0.0467703660244,-0.0935406804926,-0.0746667889138,-0.121992038692,-0.0622551708944,0.00296612858417,-0.0485504175275,-0.0801689545858,-0.0403367766106,-0.00789425847478,-0.124107517153,-0.148775928776,-0.160354529711,-0.0560522715835,-0.0579614258468,-0.00186088973475,0.00836236581454,-0.0444158803253,0.00244608332782,-0.138962529225,0.000978197660716,0.00546964727011,-0.0254034500494,-0.0836273797719,-0.0226780284733,-0.0761820174927,-0.0204986470865,-0.147142364521,-0.153646312632,-0.0345287457883,-0.0936678349129,-0.0136468004817,-0.0171001995476,0.0394878855778,-0.0225421493749,0.0823755274855,0.0379678459407,-0.0106507509645,-0.00584529569553,-0.11083260351,-0.0116018833736,-0.0903878468937,-0.058227405665,-0.0252822938945,-0.0418558797786,-0.0669355968576,0.00915348002167,0.0605463800849,0.00552713114542,-0.0946045259081,0.0371928070346,-0.110157289182,-0.144875359586,-0.11497097342,0.00668616293073,-0.0281930685749,-0.0357810911058,-0.0576265291292,-0.224406855323,-0.0985086964459,-0.0853641835719,-0.0418420440897,-0.078856651837,0.0608708941903,-0.0500665376645,0.0451546758531,0.0137551381953
1920,0.00682306369828,-0.0828174434184,-0.00886688861515,-0.13333288036,-0.0848023766848,-0.0399709110374,-0.0810826712813,-0.0245857472801,-0.0292350375341,0.0258672167385,-0.0548856749385,0.0726913421716,-0.0972740533019,0.0325464640174,0.0162482749356,0.0381747228436,-0.185598377917,-0.188268159993,-0.155311666871,-0.0879558255609,0.0571629177975,-0.0372868569503,-0.0804607213832,0.039170862116,-0.0788059441285,-0.10248095597,0.0229243656447,-0.106577095514,0.059724196235,-0.0736891037916,0.077194244042,-0.14458122293,-0.00978868669979,-0.0427056545198,-0.0893371762108,-0.0720751873132,-0.115680886152,-0.0581253973709,0.00261666580418,-0.0509710530849,-0.080507597764,-0.0407213174943,-0.000507514272894,-0.126053098644,-0.143950901595,-0.161838231217,-0.0589138554539,-0.0515316628761,-0.0000970794579342,0.0106961383956,-0.0463165408772,-0.00237674409585,-0.13904707588,-0.00110290586238,0.0024941764713,-0.026311962079,-0.0794938467837,-0.0259572931421,-0.0760266909152,-0.0206091584897,-0.151591550636,-0.148052509361,-0.0383664360432,-0.093241204423,-0.0135822085127,-0.0210687152147,0.0385988629747,-0.0223627596758,0.0827764776121,0.035607111028,-0.0174690013912,-0.0073050027897,-0.110955273356,-0.00379465829811,-0.0896244992792,-0.0636545140102,-0.0283561614947,-0.0414463405748,-0.0586379263182,0.0054582289335,0.0601145330392,0.00950940382843,-0.0947033585701,0.0388158777597,-0.107150133539,-0.144925465058,-0.120040844009,0.0103010082745,-0.0295766016124,-0.0304447755561,-0.0622951712065,-0.223579096781,-0.0925781879831,-0.0850135649768,-0.0402082251188,-0.0764233001766,0.0550988303276,-0.0517259890766,0.0435274506826,0.020311060923
1921,0.0132003525019,-0.0708368628129,0.0017779746192,-0.120465607469,-0.0650047335155,-0.0246558045877,-0.0702854652295,-0.013039968834,-0.017095164585,0.0311011948459,-0.0440929953595,0.0811607638242,-0.0866273400323,0.0435677921064,0.0268036161436,0.0472188895345,-0.165470920039,-0.174556459299,-0.138552933942,-0.0739548956618,0.0642665139035,-0.0317053951825,-0.0676582850914,0.0481392168222,-0.0738669767993,-0.0915706218279,0.0310307656765,-0.095181384473,0.0691667526778,-0.0662084611339,0.0846616513865,-0.126726153782,-0.000877269984122,-0.027808932718,-0.0791925337021,-0.0648514852223,-0.106693693732,-0.0440681403909,0.0105827526062,-0.0398870344357,-0.0684588064597,-0.0334640275007,0.0178528436455,-0.117139446709,-0.136772100539,-0.151424068368,-0.0518117156989,-0.0397988937424,0.0136890617913,0.0216568885586,-0.0399470436331,0.00638343784501,-0.127769159328,0.0067760689022,0.0113177363815,-0.0187097890635,-0.0692441022432,-0.0181956156046,-0.0656572803127,-0.0112488363303,-0.143070221397,-0.135598092751,-0.0323868644363,-0.082989625804,-0.000103493572692,-0.0124381794115,0.0477983197655,-0.00905396232714,0.0922320883318,0.0402616565662,-0.0104715950402,0.00255410709499,-0.0996755779363,0.00585424208727,-0.0764733378392,-0.0501840916576,-0.0202430930932,-0.0340476887056,-0.0454223544552,0.0133266536006,0.0655273705194,0.0202589417919,-0.0869097196394,0.0457449657996,-0.0911999483803,-0.130750879798,-0.111488995945,0.0238208043437,-0.0222054731982,-0.0182795340878,-0.0546564432859,-0.20911752292,-0.0806316039189,-0.0708755300308,-0.0289674288641,-0.0646254764768,0.0651306453667,-0.045334147272,0.0496424763107,0.0298170153105
1922,0.018632866338,-0.0610177161406,0.0115372875748,-0.111159398388,-0.0488856913954,-0.0135188204711,-0.0604902345808,-0.004663504032,-0.0101513346993,0.0348591460893,-0.0365955159407,0.0843132749067,-0.0795085889426,0.0507657725304,0.0337671923932,0.0552956157279,-0.150367154272,-0.164557250547,-0.125698820212,-0.0627179354585,0.0685492148355,-0.0269732342697,-0.0594374368659,0.0562328494825,-0.0705420367501,-0.0819161558408,0.0358279456871,-0.0858837559797,0.0747457717581,-0.0601436488986,0.0901575497429,-0.110994344415,0.0040610363365,-0.0166800002757,-0.0718639659153,-0.0586140542424,-0.0988186638949,-0.0341575680452,0.0156803977452,-0.0308296582781,-0.0597654555545,-0.028399047977,0.0311363322214,-0.110016650142,-0.129521537209,-0.143136469224,-0.0458703756393,-0.0283332191535,0.0237317171311,0.0291640706284,-0.0344411442854,0.0131724409782,-0.118656480416,0.0136846554157,0.018544553978,-0.013407577939,-0.0616014300201,-0.0123160071377,-0.0582605591806,-0.00350518110041,-0.136256640772,-0.124489056364,-0.0279896601325,-0.0734519589156,0.00904518185811,-0.0055284101517,0.0561596806121,0.000130408506619,0.0984634571106,0.0438041624978,-0.0054232621353,0.0106945781265,-0.0906516278479,0.0131580129113,-0.0648142176208,-0.0401151347008,-0.0134956684997,-0.0290316131394,-0.0349258174876,0.0171888283974,0.0701837421181,0.028109528324,-0.0805771052961,0.0507064046735,-0.0788649038339,-0.118134972668,-0.106829858422,0.0324445158145,-0.0162545641175,-0.00920568834963,-0.0496871683962,-0.19744966179,-0.0733169676545,-0.0602259041645,-0.0203088064323,-0.0551027614486,0.0703593418772,-0.0406142459212,0.0540519930248,0.0370222930182
1923,0.0246746431306,-0.0499076182276,0.0219829953071,-0.101948469416,-0.0333882958808,-0.00314310879992,-0.0482219723701,0.00282728985089,-0.00429474559074,0.0387688679887,-0.0291427195936,0.087628203224,-0.0722095374901,0.0567816103443,0.0399537137267,0.0621954906091,-0.135722940097,-0.154497572984,-0.112904471823,-0.0511330296924,0.0716481789826,-0.0206099955343,-0.0519061263575,0.0648094998032,-0.0657256570618,-0.0701978993332,0.0399036184014,-0.0750820143519,0.0788742505617,-0.0526973190178,0.0950663819905,-0.0940879861198,0.00862997076098,-0.00633025459437,-0.0645559992983,-0.0506106883547,-0.0906021492244,-0.0252323983672,0.02010750536,-0.0214094494267,-0.0520213182149,-0.0230399273127,0.0426016079033,-0.101155010572,-0.122054469753,-0.133105004372,-0.0386823259368,-0.0166213817124,0.0327538603144,0.0363703642623,-0.0283806217375,0.0210001252765,-0.109025395385,0.0203431855668,0.0254264474141,-0.00757231031664,-0.0545348732654,-0.00680729187296,-0.0510192894974,0.00408313840486,-0.126971040984,-0.113530293413,-0.0222747812726,-0.063186235799,0.018431993707,0.00243316645559,0.0642733969663,0.00882092348807,0.103640805692,0.0478975923482,-0.00107266341627,0.0187957913237,-0.0809437216535,0.0196466535283,-0.051364184032,-0.0302478690496,-0.00678301523596,-0.0239039941596,-0.025984332422,0.0202787376894,0.0753596625564,0.0356313940759,-0.0728426475346,0.0557255998991,-0.0657352496414,-0.104348149081,-0.101102943668,0.0398800778193,-0.009832277108,-0.0000308868939091,-0.0436562399253,-0.184624412249,-0.0667090495727,-0.0490501694692,-0.0110523934767,-0.0455594910716,0.0744147043281,-0.0349954562821,0.0586589419298,0.0435114806732
1924,0.0235888543849,-0.0532059293692,0.0211521788076,-0.111500797108,-0.040194213281,-0.0117915614597,-0.048981836749,-0.00346913722351,-0.0173644788628,0.0321201989731,-0.0373306087504,0.0808566865352,-0.0811925222567,0.0497335788274,0.0333606518005,0.0580115003028,-0.146544752285,-0.166403346179,-0.123058999923,-0.0586884995846,0.0671164934651,-0.0256634887176,-0.0632912556559,0.0645894517851,-0.0696607996346,-0.0716227924557,0.0327052072116,-0.0806514545812,0.0722083767225,-0.0576365206768,0.0884460873441,-0.0997706843531,0.00115216325151,-0.013321222088,-0.0731396466174,-0.0518533979342,-0.0983687684852,-0.0349152245064,0.0148354827675,-0.0284191474189,-0.0606703994577,-0.0274085984618,0.0330272440661,-0.105656092921,-0.126017940702,-0.140160691299,-0.0434807448312,-0.0193689629142,0.0210132401894,0.0307078256685,-0.0319931444814,0.0140646216265,-0.115471819652,0.0164289890882,0.0198393050365,-0.0133235096159,-0.0610644616794,-0.0128561058865,-0.0573381086694,0.00166720825089,-0.133106877134,-0.120641114744,-0.0272367791948,-0.0645547054491,0.00826582778424,-0.00335238849259,0.0620384384947,-0.00115484649225,0.0985825181862,0.0452201510039,-0.00944435597752,0.0144001371799,-0.08600181951,0.0127549762136,-0.0541298192072,-0.0419143133239,-0.0116418829018,-0.0278860607114,-0.0345831927716,0.0128669580474,0.0742029135688,0.0320877390531,-0.0770658183005,0.0533204151786,-0.0736065744586,-0.1090434018,-0.113433591476,0.0291550522655,-0.0138009810674,-0.00750612607808,-0.0539927598837,-0.190025816799,-0.0754058290202,-0.0553376102699,-0.0161735750601,-0.049122755019,0.0645054740782,-0.0395438602067,0.0567238991818,0.0402609574305
1925,0.0232633613502,-0.0560203098301,0.0191532550138,-0.115979166956,-0.0444823582134,-0.0143274665317,-0.0507700554012,-0.00417962753927,-0.014980007565,0.0313090897812,-0.0382417384701,0.0888720155938,-0.0819059460201,0.0505658407149,0.0337338393714,0.0548212897698,-0.152405503341,-0.164317246459,-0.129114174143,-0.0623138529233,0.0684230301058,-0.0263888990989,-0.0635885833001,0.0641707943378,-0.0690931337485,-0.0731042214887,0.0352769295442,-0.0846325920878,0.0736549409502,-0.0565168951457,0.0878197934543,-0.106945930672,0.00539768661176,-0.0146835937897,-0.0695220234745,-0.0502667514234,-0.0943585201079,-0.0352276461727,0.0150774257599,-0.0324538116882,-0.0623895899394,-0.026379775328,0.0318446448584,-0.107667296993,-0.124079273424,-0.143904215384,-0.0460885375387,-0.0185566933162,0.0211861077148,0.0315100426989,-0.0346015832538,0.0103632464231,-0.119235384752,0.0134677950473,0.0172541087968,-0.0138921925958,-0.0598667904314,-0.0149763296532,-0.0588827669925,-0.000715723214474,-0.136468438468,-0.122302761073,-0.0300158378411,-0.0670758690412,0.00786944901009,-0.00630873636898,0.0602996678415,-0.00123565916153,0.0985227519721,0.0446198909724,-0.0109813156351,0.0130393720744,-0.0880914520101,0.0167968771024,-0.0578519308795,-0.0478544513077,-0.0146110824831,-0.0257901551031,-0.032402590397,0.0153464430946,0.0767016510232,0.0331629707251,-0.0769399616161,0.0549149289003,-0.0773815396328,-0.113362741646,-0.113227162564,0.0283132430284,-0.0142944968328,-0.00610304208986,-0.0525420485453,-0.192516624846,-0.0734828280236,-0.0589255849816,-0.0177587874528,-0.048675838424,0.0655100397511,-0.0400306747925,0.0579867345689,0.0441731921286
1926,0.0242628611324,-0.0594597612605,0.0163387626033,-0.121722571064,-0.0522157547441,-0.0198610503906,-0.0515387636153,-0.00812211709894,-0.0188219669668,0.0312218475141,-0.0409594009201,0.0868083807339,-0.0849183659859,0.0475364423023,0.0311675199172,0.050107733495,-0.161032124414,-0.167194684523,-0.136357221222,-0.0665590021911,0.0676018327902,-0.0247879599936,-0.0693976226065,0.0635617495379,-0.0666335209181,-0.0740668772033,0.0317219475841,-0.0881791273929,0.0718642183717,-0.0550427325354,0.0867048069968,-0.115716608104,0.00407396216131,-0.0214190116206,-0.0704203398475,-0.0475281869846,-0.0940408863901,-0.040243762568,0.0129180641258,-0.0366411367629,-0.0667846464896,-0.0260440365271,0.0224471549757,-0.108676911267,-0.124867457147,-0.146364083211,-0.0474139735949,-0.0226000125799,0.0186254378321,0.0292032481311,-0.0366168506082,0.00751220264644,-0.123467575452,0.0100372091801,0.0141052502417,-0.0147477285772,-0.0627439988233,-0.0177946396942,-0.0619023991197,-0.00458370583103,-0.137575871143,-0.128897947416,-0.0308114085589,-0.0703987569541,0.00590255998151,-0.00837562696559,0.0576491289136,-0.00416252676111,0.0948158648552,0.0452833125823,-0.0128415695076,0.010975355332,-0.090709482468,0.0128199786651,-0.0615652590974,-0.0546161777485,-0.0180431947866,-0.0250718881057,-0.0394902351767,0.014635946425,0.0800455176199,0.0299075936626,-0.0754899728971,0.055123432183,-0.0820869993995,-0.118107627873,-0.113579480463,0.0233904221825,-0.0146070052861,-0.00922623783563,-0.050455046496,-0.196108025378,-0.0783196519847,-0.0639037329551,-0.0204415646128,-0.050201125363,0.0630779909222,-0.0395945679022,0.0590917638838,0.04067397462
1927,0.0277837166736,-0.0594576961575,0.0154998306304,-0.120709665839,-0.0540716212726,-0.0181760464758,-0.0495563277428,-0.00624785570936,-0.0106936114325,0.0364091828697,-0.0370509834303,0.0978679941768,-0.080288188199,0.0517229779489,0.0350941652327,0.0485141713462,-0.161841519995,-0.159135326429,-0.13678118746,-0.0649773397074,0.0719095522374,-0.0189543919551,-0.0653521418332,0.0650323585675,-0.0601146153311,-0.0721298114407,0.0371695827261,-0.0871389898987,0.0771788610457,-0.0483163422255,0.0913078255581,-0.120050710641,0.0120373159257,-0.0211573065815,-0.0619505996638,-0.0420131362698,-0.0851834896758,-0.0365997417405,0.0159511322489,-0.035607276866,-0.0642696653009,-0.0211321093512,0.022966402987,-0.105498247107,-0.119762828766,-0.14376303928,-0.0447832611161,-0.0209024298395,0.0256185306357,0.033064245706,-0.0356996837677,0.00988432690566,-0.122910868358,0.00968748021775,0.0153961454627,-0.0105761627746,-0.0587378603916,-0.0160427254505,-0.0596738455709,-0.00595507377743,-0.133600681987,-0.128094049787,-0.0274618692274,-0.071666916518,0.0123956219644,-0.0057885344915,0.0576860718579,0.0017101773295,0.0966261470574,0.0489786867182,-0.00842162928815,0.0132193008404,-0.0888029509172,0.0191402728182,-0.0619619700461,-0.053517200771,-0.017697261159,-0.0194550379181,-0.0356279719776,0.0216363353278,0.0864610442635,0.0322240077844,-0.0698981118783,0.0590006397573,-0.0806043555126,-0.118670475499,-0.104838797358,0.0274467784462,-0.0110711315503,-0.00403713716173,-0.0402348443115,-0.194514732088,-0.0733174398604,-0.0635312484255,-0.018387321466,-0.0471361464182,0.0696634570274,-0.0351178179862,0.063381545973,0.0450174023994
1928,0.0392834084555,-0.0482639730641,0.0257073659278,-0.103533796409,-0.0397056488898,-0.00163434135466,-0.0382090225273,0.00576675404646,0.00865039372699,0.0530936769288,-0.0219289868387,0.114917493462,-0.063621190061,0.0678978081389,0.0508451975318,0.0622644195493,-0.145362443019,-0.140591862893,-0.121591263075,-0.0497315779286,0.0878741059146,-0.00627195402799,-0.0505005212115,0.0765853834913,-0.0475692874977,-0.0606346522487,0.0508518972504,-0.0732997332991,0.0960571450458,-0.035532808245,0.109326355951,-0.105681619058,0.0277726726139,-0.00651198659161,-0.0454470078223,-0.0327006664248,-0.0708840402702,-0.0198984943184,0.0287144945943,-0.0207831559967,-0.0478110748898,-0.00878258200857,0.0403915101415,-0.0923516824728,-0.109474569228,-0.130344069937,-0.0321344863612,-0.010649979276,0.0459462875418,0.0470122001301,-0.024994511826,0.0260164240326,-0.110923601961,0.0218571683492,0.0294938640644,0.00249344966411,-0.0459196974872,-0.00259698903284,-0.0464907611672,0.00312396500699,-0.117344547102,-0.116568912252,-0.0123263652682,-0.0615330311748,0.0324208213174,0.00954486695325,0.0700192140503,0.0223414344615,0.110164860014,0.0615367098035,0.0104863036287,0.0275765665699,-0.0746476909117,0.0319968826755,-0.0500942555408,-0.0328952566518,-0.00473381900612,-0.00670762827631,-0.0207928695839,0.0399742743227,0.0983461086593,0.0441037152915,-0.0574014516312,0.0689143191686,-0.0657295997565,-0.104436597972,-0.0846237028326,0.0439735281421,0.00104436668413,0.0111712620876,-0.0205794419577,-0.178309139856,-0.0581862329284,-0.0490073210885,-0.00584767710537,-0.03339978293,0.0917116309741,-0.0229127420902,0.0754757345008,0.0562219911194
1929,0.0495640995019,-0.0389251378307,0.0362196344301,-0.0912846757168,-0.0271856739308,0.0102659822734,-0.0285612723339,0.0139859923144,0.016590440376,0.0640454947175,-0.0131282717635,0.121321949867,-0.0540293396255,0.0781262710827,0.0609567620166,0.076527437518,-0.132605753028,-0.131910045943,-0.110458140571,-0.0387531656935,0.0991992995286,0.000809129525012,-0.0428228180585,0.088188901816,-0.0404038629628,-0.0512090806549,0.0581356922897,-0.0624596771227,0.108224872005,-0.028653666988,0.122052716979,-0.0916358859175,0.0348104363372,0.004547517798,-0.0376857185873,-0.0270079041933,-0.0645516514629,-0.00997341957473,0.0371037101154,-0.00937400657745,-0.0368207937282,-0.00140757109477,0.0531662631982,-0.0830263513414,-0.103149665213,-0.121717375945,-0.0228172788305,-0.00219141802425,0.0567474690213,0.0559327359227,-0.0157928795413,0.0380084664749,-0.101851336013,0.0335018583814,0.0408640463414,0.0105549156719,-0.0383483754892,0.00729679307772,-0.0375393133731,0.0122198725127,-0.105942353106,-0.10808037774,-0.000323579079396,-0.050993278162,0.0435183116102,0.0210848895293,0.0823318775515,0.0345321002944,0.120393238724,0.0720113245013,0.0233744479263,0.0391096178743,-0.0641095195751,0.0388094116342,-0.0394790168036,-0.0179074174949,0.00654076755663,0.000772734710154,-0.0115284503901,0.0497898358286,0.106574853425,0.0532429892445,-0.0500631230637,0.0755253477458,-0.0551331156551,-0.0921258406873,-0.0762719891516,0.053217553062,0.00954176626833,0.020061610956,-0.0123266857661,-0.165763013527,-0.0499081382095,-0.0375250237622,0.00306089607216,-0.0229862977959,0.104190635892,-0.0153689865974,0.0843933058812,0.0639993037351
1930,0.0555019468649,-0.0349646829351,0.0426373760128,-0.0874767894912,-0.0214666748716,0.0148655448494,-0.0243807532619,0.0172301798581,0.0166827310854,0.0673745965533,-0.0113137979983,0.124305039963,-0.0518574482404,0.0822144293374,0.0649136010764,0.0857165398164,-0.127885804402,-0.13108034453,-0.107461647876,-0.0354867910579,0.104997826486,0.00133410226091,-0.0414775205382,0.0959927575192,-0.0388839037814,-0.0472079835772,0.0610889710326,-0.05849618033,0.113420769888,-0.0275489884842,0.12711947554,-0.0850640674522,0.0368706613119,0.00974475381107,-0.0361945255704,-0.0252462996294,-0.0638849892343,-0.00723756813704,0.0405968081768,-0.00529515658434,-0.0331558810154,0.00104624578058,0.0593632615869,-0.0799368453075,-0.101168702804,-0.120464071903,-0.0199007757937,0.00219838471038,0.0582372277295,0.0595405400833,-0.0116401217801,0.0420330128069,-0.0988690295965,0.0400592490201,0.0459146874569,0.0127884502192,-0.0358022293313,0.0110176763838,-0.0344831838555,0.0177943243323,-0.10276914186,-0.104892635485,0.0046215909918,-0.0446219042691,0.0455711525245,0.0253149326033,0.0901696853342,0.0377102241354,0.126021295181,0.0776144863507,0.0277235010299,0.0446833426098,-0.0602525111294,0.041721181167,-0.0347770829733,-0.0133224410208,0.0121173776717,0.00361768031946,-0.00742834222405,0.0528122226253,0.110700190007,0.0587966468548,-0.0485605447408,0.0788279214448,-0.0519274896819,-0.0870012506045,-0.0776360598595,0.0551799743555,0.0127878645428,0.0229945598151,-0.0134383706566,-0.160526064604,-0.04686431357,-0.0326794176157,0.00628032459129,-0.0178225531703,0.107765555262,-0.0135082745454,0.0890698758828,0.0693684559025
1931,0.0587224606608,-0.0329678053866,0.0466115424358,-0.086564813183,-0.0158777278238,0.0185522304745,-0.0221135654208,0.0202705779563,0.0167463009435,0.0673898731822,-0.0103119512729,0.124779392687,-0.0516416990255,0.0845684420326,0.066731810311,0.09083431496,-0.123386267958,-0.12898638353,-0.105208562883,-0.0332911578389,0.106723025377,0.00114129310385,-0.0394187869676,0.10103550009,-0.0391672763383,-0.0448977629361,0.0626455069409,-0.0568710771067,0.114901648555,-0.0267996773734,0.128581942418,-0.0812174745427,0.0379444216823,0.013637218431,-0.0341029668718,-0.0232319469917,-0.0615553592372,-0.00498434937087,0.0419587994819,-0.00341897445957,-0.0310995390836,0.00227458233596,0.0646751421972,-0.0788274735495,-0.0991611006754,-0.120377391408,-0.0191211079883,0.00643105957617,0.0602158407488,0.0621370018697,-0.0100971317313,0.0425327047975,-0.0966169397709,0.0433294347527,0.0481809879411,0.013393553673,-0.0332039201641,0.0121757843725,-0.0329132155167,0.0210786882385,-0.102947842237,-0.10150519911,0.00510028624715,-0.0407396416688,0.0462592177198,0.0263289604321,0.0951273223309,0.0390132564437,0.128908374182,0.0799256165943,0.0279557888604,0.0477476124592,-0.0586707150941,0.0448111480534,-0.0319462230221,-0.0124720677454,0.0145018336355,0.00535880417082,-0.00297364528213,0.0524963857647,0.113836659399,0.0629268227927,-0.0475483675623,0.0811197865608,-0.048944898231,-0.0842685726084,-0.0802843691538,0.0571039593251,0.0146708305747,0.0254909127281,-0.0149339035311,-0.157984348618,-0.044337969185,-0.0300224862285,0.00827604652388,-0.013816217629,0.107181935025,-0.013286853016,0.091124740574,0.0740636075131
1932,0.0604130535089,-0.0298535381875,0.0497876310859,-0.0865112434608,-0.00814246720492,0.0223907646295,-0.0170114949384,0.0230981044236,0.0159696406412,0.0648159841005,-0.00875492108152,0.12060317904,-0.05221959767,0.0839231799275,0.0658915420124,0.090170834443,-0.115929166485,-0.124414616334,-0.100005867851,-0.0290100277795,0.102414271782,0.00376993605596,-0.0366264364184,0.103793217736,-0.0385770055713,-0.0401233553541,0.0609992850932,-0.0536233663589,0.110807347286,-0.0234743179117,0.126213097711,-0.0759491076975,0.0368915199105,0.0155476042098,-0.031346051349,-0.0175017224871,-0.0562045528993,-0.00333597373361,0.0404563541072,-0.00132860035682,-0.0304407456058,0.00307324829196,0.0671344770199,-0.0761288827451,-0.0958094818142,-0.116717280824,-0.0175169837093,0.0115199322108,0.0632544611124,0.0637502154035,-0.00960892818062,0.0422408439405,-0.0924266747284,0.0433418174906,0.0483795731254,0.0138677229985,-0.0309767329907,0.0112964263649,-0.0315671602407,0.0227712423884,-0.101730955374,-0.0969536742337,0.00356659669595,-0.0379361375656,0.0478031159351,0.0269069503451,0.0970739834163,0.038851956608,0.127422240639,0.0796973147288,0.0236768398808,0.0490427906017,-0.0569300974183,0.0464777306873,-0.0265589960791,-0.0133826984521,0.0142841941659,0.00630196273334,-0.000660129770677,0.0473350962355,0.116854638984,0.0647457341986,-0.0437320361243,0.0825418460832,-0.0421730937461,-0.0803669651416,-0.0817878623241,0.0590568082436,0.0167745065668,0.0281405665693,-0.0145275631989,-0.155292482822,-0.0433887423963,-0.0269710965295,0.0111585912077,-0.0102008206792,0.101124802442,-0.0124855864564,0.0909682495685,0.0757360924101
1933,0.0545911855337,-0.0361583542266,0.0432894966073,-0.101986155892,-0.0153920780618,0.0109510467677,-0.0179187407284,0.0145461476316,-0.00165367129568,0.049884640696,-0.0198540865081,0.102286358171,-0.0668293416668,0.0684451557658,0.0511414370109,0.0731280359147,-0.123808105687,-0.134909413939,-0.108329129147,-0.0373271066945,0.0842972512847,0.000372433295287,-0.0479715122671,0.0968159121206,-0.04404420567,-0.0423194498992,0.0461052739227,-0.0606832610236,0.0908528458152,-0.0267945081399,0.109334614291,-0.0857336095239,0.0232507118452,0.000866828910924,-0.0418492017282,-0.0148286444533,-0.0607968600767,-0.0176706498132,0.0272240304536,-0.011801850694,-0.0451152211164,-0.00466688365652,0.0494496363483,-0.0816441383586,-0.0998405887254,-0.121640345869,-0.02457449158,0.00646153423063,0.0496054789547,0.053299684306,-0.0180148775593,0.0292811329792,-0.0985038088008,0.030816896544,0.0359871989476,0.00474566392146,-0.0406706509258,-0.00157990025841,-0.0414162513363,0.0149224704513,-0.110110963988,-0.104595971957,-0.00879548420493,-0.0452131567597,0.0344597048859,0.0162455435005,0.0867382122564,0.0209025678483,0.112052261737,0.070648557666,0.00344349034079,0.0383291003382,-0.0670030798928,0.0355782152643,-0.0300756370247,-0.0331776286762,0.00183302925184,-0.00166396709162,-0.0154964590422,0.027160023359,0.114013790949,0.0549130754201,-0.0462205437379,0.0767777166767,-0.0471208646932,-0.0888461730444,-0.0975590918568,0.0459127838876,0.0105378679395,0.0175553210882,-0.0265984494592,-0.166153353273,-0.0566029625748,-0.0366513629126,0.00388102095825,-0.0179441023892,0.0768700498832,-0.0191827693581,0.0826194565336,0.0656666015099
1934,0.0528866235009,-0.0336782468437,0.042630466813,-0.100673228012,-0.0086357915332,0.0166865767994,-0.0129228275381,0.0195134919199,0.00785687765216,0.0480621047002,-0.0152683602616,0.112734565652,-0.0637931327629,0.0710322661925,0.0531017792259,0.0648733511647,-0.114551593288,-0.122864291469,-0.101916384873,-0.0325180220995,0.0813712716142,0.00510079547971,-0.0385528065765,0.0949511461652,-0.0414623677752,-0.037634941653,0.0504932624881,-0.0571917653241,0.0912800270892,-0.0201556639718,0.107572761971,-0.083864925026,0.0309571876981,0.00343495570579,-0.0329037033774,-0.00699242787187,-0.049378284638,-0.0119931809273,0.0273300604903,-0.010192348439,-0.0426455824311,-0.00134838027117,0.0549998024209,-0.0777195887028,-0.0937760372957,-0.116002114046,-0.023385538764,0.0127674623339,0.0573355866004,0.0578677772323,-0.0199790299649,0.028536959905,-0.0942683767776,0.0259333895206,0.0347838475313,0.00716876082054,-0.0353349115647,-0.00270575780255,-0.0382875038996,0.0145105179456,-0.107526548038,-0.097889532321,-0.0126282501571,-0.0466315029517,0.0413727231552,0.0167646643805,0.0836568730902,0.0239284384106,0.111199645681,0.0679743762872,-0.000507864279327,0.0385160609839,-0.0658781923637,0.0444914695181,-0.0256957963818,-0.0338190887135,-0.000986255685861,0.00228324958168,-0.00830199560549,0.027816132645,0.117883268977,0.0582730194295,-0.0401142756547,0.0799305806877,-0.0386308242735,-0.0870813953837,-0.091567252135,0.0531954913379,0.0133511090289,0.0247216638138,-0.0202228317606,-0.163775077104,-0.048143460044,-0.0329950074474,0.00777358169147,-0.0142042266921,0.0780186386581,-0.0167553636986,0.0831588326578,0.0714766282351
1935,0.0638999874652,-0.0178227604339,0.0562896396952,-0.0782490010332,0.0130679488361,0.0392920653305,0.00359828996525,0.0354603284599,0.0333314602722,0.0670320662204,0.00468536962222,0.134606954194,-0.0430962481204,0.0911886247146,0.0725154427848,0.0794731559195,-0.0907578713399,-0.0983963157341,-0.0803984234028,-0.0115683353232,0.0989679136206,0.0210788451818,-0.0187929640085,0.107670651518,-0.0274447267637,-0.0212788609407,0.0671965316985,-0.0379988491857,0.114384524398,-0.00394863534301,0.128613768273,-0.0611319143053,0.0510738578305,0.0230845657243,-0.0114980129716,0.00565001120016,-0.0302011107283,0.00961901797425,0.0425094573016,0.00952879478972,-0.0214088015515,0.0137766182196,0.0784103501289,-0.0604337546188,-0.0804704934498,-0.0974243459179,-0.0075069732465,0.0279921710692,0.0841261448169,0.0757811973018,-0.00751195636837,0.0483763850172,-0.0769947553396,0.0395409454899,0.0521260494127,0.0233603604108,-0.0188171275245,0.0137010975954,-0.0211357360809,0.0268099868194,-0.0872659431226,-0.0807934994675,0.00283771987698,-0.0332130429069,0.0672316402373,0.0358308823344,0.0981690119055,0.0495899751919,0.127220138,0.0804119291667,0.0206684723735,0.0559907579588,-0.0478301159015,0.0605958146918,-0.00748904122683,-0.00729183296599,0.0144488017855,0.0179674915511,0.0108532794665,0.0496500573794,0.13183140913,0.0732009184105,-0.0239300000341,0.0919993597045,-0.0171420167045,-0.0672417409773,-0.0650291806262,0.0751717490127,0.0287167847851,0.0444875553158,0.00509137685818,-0.142670637348,-0.0288233501848,-0.0129914426697,0.024673028919,0.00333725735592,0.105644900666,-0.00197557975453,0.0968397261175,0.0846433334005
1936,0.0819752065507,-0.00163129644276,0.0730449035796,-0.0563733430347,0.0280347335305,0.0576559141245,0.0228059747346,0.0476734899588,0.0552495607321,0.0919622739829,0.0239029702085,0.155962282768,-0.0205870881658,0.11096399945,0.0921965901185,0.10069213367,-0.0753088047642,-0.076696818407,-0.0640405021702,0.00780585720839,0.120318071344,0.0404406188011,-0.00504945947495,0.125910355977,-0.00783376673783,-0.00330741233861,0.0841699238892,-0.0180415246884,0.138542812456,0.01553667544,0.154202271135,-0.0389165389039,0.0702859726154,0.0405033316065,0.0104303872936,0.0191736333185,-0.0102926970433,0.0280909919001,0.0591212426816,0.0302185694987,-0.00125235983051,0.0303113676883,0.0960713720116,-0.0412526693767,-0.0645820656027,-0.0787728926417,0.0121328607609,0.0429537651037,0.10962732969,0.0922369409467,0.00962629779979,0.072574285211,-0.0613000329734,0.058626631504,0.0720383230622,0.0418443095653,-0.00356085498673,0.0323222553103,-0.0052205523496,0.0389979861056,-0.06225476152,-0.0659459813945,0.0268571052115,-0.0162324647528,0.0923404730449,0.0587269204374,0.117249400464,0.0774360829526,0.144357556225,0.0998439560477,0.0477742147022,0.0758627558229,-0.0272764395968,0.0745652353303,0.0112294474869,0.0208075510806,0.0335745447005,0.0350859709842,0.0270835975023,0.0742946742021,0.149512403081,0.0871821720528,-0.0057833936997,0.104798914196,-0.0000882612032522,-0.0458392621691,-0.0357448275629,0.0920836536186,0.0458655760101,0.0636353394243,0.0344773706295,-0.11976919391,-0.0143778655886,0.00495545074864,0.0414934936884,0.02098587443,0.134574379321,0.0158891256381,0.113654631724,0.0960943818578
1937,0.101790319108,0.0106305270109,0.0878801565327,-0.0412650242804,0.0351518094642,0.068984002403,0.0397944708387,0.0550443418526,0.0685614749896,0.113678165979,0.037502963725,0.17088532963,-0.00297005236955,0.125522431949,0.107078344983,0.120625103736,-0.0682606148515,-0.0621999679157,-0.0555370741193,0.0208164617228,0.138504994499,0.056897529037,0.00238840918661,0.14429879035,0.0109685678205,0.0117733570358,0.0970364026545,-0.00280113265837,0.156754062931,0.0323336541906,0.175447747446,-0.0235903142938,0.0838405224008,0.0526346272037,0.0268319203505,0.030719266491,0.0047285493084,0.0400974526866,0.0724154539334,0.0456289190247,0.0128729447426,0.0435644031259,0.10697183084,-0.0254531963166,-0.0509216193038,-0.0651391848494,0.0290901500681,0.0545305477039,0.127006488552,0.104086443699,0.0255543623354,0.0928277538898,-0.0509014461943,0.0763301962087,0.088016785849,0.0569429602831,0.00740180004345,0.0470171593904,0.00579537749364,0.0478402761242,-0.040292494932,-0.0561255591584,0.0510246743084,-0.000911750740136,0.110108360099,0.0780835359337,0.134759764505,0.0991272051909,0.158291177178,0.119851245728,0.0707201938545,0.0922564625353,-0.0102241480719,0.0843683356806,0.0255324737147,0.0412270152181,0.0498572430383,0.0489425516487,0.0383171321849,0.0936030049148,0.166040650863,0.0981285295766,0.00930535771918,0.115383165798,0.0100584896382,-0.0291196708086,-0.0139388034361,0.101646983919,0.0599722375226,0.078037449425,0.0571320002805,-0.101030306699,-0.00532408662388,0.0169344754651,0.054188661146,0.0349661805362,0.15579732138,0.03113880361,0.128663476339,0.105150122797
1938,0.116518195032,0.0157505891685,0.0969494667669,-0.036117835083,0.0362030332591,0.0730996161916,0.0486195031136,0.0578795990918,0.0711791982625,0.124848178569,0.042224505954,0.178027951351,0.00442804456957,0.13283937613,0.114491604753,0.134570696627,-0.0678796853119,-0.0583752138445,-0.0555257367305,0.0244546569843,0.149826850466,0.0634704825528,0.00371055887931,0.157856648059,0.0212132851158,0.0191818128443,0.103692966306,0.00327608524482,0.166370188628,0.0398530841804,0.186683216585,-0.0183856039833,0.0895881150715,0.0587052158271,0.0335091363689,0.0361050106142,0.0102332216904,0.0442113994839,0.0796181349611,0.051701000059,0.0188003078105,0.0499207608655,0.11241856774,-0.0182438830372,-0.0439211932613,-0.0615332638691,0.0371300193987,0.0603230533416,0.132197374641,0.10976590419,0.0347959706349,0.102217794126,-0.0478528221306,0.0876228196157,0.0961413274224,0.0637560011825,0.0122799597663,0.0540581214938,0.00999626261193,0.0525815662162,-0.0298648849822,-0.0529653900658,0.0659303161834,0.00866546961425,0.115839343928,0.0875032620158,0.146606931524,0.108775659285,0.167074276108,0.133649410893,0.0825990298211,0.101398209953,-0.00193265197669,0.0890792816126,0.0313016472185,0.0487164266278,0.0590053435322,0.0561102869458,0.0440130310951,0.103004476975,0.17664053058,0.105176791592,0.0157544103505,0.121534923037,0.0119145683287,-0.0218914338906,-0.00755859267414,0.103614405382,0.0671189244592,0.0843533560779,0.0642272630215,-0.091574974212,-0.00143139212063,0.0213164823531,0.0595524052855,0.0428035906557,0.165156155931,0.0381776590322,0.137959975759,0.111900969033
1939,0.127152914936,0.0195444978274,0.103454362009,-0.0328986117045,0.0409181140827,0.0785932218628,0.0546384258163,0.0621470425109,0.0744040397418,0.130417917766,0.0466046193168,0.182610767915,0.00943993331368,0.138647763681,0.11980636001,0.143951598143,-0.0634846511511,-0.0519819980136,-0.0533756452363,0.028171304328,0.155913111937,0.0674041709654,0.00806181190595,0.167923134325,0.027706483463,0.0246941154026,0.108981297729,0.00737303914101,0.171433271552,0.0457533783564,0.192721222774,-0.014458267424,0.0942638166366,0.0650302549606,0.0410927659537,0.0414720198187,0.0178501382985,0.0492148229073,0.0844953360109,0.0557418514972,0.0240107566287,0.0545066495373,0.119366328568,-0.0134821028997,-0.0370469454059,-0.0590000946528,0.0418541431221,0.0666971998233,0.137934968491,0.11523628367,0.0404657690448,0.106877986593,-0.0442527637905,0.0949597623794,0.101197512023,0.0681005552811,0.0179593351334,0.0582313786215,0.0136103606403,0.0561584655875,-0.0244399628244,-0.048285459185,0.0742438926616,0.0155532910213,0.120209356341,0.0925042131124,0.155145247224,0.115929396086,0.173228291739,0.142403343765,0.0884167669475,0.107908387387,0.00386230394814,0.0951613409986,0.035460608377,0.0524845482116,0.0646010573162,0.0616830074649,0.0515104409338,0.107575162943,0.184867548709,0.111652214662,0.0207558854837,0.126533295407,0.0158608112074,-0.0167938826692,-0.00418239952616,0.107384390672,0.0724356318236,0.0908093559211,0.0683542030719,-0.0846112478779,0.00372090209381,0.0252305671652,0.0640583837444,0.0500830764631,0.168915530873,0.0423072206269,0.143711266668,0.118947420432
1940,0.134907414907,0.0234996029841,0.108985177548,-0.0301077740591,0.047125555878,0.0843794169887,0.0598794845573,0.0662448971785,0.0760067033596,0.132858266143,0.050111469085,0.186009000884,0.0122872054394,0.142966026003,0.123834182897,0.150358180242,-0.0573656021224,-0.0474019294626,-0.0501878718323,0.0318705413167,0.159874633947,0.0695565225567,0.0120449620496,0.17600528918,0.0317728091436,0.0298239725081,0.112217802114,0.0114318913113,0.17477380194,0.0491971579483,0.195994778564,-0.0100050713713,0.0975561376458,0.0706369033563,0.0462704888451,0.0464294163891,0.0227440676095,0.0530702091891,0.0879663665477,0.0590397875075,0.0283019968598,0.0580422609475,0.125523890065,-0.00929407902003,-0.0329896163719,-0.056623780771,0.0448855386682,0.0718071964035,0.141507262523,0.120179729632,0.0440465381299,0.109615125096,-0.0401162936657,0.0998929454384,0.104690378996,0.0709289987517,0.0222185241275,0.060942978711,0.017021770735,0.0600127659504,-0.0209474353687,-0.0446223535404,0.078959335266,0.0212469442486,0.123425610751,0.09559625605,0.161810632284,0.120361107667,0.177897623267,0.14815256314,0.0908031189287,0.113125416535,0.00830399673006,0.099468581486,0.0397328235774,0.0546810170134,0.0684617811962,0.0660629370485,0.0567772533554,0.110065320454,0.191459659628,0.117568994926,0.0246107488588,0.130765520833,0.0208673904619,-0.0124631899857,-0.00283320457445,0.110795537233,0.0767395947884,0.0955632061212,0.0698980529273,-0.0786867542084,0.00844599959134,0.0299064562582,0.0679821371346,0.0566005361891,0.170564792237,0.0447600142863,0.148172894704,0.125081504335
1941,0.136370531054,0.0203209065373,0.108693485776,-0.0347571165014,0.0445272496079,0.0826935575518,0.0558690386035,0.0652319861399,0.070443576409,0.129217679703,0.0459368016987,0.187592613051,0.00718954877117,0.142578212008,0.123053563358,0.152506850621,-0.0608694572233,-0.0534162347335,-0.0563904389221,0.0262006530096,0.162259363887,0.0631110030811,0.00887185516887,0.17900940093,0.0282421716169,0.0265527778952,0.111501758829,0.00718018432477,0.17566168799,0.0435699271272,0.194162667365,-0.0156448567495,0.0968692520546,0.0699703215227,0.0428381144698,0.044043691993,0.0179683786129,0.0495373619566,0.0877351348024,0.0544274893422,0.0262579344578,0.056812686102,0.125316659043,-0.0127973928849,-0.0364223566428,-0.0637295870392,0.0399308210592,0.0697957171699,0.134683541914,0.119784190087,0.0416581396269,0.103911253192,-0.0436089510421,0.0996366450042,0.102632699625,0.067205614415,0.0204769025419,0.0586510597061,0.01483238975,0.0606196069772,-0.0271695284236,-0.0487412160217,0.0754253566645,0.0212002208767,0.117446602036,0.0908552589125,0.163557847649,0.115298562848,0.179493665431,0.148504731129,0.0878061815803,0.112992912779,0.00435691327452,0.098789005866,0.0350816051679,0.0475982585342,0.0672659676836,0.0659396157186,0.0557236082773,0.109290379054,0.193457237647,0.119879140689,0.0203764593275,0.13154592067,0.0159115533499,-0.0175007250854,-0.0112551597396,0.106885592148,0.0753958518362,0.0922341127963,0.0609160930621,-0.0816621975125,0.00845688809069,0.0275103657524,0.0647007380569,0.0571260653169,0.168354696137,0.0407563165678,0.149476957433,0.128932986036
1942,0.132284043466,0.0125357196284,0.103939719421,-0.0433408526885,0.0384829179365,0.0779660742873,0.0448282157816,0.0624656180743,0.0626041926723,0.12153162977,0.0381435967951,0.186906489275,-0.00231943001195,0.139649341077,0.119407058805,0.151251853379,-0.0675773814845,-0.0629228693218,-0.0661940010947,0.0158317266718,0.162572003919,0.0517932261548,0.00403805569276,0.177672556711,0.0193342643927,0.0174400708987,0.108450455468,-0.00210135400537,0.17452071086,0.0329081148223,0.189002776895,-0.0276104965886,0.0941972380744,0.0661458714537,0.0356716591585,0.0375843567229,0.00954094408717,0.0430214844885,0.0849790059498,0.0452639552995,0.0211080839942,0.0528756966291,0.122753367425,-0.0211350102106,-0.044190255536,-0.0758109222316,0.0297115758459,0.0637634171015,0.123872362297,0.116738094655,0.0349144588404,0.0925493268218,-0.0510058168286,0.0954358545936,0.0971361843209,0.0595909495365,0.016190676037,0.0533015434556,0.00991445344844,0.0590637828012,-0.0398927747094,-0.0561966102771,0.0652662774698,0.016717001145,0.10730319786,0.0810556054881,0.161515052235,0.104905718799,0.178792594817,0.144393935822,0.0810742102476,0.109409996923,-0.00512516507781,0.0962860660563,0.0245722609807,0.0352992816546,0.0625920161793,0.0632552831458,0.0522907582576,0.105612567037,0.192403113482,0.120156498087,0.0117642327092,0.130232742624,0.00674706146394,-0.0286105312306,-0.0244218791925,0.100767442492,0.0707657911456,0.0850379930322,0.0468437014698,-0.090441669779,0.00697976260906,0.021315454347,0.0574993856977,0.0542539129416,0.163355386582,0.0328926920295,0.148306586338,0.131595879168
1943,0.119770367415,-0.00387087451063,0.0906381728396,-0.0637412553041,0.0220233376044,0.0623709606942,0.0250714257752,0.0516441900366,0.0421331493914,0.10377875241,0.0203621251225,0.174059104178,-0.023830027231,0.125812880494,0.10509068462,0.138790090737,-0.0854904280492,-0.0847877802494,-0.0861384807844,-0.00462956811591,0.152619197137,0.0336876770294,-0.0110944970382,0.167700167186,0.00258603862035,-0.0000552108633613,0.0949488895157,-0.0207395587411,0.161765843113,0.0142414649038,0.173030040205,-0.0522023432863,0.0812390537918,0.0501396845992,0.0173556203569,0.0263733350646,-0.00833081807469,0.0244261467951,0.0732331586024,0.026102778355,0.00457323446139,0.0416302803872,0.105931537266,-0.0378134131806,-0.0603500259589,-0.096299104429,0.0111331990845,0.0482855729233,0.100653218344,0.10448341711,0.020142087496,0.0703091842269,-0.0664476478605,0.0816632947147,0.0822369651061,0.0436270427452,0.0026081749631,0.0389089024307,-0.00352507790475,0.0507879165742,-0.0632321224937,-0.0736850394029,0.0441864785861,0.00330092590708,0.0849895384938,0.0612200163586,0.150180475789,0.0799891599818,0.167989637663,0.132127134076,0.0620314118518,0.0963290178779,-0.0253915294243,0.0838637016213,0.00501589536798,0.00876464845271,0.0485923630978,0.0530956903507,0.0360306679065,0.0899656138218,0.185538509244,0.111767844551,-0.0037386429872,0.122913086909,-0.0118634202727,-0.051155793902,-0.0499171626087,0.0843334028147,0.0589158254416,0.0665975603252,0.0221276604139,-0.111869656586,-0.00511036092788,0.00521524226388,0.0415631889412,0.042079918878,0.144347628682,0.017787976634,0.14034521684,0.125475171456
1944,0.105334583932,-0.0189926907887,0.0765496723115,-0.0795911726426,0.0091551006102,0.0518300069157,0.00539561508442,0.0451000095722,0.0333734694841,0.0891804526144,0.00812611328647,0.172573083152,-0.0395033022728,0.116858854023,0.0952539857456,0.124820879867,-0.0973041066348,-0.0962189451314,-0.100511575532,-0.0207675251759,0.145228166425,0.0193690756246,-0.0177425880731,0.155915122995,-0.0118300110051,-0.0168158017431,0.0878509961764,-0.0365198461855,0.15394796613,0.0000700167094981,0.160333120188,-0.0754975412888,0.0767086943352,0.0375702416319,0.0070379449481,0.017827341259,-0.017780073205,0.0124309635109,0.0646030769125,0.0100053372683,-0.00725553524848,0.0339753220239,0.0948897530481,-0.0517985044864,-0.0728311080869,-0.112249710279,-0.00562964885998,0.0357887086845,0.0861805097905,0.0966229230596,0.00553037617466,0.050741645412,-0.078847101485,0.0671960981132,0.0693432732746,0.0314972849937,-0.00599375342956,0.027006864836,-0.0128997997844,0.0432157900487,-0.0836529907821,-0.0864097094374,0.0232429313623,-0.0112801524544,0.0707886456566,0.0441721907087,0.138032999942,0.0611769260671,0.159833342262,0.119579248571,0.046178413307,0.0848122186739,-0.0435277226274,0.0792695393897,-0.0131830471497,-0.0130570669472,0.0353556204442,0.0468985185528,0.0267014742135,0.0802128382645,0.18032424929,0.106345897401,-0.0153006946543,0.118199163,-0.0253019680496,-0.072470180741,-0.0658833295844,0.0758245871408,0.0496157731798,0.0545897551631,0.00606555894136,-0.131104430096,-0.00929287698835,-0.00760813290043,0.0288630818497,0.0322928379618,0.132638358824,0.00590603934779,0.13433525431,0.123885316008
1945,0.102709459666,-0.0178132334027,0.0762240280897,-0.0716132786048,0.0161999941667,0.0620365639843,0.00231943215735,0.0529491778018,0.0502530716073,0.0956650613137,0.0167897218138,0.18809248494,-0.0320474029919,0.126480440262,0.103750563543,0.126763068891,-0.0865216355912,-0.0819072322269,-0.0915557738992,-0.0143871017725,0.153372282647,0.0240238322524,-0.00544981516289,0.156081777213,-0.00992197796464,-0.0174263996568,0.0964802296853,-0.0317652170841,0.16563664111,0.00440827018977,0.168782423711,-0.0745716311479,0.0900997939926,0.043323211171,0.0186640510152,0.0214067046571,-0.0068091397201,0.0220644964066,0.0708165445784,0.0152513588374,0.00210920782369,0.041116784783,0.103986704019,-0.0475774892277,-0.0706784738507,-0.106422689044,-0.00400037878192,0.0376121945756,0.10028782433,0.104796873524,0.00571909116127,0.0539521392907,-0.0732294548349,0.0680921770113,0.0745311859456,0.0370829742412,0.0016473178785,0.0325281606601,-0.00526267752429,0.0467289224166,-0.0805638915129,-0.0815127040773,0.0218884551732,-0.0119458733122,0.0834953255901,0.048311962656,0.140094875387,0.0697896664869,0.166034459117,0.120531638027,0.0536434950609,0.0903365612801,-0.0417315662696,0.0889666185058,-0.0125186826767,-0.00556811835729,0.0386431170367,0.055291641939,0.0353676128502,0.0912789407903,0.187095676847,0.112913186194,-0.00922904419717,0.123970228861,-0.017153558511,-0.0719865270643,-0.0514938240204,0.0886003913913,0.0556142047277,0.0623974960499,0.0194429356165,-0.128343473355,0.00282540652799,-0.00123715039651,0.0335655167671,0.0383538724737,0.146318746106,0.0107231919889,0.140573180676,0.131661642103
1946,0.114759259389,-0.000806150248108,0.0904222229513,-0.0463656212846,0.0390201291457,0.0861039835534,0.0200376122215,0.06937660235,0.079450426748,0.118911126117,0.0407157652844,0.20664376072,-0.0077270592884,0.146456248289,0.122948519234,0.141467755625,-0.0601319772785,-0.0503850947027,-0.0645403860252,0.0113044622882,0.168636489999,0.0475891307189,0.0168474369685,0.168858144037,0.00853131786623,0.000253248854642,0.112675631294,-0.00778454525043,0.185685847278,0.0265991064606,0.191976161235,-0.0499609716425,0.110791810416,0.0612479303781,0.0456511751506,0.0384208445026,0.0201960862878,0.0450392298148,0.086032769957,0.0388526722447,0.0253824597265,0.0586640126621,0.12341201555,-0.0261917502876,-0.0538479756231,-0.0801877675544,0.0165831548484,0.0535779789173,0.134423592451,0.122953979554,0.0212186167844,0.0779442678588,-0.0516173895641,0.0832005453459,0.0940636538712,0.0570369395908,0.0201727561144,0.0510982689388,0.0141635448118,0.058537122203,-0.0542201156935,-0.0617887942892,0.0414710819555,0.00198946403169,0.114497367634,0.0714118530203,0.154994408312,0.0984308947106,0.179721514153,0.135081843602,0.0774934074199,0.109320731138,-0.0213636433878,0.10606692331,0.00850794945826,0.0243297356361,0.055723547233,0.0734523807786,0.0547584477243,0.112399547805,0.204610320634,0.126313404398,0.013514081993,0.13668727651,0.00892165134218,-0.0498181394116,-0.0157257462368,0.113503228693,0.0745528302654,0.084448772574,0.0557650594834,-0.106234827918,0.021631085186,0.0198998963738,0.0529662467406,0.0567707189491,0.171639454674,0.0303197927528,0.155384775109,0.142965887835
1947,0.132758877536,0.0183387313865,0.108129484051,-0.024763512391,0.0573758008041,0.104091570368,0.0459415944063,0.080470446386,0.0974220990785,0.141215167453,0.0604973249178,0.216674595134,0.0137890204681,0.160322552998,0.137229743327,0.155304470194,-0.0399222020958,-0.0266562447238,-0.0415625365434,0.0352884932673,0.179475982924,0.0734131346441,0.0306341846266,0.184937101925,0.0307906315794,0.0231159139559,0.123142141568,0.0181685972248,0.19865116951,0.0508730066975,0.21198774336,-0.022678056742,0.124088903086,0.0742258234783,0.0667907411345,0.0580881627269,0.0431028783902,0.0609224353534,0.0978275514762,0.061840934742,0.0430606582351,0.073982563535,0.134048657673,-0.00259682403875,-0.0356847870281,-0.0525670184974,0.0405735202635,0.0701302202052,0.16059828407,0.136526658048,0.040032861609,0.103825132925,-0.0311188313192,0.0996029759681,0.112180051652,0.0763924747874,0.0339474852703,0.0675558422356,0.0301995045281,0.0693498271123,-0.0230094490735,-0.0444083635486,0.0675181218848,0.0193190808078,0.139979381289,0.0963853841921,0.170744287713,0.122500369627,0.189291875161,0.153136745703,0.0980862232061,0.127050447216,0.000676974411292,0.116724384011,0.0342761777131,0.050816125826,0.0726864106449,0.0888940881934,0.0666219501303,0.127251825923,0.222636757299,0.136324837931,0.0375723428594,0.147698785034,0.0324077901827,-0.0246265083512,0.0146699623486,0.129777409288,0.0930734223545,0.102868008,0.0879346635119,-0.0828360150918,0.0325000627439,0.0390113210823,0.0719303492576,0.0732617391257,0.188514633399,0.0508786010511,0.169612356243,0.149151913798
1948,0.148823875058,0.0300020214109,0.121089663927,-0.0137023180804,0.0639406632963,0.111964045502,0.0650822403148,0.0853654618198,0.10572713325,0.156213040459,0.0703482938589,0.226889251077,0.0269259485914,0.16902125377,0.146053060685,0.165658688202,-0.033109604483,-0.0155993388658,-0.0324717534055,0.0468768160022,0.188824487227,0.089041721055,0.0359941880502,0.198443732546,0.0470609487294,0.0383457277645,0.131124366574,0.0338970324079,0.208157231272,0.0668662788003,0.225359619896,-0.0072566061464,0.133195419348,0.0811951652099,0.0787470938687,0.0702521412433,0.0556272736547,0.0682184408474,0.105933635732,0.0746934571473,0.0522917550627,0.0835692872236,0.138925272756,0.0123159504881,-0.0226442927697,-0.0373000586268,0.0563440148132,0.0813535784111,0.172874852573,0.144069383404,0.0539047318097,0.120284258608,-0.0207160700635,0.111684100758,0.123325829386,0.0886691762907,0.0416879597029,0.0775380078561,0.0385622365163,0.075800558225,-0.00191779384527,-0.0347215852647,0.0882696112214,0.0322683821099,0.152789267707,0.112601464855,0.18235277459,0.136327270026,0.196547033992,0.16815702959,0.111962601216,0.138643477866,0.0144521594329,0.123886748854,0.0506364583498,0.0648914199734,0.0841680661563,0.0991644194605,0.073920215773,0.138150722899,0.236098809451,0.143757852697,0.0522237761806,0.15545429639,0.0423686597284,-0.00924071592947,0.0308839174166,0.136131537048,0.10473601713,0.113841977752,0.105275707967,-0.0679605466138,0.0388673586505,0.0488289053977,0.0830893630858,0.0834649288664,0.199579687658,0.0642407800598,0.180469539165,0.155168821054
1949,0.162145646756,0.0381631092411,0.132031939276,-0.00520282849473,0.0702055906501,0.119378456546,0.0775886791533,0.0910228091532,0.112613913988,0.167090386744,0.0773331779569,0.236571876853,0.0369306865281,0.178138402515,0.154689997581,0.177498116904,-0.0266909047525,-0.00748537916113,-0.0264713413689,0.0539409535938,0.199563851811,0.0968192142735,0.0418920709561,0.210877036027,0.057565055216,0.0481884868945,0.139205274488,0.0441932250894,0.218927717004,0.0768522073596,0.236701850294,0.00367866879965,0.141646466518,0.0894589388942,0.0875775253921,0.077273133661,0.0641695833555,0.0753931386352,0.113945047745,0.0833024810239,0.0608943870097,0.0907596583602,0.147559101945,0.0217996018671,-0.0127867751375,-0.0290407028522,0.0660837304185,0.0909322406688,0.181216591155,0.15114661158,0.0645466863752,0.130973255163,-0.0142022463627,0.122675985567,0.132501582566,0.0971400470607,0.0489693230478,0.0858273452802,0.0454766905655,0.0823907426148,0.0113056658067,-0.0267098817677,0.103732326095,0.0435807824769,0.161404997541,0.123839018807,0.193473759462,0.146883159353,0.205584198901,0.180466364105,0.123650514251,0.148703103292,0.0244551133201,0.131495948899,0.0612024912624,0.0749564766075,0.0942005849027,0.107528790612,0.0829759293913,0.148116198684,0.246393128824,0.152495059607,0.0609600703628,0.162400340476,0.0483124058832,0.00157971540499,0.0397427720433,0.142020979994,0.113248369255,0.122964340696,0.113514607362,-0.056101986544,0.0469323677092,0.0564740473804,0.0914327690394,0.0927737431374,0.210439141335,0.0729752805715,0.19005346098,0.163412921725
1950,0.171282269835,0.0448266644058,0.141162963578,0.000690600733291,0.079715426319,0.127099612025,0.0863016247084,0.0970528616226,0.115817120356,0.171845610881,0.0821036685345,0.239676827218,0.0422773397206,0.184609378139,0.16027072175,0.187152100177,-0.0179075235046,-0.00149065537378,-0.0201403650206,0.0597329551268,0.205590637785,0.0996805613076,0.0478128477024,0.220782709528,0.0624487771146,0.0553396506403,0.143716494686,0.0515606740965,0.225077024287,0.0822696014877,0.24299863282,0.0134938485602,0.145836087823,0.0975057709886,0.0933611328986,0.0825878828854,0.0701687466608,0.0811820078575,0.119043978965,0.0892991366012,0.0676452300926,0.0949036370633,0.156728008078,0.0277060911855,-0.00579179943577,-0.0239704903102,0.0714738203475,0.0998868327488,0.186803922192,0.156824100005,0.071562827635,0.136476406476,-0.00803842963959,0.130821812307,0.138857743285,0.10185696326,0.0550185217689,0.0911689953603,0.050913266282,0.0888257734531,0.0178628671709,-0.0190882120918,0.11228701445,0.0530642187804,0.165881394416,0.130084215407,0.202648474369,0.152655106978,0.212201543006,0.187963591925,0.129140407106,0.156197711325,0.0312569363762,0.13751281925,0.0694071295184,0.0809266757656,0.101367255188,0.112802700828,0.0913570705096,0.151749974673,0.253292555506,0.160422973338,0.0662291630612,0.167437698339,0.0545567091819,0.00987595104082,0.0417295399061,0.147530054677,0.119075095802,0.129671926417,0.115210402818,-0.0473472997314,0.0537573400616,0.0633902614265,0.0979635733807,0.100832155615,0.214642375006,0.0774389835685,0.196169520032,0.170710042551
1951,0.174461507174,0.0468962642901,0.145938256686,0.000201816094694,0.0847944503953,0.129668033613,0.0889016759142,0.0993951906775,0.112346263197,0.169309212217,0.0810554554448,0.239581278996,0.0403614232781,0.185681295744,0.160815821562,0.191526002598,-0.0136601427702,-0.00281026124666,-0.0193783960364,0.0595652976028,0.207164423743,0.0961996086232,0.048729403354,0.226184820781,0.0611076482331,0.0572592746832,0.143468403661,0.0531968611176,0.226150189606,0.0812027225454,0.242618999562,0.0169105299781,0.145643875304,0.100169864875,0.0921609763735,0.0843518583628,0.0698678439641,0.0806658167089,0.119686875005,0.0892537266635,0.0683784325791,0.0948216805957,0.160442741634,0.0283238062476,-0.00468162512689,-0.0249532973672,0.070264810904,0.104176769698,0.184127499098,0.158208165082,0.0727986752676,0.134649022304,-0.00658780780794,0.133355485606,0.139752968371,0.101214382754,0.0558988129781,0.0912337463488,0.0520291286875,0.0930267544782,0.0163336314362,-0.0169764939879,0.112429948122,0.0579477346179,0.163452943787,0.129846791053,0.207409042638,0.149708343694,0.214880290034,0.189844215153,0.12660292327,0.158508195648,0.0318000920278,0.139149154604,0.0720850987298,0.0785271938002,0.10318299739,0.113908457446,0.0935215853254,0.149419030344,0.256076674067,0.16528515458,0.0663204695176,0.169733967932,0.0558215375134,0.0114804311199,0.0352740003721,0.147641187542,0.120371840395,0.130564845523,0.108244770105,-0.0450590757903,0.0564276550605,0.0659339468611,0.099634056122,0.104316491161,0.212278273296,0.0765199791896,0.198979125271,0.175219604635
1952,0.171713060567,0.0429060258941,0.145164804969,-0.00613018191942,0.083313594665,0.127048199666,0.0831446647477,0.0985666061029,0.105741699661,0.162141673206,0.0748400990631,0.239705174004,0.0329330215197,0.183778195375,0.158139182024,0.191803814804,-0.015857205552,-0.00983440611089,-0.0252577654637,0.0524300512331,0.207362143175,0.0868628470533,0.0459289617064,0.226965118525,0.0540801298376,0.0520861725157,0.141226299328,0.0479257896725,0.225691484536,0.0740962193137,0.238400878081,0.0112724241187,0.144085882277,0.098235214252,0.0860914200358,0.0810246034121,0.0642786004713,0.0755060496183,0.11760830669,0.0829521629879,0.0644844168769,0.0917659433236,0.160391935323,0.0230239257244,-0.00894081793575,-0.0329134727911,0.0623802678295,0.103057567108,0.175523035176,0.156118520427,0.0684685122561,0.125731878625,-0.0110100631909,0.130900051531,0.136050314359,0.0959207859889,0.0531233461157,0.0872146120776,0.0490649650605,0.0940803283667,0.00683971824887,-0.0202287651735,0.104709277334,0.057347781758,0.155443819837,0.123415747817,0.207836187234,0.140354931675,0.215322009101,0.187049183443,0.119701012884,0.156498094232,0.0253668276448,0.138360216924,0.0670125519197,0.0689525452837,0.100433468945,0.112266680504,0.0920663340211,0.145058542554,0.255811366508,0.167811880632,0.0610538960861,0.169900747511,0.0502737304454,0.00501694574937,0.0231740450814,0.143542862128,0.11756766319,0.126419647523,0.0953657101359,-0.0499047020922,0.0566954583148,0.0630449743096,0.0960649527373,0.103377995243,0.207738055451,0.0709951203626,0.199409934095,0.178651996618
1953,0.167223265943,0.0389317674114,0.143535757048,-0.0104353881328,0.0835905143517,0.126815741093,0.0756805009108,0.0996626150519,0.103728857221,0.156565042644,0.0708538743201,0.242326595506,0.0273226095223,0.184012474695,0.157348557202,0.19225083918,-0.0154936500939,-0.0130194175613,-0.0287147239588,0.0470062510779,0.208975882333,0.0787942993161,0.0463888961671,0.226915236407,0.0469753686642,0.046154179796,0.14080216942,0.0433066335886,0.227676076647,0.0678191408014,0.236128536804,0.00548389118038,0.145344447842,0.097754986792,0.0828179916015,0.0780298444144,0.0613183450515,0.0730084600237,0.116790866529,0.0779359188765,0.0628428240714,0.09027045715,0.162792198541,0.0183777561438,-0.0130641504935,-0.0394798756708,0.0546056322247,0.102048484547,0.170996392357,0.155830301959,0.0636569750987,0.117468032241,-0.0140637481566,0.128243506731,0.133458700998,0.091878233899,0.0522539836575,0.0844353892386,0.047777746976,0.0954215186302,-0.00231707338883,-0.0221462899293,0.0957033546764,0.0559437331901,0.150670220592,0.117672053322,0.208244153058,0.133338593935,0.216877357566,0.18372793035,0.114747019102,0.155488992722,0.019019616301,0.139703898247,0.061482446483,0.061679195974,0.0981813649556,0.112151162086,0.0928202688754,0.143115510634,0.256303327626,0.171436306647,0.057017572955,0.171017982207,0.0467796927736,-0.00154485949049,0.0150255858027,0.142894411267,0.115838073036,0.124147426577,0.0865488931012,-0.054402970228,0.0595683549048,0.0615249236391,0.0934932835751,0.103410091235,0.206457662226,0.0664438503494,0.200612938822,0.183252433798
1954,0.16372161393,0.0375541413952,0.143545898151,-0.0108039216118,0.0872649447936,0.130011425463,0.0705673865073,0.102902063044,0.105665293319,0.154553318029,0.0703009019217,0.246620607512,0.0249841458844,0.186747938269,0.159048545557,0.194424343681,-0.0112595434858,-0.0122268362715,-0.0278464341404,0.0457062223362,0.212295645355,0.0746043106192,0.0497295653924,0.228142806044,0.0421985985759,0.0427056542377,0.142122015075,0.042369829769,0.232167636168,0.0644535618768,0.237238239439,0.00344430459899,0.148930519323,0.099529175339,0.0826076121519,0.077190633485,0.0612445003796,0.0735277736728,0.117855388288,0.0766952718739,0.0643168034156,0.091167485978,0.167619567354,0.0169803654395,-0.0157028381395,-0.0417631250704,0.050085999836,0.102640488884,0.171446729389,0.157888317569,0.0609313057658,0.113132317924,-0.0136370416026,0.127526788423,0.133762029552,0.0907574956886,0.0535662659467,0.0843617761096,0.0492482115515,0.098264127127,-0.00736509551493,-0.0215083119676,0.0891935079093,0.0561337837198,0.15046647066,0.115443813843,0.210488077165,0.130283678778,0.219958814727,0.182205275203,0.113275423757,0.157059217013,0.0154159770718,0.142645797375,0.0591362156944,0.0593834347425,0.0983386245524,0.114214529715,0.0954955747819,0.143827859223,0.25879412344,0.176506853282,0.0562690975489,0.173618714445,0.0473906182276,-0.00484056476844,0.0123017603197,0.145826323039,0.116724294964,0.124553071344,0.0835747767361,-0.055976925082,0.0645243317277,0.0633208272204,0.0936838236234,0.105599506687,0.208682262826,0.0647974832511,0.203600958739,0.188650435432
1955,0.163428352356,0.039299200022,0.146266802304,-0.00676836017388,0.0924189553256,0.135855614892,0.0693667825669,0.107731766133,0.112640576627,0.158145609415,0.0737742376462,0.255855765361,0.0278950056081,0.192746542282,0.164297944352,0.199582515055,-0.00456404956342,-0.00629273274107,-0.0234033847528,0.0484000140016,0.219189992744,0.0757617061956,0.0555818670009,0.232137845445,0.042443623987,0.0429491131109,0.146743641242,0.0459443780695,0.240536362724,0.0663725092221,0.24326781094,0.00542415277003,0.156735556144,0.103347691483,0.0870552099194,0.0794208798709,0.0662170176984,0.077257519254,0.121910136455,0.0795881741161,0.069114371907,0.0955679119845,0.17419672903,0.0200491483502,-0.0147725478126,-0.0388745165148,0.0502168442987,0.105552752432,0.177262603854,0.162600351874,0.0618616746883,0.114321377915,-0.0104423902898,0.130033746181,0.137724955516,0.0939063938269,0.0574917428234,0.0878998727504,0.0538010406791,0.102697472342,-0.00584246404408,-0.0182302986322,0.0883030625121,0.058981902291,0.156300764105,0.118672420919,0.215542536914,0.132967175164,0.225613643898,0.184802986782,0.117272877062,0.162016264516,0.0160096176086,0.148153636799,0.0608074986595,0.0627948735249,0.101989903774,0.119804510315,0.100225557162,0.149434467016,0.264642277536,0.183360017392,0.0602021431035,0.178602390881,0.0514999792607,-0.003953215914,0.0174876577833,0.151689671211,0.121127263803,0.128944763602,0.088262143296,-0.0530740461216,0.0719049966307,0.0683699767737,0.0973093126882,0.110514209482,0.216581303996,0.0677825640747,0.209959141013,0.195263745143
1956,0.166501075829,0.0390184691211,0.147908490186,-0.00552005598088,0.0870084728899,0.135080158568,0.0689234914715,0.107471463081,0.117295957687,0.165196290555,0.0750706690052,0.266635546994,0.0314779856092,0.196486511551,0.168399483131,0.203948855304,-0.0073575882756,-0.0034195287786,-0.0251833679709,0.0473183386393,0.228007364967,0.0802190739979,0.0552694766651,0.23721619855,0.048005841844,0.0428852924602,0.150413155922,0.0485848948916,0.248930207469,0.0717629895251,0.250801018974,0.00199049135957,0.16491026734,0.100766132613,0.090568740846,0.0825556867758,0.0712620968627,0.0761852382335,0.125620995809,0.080594075539,0.070393945061,0.101102109704,0.171413735897,0.0241922102767,-0.0132898979674,-0.0359778820297,0.0517050177129,0.104275883105,0.180302580591,0.164415407503,0.0641593872588,0.11681162224,-0.0112124500182,0.132587146067,0.140800720093,0.0984160208673,0.0583258894794,0.0909258215436,0.0558983915494,0.104080744089,-0.000269568030367,-0.0202315409038,0.0923232365998,0.0609997173358,0.161709357184,0.123773875305,0.219837160221,0.135157461121,0.229649410111,0.191280852167,0.12398703988,0.16637934315,0.0160137259692,0.149838397011,0.0606831237902,0.0641035868148,0.105393382179,0.126390291553,0.0978924788586,0.157685108,0.273172860763,0.18700529321,0.0661915452779,0.183831294647,0.0501098765443,-0.00509684437464,0.0263082897521,0.151723489598,0.125906857394,0.13128597386,0.0971523086508,-0.0509123298369,0.0743257515038,0.0694484023841,0.0993622472785,0.113055451023,0.225868474184,0.0734631901744,0.21847347185,0.197678303198
1957,0.173951428465,0.0382486989043,0.149028651654,-0.00337991590223,0.0770305019247,0.133480910561,0.0692840729485,0.107301901087,0.126673581675,0.177401646697,0.0778445652819,0.283478984019,0.039299351068,0.203083803487,0.175177223827,0.209778718289,-0.0132462334261,0.00282029223617,-0.028386034129,0.0457302929054,0.241095142785,0.0886277652202,0.0566012896041,0.244451290779,0.0590683913001,0.0429099370322,0.158419249624,0.0515217720461,0.261324241168,0.0818275712154,0.262518809226,-0.00477125017752,0.177870879347,0.0981611012239,0.0982540039587,0.0866531563883,0.079923009878,0.0770073027406,0.132002481218,0.0822609995667,0.0730893341921,0.109749187967,0.168970645157,0.0302041677681,-0.00849991745991,-0.0317745863592,0.0555228688011,0.1025869154,0.186945618294,0.167497071341,0.0687818613809,0.121819086041,-0.0128054381733,0.136912433927,0.145304937956,0.106030150714,0.0613606295276,0.0957802125517,0.0584742270338,0.103577631283,0.00973445611912,-0.021754302395,0.101595605889,0.0632036715192,0.170281451034,0.131420743282,0.224823151186,0.141849174556,0.235712733329,0.20214625267,0.136544361119,0.172737730479,0.016929246319,0.154556531477,0.0594292715937,0.0675955665714,0.110476366537,0.136042473621,0.0980154955237,0.171801758736,0.285348684254,0.191700202378,0.0749279298758,0.19103081731,0.0470645321668,-0.00633186664267,0.0411969756298,0.152871104253,0.132576077869,0.136346815641,0.112663999509,-0.0471638671053,0.0789104265515,0.0695982249604,0.102351727201,0.116366270459,0.240635803654,0.0826302003779,0.229547094357,0.202089065695
1958,0.187019173833,0.0448474750843,0.156581433468,0.00889311565706,0.0803082769415,0.143192633054,0.0759632416061,0.115448047836,0.143950759946,0.195523621487,0.0882481413389,0.302376845403,0.054575983689,0.217650893804,0.189178307535,0.224120030671,-0.00520336402606,0.0175900262325,-0.0197298583629,0.0538881232386,0.259551268755,0.101341949385,0.0678504813647,0.257890621262,0.0735144905544,0.0490918191707,0.172046949924,0.0624205956506,0.280692956169,0.0961326418722,0.281395233171,0.000235463146686,0.19515596389,0.10626931713,0.112019206963,0.093647738944,0.0930383580537,0.0878787637922,0.144164911064,0.0927724947851,0.0852079816354,0.122750033627,0.180395616305,0.0422449253764,0.000863449218285,-0.0203996144904,0.065658816103,0.107851371702,0.203605717022,0.177752868935,0.0793944399369,0.134686133608,-0.00583099669269,0.148566538831,0.157470372693,0.119046722088,0.0716087105883,0.107477935224,0.0682451474512,0.109044839355,0.0268252955815,-0.0139800591733,0.117558804121,0.0722663038878,0.187033669133,0.145981077294,0.236906897953,0.158058674023,0.248777229275,0.218048898069,0.156787824796,0.186575107917,0.0252676930014,0.165739974004,0.0661184631291,0.0831536391054,0.12289273443,0.149719284446,0.108494434378,0.190894654044,0.300710486321,0.203346722319,0.0880452871002,0.201969605219,0.0542912332567,0.00199016696967,0.0614468783157,0.164423908303,0.144476117223,0.149056080724,0.133174769544,-0.0342869395958,0.0920275928595,0.0792337621572,0.112544948945,0.126955052368,0.262655879564,0.0962029749835,0.244230485923,0.212684521684
1959,0.198840127203,0.0530488057979,0.166439724655,0.0205213739948,0.0902355171284,0.154495126113,0.083128645967,0.124222203228,0.15333806789,0.208028137209,0.0957860787431,0.31181933974,0.0648252771731,0.229497663602,0.200194715878,0.240073996193,0.00759322002556,0.0262268350169,-0.00846955773607,0.0625727448588,0.273830333029,0.108813595758,0.0772366739206,0.272076235642,0.0819861493423,0.0558270354715,0.181024913929,0.073507664035,0.295452057057,0.104949522158,0.296095573718,0.0106302766287,0.205376315696,0.115906690719,0.119036963451,0.0982321214586,0.0993618641379,0.0966161366978,0.153717996144,0.103160762316,0.0957842811412,0.131864293986,0.194341997203,0.05227762315,0.00698494907734,-0.010946178949,0.074059742695,0.114120169494,0.214730251031,0.186428356039,0.089424612602,0.145264103755,0.00247176098448,0.160830170937,0.169205959649,0.128289869876,0.0796340946522,0.117663281264,0.0772231078454,0.117417134719,0.0399096853986,-0.00518701696971,0.130162535523,0.0833713877681,0.198145587363,0.158181782186,0.250498749329,0.168901980963,0.260917197329,0.231574557238,0.171284690381,0.199631645932,0.0325474462919,0.173555737697,0.0752991945592,0.0972290961223,0.135290137483,0.159262699146,0.117767436059,0.201969186954,0.312350942813,0.215335116691,0.0971158114319,0.210795947797,0.0632945811207,0.0118736868641,0.0706496410167,0.17441889006,0.154276939395,0.158414076532,0.142495172095,-0.022123474318,0.102856400827,0.090837335898,0.122171425017,0.137235268128,0.276997662438,0.105788415254,0.256189504185,0.222485850237
1960,0.205471584705,0.0572192898134,0.17320273064,0.0251147985534,0.0963692541144,0.160139366312,0.0851293125361,0.129094216891,0.155190084868,0.212062608916,0.0965632048416,0.317837236442,0.0676623485442,0.23566500468,0.205540384698,0.251731740548,0.0153913157497,0.0272340162529,-0.00296559325329,0.0648118686823,0.282808765573,0.108647020004,0.081218661598,0.282660160685,0.0835142531507,0.0577674788818,0.185638300622,0.0787078985341,0.30378569618,0.107291059338,0.303035607235,0.0163692030496,0.210793949264,0.120988836657,0.11916339723,0.098515579454,0.0997174670949,0.099016062079,0.158571627686,0.107093498985,0.0998298736806,0.136032483525,0.203738556474,0.0562176176243,0.0086196029795,-0.00834593605467,0.0758394636193,0.117277970287,0.216480906299,0.190271687374,0.0943900690418,0.147886638554,0.00579322578246,0.16840490938,0.175327476004,0.13147554716,0.0829471177404,0.122178966001,0.0811918568758,0.12390247772,0.0442589042488,-0.000296818687212,0.134513130283,0.0911645742837,0.200680409129,0.163139312077,0.26030191961,0.170596548365,0.269101140283,0.239433934102,0.17692410302,0.207440649348,0.0334084673765,0.177715134371,0.0800426439913,0.102153785608,0.142680120469,0.16402272079,0.122375915141,0.205966020902,0.319153655205,0.22461723727,0.0998671982356,0.216490574154,0.0666116676862,0.0159526133387,0.0692108957363,0.177880976111,0.15886797817,0.162160230744,0.140798571742,-0.0163228342234,0.109265949973,0.0977816466832,0.126837355574,0.143023717324,0.282852757899,0.109267289637,0.263878035449,0.23024156664
1961,0.205294877048,0.0551556203215,0.174343061159,0.0216334338533,0.0965385785848,0.158747770073,0.079064312963,0.129876395066,0.149650079699,0.207362485174,0.089187956645,0.318304562381,0.0617191539727,0.235751398926,0.204998702337,0.25774220421,0.0166510695224,0.019457943847,-0.0049218353634,0.0585392695311,0.286859869497,0.0996686941241,0.0796779034078,0.287998176236,0.0766834750247,0.0521812992957,0.184845059818,0.0760847177824,0.306697362679,0.101153127788,0.302152710823,0.0134468946549,0.210930097815,0.120480463818,0.110570663231,0.0925987446894,0.0916000209074,0.0946959602472,0.158383422027,0.103173504417,0.0969707404899,0.134810237641,0.207728924198,0.0525503374737,0.00347994640582,-0.0145191766039,0.0689110424477,0.115129146277,0.208408802167,0.188453016029,0.0928201800409,0.140776520261,0.00310138646627,0.169906718849,0.174700514447,0.127583742442,0.0807117795747,0.120192600239,0.0793422147291,0.126843873695,0.038101499664,-0.00141460621221,0.128845515233,0.093850296828,0.193659706178,0.159174705035,0.264632960088,0.161351703253,0.272552974745,0.240180937851,0.174108790458,0.209374701152,0.0253915260438,0.176809184438,0.077040455162,0.0966352445111,0.144058832106,0.163228299626,0.121572296142,0.20328515256,0.320648148884,0.230484350354,0.0951141510179,0.218567498718,0.0622858920481,0.0118352540876,0.0562826132007,0.174546137378,0.157399392216,0.158578237244,0.127289003281,-0.0184080246494,0.111228832016,0.0983457667721,0.125219868366,0.143003577613,0.280780212672,0.105660034869,0.266667998267,0.235375031853
1962,0.200361394608,0.0508645133303,0.172646329777,0.0163367740204,0.0965806096149,0.156949455133,0.0688750175007,0.130748296428,0.145626847225,0.199665974771,0.081315759729,0.320236507723,0.0541668711827,0.235165424847,0.203518893571,0.260424249597,0.0181081879743,0.0129234294245,-0.00743600415856,0.0508669095856,0.289075532964,0.0883216528151,0.0792179505733,0.289808823445,0.0667105775198,0.0435834470375,0.18381151242,0.0709770621906,0.308383931862,0.0933116120456,0.298693978158,0.00750293311964,0.211770303388,0.118931648927,0.102424197257,0.0856859906452,0.0846753222206,0.0902932765271,0.157003125265,0.0967770116376,0.0930970718276,0.13262998905,0.211699504065,0.0463690878845,-0.00282679625595,-0.0224292464506,0.0585353188516,0.112159471991,0.20047636395,0.186234530233,0.0879996437898,0.129928207278,-0.00106703111217,0.168019305549,0.17176515395,0.122006017869,0.078457082678,0.11636101496,0.0768831819617,0.128660135419,0.0276779688057,-0.00305569734033,0.117603281487,0.0936138730872,0.186316075961,0.152114618777,0.266077416014,0.150244952436,0.274699361709,0.236966686832,0.168121844009,0.209068440793,0.0146366645046,0.177078863696,0.0712120650926,0.0879842419987,0.142749639726,0.161840595359,0.121142158973,0.199271044758,0.320357674087,0.235724249306,0.0889772625887,0.220041549525,0.0573899376151,0.00459586583819,0.0427605799008,0.171988019977,0.154376930158,0.154719428828,0.112794763268,-0.0232411823501,0.114127774763,0.0975373591286,0.122204768436,0.141831797898,0.277593645975,0.100197184851,0.267970153707,0.240835905973
1963,0.170232349821,0.00873015027456,0.137506937281,-0.0452972544127,0.0387850266305,0.0992434335807,0.0274432257997,0.0897042543518,0.0777889435389,0.151621793828,0.0263740866134,0.269648973202,-0.00553193146724,0.185031248828,0.154959577517,0.218165580268,-0.0439516466239,-0.0562880072255,-0.0661205084713,-0.00624076386243,0.25129451771,0.0488391578479,0.0227380980513,0.261067505686,0.0308365157279,0.00220923560717,0.136457667513,0.0232600663632,0.259914461318,0.0536279433685,0.249443948202,-0.0570313661857,0.165650341384,0.0596538801337,0.0428849361093,0.0598688440867,0.0333456242319,0.0268514895706,0.117496391211,0.0438530664421,0.0353895185059,0.0990846319108,0.144995668501,0.00507047201395,-0.0425860126903,-0.0701283714785,0.0143950832334,0.0672674770719,0.130292591197,0.141143773228,0.0523788059218,0.0739019448164,-0.0464131516935,0.128105805291,0.127527111058,0.0810595259458,0.0322204659624,0.0729239973898,0.0334675373382,0.0994702273324,-0.0244238583572,-0.0544927492451,0.0690998729266,0.0582409649511,0.121283803362,0.103517850719,0.230718566153,0.0765260885793,0.233946628228,0.206714255056,0.111721378713,0.167860954265,-0.0396959044451,0.129541853628,0.026145226844,0.0131193718121,0.101905574927,0.128530772496,0.0585649269844,0.146577927913,0.29850838432,0.201347973393,0.053413571721,0.19607006385,0.00185066172316,-0.0517836953314,-0.0266850154696,0.113973715357,0.120093206636,0.0996486167471,0.0502366683505,-0.0806934343904,0.0637538304328,0.0485253705313,0.0792610396577,0.0997499696016,0.214242526024,0.0651603321104,0.243339501881,0.205653398439
1964,0.127067558102,-0.0426282334507,0.087691645417,-0.109499604384,-0.0234402674973,0.0442471436102,-0.0276803564761,0.0543606097552,0.0357582290212,0.100001802114,-0.0243499314778,0.25199941332,-0.060374236543,0.141518854286,0.110866031895,0.159050419231,-0.103484262448,-0.106151053405,-0.125471529717,-0.0671616099083,0.214531282577,0.00720084862517,-0.0148322755353,0.217733119343,-0.00754059081898,-0.0502398547244,0.104413051069,-0.0328759011675,0.218166197262,0.0162438419215,0.197368771274,-0.140103940665,0.139815116932,0.00117092141317,-0.00201949081872,0.0333489009226,-0.00261075550889,-0.026741274868,0.0801630491968,-0.0162358037607,-0.0203495929523,0.0684346758696,0.0883618029971,-0.041834260113,-0.0785693211232,-0.121275398422,-0.0383707361742,0.0224041687101,0.070739710559,0.101507649486,0.00572308363288,0.00879822243017,-0.0967053191876,0.0741068646874,0.0764749066351,0.0406019632091,-0.00589037543752,0.0254715968462,-0.00864748337784,0.0628150966545,-0.0854048818819,-0.101654886772,0.00693562648586,0.00694549284707,0.0647336479756,0.0470666664604,0.181558840718,0.00670953036453,0.19455550554,0.166875207432,0.0516756381012,0.119922184813,-0.102063585754,0.103204052627,-0.0319086408869,-0.0677829937519,0.0510423018164,0.0997573546859,0.0122828162781,0.103378962259,0.274674957764,0.170811780027,0.01715671062,0.174651617172,-0.0543204083193,-0.122570647325,-0.0850165257386,0.0697554969688,0.0829887784811,0.0546115342031,-0.00374477338862,-0.14719467923,0.0331844013002,-0.00461605777064,0.0340966579312,0.0551043113906,0.161937405355,0.0285927720423,0.217080865981,0.183735521876
1965,0.115255392361,-0.0410515801561,0.0819538302402,-0.0910720375851,-0.00750610527634,0.0673355884511,-0.0402262113204,0.0751450508041,0.0805261855084,0.110377632389,-0.00845472576557,0.294555388869,-0.0430589409159,0.165508868296,0.131964518201,0.159529163296,-0.0745994557399,-0.0752095554786,-0.102754606444,-0.055764508648,0.235877254515,0.011212248683,0.0199620241653,0.21330906677,-0.00785894216926,-0.0576668572855,0.128366571321,-0.0263862707127,0.25006642388,0.0237158539639,0.214495275527,-0.142034952509,0.175236992663,0.0152231881107,0.0174533504808,0.0344132854411,0.0154516930903,-0.00236836997917,0.0949287955902,-0.00779853611889,-0.00109949720414,0.0838810719884,0.119936586227,-0.0362609594679,-0.0769768690636,-0.110961352729,-0.0410488237452,0.0237975711331,0.100184312073,0.119507335376,0.00192772692246,0.0112818707615,-0.0878225480013,0.0713736234359,0.0860905191662,0.0522754681871,0.0116232729539,0.0360291507418,0.00789996961541,0.0693880052863,-0.0827715837454,-0.0877102735417,-0.00327877068842,0.000986079546852,0.093079639447,0.0528340412287,0.181717644456,0.0236194810922,0.211928133065,0.16504649334,0.0673847645145,0.130250072994,-0.104515549696,0.128914800277,-0.0342269888995,-0.049778376486,0.0562075044349,0.115984850371,0.0350677699974,0.130326400696,0.2827293472,0.189393997381,0.0256871299413,0.18808264119,-0.0378277334372,-0.125128732613,-0.0583000861014,0.103018219871,0.0918405412497,0.074227381329,0.0191246013207,-0.142364527909,0.0682878273734,0.0117702169319,0.04479578113,0.06494557302,0.19994006825,0.037285889993,0.229763301642,0.203548339831
1966,0.128975718463,-0.0113655514522,0.107090011106,-0.040724471778,0.0360102408532,0.112421404612,-0.0221072943699,0.107884200951,0.131812678659,0.149978377897,0.0264235713476,0.33202316279,-0.00288022332208,0.206065014579,0.1712626326,0.198402177469,-0.0205462485513,-0.0337003051927,-0.0510594052165,-0.0150060797577,0.277572284605,0.0377108757455,0.0601743569929,0.237829346613,0.0113289115785,-0.0371318711501,0.159661480636,0.0123990902129,0.301587630755,0.0492496207682,0.261413477718,-0.0966162480321,0.214419524269,0.0509819842664,0.0466650901767,0.0473641180022,0.041194950755,0.0380622368327,0.125897276683,0.0331148399938,0.0407455537999,0.113811179472,0.169780859551,-0.00439514866445,-0.0617220836869,-0.0725476084976,-0.0144657162398,0.0435891777514,0.151032109626,0.150956206541,0.0265920775402,0.0499858082129,-0.0542097106509,0.101914880108,0.125411742913,0.0841539163532,0.040280262529,0.0720045000683,0.0433123392047,0.0980696490475,-0.0436680186643,-0.0543262429501,0.0225214601778,0.0271497652806,0.144572642169,0.0921951589637,0.213585493155,0.0680500274393,0.247797230277,0.189344292815,0.116284942961,0.168254430495,-0.0773935679339,0.155625961426,-0.00201999331638,0.0110286097873,0.0925141395093,0.144497459784,0.0669963450346,0.173706009606,0.305691043593,0.221059383617,0.0534934482357,0.211736879452,0.00377200542838,-0.0883693591548,-0.00907813348924,0.148403202778,0.120852409467,0.108447549358,0.0650954603888,-0.103355564257,0.106398193878,0.0561539493078,0.0779726869792,0.0951098482033,0.260418687503,0.0668146980431,0.259717403198,0.226086053214
1967,0.149717828532,0.0162554416214,0.135480070903,-0.00323966743405,0.0662673888515,0.141677435039,0.00156309480707,0.12845684192,0.161395618899,0.184558465743,0.0497535204933,0.355604362827,0.0282838091716,0.234160702431,0.199031113998,0.238076026238,0.0140491430631,-0.00845776580682,-0.0141642252921,0.0165236483377,0.309834800105,0.0624781839482,0.0820630644124,0.267100298513,0.0313649232901,-0.0149996113429,0.181986354091,0.0471108758351,0.337321663131,0.0738568713684,0.299914149413,-0.0535245079571,0.239562037755,0.0764746670218,0.0655832902296,0.0595902326913,0.0592977643475,0.063098246288,0.149211846377,0.0675743394897,0.0689558346348,0.136880946953,0.203021527268,0.0244377702885,-0.045384419183,-0.0396982551692,0.0125060977551,0.0634423197459,0.185218771374,0.171573749443,0.0538262132509,0.0857910591758,-0.027631102692,0.134089293132,0.15939915394,0.111053986053,0.0600154807049,0.101183279694,0.0682192172506,0.122503442632,-0.00500984217071,-0.0261445262754,0.0532855680172,0.0569645482529,0.179704174736,0.128466342012,0.246663888934,0.100920637919,0.275706362126,0.217003382576,0.156807452169,0.20111507939,-0.0531426559672,0.173381379498,0.031118175165,0.0593709650879,0.126363535491,0.165856136669,0.0890123763701,0.203560344347,0.327152850696,0.246180435915,0.0779922881313,0.230502502646,0.0330072696385,-0.0526808409677,0.0248113762476,0.174973788135,0.145283832077,0.134183852241,0.10010074651,-0.0687653544865,0.128271935527,0.0905035382884,0.105519190261,0.118791547394,0.300958035806,0.0934018856672,0.285620874705,0.242443711132
1968,0.169456353582,0.0354482561876,0.158583986855,0.016569243476,0.0818508526486,0.155197928476,0.0220409473533,0.138467124182,0.17379672003,0.206597566861,0.0609026193458,0.367559006722,0.0471562030254,0.249483368641,0.214453310252,0.26760558815,0.0303330976512,0.00332970115784,0.00522016496147,0.0345056409696,0.329674824594,0.0794164883715,0.0906297680593,0.292388635312,0.0471085465587,0.0016780103089,0.19465161281,0.070268936436,0.356312926202,0.0932350377741,0.32326626826,-0.0244379675089,0.253022860912,0.0899947991527,0.0746859428255,0.0693694608932,0.0701172319962,0.0741683543858,0.163167812436,0.088382265977,0.0823716458069,0.151269372399,0.220769390046,0.0442028828909,-0.0319825961849,-0.0181022458074,0.0315770081355,0.078682113435,0.202500485467,0.181974213113,0.0752186388428,0.10917861254,-0.0122985095022,0.158155216322,0.181192277816,0.129194951693,0.0711292331063,0.118516075393,0.0815000262723,0.138246732412,0.0230029957178,-0.0073554689625,0.0778577038633,0.081281105025,0.197675220656,0.153077489224,0.272269048934,0.11886665531,0.293382902234,0.239903396958,0.181133445864,0.22275407232,-0.0374306140188,0.183431727825,0.0561874822773,0.0862817546568,0.149538333002,0.179061270499,0.101107933063,0.218880505325,0.343420580127,0.263553209668,0.0955185896141,0.243558600698,0.0480225929816,-0.0276918525473,0.0410218466719,0.186356338396,0.16119924185,0.150729074847,0.119972091596,-0.0450654068457,0.138719555243,0.110806069308,0.123875740666,0.13372465584,0.320724065277,0.112264451658,0.304175687862,0.252881184266
1969,0.183969270211,0.0455277721236,0.173284240537,0.0221241609869,0.0851682993054,0.15715707142,0.034764401146,0.141298921875,0.176530310878,0.216575607238,0.0622483932113,0.375902869399,0.0558331593045,0.255824841206,0.221175724984,0.284951500167,0.0339371626249,0.00586260347884,0.0109279764015,0.0398626630998,0.341077326953,0.0872708642711,0.0917589381931,0.310552481258,0.0572441628011,0.0104018836412,0.201175103323,0.0814530646179,0.36481755762,0.106296410433,0.333510700877,-0.0115779086225,0.26093244674,0.0936404435574,0.0759218595691,0.0753395224722,0.0748253658287,0.0755364274878,0.169973229924,0.0957047675749,0.0845115738705,0.159212023241,0.22794550896,0.0546265098157,-0.0232327431468,-0.00755338412943,0.0402103018496,0.0872321235934,0.206421188491,0.18505573712,0.0879491759418,0.118832336572,-0.00787963901628,0.171565208478,0.19117882355,0.139073342463,0.0756035966398,0.125321959875,0.0859161981705,0.145924691163,0.0386593892721,0.00217737316179,0.0921664283811,0.0968927106026,0.203565561239,0.165429233426,0.288194297284,0.124169903308,0.303319636443,0.255517826359,0.191493833986,0.234086643904,-0.0314729130211,0.188599181078,0.0703489523159,0.0943536412518,0.16157243721,0.186354312705,0.105373502317,0.225041616389,0.354298541172,0.275109696716,0.105714592604,0.252435960863,0.0515231400691,-0.015478158526,0.0443448796278,0.18756502248,0.169140249098,0.159794886334,0.126792497945,-0.0320430985048,0.143364931436,0.119791511862,0.133707487163,0.141092257809,0.327824081398,0.123413731336,0.316683893402,0.259813545563
1970,0.199075923726,0.0587689790756,0.189134664105,0.0343525409496,0.0962411007523,0.167649443664,0.0471068825987,0.151456418672,0.192046497795,0.229949376136,0.0701523066436,0.396510446541,0.0717381515153,0.270810918984,0.235644738558,0.305300044745,0.0476246379535,0.0195995240273,0.024182137765,0.0498218701071,0.359117050119,0.0963297721787,0.104240290041,0.330314600519,0.0696367736127,0.0207627125291,0.216244353579,0.0951207197955,0.382262105036,0.122731139325,0.348594491461,0.00432275462218,0.279210013996,0.106018295909,0.0856502916538,0.0824625592481,0.0868384386547,0.0872305277409,0.182645821194,0.105947993678,0.094507495954,0.172141542328,0.248195826431,0.0674950975284,-0.0104431878162,0.00623400879776,0.0494485319326,0.0999931680589,0.21971678249,0.195167753966,0.101643529667,0.129992029999,-0.000511590813868,0.186623276213,0.204486279253,0.152468195165,0.0877508207298,0.136378177926,0.0960459756788,0.156072758195,0.056057531026,0.0179634570551,0.106738142203,0.113971605757,0.218702392613,0.180169276967,0.306035336402,0.138370995531,0.320014944424,0.272189814308,0.207637378756,0.249961733698,-0.0220710298414,0.202924318609,0.0856870032558,0.108679894309,0.176599544556,0.199090005572,0.12067507124,0.239808909745,0.367545065278,0.293264362031,0.118527581914,0.26551867843,0.0614791321034,-0.00016311750861,0.0561586443556,0.198243569689,0.180341322756,0.176869252174,0.139084315301,-0.0130255944374,0.159300301519,0.134786979627,0.14818356952,0.15448743413,0.346008317251,0.137440202178,0.332429643934,0.275055570565
1971,0.213784623894,0.0744210402993,0.207338928508,0.0501882158113,0.112970956469,0.181841981202,0.0585915803805,0.164196027934,0.20610510521,0.242853721825,0.0780118802275,0.413473036119,0.0871505728237,0.287014049173,0.251993683249,0.330318968136,0.0680276842592,0.0310913319322,0.0420174839478,0.0615509875414,0.380270882173,0.102688480353,0.117949163293,0.352437295079,0.0794679841016,0.0317894930146,0.229982121165,0.110599097012,0.402755253654,0.135927678568,0.365012230993,0.0248538397621,0.296292722818,0.121464599759,0.0912103292522,0.087526567286,0.0943223045331,0.100638827551,0.196385020389,0.117890323764,0.10710679634,0.185364175971,0.27322926678,0.0810059692849,-0.000476192475042,0.0205081072105,0.0573547283125,0.112449027019,0.231626180045,0.206343998856,0.115842615327,0.141054444337,0.00829556509044,0.203862667021,0.220075407678,0.165108546313,0.0997875894884,0.149359272451,0.1082865688,0.169957752193,0.0733684801019,0.0344028496452,0.120138010251,0.133999997297,0.234643183743,0.195917906656,0.32681050258,0.151773439372,0.339455001597,0.288787688699,0.225704170279,0.268967099527,-0.0120688806407,0.215225937179,0.102494099315,0.126309890603,0.194458595064,0.211375616326,0.135620497326,0.254738443993,0.379953652352,0.313692223822,0.129797434748,0.279282546341,0.0744906892883,0.0182544195791,0.0649137975915,0.209827229002,0.192199285153,0.193244262945,0.146249826893,0.00970299637211,0.176429839016,0.154188229812,0.16400673338,0.170314837995,0.366607180267,0.150662079053,0.349536682244,0.291008963208
1972,0.226995057833,0.0889038878957,0.224367462603,0.0640128665098,0.129403455706,0.195033272243,0.0686498953381,0.176093865579,0.219831807504,0.254285675344,0.0859283932387,0.430494064809,0.101167053782,0.30213508206,0.266980556378,0.353607314935,0.0863774927969,0.0437495627414,0.058494682809,0.0728749931452,0.398990427641,0.108816696583,0.130458454191,0.3732902921,0.0886795634271,0.0420859914425,0.243069439836,0.124606542366,0.420827014625,0.149485629726,0.379559578293,0.0436643043443,0.312834122327,0.135498415324,0.0993464084432,0.093646530294,0.104744230491,0.113175217438,0.208989151555,0.12845592604,0.118906856725,0.198126986727,0.295692004212,0.0934480556637,0.0111164376526,0.0340947873597,0.0639292902751,0.125521074882,0.244529558196,0.21708191132,0.128636921408,0.149854955387,0.0169466029036,0.219357400718,0.234371861447,0.176881685649,0.112298892886,0.16113303953,0.11966135639,0.182627033111,0.0884623149068,0.0506223748651,0.130579903291,0.152930190772,0.249184724134,0.20948979311,0.346458293985,0.164523334391,0.356857233042,0.303464145187,0.241616363093,0.286818990192,-0.00299913429865,0.228444023373,0.118098809273,0.141211109232,0.210665902548,0.223443916228,0.151236451075,0.267964303773,0.392394281119,0.332927108885,0.141319628151,0.292490074507,0.0868220885707,0.0354830892007,0.0733330477826,0.221243328854,0.20365273207,0.209612311607,0.154929126963,0.0308818269985,0.19226663986,0.172009760882,0.1788530863,0.185821517934,0.383965086773,0.163030522851,0.365453060684,0.306855496825
1973,0.240194652985,0.103950446628,0.241500747285,0.0771239884782,0.146901156355,0.208339939029,0.0804596285787,0.187531613484,0.231546978835,0.265117436838,0.0946034610844,0.444175440607,0.113732780396,0.316017273471,0.280904069417,0.374707161752,0.10440161222,0.0559743263298,0.0746502890129,0.0854987953621,0.415277075431,0.115915315085,0.142183808726,0.393364032526,0.0983522899174,0.05402020148,0.253759670575,0.139254842841,0.436611205126,0.163128846176,0.392682410337,0.0627467066939,0.32729868428,0.148623480102,0.107147527855,0.102141456606,0.114597145927,0.124612948972,0.220625859667,0.139035725704,0.130167637964,0.21052445718,0.316108187406,0.106774294911,0.0222538823793,0.0489081942486,0.0714116342225,0.139082933087,0.257346165389,0.227949140786,0.141276462912,0.158972472036,0.0269853567718,0.233629368471,0.248144022044,0.188674801545,0.124367947098,0.172438245157,0.131247353767,0.195150968064,0.103539722652,0.066312327009,0.140742665152,0.171346086937,0.262956953992,0.222669914026,0.365696264142,0.176462590133,0.372430938912,0.317781050411,0.25513491103,0.303795516776,0.00726099959371,0.240384612482,0.134946071645,0.154585386998,0.225812959081,0.235137037087,0.165583086137,0.278919521574,0.405188693616,0.351437292104,0.154214934563,0.305354489284,0.100146062209,0.0528262720962,0.0810365344258,0.232893550634,0.21551435216,0.225556160208,0.16448488009,0.0517303806458,0.207345857546,0.190024337997,0.193812855178,0.201465687349,0.398243465242,0.175497722753,0.38119829669,0.321950114661
1974,0.249804959177,0.115327904156,0.255022820976,0.0853157769879,0.160067343627,0.217171759061,0.0878562141564,0.196080535557,0.238904351367,0.271207774482,0.0980297268882,0.456861337045,0.121152934978,0.326124274835,0.291267689353,0.392125604585,0.117828010674,0.0622020166061,0.0861483407058,0.0928230491482,0.429104943139,0.118443465592,0.150426293607,0.410409358133,0.103750494253,0.0618724401129,0.261877838275,0.149285422505,0.449528483559,0.172274433651,0.401319402236,0.0761591860583,0.339755688218,0.157782027554,0.109374621196,0.106960356612,0.119144775747,0.131767779612,0.229107311421,0.144709772885,0.137125714333,0.220270768179,0.33294649731,0.116117586079,0.0298753117132,0.0589875350792,0.0738929923613,0.148770821036,0.263593701847,0.235239908878,0.15018546132,0.162175054902,0.0329659815898,0.243965075464,0.258046102158,0.196365355436,0.133121140718,0.179926131296,0.13900920553,0.20509187553,0.113301181796,0.0783766291119,0.145032337058,0.18652278514,0.271088761178,0.230527869435,0.381623526551,0.181756530119,0.38513720152,0.328180211097,0.264433587277,0.317738764084,0.0119651296548,0.249300670699,0.147207279585,0.161739276923,0.237451328219,0.243723717351,0.176285216561,0.286542886008,0.415379974197,0.367851925838,0.162671802674,0.316238186126,0.108671588239,0.0653383329655,0.0822642397154,0.239575613448,0.224081662557,0.237224260021,0.167432650048,0.068061257813,0.219751559396,0.204332777219,0.204844609685,0.213781986695,0.408702535229,0.183951661312,0.394316636225,0.335774237392
1975,0.2587963214,0.126405075315,0.267350191087,0.0932824231502,0.174934864261,0.227336910287,0.0952031884065,0.205313045677,0.248308826078,0.278426840687,0.10387841172,0.469241821744,0.128902821227,0.337704826964,0.301772758825,0.407750220869,0.130729422079,0.0714685086535,0.0982344800952,0.101673396497,0.441066019057,0.122993270638,0.15968562339,0.425892055209,0.109944378232,0.0702072049056,0.270417674528,0.15884364888,0.461897127377,0.183158573154,0.41040564036,0.0888445693755,0.352837214267,0.167558768009,0.115966531447,0.113449494911,0.126765185448,0.140245621014,0.237761266147,0.150355724899,0.145200145932,0.230661899462,0.349987739423,0.125423799096,0.0392509861641,0.0702639307052,0.0774689672873,0.159246235911,0.274495448919,0.243748638609,0.159125812456,0.16505315981,0.040043170691,0.253320842105,0.268080921314,0.204570733559,0.144170701018,0.187919994931,0.147253009536,0.213485294067,0.122315210042,0.091547997084,0.147953969841,0.200245996055,0.280121484902,0.237470301754,0.396648111016,0.189598056836,0.396734625578,0.337844330369,0.27380425702,0.331468013525,0.0171589359584,0.259646161331,0.159498741251,0.168720178851,0.248524263772,0.253467598899,0.189797117382,0.294011624109,0.426936300237,0.383710671156,0.172798097994,0.32697558079,0.118117074374,0.0774162604283,0.0861003709944,0.248932357752,0.23361491071,0.249934474357,0.17514886846,0.0829569639089,0.232734592858,0.218134580828,0.216112468406,0.226805096428,0.418686683048,0.193182959464,0.406596497328,0.350238368362
1976,0.270853208209,0.14200586844,0.282810926564,0.106379976627,0.196818706517,0.243656615278,0.109068001148,0.217990402388,0.263151361646,0.290815686464,0.117182661302,0.483974772672,0.141351429761,0.353507074131,0.315802779851,0.424027364801,0.148732747368,0.088546640228,0.115792794012,0.118246252087,0.453237051956,0.133843073781,0.173580110511,0.442493634347,0.121049881624,0.0847388522753,0.281234865861,0.17383661064,0.476435869236,0.199679711026,0.42354640271,0.107757458631,0.368685164828,0.181656125666,0.130434677683,0.126377174442,0.14115264994,0.15356653675,0.249376133121,0.161368716207,0.158468508555,0.244261415442,0.370092432302,0.139884939998,0.0533307053911,0.088331176987,0.087775223413,0.174892114257,0.294329329421,0.257260329212,0.171884006901,0.174399215063,0.0535921493994,0.265058288186,0.28212726213,0.217521706599,0.159874130618,0.200062120557,0.160311015707,0.223978715504,0.136407378419,0.109278913751,0.155664797667,0.215826737014,0.295297924554,0.248947386717,0.414366562321,0.205097045658,0.409719824946,0.350623914656,0.285940102857,0.347830686498,0.0294280027558,0.273828463333,0.178044543352,0.181393973101,0.262270607271,0.266975213779,0.208118102034,0.304209489092,0.44216452287,0.401580894508,0.189276247439,0.339725064155,0.134311168617,0.0943735128364,0.0977210702536,0.26542355925,0.247593179086,0.267966555633,0.192759817081,0.101554772703,0.24962175501,0.236548131083,0.231917141321,0.2439983175,0.431549168176,0.206927519445,0.421198318175,0.366651410108
1977,0.286361390272,0.160466376186,0.30096658514,0.12355753598,0.218933598601,0.261590275257,0.126754910486,0.231646906961,0.28180716097,0.307624415333,0.132614973359,0.50476817984,0.158090825345,0.371578051122,0.333308008763,0.443544419877,0.169074699168,0.108256763865,0.135825474116,0.137290900225,0.470228521802,0.148002315797,0.189378162134,0.461982786422,0.136590854977,0.102695098865,0.294982479174,0.1927562034,0.495718219923,0.219859825401,0.440793873127,0.130212116482,0.389137657132,0.197215103384,0.146418874102,0.14117851258,0.157877673592,0.169282472327,0.263656619864,0.175504376555,0.174442114156,0.261071225772,0.391578120898,0.158431279564,0.0698253053392,0.110232782897,0.101284524094,0.191892116206,0.315943836783,0.272594842286,0.187900235843,0.188205010267,0.0686539191321,0.279782679133,0.299296482416,0.233828172188,0.17692525796,0.215294275804,0.175846561774,0.236463450361,0.156376792532,0.128506281442,0.16857837587,0.234242092062,0.315560790767,0.265095323033,0.435004397372,0.224221483023,0.425495030532,0.367211255228,0.303560388901,0.367739928976,0.0452909240309,0.289191416482,0.199869727154,0.19892008477,0.27949657903,0.283238331108,0.226787423264,0.31984158103,0.46011793417,0.421324215878,0.208798861706,0.354894594433,0.15279266266,0.115213996666,0.115174928889,0.282383918806,0.264453895197,0.289106385303,0.214177880021,0.125258362499,0.269050263579,0.258220048976,0.250431657847,0.263690583629,0.451116631247,0.224109875269,0.43939303741,0.384324235486
1978,0.307077031434,0.18155768956,0.321972880062,0.145143984186,0.2408762195,0.281455322027,0.148317104818,0.246760339874,0.306408452443,0.331251151427,0.152088232568,0.531503503549,0.181287934676,0.393634507358,0.355223865973,0.467750314004,0.190594646056,0.134044939527,0.1585851206,0.159339964107,0.492538085225,0.167870819831,0.20767193022,0.485541870109,0.159126240936,0.124412341621,0.313211376695,0.215722817892,0.520293580401,0.24670782964,0.463994823017,0.15559372808,0.415131367256,0.21497539381,0.16884371036,0.159107929833,0.181335009928,0.189008994898,0.281669861039,0.193241866379,0.194458872464,0.282346874527,0.414749512092,0.181660011559,0.0919047905812,0.136904295376,0.119092778664,0.211408430257,0.343568255789,0.2906710036,0.208449378665,0.207082258878,0.085176011798,0.298680783785,0.320456771382,0.254761942415,0.197680927823,0.234624927903,0.194229678894,0.24986750944,0.183961164335,0.150412139421,0.188512764808,0.256249163865,0.342467042904,0.28704179676,0.459133323362,0.250391838484,0.44446543159,0.389073244064,0.329195376128,0.392219986928,0.0656360692662,0.307793189132,0.224764236635,0.222243385819,0.301132948057,0.303914583765,0.248856212164,0.342291648899,0.482779903983,0.442903456539,0.23333183407,0.373007045251,0.173669857626,0.140704597677,0.14191426871,0.30152953705,0.285455862333,0.315104964208,0.24404746899,0.1549328879,0.291175697711,0.282323217294,0.272378869515,0.28686088423,0.478186959679,0.2465078659,0.461652177757,0.403936913456
1979,0.335013260326,0.207473151765,0.347711331591,0.172291937476,0.26634738693,0.30567180227,0.177601508973,0.26430542516,0.335776979466,0.362409036187,0.178278377972,0.560789935823,0.211258328931,0.420106432476,0.38155792402,0.496304814158,0.215126066879,0.16701481808,0.185691401275,0.187870665337,0.518114937761,0.19543080319,0.229145702734,0.513936595007,0.190208954615,0.153080393572,0.334768716906,0.244991608298,0.548396377328,0.281474496309,0.493191613752,0.186921503578,0.444503385308,0.236439026331,0.19922955959,0.183487516901,0.212119538646,0.213304377228,0.303656236336,0.21662518019,0.219653508598,0.308107309765,0.439963052989,0.211542723844,0.120419919584,0.170729317693,0.144345735495,0.235602886291,0.379244768571,0.313146804274,0.235032330537,0.233790755436,0.106494614739,0.322595076486,0.34660002646,0.281655444685,0.223045612207,0.258976596637,0.217007896668,0.265308489546,0.220615733576,0.176364680071,0.217960374956,0.282845068237,0.376230369592,0.3160672989,0.487892542299,0.285421715164,0.466180913218,0.417625624397,0.361446274636,0.421304653193,0.0939106217181,0.329670148597,0.255961359471,0.252425494351,0.32756250885,0.329290857075,0.27494612118,0.369773509123,0.510961944677,0.466684389598,0.265135006725,0.39412921124,0.199775130181,0.172752994374,0.177982225218,0.325467276636,0.31184989208,0.34700829498,0.284479184149,0.191487029956,0.316177364749,0.310544224813,0.299355950756,0.314749012084,0.510111163459,0.275183749454,0.488206980005,0.425325257071
1980,0.362546173075,0.229571470289,0.370748726529,0.19218484366,0.286279211365,0.323470742898,0.205146051271,0.276998331681,0.35371561549,0.387471308605,0.197381575127,0.580015200819,0.233286932024,0.43975803723,0.401339999095,0.520835702776,0.232664204077,0.189384839438,0.205685230486,0.210301097748,0.53806180628,0.218349120573,0.243178230231,0.540511106025,0.217699099793,0.179008391644,0.349573281698,0.269328298093,0.569109477337,0.31082488378,0.515824960719,0.212619402264,0.465422821327,0.251952116169,0.220884711075,0.205138113463,0.234255078621,0.229853980147,0.320458249636,0.234639779101,0.238116092315,0.329000758269,0.457783425035,0.237085246371,0.144737581933,0.198672456894,0.165914236444,0.255561213766,0.404826303606,0.330052553837,0.258863910673,0.255031330093,0.123697951785,0.34320179096,0.36783681359,0.303254158839,0.242649957521,0.278214942442,0.234228538987,0.27760781915,0.252037764339,0.196810381279,0.244234208588,0.306902411396,0.400056865894,0.339492900254,0.513575359609,0.311352535115,0.482602459681,0.443858149513,0.386746139095,0.445943822399,0.117318194915,0.344772980767,0.283389428105,0.274277812318,0.34983199209,0.349444530006,0.293977792537,0.389122954217,0.53638031891,0.486188041828,0.29201009368,0.411654970819,0.219569492573,0.200057984369,0.202517263641,0.34136301903,0.334122502515,0.371598917159,0.314680738851,0.222396312683,0.334172773423,0.33321210273,0.321253450005,0.338150835773,0.53185859257,0.299005870885,0.510821583876,0.442575749642
1981,0.385290405447,0.245605025009,0.388134068101,0.203638083446,0.30132662363,0.335775876497,0.226594285405,0.285897413294,0.36443042534,0.404171451804,0.210415706247,0.594733972025,0.247473784528,0.453816799087,0.414765861291,0.538132181882,0.244258304023,0.205364884845,0.218755968031,0.225545110818,0.551126824538,0.23463177467,0.252691875746,0.561646797514,0.23918870699,0.199476844026,0.359958079465,0.285985440007,0.582357496388,0.334157275846,0.530218678251,0.229863872574,0.480992463446,0.26213208894,0.237699901018,0.223296785069,0.251970088289,0.240450906198,0.331959940512,0.245036004041,0.249994068364,0.34464445396,0.470467951244,0.255557588736,0.165459897753,0.218832464467,0.181021358297,0.271378338398,0.422543513846,0.342289467116,0.276765645072,0.267316758526,0.135096175442,0.357332446262,0.38224634538,0.318189727784,0.258240547744,0.291104532739,0.245928155717,0.285633112652,0.273833054792,0.212420737152,0.262112685037,0.32496019012,0.415080389564,0.354570752716,0.533195674315,0.328941744769,0.49368565227,0.46430903107,0.40250286192,0.463965267266,0.133855502685,0.356910051676,0.304149107585,0.285468661392,0.365363318245,0.365091907247,0.309358715992,0.400542313016,0.557750398985,0.501556481816,0.312822287884,0.425348246762,0.233119527027,0.219265167263,0.217000497553,0.351686170603,0.351061427148,0.390194885236,0.334881752948,0.244698545298,0.348094277935,0.349061577827,0.337023577857,0.356727121839,0.544040033703,0.316561869115,0.528045721023,0.457816751796
1982,0.393391246816,0.243891664653,0.389381545036,0.18891095028,0.297745034221,0.32692471495,0.232396590048,0.278808802548,0.344874396552,0.397640230183,0.203045749845,0.580854476945,0.234376178968,0.445806570002,0.40565448402,0.532639656373,0.232253843789,0.1932370391,0.208490445686,0.21991231191,0.541402396636,0.233701433558,0.239842640104,0.565917389077,0.243132622339,0.204325924584,0.347783236414,0.281578398055,0.570225223806,0.33817828061,0.520250897695,0.221980707406,0.471891468687,0.249774307458,0.231480054211,0.23224502585,0.247621526788,0.225974677585,0.324951722258,0.233840826311,0.238729997298,0.343125766117,0.456232926917,0.255018401482,0.169410283593,0.218242906757,0.178954807545,0.270616056513,0.412764949543,0.336672037547,0.278077606358,0.256061345312,0.130372879857,0.352168925879,0.376680969667,0.31400192978,0.255333902093,0.284694785111,0.239707813435,0.280658109496,0.269926863141,0.207632386842,0.257427631116,0.325215683337,0.400503250717,0.346513832836,0.534965060951,0.316606457176,0.484426308408,0.468224029331,0.38936859382,0.461219739811,0.130209794713,0.349123952273,0.306747705492,0.264563678983,0.360723987376,0.364100306499,0.301392606629,0.384690453308,0.566546540624,0.499848710021,0.317343305641,0.425730466277,0.226079871851,0.21469870529,0.199224744149,0.341118410646,0.352161455365,0.384903834216,0.327415633864,0.23993121245,0.340376725605,0.343616581577,0.333844223146,0.357217194197,0.523601633809,0.316553537118,0.529911149337,0.457121099667
1983,0.379022000906,0.215784247119,0.364371724954,0.139285862053,0.262490511472,0.288137467421,0.2138402333,0.250319213516,0.297769132319,0.362679745278,0.170463754282,0.549179063889,0.190362464086,0.411122240208,0.369648938717,0.491567232985,0.186068007679,0.153119710518,0.165506495034,0.184462851939,0.504986678963,0.212550440782,0.202493615652,0.543666060367,0.227618212628,0.185471068687,0.313739140535,0.247647337477,0.529277155882,0.32201163814,0.479635988818,0.173326081428,0.44226102592,0.205315328117,0.202608632296,0.23025295551,0.224420294524,0.181118762911,0.295479690906,0.192021897045,0.196940705269,0.322492469467,0.405406018897,0.229570819653,0.155210250558,0.190964872855,0.152624282645,0.246895443738,0.371093539914,0.308781734458,0.254927755963,0.212782408034,0.101300969392,0.317351330111,0.342888732,0.287236775367,0.230373355043,0.252284095598,0.21020336254,0.25515319604,0.232931522758,0.175838673602,0.221594113154,0.296783353705,0.353526179768,0.307918942343,0.508528090786,0.268241877116,0.449201459429,0.449233892709,0.340443362171,0.429663266427,0.0979174157953,0.322450432064,0.280987984874,0.200421685622,0.326965696949,0.345268478932,0.265043341786,0.34114763542,0.560314203822,0.476097887892,0.302872623001,0.41099277465,0.190304476531,0.174117036074,0.150348281901,0.305070147847,0.332715792898,0.353104832789,0.29250448619,0.198055476692,0.309871819987,0.308154622383,0.30560162671,0.332636662908,0.468725867242,0.295909589653,0.51337432884,0.438140628441
1984,0.369905068211,0.2078872363,0.35219957485,0.128022954843,0.266177794268,0.290529095597,0.207381864071,0.25348176838,0.306683671356,0.352379025299,0.172602712401,0.56425015429,0.18201301159,0.412401662464,0.367101007618,0.468454087457,0.187213627992,0.163056301094,0.16286457486,0.182222607352,0.495182184257,0.209173858591,0.212694100203,0.530007022609,0.225525087861,0.182019177738,0.314774144412,0.23864759029,0.526516959942,0.32539081733,0.468446394064,0.15491580033,0.452624629161,0.198427128697,0.212490682612,0.240843631254,0.234920909345,0.180307576109,0.291566956125,0.178831148341,0.192975210564,0.324144019184,0.405839810074,0.224848874352,0.159990551543,0.189896866206,0.144032209335,0.247698990616,0.377195490039,0.312496249946,0.244431555603,0.195217157952,0.0988856754993,0.298055931034,0.333631839022,0.283986185493,0.237176779706,0.244687934089,0.210171688181,0.247593703398,0.217951684453,0.177391936171,0.199702525158,0.280454850217,0.351131508222,0.292831187524,0.497528506048,0.262386321332,0.441944942022,0.440265295171,0.322507211508,0.421126525395,0.0900923465649,0.334300345502,0.274825912034,0.179316547648,0.313331036499,0.349511440345,0.273771720744,0.334477935129,0.566461300209,0.479019279134,0.307699133721,0.413689717302,0.190700019651,0.157714185125,0.145673157175,0.315319434521,0.332889155181,0.358074524468,0.295235114739,0.184376806901,0.324290512085,0.304567060566,0.302580752778,0.333249987089,0.461750094262,0.293639243576,0.51309420072,0.448889060907
1985,0.383135086378,0.236585888758,0.374350893927,0.169359704501,0.319759251918,0.338925186612,0.231934720296,0.287546107041,0.355051503985,0.380461271712,0.211585621289,0.601383269076,0.214094499139,0.450242123466,0.401581459228,0.490895925766,0.242430469515,0.210308826098,0.211587819797,0.225329581118,0.521262824173,0.232485180574,0.257071136983,0.546171253326,0.244758133622,0.210290806582,0.342003291431,0.272458094875,0.566470956249,0.352188091794,0.500740222236,0.196782595198,0.490315758434,0.234557415454,0.251070824283,0.266697176355,0.268394908417,0.220880957204,0.317487085908,0.211211102208,0.233070155463,0.351670615206,0.455126488302,0.254517895941,0.18373699263,0.227472871365,0.168501901079,0.276281017944,0.429012872473,0.347548431162,0.264375746088,0.222872716201,0.134271821434,0.316719501224,0.365239004514,0.31121221498,0.27197695619,0.274281314928,0.245146533175,0.272054030887,0.24565510466,0.214125975693,0.213908065583,0.299584547899,0.395873332252,0.319785475885,0.523692085325,0.30454300285,0.469021649278,0.457434862106,0.352491797135,0.451407353101,0.121434069221,0.366945081827,0.309105126728,0.222451391179,0.339204817843,0.377651363374,0.314904589482,0.365563783105,0.591197781778,0.510087963586,0.338142390136,0.435807735626,0.235708845846,0.189850408806,0.185560082814,0.364575841768,0.361707068845,0.396324074822,0.337176496689,0.218152801189,0.368789910184,0.346446789378,0.334019449011,0.367241759843,0.505916091442,0.318311810802,0.53760465299,0.478152272995
1986,0.404042174684,0.268792156731,0.404763926566,0.209068766089,0.368143968184,0.379630765873,0.263828410429,0.314122843141,0.386957012691,0.411449312489,0.244407857739,0.624584270495,0.242995073503,0.481405406108,0.431059619131,0.523953204666,0.28833333003,0.244037975908,0.255840354615,0.266543430148,0.54669133906,0.257812369333,0.286579873842,0.571335776914,0.266093839524,0.243493408328,0.362076467226,0.309938903694,0.601155757317,0.378815940802,0.534635416468,0.246993803908,0.51713683946,0.266256611153,0.280389060834,0.291756873092,0.29375201769,0.251696221759,0.340642746577,0.246032177218,0.267816084212,0.376993406998,0.494105918343,0.286938249687,0.207197836952,0.265846440622,0.197537604191,0.305406566554,0.470766834385,0.376047244082,0.291151096344,0.255429156472,0.168870620978,0.343938121351,0.400076186681,0.337901698228,0.300055212156,0.304669559859,0.276004944473,0.299090743406,0.280429477938,0.248637997263,0.237210663156,0.328142482725,0.433046435439,0.351669689481,0.55777144537,0.34172635104,0.494228064842,0.481087837276,0.385555720527,0.48462036266,0.154848368452,0.389220145666,0.349736036994,0.267143040461,0.370829474003,0.402284888185,0.346365112773,0.390984238267,0.617213378851,0.537951775949,0.368274978135,0.455664365803,0.276020557864,0.228907090832,0.218738142452,0.400470099397,0.391083663129,0.428140640452,0.374730225942,0.255241837512,0.399270169822,0.387182117805,0.364872322563,0.399662511568,0.54275012842,0.344161386107,0.563070421304,0.500551016478
1987,0.428965416653,0.300056031533,0.436809555154,0.243716329763,0.409527843549,0.414223812513,0.298419475255,0.336826210607,0.415961757095,0.441836112993,0.274974212571,0.650026396215,0.272007004301,0.50971272153,0.458221427225,0.557955737252,0.326094079945,0.277708327399,0.293211425115,0.304061992855,0.570209649846,0.284002683275,0.312423665435,0.599422993352,0.290591944592,0.277794169576,0.383001935633,0.345997012676,0.631139872304,0.40862212696,0.565918215138,0.295060518886,0.543519612652,0.29550518743,0.311466829255,0.318625527787,0.322716062851,0.279348686047,0.362692512884,0.277986446728,0.298396010753,0.401458094026,0.528624554051,0.319220455537,0.234961846241,0.302955728366,0.22695026645,0.337441858628,0.509111460133,0.402349415776,0.319561805451,0.287386096988,0.199962146813,0.372179228493,0.432673023478,0.364808324158,0.327547227252,0.332722993001,0.303697691664,0.323883471231,0.316865118336,0.283220038631,0.264357179348,0.358885379337,0.46715888562,0.383520487418,0.592671327554,0.377694699845,0.518195544314,0.507357236379,0.416742328948,0.516122422753,0.188895691158,0.41347256669,0.39027587387,0.306486796005,0.401636278928,0.426639179676,0.378559677843,0.414568309368,0.644107768603,0.565278964761,0.399204187799,0.475450280663,0.31143946749,0.267784943776,0.250832299723,0.430938814898,0.419603516386,0.461293546354,0.411908612766,0.292784195049,0.427780948097,0.423454570691,0.394743441977,0.431029227052,0.574510838746,0.370594299086,0.588408753589,0.524313625715
1988,0.461169603157,0.335266348915,0.473414211564,0.282001793731,0.451548749358,0.451090788116,0.339061712991,0.361538037468,0.450757387579,0.478211478141,0.310212202109,0.681817826191,0.308275820358,0.542466808541,0.490282617894,0.597410583039,0.364771340903,0.318154770487,0.332204009007,0.344892167929,0.598666902203,0.315746221134,0.341648309503,0.633668880602,0.322811559421,0.317192836339,0.409081769848,0.386291223533,0.665373100622,0.445652148188,0.601917343225,0.346806131321,0.575694940064,0.329108040573,0.349543497782,0.349750400917,0.358381994495,0.311861081609,0.389238543213,0.313362323211,0.333222979628,0.430539987523,0.56650278139,0.356675832145,0.268853774922,0.344791510091,0.261115674055,0.37363894681,0.553277531044,0.432530330178,0.353167856725,0.32468517191,0.233380981759,0.405437475174,0.468685515083,0.397111000045,0.359623025977,0.364364876916,0.334407817652,0.349748092835,0.361001295374,0.321277294666,0.300062584171,0.395119540806,0.507404601817,0.420750656384,0.632155047055,0.421535442422,0.546355401824,0.539724989706,0.454509488173,0.552054868207,0.229130571348,0.441602064296,0.434780545428,0.350264126226,0.43662681975,0.455696770649,0.415410142068,0.444924220273,0.675723345247,0.596209384099,0.435539031944,0.49887205921,0.349472021832,0.312278873033,0.291581411522,0.464061146525,0.452193450403,0.500855442242,0.45748237209,0.338101262465,0.460121414331,0.462404264168,0.429103909375,0.467023007245,0.612118628758,0.402285891419,0.617803641975,0.551299868971
1989,0.501058789664,0.373687517074,0.513651405396,0.323581822313,0.492917375755,0.489587827217,0.385286138675,0.387554429864,0.490623988949,0.5211078754,0.350053994881,0.719322046647,0.351451725347,0.5791501135,0.526848497658,0.641436624297,0.403596498493,0.36520672277,0.372441948633,0.388723202781,0.632049965755,0.353815362549,0.373138005186,0.673664241613,0.3637846489,0.361496052627,0.43960390551,0.430464252256,0.703557684855,0.490501312307,0.64286530183,0.400720277359,0.613048504569,0.365322405082,0.394850860664,0.38553139024,0.401680573292,0.348437023425,0.41990851608,0.351766854336,0.371987644367,0.464321476295,0.605573515128,0.399324408492,0.3095362591,0.391537626944,0.300096705991,0.413248856319,0.603375217188,0.465970810524,0.391856666344,0.367072116196,0.268505813505,0.443110633696,0.507876850577,0.43465142122,0.395737008824,0.39966328807,0.367932341932,0.37585446415,0.413126058952,0.361644653683,0.344554819501,0.43599555783,0.553992273144,0.463493034643,0.675468506633,0.473158004165,0.577803782444,0.578510780125,0.49928365085,0.592316211609,0.275340802414,0.473208572224,0.482459791328,0.398106641259,0.475463682486,0.489667640649,0.455671029311,0.48187275912,0.712768263798,0.629418120562,0.477887138393,0.525763397774,0.389671684712,0.361840221646,0.34166986547,0.499051033918,0.489123398731,0.546071739029,0.512049955195,0.390770898482,0.495141264852,0.503306462192,0.467405252712,0.507398712667,0.655453479803,0.439682096311,0.651475900523,0.580744288677
1990,0.541589411955,0.409453720278,0.552597955029,0.359437652642,0.531069887314,0.52378773951,0.430369735516,0.410288461348,0.520214921826,0.558891829248,0.385329449666,0.746357706075,0.388544222724,0.610672659147,0.558584266302,0.682722375706,0.438666620474,0.404885778386,0.407629744257,0.428018781613,0.660876444841,0.387937696695,0.39914905563,0.713137528069,0.402738990918,0.404794448601,0.463968647444,0.471017866444,0.734916225725,0.531395142142,0.678023135322,0.450425159511,0.642430681201,0.397449215781,0.433585201524,0.420070977555,0.439031283891,0.37947219693,0.446751609428,0.385114559041,0.405787946448,0.49395075509,0.63968148707,0.438832667616,0.347560497027,0.434222284662,0.336109188761,0.450590093813,0.645365056186,0.495539933967,0.428869624148,0.404794614319,0.299436798901,0.478254837149,0.542800010921,0.467722134206,0.427691530645,0.431205861457,0.397969704672,0.399891751961,0.461494761675,0.397402027576,0.387820732494,0.475583603238,0.593549675692,0.502800472504,0.716611719441,0.518087082604,0.605543278431,0.616567355881,0.537594013093,0.628911963568,0.319443873003,0.499766879441,0.527515823718,0.438059585077,0.511031776792,0.51992675444,0.491061504457,0.511067720302,0.747772772238,0.659509376819,0.517221375988,0.550082678818,0.425891320738,0.408264450024,0.382275078157,0.527906655843,0.523240324788,0.585983990727,0.556559409311,0.440707671245,0.525398790634,0.540114825056,0.502210280955,0.545553508739,0.689642549115,0.473909080928,0.682959536866,0.60794566658
1991,0.552813710211,0.401565747389,0.553146596744,0.330305353289,0.51003832651,0.497756224065,0.437513559001,0.389039998487,0.476691786253,0.544677572844,0.365486081236,0.714239392555,0.363438890117,0.587140600227,0.536721371095,0.673910929169,0.406152173273,0.373346070331,0.379619585906,0.409911030323,0.642337462849,0.382410468771,0.365617863043,0.71806088926,0.405933784952,0.408762556739,0.437751748701,0.460305424746,0.708110816073,0.530191353291,0.657245521404,0.433965198723,0.617506385312,0.370042398076,0.414076666706,0.429178971352,0.423872070175,0.346613389341,0.430247085402,0.364105073147,0.380240876039,0.485033385084,0.60164779266,0.434077706539,0.347858861986,0.425734550287,0.329664916085,0.443724278569,0.614754328378,0.477826474233,0.42868723858,0.386371972284,0.285269927899,0.470091595528,0.528990050508,0.456535563814,0.412220043206,0.415945219082,0.381072597957,0.389708004372,0.454727666693,0.379757662875,0.384137004141,0.475933885177,0.562050467964,0.489056964601,0.716007066129,0.48964187776,0.585714340144,0.62025725663,0.514351348081,0.618484206408,0.311941164352,0.476410610708,0.525556674191,0.400280850299,0.500681447928,0.511441952478,0.464147080302,0.482032889054,0.754840413671,0.647831944264,0.517172732402,0.544509342496,0.404706389815,0.397961267224,0.34970492979,0.495829597246,0.519112949602,0.567956333715,0.535948844891,0.430120596727,0.499559650889,0.522341190111,0.490389718451,0.538434722752,0.65070541344,0.468715861392,0.680968222546,0.595251317965
1992,0.504381024298,0.314005541523,0.477731150521,0.194323582297,0.38577744136,0.375154289837,0.37102999241,0.300009430946,0.339404337795,0.446215176801,0.262191930918,0.615994389172,0.24401051793,0.479882028552,0.432643716732,0.567708421056,0.265336909793,0.246462837381,0.248727647367,0.295844256952,0.548785242527,0.314394616451,0.251070555091,0.652589061545,0.35249902897,0.339788704113,0.341898297046,0.360124065864,0.594068297054,0.466266952187,0.545446846739,0.292857009043,0.523860548432,0.243470184402,0.315003373165,0.399253591878,0.341653467525,0.218018794103,0.345672689882,0.24922648898,0.259784564723,0.417623991654,0.451051815022,0.354391111646,0.290527319904,0.333857373949,0.248347160337,0.363505160711,0.478126423549,0.388036582949,0.358780642334,0.271050835789,0.192132815409,0.378673026585,0.430765085651,0.375887028395,0.325794043745,0.322171742754,0.290253952099,0.316958678005,0.353770514656,0.276773502763,0.294141947742,0.397097845321,0.427916109186,0.38572368683,0.634734084321,0.34780748769,0.489508474396,0.560891399315,0.389530131145,0.525315356061,0.215287303513,0.389132521534,0.436176114754,0.2320200744,0.40693415103,0.446323529472,0.346031868526,0.368743599337,0.716727688085,0.569485732363,0.456527683302,0.493359950163,0.290646053837,0.282390711686,0.215655015962,0.377081524119,0.452064765497,0.465340134046,0.422931757116,0.313477217307,0.398945645925,0.411836598827,0.40168147125,0.455096176815,0.506441426442,0.401479157684,0.625574263951,0.525780131065
1993,0.465644679369,0.270449366024,0.427025616112,0.146863008535,0.351862641023,0.351045550485,0.327992434517,0.288074895554,0.344393038397,0.404679059215,0.244391658855,0.640734375829,0.211902310865,0.460739026128,0.409334175452,0.49715786546,0.236758705379,0.249349598027,0.212139315344,0.259093788652,0.51687339875,0.288779908443,0.255752570633,0.603175517161,0.332505825953,0.303583797313,0.335315410305,0.315134836427,0.569907779214,0.452603613654,0.501289237217,0.21482451804,0.531927914083,0.205880194529,0.318307647616,0.400758611238,0.351226261009,0.1980985733,0.322784126396,0.198731352343,0.229625186384,0.403990642024,0.42368097648,0.321238422045,0.283242085006,0.302437517089,0.206505762426,0.341722997884,0.461541351938,0.375715390147,0.315020723962,0.213019546711,0.160094716336,0.318730922233,0.386846809477,0.351279563033,0.318996298784,0.285326625355,0.269895594295,0.282697239389,0.301247000719,0.253332557248,0.233941756623,0.341191927624,0.403045452057,0.335234687524,0.584196002039,0.310615046775,0.459160065276,0.522986274668,0.334947675264,0.483271712147,0.174711751031,0.402077898107,0.387717593817,0.161495134766,0.356218053385,0.438931450311,0.341353932496,0.345216664825,0.708036626007,0.554601612083,0.443117939617,0.484747495472,0.262249685581,0.218571406104,0.192325736224,0.37386511439,0.430577416043,0.45451883437,0.40428215073,0.26085969288,0.410962540009,0.373700220528,0.372028934275,0.431447109595,0.475993511313,0.378224494236,0.607758102482,0.531167435671
1994,0.489098103498,0.32432282178,0.46526899276,0.239019816357,0.452772248359,0.452257504504,0.370062631736,0.360345846261,0.457220853371,0.467823084514,0.329439415625,0.72086593628,0.288911828553,0.541462377003,0.484946137698,0.541720923389,0.351576443137,0.357250768555,0.312665099638,0.346475499967,0.576695852566,0.340223469877,0.354122824674,0.631231942556,0.37373750033,0.353957353182,0.398830063145,0.384091897892,0.657084976015,0.505278341395,0.57362010864,0.294417742555,0.612036425866,0.283892458086,0.405224252153,0.447508118795,0.426747015649,0.291186388151,0.380138820292,0.271193255166,0.318842512256,0.460442842523,0.526000803691,0.380347807723,0.328981951313,0.37575332687,0.257760661703,0.394450705228,0.575395646608,0.44950733787,0.352635693931,0.277946066484,0.232854803389,0.358016858087,0.450944028024,0.409633499973,0.390079943462,0.348036476263,0.344048932403,0.33022560964,0.362426329349,0.323826113845,0.272499329447,0.376243837286,0.505505823988,0.39660703184,0.629477339557,0.407178929104,0.517751497763,0.556127959669,0.406394518097,0.543055332472,0.240715877235,0.472214103693,0.447311365437,0.262238770292,0.408242985792,0.497648575522,0.426331089513,0.422192019105,0.75189109387,0.613251081726,0.502461994082,0.527866542951,0.355152251819,0.28289465905,0.293046795929,0.480107145842,0.486928536907,0.533195634586,0.499608042608,0.332247990596,0.503542381154,0.455192532888,0.434987050427,0.497959260692,0.578509989627,0.429301017381,0.654406751264,0.58596339799
1995,0.53624476884,0.395389849863,0.530912728318,0.337778652823,0.557523382948,0.547610009596,0.438975594723,0.423360149667,0.536225685234,0.542111300473,0.407372613567,0.768962923355,0.363942593684,0.613207882425,0.5548375047,0.618165977317,0.459267997165,0.440025836892,0.414446388985,0.441248603253,0.638212834489,0.400460260239,0.425796759117,0.68630948143,0.421349534088,0.424025384875,0.449579616027,0.470964651406,0.736582627955,0.55956711467,0.655686818437,0.409223469325,0.668034778198,0.362947386317,0.475030374171,0.495931811971,0.486435212627,0.370430351911,0.435927874988,0.360731126855,0.404949968805,0.514506403264,0.616900189106,0.451875001974,0.378157352074,0.457417361551,0.328483486978,0.457891634791,0.674233015065,0.514959687152,0.411950082376,0.364651265473,0.316116969847,0.425057154046,0.530313220111,0.471370517395,0.451390510095,0.419297745781,0.415928354811,0.391644248306,0.445502931412,0.398648894677,0.339238105787,0.440769806943,0.596191647419,0.476218597277,0.700860583844,0.500598357064,0.577554607345,0.60870527435,0.489669192054,0.616379330777,0.320467353698,0.52382788664,0.532550238291,0.379653592661,0.480382658979,0.55078581159,0.498121441351,0.488916595184,0.800585802367,0.67067085835,0.564760955099,0.5684759978,0.448377322302,0.374527034104,0.380555076228,0.564483496246,0.549198956143,0.602757937439,0.587758927314,0.419628612002,0.569829416229,0.544161828234,0.50347652466,0.568230579076,0.667509136312,0.48600589792,0.705386532691,0.63042752307
1996,0.584144897425,0.454316639446,0.59376184139,0.407507588299,0.633893535426,0.612432491964,0.504590011568,0.465107625967,0.58028220726,0.597491713447,0.461456394585,0.799403466192,0.419001715557,0.660910618275,0.602806834158,0.686497794698,0.533913516093,0.496926911661,0.485290956487,0.510687212473,0.681438239042,0.447237621865,0.46963381851,0.740602998406,0.461768553475,0.487601920341,0.484647541431,0.541684213181,0.786985032313,0.604526859393,0.714677359864,0.507700208026,0.702659082499,0.421419443388,0.524803816319,0.538068033285,0.53394665285,0.422461043679,0.475640303571,0.428974602314,0.463225130361,0.552710396611,0.680560939411,0.509525904014,0.423384428345,0.51998555165,0.388190916656,0.516834592591,0.737443697744,0.560046306926,0.46525295245,0.434430112223,0.377426157946,0.48487626624,0.591544552237,0.517503643229,0.494921255298,0.472060346359,0.467176326447,0.442731679031,0.51569755869,0.45862106838,0.402129298075,0.502454757671,0.657342766935,0.54266164522,0.765188647084,0.566801972543,0.62253113707,0.658223589016,0.548028855126,0.672662573004,0.387527711841,0.562232117477,0.608192792201,0.463225086467,0.539373037372,0.589849459221,0.551868540763,0.529731896671,0.840380951088,0.71578791109,0.614554574679,0.599121243611,0.515773410363,0.452410293135,0.437390629677,0.614751337693,0.59739362089,0.655355872047,0.644396265286,0.492181722116,0.613482475358,0.609793450474,0.55650675964,0.623924037643,0.721125459652,0.531039551829,0.746592209096,0.666489554983
1997,0.630397912509,0.502901299369,0.649372882463,0.458250481738,0.692296278045,0.661166585743,0.564290197101,0.497466552857,0.61354250868,0.640336574954,0.504445566277,0.826365182504,0.464705497078,0.698204869585,0.640562478091,0.7430140196,0.588289960967,0.546033808188,0.535887742398,0.563879293681,0.71456099061,0.486193361691,0.503868145949,0.790567040464,0.499036608732,0.543950974803,0.514697972836,0.598656940357,0.823062176675,0.64556883712,0.758492947841,0.587123858688,0.731492359218,0.469836971828,0.570674979788,0.577884890366,0.579386915675,0.463807983695,0.507870551127,0.481512827828,0.508096958292,0.584212145939,0.730732149226,0.557007079905,0.467394726442,0.569018894074,0.438026673941,0.571401895741,0.786602884937,0.596921355193,0.51067082787,0.489685160932,0.425663224222,0.535013978101,0.638389548345,0.55543950982,0.532727918169,0.511965779,0.50680856531,0.483033206939,0.574224915109,0.508892718471,0.45835496643,0.557294175724,0.703768848265,0.596332856939,0.82000716812,0.621077845999,0.658774371568,0.702551011033,0.590773708264,0.717037462542,0.445176110771,0.597192715985,0.671884787049,0.523016367977,0.585785223652,0.623509234027,0.599848591305,0.561186858689,0.875999140189,0.754822958236,0.657741500947,0.625566211118,0.567622102189,0.516871819984,0.482105632372,0.651239466699,0.636825222412,0.701261308753,0.690013654491,0.554298375954,0.64932648647,0.659208470234,0.600154684454,0.672166609611,0.757455275002,0.568637781592,0.780806572808,0.699971021922
1998,0.677155098607,0.545225501062,0.698093290385,0.499634085342,0.739386958613,0.702414457738,0.620163230079,0.525718114614,0.645441907906,0.679205969502,0.543677805201,0.855024134459,0.507632890915,0.732345866259,0.67499363229,0.790396949386,0.630272649578,0.59399796368,0.57507256899,0.608723257611,0.744518944787,0.524075372086,0.534911581466,0.83756298063,0.537879468364,0.59576751482,0.543928675088,0.647448556868,0.854809294443,0.686631372838,0.796398270374,0.651393009173,0.760824638661,0.513147592647,0.618299055916,0.617667732779,0.626039880978,0.501761335381,0.537820447358,0.525958559531,0.5483771777,0.615094688857,0.772804099011,0.599922273741,0.511459604474,0.611213033833,0.483146335851,0.621224483344,0.832781826823,0.631334720056,0.551024391854,0.53722579964,0.468307003575,0.578538447164,0.677285675034,0.590785573094,0.569379404914,0.5456801797,0.540992677462,0.514572292947,0.627292346065,0.552362602769,0.511262658554,0.606342076991,0.745170445192,0.642056555666,0.867659216857,0.672810042241,0.690166639988,0.744149144367,0.628723103787,0.756164918031,0.49753884237,0.630758015603,0.726248162472,0.571225705056,0.624538594337,0.656935935381,0.644934319402,0.592933154566,0.912234028451,0.790308056611,0.699338873465,0.65098264578,0.611305296188,0.572630559262,0.526802402715,0.682642386589,0.672960011309,0.744430725453,0.737506493069,0.611039990859,0.6822666466,0.699429824484,0.639059536331,0.717527924584,0.788970797099,0.603743992313,0.811671706855,0.732081078288
1999,0.724532982569,0.583329929233,0.741088874567,0.536307706947,0.780463085028,0.740598399406,0.672918953757,0.552229102305,0.676865781241,0.716602232782,0.581700289247,0.883596019399,0.548729167482,0.765245701049,0.707960298304,0.831235609697,0.666449757037,0.64198586002,0.608543992379,0.649384132188,0.77303642523,0.56216616211,0.564866797899,0.882122420644,0.578277553018,0.64466665628,0.572211079946,0.691229324887,0.884735904955,0.727604474686,0.831647753946,0.705172105711,0.790189162683,0.553180253279,0.66740180742,0.657597706989,0.673769869354,0.538454629265,0.566557058505,0.565836168197,0.587085230081,0.645996449745,0.810110576993,0.64029599954,0.555421604041,0.649886757585,0.525685963312,0.667161983908,0.878604595032,0.664807256034,0.588025286263,0.58009622986,0.508069040928,0.617428034493,0.711682913461,0.624524779318,0.605664750015,0.576471144626,0.57274109615,0.540160643117,0.677089906937,0.591113370699,0.561860575271,0.650658909995,0.784816200478,0.682965757076,0.910077284901,0.72381340009,0.718258012562,0.784065484365,0.665044519932,0.792709634745,0.54678738116,0.663495890528,0.773924367945,0.61340650741,0.658667198584,0.690780715518,0.688330195465,0.625133603855,0.949696984804,0.823000626838,0.740515237306,0.675815830452,0.651015935343,0.622828494207,0.572555817981,0.712098813336,0.707823380612,0.785601981114,0.786738493384,0.66441220395,0.714190976659,0.734473657585,0.674908359964,0.761792496634,0.818710424469,0.637693619319,0.840676358927,0.763586452786
2000,0.773165199063,0.620557455708,0.781443016773,0.572774974016,0.821765106837,0.780409676281,0.725879497096,0.579610098306,0.710102666038,0.754503795415,0.622204903562,0.912848914283,0.590218004526,0.798783432158,0.741422241603,0.867961815802,0.70313509397,0.69348471322,0.641908773686,0.691125704334,0.800701505949,0.602407452032,0.596723458557,0.92533318678,0.621106161898,0.69415438955,0.600531866202,0.734523473494,0.914356589195,0.770240156939,0.86657452112,0.755248425715,0.820350852766,0.592813624504,0.720674696743,0.700348292154,0.725390081202,0.576562428466,0.595460894026,0.605432907496,0.62742455311,0.677985145433,0.845863673721,0.681293198894,0.601172920472,0.68924364324,0.568901350697,0.712639311017,0.927542027985,0.699956976766,0.623911177761,0.622498142292,0.549122655706,0.653942236937,0.745052019358,0.658835435117,0.643499652097,0.607190961876,0.605471363407,0.563633221303,0.726731867924,0.62880528222,0.612341074147,0.692467348335,0.826081308937,0.722857036363,0.95010225675,0.776956449019,0.744747819135,0.823714955571,0.700961293037,0.828786127493,0.59694306016,0.697626346402,0.819865885412,0.65443333464,0.690878133936,0.726223706663,0.732499043184,0.658133579173,0.989091706559,0.854710861288,0.783809526883,0.701053636457,0.69211064878,0.671611106992,0.621462886537,0.743927903612,0.74372690505,0.827655640942,0.839814251331,0.717338692987,0.747520852533,0.768905563885,0.710612108096,0.807300055948,0.848203549824,0.672289696316,0.869579375155,0.795465411635
2001,0.81808106796,0.652777317294,0.816187370059,0.602754403907,0.859477327316,0.816023190419,0.77408512626,0.603765477942,0.733995034127,0.784482116624,0.6560802571,0.933371458796,0.622568329165,0.825815488194,0.768785755004,0.897729789594,0.735629560392,0.735224251352,0.669570763349,0.72715872344,0.822838502407,0.636133499933,0.623781316959,0.964048015129,0.657303720045,0.738562287368,0.622079587148,0.772019499685,0.938021069225,0.804635285162,0.89411732339,0.797492607961,0.84307352335,0.62710296108,0.765245025182,0.739279756789,0.767540195985,0.608186339545,0.618946602995,0.639578235089,0.662664862617,0.705072087534,0.875491923064,0.716995853769,0.640306166227,0.721604584259,0.606021926233,0.752446431599,0.966835105876,0.730707923921,0.653880676347,0.657412505189,0.587472108913,0.684368691306,0.77286547328,0.686898922037,0.675879673686,0.632216917289,0.633463817363,0.58395672937,0.768273367277,0.660578518447,0.654955013942,0.729103102529,0.857618822,0.754612229626,0.984941666105,0.819956019405,0.765531657514,0.857399695881,0.728851357453,0.859994066514,0.640226649047,0.725873005123,0.85950223384,0.686921050531,0.717168895945,0.75607893086,0.770210550127,0.683759545268,1.02449865527,0.882510386623,0.820727056562,0.722534346136,0.728275152147,0.71354029791,0.658403533066,0.77045394352,0.774887433106,0.862070775674,0.8822001239,0.763059810978,0.77616987467,0.79863760391,0.740476584794,0.848243030663,0.868688109961,0.699983075991,0.893730734175,0.824028877455
2002,0.856503828517,0.67836022028,0.84344704609,0.626019291257,0.891110126008,0.84649737226,0.81321091077,0.624442028365,0.753288806282,0.807057773439,0.683308581913,0.953619263976,0.647611262742,0.848352821161,0.791274188723,0.920918754799,0.762821978117,0.770734945972,0.69102290936,0.755162056728,0.841406021297,0.662257924956,0.647385151851,0.996894004404,0.686525025377,0.775273400054,0.640719324371,0.801746664932,0.957921045681,0.831701786597,0.915267736009,0.829915555766,0.863528793628,0.656054674066,0.804323627858,0.772109795459,0.80435045265,0.634612079215,0.638042830248,0.666268374968,0.692479509671,0.728113310604,0.900522576156,0.745501422336,0.67385169915,0.745734637034,0.635060663207,0.785386278556,0.998113289929,0.756984869834,0.676865311538,0.682828090035,0.619868099928,0.708082289105,0.794475125436,0.708312190557,0.704058912457,0.65178676955,0.656447033246,0.60026851921,0.799964623352,0.68656403395,0.687326313218,0.758983753957,0.881940308655,0.7776630025,1.01327079799,0.854441238266,0.781999187167,0.884220114029,0.75037479534,0.886107855576,0.674456548964,0.750942898155,0.890267565235,0.710729803991,0.737672210612,0.782245671787,0.803317880431,0.705163769671,1.05584302112,0.90673343146,0.850363589637,0.74084125484,0.757800730725,0.746565617671,0.687716235823,0.791239388728,0.800790550646,0.889984092968,0.915191749924,0.800422877823,0.802142133266,0.822617932982,0.763787139745,0.884309073743,0.884382226937,0.721109299713,0.913252258757,0.851019446766
2003,0.886077248106,0.696691332424,0.86343171555,0.641754499367,0.918249279429,0.871911727504,0.842266621798,0.641488856413,0.763330509289,0.819609708155,0.702758213531,0.96472754114,0.662090674946,0.863703157494,0.806890932253,0.936948279668,0.787053014188,0.796513770849,0.706853652213,0.775212858153,0.854030985811,0.678723738899,0.666323758614,1.02266274993,0.705732883451,0.803764383049,0.651661625257,0.823622825778,0.971329232012,0.848159000992,0.927755014848,0.853435467243,0.876267400103,0.678229972233,0.832845685562,0.798520618106,0.831468132873,0.653693427532,0.650648094679,0.684871494075,0.715391537867,0.744702721019,0.9201641119,0.766019368336,0.698082491118,0.761215824552,0.654666176576,0.811009601509,1.01828688182,0.777572924451,0.691794446329,0.697768462888,0.645690463624,0.724001212561,0.80913237379,0.721348668078,0.72541266576,0.664756408088,0.674246087045,0.613807419245,0.820368470594,0.705623141687,0.707637258341,0.781638610357,0.897069998113,0.791930704507,1.03479824068,0.876425772862,0.792896390258,0.902900341614,0.761837294044,0.905468222635,0.699257331759,0.770044366243,0.912592980937,0.724106933728,0.751388725368,0.802121826346,0.828843156118,0.717323346445,1.08096551853,0.926369679943,0.871622480622,0.754673256546,0.781441750844,0.770104379469,0.704130953817,0.806103424547,0.82037371348,0.909129346693,0.933450100719,0.828344196875,0.823979433259,0.840908721426,0.779815967725,0.914360991235,0.89140691893,0.734122883375,0.927697272003,0.874496231458
2004,0.905504057956,0.708672158957,0.877026590958,0.652409809879,0.940885568262,0.893403756938,0.860480074409,0.65602958294,0.769875122114,0.823706403914,0.715767105773,0.977150305605,0.66957217498,0.874097262527,0.818340102721,0.947419333021,0.81012707198,0.816433594934,0.718926648941,0.787810757832,0.864281582414,0.685765845815,0.683525966912,1.04176791324,0.715701811321,0.823980222845,0.659425518122,0.839181851254,0.982359159828,0.855892534413,0.933712339728,0.869204503874,0.887503324349,0.695053645529,0.853593547554,0.818465385794,0.852527323393,0.667739333598,0.658871222078,0.696373634559,0.733078384025,0.757014497712,0.936870161806,0.779981498514,0.714604622961,0.769341836303,0.664530557759,0.829980750913,1.02883720425,0.794116542725,0.698767595701,0.703358665785,0.664860923961,0.732703610819,0.818138441454,0.727784929773,0.74144551593,0.672329796557,0.688505085525,0.626257723764,0.831495032878,0.719270274169,0.716366140834,0.797782491736,0.906791320794,0.799453016296,1.05045328415,0.888073590443,0.801144798455,0.913926820041,0.765527021282,0.91938217544,0.715216531154,0.786529650333,0.927071756406,0.7292382374,0.759530557635,0.81783899885,0.848541379181,0.724998509536,1.10021373925,0.94379748228,0.885446280162,0.765842583021,0.800578674265,0.784698792754,0.712332902148,0.816829028409,0.834552583349,0.922607459763,0.939790129994,0.849075265113,0.845104676347,0.855595931418,0.790141361005,0.939312392368,0.8953901867,0.740484671419,0.939393390531,0.896533989608
2005,0.917046709144,0.714440717648,0.884577279074,0.658766103854,0.955694257466,0.909475212761,0.868315665794,0.666973947138,0.773645525285,0.823462518525,0.722558465239,0.988738144552,0.672015608725,0.880493589702,0.826429621068,0.954592123742,0.828476043192,0.830123099549,0.726371100664,0.792817171201,0.874515339946,0.686855687239,0.697165993405,1.05601134788,0.7196480598,0.836097367816,0.664336186696,0.849114779605,0.992754428409,0.857265028366,0.936462969163,0.876531500814,0.897564693277,0.705509037979,0.867285921044,0.831849347055,0.867362816073,0.676658940225,0.663806761497,0.701842238709,0.746021548177,0.766815886605,0.948575303127,0.788639938243,0.723749713065,0.771593823682,0.666731025255,0.840624160396,1.03208074278,0.806000224422,0.700039755276,0.701727630513,0.677219729346,0.736352133485,0.822990235663,0.729446039486,0.752425681062,0.676165108519,0.698985096632,0.636375362625,0.836854996933,0.7267020036,0.717007085128,0.808574277403,0.912446251992,0.802304855432,1.06115590083,0.891683137255,0.806980494845,0.920009191783,0.766575293286,0.929753919757,0.722584118238,0.79859760004,0.93364636911,0.728661029431,0.764130221744,0.830775082058,0.861279272241,0.731298647886,1.11590636404,0.958112731558,0.893549013654,0.774835278724,0.813636597648,0.791552584106,0.716602179709,0.822194354168,0.84469016732,0.929889159679,0.939642821894,0.863740495161,0.863364631165,0.865830910051,0.795116429776,0.959289940956,0.899030351785,0.742760423058,0.949433801742,0.915568633356
2006,0.923579599306,0.715957728025,0.887232536066,0.662661481636,0.96473299289,0.922324394736,0.869322641373,0.675843619709,0.777901948433,0.822099793797,0.726082610055,1.00152854884,0.672236996277,0.88501236068,0.832626465701,0.959158698388,0.842335359263,0.841161954955,0.730748010236,0.793559171236,0.88472741377,0.686318594813,0.709393014719,1.06690606011,0.720570411622,0.842321773573,0.668708220265,0.855653599033,1.00345342747,0.855866748682,0.938500430233,0.877255795525,0.908150170623,0.711874872047,0.878499210893,0.841319073865,0.87941549491,0.682932148638,0.66698627409,0.704588843152,0.756679177342,0.776050079773,0.956589079752,0.794452688998,0.72871118202,0.770749331122,0.665055395942,0.845310636294,1.033404429,0.815406631838,0.697845320856,0.696421552883,0.686817887243,0.736840053637,0.825737666079,0.729322745021,0.761061176108,0.677843266826,0.706955200171,0.643781514181,0.839543812276,0.730906335438,0.712699017394,0.815406572355,0.915932183496,0.80200423004,1.06826412729,0.891447330435,0.810897926942,0.922908702261,0.767596050197,0.938330816323,0.723684070685,0.808897758924,0.934666964707,0.725820147553,0.766523871036,0.842551029828,0.870479151783,0.738282019917,1.13033954687,0.97048434967,0.898862501367,0.782620026969,0.822804470055,0.793085060795,0.720886417811,0.825883823399,0.852753328059,0.933924569669,0.9402487484,0.873748158443,0.87997510148,0.872810449383,0.796889825432,0.975677827872,0.903154819014,0.74315146209,0.958015690481,0.93260931879
2007,0.929524650168,0.717890724065,0.889523818788,0.66944424056,0.975316144613,0.938018367493,0.870380990055,0.686540514347,0.786899188536,0.824209916421,0.732693103381,1.01581788493,0.675135358988,0.891654091887,0.840670182783,0.964271893017,0.858398010313,0.856226355477,0.738162768016,0.797509376309,0.896132664863,0.689641826691,0.724551058917,1.07756873537,0.722851295396,0.848490871512,0.674771330757,0.864527942102,1.01664695706,0.856895364865,0.943859740538,0.878926464089,0.920854952947,0.718957689456,0.893127866447,0.852073404301,0.894527440662,0.69163597836,0.671473322967,0.710630641111,0.770180388875,0.787297983007,0.965702553673,0.802353973886,0.734323966395,0.773005391865,0.665817583564,0.849953498145,1.04058718594,0.826687274309,0.696641808208,0.694139310618,0.699639240819,0.738135200733,0.830941259231,0.731974520158,0.771538781642,0.681501808856,0.717064854718,0.651490173158,0.845253953135,0.737046136735,0.709375244412,0.822150658279,0.923099390814,0.8040174703,1.07589071308,0.894401743214,0.815515197265,0.926413081206,0.771864674504,0.948424740834,0.725606397745,0.821240154978,0.936801625915,0.727167986383,0.770236769936,0.856145790936,0.881294596382,0.747944169355,1.14645173908,0.983440876786,0.906890667157,0.791348310099,0.834721543684,0.795652139053,0.730572059507,0.834300849461,0.862778937338,0.940056853419,0.948118754577,0.884333033089,0.898625416831,0.881241258924,0.800259812995,0.992796810317,0.910377234795,0.745881259447,0.967639837465,0.949840640479
2008,0.93931306288,0.72528961155,0.896484955861,0.684121006191,0.993639650878,0.961581751935,0.878609476993,0.702096111857,0.804091173384,0.833772655943,0.747430697766,1.03433867267,0.685285514273,0.904104706779,0.854108076253,0.973306801418,0.882371481693,0.880322136843,0.753736367784,0.810972621251,0.910614998026,0.701083218708,0.745989433187,1.09145404449,0.73069854852,0.860706424131,0.685297363569,0.881304840528,1.03480835116,0.864956834396,0.956200471045,0.889525284326,0.938129927443,0.731435473945,0.915764811841,0.868435511644,0.917001428045,0.706927206722,0.68031704565,0.725275644911,0.790656476304,0.803058988126,0.980404869275,0.81708050547,0.744924455264,0.783819826055,0.674820425827,0.860029517718,1.05910533315,0.843628002637,0.700746923952,0.70130763577,0.720693179969,0.744240358896,0.842682767815,0.741480277308,0.787264947982,0.690968120404,0.733334745096,0.663065726958,0.859324394591,0.749764977665,0.713098060727,0.832925012509,0.939031113495,0.813709577919,1.08834057161,0.906717305063,0.823765687595,0.934613079848,0.78231885605,0.963254330182,0.735163542544,0.838608799793,0.946894468606,0.738684111458,0.77890791728,0.874414782201,0.897856561873,0.762859825977,1.16679402439,0.99981734417,0.922168645276,0.803227537501,0.855011977065,0.805424829737,0.750468153159,0.851715262704,0.878291392728,0.953009912856,0.968094266866,0.900924975718,0.92237634085,0.896058901535,0.809731482117,1.01467097921,0.923917018277,0.75474850252,0.981015287893,0.969502537586
2009,0.953380446832,0.736734331776,0.907664767829,0.702595403826,1.01696939856,0.989112046274,0.894155907829,0.719426699497,0.822695411045,0.848397796709,0.766656878601,1.05084944794,0.69877374525,0.919212174027,0.869310879192,0.984670681432,0.909623491874,0.907517779474,0.773691388739,0.830696844295,0.924778573668,0.718906849412,0.768483541142,1.10797180361,0.742870649366,0.878665971253,0.696663705536,0.903454874138,1.05366110969,0.878131342664,0.972649849598,0.907391929744,0.955167197796,0.74650720754,0.942236196919,0.889020785778,0.94255059346,0.724399210762,0.690913746579,0.745566107529,0.814084722532,0.820662422785,0.996941365972,0.836255511421,0.759061257542,0.800479512277,0.691246696988,0.874087952493,1.08419286857,0.862889393088,0.709700950852,0.715500903422,0.747117560814,0.754165147785,0.858653287804,0.754984392731,0.805395674257,0.7040097897,0.752518953555,0.676713727559,0.879195192077,0.766416080426,0.723156757216,0.846835924215,0.958628358503,0.828929337958,1.10451854163,0.924714558797,0.83295200813,0.947207859232,0.795528727359,0.980489980485,0.750548934403,0.856747411727,0.96415900301,0.756115364779,0.790849164679,0.894949982439,0.916806742781,0.778300114073,1.19037561806,1.01699714185,0.94265115603,0.816153657434,0.88012063878,0.820614052568,0.775155484838,0.872858721443,0.897403674523,0.968614189651,0.995272725619,0.920416762614,0.946163352868,0.914108349972,0.822944994296,1.03915633621,0.938401551675,0.768023046554,0.9960430203,0.988976418158
2010,0.975621428583,0.757090114651,0.926563057218,0.730084247794,1.05272805307,1.02733958631,0.922682320332,0.743252582735,0.851326406394,0.873424005088,0.797774756047,1.07262174667,0.722303693935,0.943418389951,0.891214997883,1.00068493524,0.945891901149,0.948271080667,0.804031235569,0.863238523128,0.940407847613,0.748955466183,0.799119732737,1.12963379067,0.764726853352,0.908300835027,0.714964142954,0.935610971747,1.07707471297,0.903233399582,0.998093447869,0.938890613728,0.978066789081,0.771251476044,0.98319195769,0.919075665007,0.980821719022,0.751233771682,0.707542491967,0.776374738599,0.846216447423,0.844180366681,1.02300330986,0.864214234155,0.783649169229,0.828547377936,0.721263115142,0.898988458414,1.12621513809,0.890358197843,0.727437297169,0.742261456339,0.784144536946,0.771242610356,0.882888475444,0.777228309884,0.832800976278,0.72493682916,0.779190373606,0.694216163481,0.909453206028,0.793900366862,0.744439750396,0.866397906627,0.989186439569,0.854256604716,1.12757280837,0.958399596845,0.846726701812,0.968044689612,0.815507255285,1.00358759571,0.778137244628,0.883129481752,0.994349069443,0.785893971163,0.809380004962,0.922758345094,0.947403969115,0.798950481672,1.2213744032,1.03910660232,0.974076351378,0.833076786286,0.916793485091,0.84625016766,0.813823189853,0.905473534803,0.924447261093,0.994306066097,1.03968441404,0.947279858099,0.976206596129,0.940205931999,0.845135374374,1.07143024494,0.958942308402,0.790477114017,1.015011882,1.01318755726
2011,1.00685861394,0.785148674987,0.953379829626,0.764674787883,1.09295330155,1.07001480726,0.963615995618,0.769209980701,0.884100484706,0.90629308184,0.835227963144,1.09752721734,0.753662981151,0.971408522074,0.917917735473,1.0217891932,0.986825132894,0.995048572473,0.840073489216,0.903811068758,0.960220488713,0.787450903177,0.832212774978,1.1575024397,0.796141003134,0.948086558971,0.736044605303,0.976975591671,1.10430052699,0.937278931579,1.02984218205,0.981235571366,1.00432990178,0.79986063487,1.0296000633,0.956620192674,1.02561232697,0.782194200457,0.728535987699,0.814848773733,0.883318302645,0.872350216858,1.05071251878,0.900562223263,0.815071526847,0.865818357515,0.761425174378,0.930514014022,1.17417448227,0.921785221529,0.75331629596,0.7798359069,0.827522332206,0.795079614868,0.913204228987,0.806719082246,0.863655930404,0.751682279349,0.811113893282,0.715981091886,0.951108488059,0.826178394543,0.778345641507,0.892578417479,1.02754865288,0.889133451461,1.15691005859,1.00067075477,0.863944933698,0.997433802391,0.842105234969,1.03187658026,0.816181262142,0.911559553477,1.03522298854,0.824375021584,0.834005422198,0.955239472321,0.979677916666,0.825089925797,1.25751244512,1.06393303127,1.01367141171,0.85358196605,0.959924250881,0.881451260072,0.861964937502,0.940975675975,0.957252945441,1.02626414263,1.09308363753,0.983137642806,1.00873089818,0.972550628657,0.873936409891,1.10902577575,0.985153393846,0.820496897815,1.0392727592,1.03786341274
2012,1.04110370103,0.812372765823,0.981266215267,0.79762811558,1.12698402782,1.10814333727,1.00496151687,0.792816829916,0.913877747781,0.938253483944,0.867628962463,1.12481301698,0.784673776174,0.997486643287,0.944240686085,1.04548916015,1.02412498627,1.03645630784,0.872274252674,0.93950568233,0.983735596736,0.822923630559,0.862482763997,1.18816593255,0.828028932512,0.986851653356,0.757676584895,1.01723138094,1.13318607152,0.970175338293,1.06112113517,1.02167865476,1.03117430801,0.82665031732,1.0705408979,0.991017261701,1.06604827083,0.810620633988,0.74943349325,0.851238861069,0.918103656254,0.900192442177,1.07711898933,0.936240118787,0.846076096989,0.900076264173,0.799317340556,0.960899791348,1.21464296351,0.950505482316,0.779932738186,0.815939762755,0.866923321665,0.820345349544,0.942630682216,0.835226720504,0.891977434112,0.777143714239,0.840603282173,0.737665482343,0.994044634851,0.8566988295,0.814730696004,0.920835322322,1.063047921,0.923865700885,1.18730654216,1.03939967204,0.882474048238,1.02870260189,0.870583180786,1.0608634565,0.852442181956,0.938426332475,1.07456398742,0.860993322109,0.859434488688,0.986455837315,1.00950658806,0.85300655358,1.29300153452,1.08930029892,1.05049691911,0.874387396416,0.998199479582,0.916431326382,0.906109761723,0.970157648449,0.988516539257,1.05678741362,1.13973567032,1.02075479973,1.04015471384,1.00319884353,0.901426542421,1.14537400821,1.01323358251,0.8495693044,1.06460772001,1.06287028481
2013,1.07610878729,0.839098701448,1.00967993723,0.829711001974,1.1615348299,1.1461576594,1.04475842878,0.816842837523,0.942282080831,0.969002036676,0.898909583976,1.15016278881,0.815327099052,1.0242724532,0.970447068503,1.07148136716,1.06201567906,1.07749017585,0.904362100166,0.973251205372,1.00759166767,0.855842489306,0.892810155189,1.22012595729,0.859091945188,1.02494099638,0.779675875457,1.05599845466,1.16181826675,1.00239445762,1.09187217655,1.06193824701,1.05714448277,0.854768429428,1.11146548877,1.02360563895,1.10654077077,0.839479177448,0.770434204922,0.88582921606,0.952534307554,0.927233353546,1.10631778843,0.970077265665,0.877912714422,0.932228868567,0.835386485162,0.991865308938,1.25422094807,0.978759759123,0.806787775138,0.849591424697,0.903969413475,0.8465671905,0.971529772625,0.862149048774,0.921082731902,0.802297737519,0.869403589751,0.759347741375,1.03536550811,0.887805193196,0.850739247508,0.950140490291,1.09730555917,0.957754476905,1.21824058363,1.07807485197,0.902039939777,1.06036666078,0.899062701917,1.09005707274,0.887943792764,0.965845067646,1.11280830713,0.896312237132,0.885469839212,1.01752891873,1.04158259071,0.879558952509,1.3280243946,1.11534523385,1.08566775772,0.894982940496,1.03537378458,0.951285355312,0.947687807953,0.998310729401,1.01897905924,1.087050367,1.18211484135,1.05873119805,1.07184808079,1.03312722456,0.928496246799,1.18233006896,1.04058746342,0.877870748041,1.08949740567,1.0892827678
2014,1.11260701244,0.867774559168,1.03994425086,0.862288629938,1.19999507068,1.18651036196,1.08734010449,0.841957318574,0.970688757765,0.999950140541,0.933059900678,1.17352033194,0.846883058804,1.05190975578,0.996768649906,1.09728530697,1.10215686828,1.12163709952,0.938453083869,1.00973136634,1.02914576129,0.890538822628,0.924175411421,1.25279596456,0.892238438548,1.0664154142,0.801277073774,1.09643012567,1.18843984548,1.03716248036,1.1222842025,1.10505572349,1.08213416823,0.884429627334,1.1561540151,1.0599163064,1.15092819967,0.869466113071,0.791680272061,0.921340625172,0.987884619853,0.954588742158,1.13634891316,1.00522011845,0.912428770764,0.966510578006,0.873629834033,1.02565389892,1.29705975288,1.00859892958,0.834886087965,0.884315269454,0.942880708603,0.873260271372,1.00083043538,0.889987746919,0.952037528783,0.828054745691,0.899566953917,0.781747798902,1.07742863493,0.920677177163,0.888240488484,0.980350908949,1.13282156235,0.992832550116,1.24991740686,1.11947720128,0.921299879512,1.09325970498,0.925726974324,1.11910959558,0.926709541067,0.994393901771,1.15398883032,0.931618979203,0.911655614937,1.04982386774,1.07544506717,0.90411441612,1.36434978251,1.14173426404,1.12362715793,0.915976170038,1.0756910002,0.987873518421,0.990768489336,1.02882665916,1.05075864177,1.11919110819,1.22695810672,1.09785664125,1.10384032138,1.06434061485,0.957333825498,1.2211896324,1.06540741517,0.907639325781,1.11462473697,1.11583672964
2015,1.14923113741,0.895933145344,1.06951084232,0.892250709242,1.23772892927,1.2253358485,1.13089067266,0.865676496552,0.996596056795,1.0287636107,0.966362131353,1.19393489504,0.876359147391,1.07768361793,1.02084626053,1.12007508201,1.13950638072,1.1642332146,0.97033835811,1.04564150085,1.04735831864,0.925022413296,0.953547698775,1.28426621866,0.925416384956,1.10843549021,0.820924763477,1.13574328334,1.2114565903,1.07156461937,1.14989215728,1.14676294008,1.10471837655,0.912461331023,1.20076678443,1.09761179549,1.19490518851,0.897588931258,0.811333195046,0.955410637048,1.02161303714,0.980771827936,1.1632132012,1.03939598947,0.947296163553,0.999977780033,0.911703569953,1.05951892568,1.33889423638,1.03728561243,0.862225011712,0.917419152423,0.982094986532,0.898271458058,1.02814215365,0.916842863595,0.982438000096,0.852085176238,0.928285138262,0.802594251964,1.11752899138,0.952593572488,0.924636110909,1.00943808422,1.16537910456,1.02546240764,1.27990709787,1.15936071012,0.937867964601,1.12502905924,0.949238208256,1.14627044084,0.965205590378,1.02167810501,1.1948750172,0.963655382462,0.935745155472,1.08113324616,1.10822669497,0.926052037358,1.40045859827,1.16648994659,1.16152552623,0.935943563384,1.11475681397,1.02337851788,1.03181255776,1.05779446283,1.0816647446,1.14995476953,1.27158194207,1.13502461692,1.13365037751,1.09367331256,0.985059200254,1.25926970189,1.08559464081,0.936337541635,1.13792068716,1.14110600287
2016,1.1819185254,0.922051500814,1.09707402581,0.918144528133,1.27765277409,1.26331265446,1.17217075296,0.88892272679,1.0163239804,1.05014380845,0.995897180501,1.20674581745,0.899304800402,1.09955902766,1.04066848183,1.13862493698,1.17728963149,1.20127528923,1.00048595616,1.07926973752,1.05994494467,0.953585151975,0.981576980248,1.31232070341,0.951903282178,1.14809844539,0.83597372129,1.17173954054,1.22910576609,1.09939866953,1.17100623878,1.18660656814,1.12123106328,0.939498759783,1.23970041148,1.13315986456,1.23290272319,0.922778719506,0.827172069321,0.986201422866,1.05245318425,1.00251709426,1.18990438096,1.06939878691,0.978356339119,1.02895688829,0.945424679434,1.09305368698,1.37491936819,1.06370091926,0.885651379913,0.944906667564,1.02074035048,0.9194596701,1.05176151255,0.938888494267,1.01042136977,0.872081483715,0.954467426504,0.822763922206,1.15044196491,0.983455569801,0.954175917363,1.03611818519,1.19087241852,1.05194135286,1.30701026425,1.19230527029,0.951178365312,1.15135939396,0.964944116899,1.16966811182,1.00013089471,1.04689975614,1.23353716445,0.98973215172,0.955770478861,1.1078913536,1.14009473396,0.940487150055,1.43233757561,1.19000499897,1.19461472194,0.953087082205,1.1524228318,1.05569586661,1.06221295124,1.08503450195,1.10893441442,1.17677219592,1.30641186697,1.1676241118,1.16195006485,1.12103995524,1.0097721488,1.29512415771,1.09758230145,0.959417273789,1.15697158795,1.16585087752
2017,1.21101323305,0.948162071716,1.12408336365,0.943978705935,1.32088682455,1.30299565819,1.2118359203,0.913431499535,1.03700165508,1.06798424901,1.02517978515,1.2216728441,0.920863587521,1.12147266169,1.06027262537,1.1557104838,1.21817834292,1.23895374068,1.03193045464,1.11303488787,1.07139495382,0.978797769408,1.01147710889,1.33841673589,0.974654791751,1.18683584687,0.851299083878,1.20705474324,1.24651453242,1.12457806654,1.18982388085,1.22738949525,1.13850209299,0.967987096229,1.27853933782,1.16787459317,1.27101859691,0.948804893984,0.842432154823,1.01629625339,1.08363392488,1.02326855058,1.21909684344,1.09783049009,1.00848925462,1.05647425972,0.976545388707,1.12749797728,1.41018501986,1.09064583868,0.906661673652,0.969820807652,1.06003636533,0.938823182092,1.07434429926,0.959328320166,1.03885204828,0.891021948968,0.980935126115,0.844063574313,1.1795306216,1.01533192052,0.978849195047,1.06197972202,1.21568387776,1.07576770639,1.33311622152,1.22372831377,0.964505272735,1.17399395135,0.977696332277,1.19213634011,1.03394095809,1.07336566901,1.27169611164,1.01467098167,0.974430657799,1.13394620638,1.1733529216,0.953759234334,1.46210519515,1.21443389138,1.22564649066,0.969920922078,1.19131106937,1.08726464583,1.09043378926,1.11333081025,1.13498675292,1.20378760117,1.33793669633,1.19926655898,1.1921163996,1.14944206649,1.03409436679,1.33123736282,1.10895388549,0.979955155377,1.17464969895,1.19181025772
2018,1.2398015537,0.974632886851,1.15132264681,0.97091562516,1.36301814983,1.34267343635,1.25159038302,0.937769698642,1.06002426128,1.0876094998,1.05560559633,1.23931838871,0.94425015396,1.14422074106,1.08110225363,1.17323447511,1.25870845731,1.27857966904,1.06369925102,1.14715191029,1.08482948919,1.00551371304,1.04163823281,1.36468449418,0.999058573819,1.22619485018,0.867572465451,1.2433454772,1.26607727647,1.15131396681,1.21032928259,1.26824477267,1.15820067991,0.996136590294,1.31934212558,1.20377146703,1.31154104893,0.975432962915,0.858606970914,1.04695262499,1.11574729702,1.04567256023,1.24740600492,1.12754610222,1.03935230721,1.08529486957,1.00800411463,1.1618347335,1.44695658938,1.11814970516,0.927898491899,0.995472004699,1.09922414881,0.958357354638,1.09767323263,0.981017741108,1.06787066697,0.910892155429,1.00820607982,0.865580408461,1.21040507903,1.04702476949,1.00394554287,1.08817669539,1.24313100384,1.10091312289,1.35947804114,1.25686490448,0.978464869628,1.1969710799,0.99270404062,1.21556137497,1.06859426579,1.10012056522,1.31000323071,1.04075832003,0.993730947235,1.16175812776,1.20609660131,0.969893566151,1.49323187369,1.23897557378,1.25835276737,0.987681215789,1.2306327235,1.11940404382,1.12307761307,1.14165755427,1.16217855179,1.23179880933,1.37310898903,1.23222473993,1.22267220825,1.17834725518,1.05907032592,1.36818183901,1.12374132755,1.00193933815,1.19386174128,1.21743421372
2019,1.26691490871,0.997562380525,1.17502625579,0.992748207221,1.39837344719,1.37674902071,1.28860421318,0.957930700043,1.07799138296,1.1050867243,1.08172890016,1.25300333025,0.963484700261,1.16293806933,1.09788601208,1.18684561617,1.29146215407,1.31254267271,1.08943197991,1.17633410548,1.09554300096,1.03099960687,1.06655274294,1.38860410988,1.02213104458,1.26254520441,0.880397359319,1.27580502787,1.28222723304,1.17570161898,1.22800376551,1.30254939455,1.17451103435,1.01897109901,1.35641904434,1.23810565071,1.3480788265,0.99667430684,0.871685729996,1.07366527758,1.14326967245,1.06618192108,1.26869341605,1.15461171472,1.06734783956,1.11057646666,1.03689847811,1.19175670005,1.47890249504,1.14182909593,0.946602241565,1.0173939259,1.13496780056,0.974742098221,1.11758122741,1.00012256104,1.09334911079,0.927456428613,1.03140713829,0.883324895706,1.23859254835,1.07415467729,1.02620965654,1.11122473433,1.26543260223,1.12228555514,1.38247177511,1.28513963073,0.988469418911,1.21792042679,1.00515589924,1.23600693619,1.09884146043,1.1225946536,1.34404589254,1.06154082877,1.00981021342,1.18739511545,1.23349597253,0.983309346412,1.52363921433,1.26001425829,1.28890561758,1.00335135654,1.26457859633,1.14690103489,1.15259331733,1.16465954369,1.18703542318,1.25508491271,1.40682510255,1.26032441773,1.24814053316,1.20241417522,1.08032879824,1.40147259708,1.13445073143,1.02180048113,1.21095003841,1.2394690806
2020,1.29228389413,1.01767093136,1.19562529342,1.01189864559,1.42962129936,1.40819193608,1.32231865177,0.976295319225,1.0952945864,1.12195602648,1.1061619875,1.26764023217,0.981443508236,1.18064405198,1.11318108676,1.19777733908,1.32079043322,1.34546771867,1.11229484299,1.20211959538,1.10542592074,1.05580203793,1.09016022118,1.41033359642,1.04479141986,1.29661696914,0.892986353943,1.30543876984,1.29744331927,1.19932181625,1.24472916995,1.33183150128,1.19095391519,1.03914404218,1.39281692698,1.27106163492,1.3843214535,1.01607338337,0.883575070142,1.09723114214,1.16849288013,1.08591027244,1.2877693017,1.17962110025,1.09423033378,1.13378183978,1.06402293915,1.21859060699,1.509252422,1.16376361638,0.963579473186,1.03657713758,1.16710719371,0.98877294082,1.13530791735,1.01755001019,1.11767545576,0.942514326636,1.05277046519,0.898369465851,1.26503956844,1.09876267636,1.04663444153,1.13122298652,1.28670174245,1.14196956698,1.40258477898,1.31191315655,0.997106150504,1.23797969991,1.01667027516,1.25446433373,1.12630392323,1.14428170801,1.37460448052,1.0792111578,1.02394912528,1.21289635337,1.25936332764,0.99605793303,1.55390793128,1.27931495232,1.31843379071,1.01811653343,1.29564652044,1.17066187207,1.18230556823,1.18540292768,1.21071931621,1.27639041081,1.43968181272,1.28522910172,1.27269574191,1.22343864724,1.09936632831,1.43300815429,1.14483922674,1.04107920867,1.22726420556,1.26088691372
2021,1.32452039539,1.04814609829,1.22361126593,1.04504817145,1.47671792623,1.45466732323,1.36670419023,1.00487663302,1.13016365716,1.15133300599,1.14611535257,1.29181898767,1.01407785573,1.21047417288,1.13893971831,1.2154413352,1.36540757324,1.3991164503,1.15119403026,1.24331916699,1.12060441047,1.09407261391,1.12851307042,1.4376333176,1.0783257138,1.34233444964,0.915812900066,1.34753941857,1.32159897923,1.23630617381,1.27317064056,1.37580426078,1.21826722487,1.07235353785,1.44822352115,1.31430441261,1.43854611185,1.05068367946,0.904011719265,1.13350870634,1.20738057922,1.11464005426,1.32092864437,1.21564668277,1.13326055985,1.1714566288,1.10388503605,1.25668881814,1.56112508887,1.19700836658,0.989393882849,1.06891716661,1.21160176949,1.01074727236,1.16326687071,1.0456501409,1.15483447506,0.967803921554,1.08504291959,0.918572217787,1.3049809858,1.13685531571,1.07821548143,1.15792577062,1.32517199018,1.17364311966,1.42955538526,1.35793048691,1.01302761138,1.26557840999,1.03977208563,1.28199143943,1.16681739165,1.1781429602,1.41740433913,1.11355199951,1.04668994733,1.2482785532,1.30071591197,1.01885512877,1.59234493205,1.3059552746,1.36056342954,1.0387914909,1.34281942747,1.20713680927,1.23269708501,1.22249727908,1.24436131138,1.31177709269,1.49381402445,1.32199714823,1.30894715764,1.25609485298,1.12972319343,1.4752960605,1.16724998062,1.07109001975,1.24934503026,1.28936149483
2022,1.36740494125,1.08918623749,1.26212739434,1.09123201531,1.52992900115,1.50879606365,1.42417280573,1.03779340698,1.17362080562,1.19387061692,1.19547969097,1.32625232703,1.05986502762,1.24721882357,1.174002678,1.24363121678,1.41855098091,1.46182542862,1.20038844952,1.29488128659,1.14653021869,1.14353072841,1.17223848937,1.47473254085,1.12437862372,1.40033786177,0.94496122625,1.40343894727,1.35699336344,1.28417959984,1.31374516311,1.43374577334,1.25412930449,1.112408231,1.51120744751,1.36595770465,1.50075531159,1.09262558464,0.932371084117,1.1814801897,1.25593982974,1.15208865209,1.35888305841,1.26493215089,1.17960192101,1.22183892459,1.15542158426,1.30081596468,1.62090804289,1.23738304545,1.02551151506,1.11596797333,1.26433332693,1.04285326247,1.20182531961,1.08409564773,1.19697446554,1.00244741918,1.1259974771,0.946066945669,1.36367437679,1.18070436582,1.12672598649,1.1949190493,1.37708878656,1.22016168631,1.4663782284,1.41663877525,1.03724086851,1.30441484018,1.07619424109,1.31943004462,1.22023128991,1.21553389416,1.47275689611,1.16264786611,1.0795266954,1.29150997259,1.34440965859,1.0540191107,1.63856671415,1.33874591612,1.41371731575,1.06553042124,1.4005410388,1.25665066326,1.29907251384,1.26581978621,1.28718730904,1.35627704936,1.56211310975,1.37383624303,1.35089786347,1.29968333458,1.16990337488,1.52575694458,1.20390463911,1.11184479755,1.28153874265,1.31980481294
2023,1.41385019545,1.12585659376,1.29900928643,1.13226660671,1.57033961549,1.5545644254,1.47905114995,1.06529064459,1.21177154673,1.23656850356,1.23840252885,1.36014277194,1.10298027905,1.28147346659,1.20729414274,1.27443171202,1.46104849842,1.51654922443,1.23931387611,1.33910437462,1.17650621247,1.19045876817,1.20828735721,1.51447314399,1.17183019963,1.45427458041,0.973594647819,1.45469653993,1.39266282873,1.33046300006,1.35426457655,1.48437970563,1.28848582645,1.14654675752,1.56903552794,1.41327800147,1.55782206819,1.12889814136,0.960008388201,1.22526805089,1.2997320151,1.18837163387,1.39012296358,1.31143351594,1.22483885351,1.26682144092,1.20417978065,1.34049439471,1.67397521717,1.2730868391,1.06186328327,1.16092502201,1.31060862822,1.07605395361,1.23828077424,1.12121327052,1.23510792675,1.03560058,1.1622133892,0.970786939222,1.42153443196,1.21913346345,1.17769417652,1.23211917493,1.4238142002,1.26521726827,1.50339974873,1.47136306991,1.06092183675,1.34627943234,1.11597541784,1.35658569251,1.27006124937,1.24938758354,1.52239162401,1.20826481192,1.11255661894,1.33346478372,1.382951008,1.09126276367,1.68533800262,1.3689420047,1.46328966681,1.09188761394,1.44750084947,1.30306784703,1.36132855367,1.29981039561,1.32770090328,1.39660570161,1.6257061772,1.42411555873,1.38785215243,1.3371901591,1.20563124531,1.57329168159,1.2413785264,1.15111885264,1.3142202715,1.34902103778
