Run,Energy Balance Model.Heat Capacity of Land & Ocean Surface[1],Energy Balance Model.Heat Capacity of Thermocline Ocean[1],Energy Balance Model.Heat Capacity of Deep Ocean[1],Energy Balance Model.Deep Ocean Heat Uptake Efficacy Factor[1],Energy Balance Model.Heat Transfer Coefficient between Land & Ocean Surface and Space[1],Energy Balance Model.Heat Transfer Coefficient between Surface and Thermocline Ocean[1],Energy Balance Model.Heat Transfer Coefficient between Thermocline Ocean and Deep Ocean[1],Aerosol Forcing.Scaling Aerosol Cloud Interactions Effective Radiative Forcing scaling factor[1],Aerosol Forcing.Logarithmic Aerosol Cloud Interactions Effective Radiative Forcing scaling factor[1],Aerosol Forcing.Effective Radiative Forcing from Aerosol Radiation Interactions per unit SO2 Emissions[1],CH4 Forcing.Calibration scaling of CH4 forcing[1],N2O Forcing.Calibration scaling of N2O forcing[1],Minor GHGs Forcing.Calibration scaling of Minor GHG forcing[1],Stratospheric Water Vapour Forcing.Calibration scaling of Stratospheric H2O forcing[1],BC on Snow Forcing.Calibration scaling of Black Carbon on Snow forcing[1],Land Use Forcing.Calibration scaling of Albedo forcing[1],Land Use Forcing.Calibration scaling of Irrigation forcing[1],Natural Forcing.Calibration scaling of Volcano forcing[1],CO2 Forcing.Calibration scaling of CO2 forcing[1],Natural Forcing.Amplitude of Effective Radiative Forcing from Solar Output Variations[1],Natural Forcing.Linear trend in Effective Radiative Forcing from Solar Output Variations[1],Ozone Forcing.Ozone forcing per unit CH4 concentration change[1],Ozone Forcing.Ozone forcing per unit N2O concentration change[1],Ozone Forcing.Ozone forcing per unit Montreal gases equivalent effective stratospheric chlorine concentration change[1],Ozone Forcing.Ozone forcing per unit CO emissions change[1],Ozone Forcing.Ozone forcing per unit VOC emissions change[1],Ozone Forcing.Ozone forcing per unit NOx emissions change[1],Forest.CO2 tree net primary production parameter[1],Forest.STA maximum aboveground biomass per area parameter[1],Forest.STA squared maximum aboveground biomass per area parameter[1],Forest.STA squared tree net primary production parameter[1],Forest.STA tree net primary production parameter[1],Grass.CO2 grass net primary production parameter[1],Grass.STA grass net primary production parameter[1],Grass.STA squared grass net primary production parameter[1],Crop.harvest index for energy crops[1],Land Use.counterfactual aka no climate change mean burned area in 1980[1],Land Use.reference fraction of cropland burned out of total burned area[1],Land Use.reference fraction of forest burned out of total burned area[1],Forest.fraction biomass remaining after burning[1],forest soil carbon.fraction burning to slow[1],Ocean.Warm surface ocean alkalinity sensitivity to global T anomaly[1],Ocean.Cold surface ocean alkalinity sensitivity to global T anomaly[1],Ocean.High latitude carbon pump sensitivity to global T anomaly[1],Ocean.Warm surface ocean temperature sensitivity to global T anomaly[1],Ocean.Cold surface ocean temperature sensitivity to global T anomaly[1],Ocean.Warm surface ocean salinity sensitivity to global T anomaly[1],Ocean.Cold surface ocean salinity sensitivity to global T anomaly[1],Ocean.Initial Cold surface ocean carbon reservoir[1],Ocean.Initial Cold surface ocean pH[1],Ocean.Initial Deep ocean ocean carbon reservoir[1],Ocean.Initial Intermediate depth ocean carbon reservoir[1],Ocean.Initial Warm surface ocean carbon reservoir[1],Ocean.Initial Warm surface ocean pH[1],Forest.Initial Mature forest aboveground biomass[1],Forest.Initial Young forest aboveground biomass[1],Land Use.Initial Mature Forest[1],Land Use.Initial Young Forest[1],cropland soil carbon.Initial fast soil carbon cropland[1],cropland soil carbon.Initial slow soil carbon cropland[1],degraded land soil carbon.Initial fast soil carbon degraded land[1],degraded land soil carbon.Initial slow soil carbon degraded land[1],forest soil carbon.Initial fast soil carbon mature forest[1],forest soil carbon.Initial fast soil carbon young forest[1],forest soil carbon.Initial slow soil carbon mature forest[1],forest soil carbon.Initial slow soil carbon young forest[1],grassland soil carbon.Initial fast soil carbon grassland[1],grassland soil carbon.Initial slow soil carbon grassland[1],Terrestrial Carbon Balance.Initial Commited future soil carbon loss due to land-use transitions[1],Terrestrial Carbon Balance.Initial Committed future carbon gains from young forests entering the mature forest type[1],Ocean.Depth of warm surface ocean layer[1],Ocean.Thickness of intermediate ocean layer[1],Ocean.Depth of cold surface ocean layer[1],Ocean.Reference overturning strength in Sv[1],Ocean.Reference intermediate to warm surface ocean mixing strength[1],Ocean.Reference cold surface to deep ocean mixing strength[1],Ocean.Reference strength of biological carbon pump in low latitude ocean[1],Ocean.Reference strength of biological carbon pump in high latitude ocean[1],Ocean.High latitude carbon pump transfer efficiency[1],Crop.normal harvest index for food crops[1],Crop.sensitivity of effect of crop yield on harvest index[1],Crop.crop yield 1980 reference[1],Crop.harvest index for feed crops[1],Crop.sensitivity of effect of crop residue production on field fraction[1],soil carbon decay.cropland litter input share slow soil carbon[1],soil carbon decay.grassland litter input share slow soil carbon[1],soil carbon decay.mature forest litter input share slow soil carbon[1],soil carbon decay.young forest litter input share slow soil carbon[1],soil carbon decay.natural decay rate fast soil carbon[1],soil carbon decay.natural decay rate litter carbon[1],soil carbon decay.natural decay rate slow soil carbon[1],soil carbon decay.e0[1],soil carbon decay.temp_response[1],degraded land soil carbon.degraded land productivity reduction factor[1],Land Use.forest recovery time[1],Forest.tree net primary production in 1750[1],Grass.grass net primary production in 1750[1],Forest.forest aboveground biomass 1750[1],Crop.historical sustainable farming fraction[1],Crop.mass to coverage[1],Crop.conventional residue on field fraction[1],Crop.sustainable residue on field fraction[1],Terrestrial Carbon Balance.Forest carbon adaptation time[1]
Run 357,4.549415899542828,22.52355692229921,109.72837090397871,1.2036243134279443,0.8005555703064837,3.858270593461186,1.007896203133511,-0.4143712362340301,0.014589258678364,-0.0012093311585477,0.990264976057846,0.9333046738888552,0.895043813064246,0.1663574239047331,1.0410993771329364,0.5791520406567381,0.2221648158630756,1.1083732008926508,0.8904327920769792,1.2434452200989206,-0.0498500617885169,0.0002525320032291,0.0012018947115447,-0.0001179085858534,0.0001333305620553,5.803748526478264e-05,0.0012419712327155,0.001115554094669,0.48608325977957,-0.0360740206148809,-0.0112419979352159,0.1191735726234442,0.0008419569215018,0.11265176563666,-0.043157890564889,0.62062655308168,440.7639989047643,0.0336025786867182,0.0469331134395623,0.1588282868329603,0.4591128236384396,-1.6333442899819883e-06,-6.73959252755374e-06,-0.2679003435813496,0.9813700309717608,0.5684300167282188,-0.0163334428998198,-0.0673959252755374,378.202779088,8.33746424399,23608.3415115,7552.3911173,2971.15504047,8.14220574794,539.279278591,9.54110630319,4519.40859851,101.118726489,3.60353426494,12.2093690719,0.0017195497654,0.00119814114029,420.596673173,7.26183305214,362.50296848,6.46959583799,185.750014749,72.1003382131,0.752356174905,3.59511955385,407.2954465917279,794.3970296774223,292.3421885069049,23.564341416860167,85.2305563844489,27.046016702554503,2.6846602650797444,7.183617802598649,0.2957192803215602,0.4484274606556763,0.0661936832153604,5.908907987051709,0.6322806608499904,0.287798079383766,0.0262722540402312,0.0127316315623451,0.0340163679745025,0.0325152795770499,0.0295345537451374,0.6738660266635612,0.0011237658232603,292.2821051028536,57.50673078561064,0.0222317669058527,56.29060495948009,0.0080103216181797,0.0040147383436698,544.2102306247187,0.0892351185144839,1096.6020958270306,0.4429377776560129,0.7251307517685684,31.971365965714213
Run 2509,6.641633683649266,52.98055871020292,246.73261291467,0.3577214587579622,2.049523349223087,1.7360531970159838,0.2085420107834245,-0.0339629378023411,0.0171299184367414,-0.000858935585163,0.9100162865821912,0.961544294200004,0.9904032148246364,2.002814101587308,0.6276049269893376,1.0064594126809452,0.2631726178509289,1.215094486220864,0.8714424847102413,1.2392476841402542,0.0103334839650952,0.0001710677327332,0.0010818228849066,-0.00014839756906,0.000259219836842,1.608526228857506e-05,0.0016908148735488,0.0011400217280458,0.4535970051119672,-0.0245532865248323,-0.0183894948714782,0.1354692762299967,0.0011396881403436,0.1455539897018304,-0.0304388344587467,0.8164560459941239,476.61502119889616,0.0417892374461908,0.0491430820209998,0.1600787243817228,0.319486939023126,-1.4498370396564203e-06,-1.0800374361004092e-05,-0.0758881087472054,0.874157576927827,0.7965698672199536,-0.0144983703965642,-0.1080037436100409,148.315132411,8.56760569577,26172.1527627,4658.47432724,1930.8271055,8.12526125101,551.06862048,11.5921768461,4498.66386094,121.863464055,2.53139486578,7.83410797516,0.00439654009892,0.00349053069069,255.415450415,5.26217775804,189.949469979,4.42675096146,138.083466155,72.4671271378,0.395065957577,2.36834859049,263.383854607972,473.0036839604061,122.66386511487477,14.054358420448448,78.24591094329978,26.08823831127105,0.8979173196769207,10.809621504656969,0.1578194278422887,0.4292920772235657,0.0693051704083123,6.220737450977736,0.7680107626706618,0.5093760538200285,0.0242521855196079,0.0154312738058961,0.0236501406515549,0.0343753893774332,0.0342065310739008,0.7768990527236498,0.0010494964295262,291.1830234003553,59.88639894049849,0.076071985820414,69.02877902691003,0.0061670950243534,0.0038174203655161,560.8960678728555,0.1485138227096798,1503.8780567944957,0.4158911249993911,0.6769689549551853,28.49575870915787
Run 2555,3.732362225626394,40.68775060989691,83.26461774348364,1.3910926693855956,1.874291941877694,2.461051114388838,1.2214110187239122,-0.0377966624170923,0.0224770219932683,-0.0003954822743697,0.8472302482691317,0.909281782355678,1.0661430644991747,0.7323834123690192,0.1755091570313131,1.4926352237371971,1.023912005068818,1.045127532344445,1.030818451157644,0.7750343149287289,-0.0083884031628871,0.0002042003959902,0.0008684387018285,-5.541083294010259e-06,0.0001039558033568,-8.175970688584314e-05,0.0010708333323018,0.0011723840252808,0.4895921104382209,-0.0252257651514505,-0.018926666746311,0.1251838355612833,0.0008555471667724,0.1056939651202309,-0.0267092817181911,0.9334119631950604,456.1656890072202,0.0421367682075323,0.0491734697740209,0.0843805299649995,0.3720543312447347,-1.2071198103933298e-06,-6.30098619522239e-06,-0.0870960858575089,0.8660999988053351,0.6525736978579664,-0.0120711981039332,-0.0630098619522239,546.989286705,8.28108446922,21696.7637337,9228.34211098,2834.34285434,8.14820955947,543.514880274,10.0566265738,4514.85893349,105.668391507,2.34673924757,8.29912684729,0.000929764121828,0.000424035798027,308.518449409,5.55048004662,204.117001059,4.05719788081,137.367285111,70.3338300078,0.479135990131,1.08987192767,389.2301246598125,959.2533166829794,417.14046531647153,15.193637529956018,60.80314349096082,23.07447970222113,2.515839247121341,4.682921606979195,0.1467255693048692,0.4076285680930153,0.05025459692917,6.045610986882325,0.7972017227185633,0.2185455118453025,0.0114260055566649,0.0118954421842094,0.0173460720470232,0.0238181939092985,0.0349414232214183,0.7579366687178627,0.0008669215514953,293.6342375495831,56.41683150357124,0.0160261937111265,59.169761538998536,0.0076801052615387,0.0039411467586506,533.5485702496488,0.1066281669378732,1170.5894142415934,0.3180663989271199,0.7032399592507174,12.716929511882036
Run 3884,4.362746995206458,10.114095899633217,400.4243514937124,0.4695451176811719,2.1056593673499635,1.962081335319919,0.6038506943755487,-0.0259192691721196,0.0277003261499842,-0.0012642933800425,1.096986414190102,0.9609341065593688,1.0797531228199977,0.8898793864480837,0.9853963846135584,0.9660363056554117,1.3159842464312803,1.0669506618747937,0.9625700837011878,1.107301245227302,-0.0365167225397276,0.0002040047207873,0.0012536138480627,-7.544701403328194e-07,1.7766617467675656e-05,7.758693523894537e-05,0.0015933851461791,0.0011117161595258,0.4508811545021973,-0.0249876572482752,-0.0367148460170348,0.1382006790847729,0.0009988625407357,0.1029565507637692,-0.0320358920719388,0.7328149213815802,409.9001499979888,0.0365852685510385,0.0346469401014415,0.0598044566215041,0.3744052412587821,-1.6621288035557884e-06,-1.1139855687225332e-05,-0.0831276208045868,0.5992773097444778,0.8348095071868205,-0.0166212880355578,-0.1113985568722533,329.630672652,8.48285042934,23955.7270542,7909.80252229,2016.72427553,8.13033005759,524.663480764,9.46573207368,4517.95607795,102.571247054,2.96015154766,12.1716220737,0.00552400370573,0.00437344154719,359.597620434,6.42129657878,335.170883119,5.9964760826,189.053666026,93.3922981844,0.638639119475,4.49964984969,275.50325425815026,817.1976170174211,265.2597276202677,26.815473206608104,86.55400233042683,13.456447839357097,1.5923863065611843,10.529254117324625,0.2119635502484035,0.44180789851174,0.0884264217193707,6.252327963890258,0.7401806995305191,0.5368364784002075,0.0272071357959266,0.0157677788728237,0.0337455962193809,0.017251695448246,0.0313597914746294,0.7367776673481297,0.0010870704660145,292.8914539236297,55.87032568242567,0.0700811511288313,56.07124483985032,0.0080158074627268,0.0047945974111034,525.715889243222,0.1366492705637076,1108.9107004263387,0.346465046160915,0.8282916124088511,43.38312549822014
Run 4315,6.699480944690385,27.121236884290468,138.99942239456493,1.5729865675110497,1.334643629852727,0.85030977470811,1.2630863797770278,-0.5649909369587669,0.0064879027218298,-0.0033459025794789,0.8642719278687276,0.982864638529923,0.9586655495742868,1.3043069277306425,1.801849791441318,1.0720116424473884,1.6387211438388956,0.8102432686110249,1.055156514237163,1.5008221637533232,-0.0243835058817533,0.0001961769093178,0.0010900934675667,-6.117221053807836e-05,0.0002266574856638,-0.000160392271239,0.0011894062705984,0.0009663602971972,0.4902343296354727,-0.0399935442224223,-0.0347748319116597,0.1027966086157032,0.0011725309635636,0.1318232776930565,-0.0358745212419946,0.6684241865052869,483.6042504970742,0.0320409973419599,0.0381872931799972,0.0930946734997878,0.3770065676997815,-2.7522977710206222e-06,-6.220708795565909e-06,-0.3332257370403724,0.628377521325104,0.339152520619846,-0.0275229777102062,-0.062207087955659,454.198737775,8.59165180425,26616.9886563,3800.56967633,1074.31702013,8.12402804444,506.026499314,9.86658102622,4509.36372202,111.163602977,3.46998287248,9.50583157019,0.0040610774859,0.00315602154207,360.087131632,6.86158182525,165.134455002,3.87455555941,186.617488841,145.67696343,0.432261408735,3.18902561468,146.49558551277073,387.4586718830879,378.7803471434191,21.27490082116672,88.56812510359332,28.15252208448636,1.4297399857786386,11.867865315010633,0.1096327963821362,0.4087700933840276,0.0713546367542576,6.1556876173965005,0.6236327817730148,0.1175970179469697,0.0270712484458886,0.0278779581407192,0.0163585071005262,0.0256830939058589,0.02979526213754,0.7215882402924472,0.0010481083387307,293.1012862194441,58.51341010475473,0.0515142493219313,59.37740224820041,0.0071502551397283,0.0043373594353838,514.130717874793,0.151342530332698,979.597207347884,0.3731041249672173,0.7510324992561921,39.15273540409481
Run 4385,3.319312189052361,5.052371025401115,90.44651979905748,1.4363901665715877,1.4701726005292288,2.434910982294469,0.7429710792001685,-0.6796586456079589,0.0025842776864715,-0.0037223273637319,0.9544588738690836,1.0462511136452832,0.936629277087484,0.6112062714443278,1.5957400288008134,1.2365808499350257,-0.8866786511955427,0.9061719087140756,1.0385979516527502,0.7638255807657418,-0.039214888622144,0.0002874558461663,0.0015009942492355,1.804607940606804e-06,0.0001096728495747,-9.204070953788704e-05,0.0002229008856078,0.0009400750803891,0.441500789596993,-0.0242773875741093,-0.0329181211665371,0.1474970552174892,0.0010291458599021,0.125289835768444,-0.0122985315592748,0.6381554314042743,402.9615492145186,0.0425146278362523,0.0339001329253936,0.1581753307610126,0.326816289264496,-2.9494368970815417e-06,-1.2312401300375874e-05,-0.0712897929018217,0.6562281825019436,0.964958773044849,-0.0294943689708154,-0.1231240130037587,393.154766649,8.50014271421,24640.5407749,7997.73462731,2233.95738927,8.12920125092,597.730811105,11.9702288906,4510.24283163,110.284493371,3.0954894057,8.48551390088,0.0044203578867,0.00121892655926,454.66253023,8.6170468008,181.764349438,4.20078787418,168.747833073,121.468554097,0.610341898329,3.14253955682,305.07977407316804,812.0075212278092,318.0735976079244,16.833298402834664,74.7423208505264,23.25691797947589,1.3635892935252558,11.194051015305543,0.322540679056324,0.4416807809095956,0.0718561306547628,6.4945791774217545,0.6496222601032572,0.0097918428523224,0.0103539136054947,0.026929729715437,0.0151129335443199,0.0324376208153424,0.0312825740088923,0.654449350519883,0.0011645564570894,299.91662165136745,55.23533951118604,0.0610237907348287,65.75557100786973,0.0091194691052558,0.0039667740981696,597.0192465763952,0.0501409127605666,1316.3129689325356,0.336437176004308,0.8035494889609499,38.239092853483065
Run 5087,3.345370492373669,10.142115888092482,122.00325203069757,1.391315102870876,1.221257330437053,8.686653053811934,0.7006579825032423,-0.5323974860165489,0.0285715120619554,-6.130565557515167e-05,1.0333420245512106,1.078279888034757,1.1120167182495069,2.1264338634222995,1.2535977189743177,0.667635863448656,0.6580786893329251,0.9016225717581722,0.9261636086457444,1.084839629528327,-0.0077170573013486,0.0002502114180516,0.0017020494727383,0.0001908518121136,1.304308540753012e-05,-2.552500253416348e-05,0.0005176463276163,0.0011957191117169,0.4558288235068163,-0.0247817180817609,-0.031575575057901,0.1224592835663648,0.0008076172657878,0.1282499297956581,-0.0100348564395804,0.8856719700080098,453.8380414671135,0.0359765721549006,0.0333181246098817,0.1627322326880585,0.3294938110176347,-1.0321066621228482e-06,-1.0521397061647962e-05,-0.0796953013626822,0.6763663741314836,0.6144299699291083,-0.0103210666212284,-0.1052139706164796,585.563983296,8.32543466665,25107.4795689,5737.32618726,3376.95359383,8.14341123059,654.103242346,9.14524933508,4532.02527296,88.5020520422,2.42580654932,8.48477256013,0.00139220223648,0.000895125468605,271.340547529,3.73935059066,158.331067431,2.848354048,142.758055368,131.048527876,0.346126583086,3.89683000274,463.08785488148135,595.207442250336,451.283730873992,15.693646633332383,61.31751026344331,24.821441467639097,1.700063722781587,6.611803885311799,0.3094435897911881,0.4370231727602546,0.0988684063680262,6.08576467256724,0.6871399557575436,0.0637843921557212,0.0205600752501128,0.0297726641277688,0.0190157002176333,0.0322003494209416,0.0346029069838252,0.7378820775989705,0.0011064109277012,292.93976539670786,56.17630440309772,0.0228835962180414,55.69293047593861,0.0065322275381599,0.0040377530466644,652.8132367107719,0.1738176367666927,1328.4444705423266,0.3318045845493311,0.8263182433631154,39.75320362319056
Run 6343,3.337887307519158,10.187279471091006,116.98617299269242,0.9209935171606768,2.032803930071987,1.4599638849405892,0.4737947847448389,-0.8010593488417054,0.0072316534530968,-0.0009000144344242,0.8654903720136324,1.053252269056561,1.1516373795147428,1.5301710544767555,0.99489052271714,1.33382868555999,1.404438045382153,1.1445300501025373,1.0947272511953712,1.0488413642915158,-0.016586216257168,0.0002349721671929,0.000661710609245,3.720290620696934e-05,6.160292524911613e-05,-1.2569037710928484e-05,0.0013648480565278,0.0011371532493902,0.454962663980112,-0.0494523996337542,-0.0129566980003276,0.1491859945033413,0.001006170206213,0.1054981454059087,-0.0285914326720394,0.9461124163285424,428.2421143610039,0.0394940140606536,0.045483600389463,0.1691354668083106,0.4829259030664394,-1.4713506295732092e-06,-1.0629667002485998e-05,-0.4908733272292377,0.955649529995086,0.9886039230467796,-0.014713506295732,-0.1062966700248599,393.154766649,8.50014271421,24640.5407749,7997.73462731,2233.95738927,8.12920125092,597.730811105,11.9702288906,4510.24283163,110.284493371,3.0954894057,8.48551390088,0.0044203578867,0.00121892655926,454.66253023,8.6170468008,181.764349438,4.20078787418,168.747833073,121.468554097,0.610341898329,3.14253955682,305.07977407316804,812.0075212278092,318.0735976079244,16.833298402834664,74.7423208505264,23.25691797947589,1.3635892935252558,11.194051015305543,0.322540679056324,0.4416807809095956,0.0718561306547628,6.4945791774217545,0.6496222601032572,0.0097918428523224,0.0103539136054947,0.026929729715437,0.0151129335443199,0.0324376208153424,0.0312825740088923,0.654449350519883,0.0011645564570894,299.91662165136745,55.23533951118604,0.0610237907348287,65.75557100786973,0.0091194691052558,0.0039667740981696,597.0192465763952,0.0501409127605666,1316.3129689325356,0.336437176004308,0.8035494889609499,38.239092853483065
Run 7135,4.116041314720899,11.346566541965808,138.1149666283326,1.4317765376144058,1.0120888876669074,4.360620263033486,0.6696224060437228,-2.434805810313688,0.0034494190603561,-0.0015293268602165,1.1008786801467387,1.0855281280466984,0.7846211362082707,1.1650044955994936,1.2087579577266676,0.4244640479209663,1.1947053652708022,1.0175700423213154,1.1000272583848614,0.8992925903943448,0.0011930956890349,0.0002346583706947,0.0011982849551053,-6.893880607114876e-05,6.473758700707301e-05,4.4719162713938345e-06,0.0005394752615339,0.0010932092418647,0.4936710602718019,-0.0264261749819939,-0.0135897913200646,0.1370007939414474,0.0008680859962567,0.1079715667391688,-0.0359187978457645,0.7031726895502693,419.0320319133429,0.043480819264772,0.0403790968883228,0.1585032592727135,0.2221296372864215,-1.800930686014406e-06,-5.791117466024764e-06,-0.1071029163665652,0.9461531301990304,0.8180111151802636,-0.018009306860144,-0.0579111746602476,444.718706255,8.28471176395,21828.009619,8993.80988192,3480.14914998,8.14779538631,538.307674902,11.4124808275,4500.37266149,120.154663507,3.66389870086,9.94403973315,0.00504405438671,0.00337564991086,391.274660565,8.08355794087,213.857608079,5.02561150024,203.002015498,109.266885261,0.536459774626,2.57431934986,477.8577216223428,966.962223476774,339.43129245183746,29.67138139356473,66.77094633762584,20.76774506696009,1.1149737656453849,5.631036019514549,0.4234136579408222,0.4282088043694151,0.0865896250437912,5.666166545837233,0.7463565826566438,0.0667022341391759,0.0215806393723826,0.0171241122790825,0.0183736468613557,0.0249076578014911,0.0286302527555678,0.6517212409266023,0.0009276630582613,294.2883366481626,58.63347740253786,0.0591107407388233,66.99523971796046,0.0068844660212919,0.0041198038980097,541.0274101980035,0.0513929228489805,1042.5601067686976,0.3911682801071704,0.7204004909190251,28.613970329214723
Run 7404,4.428503397251684,23.49937674583828,107.65027738541858,0.8275201479017803,1.1271007074939656,1.251519554928984,0.4266592408401087,-0.4722692216630322,0.017328307954001,-0.0025919802625696,0.915155709766701,0.9527534641701756,1.0111784092130909,1.3862976677248462,1.2398761282999282,1.842234013125632,0.6670054616535998,1.2835444983633872,0.9295945208902524,0.5290174557958098,-0.0448583136290959,0.0001893983618343,0.001621585878379,-3.472282396725895e-05,9.892654327615978e-05,8.97943156399978e-05,0.0004646007539854,0.0010190056393358,0.4775678107472757,-0.0315295901437124,-0.0442458523165488,0.1328748481811862,0.0010388724040507,0.1100390916752545,-0.0143208480766986,0.7241544196210846,434.7811066473535,0.0396578956831617,0.0431658081764744,0.0925184760343433,0.2386902960791788,-2.357457704981249e-06,-7.804023656590537e-06,-0.1921598357285412,0.4863122152517672,0.760247874536607,-0.0235745770498124,-0.0780402365659053,148.315132411,8.56760569577,26172.1527627,4658.47432724,1930.8271055,8.12526125101,551.06862048,11.5921768461,4498.66386094,121.863464055,2.53139486578,7.83410797516,0.00439654009892,0.00349053069069,255.415450415,5.26217775804,189.949469979,4.42675096146,138.083466155,72.4671271378,0.395065957577,2.36834859049,263.383854607972,473.0036839604061,122.66386511487477,14.054358420448448,78.24591094329978,26.08823831127105,0.8979173196769207,10.809621504656969,0.1578194278422887,0.4292920772235657,0.0693051704083123,6.220737450977736,0.7680107626706618,0.5093760538200285,0.0242521855196079,0.0154312738058961,0.0236501406515549,0.0343753893774332,0.0342065310739008,0.7768990527236498,0.0010494964295262,291.1830234003553,59.88639894049849,0.076071985820414,69.02877902691003,0.0061670950243534,0.0038174203655161,560.8960678728555,0.1485138227096798,1503.8780567944957,0.4158911249993911,0.6769689549551853,28.49575870915787
Run 7490,2.610846717218997,13.440919263632042,81.47859060202846,1.1200150192293237,1.15038450419522,4.248736309347896,0.974930869528388,-3.5889126249628567,0.0017795398272336,-0.0051460374611277,0.806700432176694,1.0102046620792795,1.1073946416884166,1.5070456189831698,1.4707751943781382,1.3837723802726765,1.8130911273067256,1.0585358707295758,1.0083284326200457,0.8775302241263864,0.0125497173217723,0.0002972338232654,0.0008581309486662,0.0001317189707275,0.0001394312757059,0.0002047415962216,0.0019092191285344,0.0008406593932519,0.4993604525893284,-0.0341194973125746,-0.0133458021499836,0.1439115425286801,0.0008167393592846,0.1484712945886389,-0.0297586152826631,0.942119391317298,451.9453390619526,0.0441489239391538,0.0470406800192965,0.1270743636207741,0.3026499688927835,-3.695054550610093e-06,-5.079943426333956e-06,-0.2353249552095765,0.949812967750245,0.9147615954015212,-0.0369505455061009,-0.0507994342633395,291.247900641,8.45952443047,23930.0960759,9075.21184644,2683.90751191,8.1319384038,537.169725712,12.1401864214,4499.56878367,120.95854133,3.47128644833,11.4104022871,0.0044195406505,0.00229571056138,433.265887302,9.33647096765,278.321729006,6.57168921694,188.099765166,100.540977837,0.666756860377,3.19277208595,366.8174606865578,928.1715580413507,232.73425776568084,25.38039511128588,80.3822014120879,18.7278021799808,2.0488219530957648,11.384304613961962,0.4137289970753017,0.4057700400531894,0.0956202105681434,6.220300284255933,0.5381006167503302,0.0331453398330801,0.0148362716233777,0.0143391014002313,0.0190147586855166,0.0319665566059503,0.0314440221872138,0.7027635617772178,0.0008942070447228,298.96695920731617,55.0190681330757,0.0557387162884221,67.35653209691907,0.0093547238595654,0.0046670385491549,531.8845913230575,0.0542792123795728,1316.8595693479992,0.4033970085265164,0.6812047184885237,38.86902484285143
Run 7728,2.5970380621611087,27.64312427914726,103.84366521425147,1.1088008384175176,1.131234398370429,7.809453069657396,0.8341610892509307,-0.3326053681543094,0.0092640015672424,-0.0012742514984395,1.033579048994164,1.1027081040347346,0.8398014678344242,1.3005643198814465,0.9816544966755462,0.8163851847599313,0.7544332272614396,0.849591303876442,0.9219792785556228,1.2075477083292283,0.0325491955078349,0.0002084038209159,0.0013732233122377,-0.0001747426031213,0.0001097507330593,-0.0002861610318814,0.0015165831819662,0.00111102079803,0.4742211503341067,-0.0393187731053925,-0.0382573148348869,0.1047961404907081,0.0011281244110345,0.1256978823317412,-0.0307213516684929,0.8774659766985566,403.46290375953856,0.0373194951752635,0.0450073512945033,0.0944886316512259,0.2890407575200571,-1.667344014774964e-06,-8.222356208236657e-06,-0.3219795517565427,0.5761402774766965,0.3671459668699139,-0.0166734401477496,-0.0822235620823665,446.931082873,8.44978752056,25955.1801205,5065.28190655,1959.08707434,8.13263908071,598.368278208,11.1606484703,4514.80119198,105.726133023,3.16740847035,12.2745915858,0.00138165404033,0.000712732122741,358.317470043,6.51229323575,326.87113327,6.04163180262,162.265181102,79.648282777,0.632561644614,4.98658919206,267.8085536095392,537.8362257649824,356.11863317325003,28.410058016297704,89.18496410891672,12.938415084340116,0.2892924434596267,9.133944864990962,0.1607902506122603,0.4008210314703279,0.0718949127747338,6.423989618713822,0.5035696762889217,0.0163348130482566,0.0142304440027049,0.0115829128145947,0.0266287048437506,0.0192825415624383,0.0314741044410903,0.7997908162887813,0.0008644707435529,291.6470165480478,59.528113871446095,0.0202309861607514,63.03997028245816,0.0082279736644195,0.0042512562378762,593.8666626398625,0.0569490585091477,1144.857805949283,0.409917518053664,0.669801857707864,49.423496202108055
Run 8301,3.092695080078242,4.451297912333634,53.07843321446299,1.4218560919657777,1.0584999402570294,3.594594718650713,0.8088521245930033,-0.6347651352689669,0.0350870853144151,-0.0031239222492413,1.0243214983635804,1.0860311191178849,0.8309324722323914,0.6903543780385976,1.3439704486288369,0.2390468517834451,0.7961152823223707,1.173396994265192,1.1261133122623683,1.8866880532209147,-0.0621384931382847,0.0002824481501834,0.0012943716670902,-0.0001513785802849,0.0001538893224801,5.511723472769322e-05,0.0016569938678327,0.0009818608735448,0.4948506137598618,-0.0447004655792903,-0.0134380449892952,0.1351868823193653,0.001168910795989,0.1442234162050655,-0.0206381127415568,0.9028228801286232,444.6847117693047,0.0433465450035348,0.0279557920815752,0.0713503780393978,0.3636193367566033,-2.636043448413796e-06,-5.643673280017272e-06,-0.4116744263215061,0.9484293251605715,0.7926163524711143,-0.0263604344841379,-0.0564367328001727,393.154766649,8.50014271421,24640.5407749,7997.73462731,2233.95738927,8.12920125092,597.730811105,11.9702288906,4510.24283163,110.284493371,3.0954894057,8.48551390088,0.0044203578867,0.00121892655926,454.66253023,8.6170468008,181.764349438,4.20078787418,168.747833073,121.468554097,0.610341898329,3.14253955682,305.07977407316804,812.0075212278092,318.0735976079244,16.833298402834664,74.7423208505264,23.25691797947589,1.3635892935252558,11.194051015305543,0.322540679056324,0.4416807809095956,0.0718561306547628,6.4945791774217545,0.6496222601032572,0.0097918428523224,0.0103539136054947,0.026929729715437,0.0151129335443199,0.0324376208153424,0.0312825740088923,0.654449350519883,0.0011645564570894,299.91662165136745,55.23533951118604,0.0610237907348287,65.75557100786973,0.0091194691052558,0.0039667740981696,597.0192465763952,0.0501409127605666,1316.3129689325356,0.336437176004308,0.8035494889609499,38.239092853483065
Run 8791,5.189045546981556,33.51976580423847,97.60066260935324,0.8803876321407615,1.3465998705204214,1.219403694867886,0.5363456795532353,-0.8412393707947073,0.0221936947231052,-0.0005335225654747,1.16831098611584,1.072095045944407,0.9714241735528564,0.2420017131164643,0.8516104278679894,0.7198739150456215,1.9073420719827865,1.087570262089546,0.9986383261489272,1.3000447581654928,0.0018789193022961,0.0003070626150787,0.0017475680841747,-5.9697094673929945e-05,8.103466630815097e-05,0.0005164486612639,0.0009642963665279,0.0011627448645992,0.4902234487116257,-0.0221830601493471,-0.0143312349744274,0.1307034496736112,0.0009993681673207,0.1092223242334395,-0.0281857976861918,0.7663144604869317,433.52884064879487,0.0417663026469964,0.0457969340273789,0.1949821122730647,0.4494494350735244,-1.2794135155053204e-06,-6.222068911046786e-06,-0.0363843358224527,0.9350314753835878,0.729848295430557,-0.0127941351550532,-0.0622206891104678,486.433439068,8.37414584743,22238.0622012,9583.2024434,2877.22552281,8.13876025252,607.214557599,8.55010381349,4534.42763375,86.0996912538,3.14689927314,8.98055410482,0.00653872595001,0.00530900454881,322.77535849,4.49498145728,185.714242292,3.04481614957,165.946211911,113.97031698,0.431517262187,3.51758004783,394.0208730050556,995.3749938291144,379.5498426262584,21.93775644246493,74.11339633605036,14.1404754021001,1.856391451543644,7.904143694062492,0.3034635753246546,0.4091069779663528,0.0825110327618601,5.722692831457316,0.502812297804904,0.0422606157436077,0.0274507825615638,0.0233880759242984,0.0202846371515927,0.0214239362764636,0.0312533236534256,0.7880478592259691,0.0010663035549667,293.9744790438072,56.8820101439626,0.0937709222529358,51.67892164517887,0.0074354544478903,0.0044579915458412,601.5099350154107,0.1644980633570963,1269.4642964137895,0.417238200731635,0.7657763781580966,35.54068465661968
Run 9569,6.801946432918216,10.760408991540237,94.6649640311237,1.352206092309049,1.1400332697408628,1.1431364242330837,0.8837201093318968,-0.3323261664266956,0.0146433911250672,-0.0038357947693635,0.9423024876729884,0.9211360598804006,0.8378392000833007,0.3909757739053326,2.2106343331184872,1.1818461678027747,1.0188031478653463,1.1484755831280269,0.9988751607103008,0.7308056956757549,-0.03038915448441,0.0002765867298937,0.0012956460380202,-0.0001307034611578,0.0001817565662656,-0.0002666819926346,0.0011737350966749,0.0009321518099711,0.4900597528254703,-0.024812055862802,-0.0411379621284914,0.1169955169260114,0.0009434717851259,0.1389281106687654,-0.0114305715450286,0.8890778732460278,466.5388028353543,0.0328724206935808,0.0486768443386038,0.1750093566143279,0.4464678649536951,-3.0088614252167014e-06,-6.242530896816206e-06,-0.0802009310467004,0.5329305680726276,0.5379372369641601,-0.030088614252167,-0.062425308968162,293.682725889,8.41433312096,24970.2967514,7290.08096776,2184.10581199,8.13535446669,574.311242373,9.25967311413,4525.85277309,94.6745519054,2.6805594698,9.12280566909,0.00528913926992,0.00218713028211,328.911963249,5.20116411706,220.116802477,3.81134698156,147.319983957,106.20782844,0.49781423357,3.19926735073,298.80454164197647,765.7290184436645,231.6558045475982,15.725271693274204,81.55022071939689,27.93816016015481,1.0518807297702657,8.762551626423713,0.3133482821642278,0.4070258091937405,0.0684918700712066,6.325153357313005,0.7485545970471235,0.2246890683986014,0.0147666955991704,0.0251975634484597,0.0246721087969183,0.0218371694438991,0.0329889888644219,0.7717804769927934,0.0011724784215907,299.1456328129052,58.55978138087772,0.0841547871571089,54.88395941239903,0.0077734576196205,0.004045538282269,560.1552171150427,0.0646551109668506,1105.1150139797198,0.3526907851499213,0.8069175779811872,33.48567868753426
Run 10276,4.51744210688868,6.858760093160792,20.2180573286211,1.7917574112150998,1.4673022280881949,3.440303984824978,1.3761656459880758,-0.6048266516417702,0.0344359875899871,-0.0006180051158676,1.0463410908511588,0.9993510600112864,1.130313143187581,1.3410124019218332,0.6933854676110092,1.334190937092968,1.0667665073218655,1.036781121885125,1.0445293730288523,1.4885123587497575,0.0256837398476714,0.0001917830500416,0.0012133068580922,2.6887960780693247e-05,0.0001517586822486,6.96728171675427e-05,0.0004112114573038,0.0011568455661299,0.4836982789428606,-0.0435144654183315,-0.0458370028201385,0.1384111439624516,0.0010337498402127,0.1440843007943024,-0.0330273150843591,0.757467254885576,428.3454017736146,0.0385312362743657,0.0279626669698037,0.1230220608248591,0.292224285450961,-1.3236582540256743e-06,-7.037715132142422e-06,-0.3919077569721918,0.4624449576979217,0.8377560154743224,-0.0132365825402567,-0.0703771513214242,87.8789377136,8.46937172661,26818.1227469,6411.56574003,3066.88673416,8.13124722124,572.534896616,8.7821212695,4532.2261306,88.3011943967,2.96173024813,12.9278155687,0.00159554129784,0.000688872644593,377.407395548,5.64692294291,229.641006866,4.00135342397,168.204896765,188.319723749,0.490072402544,3.11495702099,419.0764156109181,660.6285146565756,70.42982633398533,21.272424311466988,73.5337404371328,18.05979100264236,0.7355313307896479,11.18050725227952,0.4417200069854624,0.4066735798884147,0.0709405593242777,5.997109122657003,0.6787760707593322,0.4638860621124128,0.0110855130641175,0.0289618279223844,0.016090452848142,0.0103641062404932,0.0337355117184184,0.7588008901868363,0.0008580197648131,295.1526368654971,55.54745118184622,0.0220895877344056,51.03895530804062,0.0091616091297798,0.0048087343270563,580.3128838324233,0.1092899068036275,946.6729422121148,0.3945767483697775,0.7542497988633972,34.83528833271107
Run 11849,3.6375723321229256,22.010884296650275,74.72481339714744,1.1948194209255845,1.7125993637232344,3.174642506663617,1.161466240436046,-0.340724188210949,0.0274146810249527,-0.0005111139911331,1.0464952618681524,0.9827908039148464,1.144006747057134,1.2037932800280564,0.3778615257086809,0.3292203103425414,1.2895996412787163,1.242341766050499,1.014726506403865,0.8944768920640285,-0.0962054197684436,0.0002459321371545,0.001165645970757,-0.0001286358295954,-1.89001386941784e-05,-0.0002142696037718,0.0011052077748612,0.0011643096240401,0.4823991390206295,-0.0216516357275674,-0.0296695417030626,0.1260322517764379,0.0009101349560791,0.1345621595626779,-0.0321347267240991,0.759997399813241,432.5396340534231,0.0381534939286569,0.0485189967489376,0.136331490401855,0.3999511822005778,-1.2676778196989825e-06,-7.200107622421319e-06,-0.0275272621261233,0.7049568744540609,0.6644515248701311,-0.0126767781969898,-0.0720010762242131,94.7453703024,8.26693881117,22746.2384806,7688.03146686,3499.93987722,8.14986483117,702.454651433,12.4233809737,4519.83275258,100.694572422,2.55449541364,12.3968846703,0.00518046455576,0.00389869585547,382.502763298,6.48350664096,336.87635667,5.82687376669,136.404123145,81.6257728859,0.689906077723,3.73600331806,480.8703628224529,843.2119805492059,72.02181808161873,25.745159557345104,73.56657297393215,19.31697243016305,0.7869075112752327,4.03923586505283,0.2680399157694471,0.4482775187371783,0.0783319403542156,6.485498953278622,0.7117541642275859,0.0133146359670963,0.0204939778974739,0.0141967686958594,0.0253947761892393,0.0231484987844128,0.0333654851515739,0.7476547168042655,0.0009090750879559,293.46415581686,56.58728106893228,0.0905312145018412,66.30980219216684,0.009025478223228,0.0036934223843347,692.4710972796522,0.1364355985537799,1133.0753186056302,0.3022113327445288,0.836832395333854,35.588365558157506
Run 11912,4.151197311593717,16.375050408853184,85.1403270994634,1.1359416812737777,1.451554631117436,0.9518246541165049,0.6228184209869089,-0.644782321262759,0.0105543205905222,-0.0040820474210147,1.3001351348372414,1.0380284258623522,1.1113994076452536,0.5724519890244439,2.341123871391749,0.5232899369721533,0.1729944817798531,1.05836444369264,0.9514122228663172,1.1549154727681434,0.0207240393239254,0.0002798536579488,0.0013383837529868,-9.495449627165292e-05,7.739499438334894e-05,-5.432970459639226e-05,0.0014192498146095,0.0009149563313283,0.4730981820742658,-0.025765808810349,-0.0200233906727026,0.1346099491611609,0.0008725345104069,0.1361942637633496,-0.0201174665029293,0.746106968003234,458.0499613548809,0.0368584038472583,0.0371065637526984,0.1286315528538703,0.3278743016610937,-3.137827515037417e-06,-8.36272724071677e-06,-0.0960968135058181,0.8496491399094608,0.7845392882562532,-0.0313782751503741,-0.0836272724071676,523.596793508,8.46832159399,28566.1047145,3050.116773,2720.8277118,8.13131707512,547.949442087,8.76017846754,4528.62401868,91.903306322,3.14271218443,8.5093899196,0.00506877479364,0.00307251440351,413.827350073,6.40669778295,232.764398406,3.86779444056,152.438961674,68.3014755387,0.637123632137,3.8623772104,371.7965126448486,314.9676982814848,419.5001254674314,10.430566589296582,78.587667027452,28.869407325733995,1.0886222716709084,9.942959803786838,0.3263739849965935,0.4118935587569105,0.0847651157657795,5.939396156730268,0.6366352980301592,0.4940519112898525,0.0228723492490386,0.0158303172327533,0.0222570569762618,0.0244333948544427,0.029727557864688,0.7516788237928184,0.0011277581802002,292.1438867089071,56.660822546228935,0.0793100574317758,51.63570270128072,0.0086987175691698,0.003700724200861,552.0205104791509,0.1009808482493773,1538.2442815365323,0.3252009978548316,0.7495445119470838,38.20544380028196
Run 12145,4.595097487212543,22.253367224133463,135.7570826212078,1.1587822876426477,1.514377824601391,2.4810519581370314,1.5174576766539642,-0.1934255346256664,0.0135793662936112,-0.0021304835434901,0.8966596843224703,0.9916874252176892,1.053329572512805,0.6880507899087298,0.9836242466050577,1.1752274579005348,1.0723451539482125,0.8418134168973084,0.974550614564642,0.0434936751308464,0.0590313687842132,0.0003379349591006,0.0018671741108928,-9.30450867195896e-05,0.000193013486308,0.0004248175268224,0.000845913525516,0.0010512313105049,0.4820075395559252,-0.0223752107705195,-0.0151286236668803,0.1310755729214023,0.0010836771382191,0.1368149639234926,-0.0399212716845547,0.6277998836467261,497.359767074658,0.0375731273751069,0.0353297253447716,0.1675114584497302,0.3324276184774815,-2.115765171212865e-06,-7.249057555509344e-06,-0.0395868461753258,0.923070644996795,0.7350580208996333,-0.0211576517121286,-0.0724905755550934,262.906588631,8.36579797906,22647.9024948,8939.39588316,3374.4413815,8.13951496125,631.933551022,9.69167337203,4526.52865398,93.9986710194,3.17269691958,18.7882028817,0.00716484184503,0.0068935004929,336.933517129,5.17179026363,423.378677657,7.18000283127,210.398625549,193.198716022,0.597196363828,5.40114411642,462.21408467614464,895.272829522688,204.6914825293181,25.491481378584226,52.01504730252599,26.07480643481885,1.629784619675659,9.395442174758628,0.3116748511708065,0.4091043124376848,0.0819176080567824,6.1476402779429415,0.564217455604608,0.2914120409571934,0.025585092867793,0.023713887380359,0.0349812015242023,0.0228804921999583,0.0331153853528913,0.6220324952678555,0.0008858006458255,298.6186163825277,57.2437225021097,0.0808830063328841,57.93211160237459,0.0068068105929413,0.0048743876369349,640.7413409894602,0.1690088384401471,1086.764707042071,0.3098646971303102,0.780515850372628,45.391054258900944
Run 12741,2.457277509964662,6.811124175753649,38.80775545258478,1.5481975799641667,1.6632095113124128,4.529225409701696,0.8232996002851494,-0.3185085117556403,0.025504299723829,-0.0002115132591013,0.9181559887867176,1.0152503328725515,1.0491663813026215,0.8427474913535588,0.1335592113538818,0.876757707223769,0.7877338937709268,0.8498481300340942,0.9461059573028588,1.014235253842995,-0.0361882730897888,0.0003052089471848,0.000949000514432,3.407601194016529e-05,0.0001718816580321,-0.0001768955106825,0.0020189183407069,0.001185230324607,0.4841268755088442,-0.0202654590514908,-0.010688565129753,0.1457779128350442,0.0008158717009351,0.1333356579568837,-0.0115904798564298,0.7638096339020157,428.2098211931653,0.0325647026189698,0.0454958782646938,0.0983837672384417,0.2917552055282727,-1.1107725654469894e-06,-6.98414056139447e-06,-0.0044243175248482,0.989671523053704,0.940890779690619,-0.0111077256544698,-0.0698414056139447,378.861241009,8.29968227839,23696.5814027,8170.71365038,2275.74194642,8.14612760907,625.037700246,10.7717245897,4518.67149842,101.855826581,3.21355530038,6.68047033675,0.00134941104296,0.00101545056051,349.301822173,5.86171103128,156.610930416,2.9884661353,173.105539839,68.0524682791,0.471616819134,2.43745350522,312.32690824627804,845.4151659131013,290.1784254447771,21.90526714942133,65.41947623550983,26.305697756326424,2.7775213032520583,6.090406015838778,0.2281697913708277,0.4432496291403791,0.0892911166382973,6.3539616865658575,0.5154894130254469,0.2312827580351724,0.0282320359492396,0.014537040807413,0.0176495441729359,0.0234541957673651,0.0291454022374721,0.7689333914500007,0.0011059914837607,299.4102043684325,59.20471816387086,0.0187229962621075,62.40963002091524,0.0071968533734332,0.004121289069042,635.32639816398,0.1411726643688561,1418.313288139087,0.3977273782856416,0.6880600508714724,25.809255901220148
Run 13081,2.9356705153088583,3.673299545319554,225.8137291005479,0.8474951947040228,2.21679621228381,4.791473198321584,0.5111262903400385,-0.3105024927147493,0.0270085254514424,-0.0002851233461017,0.9940297161452304,1.0316442763816862,0.9895654436090814,1.8803934560837885,0.4466133900986136,1.028563308362897,0.8898621551710002,0.9872914891075116,0.8882575583267239,0.9113542047389304,-0.0205333678705874,0.0002110409269711,0.0008549167137464,-5.212182650422304e-05,8.8159715936574e-05,0.0001634373832619,0.0017850908168851,0.0011800902350672,0.4579704321595567,-0.0428213069574708,-0.0108072249083964,0.1497844390187611,0.0009787879156305,0.1196435596747163,-0.0145567650550795,0.9049762869101696,447.9241376047407,0.0335742237243614,0.0324244627076461,0.0825131830648484,0.4081965085145806,-1.149323236995679e-06,-1.0253695980055415e-05,-0.3803551159578477,0.9878916263740533,0.9969821462626558,-0.0114932323699567,-0.1025369598005541,514.170106258,8.36411471418,23568.1737943,5883.627859,3602.68982034,8.13966609833,559.887383489,10.3466396815,4516.86109686,103.666228141,3.58896742097,7.34400105665,0.0070519096922,0.00445065744331,413.671954654,7.40993311977,188.884041183,3.52266694423,187.088415849,60.3424390859,0.584112003235,3.46943534173,493.500263390033,635.4985385599837,400.1432695001553,10.444623129547804,86.94400327756553,20.21396596334339,0.3968547543763352,5.844470015258218,0.1307388254373761,0.4156752890272011,0.0785140304424411,6.280782782248375,0.6099473992011226,0.5775243839935424,0.0228324627207261,0.011006074676747,0.0174881758085429,0.015031038331775,0.0286230319879297,0.7637167515699727,0.0010415146306096,299.0479292424565,55.87549561075588,0.0904162791665518,59.180879334554646,0.0086570149449909,0.0045072999747095,561.8836388877281,0.1311824243944847,1479.3005311686084,0.3858396862555564,0.827961668030158,37.92573959176994
Run 13163,2.9963926380808905,23.49023122111676,249.861519107071,0.406472103734192,1.9550320118091769,1.3896860738153736,0.7325119172316736,-0.5899574187907768,0.0180862594797523,-0.0021170400694131,0.8336908082257146,0.8784635586126259,1.1319266771377186,1.4552571517829995,0.6969081761610849,1.0637985625224355,0.4973760480622474,1.250515619785807,1.0313717736758217,1.2818540700225458,-0.0237530123614022,0.0002620849038985,0.0013422978347941,0.0001071355788063,7.758145502683055e-05,-9.840799249233762e-06,0.0004671906207727,0.0010521700495188,0.4861054372740906,-0.0234632594596416,-0.0159782448032288,0.132837520140968,0.0008492604148772,0.1401299145561942,-0.0224477317524608,0.8629930968565076,453.4888998509856,0.0352265675818403,0.0420018500412886,0.1007853835754223,0.4600956115663605,-2.1087246286087785e-06,-6.736820340738672e-06,-0.0577209909940267,0.9103263279515672,0.7597252819735524,-0.0210872462860877,-0.0673682034073867,146.976603723,8.47158074701,24057.289108,7064.49582644,2989.9438723,8.1310937649,671.64511924,8.84123619843,4539.27158524,81.255739758,3.25617299031,14.8793505164,0.00765621084796,0.0030740750246,362.344944353,4.70045387866,391.749852268,5.49279880304,184.075214525,103.697022594,0.669301452774,5.30358010733,408.5443621142115,708.589633689204,117.87134148886668,13.961949860628968,53.83600761676038,27.87123401365587,0.060588422399941,9.809371160830466,0.2180371703955879,0.4285209576981899,0.0637487670452509,5.5568064720695975,0.6732331889905041,0.148760714914199,0.0115064671096868,0.0140387984480842,0.0324231044587124,0.0266893429520018,0.0294006223701339,0.7911607611851603,0.000837414824789,290.29409314160256,57.102209488109615,0.0983176707321661,51.92675945754614,0.0079182063263622,0.0045935321409019,680.4163151363964,0.1095477534699645,1492.5105928087205,0.418111693715262,0.7078652472408625,42.31902083608848
Run 13555,3.3285180332843445,11.895502751309452,311.9849781133261,0.2953916552579558,2.1267993099938187,1.7120744450513603,0.4909783769660076,-0.1188777056552863,0.0273447394065688,-0.0009635055615418,0.98195139332458,1.0768410701333049,1.0773719058102242,0.8467512248988701,1.5223171153353832,1.143411007642267,1.942416819399037,0.7401859170600238,1.0326285504643329,0.9993300644006036,0.0598585111383449,0.0001946320706743,0.0015541894019041,-0.0001432300802164,5.694521532269413e-05,-5.13622771536825e-05,0.0016904256272758,0.0011327197526825,0.4717606580733711,-0.0343072359421438,-0.042407954442947,0.1427884034648924,0.0009387780042671,0.1021973630819128,-0.0480575281326686,0.7032603636761084,489.0515164579585,0.0331788482322045,0.0291900058890114,0.1027824889592999,0.2344531766270315,-1.5046018548808703e-06,-8.529917740828606e-06,-0.2384539323690637,0.513880683355795,0.8990376485084937,-0.0150460185488087,-0.085299177408286,520.431954006,8.49427393752,26353.1896047,5248.18274351,2529.93929862,8.12957685465,603.25977004,11.3778393127,4515.91379717,104.613527827,3.44919689147,11.5394243484,0.00220050406978,0.000684046259751,465.42703971,8.33918777926,298.777253459,5.849124634,153.537094708,117.000092067,0.73635763733,3.72337407449,345.53794771683044,535.9142007994178,420.2759675784157,17.45095585823813,64.73748618443969,19.55591848330669,0.0395052150169079,10.510114840266388,0.2712058731779645,0.440440559542697,0.064804974906318,6.113438118251583,0.6481008807280869,0.263087013080275,0.0117066211271065,0.0273850503139836,0.024754825365531,0.0348472926695086,0.0310998451781374,0.6924824629390938,0.0011635005707865,298.9822151085884,59.44692261804917,0.0334043498649237,62.69321085252878,0.0093352815741983,0.0035811856829449,594.9819985754262,0.0969718136183953,990.0194038113498,0.4096897504076606,0.7845619868975647,38.10720436602775
Run 13638,2.8175531079375062,24.600484240353417,180.5859041255742,0.380291875803913,1.0861614675914049,2.2745094588413206,0.6860400623031351,-0.334570354611932,0.0150461528182721,-0.0033526242638615,1.016733644889512,1.1493437926731218,1.086584218952688,1.185608337606532,1.010467554205768,1.1315336528474538,-0.6372793294695683,0.956580565753132,0.9748433503833148,1.085888338799205,-0.0213914490535405,0.0001844514782425,0.0011011012525149,-0.0001834135591647,0.0001053115361875,-5.552730427641744e-05,0.0010096949756873,0.0009658909313671,0.4773083171901979,-0.0266080601093529,-0.0119873738917544,0.1416687191269737,0.0011675442087561,0.1208069532342487,-0.0106093451396931,0.6892682958343885,419.5711436330855,0.0394998143968937,0.0422501542772887,0.1801803693016299,0.2521593407338842,-2.755818014746021e-06,-7.836460351225253e-06,-0.1101343351558827,0.970189391623683,0.8833620677776319,-0.0275581801474602,-0.0783646035122525,330.040388239,8.40187643355,25125.8030685,7659.31550587,2694.63773409,8.13637148474,629.061494786,12.2483933295,4509.35345871,111.17386629,3.33222721343,10.6017810523,0.00209202524415,0.00153925034277,388.36492631,7.28833711893,269.111648269,5.4847392072,160.210796461,89.3877666661,0.61594256517,3.23991413964,368.7590070637283,780.568400973838,259.4420406787274,24.35947118979067,66.73806100293126,28.392953495774528,1.774771375881802,10.717274518068404,0.439733075539659,0.4179025624338695,0.0780921161252714,6.30194230444844,0.610821822075462,0.2265583289706838,0.0238607357747651,0.0170342194145306,0.0235417319059799,0.0298626237615052,0.0311829599584243,0.6687252790701042,0.0010168908415687,299.89094765791214,58.792892340258206,0.0311320709772263,68.4847770995379,0.0076520226965022,0.0036309304585318,639.4347457296573,0.1452757716537764,1425.3790290015077,0.3755515882076288,0.6649538803275402,33.02671001180949
Run 14035,4.703542594836536,36.61569258446447,107.24018924246477,1.086934582281025,1.2539965636869967,1.4983122335240562,1.067034514617276,-0.6242694441652646,0.0275762409933291,-0.0032735902746512,1.0951153932957431,0.9750069859196376,1.0723454514291932,1.314121658288521,1.1681101773368414,0.4206735570051733,1.2555516218083669,1.0472765380824307,1.0615828296945615,1.563653251086646,0.0496233065222235,0.0002478301842321,0.0012820718470698,3.230073569866705e-06,0.0001238561718727,-1.809601227737409e-05,0.001296471487848,0.0009714097644209,0.4976569692634203,-0.034586299714972,-0.0275912257832485,0.1352327265816939,0.0011229478184324,0.1314181830827444,-0.0207305449904624,0.9129835729461808,489.5529532910232,0.0400390460000762,0.0265368982270797,0.1380216395906841,0.3529786736932678,-2.714426766842546e-06,-5.292878842072459e-06,-0.2431049952495342,0.7361316132512724,0.7932581721437149,-0.0271442676684254,-0.0529287884207245,553.826677512,8.47594843413,25327.6956582,6571.34207998,2201.20428083,8.13079544993,575.079365646,12.3799547611,4504.26100522,116.26631978,3.10313039227,15.0299083069,0.00418444629609,0.00339093533961,409.827201814,8.5112178146,384.463838187,7.91855346606,141.921108961,106.104324192,0.740780674527,1.42091527833,300.74542662584355,664.2566583981725,444.7400563243732,24.77315530410808,79.91270546001611,19.12744323829424,2.566062688253817,11.16421949568304,0.2662142694150356,0.41902057121623,0.0725392070479931,6.381296127135922,0.6528151139879352,0.6909060148462868,0.0213910033369146,0.0173817091758382,0.0264208984210549,0.0172468863359559,0.0314870784884983,0.7821393397182949,0.0008333481746471,293.86771691369273,57.47334457275856,0.070133423561364,67.67017544158222,0.0094783739936813,0.0037624372764056,576.0304294171382,0.1015360033385488,1335.8590498434712,0.4001645157617465,0.7302625329959805,14.68028374168166
Run 14824,2.6490462917885167,14.133395084177804,30.211741698649725,1.452605499575767,1.2703794023435662,3.2295819556768643,0.9277352040853966,-0.6527152124605635,0.0133281580582543,-0.001458962445079,0.867794958448457,1.0915894347790869,0.8734829232441711,0.4402308153826996,3.288164320246493,1.7435867638077176,1.8223405143990816,1.1917191825857385,0.9930724967365177,1.3733458616705665,-0.0836080856266644,0.0002501827783979,0.0015203090407923,-1.970900326060896e-05,9.167537834667875e-05,-5.173579979050192e-05,0.0008124905469433,0.0010981226906726,0.4779806740391956,-0.0329624948411897,-0.0169924922552902,0.1451307322979887,0.0011574260394603,0.1416650753845964,-0.0232010395393244,0.947797738575442,427.1665769821685,0.0429565837428995,0.0465800235446645,0.0825716512881867,0.4134561831144253,-1.7640798199548788e-06,-7.752415745100543e-06,-0.2160415806864954,0.895112616170647,0.9318302521718425,-0.0176407981995487,-0.0775241574510054,593.359056689,8.27211091929,27423.2786331,3738.92603832,3354.42424789,8.14925152474,556.476974977,9.28742979361,4524.71562422,95.8117007817,2.37351399242,7.60273052703,0.00201072800376,0.0011666611676,332.490688955,5.35542594373,177.557555308,3.29508784222,118.431866611,93.7443565803,0.482454855707,3.16897470072,460.79345722661935,400.9436540656691,451.5764386941588,17.596869596156267,86.1074897991357,17.130049638777848,2.839378262895539,4.737982616897531,0.4111778292426297,0.444030960673897,0.0524527426446039,6.178245294136858,0.7589626782574372,0.6508337863275602,0.020027731129705,0.0270475531420958,0.0190003699814506,0.0285404094543084,0.0347226634754787,0.7642206731277414,0.0011975987990805,291.4393415737588,55.027844608949565,0.0399143441572915,54.41504182376295,0.0084095927545459,0.0035095362510705,559.1741770258714,0.1556200568757685,1154.050747856916,0.3610660100557785,0.8032411407628033,37.0030772182548
Run 15282,2.8579160847964418,20.94376086744319,110.0662496628236,0.8287707975882906,1.2994392696271908,2.369058049429676,0.540874544233259,-0.5878732169162965,0.024016806369897,-0.0015811856902009,1.117344562620209,1.0854162146304012,1.0676051523183192,1.3776164046865724,1.6180145161439357,0.6903542837085306,1.5357439081790094,1.0963825143041726,0.987152122195166,1.3909440766683214,0.0663323401775832,0.0002179723355976,0.000994323379142,-8.398282812398811e-05,0.0001969153730648,-0.0002864324286589,0.0007916433992696,0.0010895880122152,0.4865430074338606,-0.0217232569324514,-0.0306186273533181,0.1306855383806203,0.0011224570432096,0.1498215733732486,-0.0419429884979349,0.6714880463585085,460.28949038953175,0.0397110448975859,0.0336881899431104,0.1659467826924029,0.2672728626823185,-1.828089908385897e-06,-6.682124070767421e-06,-0.0287209488741904,0.6907205897002271,0.7295975373286848,-0.0182808990838589,-0.0668212407076742,546.989286705,8.28108446922,21696.7637337,9228.34211098,2834.34285434,8.14820955947,543.514880274,10.0566265738,4514.85893349,105.668391507,2.34673924757,8.29912684729,0.000929764121828,0.000424035798027,308.518449409,5.55048004662,204.117001059,4.05719788081,137.367285111,70.3338300078,0.479135990131,1.08987192767,389.2301246598125,959.2533166829794,417.14046531647153,15.193637529956018,60.80314349096082,23.07447970222113,2.515839247121341,4.682921606979195,0.1467255693048692,0.4076285680930153,0.05025459692917,6.045610986882325,0.7972017227185633,0.2185455118453025,0.0114260055566649,0.0118954421842094,0.0173460720470232,0.0238181939092985,0.0349414232214183,0.7579366687178627,0.0008669215514953,293.6342375495831,56.41683150357124,0.0160261937111265,59.169761538998536,0.0076801052615387,0.0039411467586506,533.5485702496488,0.1066281669378732,1170.5894142415934,0.3180663989271199,0.7032399592507174,12.716929511882036
Run 15559,3.1551268835055044,22.431171358374904,60.754247469459614,1.2920726933051778,1.1239210345193356,4.339355326512098,0.5726897849872012,-0.200633297205385,0.0125858303995494,-0.0029943123377164,0.8807965289962855,0.996998997936606,1.1265878054231149,1.1745005485475324,1.840971507521933,1.121740960187852,0.6827300902642954,0.8649281884270397,0.9015682480590936,1.0511464679117726,-0.0403146745880271,0.0002583245370623,0.001625904017207,-3.069099614525342e-05,0.0001143067089969,-2.28056040562262e-05,0.0003852393087158,0.0009909113525978,0.465986158822565,-0.0288911440600142,-0.0276470134116904,0.1218502728830784,0.0011551749934004,0.1047605374237769,-0.0118838961636465,0.6948696584583258,416.6445283469303,0.037712022119489,0.0275009620992513,0.1894833782885446,0.4061995594351048,-2.568164855516297e-06,-9.251730147179368e-06,-0.1481857343335701,0.7352947988246441,0.6059038203630975,-0.0256816485551629,-0.0925173014717936,180.478937957,8.35717973474,24287.6558666,7978.36352092,3421.48265625,8.14031190403,668.654465122,7.95186682196,4540.22487433,80.3024506722,2.4044932363,10.3159150921,0.00479823433784,0.00478366712224,246.039380655,2.99235776257,248.563509022,3.49804714981,136.222918874,95.5982335998,0.416288376916,3.97398498671,468.767043262515,816.8641489507713,140.20349056412593,25.53512470048052,64.24110602464147,29.06060124145419,2.0610886199366654,9.721394028261155,0.4799564891274225,0.445486145726564,0.0566228743755921,6.155941464012927,0.7692235713223289,0.1626473517208589,0.028688034652295,0.0194152316530229,0.0306256648690451,0.021280811012384,0.0336320130321928,0.7629925758497967,0.0009764649734348,295.4208969652545,57.86703373024224,0.0841852087320845,51.16979104123725,0.0059068856133512,0.003762591311031,666.984834115389,0.1054575239231422,1238.449475455636,0.4239932440939578,0.7578910327145164,32.98096501003381
Run 16573,4.46896135962449,39.277430489182144,390.2020182540369,0.0582724807046469,2.241365376312355,1.5342067370450505,0.4914365412165847,-0.0549550242657975,0.0318996248796657,-0.0022568161193153,1.05849622887571,0.8997396193848898,1.128376704493828,0.4861951609974947,2.5085830161863862,1.238054818252583,1.437845669372198,1.1679202601679413,0.9266644640680708,0.7620540194963505,0.0265947812906268,0.0002476257468923,0.0012549559580137,-6.799799528430853e-05,-3.59933210090581e-05,8.898063522663402e-05,0.0016767265793558,0.0010424096832253,0.4920415411623766,-0.0352503342680166,-0.0201152448439709,0.1229950814729721,0.001003908731986,0.148035342428609,-0.0314737386726286,0.677181985026753,450.99916504433895,0.0400631952872335,0.0292434419795168,0.1382429787884578,0.2734821033049758,-2.181927375810072e-06,-5.994807354702915e-06,-0.2541722378002775,0.8482713273404364,0.6219311406216103,-0.0218192737581007,-0.0599480735470291,507.353106358,8.38986244288,22918.8155169,8630.1169705,3040.38580759,8.13738465805,604.479445553,8.56491866942,4536.73040224,83.7969227585,2.8493589909,9.77998940878,0.00481223238901,0.00283708732864,405.018728051,5.56320447353,255.896068297,3.81992544775,145.720229088,87.0664190683,0.637774223609,3.08429088228,416.1974072508129,863.8254317590048,397.5297116942128,29.86057847483313,61.043358144683225,13.28842050815942,2.328697149575307,9.787905844890162,0.2539133778683148,0.4341834156609971,0.0590256518413822,5.855125958481853,0.787851474157417,0.4405262795958908,0.0204114824027615,0.0195990771661726,0.0229194453289823,0.0221771029703683,0.0309577457244662,0.7500395796019979,0.0010741229409344,296.92945334618685,57.95977152207889,0.0782666000691567,50.13523126855529,0.0087538256444662,0.0036552704202488,607.0703296570252,0.0833131414943339,1083.2522925851958,0.3409851623429499,0.7052093523046539,28.42826040713343
Run 17491,2.547844307533768,18.462789860632853,105.38221188394428,1.4547055826027993,0.6658000737912186,5.029375431862514,0.8762758452741861,-1.2400869721569927,0.0046447395319487,-0.003747473304024,0.8876242131937437,0.9473287815077758,0.9159091614640512,1.226811921989722,2.423852121194919,1.383293156061462,1.855732712287475,0.9792837742873568,1.0595671598652583,1.0376578192581332,0.0029476117850448,0.0002231759592177,0.0011332112174901,-5.783584887018201e-05,0.0001075885769476,0.0002554302771179,0.0003772383063965,0.0009383191745081,0.4953438488222914,-0.0298057137436566,-0.0184197456517983,0.1379984717680089,0.0010443259791385,0.1318031447776708,-0.0131823814026241,0.9115745809270278,425.89149848002864,0.039939979705099,0.0306505591064513,0.0804392786325101,0.4233034451194886,-2.962606191189042e-06,-5.582018897213569e-06,-0.1634285623942775,0.8737038152230253,0.8319786047521247,-0.0296260619118904,-0.0558201889721356,637.042434378,8.34994424049,24697.6012642,6030.11656801,3584.47075702,8.14099485042,503.804730025,10.7671410162,4505.29296296,115.234362039,3.97431013664,17.4354420813,0.00139716809513,0.00133210732524,473.822448835,9.80282584021,462.867796664,9.62397882059,201.749551079,102.715493432,0.869880287842,3.4961104108,491.1959637836063,609.7442695458033,493.96798118856776,23.52116385713299,63.953530937888445,11.932680402546469,2.8575125203370986,7.777957874268637,0.2518105034213356,0.4083317252604247,0.094567382916137,6.023405563667287,0.6518255642574878,0.7175489592658408,0.027390694307941,0.0121128664415271,0.0300778803346415,0.0230369635487681,0.0284077719199788,0.7462124049440999,0.0008250664784065,294.13380532616617,59.93672183139995,0.0166710595592798,61.40559790396879,0.0092536030133082,0.0044728426297958,508.0866212717998,0.1649674512729563,1123.631651466426,0.3339392018061376,0.8408749922622579,32.22920266555241
Run 18115,4.506676368284927,24.8765722451598,193.01547297523507,1.0472758918766496,2.0505799573186447,1.4234625329666022,1.2587480913737197,-0.3332661730553621,0.0031008661468886,-0.0015326284231698,1.1517048316585534,1.1109145687076452,1.0824492299502615,1.0630497456491643,0.9125516827792316,0.3789699640300745,1.8821427992581343,1.111828384449692,0.993921632643838,1.291789436118326,-0.096774110033602,0.000308700186243,0.0016618208781619,-6.644203477329565e-05,0.0001168285135229,4.5507934444678174e-05,0.0008252657827497,0.001092978698336,0.4805447959748581,-0.0200180002371432,-0.0331723312839166,0.1174379192827771,0.0010053992743524,0.1204464169489898,-0.0298302474732789,0.8037386322597735,479.90361731205553,0.04083819009624,0.0337915855758902,0.1728769856719914,0.4397605826379837,-1.802659762479297e-06,-7.431900503142737e-06,-0.0003000039523881,0.6524150307412498,0.5441308699588804,-0.0180265976247929,-0.0743190050314273,390.187801966,8.34112352622,27133.6138812,4170.68624236,3602.06998593,8.14184582431,536.238044428,7.73383457877,4529.75516294,90.7721620608,2.97131517831,9.31941448308,0.00306766197641,0.00202936083491,275.676443992,4.06837862866,190.184500763,3.27279787939,190.329563874,119.884807457,0.365721085104,3.45146000481,493.73104860444727,423.4783786484869,301.8823872432803,19.03288513631463,62.60396076606188,16.588543607552058,2.651540260594654,7.474569623762254,0.3233873907364453,0.4069275370978768,0.0923842999725754,5.552793137569783,0.7057993481709092,0.4554494513702513,0.022270190127357,0.0213263393788018,0.024158778049562,0.0164922065875631,0.0295612780885486,0.7892768813453857,0.0009999541797093,296.96655007935965,57.35860026229589,0.0382299869698691,50.26397100657783,0.0060475899727062,0.0048312671021933,530.0659098344897,0.0794098738765076,1219.486782714705,0.3662059156389006,0.8090975852841756,34.49196774025936
Run 18398,3.1968327040460816,4.360496084973582,238.98436664728496,0.76412488469156,1.8987075290933857,2.3911717800597945,0.9538996124855718,-0.1473167534652879,0.0266094861427117,-0.0028069864388667,0.8704249017836518,1.039474127934303,1.135255468212794,0.6855987972688358,1.8294718830932744,1.194162840750003,-2.4243700399785784,0.849189534225116,0.9758372927433476,1.877210999200028,-0.0292147453819314,0.0002161975629185,0.0010453505081041,1.8825096528404448e-06,-5.924425765799508e-05,6.518223901614748e-05,-4.2639717297123306e-05,0.0010039920584148,0.4782996228610285,-0.029271776999307,-0.0142729927458899,0.1456489265268104,0.0008022430816217,0.1168697989607505,-0.0156569255835499,0.9221215403787718,435.8116868810856,0.0344801154577063,0.0497774293597919,0.138442103663061,0.3485124807066818,-2.47005956188876e-06,-7.712547142371435e-06,-0.1545296166551178,0.9359051088116512,0.9390849713753456,-0.0247005956188876,-0.0771254714237143,620.434697427,8.45015992119,25402.9568774,7536.73504871,2096.68379629,8.13261263984,493.37284872,10.9228569762,4501.25708171,119.270243292,3.24811367953,14.2978413447,0.00517942116498,0.00382247105403,392.226987318,8.4264372801,387.119727467,8.50805094166,192.849131602,97.3980641109,0.719002845041,1.52484667516,286.61592147923227,768.3199729703575,494.4216351006662,20.20097420493737,84.22416241460793,23.94316656354029,2.8210404218809124,10.867606820696082,0.3816440703606981,0.406130049967371,0.0887542698483453,5.5481449472304245,0.6525157724266387,0.240652705720031,0.020285751092577,0.0123183789566731,0.0284767317585925,0.0297520168620809,0.0349692331273379,0.6806048432100255,0.0009606940427241,297.66773583037826,57.97205530989054,0.0642177789002897,62.69346803330784,0.0088817498509996,0.0049606309106398,503.11128461927774,0.1299830924416974,1026.0690421400825,0.395272107625561,0.80777474332987,16.26575274209527
Run 19053,3.927813097705687,28.75688323295281,106.53230322921618,1.21606845539828,0.5548756668551644,2.282418887368291,0.5909337166624828,-1.6476937774118308,0.0108949968721946,-0.0008063090072445,1.2819296055025262,0.9576373575113654,0.9622717955369888,0.5428171884893965,2.7127457072283567,1.0092761632299851,1.351033065871322,1.1581303243706569,1.0082674592514849,1.2793217988086174,-0.0503018269934522,0.0002805058224021,0.0014099234615204,-0.0001278097339938,-4.067097413062979e-05,-0.0002114974140907,0.0016813416221493,0.001143696568461,0.4841545561199095,-0.0230186802827025,-0.0390089719469023,0.131073540442969,0.0008444544478303,0.128133452899935,-0.0197157558551123,0.859326657269566,499.0448264763588,0.0367360032416484,0.0361135152883146,0.0832367033655438,0.2192828945519059,-1.422275736542348e-06,-6.980680485011304e-06,-0.0503113380450425,0.5648654207964654,0.7350295662015667,-0.0142227573654234,-0.069806804850113,307.252563949,8.42542628239,25304.7283943,5989.44224435,1598.23267545,8.13447736694,511.334297816,9.3020081386,4517.37990349,103.147421512,2.80982106862,9.7477771365,0.00351072181695,0.00274383668506,337.024697097,5.93563990625,181.092086508,3.9443197023,170.293083426,144.413521727,0.431933475439,1.42385581503,218.5962215651909,618.5110436787062,243.1143418076581,28.791840081292065,81.08494823909061,27.610264013128702,1.9898096940567849,9.33772146288472,0.1008129680589574,0.4299014931106082,0.0934977857593122,6.429890074884117,0.7338302170799101,0.2023493390435327,0.0246663639548932,0.0272658376240817,0.0172938779167552,0.033302424023493,0.0333377443343072,0.7692112922907492,0.0010574660648395,293.51450637624623,57.58437373404741,0.0487466902383923,55.420264018566414,0.0080044740613666,0.0047337750631598,513.490705277839,0.0925179330390625,977.7499860038356,0.3954082793791242,0.7688226455586764,18.19131708541832
Run 19292,4.739915491792114,4.751070014496138,87.88341437977365,1.187475680763023,1.5644578480686389,2.588015615237911,0.8667345999336482,-0.1976623612546834,0.0093144473565105,-0.0022813934029761,0.922321113417531,1.0931966721227988,0.9045008071495118,1.7217090962108523,0.5551054628775132,0.5303854654368817,1.2769858468284871,1.3990841264216014,0.9901385018976728,1.0543805042894523,-0.0341623161615726,0.0001954055611739,0.000696830723871,-3.4242217112051694e-05,0.000188209783817,-3.2279899288976545e-05,0.0007483151349838,0.0010406934858424,0.4654335384661244,-0.0204767175324256,-0.0315035297149417,0.1478335092716522,0.0011676533049922,0.1498145762689868,-0.0328344580136396,0.632055203097782,470.15082590727496,0.0414485938312759,0.0372414068136913,0.1946438827919066,0.3855517491477017,-2.194798856181513e-06,-9.32080769173445e-06,-0.0079452922070945,0.6774470542758732,0.9696691298031316,-0.0219479885618151,-0.0932080769173445,430.295313069,8.35393061628,24612.9653516,6033.56411105,2812.27850511,8.14061642165,563.30113648,10.1491525424,4511.38023345,109.147091545,2.72662300977,10.2247345533,0.00537878980441,0.00463947314311,265.952902926,4.75262211401,185.082249434,4.15623652406,182.68699673,147.150355964,0.334253403795,3.29866088768,385.3362321312813,648.9125221740037,333.99334095862514,17.073061619805756,89.60203364899087,20.683453369755647,1.0639768788980477,6.23561664386044,0.1896079200292854,0.4472701735866833,0.0795562472798345,6.4905632699880265,0.5809665475972803,0.0888711948751461,0.0271210426519999,0.0258841065902044,0.022436114547274,0.0349688879417409,0.0300489822959679,0.7604568639961613,0.0009536560847474,296.2807593678551,56.09433082148749,0.0698450914437549,62.60889814084365,0.0058176221094943,0.0046369538054524,560.1334341790275,0.100297518604716,1185.4013710298068,0.3769141654299613,0.7018627146352061,37.471889572946
Run 20066,4.095323297386135,5.092391717585487,85.73783745182375,1.6525303504727624,0.7892233574078793,5.238520642629526,1.004196862911282,-0.5338301188035779,0.0326490222415679,-0.0013026799316567,0.8418419590735701,0.9905232413091176,0.923152610184234,1.0771960066398067,1.6471112787712865,0.4827876223009499,0.2429585847858911,0.7201170663568762,0.9526368040061404,1.1665771086794925,-0.007789658280365,0.000183332620149,0.001320909992767,-5.0612535095771535e-05,0.0001354976984378,-0.0001338716228884,0.0013787593972631,0.0011090356802537,0.4688248521200145,-0.0314874319676427,-0.0132234112131121,0.1198591086556228,0.001049751465049,0.1447247951012947,-0.0385061091313904,0.8356237760026535,423.1081506685879,0.0425727734348845,0.0331820324254404,0.196390020997924,0.3280064850871,-1.6822323980965674e-06,-8.896893484998188e-06,-0.1914571994607131,0.951648831803318,0.5780275211787191,-0.0168223239809656,-0.0889689348499818,87.8789377136,8.46937172661,26818.1227469,6411.56574003,3066.88673416,8.13124722124,572.534896616,8.7821212695,4532.2261306,88.3011943967,2.96173024813,12.9278155687,0.00159554129784,0.000688872644593,377.407395548,5.64692294291,229.641006866,4.00135342397,168.204896765,188.319723749,0.490072402544,3.11495702099,419.0764156109181,660.6285146565756,70.42982633398533,21.272424311466988,73.5337404371328,18.05979100264236,0.7355313307896479,11.18050725227952,0.4417200069854624,0.4066735798884147,0.0709405593242777,5.997109122657003,0.6787760707593322,0.4638860621124128,0.0110855130641175,0.0289618279223844,0.016090452848142,0.0103641062404932,0.0337355117184184,0.7588008901868363,0.0008580197648131,295.1526368654971,55.54745118184622,0.0220895877344056,51.03895530804062,0.0091616091297798,0.0048087343270563,580.3128838324233,0.1092899068036275,946.6729422121148,0.3945767483697775,0.7542497988633972,34.83528833271107
Run 20338,3.833393728988451,6.007691928981742,128.633417851345,0.8106028575693277,1.83082717168579,0.828770953850146,0.8944183004094719,-0.2530694765960266,0.0152207822017654,-0.0015849940599188,0.976965790078054,1.0033648681976046,0.7736749173866522,1.4844780996752305,0.126270561697721,1.0102746511283818,-0.3578506814456844,0.8732194128364479,1.0858920254445823,1.5143931714902008,-0.0057466506361921,0.0001790822851371,0.0017962103670428,-0.0001010487087549,0.0002407736418289,0.000177523995845,0.0010089121698089,0.0010893220790782,0.4561359352588923,-0.0261327318621294,-0.0487306568879072,0.1281704810739996,0.0011458197752294,0.1287774297450986,-0.040697890219411,0.8844162296128997,405.56257301528206,0.0453373119081876,0.0454061801669983,0.0857998514169128,0.2293308956016459,-1.830084406913395e-06,-1.0483008092638457e-05,-0.1022121977021567,0.4190401466813909,0.6943867350359947,-0.0183008440691339,-0.1048300809263845,293.682725889,8.41433312096,24970.2967514,7290.08096776,2184.10581199,8.13535446669,574.311242373,9.25967311413,4525.85277309,94.6745519054,2.6805594698,9.12280566909,0.00528913926992,0.00218713028211,328.911963249,5.20116411706,220.116802477,3.81134698156,147.319983957,106.20782844,0.49781423357,3.19926735073,298.80454164197647,765.7290184436645,231.6558045475982,15.725271693274204,81.55022071939689,27.93816016015481,1.0518807297702657,8.762551626423713,0.3133482821642278,0.4070258091937405,0.0684918700712066,6.325153357313005,0.7485545970471235,0.2246890683986014,0.0147666955991704,0.0251975634484597,0.0246721087969183,0.0218371694438991,0.0329889888644219,0.7717804769927934,0.0011724784215907,299.1456328129052,58.55978138087772,0.0841547871571089,54.88395941239903,0.0077734576196205,0.004045538282269,560.1552171150427,0.0646551109668506,1105.1150139797198,0.3526907851499213,0.8069175779811872,33.48567868753426
Run 20958,5.219282436165978,25.618301097388645,148.01540596086798,1.0155999508000408,0.8572342473038753,3.701337403459996,0.7268677670192408,-0.9284163782956169,0.0001135722950498,-0.0055843092969735,0.9516319798461674,1.071403833432162,0.8852428634647409,1.0602387348279052,0.3694004658367683,1.150220709959559,1.693006278702849,0.9930929929118392,0.9776183651128728,1.3846776280247142,0.0621621786041697,0.0002282296339661,0.0006787631238974,-2.485168682348153e-05,9.349222428334616e-05,1.3139855225529662e-05,0.0008150426778567,0.0008100554832332,0.4908695005609597,-0.0496207032314991,-0.0331319887639014,0.1498207975851641,0.0011840727064872,0.1354772672475733,-0.0262662708212724,0.8084442278427866,410.0669801333007,0.0376908908819379,0.0410921007993262,0.0571846466883648,0.3465254950164332,-3.9245838757506174e-06,-6.141312429880033e-06,-0.4936783871916519,0.6530201685414783,0.997491166192298,-0.0392458387575061,-0.0614131242988003,454.198737775,8.59165180425,26616.9886563,3800.56967633,1074.31702013,8.12402804444,506.026499314,9.86658102622,4509.36372202,111.163602977,3.46998287248,9.50583157019,0.0040610774859,0.00315602154207,360.087131632,6.86158182525,165.134455002,3.87455555941,186.617488841,145.67696343,0.432261408735,3.18902561468,146.49558551277073,387.4586718830879,378.7803471434191,21.27490082116672,88.56812510359332,28.15252208448636,1.4297399857786386,11.867865315010633,0.1096327963821362,0.4087700933840276,0.0713546367542576,6.1556876173965005,0.6236327817730148,0.1175970179469697,0.0270712484458886,0.0278779581407192,0.0163585071005262,0.0256830939058589,0.02979526213754,0.7215882402924472,0.0010481083387307,293.1012862194441,58.51341010475473,0.0515142493219313,59.37740224820041,0.0071502551397283,0.0043373594353838,514.130717874793,0.151342530332698,979.597207347884,0.3731041249672173,0.7510324992561921,39.15273540409481
Run 21037,4.192958719290802,26.20915155609344,35.71093821490753,1.287257460355443,1.7146148615857215,1.995047118333388,1.211456809353353,-0.0117734863604807,0.0231931806647726,-0.0048054458865962,0.9784806697558928,1.0124325642147185,1.260300840931527,0.3182853557049084,1.220596334573317,0.5593839676613925,0.94323077413018,1.0464390500410023,1.0718685455888992,0.7142945612487266,-0.0186574040916512,0.0001861180944268,0.0009929508143461,-3.8699717982602086e-05,5.448923850977589e-05,-0.0001679556229013,0.0011203074892874,0.0008644424270852,0.4307171514373611,-0.02305315722001,-0.0198994568940403,0.1497409716320842,0.0010746656892063,0.1471087105127311,-0.0258676701380805,0.6310001357406553,422.8670389069249,0.0434031555860517,0.0302392669324714,0.1582320493215321,0.2156603203500492,-3.5166817968604103e-06,-1.3660356070329856e-05,-0.0508859536668342,0.8515081465893943,0.9963736028491796,-0.0351668179686041,-0.1366035607032985,222.360154083,8.51796210354,27060.0136087,3224.79147546,3639.86373444,8.12808345677,525.371284328,11.6357347157,4500.98643993,119.540885068,3.23171429392,10.3126931753,0.003041143667,0.00180751737172,470.579337322,9.98220995278,212.61551972,5.16882319717,184.290932185,142.482397014,0.637595156019,2.72776083864,496.9166874913528,325.3744854785029,180.91229163502945,16.18431759278539,73.30519756462883,13.915816311593447,1.3678924775029162,10.375122425097478,0.2076873786558128,0.4497699868370069,0.0978887912611222,6.276366919590935,0.5620717268199984,0.5005096286113655,0.0203159643914207,0.0265677083583201,0.0158675761492798,0.0240738815895435,0.0321167552366322,0.6020928819753698,0.0010990726018216,290.36693457170946,55.55415467731597,0.0388525425761194,65.57246260246696,0.0089373760666324,0.0040892511177301,533.1428017607182,0.0668744335499827,1297.5506960565688,0.3366659478694057,0.7010382061988978,33.59874476289917
Run 23839,4.946401488759413,12.104174065984491,107.88272550334246,1.4379160908690485,0.8484095708417483,3.1371751079586745,0.7845508031292887,-0.4085944609291385,0.0345519830020466,-0.0006961335289693,0.842029769819588,0.9334214361818896,1.0127977526282388,1.271188296985271,1.8130180240375084,1.385471058673649,0.8530224036928719,1.3213101650463883,0.9745181555252166,0.8642176446682543,-0.0613966079835851,0.0001980747383238,0.0008700531574739,-1.559995061898572e-05,0.0001627175829864,-0.0002567423246403,0.0005603551361381,0.0011513899681906,0.4752027767893133,-0.02399904087126,-0.0453356867577618,0.1358443046212487,0.0009288822040431,0.1328612589704768,-0.0137291107851114,0.8975522083256607,435.5996821415986,0.0451495830511089,0.0455195481387107,0.1710215771486925,0.2650495704915854,-1.3645752385700436e-06,-8.099652901335838e-06,-0.0666506811876674,0.4699646986335719,0.8018202646974817,-0.0136457523857004,-0.0809965290133583,262.901546885,8.33958940224,24562.3305006,6361.89380356,3369.9681287,8.14199672094,683.792049956,9.32070666529,4536.26279833,84.2645266699,3.09216074943,6.78665292948,0.00346577535,0.00118628352085,350.21049922,4.72237898852,186.252514751,2.62054386945,178.526371436,58.046307445,0.510804075273,1.33254821428,461.9376350282609,674.7612257614038,203.3248241041355,21.2680154596574,71.76627815710563,27.28848249644613,1.0549789967931005,7.076745432900252,0.3280453091746976,0.4344589968583026,0.0761057188285988,5.870695506769647,0.7170316202141953,0.7345816644498138,0.0122436547322455,0.0109678580683143,0.0199095032482936,0.0103959983854162,0.0326208647820641,0.7061642571566421,0.0011584176542867,291.86345528827763,56.21792768102105,0.0460706487559313,54.46797422626069,0.0076287990788386,0.0044820289398602,686.7935248019396,0.1359018173834119,1331.733892331468,0.4169878728660738,0.7867539087475891,12.043951535268782
Run 24556,3.836034216459849,15.78631582880605,148.04595460751773,1.2315924084994754,1.071891297381319,4.0872381669987865,0.9491340757050356,-0.0747185087770621,0.020813626789057,-0.0032836504464201,0.8100225620100323,0.9639461292016668,0.8937647525861144,0.8161980780161736,0.3943449747663557,1.571571237692047,-1.0140466391681384,1.1330507202542566,0.9562498677222144,0.5892928931127772,0.0219690358694824,0.0002699617150846,0.0015856774136617,-0.0001267440076911,2.452418634273928e-05,-0.0003184615612938,0.0015266158063259,0.0009707072766807,0.4852717427887608,-0.0232113212357132,-0.0480233647985127,0.148723685066072,0.0009386852492996,0.1284282853057972,-0.0153507356239149,0.805832008043688,436.3439153121155,0.0357069259569765,0.0460727387535718,0.1357448534031574,0.3888032114082361,-2.719695424894589e-06,-6.841032151404902e-06,-0.0535220205952212,0.4296495280223088,0.9821315909250086,-0.0271969542489458,-0.068410321514049,522.508261538,8.48144522707,27418.2479722,6761.32740763,2094.620371,8.13042460312,682.268899785,10.6983913023,4521.5512135,98.9761115019,2.7195689498,8.67912039651,0.00505916928412,0.00491826763658,258.217673004,4.02419476894,177.106534917,3.37244768592,173.039020623,111.553763867,0.345354985525,4.58741652745,286.1524090536677,702.8667216995877,420.2915324022055,11.052459476026147,77.16100616940786,26.12059773934484,0.3309403248048205,11.475067893760192,0.4586499196662541,0.4196191103210001,0.054949399038454,5.743943218276206,0.6709105857678899,0.6712764919126614,0.0297482591664395,0.0200144161083575,0.0218027106306714,0.0290316067583496,0.0349512120000739,0.679055633328446,0.0010791154591825,298.6218719403838,55.59940904973581,0.0699922366721771,64.01732455203299,0.0059524315621142,0.0046127436898511,684.9404700780308,0.0908417895470239,891.0246911579384,0.4450459575444243,0.6833395270320357,45.84552631577122
Run 24935,4.720122627622462,15.847124616561644,62.897938944037946,1.5311129503947116,2.217055112898408,2.6755197299446123,1.4021321856407094,-1.2425725221413173,0.001742640664661,-0.0001372705640533,0.8399637325176932,1.001122253108277,1.1296840656883718,1.0190377322520927,0.7746730931924051,1.1466984991024631,1.2394445524013746,1.06474669434188,0.8782895924723525,0.9559809289311204,0.0702202776662421,0.0002524680181984,0.0013547954267994,-7.901445768009452e-05,6.346775458304445e-05,0.0001548690539187,0.0019713386410624,0.001190414588283,0.4734292391609971,-0.0235776155329079,-0.0380112097704562,0.1469768161262395,0.0009633634473696,0.1455345835818441,-0.0183624765554355,0.6769965092542105,461.6642584635189,0.0373367879862788,0.0396971203202857,0.0963025510284033,0.340434016042736,-1.0718905878768368e-06,-8.321345104875365e-06,-0.0596269255484657,0.5798318534431569,0.957675425767354,-0.0107189058787683,-0.0832134510487536,66.2576023505,8.30051712727,23554.6016639,8707.79573935,2865.56614915,8.14603560997,524.506279371,8.78930491837,4518.13526709,102.39205791,2.70707675372,10.5662245473,0.00233783574324,0.000932201384095,265.600433927,4.4447409408,187.897993657,3.94530745579,142.320961201,154.61802059,0.340522770284,3.64250290293,393.2647453347227,928.151083110938,50.75821162161181,10.70830532237416,81.7516144308924,18.21032637660752,2.29562067073465,5.244487871966718,0.3336752146635492,0.4441205271522178,0.0963539176888116,5.551093898314647,0.6728040426602178,0.2705152612577207,0.0105170510756213,0.0288414261192665,0.0189478278223599,0.0263169511239621,0.0345033714284038,0.6934306919935824,0.0009009236968408,293.17359084682295,58.57227258391523,0.0381683568293125,55.96052701297031,0.0058868271539676,0.0036935988895881,530.2688427192893,0.1191137938634342,1502.7136102367526,0.4447678084754227,0.7205163862858203,40.6905675485496
Run 26235,3.8893620721894018,6.676094109684285,143.61839550851016,0.9575487748763056,1.1058575142244105,2.6356431297744325,0.7841154842097493,-1.156222229489911,0.0120157473909168,-0.0015991740424501,0.8683702910929395,1.0632485954597726,1.0719532116568362,1.9402804190613483,1.7379913064998775,0.2772802116504881,1.0411759374575476,0.8974350155977779,1.0000997276481312,1.0381336002991672,0.0713842776071309,0.0002279239988877,0.0010869333609446,-6.579874536051433e-05,-1.735584147789354e-07,0.0002473743147689,0.0016372746138234,0.0010883319107079,0.4585060722009386,-0.0211852867665637,-0.0122797669740739,0.1491262351490904,0.001086544086071,0.1311706206990211,-0.0350513735933734,0.6749455223876124,470.4147803965362,0.0369175849187929,0.043985023749291,0.1428196989741636,0.3157942235508129,-1.8375106696907376e-06,-1.0186740974882668e-05,-0.0197547794427295,0.9658034953888912,0.9877672920872668,-0.0183751066969073,-0.1018674097488266,617.542493546,8.2821619054,25569.2644532,4786.67874986,3606.6481947,8.14808615196,547.238449975,9.90224143256,4512.21406481,108.313260191,2.57612265613,10.0162632341,0.00545373478844,0.0046709122907,268.149713007,4.83939994922,258.542825477,5.08175191413,168.137359006,89.4562420526,0.458225976668,1.03758615919,495.26992451078456,518.5348627090954,471.0618857541626,27.19102960576468,77.58871249642674,18.125130067437848,1.3937041733123263,5.085920068666656,0.3897861868494044,0.4194696395396436,0.0760905933169386,5.942959189860174,0.7523601543677096,0.3146403592726702,0.0281996509411345,0.0168127170607668,0.0331427781185497,0.0323021931734378,0.0332310377696523,0.7117493590244656,0.0011036454263065,290.0963572434725,56.18130210544188,0.0777461795450126,60.94970674088612,0.0060928331058682,0.004347117224726,554.9269981618959,0.1045039563167647,1163.726463020644,0.3377259462253743,0.8128785488509048,10.573328999446884
Run 26982,2.650280361281114,39.02120488661102,49.88074130978972,1.3480829900100455,0.8759240019875082,4.174930321102481,1.065239742597182,-2.199630715860696,0.00359915926759,-0.0014034127185924,1.033559276062116,0.9372925565605904,0.971735812504873,1.440790417453593,1.0085796165079546,0.9928078952552007,0.6196015010625727,1.2019396380309937,0.9440266731672324,1.0912743661854238,-0.0088391388451176,0.000199742070865,0.0018631490885209,-3.105102464426714e-05,7.372545698222275e-05,0.0001323069246306,0.0020449513657054,0.0011020016504686,0.3920302179594216,-0.0236175303558151,-0.0144698288422929,0.1347845485222392,0.0010556019254389,0.1443550258230355,-0.018872662653935,0.8155039098070986,402.5200283848668,0.0378708857824954,0.0343062141475708,0.1809749129829576,0.2056064393023754,-1.734987621484922e-06,-1.8496222755072296e-05,-0.0602921725969196,0.9329525673656066,0.7869836793113498,-0.0173498762148492,-0.1849622275507229,332.441286722,8.55231586948,21913.4432195,9139.57659747,1725.6818341,8.12609696367,567.321994619,8.24907435526,4528.98452469,91.5428003079,4.19247089322,9.3386423027,0.00665864813759,0.00418160885489,380.196378122,5.59088460927,161.771203945,3.0158584409,249.623242577,148.578731842,0.426808239344,4.75601926858,235.45655476718463,940.0144509961112,273.5303033632018,21.04002403573452,87.95967608231396,16.016792264473786,1.1501996095540146,10.795126209930002,0.1013243409416275,0.4223807911044215,0.0995985713260043,5.72626179365178,0.6719377398875105,0.0487614576601884,0.0247628284965098,0.0241289858683428,0.0172253291552404,0.0201564916011294,0.0276802793742227,0.6075173412627513,0.0011010372270174,299.1994882883487,59.02864208596882,0.063233270358148,52.62161314414006,0.0061021455293821,0.004681643024778,571.5606793877216,0.0843745099634229,1205.4842675530872,0.4080362181364953,0.683637640316511,44.76050186882162
Run 28188,3.540589011144887,6.949175420098557,94.2115073665838,1.2012767518194258,1.213594231375681,2.0038358785939825,0.852503433012701,-0.5612968128775041,0.0254716225660071,-0.0050039726931523,1.2218421286651533,1.0160172795864122,0.8479733215974391,1.574913859603079,1.6478202633508623,0.2161026265837121,0.0551886177153707,1.1306142254170934,1.0418195190433677,0.8867526176249071,-0.0674373905344055,0.0002358116054905,0.001571919470018,-3.656754304745327e-06,3.394900524926693e-05,0.0001667071336431,0.0017063957411661,0.0008505795775311,0.4548227650104804,-0.0265266444835831,-0.032228110093859,0.1333791273342046,0.0011624833212248,0.1228828392106196,-0.0244887777494847,0.717901645567681,449.0509310992914,0.0407588161748213,0.0307376114043614,0.0650218340752446,0.2371220675096793,-3.6206531685164735e-06,-1.064715437368995e-05,-0.1087774080597195,0.6665783485921141,0.7673077826788647,-0.0362065316851647,-0.1064715437368995,620.434697427,8.45015992119,25402.9568774,7536.73504871,2096.68379629,8.13261263984,493.37284872,10.9228569762,4501.25708171,119.270243292,3.24811367953,14.2978413447,0.00517942116498,0.00382247105403,392.226987318,8.4264372801,387.119727467,8.50805094166,192.849131602,97.3980641109,0.719002845041,1.52484667516,286.61592147923227,768.3199729703575,494.4216351006662,20.20097420493737,84.22416241460793,23.94316656354029,2.8210404218809124,10.867606820696082,0.3816440703606981,0.406130049967371,0.0887542698483453,5.5481449472304245,0.6525157724266387,0.240652705720031,0.020285751092577,0.0123183789566731,0.0284767317585925,0.0297520168620809,0.0349692331273379,0.6806048432100255,0.0009606940427241,297.66773583037826,57.97205530989054,0.0642177789002897,62.69346803330784,0.0088817498509996,0.0049606309106398,503.11128461927774,0.1299830924416974,1026.0690421400825,0.395272107625561,0.80777474332987,16.26575274209527
Run 29266,6.68023927599754,23.39004481045077,39.11499031679055,1.9383405654448007,1.2550134071788628,2.594395329141044,1.2651437438098383,-0.2906050711066867,0.0138592108568999,-0.0023148628781812,0.8699661705325972,0.9784119572733292,1.029836661823046,1.864701903688884,1.7485316118932317,1.4297111132331186,0.5126286576794886,0.8587777854168057,0.9457898739393502,0.7122252375668874,-0.024154454131805,0.0002204791528047,0.0013547453674537,-0.000142715947935,3.2560514185892066e-05,0.0002388049898115,0.0016249218265671,0.0010383563591467,0.4978629512933152,-0.0275139098612637,-0.0364892157206716,0.1158530141876211,0.001044916880318,0.1251382384631593,-0.0136107692979929,0.69983109864471,441.40580854355005,0.0445546358291516,0.0376022977933203,0.1715437655856858,0.3816865250686002,-2.212327306399674e-06,-5.2671310883356e-06,-0.1252318310210625,0.6026617641899261,0.5219421986266963,-0.0221232730639967,-0.052671310883356,446.931082873,8.44978752056,25955.1801205,5065.28190655,1959.08707434,8.13263908071,598.368278208,11.1606484703,4514.80119198,105.726133023,3.16740847035,12.2745915858,0.00138165404033,0.000712732122741,358.317470043,6.51229323575,326.87113327,6.04163180262,162.265181102,79.648282777,0.632561644614,4.98658919206,267.8085536095392,537.8362257649824,356.11863317325003,28.410058016297704,89.18496410891672,12.938415084340116,0.2892924434596267,9.133944864990962,0.1607902506122603,0.4008210314703279,0.0718949127747338,6.423989618713822,0.5035696762889217,0.0163348130482566,0.0142304440027049,0.0115829128145947,0.0266287048437506,0.0192825415624383,0.0314741044410903,0.7997908162887813,0.0008644707435529,291.6470165480478,59.528113871446095,0.0202309861607514,63.03997028245816,0.0082279736644195,0.0042512562378762,593.8666626398625,0.0569490585091477,1144.857805949283,0.409917518053664,0.669801857707864,49.423496202108055
Run 30976,4.331326230105661,9.880812418427393,107.84428140685372,1.312815705171675,1.133745046440949,1.3079935838943528,0.59852003378037,-0.5849095426246405,0.0174289268204881,-0.0045740090481654,0.9721310056017732,0.9782661456297576,0.99483468545276,1.4560510479760265,0.8969857279570099,0.3400225637197307,1.8366694954394485,0.8964740628587138,1.1114721363004822,0.9935198491580356,0.0302869067225763,0.0001940754447564,0.001470828367079,-8.756127771634764e-05,6.888991036625024e-05,2.347712425793473e-05,0.0017165156105543,0.0008806033381889,0.4767686467516082,-0.0359538141833941,-0.0125294288103349,0.1345577405147092,0.0010349628006222,0.104037345536925,-0.0487434499405067,0.944502531941709,450.487644103223,0.0395584573989405,0.0328644940745521,0.15546150123023,0.2416504463750833,-3.395474963582667e-06,-7.90391915604897e-06,-0.2658969030565691,0.9620585678449752,0.78380836720593,-0.0339547496358266,-0.0790391915604897,616.429722049,8.40387265869,27698.3655956,3778.09216696,3359.27376842,8.13620615525,532.626593986,9.34921746981,4513.35278738,107.174537618,3.09751688387,9.53633287621,0.00258032658019,0.00223291841453,259.669883473,4.62644589017,237.792736416,4.57430033981,166.388346873,86.0034024034,0.419939442288,4.62784109976,459.691749762744,395.1796095031388,484.83515781860007,21.87007963744592,81.9699527371794,26.42224173253953,1.5521826058917298,9.7924411652222,0.4376661896082752,0.4059319747061646,0.0899325576379198,6.150905412797214,0.753696120799965,0.0454012882746914,0.0286578858097752,0.0164939254474383,0.0318271075342614,0.022216491687485,0.0330870115328801,0.6895501978015293,0.0011059774125277,297.64532008650485,57.96298235845138,0.0371910374120451,59.22261247382883,0.005647850157356,0.0041228772896548,537.6128283229117,0.1886273252200852,988.813126280172,0.4406620149214152,0.6504761919216945,46.15313250681743
Run 32488,5.320810323710536,20.695772710619664,90.06310953648911,0.8447657573128597,1.2959168755309758,1.7844579160019447,0.7132051192830319,-7.755192034696089,0.0005479573386621,-0.000750695080974,1.105767766823437,0.9555749235888474,0.924659772533281,0.572818342879653,0.0769407693006247,1.1846898343513752,2.1427753418845064,1.1896509262647152,0.9917843952465965,1.3518209240075278,-0.0414094365352664,0.0002056674403857,0.0010440340734488,-2.0814746038525025e-05,0.000283436983599,-7.034797218047527e-05,0.0010665379055415,0.0011475800112382,0.4544228711288354,-0.0293096599341967,-0.0390730585842892,0.1385952605459009,0.0010520410108429,0.1375095776078147,-0.0131452720639284,0.6026514940569022,400.9914548717117,0.0362294372035993,0.0474491415350945,0.1835667229426731,0.2493139930760306,-1.3931499157132917e-06,-1.0697141108895576e-05,-0.1551609989032792,0.563904121235661,0.8403336476426133,-0.0139314991571329,-0.1069714110889557,353.367361601,8.43088946665,27649.259664,3771.23215942,2257.55769306,8.13405369622,652.551686654,12.4699858964,4514.16348043,106.36384457,3.37312649283,10.2952484248,0.00385218822075,0.00130231865787,406.193720477,7.40325834427,314.713219651,5.81499182502,149.730109986,58.7806909391,0.713533635317,1.71799453642,308.7365133718829,388.7765171719663,280.03619927726083,18.83518099070043,75.74425064183107,25.353770580892565,1.5047530096367996,9.134510682220416,0.2337654069562436,0.4152336546163691,0.0706582769966336,5.7576153889495005,0.6522247549078843,0.4185741074258452,0.0124973988923324,0.0123151974214851,0.0296050951553111,0.0338651052177842,0.0306540879500201,0.7843438407448066,0.0011266741625907,299.9171060939545,57.55365416186732,0.0609650453612343,66.99866621176426,0.0092598016478879,0.0038865292301198,643.5754920396527,0.1897909153594644,1184.732925179001,0.4275903780736115,0.7268689356399618,17.206550598876657
Run 35140,6.3712559925548895,13.424140164117208,134.41951683917858,1.0332841055774151,0.996038001368496,1.8464770566509048,0.9224474076854802,-0.331082477047855,0.0373672877785659,-0.0006235596066938,1.0754253578359785,0.9814671453717498,1.195065406237954,0.6661225520498137,0.7209177418582888,0.9730843431817748,1.778286694648859,0.6961444620148711,0.9139109480799296,0.7339908533603814,-0.0596543552143694,0.0001439432618156,0.001256858986803,-8.214747113610958e-05,0.0001580638183135,1.986287039848408e-06,0.0012588621067631,0.0011564577037952,0.4872180021336253,-0.0346836996063876,-0.0189970925834989,0.1354385925463159,0.0010091954399158,0.1043777386217652,-0.0365182232656318,0.9352332081181584,494.6389328416854,0.0339456686037611,0.0487121769182426,0.1976177529546725,0.2625048834351468,-1.3265672215352792e-06,-6.597749733296833e-06,-0.2447283267731268,0.8650436112475166,0.7961402956484234,-0.0132656722153527,-0.0659774973329683,446.931082873,8.44978752056,25955.1801205,5065.28190655,1959.08707434,8.13263908071,598.368278208,11.1606484703,4514.80119198,105.726133023,3.16740847035,12.2745915858,0.00138165404033,0.000712732122741,358.317470043,6.51229323575,326.87113327,6.04163180262,162.265181102,79.648282777,0.632561644614,4.98658919206,267.8085536095392,537.8362257649824,356.11863317325003,28.410058016297704,89.18496410891672,12.938415084340116,0.2892924434596267,9.133944864990962,0.1607902506122603,0.4008210314703279,0.0718949127747338,6.423989618713822,0.5035696762889217,0.0163348130482566,0.0142304440027049,0.0115829128145947,0.0266287048437506,0.0192825415624383,0.0314741044410903,0.7997908162887813,0.0008644707435529,291.6470165480478,59.528113871446095,0.0202309861607514,63.03997028245816,0.0082279736644195,0.0042512562378762,593.8666626398625,0.0569490585091477,1144.857805949283,0.409917518053664,0.669801857707864,49.423496202108055
Run 35922,4.40083523613619,14.156232861012402,162.99201970179166,0.6126771169101899,1.2541823168573294,2.0903032169835942,0.3878624349855993,-0.2875563260546181,0.039119589047811,-0.0028988688175289,0.957179877761802,0.9933129539982148,0.95984064253158,1.6562363084668612,1.08274852165368,1.051800144276665,0.1893282443983476,1.191945824547738,0.9741603204111224,1.1896175102010942,0.0093376863966674,0.0002619738547336,0.001259292837656,-0.0001383473227397,0.0001948640606065,-0.0001934563776257,0.0010233403658688,0.0009975760402751,0.4563445338177493,-0.0324283765459106,-0.0251599260832204,0.1401796533111581,0.0011400687670233,0.1038665997123786,-0.0260149086842862,0.6766178430898677,465.87546354901895,0.0400868110354933,0.0296484944796661,0.1603648582186518,0.3793690984651001,-2.518179697936158e-06,-1.0456933272781328e-05,-0.2071396090985112,0.7726011087516929,0.8625151463562133,-0.0251817969793615,-0.1045693327278132,346.835670894,8.453505376,26706.1693137,6825.13295933,2077.02187115,8.13236965984,580.825258847,9.28391266863,4528.73258842,91.7947365778,3.47468599981,13.7897201344,0.00678994014376,0.00655124207527,425.49448647,6.6128206871,398.153906383,6.35362485772,171.991786465,76.1380423535,0.786095041215,4.18982624541,283.90813093263966,715.6627351977698,276.66276087624465,18.859186660764067,75.40675733758266,21.21115404863074,0.0382897170138618,10.384973197798486,0.4232536197301453,0.4046935146185654,0.0541509857461785,5.509735124700082,0.7212011539971455,0.0788506785733587,0.0295543066660866,0.0114462335023484,0.0303855399010068,0.0265824932186984,0.0329249273752535,0.6610259487429803,0.0010188286753188,298.8655727598852,57.18698681208734,0.0953023076322111,53.58443589499952,0.0089273724245685,0.0041133802064255,587.5438172375706,0.0623918175069832,1407.883561876902,0.4457035742786256,0.7957243682935844,36.030843659251545
Run 37688,4.389493696878177,29.63525095432397,80.02247263874185,1.0871051443795647,2.0019804944353434,4.969363044024198,0.992877539059532,-0.1909803254461522,0.0265704933715412,-1.7501400786681248e-05,0.9134048806253408,1.0951363863625094,0.9791987909079666,0.8828564121947724,2.1536113161259496,0.7676153389243813,0.0474989718928606,1.116636073064701,0.8420364109314817,0.8766387739889943,0.0594739240076056,0.0002565918843367,0.0006287454009617,-1.89598886431512e-05,0.000206484221893,2.6292437414578006e-05,0.0005829505231371,0.001198777901633,0.4855380818849896,-0.0352281491444887,-0.0180417274991521,0.1166340833004423,0.000958334207873,0.1175847120569542,-0.029079086634392,0.8017035139813923,435.4767193176692,0.0433499699224513,0.0464329353488604,0.1788399622009693,0.4648348234125999,-1.0091657377522975e-06,-6.807739764376293e-06,-0.2538024857414796,0.879374087512718,0.5328771662061933,-0.0100916573775229,-0.0680773976437629,87.8789377136,8.46937172661,26818.1227469,6411.56574003,3066.88673416,8.13124722124,572.534896616,8.7821212695,4532.2261306,88.3011943967,2.96173024813,12.9278155687,0.00159554129784,0.000688872644593,377.407395548,5.64692294291,229.641006866,4.00135342397,168.204896765,188.319723749,0.490072402544,3.11495702099,419.0764156109181,660.6285146565756,70.42982633398533,21.272424311466988,73.5337404371328,18.05979100264236,0.7355313307896479,11.18050725227952,0.4417200069854624,0.4066735798884147,0.0709405593242777,5.997109122657003,0.6787760707593322,0.4638860621124128,0.0110855130641175,0.0289618279223844,0.016090452848142,0.0103641062404932,0.0337355117184184,0.7588008901868363,0.0008580197648131,295.1526368654971,55.54745118184622,0.0220895877344056,51.03895530804062,0.0091616091297798,0.0048087343270563,580.3128838324233,0.1092899068036275,946.6729422121148,0.3945767483697775,0.7542497988633972,34.83528833271107
Run 39297,3.675911280627932,23.34999809797044,26.038740936964125,1.4027218964756574,1.6599878813282147,2.598884393345354,0.6452916423126058,-0.9640212783599172,0.0062342789285802,-0.0006821902200585,0.9759577280865396,1.0580178944488443,0.8326682434830612,0.6033745211132826,0.9823648957723524,1.5177456486340797,-0.2650785658527396,0.9277903318642128,1.1294619272397728,0.9050964124525838,0.0396496466317883,0.0002461695345309,0.0014598870087533,-3.826346585821338e-05,-2.609471526823464e-05,8.961018643505407e-05,0.0015797307733364,0.0011523636099726,0.4803226602790625,-0.0258368491599312,-0.0274466226419468,0.1301769902084774,0.0010563182670865,0.1222768146879514,-0.0252770448337704,0.7934241220950303,471.2165349062756,0.0450577782529226,0.0493551273284522,0.1165232494666346,0.3509863325816227,-1.3572729252047705e-06,-7.459667465117188e-06,-0.0972808193321868,0.738300660370798,0.7224778629186834,-0.0135727292520477,-0.0745966746511718,408.753620385,8.51537817599,25510.0396295,9756.11513909,1820.32324817,8.12825060892,514.187435178,8.79046648261,4523.65941396,96.8679110375,4.05459238454,10.2914933167,0.00550285492456,0.00315928563532,470.655157938,7.87814164998,277.209008593,4.74539288528,212.207153357,69.3655797641,0.71912490488,4.28110633854,248.5237535023932,998.9642492360684,332.28776005069983,18.2226892619762,72.5244306983216,13.601459616224254,0.3942686698945056,11.714769852819334,0.4599387647588259,0.4150345157842019,0.050894973639812,5.964551111681074,0.7754030476432887,0.3135022245676065,0.01992297374585,0.0100323200111396,0.0217785843619815,0.0121690780118627,0.0272077996404724,0.7267093106871464,0.0009479273086792,294.53478210772863,58.66416647573692,0.0620660308614217,52.19369291772772,0.0086227111611087,0.0044580250756211,513.7076040461715,0.1646702255977926,1074.286914501516,0.3612457521054527,0.7404923414812804,39.73722430656096
Run 40382,3.896208047858025,17.019217029060226,139.5899772433598,0.8374714328643932,1.2498342902956263,3.197588505225765,0.6608784348362137,-0.7753232104776975,0.0129187173291957,-0.0014676606274699,1.08879282841876,0.8623931943274954,0.8733887570987586,0.6542402037746677,0.8399474143675743,0.7493624373828984,-0.1456716754623213,1.0127194885874806,0.9821859546063132,1.069335950371437,-0.0149399637736427,0.0002235517302503,0.0011822637794518,-0.0001612033297999,2.9484928909336066e-05,8.285541410697575e-05,0.0011250623684534,0.0010975153087479,0.475504092472958,-0.0393600326097486,-0.0121530135144651,0.1045107523008864,0.0011604105822837,0.1451894508823346,-0.0305334410694694,0.856346371589294,431.4039702495133,0.0410259828362241,0.0270769377422858,0.170886242011952,0.488620597238121,-1.7686351843904822e-06,-8.061988440880241e-06,-0.3226672101624768,0.9677047972830234,0.3631505322124095,-0.0176863518439048,-0.0806198844088024,393.78421487,8.45611432149,24955.6574091,7155.69921703,2674.56679854,8.13218184614,505.706892331,8.48847003946,4525.74871707,94.7786079256,3.38115327417,8.95366116091,0.00541024087876,0.00336618256976,411.057992571,6.63941997747,225.969800351,4.173082177,175.259937838,72.8094797376,0.608447755198,3.78090889171,365.5666384390838,702.2897623226547,314.3536271998897,22.40711641767312,60.51579248983339,24.688091879385983,2.245807320321549,11.555298800853867,0.2971640209369397,0.4064193064276383,0.0547603276711541,5.804163435500543,0.634596997253775,0.578034341441789,0.0185947612978911,0.0115550112562509,0.0170958641520268,0.0344618795335964,0.03196241916075,0.737085332144034,0.0009549058040968,292.09289620735626,57.84423389951693,0.0736980258880025,50.4790586910163,0.0089387364855285,0.0043997688005967,510.5570717702154,0.1977241965161826,1381.0291781678343,0.3769575990015592,0.7546311168478878,41.12240343611742
Run 42160,3.175667547434424,20.39913656357816,169.09461900781247,0.6654190556043763,1.9233908018593648,0.8782324092138558,0.9002771368866187,-0.3467110703946799,0.0271686217617612,-0.0002389015261376,0.8742037896415975,0.99757433987895,0.9826167316950776,0.8617558399123074,0.637411800902822,0.9137351791721828,1.5540311598620242,1.2517783529317286,1.0077778325032478,1.152913693619542,-0.0548326986721693,0.0002260032108089,0.0010640488126891,1.2083768768358987e-05,8.560252700654845e-05,-3.322591435256942e-05,-2.5954378870018165e-05,0.0011833178401821,0.4893542337082163,-0.0380995458464691,-0.0194269850862282,0.1455213765885493,0.0010832396240222,0.1162888092706059,-0.0246216551213015,0.751676657139992,430.3278922047144,0.0388779966179971,0.0354261430119196,0.0968552211279888,0.3176895852963387,-1.1251161986341026e-06,-6.330720786472963e-06,-0.3016590974411526,0.8585952237065756,0.9372992722396905,-0.011251161986341,-0.0633072078647296,338.647009446,8.51026857356,23221.5151673,7805.88658402,1773.60702755,8.12856300876,668.832565792,9.36672824376,4534.84293639,85.6843886107,3.36757763432,10.7428136043,0.00184544596143,0.000558165641667,378.455684649,5.15140541583,258.499367134,4.08052023961,165.650213137,120.893772457,0.571966694292,2.49688374731,242.16753699888565,810.5891304838877,274.8494363446031,14.84779165166961,87.84145461990568,25.31408422086893,0.954483158693732,9.408792939106927,0.1207572789162262,0.4030569504404745,0.0519119291307836,6.055054371217057,0.523057752486792,0.2172625929481101,0.0110874125058336,0.0259447197938279,0.0256327733001254,0.0344714561525299,0.0303307845296951,0.7232287116684679,0.0011042807216553,297.0071328859646,58.58628773287662,0.0259901990468192,54.64822377582499,0.0077291800953224,0.0039364711974669,675.6356294382541,0.1322248111974465,1370.8823771634468,0.3680162589929253,0.7294974640014293,22.38579289485123
Run 43656,3.056104937205768,31.11637271297204,175.9921686790521,0.8964313115891909,2.0111405185701985,1.897695474333324,1.04816267571871,-0.11464466778037,0.0306595909147304,-0.0002649738209544,1.1138485467970298,0.932334665232694,0.8674247561602184,0.7242217413028808,0.8719621552821676,0.5172612867817976,1.153041871427708,1.0488588174665352,0.916504995117085,1.0284456620218123,0.0183367468177624,0.0002105107592279,0.0012400398499428,-1.4612000199413011e-05,0.0002873447766426,-0.0002231428370655,-0.0004122016824653,0.0011814972482588,0.4978247228625841,-0.0301898510395076,-0.0329353100937883,0.1136753293107079,0.0009785315702183,0.122354167778521,-0.0497260822478447,0.8265107887285206,436.6810050090027,0.0362545988084662,0.048977043286036,0.1049350200081496,0.3939471016414484,-1.1387706380589374e-06,-5.271909642176986e-06,-0.1698308506584603,0.6559703485931743,0.491454610349911,-0.0113877063805893,-0.0527190964217698,651.313861366,8.27708891767,24599.5304485,5870.64371171,3142.99637524,8.1486707416,551.764544414,8.1298073636,4525.76126359,94.7660614113,2.89175654191,11.4323284935,0.00511745807583,0.00485100195014,235.17634186,3.57195712304,256.391471573,4.4955565723,171.599816822,118.832915227,0.376925891398,2.99493293124,431.6754396259594,610.6994847029305,496.24506118086833,26.647296725792074,58.36810431895721,18.889982276669663,2.345219381699306,5.48434828010397,0.2002144184836946,0.4125768190857963,0.0927610698527543,5.930276289148921,0.7021702516874581,0.3169180358605195,0.0290150146203061,0.0207951404665945,0.0348512360266714,0.0291642651880368,0.0310873539901591,0.7937867516389038,0.0009620112527103,290.270503800598,58.20581428396655,0.0712467296483675,53.5116743480542,0.0054099634637974,0.0045106509890842,559.1487142961646,0.1363604343233632,1337.483984405144,0.4069319145941627,0.7982041142430053,28.217707992954825
Run 44298,4.577550329803592,22.41518472915083,73.268354154459,1.1104656028047393,1.0720093289945802,2.1682212717684903,0.8841952073191045,-0.4615005150618965,0.0250442150678415,-0.0025952788925554,1.1255108824896487,0.962158977354474,1.0623727619210592,1.382125967838026,1.8049768081782385,0.6586489169808099,0.7891095480342181,1.226225486829226,0.970685464149626,0.8217078801626618,-0.0528175429518427,0.00026775679802,0.0008336808733173,-0.0001322233195225,0.000119570770546,9.003315125106543e-05,0.0006239707777031,0.0010187753006122,0.4881435235735652,-0.0471752813107092,-0.0369750063939874,0.1457948372007352,0.0008080482697202,0.1258231365195758,-0.0206534197243694,0.8992145577286392,446.374988151012,0.0366099215502303,0.0363404156701118,0.0538954678888107,0.4299908488829116,-2.35918524540842e-06,-6.482059553304345e-06,-0.4529213551784874,0.5953749040901888,0.9411277208102928,-0.0235918524540841,-0.0648205955330434,393.78421487,8.45611432149,24955.6574091,7155.69921703,2674.56679854,8.13218184614,505.706892331,8.48847003946,4525.74871707,94.7786079256,3.38115327417,8.95366116091,0.00541024087876,0.00336618256976,411.057992571,6.63941997747,225.969800351,4.173082177,175.259937838,72.8094797376,0.608447755198,3.78090889171,365.5666384390838,702.2897623226547,314.3536271998897,22.40711641767312,60.51579248983339,24.688091879385983,2.245807320321549,11.555298800853867,0.2971640209369397,0.4064193064276383,0.0547603276711541,5.804163435500543,0.634596997253775,0.578034341441789,0.0185947612978911,0.0115550112562509,0.0170958641520268,0.0344618795335964,0.03196241916075,0.737085332144034,0.0009549058040968,292.09289620735626,57.84423389951693,0.0736980258880025,50.4790586910163,0.0089387364855285,0.0043997688005967,510.5570717702154,0.1977241965161826,1381.0291781678343,0.3769575990015592,0.7546311168478878,41.12240343611742
Run 44733,5.798429327678205,6.446234055174697,81.96859548673214,1.5883998711875025,0.8069649131338739,3.413532365684883,1.0010615134983043,-5.719687933321746,0.0012336803864447,-0.0022163244076168,0.941090263546186,0.9603280711606936,1.2248399826776613,1.389174563475048,0.3166649477747194,1.5597379612965576,1.0235483029364274,0.7869514627433871,1.0300534062547826,0.8847346380549328,0.0542431118767157,0.000234830658132,0.0007740504091503,-1.936044277998346e-05,3.242437348112259e-05,4.774274848722576e-05,0.001328124136842,0.0010452371628851,0.4729527869315752,-0.0357828013386242,-0.0152876736226367,0.1469273941664002,0.0010661519046579,0.1381552968148997,-0.0120622243721107,0.6335407962593822,496.61128691558224,0.0346785480533433,0.0363807875635904,0.1109872648807871,0.4983737411974774,-2.1607212783614538e-06,-8.380901633553095e-06,-0.2630466889770708,0.9206848956604492,0.9569835183296038,-0.0216072127836145,-0.0838090163355309,346.835670894,8.453505376,26706.1693137,6825.13295933,2077.02187115,8.13236965984,580.825258847,9.28391266863,4528.73258842,91.7947365778,3.47468599981,13.7897201344,0.00678994014376,0.00655124207527,425.49448647,6.6128206871,398.153906383,6.35362485772,171.991786465,76.1380423535,0.786095041215,4.18982624541,283.90813093263966,715.6627351977698,276.66276087624465,18.859186660764067,75.40675733758266,21.21115404863074,0.0382897170138618,10.384973197798486,0.4232536197301453,0.4046935146185654,0.0541509857461785,5.509735124700082,0.7212011539971455,0.0788506785733587,0.0295543066660866,0.0114462335023484,0.0303855399010068,0.0265824932186984,0.0329249273752535,0.6610259487429803,0.0010188286753188,298.8655727598852,57.18698681208734,0.0953023076322111,53.58443589499952,0.0089273724245685,0.0041133802064255,587.5438172375706,0.0623918175069832,1407.883561876902,0.4457035742786256,0.7957243682935844,36.030843659251545
Run 45391,5.194224034421523,10.587400127352216,409.2159809179542,0.2199250190289291,2.046400143773422,1.6752786768655104,0.7153935891500779,-0.2366673699092149,0.0150496214370073,-0.0014768877844637,0.8983008738392835,0.9600921583394056,0.8235168498076022,1.208024799594252,2.468652620950796,1.396091369681293,1.1453542066516924,1.1106635241403238,0.9452459378197642,1.5723174773868165,0.0156097344982526,0.0002512291847977,0.0015216679111759,1.0364276504562937e-05,2.2767492318383767e-05,0.0003727300249037,0.0010320971245595,0.0010968709892656,0.4993849004934816,-0.0397456620574258,-0.0367905783638515,0.1420958622164404,0.001076073684177,0.1173757450686639,-0.017965290468008,0.7200392141582166,427.5756790175326,0.0367956671690806,0.0465872991332695,0.1252870953884664,0.3241434660271931,-1.7734675805074991e-06,-5.0768874383148e-06,-0.3290943676237638,0.598141324542227,0.8893420710301663,-0.0177346758050749,-0.050768874383148,378.202779088,8.33746424399,23608.3415115,7552.3911173,2971.15504047,8.14220574794,539.279278591,9.54110630319,4519.40859851,101.118726489,3.60353426494,12.2093690719,0.0017195497654,0.00119814114029,420.596673173,7.26183305214,362.50296848,6.46959583799,185.750014749,72.1003382131,0.752356174905,3.59511955385,407.2954465917279,794.3970296774223,292.3421885069049,23.564341416860167,85.2305563844489,27.046016702554503,2.6846602650797444,7.183617802598649,0.2957192803215602,0.4484274606556763,0.0661936832153604,5.908907987051709,0.6322806608499904,0.287798079383766,0.0262722540402312,0.0127316315623451,0.0340163679745025,0.0325152795770499,0.0295345537451374,0.6738660266635612,0.0011237658232603,292.2821051028536,57.50673078561064,0.0222317669058527,56.29060495948009,0.0080103216181797,0.0040147383436698,544.2102306247187,0.0892351185144839,1096.6020958270306,0.4429377776560129,0.7251307517685684,31.971365965714213
Run 45943,4.664257836115939,38.34201917714443,115.97711394317643,0.5300907731782567,2.1827253069761032,0.1983247971350146,0.2073264330886265,-1.1352092349566656,0.0053386349693915,-0.0005467585140191,0.9895640228756266,0.8768109184377162,1.216807701554202,1.0953656441453925,0.4874457016117667,0.9935432687392431,1.2374208593187428,0.992069509531714,1.157976560098041,1.3744911509582924,0.0596774608221939,0.0002168723087074,0.0017046670813047,-2.172724737400857e-05,0.0002013426478683,0.0003982458379591,0.0001881975486601,0.0011618206168034,0.4886228988467,-0.0435772508006938,-0.0377499796730543,0.1254337982449989,0.0009170602410503,0.1130853277328671,-0.0325676412718421,0.7674133193300283,431.6964122167551,0.0373439907175995,0.037626398427103,0.154869750679938,0.3328677836464065,-1.286345373974248e-06,-6.42213764416249e-06,-0.392954180011564,0.5837503049041848,0.6560731754299847,-0.0128634537397424,-0.0642213764416249,507.353106358,8.38986244288,22918.8155169,8630.1169705,3040.38580759,8.13738465805,604.479445553,8.56491866942,4536.73040224,83.7969227585,2.8493589909,9.77998940878,0.00481223238901,0.00283708732864,405.018728051,5.56320447353,255.896068297,3.81992544775,145.720229088,87.0664190683,0.637774223609,3.08429088228,416.1974072508129,863.8254317590048,397.5297116942128,29.86057847483313,61.043358144683225,13.28842050815942,2.328697149575307,9.787905844890162,0.2539133778683148,0.4341834156609971,0.0590256518413822,5.855125958481853,0.787851474157417,0.4405262795958908,0.0204114824027615,0.0195990771661726,0.0229194453289823,0.0221771029703683,0.0309577457244662,0.7500395796019979,0.0010741229409344,296.92945334618685,57.95977152207889,0.0782666000691567,50.13523126855529,0.0087538256444662,0.0036552704202488,607.0703296570252,0.0833131414943339,1083.2522925851958,0.3409851623429499,0.7052093523046539,28.42826040713343
Run 47116,3.887872658165234,16.510547167080652,49.04775810517667,1.699027948961969,1.2293485465605072,2.416733646916509,1.3494802957984835,-0.2446420331503291,0.0248320419227719,-0.0046160244364303,0.9658486666437356,1.2235048912104118,1.1412790361723535,0.7175843283416519,1.3714764698614976,0.2971449646636833,-0.427596726312327,1.1475867398205108,1.0336169013613294,1.664402956622516,-0.0039584720282725,0.0002462216159698,0.0007852948426215,-0.0001615135397607,7.545252088359976e-06,-9.134537617059682e-05,0.0012069637564866,0.0008776694623231,0.4737004079364956,-0.0400393812520914,-0.0153600425609177,0.1365034001561502,0.0011612306200327,0.1290537638588443,-0.034940612762607,0.8792847997145632,452.1478508553839,0.0337456807134331,0.0271097699377605,0.0704561314379237,0.2538436569179712,-3.4174790325764145e-06,-8.287449007938046e-06,-0.333989687534858,0.9195993615862332,0.8110476021861037,-0.0341747903257641,-0.0828744900793804,430.82370698,8.44830036416,24225.6445743,9199.24464359,3551.69439656,8.13274982572,566.263132045,9.54412144191,4520.44441863,100.08290637,3.36440997136,9.7880666171,0.00686734216939,0.00685666872693,359.929870932,6.01800504721,192.152498869,3.6595325915,200.187371084,116.985469724,0.467589484244,2.28600042323,485.5346749396082,969.43646106073,343.1352030253513,14.7071165877686,81.21677525117826,12.100400366386586,0.2539304286874141,9.56129823062619,0.4827504509412216,0.416324672233621,0.0814841259385401,5.654877407087604,0.7575297342048279,0.2887999232618476,0.0283548836324306,0.0167504165363849,0.0160557002414669,0.0107911276972589,0.0313817405949797,0.6545505472271048,0.0009001438727402,296.74929509357725,58.44626457791942,0.0822581498277992,57.53145463534934,0.0069432734232725,0.0044797932683139,561.1756254362354,0.1339459906097946,1202.0472197601089,0.3615125590610566,0.8067981024853644,23.656714739572728
Run 48796,4.966141046720368,8.19307325684488,39.09587390314821,1.6382149177148242,1.3996438289365742,1.608537502053839,1.0749200176640143,-0.6674827477414523,0.011876512971406,-0.0008380780370275,0.9091276265259952,0.9601923559705116,1.0126567059363902,1.0674213253857945,0.2977461162514346,1.1254574490171256,-0.0318290525354139,1.1581397529883688,1.107562540664092,0.8747003239683052,-0.0271622771391228,0.0002051697776591,0.0015169412256781,-7.107594000607984e-05,0.0001696565774336,-0.000317021998723,0.001599926827919,0.0011414781814935,0.407220328260814,-0.0318806865965502,-0.0421049900213416,0.1482681129051866,0.0009907663586403,0.1294170078476034,-0.0160348568693598,0.6445071254995016,450.8319155435283,0.0355198794671227,0.0289921757998224,0.0614670360584622,0.4143171441940564,-1.4389136387985763e-06,-1.6597458967398247e-05,-0.1980114432758377,0.5184251496798753,0.9757535806726134,-0.0143891363879857,-0.1659745896739824,477.145937128,8.47113841055,25883.7301731,3746.51991079,3203.6288626,8.13112277168,605.539179707,11.3017926568,4509.71459883,110.812726165,3.24055439481,12.262763973,0.00287465521057,0.0014454854312,301.412472622,5.62587360147,288.768020191,5.64222050699,168.048945247,115.086157941,0.495796213152,1.84977956248,437.7458435277564,376.3877159256451,382.6074936736552,14.322882540962867,63.38525025497507,27.847492130145145,1.1164479935969642,9.374894468688378,0.1559058469264777,0.4067772854709103,0.0988811339954601,5.9070834271638,0.583036051371877,0.1757928835048657,0.0138698902024157,0.0178933265093662,0.0277750645825977,0.0118597767123509,0.0320610298512624,0.6772841121019995,0.0008794576490581,298.6171679776182,56.30741975786499,0.0403520256702173,66.62726717107739,0.0063665861768319,0.0040654759209504,608.7423244472475,0.0775012247250085,1391.4107134535063,0.428591331288472,0.7909769282111255,18.02043888703779
Run 50013,4.505027758162877,20.39647757085539,218.4305075885717,0.6585541718799389,1.3998372995702737,1.4746053545585307,0.4655460018533419,-0.985764343795604,0.0213288477221698,-0.0005340507254905,0.8977953806340918,1.0295350271198649,1.0032427801102757,1.5782903793531795,2.3718208823548075,0.9273394845523988,1.271324507766321,0.8980899576854972,1.059511301059037,0.7840817936000611,-0.03755423264708,0.0002751565925839,0.001188353789658,1.855031805080747e-05,0.0001582365610066,8.625809346653749e-05,0.0029484188729655,0.0011627079839232,0.4941739952711567,-0.0252886713758928,-0.025408501644024,0.1300922858948225,0.0008471420926699,0.1309876992102741,-0.0428099333737062,0.7770246735179595,439.6523069273195,0.0429817721994612,0.0497663832352661,0.075657495898352,0.4481601072458101,-1.2796901205756965e-06,-5.728250591105416e-06,-0.0881445229315472,0.7688724753396399,0.7212920025275157,-0.0127969012057569,-0.0572825059110541,493.409914633,8.36876747425,26307.2216683,5835.88897381,3197.81560917,8.13924459024,561.312105956,8.93497240339,4527.56724284,92.9600821599,2.56467798118,11.8625210221,0.00276196848474,0.000974066699725,352.568089156,5.48309244524,321.350795497,5.35012664345,145.472265681,92.5584505273,0.630261467039,3.07246985078,437.98608751263407,594.3115913375286,384.4516965733455,28.011703544221305,66.76634067444056,21.16656633909203,2.4108825315597,9.74195919758197,0.4416241166915464,0.4425159534865034,0.0780843308475062,5.833215974388868,0.781265491929263,0.107869299827192,0.0101591791440449,0.0166656334516674,0.0272661388107504,0.027294352405513,0.0345418103278686,0.681122789452304,0.0009842989933731,296.36117271895546,55.55373301999553,0.0446763024055151,53.075034922186354,0.0080586073776959,0.0038226684571467,560.3167118147175,0.1050945475955129,1118.2716708233413,0.351809597750876,0.7354241154831873,29.07304688371785
Run 50328,4.275069419971143,24.471771638512948,108.01572257741364,1.6155141594137954,0.8748056993351042,3.821893501965112,0.8280738005822493,-1.7554885628959642,0.003638300080108,-0.0015718714416355,0.9023662500120244,0.9150714811827376,1.0288033313430924,0.624496387271432,0.8636733404203027,0.0673496492839235,0.8608186306633012,0.7806344503334396,1.0445176779556766,1.0945298650575976,-0.0242260275525383,0.0001973072776889,0.0009798332040915,-0.0001031740514758,7.75372716137318e-05,0.0003576408575826,0.0024319231518917,0.0010902384131802,0.4416939353770718,-0.0377248505823621,-0.0342517295783604,0.1198174965574978,0.0010055331188847,0.1288416831559207,-0.0364608202579123,0.7404865154301216,400.9818155554652,0.0367269019053748,0.0436562434139077,0.0905086365442794,0.2281999811946188,-1.8232119011480256e-06,-1.2288258077866022e-05,-0.2954141763727029,0.6362240563245933,0.57744495180497,-0.0182321190114802,-0.1228825807786602,454.198737775,8.59165180425,26616.9886563,3800.56967633,1074.31702013,8.12402804444,506.026499314,9.86658102622,4509.36372202,111.163602977,3.46998287248,9.50583157019,0.0040610774859,0.00315602154207,360.087131632,6.86158182525,165.134455002,3.87455555941,186.617488841,145.67696343,0.432261408735,3.18902561468,146.49558551277073,387.4586718830879,378.7803471434191,21.27490082116672,88.56812510359332,28.15252208448636,1.4297399857786386,11.867865315010633,0.1096327963821362,0.4087700933840276,0.0713546367542576,6.1556876173965005,0.6236327817730148,0.1175970179469697,0.0270712484458886,0.0278779581407192,0.0163585071005262,0.0256830939058589,0.02979526213754,0.7215882402924472,0.0010481083387307,293.1012862194441,58.51341010475473,0.0515142493219313,59.37740224820041,0.0071502551397283,0.0043373594353838,514.130717874793,0.151342530332698,979.597207347884,0.3731041249672173,0.7510324992561921,39.15273540409481
Run 51684,4.121594475130847,25.663662455171995,28.710354315927507,1.3148332561251974,1.342127616282937,1.21859801386855,0.8796373011427681,-1.2827013271737095,0.0094005582771072,-0.0002566466081075,0.9045353504464496,1.1062051965840465,0.8623296094739625,0.0860651971890898,1.0326812454442147,0.9388603358888464,-0.0410223697516301,0.9500761824474548,1.04599736178958,1.0103639610801358,-0.0024706109948253,0.0002981534459209,0.0013127910131013,-6.311203774432842e-05,7.781958345467557e-06,-0.0001297559585901,0.0016052275932242,0.0011820787258985,0.4479393710643218,-0.0259774441998479,-0.0452652138998526,0.1448092224393096,0.0010418377051433,0.1497678549766069,-0.0366348279619806,0.9354684401885516,495.84756101578586,0.0408293075942021,0.0284365126487775,0.1850448781302667,0.4324517107765042,-1.134409555760867e-06,-1.1507578616959772e-05,-0.0996240699974663,0.4710217915022106,0.9273291141503356,-0.0113440955576086,-0.1150757861695977,620.434697427,8.45015992119,25402.9568774,7536.73504871,2096.68379629,8.13261263984,493.37284872,10.9228569762,4501.25708171,119.270243292,3.24811367953,14.2978413447,0.00517942116498,0.00382247105403,392.226987318,8.4264372801,387.119727467,8.50805094166,192.849131602,97.3980641109,0.719002845041,1.52484667516,286.61592147923227,768.3199729703575,494.4216351006662,20.20097420493737,84.22416241460793,23.94316656354029,2.8210404218809124,10.867606820696082,0.3816440703606981,0.406130049967371,0.0887542698483453,5.5481449472304245,0.6525157724266387,0.240652705720031,0.020285751092577,0.0123183789566731,0.0284767317585925,0.0297520168620809,0.0349692331273379,0.6806048432100255,0.0009606940427241,297.66773583037826,57.97205530989054,0.0642177789002897,62.69346803330784,0.0088817498509996,0.0049606309106398,503.11128461927774,0.1299830924416974,1026.0690421400825,0.395272107625561,0.80777474332987,16.26575274209527
Run 54331,2.057906612165452,21.40556554599386,142.67197735207833,0.9113585243969496,1.4489701012164502,4.853590964578375,0.9031863478510984,-0.5727984511695792,0.0303336895044974,-0.0002496824921512,0.9102401494074756,1.006992733040279,0.9388867796974384,1.0017155429294449,0.3435087596132683,0.8782564709238249,-0.4990870845364226,1.2286165384093155,0.9114433695756556,1.2469476282361542,-0.0212226099185857,0.0002160164181892,0.0014368379542953,-0.0001082879881873,0.0002348259396843,0.0003135665022381,0.0010741471263948,0.0011825650203867,0.4879825894755573,-0.0412168416559372,-0.0145192376370919,0.1204058034344123,0.0011460946552585,0.1438889306836819,-0.0364734908839344,0.6689591555213321,498.6832501944264,0.0395589791550864,0.0326458179489997,0.1115530537282725,0.2079686188552936,-1.1307623470996548e-06,-6.502176315555336e-06,-0.3536140275989535,0.9322114354436212,0.5856812480817725,-0.0113076234709965,-0.0650217631555533,87.8789377136,8.46937172661,26818.1227469,6411.56574003,3066.88673416,8.13124722124,572.534896616,8.7821212695,4532.2261306,88.3011943967,2.96173024813,12.9278155687,0.00159554129784,0.000688872644593,377.407395548,5.64692294291,229.641006866,4.00135342397,168.204896765,188.319723749,0.490072402544,3.11495702099,419.0764156109181,660.6285146565756,70.42982633398533,21.272424311466988,73.5337404371328,18.05979100264236,0.7355313307896479,11.18050725227952,0.4417200069854624,0.4066735798884147,0.0709405593242777,5.997109122657003,0.6787760707593322,0.4638860621124128,0.0110855130641175,0.0289618279223844,0.016090452848142,0.0103641062404932,0.0337355117184184,0.7588008901868363,0.0008580197648131,295.1526368654971,55.54745118184622,0.0220895877344056,51.03895530804062,0.0091616091297798,0.0048087343270563,580.3128838324233,0.1092899068036275,946.6729422121148,0.3945767483697775,0.7542497988633972,34.83528833271107
Run 55942,2.995015753068878,7.683144412783108,205.66239035339152,0.8340930740616821,1.9614061884957985,2.2774960105726727,0.8324591105338657,-0.8694069648109047,0.0094146435995167,-0.0007605026144638,1.2753689024531418,1.0211692789523712,0.9663102787011923,1.4025060063130546,0.996344207125254,0.8650687221133999,-0.105830013296842,1.049303303443256,0.9348680740815286,1.2503706485011306,-0.0630435069573635,0.0002338318985626,0.001393134164841,1.179256650625384e-05,9.768509725437703e-05,4.0899534385466266e-05,0.0022115849324225,0.001146895164876,0.4972766175353,-0.0225931337570714,-0.018222650462108,0.1125290398562965,0.0011321203630248,0.1197960926462999,-0.0245963266045884,0.7537402983587427,421.1375886122922,0.0329304495155739,0.0433274535142951,0.1325166817549455,0.4049154185697129,-1.3982862634296766e-06,-5.340422808087498e-06,-0.0432188959511903,0.87666024306838,0.4754065579881513,-0.0139828626342967,-0.0534042280808749,593.359056689,8.27211091929,27423.2786331,3738.92603832,3354.42424789,8.14925152474,556.476974977,9.28742979361,4524.71562422,95.8117007817,2.37351399242,7.60273052703,0.00201072800376,0.0011666611676,332.490688955,5.35542594373,177.557555308,3.29508784222,118.431866611,93.7443565803,0.482454855707,3.16897470072,460.79345722661935,400.9436540656691,451.5764386941588,17.596869596156267,86.1074897991357,17.130049638777848,2.839378262895539,4.737982616897531,0.4111778292426297,0.444030960673897,0.0524527426446039,6.178245294136858,0.7589626782574372,0.6508337863275602,0.020027731129705,0.0270475531420958,0.0190003699814506,0.0285404094543084,0.0347226634754787,0.7642206731277414,0.0011975987990805,291.4393415737588,55.027844608949565,0.0399143441572915,54.41504182376295,0.0084095927545459,0.0035095362510705,559.1741770258714,0.1556200568757685,1154.050747856916,0.3610660100557785,0.8032411407628033,37.0030772182548
Run 56165,3.261652526534069,13.14836669254134,81.22408712978599,1.2266941511944822,1.0492092169591007,4.072912041074436,0.7959710922548052,-0.7270370082286007,0.006425027841409,-0.0022881812137839,1.0378594907651153,0.9901186931985172,0.911831346946934,1.811981777226909,0.3081894095483219,1.9552634550276244,0.4475215507263122,0.9078191557544426,1.0229759951894772,1.2530231023854537,-0.0025750992022331,0.0002761698752063,0.0015473487010119,-7.900099146078284e-05,0.0001135179829191,-0.0002303046981227,0.0011842653082733,0.0010402195024965,0.4827554687838148,-0.0325072172294413,-0.0459194165073553,0.1428916426106843,0.0010608084410533,0.1350304484106783,-0.0181409182647123,0.8293509441365394,431.5126793103479,0.0393189118078832,0.0403934042526478,0.1058085320901657,0.456329973427694,-2.1983537312761107e-06,-7.155566402023152e-06,-0.2084536204906897,0.4612087523896701,0.9004829965495806,-0.0219835373127611,-0.0715556640202315,119.020810736,8.49081010221,27132.4188408,4678.82713138,2594.6957236,8.12980409357,536.240514912,10.0625444525,4508.64174106,111.885583941,3.00113149409,11.3277062248,0.00550654949453,0.00506575167648,297.209458826,5.57213224662,275.737908468,5.64143532159,170.028169599,98.6432128206,0.493190455592,2.6297104519,354.40562153161886,481.9389534783966,96.01256425100736,26.81069111300684,87.99763385504141,21.56041645771099,1.839755616317757,11.589088891055106,0.3073320649775402,0.4037782441090618,0.0602748672579432,5.671950720035921,0.6644174103532423,0.1927098326533616,0.0277672644569268,0.0166307863533856,0.0295328883696689,0.0257204172285758,0.031382370853625,0.6671815051738202,0.0009561631085218,292.19128340573485,57.71232311757314,0.0775516422530763,62.14889503991721,0.0059349106154936,0.0038760459476575,545.8375705912708,0.1177013632864379,1298.0703111629346,0.3455128591630956,0.7049292506878503,26.04397006567371
Run 56370,5.523079452918887,16.79357205479392,86.4218725971756,1.6914550811938265,0.9333745811846044,3.144300794083782,1.5789098118399365,-0.3451823247232945,0.023799873874316,-0.0011958181196574,0.9252631866970416,1.0187662305192635,0.8866233924506405,1.2639565972556193,1.2885496660325786,1.0737272583657669,-0.0559692730117342,1.1037627707485396,0.886963066968155,1.5954909422410497,0.0164266989642618,0.0002744526814003,0.0017109378299844,-1.002294721000861e-06,0.0001240040576527,-0.0001740427419316,0.0012234637193964,0.0011164976912966,0.479632968784325,-0.0221856443152317,-0.0370414420869708,0.125625854163603,0.0010224385185097,0.1299587176725591,-0.0131326837295847,0.9386218767212898,496.908614027188,0.0453578870040074,0.0288355902589889,0.1722325350714453,0.2302131761487785,-1.6262673152749625e-06,-7.545878901959376e-06,-0.0364274052538631,0.594378368695437,0.6587619582904425,-0.0162626731527496,-0.0754587890195937,596.892306818,8.27901115993,26675.4499,3372.01179605,3273.81017454,8.14844820484,533.017762968,7.98941148449,4523.80904042,96.7182845776,3.01642171334,8.32839603115,0.00428308354872,0.00244392184455,238.130462989,3.69977995467,165.048329982,3.07953796902,195.948798375,122.856802445,0.294447072627,2.73951036978,449.61240769257125,358.36548729211825,454.9805856793275,20.663611213546574,68.82832704534974,27.97967710684816,2.032408903970764,4.841061799628166,0.2101791142400895,0.4319926597164463,0.0609256953197693,6.346130336033272,0.662779862502153,0.5278305861887564,0.021144544750164,0.0235656216873862,0.026361352530534,0.0223523375702813,0.0315945799047838,0.7204144901344528,0.001173643326088,290.7174448962358,56.03508187537607,0.0516752335656427,53.38825816314171,0.0051761673950141,0.0049191723907885,538.8308536060106,0.139733792152879,1148.2361945417108,0.4471587884520447,0.8036686930964738,27.71011374024699
Run 57741,2.948306850492476,11.25253736814436,92.8359530947594,0.9274389809040152,1.800373404951927,3.97467808778792,0.3796319444220885,-10.154933877696829,0.0008632505787299,-7.562555899959505e-05,1.0684521470446875,0.9488833066454272,1.0691945534436536,1.5414690064568977,1.2673979259533952,0.4318502593566634,1.7858387632471475,0.7501525181074205,0.9912307969282504,0.8736047129627017,0.003798436484379,0.0002403240435848,0.0014702130904725,3.75267849778876e-05,0.0001387070723223,-0.0001810128359219,0.001364628645578,0.0011947191728661,0.4897436445501177,-0.0422686241883702,-0.0428675527219585,0.119739653534021,0.0008326315430359,0.1152423866164785,-0.0214801357666412,0.8725002588392685,400.7026731386193,0.0334484078908589,0.0321124307294904,0.083898194935866,0.4648921609306412,-1.0396062035039337e-06,-6.282044431235284e-06,-0.3711437364728369,0.5069867091706224,0.5763551494762942,-0.0103960620350393,-0.0628204443123528,486.433439068,8.37414584743,22238.0622012,9583.2024434,2877.22552281,8.13876025252,607.214557599,8.55010381349,4534.42763375,86.0996912538,3.14689927314,8.98055410482,0.00653872595001,0.00530900454881,322.77535849,4.49498145728,185.714242292,3.04481614957,165.946211911,113.97031698,0.431517262187,3.51758004783,394.0208730050556,995.3749938291144,379.5498426262584,21.93775644246493,74.11339633605036,14.1404754021001,1.856391451543644,7.904143694062492,0.3034635753246546,0.4091069779663528,0.0825110327618601,5.722692831457316,0.502812297804904,0.0422606157436077,0.0274507825615638,0.0233880759242984,0.0202846371515927,0.0214239362764636,0.0312533236534256,0.7880478592259691,0.0010663035549667,293.9744790438072,56.8820101439626,0.0937709222529358,51.67892164517887,0.0074354544478903,0.0044579915458412,601.5099350154107,0.1644980633570963,1269.4642964137895,0.417238200731635,0.7657763781580966,35.54068465661968
Run 61639,3.780354037881593,18.647546258075582,77.15958697458221,0.9955811943554363,0.9123156390656226,1.9448278935854373,0.6518029064246892,-0.5837125903620918,0.0240777781248138,-0.0011206535554513,1.0461627489659515,0.9308769109582008,0.9441906279798006,1.7470185149275097,0.4446072298897592,0.9411489721688228,0.4944568053399889,1.136397690997246,0.9622379893836932,1.2758628359476802,0.0339361478857822,0.0002197035426922,0.0010654917773799,-0.000169072398229,4.967362484703563e-05,0.0002042208614915,0.0008185478973855,0.0011217463278081,0.4542603627294815,-0.0287350499167436,-0.0248578183838984,0.1293539322977017,0.0011232916735007,0.1353177796599088,-0.0204180666278552,0.8373662623111429,483.3350082981715,0.0332226215141273,0.0303791003600919,0.1136880355311072,0.4872445506975328,-1.5869025414390818e-06,-1.0717454658814813e-05,-0.1455841652790601,0.7771327242415234,0.7109550521678245,-0.0158690254143908,-0.1071745465881481,578.986346231,8.36730604389,25204.8278452,6260.63303113,3078.7860596,8.13937731049,627.217641459,8.60610344386,4529.9581108,90.5692141964,3.28824007213,10.898618648,0.00188809223831,0.00101527196142,276.274833746,3.8779372081,176.951284353,3.28141342557,183.051132215,170.85074248,0.311247598008,2.60671940844,421.69969653976807,669.3242198569784,450.9588201387923,24.92387541407816,88.11586089702337,17.724654389737875,1.1417610742019977,7.798599753353886,0.4013221368343546,0.4138660160055254,0.0808789613400747,6.37427961501033,0.7563932911229292,0.302425832425729,0.0166655026787005,0.0295308743484945,0.0201850899541773,0.0206545637848758,0.0285047405941397,0.7296005591148658,0.0008830685635862,292.4339481248827,56.18251697194575,0.0241050719075482,55.52867811375321,0.0054546589727442,0.0042340329759925,630.0392399778686,0.0849581576133765,1288.9525188729,0.4190946743623687,0.6623117841372521,24.649073627024475
Run 62297,2.5298921245344093,28.985095828097904,47.02032646386344,1.3097392777230112,0.9733204501233724,2.988021087622533,1.4115748843497462,-0.2935516769665105,0.0174235548744703,-0.0023245791909502,0.8559433418584194,0.9147175627647316,1.0216858499500925,0.2520383549018199,1.0228709150622397,1.1584651531927506,2.0255181443700487,1.0517301362930886,0.9545552977163164,1.0594353760281516,0.0417863115177092,0.000221661629981,0.0012742068217113,-5.727886546494776e-05,0.0001566954252729,6.332152079987373e-05,0.0014626469506039,0.0010376778826,0.4944667899865432,-0.0278644551627543,-0.0226781883344965,0.1455309631170508,0.0010121957180822,0.1071726436075593,-0.0453232040476965,0.6359220908189476,459.3109676201771,0.0391847774690229,0.0342175080351641,0.1270806659701724,0.3537405299153734,-2.2174158804998563e-06,-5.691651251682096e-06,-0.131074252712573,0.8098271749825516,0.9374334836387126,-0.0221741588049985,-0.0569165125168209,291.160938111,8.47903103732,26023.0024313,5402.22946992,2027.49857237,8.13058609037,525.209853695,11.9822774964,4496.66958232,123.85774268,3.9881493975,14.8231378688,0.00383005540901,0.0042628087851,439.989462108,9.67680856897,296.234928911,7.40506658579,219.706027989,166.51963199,0.620289248686,2.72533198251,276.995637812302,520.8536640350418,234.02996426411937,22.66988852286528,56.59428482105212,26.37894130473565,2.279048155511316,11.554820133756738,0.1561938742254622,0.4185047644359411,0.0681490378255184,6.2629931670313415,0.7403786819525192,0.5855214336597384,0.028511379369484,0.0193498858385672,0.018025845629117,0.0275196633027351,0.0325867313533994,0.6068864260176078,0.0008426840374449,293.31088831930055,58.81295722169901,0.0417227727076328,67.97014584094265,0.0082882602260433,0.0047811349889495,526.313583427812,0.1816587850278574,1187.4210141312492,0.4472410748539041,0.751595450719006,32.52466520187383
Run 63548,6.174518215835535,8.396662940149225,101.6089767068656,2.0776478300778933,0.9814083784323792,4.580023291455465,1.600491281328833,-0.1809177428123286,0.0288784783857325,-0.0008581281103311,0.91506565167773,0.8795262080414515,1.0277377876772866,1.496363185700125,1.0093524472810986,-0.2438599234981431,0.9381998670915012,1.0388858720643763,0.8856581569551434,1.248365471842654,-0.0606130411750366,0.0002370386904068,0.0003638814970873,3.680488253040272e-06,2.850567799359238e-05,0.0001725970373183,0.0002943602750336,0.0011400781128852,0.4733570116927376,-0.0414834849936759,-0.0281824543797968,0.132877640325993,0.0011977966874517,0.1006248154340867,-0.0298199805817989,0.9137220310039816,410.43223355854127,0.0391950843719233,0.0459218886363611,0.060573306946457,0.4898821818984091,-1.4494141533605362e-06,-8.330373538407803e-06,-0.3580580832279326,0.7272631843030467,0.7602869645639022,-0.0144941415336053,-0.083303735384078,568.89358887,8.41735439008,25098.362712,5183.01551186,2198.34727396,8.13511308005,503.672501656,11.206163733,4493.83381586,126.693509144,2.49240424537,5.57659278022,0.00187288600471,0.000919291764727,264.359555818,5.817347911,125.31930712,2.98951751475,134.971711832,69.8844990019,0.354967180609,3.40213605371,300.7317570744874,544.3072552841116,449.1190876188193,24.187662713667887,76.49345022222127,29.875920431719045,0.6050212337843445,8.332209111183605,0.1017271017124856,0.41332957540876,0.0994029497913364,6.168150685896428,0.7567183715884893,0.5241617750880514,0.0186422995298374,0.0196239645906404,0.018732131070617,0.0153441244056162,0.0315420669475386,0.7885897283729923,0.0011979327863219,299.68591774795345,57.39303934267532,0.0328116513477537,67.6168498159538,0.0062046636384143,0.0036586146146738,510.9324670587922,0.0581736741831005,1100.8930674228093,0.3458234362179931,0.825167871756119,44.27641319839013
Run 65626,3.117867613670174,20.59794246348581,63.31060234220492,0.9038493488017544,0.9453821912087882,2.0021468601366563,0.5857079233349108,-0.8923799286327776,0.0084263018439925,-0.0033248788127048,0.9491400288484014,0.7992944039221146,0.9274131150421538,0.6437016978963177,0.6790796029895461,1.5843991739466403,-1.0315300400141392,1.0791991224255195,1.068822780610449,1.3811243072429336,0.0366927711547564,0.0002838027176158,0.0010263942671987,-8.931103925900136e-05,3.56783275809136e-05,-0.0002548560996582,0.0007656073788413,0.0009678283574602,0.4062786840528563,-0.0490030258928864,-0.0158552099936562,0.1442813703861458,0.0011877446051235,0.1074822273756004,-0.0273660854765767,0.7354816520790807,438.57745683266137,0.0330580317907209,0.0431576777748047,0.089258643058405,0.4046685575337064,-2.7412873190479228e-06,-1.6715164493392965e-05,-0.4833837648814403,0.9121718500951558,0.9199391854060424,-0.0274128731904792,-0.1671516449339296,324.132842056,8.52015049829,26629.4243883,3996.78699287,2769.7628143,8.12795922056,618.375128678,9.30981725605,4531.41126077,89.1160642289,2.65625349788,11.3890591039,0.00134314099766,0.00150059702884,352.968876371,5.12142665389,260.854236307,4.40574493432,151.133864183,102.567100531,0.551276537745,2.91758689059,378.1163710987507,417.6960864041943,263.8995180721443,26.365049821519086,87.19591466637019,22.02366935305897,0.299306086722039,11.49218578486571,0.2549829723587337,0.4077506312475313,0.0597163918097508,6.050947305688436,0.6536218820593431,0.0250410568035379,0.0278750854001391,0.0161173590973081,0.0194917378692912,0.0328588819140057,0.032033402718759,0.7648750733741005,0.0008062019253373,290.93821843141427,55.17082866786585,0.0213101975993545,54.1372441240093,0.0082303087563152,0.0040828939940237,625.7717651901887,0.0821544177446213,1126.8690250222778,0.3248654695096011,0.7010473286246504,29.17987038307549
Run 69405,3.3437460004784745,29.87678816826856,56.1548651038158,0.8146895260251141,1.0940111890722388,2.8058311958906708,0.9043009429925456,-0.4732728219734475,0.0259107709122546,-0.0004121249463794,1.1293122730131493,1.065315341906863,0.973390591424114,0.1889749795367977,0.3800755649822374,1.2441089527156153,1.2583634633173868,1.3591103895359389,0.9564860431205524,0.9117259037680656,0.0128164991455279,0.0002543857909273,0.0012896914921952,5.27516780067953e-05,0.0001165587187703,3.7239641881548205e-05,-3.947590694038539e-05,0.0011712218907447,0.4242972427802164,-0.0361748768852136,-0.0151555855882931,0.1331540083195132,0.0009572679092837,0.1283109774099849,-0.021419540519811,0.804410615079598,423.45650493738106,0.0346168161509563,0.0323947190421429,0.1687771158855321,0.4882389217623077,-1.2158358194144366e-06,-1.4462844652472946e-05,-0.2695812814202279,0.9226662161756034,0.7641561164731854,-0.0121583581941443,-0.1446284465247294,446.931082873,8.44978752056,25955.1801205,5065.28190655,1959.08707434,8.13263908071,598.368278208,11.1606484703,4514.80119198,105.726133023,3.16740847035,12.2745915858,0.00138165404033,0.000712732122741,358.317470043,6.51229323575,326.87113327,6.04163180262,162.265181102,79.648282777,0.632561644614,4.98658919206,267.8085536095392,537.8362257649824,356.11863317325003,28.410058016297704,89.18496410891672,12.938415084340116,0.2892924434596267,9.133944864990962,0.1607902506122603,0.4008210314703279,0.0718949127747338,6.423989618713822,0.5035696762889217,0.0163348130482566,0.0142304440027049,0.0115829128145947,0.0266287048437506,0.0192825415624383,0.0314741044410903,0.7997908162887813,0.0008644707435529,291.6470165480478,59.528113871446095,0.0202309861607514,63.03997028245816,0.0082279736644195,0.0042512562378762,593.8666626398625,0.0569490585091477,1144.857805949283,0.409917518053664,0.669801857707864,49.423496202108055
Run 71778,5.420665179385598,13.612052332855804,106.89793707476264,1.054919692460282,1.5246357082489164,1.160228265053057,0.354620242916249,-0.6860772439256437,0.03340540478347,-0.0021134904402172,1.146075530076998,1.2347358303128455,0.9897264872787092,2.172956015764197,1.4229087242315257,1.099093059887145,-0.3372733058845478,1.052277851661014,1.120044321753066,1.5906827168212945,-0.0023775244078437,0.0002582347546097,0.001941027688584,-0.0001159251804656,2.7930171003240023e-05,0.0001253901709239,0.0005746390720435,0.0010524179151666,0.4660007130102406,-0.0350223079684057,-0.0247757411997757,0.1300391247793613,0.0010520605468567,0.145761365170047,-0.0155103893336063,0.9362589659984067,424.5478075094319,0.033212829258476,0.0351813862853841,0.133789290974909,0.4188674155416332,-2.106865636250181e-06,-9.249910873719925e-06,-0.2503717994734297,0.7783638820033634,0.720547746911058,-0.0210686563625018,-0.0924991087371992,377.371920795,8.32563012205,25435.225063,4795.05334435,3239.63557021,8.14339157039,524.696461187,10.8594694607,4502.29042517,118.236899832,3.14782649525,9.54852136171,0.00507000242718,0.00316517510398,319.51420172,6.57616108707,278.171057081,5.69601701054,182.444233911,58.0888255735,0.557280449494,0.992589035774,444.25460956274816,525.6239746529565,290.847749639737,23.41578860172576,86.65958855747171,29.341974339340428,0.1264579269018093,5.833261812588919,0.2655082337714449,0.411069397390233,0.0671427187232023,5.536625954934503,0.7536249320738413,0.3039470715690854,0.0230644717774586,0.0102968105816515,0.033802214903453,0.0208193010966504,0.0295489644925537,0.7351164687269607,0.0010978404889542,291.05214004704857,56.14968856447263,0.0666859398093019,64.78866969084314,0.006689969439069,0.0043081806975723,527.6044127589962,0.1760389192361259,1076.3418136978023,0.3613566924904184,0.6511407296893491,10.104367936092476
Run 71866,3.8805425152876207,19.614765790631107,122.45079944773724,0.9984171856070256,1.2814329041321213,2.118458518311652,0.5183429172014186,-0.0193071384633665,0.0386096518030837,-0.005076285409194,1.0726887747206044,1.0491297699233404,0.8532958467646696,0.0950270720340409,0.3678975698156077,1.5004732755955423,0.9806778917655388,0.8408064682215677,0.9757959103031068,0.7575208237893273,-0.0532639718396515,0.0003000151194846,0.0011928501113616,-7.748184593996929e-06,0.0001100171033249,0.0002265593264596,0.0004157767009349,0.0008455300815928,0.487659148801195,-0.0264739955348126,-0.0263917898574173,0.1428821870456415,0.001020444731506,0.1440951952244847,-0.0314034687914871,0.7845858138646056,433.6726449251836,0.0403666970564205,0.0370331065109137,0.1967780220810829,0.2952420981909194,-3.658524388053324e-06,-6.542606399850624e-06,-0.1078999255802106,0.7541231521387403,0.9003506186389818,-0.0365852438805332,-0.0654260639985062,454.198737775,8.59165180425,26616.9886563,3800.56967633,1074.31702013,8.12402804444,506.026499314,9.86658102622,4509.36372202,111.163602977,3.46998287248,9.50583157019,0.0040610774859,0.00315602154207,360.087131632,6.86158182525,165.134455002,3.87455555941,186.617488841,145.67696343,0.432261408735,3.18902561468,146.49558551277073,387.4586718830879,378.7803471434191,21.27490082116672,88.56812510359332,28.15252208448636,1.4297399857786386,11.867865315010633,0.1096327963821362,0.4087700933840276,0.0713546367542576,6.1556876173965005,0.6236327817730148,0.1175970179469697,0.0270712484458886,0.0278779581407192,0.0163585071005262,0.0256830939058589,0.02979526213754,0.7215882402924472,0.0010481083387307,293.1012862194441,58.51341010475473,0.0515142493219313,59.37740224820041,0.0071502551397283,0.0043373594353838,514.130717874793,0.151342530332698,979.597207347884,0.3731041249672173,0.7510324992561921,39.15273540409481
Run 73469,2.8981162065046866,29.320182806765843,63.750261792022165,1.2597671666290111,1.0419179043909768,3.652501798670603,0.9504442185853014,-0.2777626129429703,0.0125514026080937,-0.0022350165701289,0.7304899449506068,1.0171413707314745,0.8942151916969697,0.3909782809132163,0.8732858572086161,1.4720570625480778,1.575104496214741,0.9620283338971192,1.0125053160103503,1.761355938902161,-0.0450962828852137,0.0002422007059445,0.0012739929429721,-7.182767477403244e-06,0.0001784919080346,-0.0003221964441531,0.0016388235898768,0.0010439319152904,0.4968764102314041,-0.0261583587375869,-0.026628059158646,0.110515502199759,0.001031723902145,0.1465193899158287,-0.0139561107410656,0.7870355954369562,406.353732431101,0.0414886019449874,0.0370900330663957,0.0791994620923008,0.2219713688860612,-2.170510635321901e-06,-5.390448721074482e-06,-0.1026393122931165,0.7505791126203092,0.4472170307966264,-0.021705106353219,-0.0539044872107448,108.825335396,8.46989614784,23587.5928193,9246.20014227,2857.72074958,8.13120948566,657.04954241,10.8466474391,4525.86170994,94.6656150643,2.56539857732,11.0085458771,0.000955542960168,0.000474622602543,374.561820961,5.90527429603,272.874866428,4.74897318665,129.777931444,117.995994182,0.604949695148,2.50541970213,390.4905481101955,910.4160336750704,87.23086412395278,17.591333781127894,55.31341446466434,11.480518324456453,1.16351480437591,10.210471093724838,0.2581400464690521,0.4097072177305828,0.0975670694968416,5.5952905261594665,0.5261430098248523,0.4587770767384639,0.0165228369916505,0.0291994815467727,0.0249885558109711,0.0317936441073671,0.0338130178645199,0.7691426488104398,0.0011207949363411,298.3457354746638,57.95747855393155,0.017215301442359,59.788821186953626,0.0090925377521935,0.0036768449236629,658.6591577805509,0.0721285496275092,1241.6639160988195,0.317074539186594,0.698016907090369,25.823734983669624
Run 73738,3.916139141957704,30.610335897979667,118.66655945082826,1.118163929175294,1.3644935735952002,2.5768289278271586,1.242502599255088,-0.4442929396194479,0.0038678197648995,-0.0011052675250606,0.9666598142571654,0.9361100491569536,1.0976040345885372,0.9659761609558084,0.5677078143698924,1.1951082070522598,0.7082702609237981,0.9755128052361626,0.9734931767946085,0.7945504497755733,0.0232263458745325,0.0002496637473647,0.0013002890498865,-0.0001086841903014,3.3012070229657215e-05,0.0001972617947892,0.0023332284037227,0.0011228207128155,0.4620159917328189,-0.0367230073294847,-0.0173257956695846,0.1279814796902463,0.001156819558451,0.1066254970521611,-0.037905448182204,0.8677741474321656,480.0711788842853,0.0324290501103903,0.0325215325200079,0.1326267313495804,0.3304487696835863,-1.5788446538831764e-06,-9.74800103339764e-06,-0.278716788824746,0.8901130649562297,0.6917407156634485,-0.0157884465388317,-0.0974800103339764,570.078058964,8.39612107399,23849.059748,8342.55073847,2923.20310098,8.13685278662,496.362138773,11.3512720474,4492.25215969,128.275165314,4.00848979924,6.6025128979,0.00556924762121,0.00304384840496,374.167379378,8.30901484805,135.434632042,3.72731731353,205.755725763,86.7285921933,0.457344803317,0.809500428181,400.0941718717248,866.0557217881369,447.4321852791514,22.373098568075463,75.62585990260318,21.23894765889166,1.6310654943983138,9.39259684622689,0.4185481417483173,0.4208185250246221,0.0810220379305428,5.72058232716672,0.6056833276622015,0.3243088764428944,0.0229292510522377,0.0178767553186708,0.0154214919159874,0.0339871995716009,0.027088141507775,0.6671421374709963,0.0011443783645958,292.374070081472,55.613256801821365,0.0644292141124275,67.79866759971526,0.006554896294193,0.0041650931013708,508.0847974592989,0.0940860998841359,1199.8179221630735,0.4338932400489922,0.7406168571803708,10.244111916597056
Run 74488,3.376352073571044,9.506688082735703,61.16784456912647,1.3539220001947845,1.1783989914789903,2.6714236681479684,1.0108452411884026,-0.6965240177813605,0.014109559997065,-0.0026548583231833,0.900267411978429,1.0118996039004318,0.8770458651408332,1.1661362279655518,2.029695098195168,1.365684922941677,0.5147810639769063,1.2260900242990411,1.028889856641981,1.1161491391569405,0.0180430704850915,0.0001957558461982,0.0013108935858658,-9.938031572550676e-06,0.0001269199601391,0.0002639545465271,0.0010076333657072,0.0010146149522056,0.4940993438793983,-0.0397577809593902,-0.0356259325138134,0.1439198595319527,0.0009120322554478,0.1006359490711228,-0.0248299848612022,0.8652720144137107,463.19557163607095,0.0333812637138857,0.0486953470836416,0.1608784476694092,0.4529143810207501,-2.3903878584576847e-06,-5.737582015075206e-06,-0.3292963493231703,0.6156110122927982,0.914878033447339,-0.0239038785845768,-0.057375820150752,493.409914633,8.36876747425,26307.2216683,5835.88897381,3197.81560917,8.13924459024,561.312105956,8.93497240339,4527.56724284,92.9600821599,2.56467798118,11.8625210221,0.00276196848474,0.000974066699725,352.568089156,5.48309244524,321.350795497,5.35012664345,145.472265681,92.5584505273,0.630261467039,3.07246985078,437.98608751263407,594.3115913375286,384.4516965733455,28.011703544221305,66.76634067444056,21.16656633909203,2.4108825315597,9.74195919758197,0.4416241166915464,0.4425159534865034,0.0780843308475062,5.833215974388868,0.781265491929263,0.107869299827192,0.0101591791440449,0.0166656334516674,0.0272661388107504,0.027294352405513,0.0345418103278686,0.681122789452304,0.0009842989933731,296.36117271895546,55.55373301999553,0.0446763024055151,53.075034922186354,0.0080586073776959,0.0038226684571467,560.3167118147175,0.1050945475955129,1118.2716708233413,0.351809597750876,0.7354241154831873,29.07304688371785
Run 79400,2.390494749118252,3.374290348075398,233.91780908480047,0.9474458100972633,1.4805744757413437,3.119821743601575,0.7272230687121255,-2.0600563594413144,0.0033596760902736,-0.0003207167377603,0.9325805148456454,0.967083241560318,1.0621559165060368,0.8172131503186025,0.8291912894691281,1.619740015772558,0.4617506639970656,1.212932609456638,0.8728663801374762,1.023618874007354,-0.0283292178316437,0.0002970345486544,0.0008269103342387,1.2099735757051183e-05,0.0001085079697579,8.221473865526446e-05,0.0018382221538817,0.0011776047982527,0.4655246610257103,-0.0455393017678604,-0.0170627045738861,0.1244871366717466,0.0009919266840667,0.138464170164473,-0.0100097429680262,0.7239966703953259,437.73017521097967,0.0425485212115773,0.048324693202367,0.1629447190902455,0.3297139644384002,-1.167964013104663e-06,-9.309417371786212e-06,-0.4256550294643403,0.8940594313917083,0.6428199134044528,-0.0116796401310466,-0.0930941737178621,94.7453703024,8.26693881117,22746.2384806,7688.03146686,3499.93987722,8.14986483117,702.454651433,12.4233809737,4519.83275258,100.694572422,2.55449541364,12.3968846703,0.00518046455576,0.00389869585547,382.502763298,6.48350664096,336.87635667,5.82687376669,136.404123145,81.6257728859,0.689906077723,3.73600331806,480.8703628224529,843.2119805492059,72.02181808161873,25.745159557345104,73.56657297393215,19.31697243016305,0.7869075112752327,4.03923586505283,0.2680399157694471,0.4482775187371783,0.0783319403542156,6.485498953278622,0.7117541642275859,0.0133146359670963,0.0204939778974739,0.0141967686958594,0.0253947761892393,0.0231484987844128,0.0333654851515739,0.7476547168042655,0.0009090750879559,293.46415581686,56.58728106893228,0.0905312145018412,66.30980219216684,0.009025478223228,0.0036934223843347,692.4710972796522,0.1364355985537799,1133.0753186056302,0.3022113327445288,0.836832395333854,35.588365558157506
Run 80233,4.052350428540922,15.473893575010006,127.1756095775693,0.9449482702734696,1.5896122499795085,1.4647038834396868,0.7867789064591733,-1.6616742856043238,0.0053406047445387,-0.0006521568191794,0.9837115540133938,1.216551808911592,1.1160099864982207,0.6677171940019065,1.9347863354494352,0.4272462910280059,1.7788297535713955,0.966942861929874,1.0350180417546868,1.4246393087035996,-0.0215452685742619,0.0002095885347414,0.000836622871256,1.928925616088997e-05,0.0001479452266755,9.75016927220466e-05,0.0016827076356046,0.0011544608003985,0.4568964664513285,-0.0309944347867404,-0.0331596839064998,0.1499718428980716,0.0008544257181548,0.109560882013535,-0.048440829788868,0.9072755694298398,422.7565317263821,0.0398317317818494,0.0333441696541809,0.1773783395248688,0.3353156827583253,-1.3415439970108298e-06,-1.0387941693583937e-05,-0.1832405797790067,0.6526047414025018,0.9996058005730036,-0.0134154399701082,-0.1038794169358393,459.0473638,8.40537609913,24223.3348213,8816.43922377,2518.9850777,8.13608241424,642.885664756,9.40582525965,4534.86773559,85.6595894052,2.87138441274,16.4060601719,0.00223030169984,0.00187511456667,406.837274471,5.81219875741,449.240981295,6.53695544504,186.20864102,113.98382743,0.786038905588,3.76499879929,344.69202602917755,903.2161472060882,361.1995255217957,21.581943605057905,72.86465538021794,27.102984084951743,2.039709842865473,10.471416824388852,0.453070297970242,0.4366078944679752,0.0522825542209691,5.5037072877595685,0.7736911821647435,0.7225475553473976,0.024699581236757,0.0160421826551763,0.0342497968492519,0.0194996267544222,0.0321701332004353,0.7292809150650973,0.0009503733542173,293.7369662764592,56.35680942129149,0.0286505186797059,53.30412476030278,0.0091373005425357,0.0047739995809059,651.4575294420581,0.1037917049363155,955.059078523315,0.3320666198504912,0.7651914770028749,30.527010922228147
Run 83458,5.239750659391672,5.412299089937624,48.093986744759626,1.9393455501803287,0.8836435258934985,1.9660151882134305,1.430040926060421,-0.7390658576219988,0.0240973508228522,-0.00042923990583,1.0510801092227628,1.072701918635932,1.0284134265026903,0.399154338685502,1.7848811684835575,0.9309296839290132,1.877916210509988,1.187521879755992,0.9135414374835488,1.098108740250633,-0.036313370846491,0.0002160913115589,0.0012409958432039,-9.533735381536356e-05,0.0001652159500098,0.0001006314608603,0.0020294836933172,0.0011700267770363,0.4169257205516748,-0.0418098231544099,-0.0177459148176219,0.1339050692888739,0.0009442619509049,0.1458657924294553,-0.0123117240497242,0.715363614910171,455.6122605861924,0.0429979229084685,0.0286391817448563,0.0530596517391979,0.3939255775421702,-1.2247991722270354e-06,-1.538428493104064e-05,-0.3634970525734998,0.8838112777356713,0.7746709700442358,-0.0122479917222703,-0.1538428493104064,393.78421487,8.45611432149,24955.6574091,7155.69921703,2674.56679854,8.13218184614,505.706892331,8.48847003946,4525.74871707,94.7786079256,3.38115327417,8.95366116091,0.00541024087876,0.00336618256976,411.057992571,6.63941997747,225.969800351,4.173082177,175.259937838,72.8094797376,0.608447755198,3.78090889171,365.5666384390838,702.2897623226547,314.3536271998897,22.40711641767312,60.51579248983339,24.688091879385983,2.245807320321549,11.555298800853867,0.2971640209369397,0.4064193064276383,0.0547603276711541,5.804163435500543,0.634596997253775,0.578034341441789,0.0185947612978911,0.0115550112562509,0.0170958641520268,0.0344618795335964,0.03196241916075,0.737085332144034,0.0009549058040968,292.09289620735626,57.84423389951693,0.0736980258880025,50.4790586910163,0.0089387364855285,0.0043997688005967,510.5570717702154,0.1977241965161826,1381.0291781678343,0.3769575990015592,0.7546311168478878,41.12240343611742
Run 85484,3.8116757950906286,22.27614167481596,308.84292958914176,0.131080356340119,2.093962019759496,1.4746488192869758,0.4066861382910927,-0.5209283048406174,0.0058973872343191,-0.0004357974392294,0.9939895818466892,1.065785415437657,1.1388464300302203,1.3779207145386787,1.3291895446541724,1.8181549993528103,0.3778068972377785,1.2669266951926073,0.9885928756529132,0.8992903746281469,0.0296604604534624,0.0001629412414268,0.0006774714283684,-2.554625513418815e-06,0.0001066627406596,-0.0001616816527424,0.0010615303721266,0.0011695688736401,0.4802323103888147,-0.0487509970746512,-0.0238710290447213,0.1173994545746479,0.001134092774751,0.1014797474187652,-0.0394403420234603,0.6956491623276757,433.57334968652185,0.0423909069212797,0.0282157846602305,0.0912015857269096,0.3492924996604633,-1.2282334476986233e-06,-7.470961201398153e-06,-0.4791832845775213,0.7919345643291791,0.5435923640450716,-0.0122823344769862,-0.0747096120139815,377.371920795,8.32563012205,25435.225063,4795.05334435,3239.63557021,8.14339157039,524.696461187,10.8594694607,4502.29042517,118.236899832,3.14782649525,9.54852136171,0.00507000242718,0.00316517510398,319.51420172,6.57616108707,278.171057081,5.69601701054,182.444233911,58.0888255735,0.557280449494,0.992589035774,444.25460956274816,525.6239746529565,290.847749639737,23.41578860172576,86.65958855747171,29.341974339340428,0.1264579269018093,5.833261812588919,0.2655082337714449,0.411069397390233,0.0671427187232023,5.536625954934503,0.7536249320738413,0.3039470715690854,0.0230644717774586,0.0102968105816515,0.033802214903453,0.0208193010966504,0.0295489644925537,0.7351164687269607,0.0010978404889542,291.05214004704857,56.14968856447263,0.0666859398093019,64.78866969084314,0.006689969439069,0.0043081806975723,527.6044127589962,0.1760389192361259,1076.3418136978023,0.3613566924904184,0.6511407296893491,10.104367936092476
Run 85535,5.512434082351699,20.95463531372777,148.6418768213476,0.5963457976576436,1.6435856825334776,1.5566254464984433,0.844468739924981,-0.11183668727431,0.0007314532086735,-0.0017373881745412,1.1387444652682248,0.9780643487348174,0.8463619980945266,0.2620657365433532,0.7125915201024281,1.1095543467270124,0.0616112958459422,1.0943701111028392,0.9709215975632935,0.7846073966787592,-0.0516287600499374,0.0001693020831482,0.00157738185636,-4.009962894617103e-05,0.0001887437863763,7.514733851865086e-06,0.0002112699081438,0.0010786806109531,0.4883893866129747,-0.0293729348373265,-0.0381086797982974,0.1302987319039323,0.0011845063804564,0.1264007381418037,-0.0251162436460833,0.8861404942050475,443.54560970632014,0.036328568562717,0.0351186205620379,0.0750235349287931,0.2732250172628619,-1.9098954178517453e-06,-6.4513266733781605e-06,-0.1562155806221086,0.5783698030255382,0.7241822466550529,-0.0190989541785174,-0.0645132667337816,119.020810736,8.49081010221,27132.4188408,4678.82713138,2594.6957236,8.12980409357,536.240514912,10.0625444525,4508.64174106,111.885583941,3.00113149409,11.3277062248,0.00550654949453,0.00506575167648,297.209458826,5.57213224662,275.737908468,5.64143532159,170.028169599,98.6432128206,0.493190455592,2.6297104519,354.40562153161886,481.9389534783966,96.01256425100736,26.81069111300684,87.99763385504141,21.56041645771099,1.839755616317757,11.589088891055106,0.3073320649775402,0.4037782441090618,0.0602748672579432,5.671950720035921,0.6644174103532423,0.1927098326533616,0.0277672644569268,0.0166307863533856,0.0295328883696689,0.0257204172285758,0.031382370853625,0.6671815051738202,0.0009561631085218,292.19128340573485,57.71232311757314,0.0775516422530763,62.14889503991721,0.0059349106154936,0.0038760459476575,545.8375705912708,0.1177013632864379,1298.0703111629346,0.3455128591630956,0.7049292506878503,26.04397006567371
Run 87617,3.319661074526606,23.92554078748193,214.93147978201463,0.2991100229982769,1.5315253912049298,0.3673325114651934,0.2386332474919298,-1.1920922410912091,0.0118899525239342,-0.0017196199336245,0.9294577279282664,1.0488833334096477,1.0843849913948596,1.866950626134444,0.7256820376250654,1.1199461848519794,1.5499722215936378,1.1327501031044858,0.9282814350981424,1.085309452163296,0.0308494456962842,0.0002394375768863,0.0010289130905414,-3.513997701329165e-05,0.0001263546055004,0.0004002460821891,0.0005488943546168,0.0010799213423935,0.4843557315871596,-0.0470848095503644,-0.0408286248936604,0.1407938411064264,0.0010726049200791,0.1363059289484584,-0.0271837272543633,0.6041416094614919,468.1847532848468,0.0448870009224902,0.0455096861520528,0.118037904018845,0.2935132480895319,-1.900589932048227e-06,-6.955533551605045e-06,-0.451413492506074,0.537570626595093,0.8711137754899698,-0.0190058993204822,-0.0695553355160504,87.8789377136,8.46937172661,26818.1227469,6411.56574003,3066.88673416,8.13124722124,572.534896616,8.7821212695,4532.2261306,88.3011943967,2.96173024813,12.9278155687,0.00159554129784,0.000688872644593,377.407395548,5.64692294291,229.641006866,4.00135342397,168.204896765,188.319723749,0.490072402544,3.11495702099,419.0764156109181,660.6285146565756,70.42982633398533,21.272424311466988,73.5337404371328,18.05979100264236,0.7355313307896479,11.18050725227952,0.4417200069854624,0.4066735798884147,0.0709405593242777,5.997109122657003,0.6787760707593322,0.4638860621124128,0.0110855130641175,0.0289618279223844,0.016090452848142,0.0103641062404932,0.0337355117184184,0.7588008901868363,0.0008580197648131,295.1526368654971,55.54745118184622,0.0220895877344056,51.03895530804062,0.0091616091297798,0.0048087343270563,580.3128838324233,0.1092899068036275,946.6729422121148,0.3945767483697775,0.7542497988633972,34.83528833271107
Run 87955,4.152351986460389,16.721975926209993,128.04340381410677,1.4258347392846449,0.832008476236836,3.279389400269606,0.6916170724516995,-1.784513764653232,0.0045557159750053,-0.0031927356935355,0.9386231313540052,1.0965079551634966,0.8742351926517697,0.0806441767426876,1.0523381080345622,0.7768023341713921,0.1225217115452201,0.9043249308136718,1.0619014237228954,0.5785628317180771,-0.004250685735769,0.0002855185252863,0.0013717037784111,6.824399060366087e-05,2.0660379708234807e-05,2.858112724457157e-07,0.0016493759644222,0.0009770557268641,0.4570769966921503,-0.0363692879311772,-0.0264476034518708,0.1271313279645518,0.0010402470740749,0.1487698384978302,-0.0232926313197259,0.6703562314513254,466.62531641155226,0.0389970052942073,0.0401806611413265,0.1272255042676514,0.4725522066234794,-2.672082048519078e-06,-1.0365375413481206e-05,-0.2728214655196215,0.7532859482219378,0.6798385915037249,-0.0267208204851907,-0.103653754134812,640.995251046,8.34830838582,23456.5064255,7606.3455895,3501.0244075,8.14115169336,527.407160161,10.7174171524,4501.13434843,119.392976568,4.08048391082,8.64947587652,0.00698603707171,0.00529338394517,336.060911583,6.79960554386,169.947293432,4.04544564477,235.734602875,107.927107076,0.408466892524,0.92771438277,479.7830296491843,798.5478432681188,496.8269060818651,29.71619062564388,78.21352963228557,18.229107091299213,2.0223354384125085,8.099607148797247,0.4115390492246531,0.4091304804993826,0.0936857427680569,5.7369868474687005,0.5128877843986932,0.1888758752439772,0.0255727567352646,0.0156425550208743,0.0177265917077243,0.022999528819509,0.0301326020660517,0.6119901847437015,0.0010253000291331,293.0137548511409,59.72399763762114,0.0709362392278517,65.65992692022809,0.0058450305991774,0.004720818938988,538.8485249091342,0.1180992762875582,1222.6631368963965,0.43691547970605,0.74113361078398,10.36737871549584
Run 88472,3.660537990186485,24.71190432570419,330.8777699754117,0.3056109804258846,1.9570326739595827,1.6829070893625837,0.8495684461854704,-0.0167627192758246,0.0050951506150085,-0.0041200905416553,0.9025815177383572,1.0334663124294272,0.8580770158070636,1.3346768609289257,0.7957403093824713,0.8598101206207052,1.4093134020429303,0.7493055854078382,0.9680971327730836,1.4461427618202378,0.0267777085854827,0.0002250440769436,0.001649997961381,-4.7875461295087454e-05,0.0001100543998192,-8.560600624517078e-05,0.0011255491610781,0.0009122998333613,0.457548210198719,-0.0455210492473884,-0.0135296244399548,0.1400953955664657,0.0011354017794594,0.142894946490702,-0.0184794806277375,0.9461286690892996,461.7136213592947,0.0367140696091935,0.0417862918587812,0.1115514010428548,0.3803600937160062,-3.157751249789891e-06,-1.0306473725160124e-05,-0.4253508207898076,0.947055633400678,0.8613355379305199,-0.0315775124978989,-0.1030647372516012,119.020810736,8.49081010221,27132.4188408,4678.82713138,2594.6957236,8.12980409357,536.240514912,10.0625444525,4508.64174106,111.885583941,3.00113149409,11.3277062248,0.00550654949453,0.00506575167648,297.209458826,5.57213224662,275.737908468,5.64143532159,170.028169599,98.6432128206,0.493190455592,2.6297104519,354.40562153161886,481.9389534783966,96.01256425100736,26.81069111300684,87.99763385504141,21.56041645771099,1.839755616317757,11.589088891055106,0.3073320649775402,0.4037782441090618,0.0602748672579432,5.671950720035921,0.6644174103532423,0.1927098326533616,0.0277672644569268,0.0166307863533856,0.0295328883696689,0.0257204172285758,0.031382370853625,0.6671815051738202,0.0009561631085218,292.19128340573485,57.71232311757314,0.0775516422530763,62.14889503991721,0.0059349106154936,0.0038760459476575,545.8375705912708,0.1177013632864379,1298.0703111629346,0.3455128591630956,0.7049292506878503,26.04397006567371
Run 89093,2.598118234334012,39.90902973874967,168.13098292229378,0.4177648084508193,1.871123103300415,0.6092041672049185,0.2988796161287728,-0.115832240170732,0.0342553767610344,-0.0019944482120777,0.9828873749176904,0.9875817858570924,0.8726606619130031,1.0562878397961102,0.4906834367655118,1.1401997658845693,0.4309885676433295,0.8995272003637139,1.067246308646295,1.115973020951113,0.0483713710106397,0.000179007902914,0.001616181499891,-0.0001786063276597,6.468164578031495e-05,8.986633349704218e-06,0.0013928104469299,0.0010607304676522,0.4989649809865821,-0.0282282014474441,-0.0403560933059114,0.1464192172446374,0.0009460900043771,0.1296119410766219,-0.02211718823808,0.8493664708101469,440.3263912149032,0.0355238941411641,0.0315253009042698,0.1039866487658528,0.3716386542426235,-2.0445214926084683e-06,-5.129377376677235e-06,-0.1371366907907352,0.5446586004113287,0.9498690414249242,-0.0204452149260846,-0.0512937737667723,375.792213116,8.44322861207,25593.5673114,9321.54711812,3067.27445212,8.13312768442,640.414109291,9.03165797582,4536.93635576,83.5909692419,3.30236136932,13.157646702,0.00384764694177,0.00183842622783,415.462012434,5.69597741092,395.198591895,5.57486590377,152.125230331,73.552525907,0.783944808231,1.82581542438,419.3579999843868,951.5155528051164,298.8640217656191,11.440434897466748,71.89458531815207,12.247966414645902,1.5475471907873657,9.712261494298204,0.4643563793252252,0.4051918721159825,0.0896890120308786,6.459878438193906,0.7812673467375479,0.5413153400739167,0.0156763998716069,0.0132692404990677,0.0325433602274605,0.0266683002553487,0.0320370508738264,0.6885916259066303,0.0010473588987783,295.55890991359337,55.96752802288706,0.0600545032612649,51.87652438322623,0.0088793109017632,0.0037121886369914,645.0594631995914,0.1864269391803389,1394.4613363347107,0.3433813004600539,0.7693803774579238,14.688144501703356
Run 89865,5.041479411637511,37.92977605519652,212.6025096755316,0.6331149652871768,1.8021759787466585,2.2336002766703995,0.2636797175546914,-0.0193450224042726,0.0315332439113952,-0.002988462507088,0.9857319033551436,1.0613180734199998,1.2105398637104925,1.2419329926088292,1.039139530217326,1.481732774228554,1.1737085743379976,1.0886329415308875,0.9974845044632504,0.5473092170946381,0.0511725238375841,0.0002027793447513,0.0014480078760745,-0.0001136792913328,0.0002152137811411,-0.0003753959448831,0.0005204448473931,0.0009913198380982,0.4665823308564851,-0.0227598839473931,-0.012584144414158,0.1264043850546811,0.0010830252889863,0.120037052222999,-0.0349468247425402,0.8943409633074997,434.6798271452408,0.0347186318961968,0.0277287975688047,0.0991630283723323,0.4232807439776549,-2.565101214263298e-06,-9.177208642939364e-06,-0.0459980657898849,0.9612378337876298,0.669661390765536,-0.0256510121426329,-0.0917720864293936,620.434697427,8.45015992119,25402.9568774,7536.73504871,2096.68379629,8.13261263984,493.37284872,10.9228569762,4501.25708171,119.270243292,3.24811367953,14.2978413447,0.00517942116498,0.00382247105403,392.226987318,8.4264372801,387.119727467,8.50805094166,192.849131602,97.3980641109,0.719002845041,1.52484667516,286.61592147923227,768.3199729703575,494.4216351006662,20.20097420493737,84.22416241460793,23.94316656354029,2.8210404218809124,10.867606820696082,0.3816440703606981,0.406130049967371,0.0887542698483453,5.5481449472304245,0.6525157724266387,0.240652705720031,0.020285751092577,0.0123183789566731,0.0284767317585925,0.0297520168620809,0.0349692331273379,0.6806048432100255,0.0009606940427241,297.66773583037826,57.97205530989054,0.0642177789002897,62.69346803330784,0.0088817498509996,0.0049606309106398,503.11128461927774,0.1299830924416974,1026.0690421400825,0.395272107625561,0.80777474332987,16.26575274209527
Run 91875,3.833208151277887,21.305946002427625,113.7962785361881,0.8887825745641995,1.6353574730410876,1.8520336340684285,0.8864840885935148,-0.0533968827312824,0.0344247866918585,-0.002068719696572,0.7413676509927919,0.8543430356311281,0.8658449709956306,0.5500226430214815,1.3413075111200483,0.7317684165598792,1.339265563457391,0.8008929187845018,1.0706716648184655,0.5480541557034819,-0.063521563999906,0.0002530515758295,0.0013521275167184,-6.351592506699832e-06,7.435904830891622e-05,0.0001335342671942,0.0005907426524405,0.0010555441936493,0.4691242828232606,-0.0311888313754629,-0.0413580071149838,0.1496884481055554,0.0009687911696669,0.10730253754106,-0.0123234850501494,0.7035926429046708,404.7112301360697,0.0424672320474375,0.0455723799910351,0.1470086620458193,0.2436446928998385,-2.0834185476297244e-06,-8.85946464709243e-06,-0.1864805229243832,0.5296298932752419,0.9956382734777756,-0.0208341854762972,-0.0885946464709243,520.431954006,8.49427393752,26353.1896047,5248.18274351,2529.93929862,8.12957685465,603.25977004,11.3778393127,4515.91379717,104.613527827,3.44919689147,11.5394243484,0.00220050406978,0.000684046259751,465.42703971,8.33918777926,298.777253459,5.849124634,153.537094708,117.000092067,0.73635763733,3.72337407449,345.53794771683044,535.9142007994178,420.2759675784157,17.45095585823813,64.73748618443969,19.55591848330669,0.0395052150169079,10.510114840266388,0.2712058731779645,0.440440559542697,0.064804974906318,6.113438118251583,0.6481008807280869,0.263087013080275,0.0117066211271065,0.0273850503139836,0.024754825365531,0.0348472926695086,0.0310998451781374,0.6924824629390938,0.0011635005707865,298.9822151085884,59.44692261804917,0.0334043498649237,62.69321085252878,0.0093352815741983,0.0035811856829449,594.9819985754262,0.0969718136183953,990.0194038113498,0.4096897504076606,0.7845619868975647,38.10720436602775
Run 92324,6.324502748623933,9.155966382942088,91.4804204069545,1.496231242100022,0.7907468436682433,2.4425388153488705,0.7860690590440638,-1.0784436278617433,0.0034291154403265,-0.0046349307120757,0.8716420254256224,0.9919221142906894,1.0180546795920504,0.6995984170981003,2.4016240121055654,0.6088432565757766,2.0205867585494373,0.9338441656755596,1.0198543342790716,0.9266488479474932,-0.0404303594070616,0.0002851119470182,0.001336229888602,-0.0001501893634579,0.0002294447364189,-0.0001499181248726,0.0004270839325941,0.0008763492635074,0.4858071547693081,-0.0241136766834734,-0.0386013035774607,0.1243369896792566,0.0011059670993042,0.1352232457369365,-0.0181354518782349,0.8239381276887977,482.4977689156698,0.042142368269232,0.0322944816164001,0.1777053842688732,0.4008400483620341,-3.427380523694229e-06,-6.774105653836493e-06,-0.0685612780578915,0.570980446338089,0.6407178555095933,-0.0342738052369422,-0.0677410565383649,496.630563284,8.39743277839,25008.9235569,5311.80586807,3281.24575484,8.13674216604,666.20611609,10.4325572352,4524.88308312,95.6442418841,2.68181317702,7.4071638392,0.0052883584233,0.00376971258331,283.04500469,4.35250140127,167.645709421,2.96730908131,148.770654519,70.5680593558,0.400313552812,3.29926359282,449.084404274678,554.6710818631869,389.9248520374385,28.262122898082595,67.19601122831084,14.203919820161412,0.510082230254568,8.572150907868007,0.2152170935333238,0.4188420393095672,0.0639060251887259,5.685072021766392,0.6350292959914391,0.4266257522076452,0.0186085908312145,0.0119122256865074,0.0162639547950081,0.0206711539194929,0.0334183263171165,0.777380784041894,0.0008710740704233,297.5763037251908,56.71469837170274,0.0847954145779681,60.93511203321961,0.0069073949267909,0.0041943862454437,677.9589569586117,0.1964170892241886,1310.7145702008247,0.3785625001661235,0.8024276288190365,34.173464593091154
Run 94569,6.4083410645710375,35.91264199271383,49.64442777456239,1.2903824894063536,0.9334754834491108,2.3694706956729954,1.1958694849061895,-0.2935151220962475,0.0088021651949307,-0.0039576544480421,0.923007741766924,1.011965733689122,1.0795892221152414,0.7088719689191049,1.4425500077647977,1.004003117497405,0.1067954635376966,1.1039994969070244,0.9355790180559936,1.0701331177538989,-0.0452126250868347,0.0003197791348493,0.0014091564163018,-0.0001977045838478,8.993712846630961e-05,-5.5217435648054086e-05,0.0019384919288371,0.0009236425188504,0.4191063101173768,-0.0268316515459664,-0.029497722593397,0.1434840968328207,0.0010567498238748,0.1278937019101599,-0.0209587001586698,0.9088691052671616,465.11167647357775,0.042061194947337,0.0330216481708702,0.1418931963705082,0.3713322170892508,-3.072681108621582e-06,-1.5111711235327896e-05,-0.1138608590994399,0.7075341610990438,0.90877735565949,-0.0307268110862158,-0.1511171123532789,268.174368825,8.3041246446,23673.5134801,6809.79725701,3450.14797915,8.14564555524,500.254861323,10.4161214083,4506.33919771,114.188127295,3.65449133054,13.6255262628,0.00800496390092,0.00331958112735,455.310819999,9.15978071603,321.487944287,7.08591834063,207.999559224,152.888015237,0.700119035246,2.91677425984,473.4370508098127,747.1851044435944,205.6170758354017,24.610282519020885,85.72956205532523,24.70665796947852,0.4837724806658405,5.390572920183255,0.3365234031606419,0.4381912434605003,0.0641156736545416,5.857331227792278,0.5343489777490035,0.0149159068268241,0.0142483494639913,0.0245956208353447,0.0249262184817658,0.0315288328732093,0.0312156678542632,0.6099524564533989,0.0010679028515512,293.411081971003,57.08695286089617,0.0902585368424986,60.54617690584002,0.008450202032503,0.0044623928274679,506.3362432126575,0.1248440561814485,1139.4776291884095,0.3857592481995471,0.7139268783053516,30.925699217090447
Run 95324,2.7176950132203324,12.169649235844206,58.25250909392264,1.6748802598371086,1.1484984198752262,8.24482950614701,0.7695134266438384,-0.7147771902043715,0.01680894159304,-0.0015567890049232,1.2016743500545273,1.1038897693071366,0.8250155138469365,0.8839766522335268,0.6674020196857819,0.2843667513334468,-1.6468624357347916,1.267922042776311,0.9545711966048476,0.7997946953641175,0.0120914158080942,0.0002359557550022,0.0008118710461031,-0.0001193694451624,0.0002242855649005,-0.0002467224619345,0.0007880453810432,0.0010912915986652,0.4510113754456888,-0.0442560504840292,-0.0138010137600906,0.1364802536168723,0.0008742683845593,0.1149179864553617,-0.0168654773296589,0.8308704492060075,468.9275560271002,0.032120260933522,0.03052036704659,0.0836830252047948,0.4965080025916339,-1.8153130100103564e-06,-1.112357806928889e-05,-0.4042675080671546,0.9429847935986402,0.8107235506362129,-0.0181531301001035,-0.1112357806928889,123.744984321,8.46636223182,25946.1724332,6325.63407854,3482.22970103,8.13145615186,522.046903191,11.3909303657,4502.54013462,117.987190381,3.5334011532,12.2411703185,0.00354407807544,0.00276411657165,482.343145753,10.1493851718,304.711968933,6.68076452617,190.465424394,116.82387629,0.749430691664,2.65444299559,475.8599775948489,653.5971081153407,99.08505884766082,11.33400014842096,75.26948292037682,27.800157868766803,0.7676830765660368,10.7164024342446,0.4054729945776529,0.4299975437387238,0.0891465046071206,6.37907348046293,0.7501876755046195,0.3261051410809339,0.0262876278894434,0.0199681465706771,0.022396832077772,0.0219934273627339,0.0320091506234065,0.6113827570079066,0.0010872619754138,295.9256170957965,59.68650795086198,0.0443758492050089,64.42993612059857,0.0089548905154641,0.0040777135671677,529.9742118850972,0.1565529144736218,1473.634922529981,0.3170325682304913,0.7492436582134822,28.057871740220165
Run 95560,3.7442414032034015,31.7731075680009,211.7833580938979,0.6228775652982823,1.6515252649404732,1.2886168702010112,0.4656781237482031,-1.2872950567509558,0.0039303272015822,-0.0004856939964857,1.0697706224920596,0.9502224969181898,1.2428382124546404,0.5316211541651752,0.9709008747594488,1.083219849175694,0.8989407555684238,1.3426105466729938,0.9734614541880896,1.2621287063988051,0.0028673507155161,0.0001904922079034,0.0011850362019857,9.16822405545904e-05,0.0001258505512961,-8.200024377190594e-05,0.0003686432144948,0.0011660846667538,0.4895118290315681,-0.0294432807431451,-0.0234530051703074,0.1464275505349486,0.0008264788512656,0.1232607333412168,-0.022060001979954,0.7409067678502427,482.0480050382963,0.0410917200891967,0.0267851517606161,0.1377110033791395,0.273701630964096,-1.254364999345769e-06,-6.311021371053989e-06,-0.1573880123857521,0.7982049224453878,0.9499857074892816,-0.0125436499934576,-0.0631102137105398,546.989286705,8.28108446922,21696.7637337,9228.34211098,2834.34285434,8.14820955947,543.514880274,10.0566265738,4514.85893349,105.668391507,2.34673924757,8.29912684729,0.000929764121828,0.000424035798027,308.518449409,5.55048004662,204.117001059,4.05719788081,137.367285111,70.3338300078,0.479135990131,1.08987192767,389.2301246598125,959.2533166829794,417.14046531647153,15.193637529956018,60.80314349096082,23.07447970222113,2.515839247121341,4.682921606979195,0.1467255693048692,0.4076285680930153,0.05025459692917,6.045610986882325,0.7972017227185633,0.2185455118453025,0.0114260055566649,0.0118954421842094,0.0173460720470232,0.0238181939092985,0.0349414232214183,0.7579366687178627,0.0008669215514953,293.6342375495831,56.41683150357124,0.0160261937111265,59.169761538998536,0.0076801052615387,0.0039411467586506,533.5485702496488,0.1066281669378732,1170.5894142415934,0.3180663989271199,0.7032399592507174,12.716929511882036
Run 95759,4.681199145172371,26.912301152797603,96.61120252167832,1.4879646182532675,1.0983296002442948,3.348365910226144,1.1373622073523464,-1.3399048675348073,0.0065134948559683,-0.0001433315880673,1.0593859388924256,0.9564074482665345,1.0656397441440202,1.062202197685394,1.255597735567462,1.2196997416249051,1.18948400815452,1.1138555988096952,0.9315406002179488,0.5424716907351201,-0.026385480945,0.0003011427090675,0.00179184534865,-8.882011215143738e-05,7.549022306052418e-05,0.0001321186002513,0.0011814918423314,0.0011899913554436,0.4980498191559877,-0.0257831716613705,-0.0134648956343955,0.1364928256387452,0.0008529018455745,0.1023872756959359,-0.0406135451567113,0.829229084038821,487.8529595373364,0.0422816120570952,0.0426787596443826,0.129476995508045,0.4773248162779529,-1.0750648341728894e-06,-5.243772605501532e-06,-0.0963861943561765,0.9480265654840672,0.8108995589424328,-0.0107506483417288,-0.0524377260550153,193.908265843,8.35639898298,26731.0618179,6222.38934602,3024.31330036,8.140384635,491.473474466,12.1240124319,4489.71831121,130.809013794,3.32744990006,16.4610426624,0.00554899157418,0.00308802537157,407.851988887,9.68260080325,368.68773533,9.50235696771,197.223654762,174.312590269,0.665755284922,1.84582697897,414.36090299681615,671.3436314599481,150.6057994505878,13.645351614457969,86.27741134731829,16.13995130107397,0.5857330011991828,7.0911854271273125,0.4426602797475848,0.4355185845670186,0.0981764693270169,5.830069047916083,0.5171510790077295,0.1956537000967882,0.0150357008228941,0.0230824302834743,0.0251843267723737,0.0340444630035608,0.0337228185629371,0.6832579122612701,0.0009066064809088,292.1104499618604,58.69279857284801,0.0661769091095689,68.69800071274419,0.0088005992293215,0.0048921628645345,501.3349889066096,0.1042756248997866,1165.0668202347597,0.4090582469859606,0.8493991752302625,22.457262239402528
Run 96185,4.229964023115681,25.30517961031037,146.7924138343707,1.2548334279630944,1.4878603950407947,3.0889279842636985,0.8076618897062409,-1.7164205254843516,0.0045726824628285,-0.0029781485701775,0.9820098908181688,1.059968944152171,0.8901562282805123,1.890006314699148,1.412978922888091,0.5945349207205035,-0.1653810100063799,0.8419793519158663,1.0512046858000557,0.8586180368193411,0.0541607034353301,0.0002392602451251,0.0014981899327674,-1.283223638788865e-07,0.0001458469330124,0.0001422211850006,0.0026372858402601,0.0009920400459038,0.4550216693868696,-0.0237144771877937,-0.0273936757644394,0.1358450534560648,0.0010139417400312,0.147551893697069,-0.0329954787451451,0.7417949892128941,417.1317431113723,0.0432267081857585,0.0290616409339748,0.1298899930162672,0.2435139453864278,-2.5596996557213065e-06,-1.0622291326641295e-05,-0.0619079531298952,0.7390948635334076,0.8018307483849079,-0.025596996557213,-0.1062229132664129,393.78421487,8.45611432149,24955.6574091,7155.69921703,2674.56679854,8.13218184614,505.706892331,8.48847003946,4525.74871707,94.7786079256,3.38115327417,8.95366116091,0.00541024087876,0.00336618256976,411.057992571,6.63941997747,225.969800351,4.173082177,175.259937838,72.8094797376,0.608447755198,3.78090889171,365.5666384390838,702.2897623226547,314.3536271998897,22.40711641767312,60.51579248983339,24.688091879385983,2.245807320321549,11.555298800853867,0.2971640209369397,0.4064193064276383,0.0547603276711541,5.804163435500543,0.634596997253775,0.578034341441789,0.0185947612978911,0.0115550112562509,0.0170958641520268,0.0344618795335964,0.03196241916075,0.737085332144034,0.0009549058040968,292.09289620735626,57.84423389951693,0.0736980258880025,50.4790586910163,0.0089387364855285,0.0043997688005967,510.5570717702154,0.1977241965161826,1381.0291781678343,0.3769575990015592,0.7546311168478878,41.12240343611742
Run 97833,4.770197633100919,27.989446051063283,97.58542704353572,1.2425651615949285,1.793737577823554,1.7278665452208772,0.4860812037563084,-0.2063277604370397,0.039198143082802,-0.0022642252616507,1.1180903869563417,0.7543501572362281,1.2318054849929845,0.4397654597538483,1.5863074468932046,0.7389070398848676,-0.1715445788953221,1.0247879110014555,1.075094667718879,0.8685307693675803,0.0010205972825689,0.0002927028328272,0.0009794830904495,3.478213555050464e-05,0.0001001577384212,2.3988907305166587e-05,0.0011809189438506,0.0010418923131668,0.4925689828524722,-0.0296516196337677,-0.0146266171200555,0.1136090376872192,0.0011679990375214,0.1207976451106115,-0.0186859142702627,0.6694276180330583,455.0569963525092,0.0409893787954792,0.0276100422059223,0.1713887959266289,0.2742078867791517,-2.1858076512488195e-06,-5.928877143440968e-06,-0.1608603272294617,0.9306007431991672,0.4905265276210695,-0.0218580765124881,-0.0592887714344096,563.04584796,8.31044384499,26534.5861732,4946.57409119,2856.31017201,8.14496959517,577.562649208,11.1756640872,4501.81168923,118.715635766,2.72899505228,10.9637481938,0.00598693228227,0.00578587055756,233.428113033,4.54189244411,194.136028474,4.6338002144,179.519714151,148.184388846,0.294409515001,2.81489200404,391.8710688295781,519.1497923125373,432.3553046916668,26.84337656489746,75.73940339492381,19.471720856842843,2.6228206778913616,6.709818653457033,0.3592758201954648,0.4364989432864579,0.075989301751351,6.398161501825448,0.6673172461019454,0.1130842584346273,0.0253717417099148,0.0221110575420608,0.022593163080214,0.0253722302560894,0.031526088490349,0.7176378455589155,0.0008330279942679,299.3235893116295,56.19439702805754,0.0792705223884952,69.31411588839572,0.0051011646930362,0.0045233800526268,578.9429674372594,0.0566442351032046,1004.75648544736,0.4226163843914317,0.7114271681538247,31.503298986049
Run 98337,7.722480986984284,60.74627320783017,163.79154004560715,0.5412576360376558,2.09374878654804,1.0544657063346956,0.5162468445218742,-0.0346729049725801,0.0452901446944479,-0.0007805609017828,0.9416078179321732,1.047389714603308,1.031333479073056,1.091341313196173,1.6438064762310858,1.212426948827556,2.270637118945752,0.981639858203858,0.8681524569649904,0.8399504793129351,0.076953079899279,0.0002353986907795,0.0010052610674748,9.517595521243974e-05,9.444645465300888e-05,-0.0002212252208499,0.000812367367119,0.0011454945226945,0.4917388333416128,-0.0406724262135383,-0.0396380554079011,0.1268836958716609,0.0010158476269097,0.1329239686761432,-0.0136625545044713,0.8194012993044285,411.6153030592456,0.0353144908446957,0.0359348659026977,0.1191458165122512,0.2872940279808387,-1.4087910797907695e-06,-6.032645832298403e-06,-0.3445404368923055,0.5554291688814835,0.6763717422032525,-0.0140879107979076,-0.060326458322984,120.743794488,8.44646130009,23110.7893965,8576.18667006,3227.23648539,8.13288297194,646.153535748,9.23436261582,4536.56777378,83.9595512226,4.28261465721,14.6491752535,0.00122287385435,0.000394669657841,489.864240962,6.81683562951,365.755094054,5.37471688729,225.797249096,158.739738424,0.768303574274,3.42219056067,441.1966780156214,866.9709192306282,96.11650798524435,10.700505067881885,55.355474754079104,25.57960630379053,0.2335727243088459,9.206437713736092,0.27327609304258,0.4213036548263802,0.0965413244154349,6.032177744636822,0.5762678283066602,0.1879069811370636,0.0132435535130842,0.0278149379879436,0.0315479868091457,0.0193406416352323,0.0277348760040032,0.7213314585194577,0.0011346038574457,295.1251412907769,58.125749741009614,0.0126504783444786,52.40004369823856,0.009213975003976,0.0049206963668766,649.5825469062227,0.1043068966467908,892.9966537096637,0.4216289794243739,0.708596077386418,28.095088261042186
Run 99469,6.978822670645884,37.46646553091711,301.7535422445071,0.3917961884421005,1.2163018266445895,0.8073464079246562,0.314444713360288,-1.6243926213454851,0.004279409456815,-0.0017623357973651,1.0620650484578211,0.9314225001183134,1.0886956103539838,0.8053428834409297,0.9191800698437462,1.0524760867120095,1.8470694228126103,1.0329078674463528,0.9573883979734716,1.0369353093164966,-0.0595553159044158,0.0002739962564036,0.0011601163755714,-8.33482306656817e-05,0.0001619740431093,-6.519140211901434e-05,0.0010138418305416,0.0010769385533038,0.4861249494520677,-0.0294336535803562,-0.0149877251204022,0.13824455493667,0.0009089581882867,0.1250866116365218,-0.0320534943664245,0.712547328922702,489.6792804837805,0.0360290798585451,0.0314013363771658,0.0599974265965623,0.4309609294724229,-1.9229608502210884e-06,-6.734381318491533e-06,-0.1572275596726042,0.9251841231939668,0.8354237691133801,-0.0192296085022108,-0.0673438131849153,308.110329097,8.32511981324,25405.4500789,5887.10712184,3286.51202407,8.14344346113,691.096520998,11.125583485,4526.4377843,94.0895407026,2.48725967502,12.3882006234,0.00518543845974,0.00232248849028,341.391576248,5.3354159067,340.765106386,5.40486790527,131.496126328,78.574478064,0.642268700735,1.65761456428,450.68971427335066,631.2813655776052,237.43682532638144,27.88865687193033,72.62737852944838,12.63483972564343,0.7613818790583559,6.374978285685495,0.3691773021353114,0.4411667846861154,0.0779159800652988,5.601749432211575,0.5087270326499838,0.3254934000943624,0.0115264705461579,0.0130573860840276,0.0270729309214067,0.0182931114573505,0.0343250743984645,0.7572505224596833,0.0008750775910417,298.6226915006906,55.64093949285141,0.0932649309454893,61.29579963117162,0.0085531916944175,0.0037740791247746,679.1692780795632,0.1568358874140384,1451.195348727268,0.3585171857595586,0.717763599588212,15.166876253759526
Run 99727,2.524373570791779,7.616472868721752,124.6192124313488,1.2340448752231803,2.04810607458508,4.718247130268629,0.4575813655310111,-0.6450744058406488,0.0037829960810156,-0.0011176098246637,1.2549557114288985,1.0461197969602192,1.0596823663394257,1.429066750473167,0.6039605757954832,0.3433758193093803,0.1839328567442541,1.047501402115354,0.8595590765181963,1.2546831948311354,0.0448184743643451,0.0002582544308299,0.0011827514666074,-0.0001488569013328,0.0001935423538534,-0.0003882441806282,0.0012810414285842,0.0011219588672768,0.4874264560047479,-0.0222941572357553,-0.0257989089555451,0.1374327766303157,0.0008872566709777,0.1498692849579543,-0.0213462748584396,0.9101567876846656,425.1928746819884,0.0373434734774884,0.0416801864899768,0.1163899826481274,0.4763248458087001,-1.5853084954236671e-06,-6.571692999406512e-06,-0.0382359539292557,0.7630163656668228,0.8240588728244211,-0.0158530849542366,-0.0657169299940651,637.042434378,8.34994424049,24697.6012642,6030.11656801,3584.47075702,8.14099485042,503.804730025,10.7671410162,4505.29296296,115.234362039,3.97431013664,17.4354420813,0.00139716809513,0.00133210732524,473.822448835,9.80282584021,462.867796664,9.62397882059,201.749551079,102.715493432,0.869880287842,3.4961104108,491.1959637836063,609.7442695458033,493.96798118856776,23.52116385713299,63.953530937888445,11.932680402546469,2.8575125203370986,7.777957874268637,0.2518105034213356,0.4083317252604247,0.094567382916137,6.023405563667287,0.6518255642574878,0.7175489592658408,0.027390694307941,0.0121128664415271,0.0300778803346415,0.0230369635487681,0.0284077719199788,0.7462124049440999,0.0008250664784065,294.13380532616617,59.93672183139995,0.0166710595592798,61.40559790396879,0.0092536030133082,0.0044728426297958,508.0866212717998,0.1649674512729563,1123.631651466426,0.3339392018061376,0.8408749922622579,32.22920266555241
Run 99797,8.593815231878565,47.33577636352949,293.71922607770927,0.3056588136336656,1.804569189674215,0.6884542116329281,0.3064456333406781,-2.592901579514101,0.0016791844038518,-0.0001815826929678,1.111927122716498,1.0516999558396498,1.1164711206019626,1.1681466142171288,1.7281912212447672,0.870122473218103,2.0433260154475694,0.983310979592515,0.8547402835015369,0.8505777735599495,0.0065481461234022,0.0002249021666635,0.0017568203472772,-2.6736604646208417e-05,9.981832492339435e-05,0.0001209807720994,0.0012184306609785,0.0011873203342263,0.4767793624627184,-0.0293612344908642,-0.0252060894282193,0.1180768191992186,0.0011215735390254,0.1321933573069414,-0.0253301075082426,0.840298405372405,401.0637871775468,0.0363843491412204,0.0335194686437504,0.1792568225028823,0.3485226246738183,-1.0950974933026936e-06,-7.90257969216019e-06,-0.1560205748477366,0.7719086585767101,0.5530754687890611,-0.0109509749330269,-0.0790257969216019,592.665005584,8.29254925461,24491.9974412,5497.67467639,3485.50418102,8.14691370637,644.60942121,11.8850550619,4510.93175263,109.595572374,3.35400830531,9.16204706763,0.00754485828748,0.00196095763949,317.509432091,5.73178437107,189.082992448,4.05341243027,200.950421217,132.935435699,0.413271361268,3.13845053276,478.46808353950377,596.810666153722,453.1756949713368,16.26523184203144,72.5227670762022,26.680827105367435,0.7377894531711154,4.8183575947592425,0.2588612490702111,0.4402803578772539,0.0759862067115247,5.774339964060742,0.7014083388958934,0.3188634880866321,0.0104660998671667,0.0265991203341912,0.024279227738355,0.0323289653274988,0.0288593824646038,0.7803573022249133,0.0011546969019364,296.6004162990717,59.7568666614288,0.0875204187119536,68.53991430024038,0.0065621500525008,0.0048139281661912,651.1089439069931,0.131987371031794,1183.596627798098,0.4197362807388592,0.8327788770624531,33.99304460071901
