Year,Emissions.HFC134a eq Emissions,Ozone Forcing.Montreal gases equivalent effective stratospheric chlorine,Minor GHGs Forcing.Montreal Gases Effective Radiative Forcing,Emissions.Total CH4 Emissions,Emissions.CO Emissions,Emissions.CO2 Emissions from Fossil use,Emissions.Total N2O Emissions,Emissions.Total NOx Emissions,Emissions.Total SO2 Emissions,Emissions.VOC Emissions
1750,0.0,344.3627591056,0.0,19.019783117809567,348.5273587773604,9.505619891242851,86.02230753848028,12.735211942317768,2.4400484348220126,60.02182622415481
1751,0.0,344.3629139996227,-3.970484742724101e-15,18.91510886993145,343.9263672486595,9.505963229138915,87.64746362383482,12.592303237945762,2.408379138223796,59.08812628149409
1752,0.0,344.4111255260294,3.246202140389474e-07,18.88971181188677,341.8090339016869,9.510002042484,89.30332258588894,12.594270419616072,2.397116044064474,58.63199702688318
1753,0.0,344.4703476114046,7.283283744529713e-07,19.121377231171937,343.6754562091752,9.510345380380064,90.99046447147384,12.53982033339792,2.4106933649875284,59.02634940020826
1754,0.0,344.43622157954724,5.062355830131417e-07,19.50906106501577,349.8156252006437,9.514384193725146,92.70948028581832,12.636836783079731,2.462065253289928,60.269945173845855
1755,0.0,344.35084894118893,-6.982521971459817e-08,19.50045493331169,348.144667955229,9.518423007070217,94.46097219957755,12.76599124957002,2.442355143653155,59.82493372469855
1756,0.0,344.36930339283714,4.520479460097527e-08,19.46253659981589,343.32315167584505,10.16917002399398,96.2455537597732,12.416162607577876,2.4191843248007623,58.94682931223554
1757,0.0,344.35954564500923,-2.1381646180550356e-08,20.02354066414417,355.9418922631908,10.173208837339072,98.06385010471888,13.133151801932229,2.507464693488836,61.263692996283645
1758,0.0,344.37087206271315,5.360748429956474e-08,19.93400532918585,351.839749049401,10.177247650684128,99.9164981830059,12.979345326040072,2.4797438257676383,60.43461244378834
1759,0.0,344.3874074576835,1.6569914032557293e-07,20.14146621388408,351.50776272566816,10.18128646402922,101.804146976626,12.752546091231231,2.473528034680374,60.44526305257086
1760,0.0,344.3606556722625,-1.2460972513787088e-08,20.416797144500503,354.41828530815224,10.181629801925288,103.7274577283096,12.712696040697043,2.4977451961387147,61.0517247888764
1761,0.0,344.2445779280438,-7.961734249846358e-07,20.45599016898809,354.70796791995804,11.146511591992294,105.68710417315891,12.96678586324592,2.509181763168119,60.98422720066375
1762,0.0,344.3349935890237,-2.0008100758594198e-07,20.45168738197681,349.24969722773284,11.15056976531388,107.68377277465716,12.499789281767244,2.466504132620002,60.0270893345371
1763,1.8880658180558742e-06,344.33811560811864,-1.735334989060926e-07,20.54517933681397,350.0593349220327,11.15462793863545,109.7181629651364,12.632954728484629,2.4809921662006778,60.127066272688566
1764,1.556607236882099e-05,344.3689516641839,3.607561019034227e-08,20.26091721016315,342.04461065627544,11.158686111957016,111.79098739078844,12.576637250641312,2.4218679309291047,58.43835716681741
1765,3.216390716421616e-05,344.420912934943,3.897258190565605e-07,20.91915499807752,352.9327257663859,11.162744285278576,113.90297216130466,12.73808005514036,2.4975540657053723,60.62945785948892
1766,3.8479955685754934e-05,344.3444397422992,-1.1861537843352074e-07,20.853591900632743,349.3806450006132,12.44543696396138,116.05485710423191,12.760079050306397,2.484408321807168,59.85878462626717
1767,4.120294710262103e-05,344.33200891044385,-2.082835233706759e-07,20.999179455660748,349.61609899642303,12.449495137282948,118.24739602413388,12.745703960584418,2.482742877953473,59.89102690050866
1768,4.362080581410591e-05,344.3480965086941,-1.0305488598437876e-07,21.659452113517297,362.65368482709385,12.453553310604535,120.48135696664856,13.266403234135954,2.585377496021171,62.365825552982606
1769,4.601851196139021e-05,344.25672970650754,-7.175073885796745e-07,21.496335350339965,355.02541845168975,12.457611483926115,122.75752248753436,12.857850792574183,2.542757581499459,60.95040360500106
1770,4.845530624147954e-05,344.3023118759867,-4.1983888863571953e-07,21.63439757224449,355.3605475565106,12.461669657247674,125.07668992679912,12.898918215849813,2.551004694202496,60.96602720867275
1771,5.085406344763853e-05,344.2391549918792,-8.43150807813171e-07,21.42892110132936,347.8619882938519,13.8109015662802,127.43967168800816,12.62324271414712,2.4564243021424623,59.42424032933085
1772,5.329839078987125e-05,344.28579547830714,-5.351154489921091e-07,21.39461571539237,344.613473832749,13.814980411869085,129.8472955228687,12.524007465440606,2.4318788124626445,58.72495294608385
1773,5.5737871791844334e-05,344.34149565717416,-1.570382119684542e-07,21.59523139318095,345.7768090889352,13.819059257457972,132.3004048211914,12.46738959491484,2.4375705286194296,58.916568849809806
1774,5.8143202113613994e-05,344.311053147497,-3.553073548325338e-07,22.25970772945681,358.1035850352457,13.823138103046867,134.79985890632915,12.783902569664896,2.5289119722989657,61.31335787055999
1775,6.052060042549825e-05,344.19502861342977,-1.1376037753833025e-06,22.200963290559795,355.04717285558434,13.82721694863575,137.34653333619792,12.869291157860507,2.497313042888125,60.54083046418634
1776,6.29804342727266e-05,344.22292867007457,-9.62168111971269e-07,22.141942125209106,348.8985525123486,15.250358366648666,139.9413202099844,12.407416689395562,2.4666720786648364,59.38114479685163
1777,6.53902037233393e-05,344.19938485591933,-1.1215425709879776e-06,22.568710059808843,357.54536101292035,15.254437212237557,142.58512848064805,12.934583487331036,2.521353634336916,60.89349007083899
1778,6.783764836903914e-05,344.22491132829657,-9.523658214326659e-07,22.856080929571224,362.7554134630877,15.25851605782646,145.27888427332695,13.207516945052584,2.560565943809508,61.78348694597739
1779,7.02529529868436e-05,344.21289250542327,-1.0314595398657325e-06,22.820635694370733,355.9261715181252,15.26259490341535,148.0235312097591,12.696989996519427,2.5037124487048943,60.500814881249
1780,7.266877053562417e-05,344.1899768764433,-1.186413383927386e-06,23.24616665378551,361.61404216072185,15.27036922445326,150.820030738833,12.7150642102733,2.545624084919035,61.61859566014493
1781,7.501217787350634e-05,344.0621030423504,-2.049994513382691e-06,23.249655483903965,360.0900538628948,17.074168355278587,153.66936247338256,12.877900016737586,2.5510926411828296,61.19330647262292
1782,7.754598621387028e-05,344.1561910359121,-1.4305640077357613e-06,23.34175811891444,356.04655462228243,17.07827094243073,156.57252453334536,12.46113467516462,2.5181732450692373,60.48572145305894
1783,7.995155170167437e-05,344.1581220782615,-1.4120119756547894e-06,23.379916787266467,354.28692425367274,17.08606900503191,159.53053389540378,12.444383333723518,2.5134612747885146,60.10171272373322
1784,8.240594197476147e-05,344.1893197591495,-1.2001155335849475e-06,23.29404230240209,350.5694962640399,17.090171592184056,162.54442674923126,12.597517209391116,2.4783164405613816,59.21225989324307
1785,8.485902461670991e-05,344.2281030626237,-9.351779815423201e-07,23.80210553725873,356.805125351722,17.101945736123064,165.61525886046954,12.552481929134778,2.5291906045378845,60.494479362546464
1786,8.722376673669401e-05,344.17306768395935,-1.300578794301337e-06,23.831994998220747,354.20587729579694,19.40463405256618,168.7441059405628,12.567811101205406,2.5238744052770934,59.91468240707549
1787,8.965113203116024e-05,344.15256259230273,-1.4427344603785075e-06,24.17652817967206,358.7933682521366,19.412432115167352,171.9320640235792,12.760916940517928,2.558671151927712,60.75335707654267
1788,9.209971516507218e-05,344.1642141996657,-1.3676695391941097e-06,24.855928924260272,371.3570923496072,19.416534702319485,175.18024985015091,13.26480759400037,2.648030358272221,63.12433046674855
1789,9.442010689514334e-05,344.0639710189496,-2.0424646697304634e-06,24.717072836600927,363.4416445787676,19.424332764920667,178.48980125866842,12.846261379798044,2.597817353803489,61.63229237950748
1790,9.694182811508342e-05,344.11179193430667,-1.7308314722268653e-06,24.94220857378337,364.880216392627,19.43213082752183,181.86187758386453,12.93202741114948,2.6055361625440803,61.84599180813865
1791,9.927890959514964e-05,344.0455055722232,-2.175273489098275e-06,24.77843216733121,356.6583861664455,21.694191817995858,185.2976600629292,12.639418553071096,2.5655352132834346,60.21873920423577
1792,0.00010180016088414845,344.0987399861907,-1.8231904976953506e-06,24.818892944319888,354.25153761087523,22.34876642876083,188.7983522492964,12.652724960740573,2.555885905296148,59.70568574139235
1793,0.00010429826632667039,344.17329253656635,-1.317602640515674e-06,25.03153140920904,353.37230933667234,22.371745683867907,192.36518043424823,12.47524671461044,2.5493745985836123,59.58493949599902
1794,0.00010666383399281271,344.1505960401469,-1.4615753967386403e-06,25.76753777758947,365.721914030605,22.32534354653756,195.99939407648515,12.816348771677823,2.642660372712238,62.03822453198564
1795,0.00010895750944450654,344.0398238446726,-2.207082332939708e-06,25.77334281488129,362.19212268926736,22.33821727595412,199.70226623981,12.872587872512922,2.6101635634209632,61.24273214189555
1796,0.00011148349387475021,344.0713639650837,-2.006133991507495e-06,25.74058406529963,354.4783029356138,23.439214593904296,203.4750940390821,12.315862419925484,2.568822151347849,59.864242428463136
1797,0.00011387485732394137,344.05359223845915,-2.125975344329422e-06,26.23006225836581,363.54823719908,24.59806209925703,207.3191990945968,12.944413187522116,2.640239462115646,61.4713769474247
1798,0.00011636467983393559,344.08874836343233,-1.8911852391882384e-06,26.546440122432795,367.6501027985187,25.616857924286627,211.2359279950473,13.189856964098109,2.684800165763159,62.19763902639178
1799,0.0001182562477597572,344.07963961080566,-1.9494022113776416e-06,26.706488169365446,363.4860469038741,26.981443026950863,215.22665276923576,12.753675747091163,2.661313715429832,61.49623019706863
1800,0.00012159715885131269,344.03366006941945,-2.259006267789745e-06,27.056343077702923,365.8466368441075,28.7778053925269,219.2927713666932,12.703711090289811,2.6985937954486108,62.00320914073126
1801,0.00012343642946258514,343.9392661046784,-2.8993694209126638e-06,27.12488718150826,364.9170683864809,28.554696107145105,223.43570814738132,12.881578210075109,2.688431218390064,61.665647788634544
1802,0.00012608510862225947,344.0399333275411,-2.2328027251418357e-06,27.33978431554748,362.9627075069397,37.07238349413012,227.65691438064584,12.530332506560097,2.727330113471008,61.32615659022455
1803,0.00012844295957597628,344.0310492807587,-2.2855791687801207e-06,27.32049985424776,358.65077997506035,32.115052234148855,231.9578687535943,12.394980154563765,2.67587199588858,60.404341817460505
1804,0.00013093912049181675,344.0682165969896,-2.034090334062843e-06,27.46474997353236,359.52869597563125,35.05259221861568,236.340077889081,12.71613281455242,2.6917820167323114,60.36470274902327
1805,0.00013336866811476357,344.08308483117617,-1.9297659831638374e-06,27.95079819780367,364.30370432998336,34.26830496047014,240.8050768734757,12.62431267799198,2.7297852284332054,61.31991145746931
1806,0.00013569513718741965,344.03212826398703,-2.2700276615592782e-06,28.13437244680133,364.3432293357412,35.86203937905529,245.35442979440427,12.734325994930348,2.7363256272318086,61.22344968188294
1807,0.0001380950785449476,343.9982430498625,-2.502610819376687e-06,28.45865602722048,367.234932813752,38.3672604417311,249.98973028864765,12.831973358155818,2.7751216953268134,61.706469136452746
1808,0.00014058284554258364,344.01692130083245,-2.3817073509043506e-06,29.185241168144344,380.03527200344246,35.856927524412626,254.71260210039253,13.369384811449004,2.846709201622861,64.08195973155631
1809,0.00014281428739817354,343.9181694268367,-3.046126320715499e-06,29.128658126909023,372.8486855412818,35.88850330801779,259.5246996500284,12.94143865973299,2.8018920476325544,62.71002212876877
1810,0.0001453863520372517,343.9540981381731,-2.8143286179692046e-06,29.42453241885191,374.7180119050739,38.15672600158097,264.4277086136904,13.012132843244911,2.82398353235988,62.97351665449524
1811,0.00014762611427609695,343.868458996339,-3.390247212492454e-06,29.40578755819684,369.2694863079116,40.36351490342033,269.4233465137509,12.871402399513393,2.803000630901314,61.82960599561912
1812,0.0001502155494383283,343.913791092942,-3.0937338642905816e-06,29.420298496849927,364.5806874718721,41.75970724451375,274.51336332046753,12.730963817667092,2.785422830614805,60.85746996681422
1813,0.00015275331574538767,343.9806005472143,-2.6418441173095157e-06,29.7784760297943,365.91388742059627,41.95454083933808,279.69954206499654,12.626185638831178,2.7962887210753067,61.13613019851266
1814,0.0001550691785964633,343.9514434652167,-2.830559597528263e-06,30.547851858136703,377.9855416791419,42.887637597185424,284.9836994639884,12.963790027634335,2.8937253673868346,63.49192822884616
1815,0.00015733418733192777,343.8650577810326,-3.4129298180890413e-06,30.644339540877155,375.5806647955672,44.3182407396715,290.36768655598274,13.066021719780442,2.881174396667863,62.87157569872296
1816,0.00015983424532025326,343.8644875345543,-3.4260023808828896e-06,30.79985621905832,371.6298227687404,49.03968263785045,295.8533893498271,12.698183088806628,2.8945196297552065,62.14643251873565
1817,0.00016218936443312078,343.8283544035297,-3.672095946545949e-06,31.198395410103,376.4429441283954,51.19270203822854,301.4427294853444,13.076546506230793,2.9394259653777777,62.94153100870699
1818,0.00016473141556822967,343.8623813072178,-3.4475851661298366e-06,31.68760831940507,383.9142096017897,51.50323307965797,307.1376649064832,13.497278072979814,3.00197823341283,64.26768048931984
1819,0.000167084682442339,343.8402439216769,-3.594493476063713e-06,31.84544135012051,378.3325838344464,51.74568402079672,312.9401905471849,13.018464152385413,2.956182587777584,63.25758927353961
1820,0.00016941571714101618,343.78930756061345,-3.939128557155267e-06,32.333394668843965,382.4197482792824,52.536188666166254,318.852339030208,13.002182670483212,2.995581552829647,64.0766432984354
1821,0.00017166017376757563,343.69099013566927,-4.60687034254403e-06,32.52138863261211,382.8975341008877,53.36192137594931,324.8761813791553,13.235943672593384,3.0073087305857005,63.98744908758229
1822,0.00017441415589509483,343.7837095420357,-3.994530433566427e-06,32.73451051970765,378.6708004400731,55.45545553908207,331.01382774395324,12.715016778190462,2.99428323979268,63.22724653024458
1823,0.00017672855017224193,343.7682653880447,-4.092538378360583e-06,32.75571508609182,374.3931813157347,58.77093689865056,337.26742814003603,12.632634916836032,2.994537839050356,62.26076437261461
1824,0.00017928566935844915,343.8127707090173,-3.792685624773048e-06,33.05197869569693,377.040711415511,60.46706103892188,343.63917320149545,12.995663056691647,3.0211119809130493,62.56343379800663
1825,0.00018166470836219564,343.8101034156458,-3.8059739193488925e-06,33.52533881675272,380.31674976188685,63.11152300049372,350.1312949484597,12.872461229997604,3.071614761914363,63.18578955390959
1826,0.0001839763389301125,343.7653991540965,-4.10578371979256e-06,33.74810290483613,378.8222655140124,63.69625002551382,356.74606756896884,12.847946558125464,3.0591930934332394,62.815941509777446
1827,0.0001863580836288704,343.7313135674899,-4.339560488871696e-06,34.15505001036133,382.4773392117438,68.30482987530272,363.4858082156222,13.016080869656845,3.127305636807274,63.38999010724139
1828,0.00018883999786229277,343.7373017505977,-4.304073518057665e-06,34.99912851284667,395.9754324666183,68.98226920380725,370.3528778172763,13.520464298618515,3.2310008822057386,65.90535948629658
1829,0.0001909818400952783,343.63285464979765,-5.00818519262323e-06,35.0164051294104,389.1746282041487,68.39394371528422,377.3496819060771,13.139440279288412,3.189500783985872,64.57289823663554
1830,0.00019362752960891283,343.66952386320804,-4.772379126562995e-06,35.40215533786149,392.1065328641397,91.36832944303303,384.4786714601173,13.264515054652378,3.406492166875057,64.94076179033591
1831,0.00019582692672985647,343.5978923651001,-5.254248987991724e-06,35.37418704933364,384.20125072452805,86.70145062998854,391.7423437620133,12.965550560574089,3.3168917025616285,63.33682174076503
1832,0.0001984537142515927,343.63744742918084,-4.9952182579502106e-06,35.562723492003244,382.363398002473,86.79580075587685,399.1432432737022,12.961496084798576,3.316047923811443,62.87089656141417
1833,0.00020100945796933543,343.69314682692095,-4.618286818437341e-06,35.98083111069253,383.4537927943128,88.77741696436878,406.6839625277659,12.827355939976549,3.342535309207534,63.06958370159948
1834,0.0002027951554234593,343.6673055401396,-4.785918049852765e-06,36.76106096531176,394.1429023376304,90.52129829779416,414.36714303559467,13.102359030322225,3.4371764833811347,65.10499264081507
1835,0.00020592407075169564,343.5657693989443,-5.470293741234276e-06,36.88278972577237,390.5551391819573,92.61388732182812,422.1954762127074,13.133551767620194,3.43109153314582,64.23544316564437
1836,0.0002080236976386486,343.57305781636717,-5.432010543334543e-06,37.24729235142932,389.978664389183,107.07903985017182,430.1717043215536,12.867133430325904,3.5606120619485004,64.08016333132153
1837,0.00021030339728224522,343.52382955030635,-5.765937158120443e-06,37.69980677552597,394.75650376781886,107.22316166862704,438.2986214321273,13.270384331682742,3.5905748734495657,64.82242714481194
1838,0.00021290788548761818,343.55901377849005,-5.5349451172359125e-06,38.242109615281024,401.2961870125921,110.99128842241184,446.5790744007285,13.605264977591048,3.6773493839788993,65.94724656685626
1839,0.0002152289903021951,343.53541334972584,-5.6919344789941435e-06,38.51117555601762,396.9116368644367,114.73585303910576,455.0159638672159,13.18858094627157,3.6804199625611256,65.11131218043978
1840,0.00021752789472280883,343.484440331363,-6.037030578631372e-06,38.88776194382017,395.88091618643386,122.91642713139277,463.6122452711005,12.8895445368548,3.7424452069524783,64.92298176034035
1841,0.00021973237916326778,343.39335571902234,-6.656179454690718e-06,39.38162316774325,402.3727418168372,126.79434586668684,472.3709298868343,13.43207834144722,3.826558744119807,65.9454451837981
1842,0.00022252136747389557,343.46467201973485,-6.187222466574318e-06,39.618728876147166,396.9951221368095,134.2652382555226,481.2950858786597,12.928627400551376,3.856907997872313,64.92167359416241
1843,0.0002243808185023074,343.4682884558315,-6.158841026245979e-06,39.6532638222405,389.73678087183737,137.23492960494733,490.3878393753855,12.63268139047172,3.8533093925905946,63.424060913522
1844,0.00022792915719601074,343.5113314856342,-5.8674435698245475e-06,40.04426499219912,392.7074417140548,146.01709233738427,499.65237556546936,13.024345477938166,3.976687412934379,63.76245430030204
1845,0.00022982489774588496,343.5097440035968,-5.8732035047404296e-06,40.66967666700967,397.85005599568376,160.47390306954614,509.091939812788,12.999929821414131,4.15428124651865,64.68556723249593
1846,0.00023208926412146097,343.4632201373199,-6.185093665141103e-06,40.975199745155024,395.9082621735635,161.9589046391713,518.7098387934867,12.972553554670752,4.138125135238822,64.24405152639606
1847,0.00023445325660949968,343.4279892746236,-6.426742685792856e-06,41.61647167525484,402.9851574748714,173.931547660701,528.5094416543077,13.271530276425436,4.301750207921762,65.44362075203811
1848,0.00023692166572085007,343.42522127869233,-6.45038951913088e-06,42.449470629613735,413.5582929452125,172.6606739956153,538.4941811928003,13.6475822359264,4.401966128843545,67.39824375327751
1849,0.00025575897590354577,343.3270524737156,-7.113151618558433e-06,42.63396460567202,408.9399341234632,179.01348729147213,548.667555059829,13.424114595690698,4.442860300051104,66.42707154065786
1850,0.00038143335892218644,343.36681915843917,-6.856138254531669e-06,43.142363653343445,411.4628743194825,188.2971892915022,559.0331269848,13.456576847229837,4.544463775546904,66.78304875030415
1851,0.0005153791880776565,343.6668763277338,-4.834983425514066e-06,43.15191370777477,402.2448152541545,188.9473101241581,571.5715188356,13.172439920844475,4.5065997179040895,64.9500465918497
1852,0.0005544457589538752,343.839214582356,-3.6432157991450166e-06,43.34412933408961,397.4985199915501,196.569620882664,585.1317127862999,13.001819323507366,4.548173376622195,63.95789986488204
1853,0.000577193943086545,343.9364804276586,-2.960970288859134e-06,43.88435962687079,400.3388041437756,205.03437818073465,597.206708427,13.034253236711525,4.645593816185576,64.44555417814735
1854,0.0005997520786902021,343.93565758256153,-2.948137664770368e-06,44.80907906406347,413.399131509534,241.471087383668,609.7889384575999,13.421990057867442,5.062418700342138,66.79469521937582
1855,0.0006224310090080379,343.8198415436211,-3.722468043358447e-06,44.9570538963326,408.11045388038974,243.9077243416637,620.8449041582,13.373651283699798,5.055876658386677,65.65156397841133
1856,0.0006456304382178987,343.8530064805607,-3.5094916746730923e-06,45.32147323346321,404.8549167301799,260.8928804939152,630.3639650386999,12.946146656322552,5.188552235176194,65.04253470413643
1857,0.0006700941310213846,343.8094250788667,-3.802623953981621e-06,46.01300693840024,414.6731918454804,263.45150898261613,640.2819202991,13.660998095817272,5.285746479984215,66.72779876959439
1858,0.0006938407155112795,343.8475207898722,-3.550541976283134e-06,46.54057728835799,419.0140236088295,267.60777029654656,648.1239126195001,13.9294510182842,5.3613428075002,67.47060376347301
1859,0.0007180440705945497,343.8349509950133,-3.632567965909216e-06,46.94962615479032,416.2997484931252,285.2848881882301,655.1625586096999,13.531486507079054,5.522088205892609,66.95694733909333
1860,0.0007424199184412631,343.76803559084044,-4.083611630568826e-06,47.37614022716783,416.0639965860974,314.4307082512235,661.0624675498999,13.338568923855494,5.787726354552483,66.84953492841794
1861,0.0012728541823840214,343.68934422745934,-4.6205417886155715e-06,48.23468669993056,417.2441372168871,331.4036247223157,665.15888078,13.667803666757012,5.933301365192519,66.88575551122409
1862,0.0013335757250384783,343.79231151264946,-3.937598485985683e-06,49.13056211810905,414.16280656087633,336.63652412522435,669.2572620000001,13.27771597474367,5.943503850094243,66.35896016165403
1863,0.000888283194873505,343.8006212802107,-3.874086943759217e-06,49.710222528728,408.1224194075052,357.2415719165729,673.1290102099999,13.044741272187805,6.119347249550137,65.00963540040021
1864,0.0009144776621597968,343.84753066618975,-3.555087738057458e-06,50.66032472624755,411.3310642864957,383.7596460235925,677.1849363201,13.42555248261248,6.376488796870201,65.39906664161046
1865,0.0009407790029823068,343.8468253665294,-3.553991064604413e-06,51.98007509857536,420.4890049801762,406.520184025051,680.9942922301,13.656138439945162,6.64379561561145,67.10347351160692
1866,0.0014730760507848818,343.8107207754483,-3.795408537254698e-06,52.74699292831513,417.1011849314015,420.4531020747053,684.6173553401001,13.57734060635964,6.765960834568206,66.37528156013664
1867,0.001535043849145944,343.7840824980631,-3.978016682167117e-06,53.9410217812425,424.2969752987472,449.195302727825,688.4915933501001,13.897618510058097,7.119763794229744,67.66026448741948
1868,0.0010913716171359702,343.7929517016743,-3.92205625415751e-06,55.287673564162375,434.930228259825,460.2890533707007,693.5563405601999,14.331588558352989,7.325189710974375,69.64729381366908
1869,0.001119921239827733,343.69895398343914,-4.5551521709811385e-06,55.83359728305401,426.4036167290826,488.4396241025042,697.4433647801999,13.94409189653389,7.571114078764871,67.9294955911712
1870,0.0016540266022637723,343.7642854912684,-4.125058322613306e-06,56.9965923070036,433.2287624497814,500.8359387643198,701.7352482102999,14.20074407011024,7.762947987099056,69.12187693609928
1871,0.00171734270750248,343.6931795838088,-4.599999710187553e-06,57.57401422057298,425.1606513202936,532.2577502725627,713.8267220509999,14.02316495520306,8.019553553652756,67.42862357960736
1872,0.0012762703462788876,343.7589068105069,-4.163691130830424e-06,58.18710545429253,417.7442733570141,587.5811859353356,739.7925122527,13.725273260938083,8.48727315533725,65.84553711122807
1873,0.0018119891631101762,343.8340495427833,-3.6528290862367837e-06,59.62016165313301,429.2802890411377,623.305759245324,775.9784934352001,14.156463683462135,8.932963275339493,67.99437045089431
1874,0.001876877209389237,343.8117622862968,-3.7936070646055093e-06,60.88850035180588,435.8041800080444,590.022181224642,819.7215684281998,14.352255685607926,8.75070146459621,69.34908007240699
1875,0.001941944975258384,343.68770648881707,-4.628352302754736e-06,61.44717029579096,426.893495453106,634.8985489837439,867.5279967715999,14.16158404148277,9.09083843679748,67.4820885998621
1876,0.002008643050751384,343.76292099960483,-4.1346634440751584e-06,62.60294810766919,429.4805477313967,644.7162037693784,915.7927965251,14.037110848208748,9.26618957848136,68.07266489194261
1877,0.00207491935815711,343.7139818062285,-4.4602557446212214e-06,63.64524258623489,434.0603459961696,658.9603312260903,961.8957032583,14.496477320282102,9.510372735561647,68.7783807279057
1878,0.0021424084116373966,343.76425852289276,-4.125605870222573e-06,64.71120382869425,437.9599497693981,662.4475459391701,1001.9468371312,14.790857471244523,9.59766004197736,69.46979574102357
1879,0.002210046136468326,343.77128813756383,-4.074209865747338e-06,65.90279841258594,440.8517590737373,707.8810191692077,1035.2681933234005,14.607011947076726,10.093523219758184,70.08572001647862
1880,0.002277744299037302,343.66346732020673,-4.798230311594913e-06,66.66498430210106,437.365727538686,803.759667839386,1057.0300940048005,14.40860199170044,10.936322336520524,69.18788119083449
1881,0.002346096295959797,343.6332942966741,-5.01200608558129e-06,67.70670094788971,440.9737248225101,825.3182472592117,1069.3775926056,14.885095684041412,11.293506730684229,69.70896888997471
1882,0.002922740514663648,343.7411581447259,-4.2921022403290634e-06,68.57787523920716,436.0786301154982,868.2868736487579,1082.9192388862002,14.484440945619417,11.738848201266975,68.75016748711803
1883,0.0030270361940327646,343.7711047014535,-4.0811752427081074e-06,69.18597910133236,428.2212034304951,919.3900693514222,1093.3152895568,14.270504913420991,12.254384026795949,67.06254475755776
1884,0.002627128239497207,343.8583556942222,-3.48777396146102e-06,70.48060514662333,436.5183491794865,926.55488681631,1102.4560381272,14.80607458863925,12.467245528478312,68.59402326244992
1885,0.0026979273427350865,343.82711057152255,-3.687322204913055e-06,71.60546241341835,438.1415385380004,932.3926773436464,1112.1977865776,14.757077388144165,12.570266226675043,68.94977818435397
1886,0.0032753961660135452,343.8238728988865,-3.709097711574262e-06,72.58254388217381,437.7333268549245,946.6222191668428,1119.6480017279998,14.8946765949723,12.686263225278177,68.86926284379062
1887,0.0033826011767777837,343.81722048978105,-3.754188048737738e-06,73.77743063310328,443.1077381376516,992.9671993131536,1128.4210779784,15.17142122940599,13.190955216647929,69.79403942185417
1888,0.003490657757211443,343.8481390676197,-3.5467975158182203e-06,75.11035553057255,452.5023079705392,1095.757641894575,1137.8598364388995,15.575101840595128,14.34215496072484,71.4272374400245
1889,0.003598732926247935,343.77254929008143,-4.052779356853971e-06,75.9296001940716,448.6908696327024,1097.1201592020911,1148.1349188993004,15.52671145957987,14.33482126267808,70.65718771639492
1890,0.003708992959045797,343.8582611392467,-3.482635129138833e-06,77.07862319106741,453.89903232867,1191.9929685378445,1187.2523611699,15.791948531981674,15.43278649207452,71.47659716602703
1891,0.003822287364415829,343.81806325851755,-3.7465162928979158e-06,77.68229292407419,444.382731801162,1247.575064702637,1205.0604078505005,15.579730291609284,16.026797541235865,69.53172190504567
1892,0.003938611577702704,343.90884011862613,-3.1374495975695425e-06,78.54558088981553,439.8086590465999,1256.70753689652,1222.7773400311,15.42330661793472,16.30684661199453,68.66391958974123
1893,0.004054535373309105,343.9803198641197,-2.647381333072541e-06,79.81501328862245,443.3506557921903,1238.1078978437354,1240.7784830117,15.487544397540828,16.215991510549767,69.48705801909811
1894,0.004677444698377645,343.97581385442186,-2.6676622174196544e-06,81.38345626276687,456.69603250902094,1286.676887389371,1260.0639709922998,16.058103476502154,16.796573244078445,71.90804380664727
1895,0.004830184295275186,343.85329462119034,-3.4899950254855948e-06,82.23116014335764,453.5518850499526,1362.1187957936836,1277.162714483,16.157372163559618,17.66577430948931,71.15178658195539
1896,0.004479637494044966,343.9052846578536,-3.1518694801371165e-06,83.00005426186281,444.0944277814877,1405.9557640537669,1294.7834371737,15.549146160517685,18.15088035932663,69.42267705803128
1897,0.0051062554879620385,343.92153274692816,-3.0406686283132883e-06,84.39253635318506,456.4122054736632,1473.038386097507,1311.3342798643996,16.510755580021115,19.01112916061584,71.54673250412924
1898,0.005263662451057917,343.99947895749006,-2.5136194109124597e-06,85.36127162189973,456.6037673563168,1551.1755446467898,1326.5243872753,16.74484506455168,19.98900756541145,71.45665951589594
1899,0.005422118653008338,344.0689585343425,-2.0370414032509904e-06,86.70543386559314,462.1035993919434,1697.800965876801,1341.4157593860998,16.734826622895593,21.642463314519087,72.46072255843502
1900,0.0056188346938727506,343.9952133285468,-2.5237239032003395e-06,87.61328845020651,459.5444668504325,1788.8209389436147,1356.1629601771,16.71573998916366,22.66210070818357,71.90656631461616
1901,0.019141559885760967,343.99263824730576,-2.5457614334441697e-06,88.39116711070807,457.6168305058551,1848.660825522177,1369.1033723782,17.086816972944238,23.51382736732285,71.63263161162581
1902,0.03627691111792592,344.1317115901219,-1.6110509094130751e-06,89.26282464192792,455.0261768246298,1903.112290049174,1384.5154813794998,17.013058292877986,24.163401119203183,71.24149846316587
1903,0.04165261993589013,344.1942881638255,-1.1757770654054426e-06,89.89074056747505,449.9625304110428,2075.742537501805,1399.3553779808997,17.047268493429016,26.04768030432168,70.25376393283156
1904,0.04902197448470443,344.3292666498879,-2.562476775647802e-07,91.35674942842638,462.6217650299278,2107.614100896002,1415.5977556825003,17.737432960200962,26.50752099131453,72.88437625246438
1905,0.0632206256411242,344.3315914466351,-2.233922178354743e-07,92.4013243220992,467.44012883738543,2243.7267128686976,1432.5630821842,18.2980148739324,28.1580284765171,73.70973521692333
1906,0.08462828954323853,344.35636003062166,-5.116381443725912e-08,93.2499831638467,466.4356478967891,2360.9161104099794,1449.9517987859,18.41936116273716,29.48689883596641,73.46173851221981
1907,0.11130322751701996,344.40717131885776,2.9512234184489713e-07,94.5608019449233,480.3174563577665,2663.74455893856,1466.7515752876002,19.46355752125633,32.47930467684103,76.00444514305916
1908,0.11095907322584007,344.5217905862785,1.078627821119321e-06,95.71237193404863,482.5826340091374,2576.958063520148,1483.1246563894,19.626144340779305,31.1328570372851,76.85623799627187
1909,0.13822069562626346,344.50327004831104,9.914994400143956e-07,96.46669460330284,480.6894687863213,2672.675264874804,1499.1008974911,19.84444900904337,32.691010925715105,76.44087709943787
1910,0.22081814596801635,344.65927068151314,6.081840349448493e-06,97.77187102780432,491.4713622185322,2805.9632504058786,1515.9448328926997,20.447254063280084,34.19279814080697,78.48124342715315
1911,0.26181989396572514,344.7176303035861,1.188078769007321e-05,98.4293811567004,482.3736483687901,2861.986256767045,1533.7058148942,20.38225950415204,34.43465077956312,76.73370568501319
1912,0.30081491445785885,344.8925234561225,1.56700295342496e-05,99.26614632335712,477.9889214580395,3004.722071779436,1559.2342549957998,20.42827701388777,35.92235270992954,75.8316081908469
1913,0.3601460112273101,345.11653221450536,2.3981505410066723e-05,100.61255837319116,488.2676034939648,3259.6494608068774,1589.1170288973,21.198232288606768,38.08608969798272,77.57996159883326
1914,0.39593107850984377,345.4187744166864,4.052599011375922e-05,102.28405865111168,494.4978826289548,2973.6665402766857,1621.6230606987997,21.34701391680138,35.13405679461169,79.77807342879137
1915,0.4434340023406934,345.6604162703552,6.59149132079441e-05,103.0579197466507,484.247684884698,2942.519810470517,1656.9581757,21.293131630168947,35.09148717862071,78.35040062356745
1916,0.5596672324446405,346.2807119619703,0.00010207216380958311,104.0889435206624,482.95426600786,3170.958207253671,1693.364384602,21.68369609875326,38.07157452770289,78.27985154770643
1917,0.6901960713303572,346.83582036241927,0.00013566459650238017,105.4397414501963,492.9600447524987,3285.6216442218943,1728.658904703,23.0041909467954,39.75198229077258,80.4548180697849
1918,0.755885588667644,347.4157352228195,0.00016393456401269198,106.74593160054404,496.242073076373,3251.813367074211,1761.607494605,23.380211688926337,39.42498449874762,81.61294813978053
1919,0.7665492186831563,347.76350367339046,0.00018506817905073389,108.0951070437788,490.9794171167238,2861.4210084405945,1791.4698467070002,22.75197625507395,33.93663047851452,81.67724386438958
1920,0.7871618616246476,347.8773008302927,0.00019834715954762156,109.13363853305732,498.87459987539705,3309.215240097431,1818.808185808,24.03917530124086,37.54682245999263,82.96992111207
1921,0.6769909977704313,348.2595050033957,0.0002179731827906297,109.80934796264432,486.6136241874396,2908.9688897985466,1843.60698111,23.474672096704147,32.04941278054283,81.18725519244387
1922,0.6231693227462856,348.79842576577073,0.00025162506426284955,110.48581040150992,484.8273418444006,3092.4139992625346,1867.742388511,23.819843633161792,33.84898546620051,80.53069430512947
1923,0.8633562369663331,349.44894328309056,0.0002920127900865773,112.25356413194692,514.2343951443905,3516.25242540537,1893.417387913,26.32202242788179,39.38589958706581,86.27583424473677
1924,1.0821138055467905,350.2174356093781,0.00033626697998234326,112.63350596587964,499.0974143950571,3555.8300563616726,1920.280892515,25.587789988457967,38.982972280573016,83.21123114220697
1925,1.1753106211561941,351.0006983178656,0.0003899626565166403,113.6704269189651,502.6957687586778,3604.712597949596,1944.746823117,26.22160478298548,39.41628780998716,84.06174423454924
1926,1.2627157609018538,351.78590443989924,0.00044146607523373196,114.54563027246536,499.041820374083,3558.887022475052,1968.032742418,26.46434217472057,39.55611645919673,84.16877083488303
1927,1.3984152818291369,352.5878957700038,0.0004925274331842106,115.74747998347532,515.0910883833536,3928.221559555052,1990.26940782,27.91811904950004,42.21370855415179,86.52753524964037
1928,1.5932468955586223,353.54941206597994,0.0005633181785284845,116.7958666079441,515.8400889336957,3943.582918503044,2010.725377121,28.145575293203123,42.06447172030944,87.11586336850812
1929,1.802703491243919,354.57031218775836,0.0006501933319561531,118.0199977157874,527.0535755087527,4239.58622471837,2028.074719023,29.21456635771085,44.73465018561838,89.37670246877072
1930,1.8193798821192735,355.7291126520972,0.0007511351192429716,119.67017881003574,535.0349028180784,3931.5348799967705,2043.0677807240008,29.041433054838983,41.51990606932174,91.59573862667057
1931,1.6632266919370076,357.05974396290935,0.0008616867510208255,119.90750782308882,504.89813450435264,3549.6455181382203,2053.983826126,26.95423625858755,36.63913266166543,86.48531866506026
1932,1.4670619469560042,358.99875849045645,0.0009784562463440378,121.42198728704908,510.1823315036154,3225.7182395467908,2064.648995327,26.74457594512289,32.251895421366335,87.9072537284969
1933,1.3738421965604952,361.21453669636105,0.001107394967624439,122.34376589659304,508.1160120584264,3383.9424868643987,2073.5596315279995,26.61269602790784,33.93713756563494,87.73926442282286
1934,1.4864816625730244,363.72932819283295,0.0012606301268080792,123.95329985100088,528.0331660089164,3666.9673367819296,2083.434566629,28.25939192143621,37.30163266035201,91.49703968423375
1935,1.7896516313335056,367.0290123438681,0.0014563586206438744,124.8946043872966,529.4409406291938,3849.855802224696,2093.473151729,28.836652455946016,40.09333853070194,91.90214074154562
1936,2.2118341715749157,370.7507281627537,0.0016851883171560321,126.46470475438792,550.0398548533171,4215.45707271199,2103.27340593,30.75030733480719,43.12786142043625,95.83484543323485
1937,2.6650713101946515,374.7704869614297,0.0019225734610724813,127.18233706750796,550.6109419060176,4511.311211107546,2115.583882032,31.4518479578782,46.39105112796913,95.84567433043011
1938,3.0848451847280196,378.7424558161889,0.0021641472000166325,127.90539303616418,535.4268484555511,4255.96843867095,2129.097792433,30.00000650910028,43.01883965710126,93.2370606174549
1939,3.5319236302869395,382.755635542081,0.0024281879339903205,129.50135676592018,554.5379171230255,4516.846720106666,2147.484085035,31.64022958212725,45.9488545379652,97.34535423251212
1940,3.8987231727838765,387.48419695833115,0.002738442845675165,130.13499426241637,550.4654056455058,4882.854452426038,2167.531924737,32.71883330406874,50.23977106039386,96.49612886832482
1941,4.468960409890045,393.49476248696385,0.0031205466253962848,132.2180939399341,552.9500650768001,4973.871648052171,2242.1203195410003,33.48198015439874,52.14654754131045,97.09407345232208
1942,5.5260309757759964,400.4651216085688,0.0035840166003112575,134.70602408126945,560.1841861089208,4980.163241406385,2403.5636976499995,33.980486342872055,53.32090163909221,98.65719695401302
1943,6.941954958495258,408.6874555185933,0.0041308855837529,136.62968688428126,561.0185502959332,5141.019628817479,2636.053052463,34.96119084124996,54.13624125624317,99.4863464447604
1944,7.141584314478596,416.71575469446725,0.0047110656446727826,138.93105622391963,569.4275578497453,5085.933086352678,2912.496904077,36.03881655583992,53.073505040535714,102.00830515112276
1945,5.294745783898361,423.5040802408238,0.005398898061292975,141.02296395690516,562.3881403027648,4327.405026380107,3215.8730337940005,35.50969960167764,46.7569020311827,102.38686289278726
1946,4.216100289926143,430.01689480063203,0.006223498111994036,142.70640224525258,555.2899629515077,4742.566944249697,3522.872150911,35.50602086858594,46.202503687994174,102.65818348678006
1947,4.78460261448562,437.0341604834248,0.007099167629877285,144.7944964951042,563.4037753734774,5313.062133092379,3815.763524827,37.73867603450445,51.876230112361256,104.1573676076626
1948,5.382329756580519,444.92858716840834,0.008024635413048542,147.27202945137043,586.5360800457117,5649.648193895278,4068.702450543,40.05786821748217,54.2400156975523,108.09641738801687
1949,5.558610769821168,452.99933689861325,0.008976219831812005,150.21571488778258,588.4410386834926,5551.76102167083,4264.104068156001,38.96806771197776,52.31608637500197,109.1544257771438
1950,5.796669813279552,460.65693892581936,0.00996300196692961,152.20100844625213,619.9439709148871,6213.731175741306,4378.4987146660005,43.133465347661485,58.20628819753501,113.85984719531824
1951,6.497206616196154,467.9689156248136,0.010973284812727899,155.27193516536855,593.1994505844021,6659.606041065716,4447.580050173,43.19932780037668,60.663231512792365,109.0909544187218
1952,7.216033537658696,474.9169934578271,0.01203835021842695,160.57335760480584,606.9563399935745,6786.099891797026,4514.631057479,44.29775813127395,61.4498930861673,112.61821090484104
1953,7.773539774596465,482.4566040963268,0.013242620353777148,165.68183230817434,623.9750547982311,6984.021272212278,4585.338771385,46.15027419486882,62.68709013819596,116.77653779023557
1954,8.305627149037726,491.1188339072843,0.01461510856170402,170.37100791893153,628.9096635314064,7165.186494854506,4658.918555989001,47.14223946545323,63.10483375289556,118.7896928573186
1955,8.732748213555535,500.2789584528489,0.016179904016568603,174.7404470567501,641.3267253315221,7837.469427759453,4738.573835594,50.45064783117852,69.00315621483612,122.54258151361353
1956,9.098241888717677,510.78155839319345,0.01796840953681732,180.671117460758,673.8062290292883,8395.391090472882,4819.784587299,53.89237305648906,74.12190737350447,129.82302004314178
1957,9.324989909198148,521.8436064272212,0.01993143753459189,186.0555677386444,695.9496130566932,8738.87258426779,4906.311841004001,56.5021551728775,77.62640658359288,135.59152056062854
1958,9.574622365144073,533.2910922733098,0.021999999082969925,188.38553994967657,661.285485841322,9040.538849588274,5002.815188009001,55.97930462125906,78.56142199356961,129.20858361180427
1959,10.09971719150434,545.6799629139846,0.02425538707100089,192.68675731110372,665.4367222123257,9541.019562638574,5106.721646316,57.53015334391428,82.51022591859517,131.21049744121555
1960,10.901594210298827,559.2924572997395,0.026848796512598527,197.26110047577143,668.5656629833454,9998.246946524006,5222.367036224001,59.57552345381066,85.80760420569459,133.33681491027784
1961,11.800112930955947,574.3237854841514,0.02984568141434622,205.13834130452685,701.0053452576341,10084.929428517677,5570.292268933999,61.54958481798603,96.59080751826748,143.56526348207862
1962,12.782336868990113,589.9960802582965,0.03330582507989371,207.2122991826155,678.8492233714484,10511.070556386998,5779.894617848,63.50039853408268,98.59311393203902,140.1058920148071
1963,13.714789059017656,607.782634309239,0.03732560820653486,216.1922655897532,741.3196016175318,11125.941126809785,5976.276517865001,67.40220069384505,101.67847108515984,156.13095399196706
1964,14.509756351319037,626.1015228260378,0.0419176027551519,216.5561629558192,689.1114600087734,11702.72338418647,6199.344235183999,69.79921330180835,105.49869079223198,146.45477556142896
1965,15.395566158269618,646.9912875016819,0.04707829472527227,222.666415702745,709.3122962703268,12246.75033387149,6465.560236103001,72.53323808388623,107.9591805044858,153.40539119426893
1966,16.478926167550433,670.2440154897861,0.05283791361487175,226.3106958020585,710.941466458106,12831.86689595858,6773.507547123001,75.04521589509099,110.36645496630516,156.4949809106804
1967,18.06123501541722,696.3901862200338,0.05929226718718666,232.33314648826573,746.2098208746951,13287.15772480886,7041.513557943,79.47428379478379,109.35519326684204,164.77531621039864
1968,19.727390107647985,725.0820858086796,0.06651796546140706,235.33540266621625,740.4824182303034,14051.668413799567,7256.009223461,83.46364336032607,113.55959768195832,165.09570877308497
1969,21.229603712489684,756.8518636014909,0.0745404902696381,239.18485161256532,747.0297315350706,14883.396807382682,7435.615435577,85.61259582540912,116.75347887979434,169.68157132242786
1970,23.090875461400863,788.8998852690806,0.0832810260973534,244.4183955462925,781.037552297546,15843.285019524576,7406.667102285999,91.39020745252596,122.86787802343206,179.6859546683907
1971,25.289990428101504,824.6305718209587,0.09277261062474795,249.2895330837902,796.2029425301106,16527.550099634947,7327.060018163999,93.99546396102052,123.2413270963095,183.53555789915328
1972,27.56562672856689,865.1952307465156,0.10324040063811214,257.2102054265862,868.4735707547015,17246.695642406547,7746.900966143001,99.31304653589834,126.7324978756456,196.66552470793948
1973,30.06858708520184,910.7089412773469,0.11486046764825099,260.2947249743578,826.0293132269293,18233.00875050532,7935.570129016,102.61034748182163,132.4288265395,186.52593193281965
1974,33.0693818151466,960.2106618270808,0.12717650331167785,261.8082770537653,824.6214022160059,18132.22699535329,7909.792366794,102.07597772266304,130.53960340695352,183.6005250821906
1975,35.03863265268844,1008.4220534046465,0.13945053230765836,263.0585486452576,816.9194858581777,18060.67209074829,8180.647431373,101.05436634134072,128.16559132593756,177.51306730736252
1976,36.92881728778884,1058.3777064707988,0.15155273378825873,269.9482096580869,856.063491529847,19035.556334567314,8409.325612562,106.04776773719762,134.0976168733828,186.247427298102
1977,40.51529593041882,1112.6062088227802,0.163472171609345,274.0301524027072,868.4313096928761,19657.66065284009,8640.444044551,108.58561919463652,135.3432377512975,189.2255322560173
1978,46.879880224703705,1167.1139597774818,0.17481430983374552,276.33335446294114,897.405148357044,20454.216964332376,8837.869319450998,112.559632775152,135.83417396469358,192.93479554653743
1979,52.90907031366791,1216.383238320471,0.18537851538584801,281.6000656120118,900.4664227016348,20999.96015693616,9123.75591774,115.0059618980382,138.02440074525126,196.0169028731842
1980,56.024639795141695,1261.4574211537781,0.19592469312458574,283.3464702351544,890.5114951943987,20707.595338894927,9227.258503439998,114.18617964344467,137.3534112392945,194.39124204024887
1981,57.88153539694616,1303.8423149619532,0.20661087599012823,279.78942071631377,875.7816094417443,20298.599212495,9121.12526974,112.05454255022292,133.16990108345564,189.168613859002
1982,58.13144571608959,1345.0315291216618,0.2172299971915611,287.6693153882337,967.4292982868149,20071.086666767103,9494.515702535002,112.18814146211471,130.86045303509695,206.8844647776702
1983,59.027988588202135,1384.7969203579075,0.22760702665383922,281.617658355317,862.0214943304857,20092.38693630408,9530.292752735,109.32740265686684,128.90373447756497,183.83582233478344
1984,62.724787808055716,1428.177096187883,0.23886776840543422,285.00304516787423,889.7020107049092,20590.54238517373,9421.164119735,112.74249172600256,130.4163406761621,189.3335257314472
1985,66.76053519278715,1474.0167663425236,0.2510887483045112,285.6752697155976,906.9368199480392,20810.00575113212,9421.444216635,114.50513698657949,130.744205181854,190.4568856663394
1986,69.30618674785953,1522.0921373541923,0.26398170013346506,290.8084487539618,914.5218093193048,21196.382640676227,9620.413269135,115.76976299657072,130.75455769844152,195.66522346659664
1987,73.38809032196068,1577.5919378700553,0.2789504913950248,295.0485146932872,952.061149189977,21774.340960278307,9977.11727844,119.6837540856174,133.23433411785436,203.585170051448
1988,78.30192638340122,1634.8849614601877,0.2938568854250046,298.68549508376714,950.4151874289804,22475.378575347084,9722.719931646,124.14956034787264,134.3653494746133,203.53222760721053
1989,81.97759655801127,1686.1383821878917,0.3060004621589292,302.164174394028,930.8467754620428,22760.31988168612,9842.472009051,125.2678309615888,134.41616789400453,200.31650520357337
1990,86.43828009297768,1731.8299216857667,0.3156131051133367,305.27255465213847,940.5626313485474,22671.239207930063,9862.303868651,125.6585787017536,133.9791277858574,203.0212309920509
1991,90.76810567451828,1763.256834223561,0.32357769545700554,318.7311920514537,1129.9838832525568,22683.40316298831,9968.816852048,130.37284760058986,132.7375511716136,244.42863411026067
1992,95.25348824400476,1770.3468143353232,0.32897691325701645,299.4017954744593,913.3754185979066,22521.36802154585,9990.075746651,127.16935207081686,128.2477767678287,198.23847301394608
1993,102.1051158008091,1766.1872845646162,0.3322378182331923,299.4425140657421,941.8816353260038,22695.36268126985,9915.093855454004,130.5411331632924,126.19423016578818,203.77578316226604
1994,115.58981185236654,1755.6421384336045,0.3350433653240154,310.25183676250725,1060.282744333416,22866.39316554965,10121.031398150995,132.2742148031943,123.44841524770855,231.0503542937696
1995,133.04730573748157,1736.415260676618,0.3380713195550624,305.40958889562864,955.0363061603086,23369.590160570453,10218.833691847998,132.86227726455786,121.082118475163,206.47424846775004
1996,150.14517149703778,1719.3524978194944,0.34027095694233855,307.29120752307955,930.0218807197676,23860.59967240361,10278.763319346,132.86156898475696,119.11420647057,200.87242078907184
1997,168.64581548615578,1711.7871659604207,0.34155558986644446,331.28891975653016,1204.992305406782,24092.172889675425,10590.220331843,137.60108692085606,119.55004809486935,264.67515030448345
1998,185.09448617568043,1693.8248002492928,0.3427992582658602,315.332621195414,1085.4305991966446,24150.38625357241,10128.407161145,139.05131879594606,117.02616704771498,232.31801820181303
1999,205.91365433352522,1671.8767175858952,0.34381675746677776,309.40837085260006,940.7006779859272,24410.082568218026,9868.586122143,134.49403000396697,110.87411893093665,205.11187816433736
2000,234.37437394510386,1647.7268803157963,0.3447234846975483,310.18680982649335,886.5647302341199,25259.64138333597,9603.18708684,135.53333671603502,111.14860426813186,195.3241581852736
2001,248.68704043063298,1628.2403765523643,0.3453679329072778,312.89637869980686,881.6703955806449,25493.87141652609,9722.247312129995,135.9063122061387,111.9237248560712,196.1877828105409
2002,255.34881073931024,1615.3893139040542,0.34563455409221944,322.2788312475723,970.72441719435,26010.04666526674,9991.772281121,137.61957033828926,111.20156334370368,218.4604141242816
2003,275.7549483686752,1599.353726728329,0.34565436024198837,328.12422419548386,944.7470786126372,27207.371705321853,10099.786880807002,140.19264588940948,115.10387816360677,214.40339143057145
2004,309.16178838419023,1585.635083551926,0.3457598853437025,338.9417722149104,945.5469500687324,28629.01551698461,10354.570880397,146.35020127536953,120.49372604696684,216.68728340618875
2005,328.6135891675029,1572.9355955435985,0.3459621615183904,346.39555462360056,950.5924444363928,29658.16426289044,10516.570551088,149.84999473507474,124.9806757834322,218.7880647839753
2006,336.1940209824151,1561.903012624568,0.34614198049803135,356.46968956461853,986.1510088892476,30627.93466835418,10802.561733786,153.1895927730249,125.89628423514212,229.8954395164696
2007,353.9134235127122,1551.7370574283814,0.3463969592178052,355.0225755363805,945.8695944358408,31811.600941935307,10363.481326285002,158.0892750492312,125.08757397121607,219.70587066030023
2008,357.0181328683714,1536.703461154784,0.3465893977252893,360.4917104977002,912.5104843071592,32002.12180529916,10429.681447884,157.7746659619008,122.36065090038171,214.69549502704012
2009,377.9045058876234,1521.360569242898,0.3466802144778828,364.2003633816462,917.7292309352042,31459.235187293594,10546.741937483,152.67707470576568,117.25939145993684,218.758114337086
2010,423.35882999103825,1508.3227153032874,0.3466505468333811,370.8962527865861,953.2286302920016,32890.39779695888,10539.817000082,155.4203535230228,116.3174480659564,224.60211210242653
2011,435.66631665184997,1497.2438452058095,0.34633932504114356,372.6576831783338,906.7673675143252,33917.99126456451,10446.428334966002,159.27619314722682,117.48575892006976,218.62875398112044
2012,484.9748417477263,1487.925528733148,0.346194155224972,380.80976664436446,949.6022183538888,34396.87387802417,10593.897728360002,158.23998796825617,115.66957640847058,229.10693623998705
2013,506.22333751570994,1475.1798486549696,0.34591168130162453,381.5943928175861,901.2387566412424,35396.33970060967,10759.046875754,156.0375564856313,114.64817742063164,219.3811792508812
2014,494.56202107282417,1462.3546957866488,0.3453380073683515,387.873539205888,964.047618150183,35615.57672537688,10866.283520049,155.64022547015048,114.0086622048385,233.52551800560903
2015,539.3818238924625,1454.53750302797,0.3441476233575127,388.0727956633219,934.3498846847752,35635.28629838611,10900.0,155.5204500219448,100.77116698064656,227.2448193195332
2016,594.6292058072686,1445.0598807997783,0.34234654959908367,394.14907892736056,941.119896298104,36694.81831099659,11074.98598307298,157.62741321680787,100.33736517952391,229.20016347636044
2017,620.6561511221746,1436.4376649042235,0.34048995797838977,400.2253621913992,947.8899079114324,37754.35032360706,11249.97196614596,159.73437641167092,99.90356337840127,231.1555076331877
2018,648.5561875097937,1427.9096343877477,0.3384671178707549,406.3016454554378,954.6599195247612,38813.88233621754,11424.95794921894,161.84133960653398,99.46976157727862,233.11085179001492
2019,678.0665252335485,1419.2669109301432,0.33627446555832996,412.3779287194765,961.4299311380896,39873.41434882801,11599.94393229192,163.94830280139703,99.03595977615598,235.0661959468422
2020,708.9784507425647,1410.4500328804916,0.3339215148046962,418.4542119835151,968.1999427514183,40932.94636143849,11774.9299153649,166.0552659962601,98.60215797503334,237.02154010366945
2021,741.1224619227125,1401.4406669392915,0.33141866522733177,423.7418701302644,969.9193312624566,41772.583893680974,11926.61744152264,166.41774957830134,98.6640978800724,237.9864506929549
2022,757.2901663162652,1387.7919519055654,0.32855852504148575,429.0295282770136,971.6387197734948,42612.22142592346,12078.30496768038,166.78023316034262,98.72603778511146,238.9513612822403
2023,773.883629267116,1372.6490303999076,0.32543614784970104,434.3171864237629,973.3581082845328,43451.85895816595,12229.99249383812,167.14271674238387,98.78797769015053,239.9162718715257
2024,790.6816695942713,1356.9711385493108,0.32208410215626254,439.6048445705121,975.0774967955712,44291.49649040843,12381.68001999586,167.50520032442512,98.84991759518957,240.88118246081115
2025,807.5752832573718,1341.054846546725,0.31852343792723553,444.8925027172613,976.7968853066094,45131.13402265092,12533.3675461536,167.86768390646637,98.91185750022862,241.84609305009656
2026,824.5136725136416,1324.9949486213773,0.314771807104275,450.1801608640106,978.5162738176476,45970.77155489341,12685.05507231134,168.23016748850765,98.97379740526767,242.811003639382
2027,841.4756802643908,1308.8245094282909,0.31084504618974496,455.4678190107599,980.235662328686,46810.40908713589,12836.74259846908,168.5926510705489,99.03573731030674,243.77591422866743
2028,858.4547673068549,1292.5575783771524,0.3067576108697948,460.7554771575091,981.955050839724,47650.04661937838,12988.43012462682,168.95513465259015,99.0976772153458,244.74082481795284
2029,875.4511925466554,1276.2022489039962,0.302522762287399,466.0431353042583,983.6744393507622,48489.68415162087,13140.11765078456,169.31761823463142,99.15961712038488,245.70573540723825
2030,892.4680105087663,1259.7646482443101,0.2981526846771554,471.3307934510076,985.3938278618004,49329.32168386335,13291.8051769423,169.68010181667267,99.22155702542392,246.6706459965237
2031,909.5090804593113,1243.2501472342697,0.2936585782525068,475.7522846061257,987.1278400645482,49929.9957685209,13415.28568913414,169.8017790762808,99.25649290632435,247.09016698657928
2032,928.6460706011641,1227.5115543601964,0.2891549858857961,480.1737757612439,988.8618522672958,50530.66985317845,13538.76620132598,169.92345633588891,99.2914287872248,247.5096879766349
2033,947.3210996137436,1212.0818543953328,0.28463015860942004,484.595266916362,990.5958644700436,51131.343937836,13662.24671351782,170.04513359549705,99.32636466812522,247.92920896669048
2034,965.7199670156014,1196.8180643739422,0.28008515401489326,489.0167580714801,992.3298766727912,51732.01802249355,13785.72722570966,170.16681085510515,99.36130054902566,248.3487299567461
2035,983.9464246260026,1181.6751968386743,0.2755227141798741,493.4382492265983,994.0638888755392,52332.6921071511,13909.2077379015,170.2884881147133,99.39623642992608,248.7682509468017
2036,1002.0595821122829,1166.6380313336222,0.27094564058555004,497.8597403817164,995.7979010782868,52933.36619180865,14032.68825009334,170.41016537432142,99.43117231082654,249.18777193685727
2037,1020.0940519057632,1151.7004257808994,0.26635654323825536,502.2812315368345,997.5319132810343,53534.0402764662,14156.16876228518,170.53184263392953,99.46610819172696,249.6072929269129
2038,1038.0708341935956,1136.859015063079,0.2617578084094375,506.7027226919527,999.2659254837822,54134.71436112375,14279.64927447702,170.65351989353766,99.5010440726274,250.02681391696848
2039,1056.003228023959,1122.1112845169114,0.25715160621709504,511.1242138470708,1000.9999376865298,54735.3884457813,14403.12978666886,170.77519715314577,99.53597995352784,250.4463349070241
2040,1073.9000656366982,1107.4549803954305,0.2525399060658308,515.5457050021889,1002.7339498892776,55336.062530438845,14526.6102988607,170.8968744127539,99.57091583442828,250.86585589707968
2041,1091.7675020336885,1092.887931004879,0.2479244930716472,519.8885619260432,1002.0641862513556,55803.94951178949,14637.44043535678,170.79278944377972,99.59160931747527,251.38072108407167
2042,1109.8724202175492,1079.0374722266615,0.2434777131951969,524.2314188498974,1001.3944226134338,56271.83649314015,14748.27057185286,170.68870447480558,99.61230280052226,251.8955862710638
2043,1127.757178356699,1065.5908196907978,0.2391793828967647,528.5742757737517,1000.724658975512,56739.72347449079,14859.100708348938,170.58461950583143,99.63299628356924,252.41045145805583
2044,1145.4893592827002,1052.4436182530433,0.23501794367512988,532.9171326976059,1000.05489533759,57207.61045584144,14969.93084484502,170.48053453685725,99.65368976661624,252.92531664504787
2045,1163.1065953555653,1039.5551737766214,0.23098381969653342,537.2599896214601,999.385131699668,57675.49743719208,15080.7609813411,170.37644956788307,99.67438324966324,253.4401818320399
2046,1180.6303485708934,1026.9047100208884,0.2270683712570101,541.6028465453144,998.7153680617464,58143.38441854274,15191.59111783718,170.27236459890892,99.69507673271022,253.955047019032
2047,1198.0733071686666,1014.4780620363447,0.22326366995727912,545.9457034691686,998.0456044238244,58611.27139989338,15302.421254333258,170.16827962993477,99.7157702157572,254.469912206024
2048,1215.4433619175172,1002.2635833262408,0.21956241138105886,550.2885603930229,997.3758407859026,59079.15838124403,15413.25139082934,170.0641946609606,99.7364636988042,254.9847773930161
2049,1232.7457487468632,990.2508573558968,0.21595785771688603,554.6314173168771,996.7060771479806,59547.04536259468,15524.08152732542,169.96010969198642,99.7571571818512,255.49964258000813
2050,1249.984207507558,978.4302685838992,0.21244379036680386,558.9742742407313,996.0363135100588,60014.93234394533,15634.911663821498,169.85602472301227,99.77785066489818,256.01450776700017
2051,1267.1616121271543,966.7928399260858,0.2090144678523966,563.3086997430493,993.4146634558116,60355.82119482372,15735.216042879558,169.21940970541672,99.38835519701443,255.6309220938664
2052,1281.457009634267,955.6821901451681,0.20569747941116892,567.6431252453673,990.7930134015644,60696.71004570209,15835.52042193762,168.58279468782115,98.99885972913069,255.2473364207327
2053,1295.619761278783,944.8952835400052,0.20248544842055996,571.9775507476852,988.171363347317,61037.59889658047,15935.82480099568,167.9461796702256,98.60936426124692,254.8637507475989
2054,1309.6540428817314,934.3626818310297,0.19937144269640056,576.3119762500032,985.5497132930695,61378.48774745886,16036.12918005374,167.30956465263006,98.21986879336318,254.4801650744652
2055,1323.5636002052788,924.0558606725076,0.1963491479107859,580.6464017523211,982.9280632388223,61719.37659833724,16136.4335591118,166.6729496350345,97.83037332547944,254.0965794013314
2056,1337.351903103508,913.9591964631311,0.19341277822330097,584.980827254639,980.3064131845751,62060.26544921562,16236.73793816986,166.03633461743894,97.44087785759568,253.7129937281977
2057,1351.0222311878547,904.0614371452237,0.19055700729856723,589.3152527569571,977.6847631303278,62401.154300094,16337.04231722792,165.3997195998434,97.05138238971192,253.3294080550639
2058,1364.5777222343963,894.3530717233799,0.18777692098161167,593.649678259275,975.0631130760804,62742.04315097239,16437.346696285982,164.76310458224785,96.66188692182816,252.94582238193016
2059,1378.0214001762918,884.8254956828428,0.18506798054781098,597.984103761593,972.4414630218332,63082.93200185077,16537.65107534404,164.12648956465227,96.27239145394442,252.5622367087964
2060,1391.3561917998047,875.4707273623368,0.18242599133825207,602.3185292639109,969.819812967586,63423.82085272915,16637.9554544021,163.48987454705673,95.88289598606067,252.17865103566265
2061,1404.58493710676,866.2812955958866,0.17984707476362935,606.7996168875515,967.497079780608,63780.785228603694,16736.590038292852,162.8844177001014,95.48012292891936,251.70060051334508
2062,1418.9558629137664,857.4618576010922,0.17733978224346758,611.2807045111921,965.17434659363,64137.74960447823,16835.2246221836,162.2789608531461,95.07734987177804,251.22254999102756
2063,1433.2139397213098,848.8819999420048,0.17489631001664074,615.7617921348326,962.851613406652,64494.713980352775,16933.85920607435,161.6735040061908,94.67457681463677,250.74449946871
2064,1447.3758585130583,840.4967371653797,0.17251249831693308,620.2428797584731,960.528880219674,64851.67835622732,17032.4937899651,161.06804715923548,94.27180375749543,250.2664489463924
2065,1461.4516427666588,832.2872530098941,0.17018496440381087,624.7239673821136,958.2061470326958,65208.64273210186,17131.12837385585,160.46259031228016,93.86903070035412,249.78839842407484
2066,1475.447703948622,824.2429884947461,0.16791065847222697,629.2050550057543,955.8834138457178,65565.60710797641,17229.7629577466,159.85713346532484,93.46625764321284,249.31034790175727
2067,1489.3684801084921,816.3561878749007,0.1656867730772971,633.6861426293948,953.5606806587398,65922.57148385094,17328.39754163735,159.25167661836952,93.06348458607152,248.83229737943967
2068,1503.2173156452773,808.6202164348311,0.16351071085876526,638.1672302530353,951.2379474717616,66279.53585972548,17427.0321255281,158.64621977141422,92.66071152893022,248.35424685712212
2069,1516.9969345572508,801.0290267252847,0.1613800645564635,642.648317876676,948.9152142847836,66636.50023560003,17525.66670941885,158.0407629244589,92.2579384717889,247.8761963348046
2070,1530.7096958106886,793.576977154745,0.1592926009010225,647.1294055003165,946.5924810978056,66993.46461147457,17624.3012933096,157.43530607750358,91.8551654146476,247.39814581248703
2071,1544.3577318442856,786.2587601254647,0.157246246441742,651.7547102530559,944.546511900178,67350.31021245393,17719.98186397864,156.81498962066453,91.4099642492079,246.8005104594492
2072,1559.4794989021095,779.201505044088,0.1552474694442147,656.3800150057955,942.5005427025504,67707.15581343329,17815.66243464768,156.1946731638255,90.9647630837682,246.20287510641137
2073,1574.5240527583971,772.321333163645,0.15328981075928824,661.0053197585349,940.454573504923,68064.00141441265,17911.34300531672,155.57435670698646,90.5195619183285,245.60523975337355
2074,1589.5075814818306,765.5891265810153,0.15137076877193137,665.6306245112745,938.4086043072956,68420.847015392,18007.02357598576,154.95404025014744,90.0743607528888,245.0076044003357
2075,1604.4394619696163,758.9925342159069,0.149488519431622,670.255929264014,936.362635109668,68777.69261637135,18102.7041466548,154.3337237933084,89.6291595874491,244.4099690472979
2076,1619.3253877123734,752.5244900115382,0.14764144471982815,674.8812340167534,934.3166659120404,69134.53821735071,18198.38471732384,153.71340733646934,89.1839584220094,243.81233369426008
2077,1634.1690462770862,746.1797181255208,0.14582805259254208,679.506538769493,932.270696714413,69491.38381833007,18294.06528799288,153.09309087963032,88.7387572565697,243.21469834122223
2078,1648.973020102783,739.953655907826,0.14404695576050902,684.1318435222324,930.2247275167856,69848.22941930943,18389.74585866192,152.47277442279128,88.29355609113,242.6170629881844
2079,1663.7392712162496,733.8421128701698,0.1422968609775502,688.757148274972,928.178758319158,70205.07502028879,18485.42642933096,151.85245796595223,87.8483549256903,242.01942763514657
2080,1678.4694029350226,727.8411553725557,0.14057656098286608,693.3824530277114,926.1327891215304,70561.92062126815,18581.107,151.2321415091132,87.4031537602506,241.42179228210875
2081,1693.1648019412576,721.9470614188729,0.13888492754645562,697.5765269852654,925.4613132358088,71029.13986126815,18685.67217,150.91560291788332,87.02446129826394,240.80728335079985
2082,1707.377610165891,716.0125419216382,0.13722230534238353,701.7706009428196,924.7898373500868,71496.35910126814,18790.23734,150.59906432665343,86.64576883627728,240.1927744194909
2083,1721.518051979905,710.1416631474368,0.1355877357966651,705.9646749003736,924.1183614643652,71963.57834126815,18894.80251,150.28252573542355,86.26707637429061,239.578265488182
2084,1735.5923891078162,704.3634244115403,0.13398030854005955,710.1587488579275,923.4468855786434,72430.79758126814,18999.36768,149.96598714419366,85.88838391230395,238.96375655687308
2085,1749.6047497287389,698.6842506714648,0.13239911217323685,714.3528228154817,922.7754096929216,72898.01682126815,19103.93285,149.64944855296378,85.50969145031729,238.34924762556412
2086,1763.558096798741,693.1038269481967,0.13084326641762245,718.5468967730357,922.1039338071998,73365.23606126815,19208.49802,149.3329099617339,85.13099898833063,237.73473869425524
2087,1777.4547472637507,687.6198913880146,0.12931193590431458,722.7409707305897,921.432457921478,73832.45530126814,19313.06319,149.016371370504,84.75230652634397,237.12022976294637
2088,1791.2966508043323,682.2296880380406,0.12780433268561275,726.9350446881436,920.7609820357565,74299.67454126815,19417.62836,148.69983277927412,84.3736140643573,236.5057208316374
2089,1805.0855398022968,676.930404772552,0.12631971461501587,731.1291186456978,920.0895061500346,74766.89378126814,19522.19353,148.38329418804423,83.99492160237064,235.89121190032847
2090,1818.8230103227077,671.7193017729462,0.12485738250435538,735.3231926032518,919.4180302643128,75234.11302126815,19626.7587,148.06675559681435,83.61622914038398,235.2767029690196
2091,1832.5105661249181,666.5937455210628,0.12341667706411738,739.5640925716732,919.0187296339984,75717.67292126814,19729.49125,147.70499678122513,83.0693440427271,234.54093630075124
2092,1847.32431319883,661.9127768048755,0.12200328165632666,743.8049925400946,918.619429003684,76201.23282126815,19832.2238,147.34323796563592,82.52245894507023,233.8051696324829
2093,1862.1106000353457,657.4269825772378,0.12061234997260022,748.045892508516,918.2201283733698,76684.79272126814,19934.95635,146.98147915004674,81.97557384741334,233.06940296421453
2094,1876.8759854460855,653.0589572261503,0.11924250004928887,752.2867924769374,917.8208277430554,77168.35262126813,20037.6889,146.61972033445753,81.42868874975646,232.3336362959462
2095,1891.6243085931508,648.7834017585608,0.11789297962940853,756.5276924453589,917.421527112741,77651.91252126812,20140.42145,146.2579615188683,80.88180365209959,231.59786962767788
2096,1906.3579362644045,644.590927994136,0.11656319263343512,760.7685924137803,917.0222264824268,78135.47242126813,20243.154,145.8962027032791,80.33491855444271,230.86210295940955
2097,1921.0784318420142,640.4770780865492,0.11525260371214031,765.0094923822018,916.6229258521124,78619.03232126813,20345.88655,145.5344438876899,79.78803345678583,230.1263362911412
2098,1935.786914582165,636.438974656639,0.11396071374769468,769.2503923506231,916.223625221798,79102.59222126812,20448.6191,145.1726850721007,79.24114835912894,229.39056962287285
2099,1950.4842530032042,632.4742911201645,0.11268705161332808,773.4912923190445,915.8243245914836,79586.15212126813,20551.35165,144.8109262565115,78.69426326147207,228.6548029546045
2100,1965.1711693667914,628.5809310862519,0.11143117042101967,777.732192287466,915.4250239611692,80069.71202126812,20654.0842,144.44916744092228,78.14737816381519,227.91903628633617
2101,1979.8482964714844,624.7569256962686,0.1101926452143867,775.2219547167276,911.5379640491448,79535.91394112633,20629.33224238049,143.6232763424524,77.64255136890996,226.75171028589543
2102,1980.8962656053193,619.3766526578612,0.10893915197899677,772.7117171459894,907.6509041371202,79002.11586098454,20604.58028476097,142.79738524398255,77.13772457400474,225.58438428545472
2103,1981.7151440879084,613.5608062422275,0.10769697187514497,770.201479575251,903.7638442250956,78468.31778084276,20579.82832714146,141.97149414551268,76.63289777909951,224.417058285014
2104,1982.2770738483446,607.656813264402,0.10647057915055544,767.6912420045128,899.8767843130711,77934.51970070097,20555.076369521943,141.1456030470428,76.12807098419428,223.24973228457327
2105,1982.5692164047923,601.7719884741307,0.10526066592565214,765.1810044337744,895.9897244010466,77400.72162055918,20530.32441190243,140.31971194857294,75.62324418928904,222.08240628413256
2106,1982.586882615103,595.9387779794723,0.10406713890034099,762.6707668630361,892.1026644890221,76866.9235404174,20505.57245428292,139.49382085010305,75.11841739438381,220.91508028369185
2107,1982.3298321752152,590.1662122398342,0.10288971688161809,760.1605292922978,888.2156045769975,76333.12546027561,20480.8204966634,138.66792975163318,74.61359059947858,219.74775428325108
2108,1981.800272778684,584.4559984769473,0.1017280753184177,757.6502917215595,884.328544664973,75799.32738013382,20456.068539043885,137.8420386531633,74.10876380457336,218.5804282828104
2109,1981.0017716954353,578.8075740047386,0.10058188631923043,755.1400541508212,880.4414847529484,75265.52929999203,20431.316581424373,137.01614755469345,73.60393700966813,217.4131022823697
2110,1979.9386580690218,573.2196980174784,0.09945083022663605,752.6298165800829,876.554424840924,74731.73121985025,20406.564623804858,136.19025645622358,73.0991102147629,216.24577628192893
2111,1978.6156899307146,567.6909534057532,0.09833459867105666,750.1195790093445,872.6673649288995,74197.93313970846,20381.812666185346,135.3643653577537,72.59428341985767,215.0784502814882
2112,1977.0378647107161,562.2199040798941,0.09723289497782019,747.6093414386063,868.7803050168749,73664.13505956667,20357.060708565827,134.53847425928384,72.08945662495245,213.91112428104748
2113,1975.210308143128,556.8051431046522,0.09614543376583959,745.0991038678679,864.8932451048504,73130.33697942489,20332.308750946315,133.71258316081398,71.58462983004722,212.7437982806068
2114,1973.1382065228775,551.4453062010609,0.09507194032647089,742.5888662971297,861.0061851928259,72596.5388992831,20307.5567933268,132.8866920623441,71.07980303514199,211.57647228016603
2115,1970.8267633876458,546.1390743176825,0.09401214997064428,740.0786287263913,857.1191252808014,72062.74081914131,20282.804835707284,132.0608009638742,70.57497624023677,210.4091462797253
2116,1968.281170342695,540.8851728247262,0.09296580740234306,737.568391155653,853.2320653687768,71528.94273899953,20258.05287808777,131.23490986540435,70.07014944533154,209.24182027928455
2117,1965.5065863926063,535.6823697388456,0.0919326661342394,735.0581535849147,849.3450054567523,70995.14465885774,20233.300920468253,130.40901876693448,69.56532265042631,208.07449427884387
2118,1962.5081226455984,530.5294737419889,0.09091248794771596,732.5479160141764,845.4579455447279,70461.34657871595,20208.54896284874,129.5831276684646,69.06049585552108,206.90716827840316
2119,1959.2908306099107,525.4253322311398,0.08990504239530976,730.0376784434382,841.5708856327033,69927.54849857416,20183.797005229226,128.75723656999477,68.55566906061586,205.7398422779624
2120,1955.8596930382955,520.3688294672502,0.08891010634248188,727.5274408726998,837.6838257206788,69393.75041843238,20159.04504760971,127.93134547152488,68.05084226571063,204.5725162775217
2121,1952.2196166817255,515.3588848380607,0.08792746354546975,725.0172033019614,833.7967658086543,68859.95233829059,20134.293089990195,127.105454373055,67.5460154708054,203.40519027708095
2122,1948.375426539901,510.3944512328576,0.08695690426213216,722.5069657312232,829.9097058966297,68326.1542581488,20109.541132370683,126.27956327458514,67.04118867590017,202.23786427664024
2123,1944.3318613262138,505.4745135224271,0.08599822489293203,719.9967281604848,826.0226459846052,67792.35617800702,20084.789174751168,125.45367217611528,66.53636188099495,201.0705382761995
2124,1940.093569940783,500.5980871364702,0.08505122764944728,717.4864905897466,822.1355860725807,67258.55809786523,20060.03721713165,124.6277810776454,66.03153508608972,199.9032122757588
2125,1935.6651087942823,495.7642167309101,0.08411572024803117,714.9762530190083,818.2485261605561,66724.76001772343,20035.285259512137,123.80188997917554,65.52670829118449,198.73588627531808
2126,1931.0509398550578,490.9719749380366,0.0831915156264583,712.4660154482699,814.3614662485317,66190.96193758164,20010.533301892625,122.97599888070567,65.02188149627926,197.5685602748773
2127,1926.2554293152984,486.2204611930006,0.08227843168158588,709.9557778775317,810.4744063365072,65657.16385743985,19985.78134427311,122.15010778223582,64.51705470137404,196.4012342744366
2128,1921.2828467874167,481.5088006307295,0.08137629102623985,707.4455403067933,806.5873464244827,65123.36577729807,19961.029386653598,121.32421668376595,64.01222790646881,195.2339082739959
2129,1916.137364954867,476.83614304785357,0.08048492076369339,704.9353027360551,802.7002865124581,64589.56769715628,19936.27742903408,120.49832558529609,63.50740111156357,194.0665822735552
2130,1910.8230596117298,472.2016619247029,0.0796041522782543,702.4250651653167,798.8132266004336,64055.76961701449,19911.525471414567,119.67243448682622,63.00257431665835,192.89925627311445
2131,1905.3439100341411,467.6045535028634,0.07873382104060918,699.9148275945784,794.9261666884091,63521.97153687271,19886.77351379505,118.84654338835637,62.49774752175312,191.7319302726737
2132,1899.7037996337856,463.04403591417326,0.07787376642669286,697.4045900238401,791.0391067763845,62988.17345673092,19862.021556175536,118.02065228988648,61.99292072684789,190.564604272233
2133,1893.9065168501725,458.51934835739246,0.07702383154896181,694.8943524531018,787.15204686436,62454.37537658913,19837.269598556024,117.1947611914166,61.48809393194266,189.3972782717923
2134,1887.9557562439022,454.0297503190988,0.07618386309904915,692.3841148823635,783.2649869523354,61920.57729644734,19812.51764093651,116.36887009294674,60.98326713703743,188.22995227135155
2135,1881.8551197576992,449.57452083566056,0.07535371120086894,689.8738773116252,779.377927040311,61386.77921630556,19787.765683316997,115.54297899447688,60.4784403421322,187.0626262709108
2136,1875.608118116548,445.1529577933936,0.07453322927332082,687.3636397408868,775.4908671282865,60852.98113616377,19763.01372569748,114.717087896007,59.973613547226975,185.8953002704701
2137,1869.2181723415906,440.7643772642575,0.07372227390181922,684.8534021701486,771.6038072162619,60319.18305602198,19738.26176807796,113.89119679753712,59.46878675232175,184.7279742700294
2138,1862.6886153559988,436.40811287466113,0.07292070471794002,682.3431645994102,767.7167473042374,59785.3849758802,19713.50981045845,113.06530569906724,58.96395995741651,183.56064826958865
2139,1856.022693663836,432.0835152051495,0.07212838428653918,679.832927028672,763.8296873922128,59251.58689573841,19688.75785283893,112.2394146005974,58.459133162511286,182.39332226914792
2140,1849.2235690850505,427.7899512189218,0.07134517799975396,677.3226894579336,759.9426274801883,58717.78881559662,19664.00589521942,111.41352350212752,57.95430636760606,181.2259962687072
2141,1842.2943205325569,423.5268037172985,0.07057095397734778,674.8124518871953,756.0555675681638,58183.990735454834,19639.253937599904,110.58763240365764,57.44947957270083,180.0586702682665
2142,1835.2379458188154,419.293470820405,0.06980558297290741,672.302214316457,752.1685076561392,57650.19265531305,19614.501979980392,109.76174130518778,56.9446527777956,178.89134426782576
2143,1828.057363481183,415.08936547147425,0.0690489382854422,669.7919767457187,748.2814477441148,57116.39457517126,19589.75002236088,108.93585020671792,56.439825982890376,177.72401826738502
2144,1820.7554146169568,410.91391496329845,0.0683008956759741,667.2817391749804,744.3943878320902,56582.59649502947,19564.998064741365,108.10995910824803,55.93499918798515,176.5566922669443
2145,1813.3348647197665,406.7665604854722,0.06756133328874264,664.7715016042421,740.5073279200657,56048.798414887686,19540.24610712185,107.28406800977818,55.43017239307992,175.3893662665036
2146,1805.7984055111974,402.6467566911728,0.06683013157667991,662.2612640335037,736.6202680080412,55515.0003347459,19515.49414950233,106.45817691130831,54.92534559817469,174.22204026606286
2147,1798.148656761136,398.5539712823211,0.0661071732308406,659.7510264627655,732.7332080960166,54981.20225460411,19490.742191882822,105.63228581283845,54.42051880326946,173.05471426562212
2148,1790.3881680925606,394.48768461204963,0.06539234311349805,657.2407888920271,728.8461481839921,54447.404174462325,19465.990234263307,104.80639471436858,53.91569200836423,171.8873882651814
2149,1782.5194207660954,390.4473893034866,0.06468552819464171,654.7305513212889,724.9590882719675,53913.60609432054,19441.238276643795,103.98050361589873,53.410865213459005,170.7200622647407
2150,1774.5448294414361,386.4325898839354,0.06398661749163322,652.2203137505505,721.072028359943,53379.80801417875,19416.48631902428,103.15461251742884,52.90603841855378,169.55273626429997
2151,1766.4667439122416,382.4428024335972,0.06329550201179822,649.7100761798122,717.1849684479185,52846.00993403696,19391.734361404764,102.32872141895898,52.40121162364855,168.38541026385923
2152,1758.287450812521,378.47755424804365,0.06261207469775018,647.1998386090739,713.297908535894,52312.211853895176,19366.98240378525,101.50283032048912,51.89638482874332,167.21808426341852
2153,1750.009175292458,374.5363835137034,0.06193623037525763,644.6896010383357,709.4108486238695,51778.41377375339,19342.230446165733,100.67693922201924,51.391558033838095,166.0507582629778
2154,1741.6340826620576,370.6188389956767,0.06126786570348307,642.1793634675973,705.5237887118449,51244.6156936116,19317.478488546218,99.85104812354938,50.88673123893287,164.88343226253707
2155,1733.1642800016957,366.7244797372404,0.06060687912743458,639.669125896859,701.6367287998204,50710.817613469815,19292.726530926702,99.0251570250795,50.38190444402764,163.71610626209633
2156,1724.601817738385,362.85287477044824,0.05995317083248481,637.1588883261207,697.7496688877959,50177.01953332802,19267.97457330719,98.19926592660964,49.877077649122405,162.54878026165562
2157,1715.948691187316,359.00360283727,0.05930664270082231,634.6486507553825,693.8626089757713,49643.22145318624,19243.222615687675,97.37337482813976,49.37225085421718,161.3814542612149
2158,1707.2068420582273,355.1762521207528,0.0586671982697125,632.1384131846442,689.9755490637468,49109.42337304445,19218.47065806816,96.54748372966988,48.86742405931195,160.21412826077415
2159,1698.3781599263,351.370419985716,0.05803474269145363,629.6281756139058,686.0884891517222,48575.62529290266,19193.718700448644,95.72159263120002,48.36259726440672,159.04680226033344
2160,1689.4644836675204,347.5857127285301,0.05740918269492298,627.1179380431676,682.2014292396977,48041.82721276087,19168.96674282913,94.89570153273016,47.857770469501496,157.87947625989273
2161,1680.4676028588528,343.8217453355496,0.056790426548616504,624.6077004724292,678.3143693276733,47508.029132619085,19144.214785209613,94.06981043426028,47.35294367459627,156.71215025945202
2162,1671.3892591427998,340.07814124980416,0.05617838402509197,622.097462901691,674.4273094156487,46974.2310524773,19119.4628275901,93.24391933579042,46.84811687969104,155.54482425901128
2163,1662.23114755736,336.3545321455707,0.05557296636673326,619.5872253309526,670.5402495036242,46440.43297233551,19094.710869970582,92.41802823732056,46.34329008478581,154.37749825857054
2164,1652.9949178312904,332.6505577104771,0.05497408625275913,617.0769877602144,666.6531895915996,45906.63489219373,19069.95891235107,91.59213713885067,45.83846328988058,153.21017225812983
2165,1643.6821756452057,328.96586543480316,0.05438165776740578,614.566750189476,662.7661296795751,45372.83681205194,19045.206954731555,90.76624604038082,45.33363649497535,152.04284625768912
2166,1634.2944838592598,325.30011040767,0.05379559636921747,612.0565126187377,658.8790697675506,44839.03873191015,19020.454997112043,89.94035494191095,44.82880970007013,150.87552025724838
2167,1624.8333637074122,321.6529551198212,0.0532158188613845,609.5462750479994,654.992009855526,44305.24065176836,18995.703039492528,89.11446384344109,44.3239829051649,149.70819425680764
2168,1615.3002959596727,318.0240692727207,0.0526422433630725,607.0360374772611,651.1049499435015,43771.442571626576,18970.95108187301,88.28857274497122,43.81915611025966,148.5408682563669
2169,1605.6967220521558,314.413129593704,0.05207478928168992,604.5257999065228,647.2178900314769,43237.64449148479,18946.1991242535,87.46268164650135,43.31432931535444,147.37354225592622
2170,1596.0240451861562,310.8198196569363,0.05151337728604605,602.0155623357845,643.3308301194525,42703.846411343,18921.447166633985,86.63679054803148,42.80950252044921,146.2062162554855
2171,1586.2836313965581,307.2438297099423,0.050957929280353635,599.5053247650461,639.443770207428,42170.048331201215,18896.69520901447,85.81089944956162,42.30467572554398,145.03889025504475
2172,1576.476810590522,303.6848565054878,0.050408368379034264,596.9950871943079,635.5567102954034,41636.25025105943,18871.94325139496,84.98500835109175,41.79984893063875,143.87156425460404
2173,1566.6048775569366,300.1426031386014,0.04986461888228749,594.4848496235695,631.6696503833789,41102.45217091763,18847.19129377544,84.15911725262188,41.295022135733525,142.70423825416333
2174,1556.669092947461,296.6167788885383,0.049326606252386794,591.9746120528313,627.7825904713543,40568.654090775846,18822.439336155927,83.33322615415202,40.7901953408283,141.5369122537226
2175,1546.6706842298206,293.1070990654965,0.04879425709066838,589.4643744820929,623.8955305593298,40034.85601063406,18797.68737853641,82.50733505568215,40.28536854592306,140.36958625328185
2176,1536.6108466139297,289.6132848619065,0.04826749911518136,586.9541369113546,620.0084706473053,39501.05793049227,18772.9354209169,81.68144395721227,39.78054175101784,139.20226025284114
2177,1526.490743951815,286.13506320812263,0.04774626113896872,584.4438993406163,616.1214107352807,38967.259850350485,18748.183463297384,80.8555528587424,39.27571495611261,138.03493425240043
2178,1516.311509611726,282.67216663235564,0.04723047304895198,581.933661769878,612.2343508232562,38433.46177020869,18723.43150567787,80.02966176027253,38.77088816120738,136.8676082519597
2179,1506.074247327262,279.22433312468974,0.04672006578539297,579.4234241991397,608.3472909112317,37899.6636900669,18698.67954805836,79.20377066180266,38.26606136630216,135.70028225151896
2180,1495.7800320222127,275.7913060050383,0.0462149713219083,576.9131866284014,604.4602309992072,37365.86560992512,18673.92759043884,78.3778795633328,37.761234571396926,134.53295625107825
2181,1485.4299106116505,272.37283379489645,0.045715122646013684,574.4029490576631,600.5731710871827,36832.06752978333,18649.17563281933,77.55198846486293,37.2564077764917,133.36563025063754
2182,1475.0249027800887,268.9686700927586,0.045220453740176414,571.8927114869248,596.6861111751581,36298.26944964154,18624.42367519981,76.72609736639306,36.75158098158647,132.1983042501968
2183,1464.5660017371674,265.57857345307025,0.044730899563355665,569.3824739161864,592.7990512631336,35764.471369499755,18599.67171758029,75.9002062679232,36.24675418668124,131.03097824975606
2184,1454.0541749516335,262.2023072685941,0.04424639603301149,566.8722363454482,588.911991351109,35230.67328935797,18574.91975996078,75.07431516945333,35.74192739177601,129.86365224931535
2185,1443.490364864165,258.8396396560721,0.04376688000756463,564.36199877471,585.0249314390845,34696.87520921619,18550.167802341268,74.24842407098346,35.23710059687078,128.69632624887464
2186,1432.8754895796123,255.49034334507277,0.04329228926929005,561.8517612039716,581.13787152706,34163.0771290744,18525.415844721752,73.4225329725136,34.732273801965555,127.5290002484339
2187,1422.210443539312,252.15419556991577,0.04282256250762805,559.3415236332332,577.2508116150354,33629.279048932614,18500.66388710224,72.59664187404373,34.22744700706033,126.36167424799318
2188,1411.496098174046,248.83097796457187,0.04235763930289805,556.831286062495,573.363751703011,33095.48096879083,18475.91192948272,71.77075077557386,33.72262021215509,125.19434824755244
2189,1400.7333025380715,245.52047646043994,0.041897460110400464,554.3210484917568,569.4766917909864,32561.68288864904,18451.15997186321,70.94485967710399,33.217793417249865,124.02702224711172
2190,1389.9228839249492,242.22248118690658,0.0414419662448932,551.8108109210184,565.5896318789619,32027.884808507253,18426.40801424369,70.11896857863412,32.71296662234464,122.859696246671
2191,1379.0656484656124,238.9367863745987,0.040991099865429974,549.30057335028,561.7025719669374,31494.086728365462,18401.65605662417,69.29307748016426,32.20813982743941,121.69237024623028
2192,1368.1623817091568,235.66319026124148,0.04054480396054803,546.7903357795418,557.8155120549128,30960.288648223675,18376.904099004663,68.46718638169439,31.703313032534183,120.52504424578956
2193,1357.2138491869105,232.40149500003906,0.040103022333793835,544.2800982088035,553.9284521428883,30426.49056808189,18352.152141385148,67.64129528322452,31.19848623762896,119.35771824534883
2194,1346.2207969602853,229.1515065704981,0.039665699589575706,541.7698606380652,550.0413922308638,29892.6924879401,18327.400183765632,66.81540418475466,30.693659442723728,118.19039224490813
2195,1335.18395215285,225.9130346916167,0.039232781119332864,539.2596230673269,546.1543323188394,29358.89440779831,18302.64822614612,65.98951308628477,30.1888326478185,117.0230662444674
2196,1324.104023467125,222.68589273736544,0.038804213088010846,536.7493854965885,542.2672724068148,28825.096327656523,18277.896268526605,65.1636219878149,29.684005852913277,115.85574024402666
2197,1312.981701686402,219.46989765438934,0.03837994242083386,534.2391479258503,538.3802124947903,28291.298247514736,18253.14431090709,64.33773088934504,29.17917905800804,114.68841424358594
2198,1301.8176601623554,216.26486988186196,0.03795991679036509,531.7289103551119,534.4931525827658,27757.50016737295,18228.39235328757,63.51183979087517,28.67435226310281,113.5210882431452
2199,1290.6125552884785,213.070633273426,0.037544084603846006,529.2186727843737,530.6060926707412,27223.70208723116,18203.640395668062,62.6859486924053,28.169525468197588,112.35376224270448
2200,1279.3670269601134,209.88701502115728,0.03713239499080657,526.7084352136353,526.7190327587167,26689.90400708937,18178.888438048547,61.86005759393544,27.66469867329236,111.18643624226377
2201,1268.081699021032,206.71384558149038,0.0367247977909386,524.198197642897,522.8319728466922,26156.105926947585,18154.13648042903,61.03416649546557,27.159871878387133,110.01911024182304
2202,1256.7571796977181,203.5509586030477,0.03632124354222431,521.6879600721587,518.9449129346676,25622.3078468058,18129.38452280952,60.2082753969957,26.6550450834819,108.85178424138232
2203,1245.3940620206013,200.39819085631464,0.035921683469312966,519.1777225014204,515.0578530226431,25088.50976666401,18104.632565190004,59.38238429852583,26.150218288576674,107.6844582409416
2204,1233.9929242338417,197.25538216510625,0.03552606947213889,516.6674849306821,511.1707931106186,24554.711686522223,18079.88060757049,58.55649320005596,25.645391493671447,106.51713224050089
2205,1222.554330193108,194.12237533977304,0.035134354114773725,514.1572473599438,507.28373319859406,24020.91360638044,18055.128649950973,57.73060210158609,25.14056469876622,105.34980624006016
2206,1211.0788297520453,190.99901611209367,0.03474649061450687,511.6470097892055,503.3966732865696,23487.115526238653,18030.37669233146,56.90471100311623,24.63573790386099,104.18248023961942
2207,1199.5669591379287,187.88515307180745,0.03436243283114785,509.1367722184672,499.509613374545,22953.317446096866,18005.624734711946,56.07881990464636,24.13091110895576,103.0151542391787
2208,1188.0192413163527,184.78063760473646,0.03398213525654454,506.6265346477288,495.6225534625205,22419.51936595508,17980.87277709243,55.25292880617648,23.62608431405053,101.84782823873796
2209,1176.4361863458714,181.68532383245352,0.03360555300431175,504.1162970769905,491.735493550496,21885.72128581329,17956.12081947292,54.42703770770662,23.121257519145303,100.68050223829724
2210,1164.8182917222941,178.59906855345113,0.03323264179976465,501.6060595062522,487.8484336384715,21351.923205671505,17931.368861853403,53.60114660923675,22.616430724240075,99.51317623785653
2211,1153.1660427135055,175.5217311857674,0.03286335797005157,499.0958219355139,483.9613737264469,20818.12512552972,17906.616904233888,52.77525551076688,22.111603929334848,98.3458502374158
2212,1141.4799126846285,172.45317371102914,0.03249765843448132,496.5855843647756,480.0743138144224,20284.32704538793,17881.864946614376,51.949364412297015,21.606777134429617,97.17852423697508
2213,1129.7603634139784,169.3932606198711,0.032135500695039995,494.0753467940373,476.1872539023979,19750.528965246143,17857.11298899486,51.12347331382715,21.10195033952439,96.01119823653436
2214,1118.0078454003437,166.34185885869286,0.031776842827092484,491.565109223299,472.3001939903734,19216.730885104356,17832.361031375345,50.29758221535728,20.59712354461916,94.84387223609365
2215,1106.2227981613244,163.29883777771553,0.031421643470264216,489.0548716525607,468.4131340783488,18682.93280496257,17807.609073755833,49.47169111688741,20.09229674971393,93.6765462356529
2216,1094.4056505234732,160.26406908030302,0.031069861819498678,486.5446340818224,464.5260741663243,18149.13472482078,17782.857116136318,48.645800018417546,19.587469954808704,92.50922023521218
2217,1082.556820904164,157.23742677351117,0.030721457616286314,484.0343965110841,460.63901425429975,17615.33664467899,17758.105158516802,47.81990891994768,19.082643159903476,91.34189423477146
2218,1070.676717585684,154.21878711983277,0.0303763911400609,481.5241589403457,456.75195434227527,17081.538564537204,17733.353200897287,46.99401782147781,18.577816364998245,90.17456823433074
2219,1058.7657389814538,151.2080285901032,0.030034623199759223,479.0139213696074,452.86489443025073,16547.740484395414,17708.601243277775,46.16812672300794,18.07298957009301,89.00724223389001
2220,1046.8242738950753,148.20503181753742,0.029696115125540195,476.50368379886913,448.9778345182262,16013.942404253628,17683.84928565826,45.34223562453808,17.568162775187787,87.83991623344929
2221,1034.8527017718413,145.209679552865,0.029360828760659742,473.9934462281309,445.0907746062017,15480.14432411184,17659.097328038744,44.51634452606821,17.06333598028256,86.67259023300856
2222,1022.85139294345,142.2218566205353,0.029028726453497807,471.4832086573925,441.2037146941771,14946.346243970054,17634.34537041923,43.69045342759834,16.558509185377332,85.50526423256784
2223,1010.820708865825,139.2414498759626,0.02869977104973389,468.97297108665424,437.3166547821526,14412.548163828267,17609.593412799717,42.86456232912847,16.0536823904721,84.33793823212712
2224,998.7610023502949,136.2683481637836,0.028373925884667736,466.462733515916,433.4295948701281,13878.750083686478,17584.8414551802,42.0386712306586,15.548855595566874,83.17061223168639
2225,986.6726177884349,133.30244227709977,0.02805115477568196,463.9524959451776,429.54253495810354,13344.952003544691,17560.089497560686,41.21278013218873,15.044028800661646,82.00328623124567
2226,974.5558913705597,130.34362491767894,0.027731422014843212,461.4422583744393,425.655475046079,12811.153923402904,17535.33753994117,40.38688903371887,14.53920200575642,80.83596023080494
2227,962.411151298289,127.39179065708936,0.02741469236163891,458.932020803701,421.76841513405446,12277.355843261115,17510.585582321655,39.560997935249,14.034375210851191,79.66863423036422
2228,950.2387179911617,124.44683589874265,0.027100931035846487,456.4217832329627,417.88135522203,11743.55776311933,17485.833624702143,38.73510683677912,13.529548415945962,78.5013082299235
2229,938.0389042875489,121.50865884082087,0.0267901037105321,453.9115456622244,413.99429531000544,11209.759682977545,17461.081667082628,37.90921573830926,13.024721621040731,77.33398222948277
2230,925.8120156400613,118.57715944006432,0.02648217650517616,451.4013080914861,410.1072353979809,10675.961602835756,17436.329709463113,37.08332463983939,12.519894826135506,76.16665622904205
2231,913.5583503055744,115.65223937639792,0.026177115978922652,448.8910705207478,406.2201754859564,10142.163522693969,17411.577751843597,36.25743354136952,12.015068031230276,74.99933022860132
2232,901.2781995300346,112.73380201837408,0.025874889123949713,446.3808329500095,402.3331155739319,9608.365442552182,17386.82579422408,35.431542442899655,11.510241236325047,73.8320042281606
2233,888.9718477281403,109.82175238941026,0.02557546335895885,443.8705953792712,398.44605566190734,9074.567362410397,17362.07383660457,34.60565134442978,11.005414441419818,72.66467822771988
2234,876.6395726582231,106.91599713480143,0.02527880652278008,441.36035780853285,394.55899574988285,8540.769282268608,17337.321878985054,33.77976024595991,10.500587646514589,71.49735222727915
2235,864.2816455921992,104.01644448948619,0.024984886868090653,438.85012023779456,390.6719358378583,8006.971202126821,17312.56992136554,32.953869147490046,9.99576085160936,70.33002622683843
2236,851.8983314810152,101.12300424654826,0.024693673055244978,436.33988266705626,386.7848759258338,7473.1731219850335,17287.817963746023,32.12797804902018,9.490934056704132,69.1627002263977
2237,839.4898891155059,98.23558772643354,0.02440513414621318,433.829645096318,382.8978160138093,6939.375041843246,17263.066006126508,31.302086950550308,8.986107261798903,67.99537422595698
2238,827.0565712829072,95.3541077468651,0.02411923959862618,431.3194075255796,379.0107561017848,6405.576961701459,17238.314048506996,30.47619585208044,8.481280466893674,66.82804822551626
2239,814.5986249190663,92.4784785934372,0.023835959259925106,428.8091699548413,375.12369618976027,5871.778881559672,17213.56209088748,29.65030475361057,7.976453671988445,65.66072222507553
2240,802.1162912566446,89.60861599087212,0.02355526336161255,426.298932384103,371.2366362777357,5337.980801417885,17188.810133267965,28.824413655140702,7.471626877083216,64.49339622463481
2241,789.609805969152,86.74443707492239,0.023277122513603983,423.7886948133647,367.3495763657112,4804.182721276096,17164.05817564845,27.998522556670835,6.966800082177987,63.32607022419408
2242,777.0793993112009,83.88586036490219,0.02300150769867691,421.2784572426264,363.46251645368665,4270.384641134308,17139.306218028938,27.172631458200968,6.461973287272759,62.15874422375336
2243,764.5252962549474,81.03280573683168,0.022728390267015897,418.76821967188806,359.57545654166216,3736.58656099252,17114.554260409423,26.3467403597311,5.95714649236753,60.99141822331264
2244,751.9477166228116,78.18519439717961,0.0224577419308515,416.25798210114976,355.6883966296376,3202.788480850731,17089.802302789907,25.52084926126124,5.4523196974623005,59.82409222287191
2245,739.3468752167045,75.34294885718828,0.022189534759191176,413.74774453041147,351.8013367176131,2668.9904007089426,17065.05034517039,24.69495816279137,4.947492902557072,58.65676622243119
2246,726.7229819437297,72.50599290776691,0.021923741172640274,411.2375069596732,347.91427680558854,2135.1923205671537,17040.29838755088,23.869067064321506,4.442666107651843,57.48944022199046
2247,714.0762419385192,69.67425159493924,0.021660333938311294,408.7272693889349,344.027216893564,1601.3942404253653,17015.546429931364,23.043175965851635,3.9378393127466143,56.32211422154975
2248,701.4068556823286,66.84765119583061,0.021399286164819713,406.2170318181965,340.1401569815395,1067.5961602835769,16990.79447231185,22.21728486738177,3.433012517841385,55.15478822110902
2249,688.7150191189158,64.02611919518272,0.021140571297364488,403.7067942474582,336.253097069515,533.798080141788,16966.042514692337,21.391393768911904,2.9281857229361563,53.9874622206683
2250,676.0009237673336,61.2095842623817,0.02088416311289165,401.1965566767199,332.36603715749044,0.0,16941.29055707282,20.56550267044204,2.423358928030928,52.820136220227575
2251,663.2647568317688,58.39797622898739,0.020630035715339376,401.1965566767199,332.36603715749044,0.0,16941.29055707282,20.56550267044204,2.423358928030928,52.820136220227575
2252,657.2950820386668,57.2240416442379,0.020400765867201447,401.1965566767199,332.36603715749044,0.0,16941.29055707282,20.56550267044204,2.423358928030928,52.820136220227575
2253,651.4206615172887,56.56484042889502,0.020178897194253538,401.1965566767199,332.36603715749044,0.0,16941.29055707282,20.56550267044204,2.423358928030928,52.820136220227575
2254,645.6599977106866,56.07079904133274,0.019960720852105047,401.1965566767199,332.36603715749044,0.0,16941.29055707282,20.56550267044204,2.423358928030928,52.820136220227575
2255,640.0219106772828,55.63254776681303,0.01974526853957658,401.1965566767199,332.36603715749044,0.0,16941.29055707282,20.56550267044204,2.423358928030928,52.820136220227575
2256,634.5099906091491,55.21567113746967,0.01953223757230046,401.1965566767199,332.36603715749044,0.0,16941.29055707282,20.56550267044204,2.423358928030928,52.820136220227575
2257,629.1249918123665,54.80924946264985,0.01932151334903036,401.1965566767199,332.36603715749044,0.0,16941.29055707282,20.56550267044204,2.423358928030928,52.820136220227575
2258,623.8661234071366,54.40976144035232,0.01911303944839574,401.1965566767199,332.36603715749044,0.0,16941.29055707282,20.56550267044204,2.423358928030928,52.820136220227575
2259,618.7317482338044,54.016026265956626,0.018906778482284576,401.1965566767199,332.36603715749044,0.0,16941.29055707282,20.56550267044204,2.423358928030928,52.820136220227575
2260,613.7197638962219,53.62760764937189,0.018702699672437234,401.1965566767199,332.36603715749044,0.0,16941.29055707282,20.56550267044204,2.423358928030928,52.820136220227575
2261,608.8278127021363,53.244308134339576,0.018500774803621858,401.1965566767199,332.36603715749044,0.0,16941.29055707282,20.56550267044204,2.423358928030928,52.820136220227575
2262,604.0533991735017,52.86600820958569,0.018300976879123586,401.1965566767199,332.36603715749044,0.0,16941.29055707282,20.56550267044204,2.423358928030928,52.820136220227575
2263,599.3939573419275,52.49261488108329,0.018103279659773916,401.1965566767199,332.36603715749044,0.0,16941.29055707282,20.56550267044204,2.423358928030928,52.820136220227575
2264,594.8468905168836,52.124045125339364,0.017907657494404098,401.1965566767199,332.36603715749044,0.0,16941.29055707282,20.56550267044204,2.423358928030928,52.820136220227575
2265,590.4095957516477,51.76022049971579,0.017714085247606294,401.1965566767199,332.36603715749044,0.0,16941.29055707282,20.56550267044204,2.423358928030928,52.820136220227575
2266,586.0794796212941,51.40106533657692,0.0175225382608983,401.1965566767199,332.36603715749044,0.0,16941.29055707282,20.56550267044204,2.423358928030928,52.820136220227575
2267,581.8539689159451,51.04650609558644,0.01733299232614392,401.1965566767199,332.36603715749044,0.0,16941.29055707282,20.56550267044204,2.423358928030928,52.820136220227575
2268,577.7305182329292,50.69647109457367,0.01714542366414891,401.1965566767199,332.36603715749044,0.0,16941.29055707282,20.56550267044204,2.423358928030928,52.820136220227575
2269,573.7066155778825,50.35089036743446,0.016959808905992243,401.1965566767199,332.36603715749044,0.0,16941.29055707282,20.56550267044204,2.423358928030928,52.820136220227575
2270,569.779786611794,50.009695567423826,0.016776125076189866,401.1965566767199,332.36603715749044,0.0,16941.29055707282,20.56550267044204,2.423358928030928,52.820136220227575
2271,565.9475979221608,49.67281988903121,0.01659434957730377,401.1965566767199,332.36603715749044,0.0,16941.29055707282,20.56550267044204,2.423358928030928,52.820136220227575
2272,562.2076595535933,49.34019799938886,0.01641446017578845,401.1965566767199,332.36603715749044,0.0,16941.29055707282,20.56550267044204,2.423358928030928,52.820136220227575
2273,558.5576269529653,49.011765975953104,0.01623643498893317,401.1965566767199,332.36603715749044,0.0,16941.29055707282,20.56550267044204,2.423358928030928,52.820136220227575
2274,554.995202437136,48.68746124910726,0.016060252472788118,401.1965566767199,332.36603715749044,0.0,16941.29055707282,20.56550267044204,2.423358928030928,52.820136220227575
2275,551.5181362637047,48.36722254898484,0.015885891410978473,401.1965566767199,332.36603715749044,0.0,16941.29055707282,20.56550267044204,2.423358928030928,52.820136220227575
2276,548.124227367174,48.050989856048375,0.01571333090432167,401.1965566767199,332.36603715749044,0.0,16941.29055707282,20.56550267044204,2.423358928030928,52.820136220227575
2277,544.8113238112087,47.738704355058466,0.015542550361172221,401.1965566767199,332.36603715749044,0.0,16941.29055707282,20.56550267044204,2.423358928030928,52.820136220227575
2278,541.5773229991416,47.43030839212226,0.015373529488425826,401.1965566767199,332.36603715749044,0.0,16941.29055707282,20.56550267044204,2.423358928030928,52.820136220227575
2279,538.4201716783514,47.12574543454596,0.015206248283121778,401.1965566767199,332.36603715749044,0.0,16941.29055707282,20.56550267044204,2.423358928030928,52.820136220227575
2280,535.3378657693113,46.82496003324434,0.015040687024588268,401.1965566767199,332.36603715749044,0.0,16941.29055707282,20.56550267044204,2.423358928030928,52.820136220227575
2281,532.3284500456783,46.52789778748468,0.014876826267081105,401.1965566767199,332.36603715749044,0.0,16941.29055707282,20.56550267044204,2.423358928030928,52.820136220227575
2282,529.3900176885821,46.23450531176459,0.014714646832870893,401.1965566767199,332.36603715749044,0.0,16941.29055707282,20.56550267044204,2.423358928030928,52.820136220227575
2283,526.5207097350177,45.9447302046419,0.014554129805738388,401.1965566767199,332.36603715749044,0.0,16941.29055707282,20.56550267044204,2.423358928030928,52.820136220227575
2284,523.7187144378616,45.65852101935226,0.014395256524841575,401.1965566767199,332.36603715749044,0.0,16941.29055707282,20.56550267044204,2.423358928030928,52.820136220227575
2285,520.9822665526864,45.37582723606603,0.014238008578921733,401.1965566767199,332.36603715749044,0.0,16941.29055707282,20.56550267044204,2.423358928030928,52.820136220227575
2286,518.3096465646231,45.09659923564966,0.014082367800818726,401.1965566767199,332.36603715749044,0.0,16941.29055707282,20.56550267044204,2.423358928030928,52.820136220227575
2287,515.6991798667918,44.82078827480983,0.013928316262268974,401.1965566767199,332.36603715749044,0.0,16941.29055707282,20.56550267044204,2.423358928030928,52.820136220227575
2288,513.1492359003116,44.54834646250963,0.013775836268961854,401.1965566767199,332.36603715749044,0.0,16941.29055707282,20.56550267044204,2.423358928030928,52.820136220227575
2289,510.65822726460095,44.27922673755698,0.013624910355832862,401.1965566767199,332.36603715749044,0.0,16941.29055707282,20.56550267044204,2.423358928030928,52.820136220227575
2290,508.22460880546924,44.01338284727415,0.013475521282573809,401.1965566767199,332.36603715749044,0.0,16941.29055707282,20.56550267044204,2.423358928030928,52.820136220227575
2291,505.8468766875855,43.75076932716586,0.01332765202934233,401.1965566767199,332.36603715749044,0.0,16941.29055707282,20.56550267044204,2.423358928030928,52.820136220227575
2292,503.52356745687393,43.49134148151142,0.013181285792654677,401.1965566767199,332.36603715749044,0.0,16941.29055707282,20.56550267044204,2.423358928030928,52.820136220227575
2293,501.25325709770027,43.235055364812496,0.01303640598144724,401.1965566767199,332.36603715749044,0.0,16941.29055707282,20.56550267044204,2.423358928030928,52.820136220227575
2294,499.03456008905687,42.98186776403483,0.01289299621329373,401.1965566767199,332.36603715749044,0.0,16941.29055707282,20.56550267044204,2.423358928030928,52.820136220227575
2295,496.8661284632267,42.73173618158747,0.012751040310766069,401.1965566767199,332.36603715749044,0.0,16941.29055707282,20.56550267044204,2.423358928030928,52.820136220227575
2296,494.74665086999204,42.48461881898829,0.012610522297928374,401.1965566767199,332.36603715749044,0.0,16941.29055707282,20.56550267044204,2.423358928030928,52.820136220227575
2297,492.6748516489142,42.240474561169066,0.012471426396954133,401.1965566767199,332.36603715749044,0.0,16941.29055707282,20.56550267044204,2.423358928030928,52.820136220227575
2298,490.6494899119373,41.99926296137751,0.012333737024857905,401.1965566767199,332.36603715749044,0.0,16941.29055707282,20.56550267044204,2.423358928030928,52.820136220227575
2299,488.669358637993,41.76094422663729,0.012197438790333427,401.1965566767199,332.36603715749044,0.0,16941.29055707282,20.56550267044204,2.423358928030928,52.820136220227575
2300,486.73328378120635,41.52547920373047,0.012062516490690936,401.1965566767199,332.36603715749044,0.0,16941.29055707282,20.56550267044204,2.423358928030928,52.820136220227575
2301,484.84012339389426,41.29282936567,0.011928955108887071,401.1965566767199,332.36603715749044,0.0,16941.29055707282,20.56550267044204,2.423358928030928,52.820136220227575
2302,482.988766765369,41.06295679863234,0.011796739810641398,401.1965566767199,332.36603715749044,0.0,16941.29055707282,20.56550267044204,2.423358928030928,52.820136220227575
2303,481.17813357730165,40.835824189323034,0.011665855941634086,401.1965566767199,332.36603715749044,0.0,16941.29055707282,20.56550267044204,2.423358928030928,52.820136220227575
2304,479.40717307633474,40.61139481275025,0.011536289024779768,401.1965566767199,332.36603715749044,0.0,16941.29055707282,20.56550267044204,2.423358928030928,52.820136220227575
2305,477.6748632643247,40.38963252038317,0.011408024757573096,401.1965566767199,332.36603715749044,0.0,16941.29055707282,20.56550267044204,2.423358928030928,52.820136220227575
2306,475.980210106658,40.17050172867435,0.011281049009501826,401.1965566767199,332.36603715749044,0.0,16941.29055707282,20.56550267044204,2.423358928030928,52.820136220227575
2307,474.322246758649,39.95396740792642,0.011155347819523726,401.1965566767199,332.36603715749044,0.0,16941.29055707282,20.56550267044204,2.423358928030928,52.820136220227575
2308,472.7000328104873,39.73999507148526,0.011030907393603828,401.1965566767199,332.36603715749044,0.0,16941.29055707282,20.56550267044204,2.423358928030928,52.820136220227575
2309,471.1126535503193,39.528550765243246,0.010907714102308862,401.1965566767199,332.36603715749044,0.0,16941.29055707282,20.56550267044204,2.423358928030928,52.820136220227575
2310,469.5592192458715,39.31960105743711,0.010785754478456077,401.1965566767199,332.36603715749044,0.0,16941.29055707282,20.56550267044204,2.423358928030928,52.820136220227575
2311,468.0388644441946,39.11311302872646,0.010665015214813691,401.1965566767199,332.36603715749044,0.0,16941.29055707282,20.56550267044204,2.423358928030928,52.820136220227575
2312,466.55074728949216,38.90905426253985,0.010545483161850633,401.1965566767199,332.36603715749044,0.0,16941.29055707282,20.56550267044204,2.423358928030928,52.820136220227575
2313,465.09404885892457,38.70739283567608,0.010427145325533311,401.1965566767199,332.36603715749044,0.0,16941.29055707282,20.56550267044204,2.423358928030928,52.820136220227575
2314,463.66797251594045,38.50809730914983,0.010309988865167345,401.1965566767199,332.36603715749044,0.0,16941.29055707282,20.56550267044204,2.423358928030928,52.820136220227575
2315,462.27174328112136,38.3111367192707,0.010194001091282405,401.1965566767199,332.36603715749044,0.0,16941.29055707282,20.56550267044204,2.423358928030928,52.820136220227575
2316,460.90460722002547,38.11648056894631,0.010079169463558352,401.1965566767199,332.36603715749044,0.0,16941.29055707282,20.56550267044204,2.423358928030928,52.820136220227575
2317,459.5658308479236,37.9240988192,0.00996548158879111,401.1965566767199,332.36603715749044,0.0,16941.29055707282,20.56550267044204,2.423358928030928,52.820136220227575
2318,458.2547005508895,37.73396188089484,0.009852925218896743,401.1965566767199,332.36603715749044,0.0,16941.29055707282,20.56550267044204,2.423358928030928,52.820136220227575
2319,456.9705220231357,37.54604060665596,0.009741488248952369,401.1965566767199,332.36603715749044,0.0,16941.29055707282,20.56550267044204,2.423358928030928,52.820136220227575
2320,455.7126197200306,37.36030628298356,0.009631158715272575,401.1965566767199,332.36603715749044,0.0,16941.29055707282,20.56550267044204,2.423358928030928,52.820136220227575
2321,454.48033632661463,37.176730622549854,0.009521924793520178,401.1965566767199,332.36603715749044,0.0,16941.29055707282,20.56550267044204,2.423358928030928,52.820136220227575
2322,453.27303224113865,36.9952857566732,0.009413774796850165,401.1965566767199,332.36603715749044,0.0,16941.29055707282,20.56550267044204,2.423358928030928,52.820136220227575
2323,452.0900850733302,36.81594422796316,0.0093066971740858,401.1965566767199,332.36603715749044,0.0,16941.29055707282,20.56550267044204,2.423358928030928,52.820136220227575
2324,450.93088915697876,36.638678983130944,0.00920068050792586,401.1965566767199,332.36603715749044,0.0,16941.29055707282,20.56550267044204,2.423358928030928,52.820136220227575
2325,449.7948550765454,36.463463365959306,0.009095713513182148,401.1965566767199,332.36603715749044,0.0,16941.29055707282,20.56550267044204,2.423358928030928,52.820136220227575
2326,448.68140920732867,36.29027111042707,0.008991785035046333,401.1965566767199,332.36603715749044,0.0,16941.29055707282,20.56550267044204,2.423358928030928,52.820136220227575
2327,447.5899932689726,36.11907633398308,0.008888884047385396,401.1965566767199,332.36603715749044,0.0,16941.29055707282,20.56550267044204,2.423358928030928,52.820136220227575
2328,446.52006389178496,35.94985353096503,0.008786999651064794,401.1965566767199,332.36603715749044,0.0,16941.29055707282,20.56550267044204,2.423358928030928,52.820136220227575
2329,445.47109219570734,35.78257756615871,0.008686121072298731,401.1965566767199,332.36603715749044,0.0,16941.29055707282,20.56550267044204,2.423358928030928,52.820136220227575
2330,444.4425633814671,35.6172236684934,0.008586237661026761,401.1965566767199,332.36603715749044,0.0,16941.29055707282,20.56550267044204,2.423358928030928,52.820136220227575
2331,443.4339763335741,35.45376742486951,0.00848733888931611,401.1965566767199,332.36603715749044,0.0,16941.29055707282,20.56550267044204,2.423358928030928,52.820136220227575
2332,442.44484323492384,35.29218477411444,0.008389414349789077,401.1965566767199,332.36603715749044,0.0,16941.29055707282,20.56550267044204,2.423358928030928,52.820136220227575
2333,441.47468919258387,35.13245200106326,0.00829245375407495,401.1965566767199,332.36603715749044,0.0,16941.29055707282,20.56550267044204,2.423358928030928,52.820136220227575
2334,440.523051874491,34.974545730760454,0.00819644693128582,401.1965566767199,332.36603715749044,0.0,16941.29055707282,20.56550267044204,2.423358928030928,52.820136220227575
2335,439.5894811567273,34.818442922779674,0.008101383826515818,401.1965566767199,332.36603715749044,0.0,16941.29055707282,20.56550267044204,2.423358928030928,52.820136220227575
2336,438.67353878113903,34.664120865658035,0.008007254499363209,401.1965566767199,332.36603715749044,0.0,16941.29055707282,20.56550267044204,2.423358928030928,52.820136220227575
2337,437.7747980228411,34.51155717144211,0.007914049122474884,401.1965566767199,332.36603715749044,0.0,16941.29055707282,20.56550267044204,2.423358928030928,52.820136220227575
2338,436.8928433675453,34.36072977034249,0.007821757980112743,401.1965566767199,332.36603715749044,0.0,16941.29055707282,20.56550267044204,2.423358928030928,52.820136220227575
2339,436.02727019817996,34.21161690549434,0.007730371466741556,401.1965566767199,332.36603715749044,0.0,16941.29055707282,20.56550267044204,2.423358928030928,52.820136220227575
2340,435.17768449076203,34.06419712782096,0.007639880085637821,401.1965566767199,332.36603715749044,0.0,16941.29055707282,20.56550267044204,2.423358928030928,52.820136220227575
2341,434.34370251905784,33.91844929099797,0.007550274447519239,401.1965566767199,332.36603715749044,0.0,16941.29055707282,20.56550267044204,2.423358928030928,52.820136220227575
2342,433.5249505678855,33.77435254651543,0.007461545269194358,401.1965566767199,332.36603715749044,0.0,16941.29055707282,20.56550267044204,2.423358928030928,52.820136220227575
2343,432.72106465479766,33.631886338835685,0.007373683372232025,401.1965566767199,332.36603715749044,0.0,16941.29055707282,20.56550267044204,2.423358928030928,52.820136220227575
2344,431.93169025982473,33.491030400644306,0.007286679681650275,401.1965566767199,332.36603715749044,0.0,16941.29055707282,20.56550267044204,2.423358928030928,52.820136220227575
2345,431.1564820631132,33.35176474819224,0.007200525224624238,401.1965566767199,332.36603715749044,0.0,16941.29055707282,20.56550267044204,2.423358928030928,52.820136220227575
2346,430.39510369020053,33.21406967672661,0.007115211129212755,401.1965566767199,332.36603715749044,0.0,16941.29055707282,20.56550267044204,2.423358928030928,52.820136220227575
2347,429.6472274646982,33.077925756008376,0.007030728623103365,401.1965566767199,332.36603715749044,0.0,16941.29055707282,20.56550267044204,2.423358928030928,52.820136220227575
2348,428.9125341681395,32.94331382591468,0.006947069032375296,401.1965566767199,332.36603715749044,0.0,16941.29055707282,20.56550267044204,2.423358928030928,52.820136220227575
2349,428.19071280680697,32.810214992123825,0.006864223780280135,401.1965566767199,332.36603715749044,0.0,16941.29055707282,20.56550267044204,2.423358928030928,52.820136220227575
2350,427.48146038537845,32.67861062188123,0.006782184386039912,401.1965566767199,332.36603715749044,0.0,16941.29055707282,20.56550267044204,2.423358928030928,52.820136220227575
2351,426.78448168701294,32.54848233984422,0.006700942463662203,401.1965566767199,332.36603715749044,0.0,16941.29055707282,20.56550267044204,2.423358928030928,52.820136220227575
2352,426.09948905994713,32.419812024004116,0.006620489720772071,401.1965566767199,332.36603715749044,0.0,16941.29055707282,20.56550267044204,2.423358928030928,52.820136220227575
2353,425.4262022101577,32.29258180168373,0.006540817957460428,401.1965566767199,332.36603715749044,0.0,16941.29055707282,20.56550267044204,2.423358928030928,52.820136220227575
2354,424.76434800007416,32.16677404560856,0.006461919065148626,401.1965566767199,332.36603715749044,0.0,16941.29055707282,20.56550267044204,2.423358928030928,52.820136220227575
2355,424.113660253063,32.04237137005028,0.006383785025468969,401.1965566767199,332.36603715749044,0.0,16941.29055707282,20.56550267044204,2.423358928030928,52.820136220227575
2356,423.4738795636056,31.9193566270406,0.0063064079091608655,401.1965566767199,332.36603715749044,0.0,16941.29055707282,20.56550267044204,2.423358928030928,52.820136220227575
2357,422.8447531128736,31.797712902654226,0.006229779874982376,401.1965566767199,332.36603715749044,0.0,16941.29055707282,20.56550267044204,2.423358928030928,52.820136220227575
2358,422.2260344896739,31.677423513359315,0.006153893168636888,401.1965566767199,332.36603715749044,0.0,16941.29055707282,20.56550267044204,2.423358928030928,52.820136220227575
2359,421.6174835165075,31.558472002433927,0.006078740121714673,401.1965566767199,332.36603715749044,0.0,16941.29055707282,20.56550267044204,2.423358928030928,52.820136220227575
2360,421.01886608063586,31.440842136447138,0.00600431315064908,401.1965566767199,332.36603715749044,0.0,16941.29055707282,20.56550267044204,2.423358928030928,52.820136220227575
2361,420.4299539699739,31.324517901803382,0.005930604755687115,401.1965566767199,332.36603715749044,0.0,16941.29055707282,20.56550267044204,2.423358928030928,52.820136220227575
2362,419.85052471370676,31.2094835013487,0.005857607519874186,401.1965566767199,332.36603715749044,0.0,16941.29055707282,20.56550267044204,2.423358928030928,52.820136220227575
2363,419.2803614274433,31.095723351037556,0.005785314108052771,401.1965566767199,332.36603715749044,0.0,16941.29055707282,20.56550267044204,2.423358928030928,52.820136220227575
2364,418.71925266282045,30.983222076659043,0.005713717265874799,401.1965566767199,332.36603715749044,0.0,16941.29055707282,20.56550267044204,2.423358928030928,52.820136220227575
2365,418.1669922613714,30.871964510621062,0.005642809818827499,401.1965566767199,332.36603715749044,0.0,16941.29055707282,20.56550267044204,2.423358928030928,52.820136220227575
2366,417.62337921257324,30.76193568879146,0.005572584671272533,401.1965566767199,332.36603715749044,0.0,16941.29055707282,20.56550267044204,2.423358928030928,52.820136220227575
2367,417.08821751592336,30.65312084739484,0.005503034805498174,401.1965566767199,332.36603715749044,0.0,16941.29055707282,20.56550267044204,2.423358928030928,52.820136220227575
2368,416.5613160469712,30.545505419963888,0.0054341532807843365,401.1965566767199,332.36603715749044,0.0,16941.29055707282,20.56550267044204,2.423358928030928,52.820136220227575
2369,416.04248842708085,30.43907503434414,0.00536593323248025,401.1965566767199,332.36603715749044,0.0,16941.29055707282,20.56550267044204,2.423358928030928,52.820136220227575
2370,415.53155289696997,30.33381550975112,0.00529836787109459,401.1965566767199,332.36603715749044,0.0,16941.29055707282,20.56550267044204,2.423358928030928,52.820136220227575
2371,415.0283321937767,30.229712853878688,0.005231450481397837,401.1965566767199,332.36603715749044,0.0,16941.29055707282,20.56550267044204,2.423358928030928,52.820136220227575
2372,414.5326534315874,30.12675326005765,0.005165174421536716,401.1965566767199,332.36603715749044,0.0,16941.29055707282,20.56550267044204,2.423358928030928,52.820136220227575
2373,414.04434798541627,30.024923104463596,0.00509953312216051,401.1965566767199,332.36603715749044,0.0,16941.29055707282,20.56550267044204,2.423358928030928,52.820136220227575
2374,413.56325137833807,29.924208943372953,0.005034520085559038,401.1965566767199,332.36603715749044,0.0,16941.29055707282,20.56550267044204,2.423358928030928,52.820136220227575
2375,413.089203171921,29.824597510466287,0.004970128884812165,401.1965566767199,332.36603715749044,0.0,16941.29055707282,20.56550267044204,2.423358928030928,52.820136220227575
2376,412.6220468596306,29.726075714177963,0.0049063531629506265,401.1965566767199,332.36603715749044,0.0,16941.29055707282,20.56550267044204,2.423358928030928,52.820136220227575
2377,412.1616297633168,29.62863063509117,0.004843186632128022,401.1965566767199,332.36603715749044,0.0,16941.29055707282,20.56550267044204,2.423358928030928,52.820136220227575
2378,411.7078029325302,29.532249523377466,0.004780623072803774,401.1965566767199,332.36603715749044,0.0,16941.29055707282,20.56550267044204,2.423358928030928,52.820136220227575
2379,411.2604210467005,29.436919796279927,0.004718656332936916,401.1965566767199,332.36603715749044,0.0,16941.29055707282,20.56550267044204,2.423358928030928,52.820136220227575
2380,410.81934232002783,29.342629035639106,0.0046572803271905374,401.1965566767199,332.36603715749044,0.0,16941.29055707282,20.56550267044204,2.423358928030928,52.820136220227575
2381,410.38442840905947,29.24936498546088,0.004596489036146713,401.1965566767199,332.36603715749044,0.0,16941.29055707282,20.56550267044204,2.423358928030928,52.820136220227575
2382,409.95554432276464,29.157115549525408,0.004536276505531757,401.1965566767199,332.36603715749044,0.0,16941.29055707282,20.56550267044204,2.423358928030928,52.820136220227575
2383,409.5325583352231,29.065868789036436,0.004476636845451663,401.1965566767199,332.36603715749044,0.0,16941.29055707282,20.56550267044204,2.423358928030928,52.820136220227575
2384,409.115341900633,28.97561292031007,0.004417564229637563,401.1965566767199,332.36603715749044,0.0,16941.29055707282,20.56550267044204,2.423358928030928,52.820136220227575
2385,408.7037695707607,28.88633631250241,0.004359052894701057,401.1965566767199,332.36603715749044,0.0,16941.29055707282,20.56550267044204,2.423358928030928,52.820136220227575
2386,408.29771891459967,28.798027485375084,0.004301097139399272,401.1965566767199,332.36603715749044,0.0,16941.29055707282,20.56550267044204,2.423358928030928,52.820136220227575
2387,407.89707044031763,28.710675107098147,0.004243691323909487,401.1965566767199,332.36603715749044,0.0,16941.29055707282,20.56550267044204,2.423358928030928,52.820136220227575
2388,407.50170751933365,28.624267992089578,0.00418682986911321,401.1965566767199,332.36603715749044,0.0,16941.29055707282,20.56550267044204,2.423358928030928,52.820136220227575
2389,407.11151631245616,28.53879509889052,0.00413050725588954,401.1965566767199,332.36603715749044,0.0,16941.29055707282,20.56550267044204,2.423358928030928,52.820136220227575
2390,406.7263856981165,28.454245528075912,0.004074718024417691,401.1965566767199,332.36603715749044,0.0,16941.29055707282,20.56550267044204,2.423358928030928,52.820136220227575
2391,406.34620720250933,28.370608520199454,0.004019456773488534,401.1965566767199,332.36603715749044,0.0,16941.29055707282,20.56550267044204,2.423358928030928,52.820136220227575
2392,405.97087493171756,28.287873453772583,0.003964718159825041,401.1965566767199,332.36603715749044,0.0,16941.29055707282,20.56550267044204,2.423358928030928,52.820136220227575
2393,405.60028550562436,28.206029843276596,0.003910496897411465,401.1965566767199,332.36603715749044,0.0,16941.29055707282,20.56550267044204,2.423358928030928,52.820136220227575
2394,405.23433799369684,28.125067337207426,0.0038567877568311715,401.1965566767199,332.36603715749044,0.0,16941.29055707282,20.56550267044204,2.423358928030928,52.820136220227575
2395,404.87293385246284,28.044975716152408,0.003803585564612973,401.1965566767199,332.36603715749044,0.0,16941.29055707282,20.56550267044204,2.423358928030928,52.820136220227575
2396,404.51597686477425,27.96574489089845,0.003750885202585813,401.1965566767199,332.36603715749044,0.0,16941.29055707282,20.56550267044204,2.423358928030928,52.820136220227575
2397,404.1633730806063,27.88736490057098,0.003698681607241755,401.1965566767199,332.36603715749044,0.0,16941.29055707282,20.56550267044204,2.423358928030928,52.820136220227575
2398,403.815030759613,27.80982591080317,0.0036469697691070575,401.1965566767199,332.36603715749044,0.0,16941.29055707282,20.56550267044204,2.423358928030928,52.820136220227575
2399,403.47086031506535,27.73311821193486,0.0035957447321213103,401.1965566767199,332.36603715749044,0.0,16941.29055707282,20.56550267044204,2.423358928030928,52.820136220227575
2400,403.13077425949547,27.65723221724052,0.00354500159302445,401.1965566767199,332.36603715749044,0.0,16941.29055707282,20.56550267044204,2.423358928030928,52.820136220227575
2401,402.7946871516595,27.58215846118595,0.0034947355007515666,401.1965566767199,332.36603715749044,0.0,16941.29055707282,20.56550267044204,2.423358928030928,52.820136220227575
2402,402.4625155449969,27.507887597712887,0.00344494165583539,401.1965566767199,332.36603715749044,0.0,16941.29055707282,20.56550267044204,2.423358928030928,52.820136220227575
2403,402.1341779375108,27.434410398551293,0.0033956153098163447,401.1965566767199,332.36603715749044,0.0,16941.29055707282,20.56550267044204,2.423358928030928,52.820136220227575
2404,401.80959472289305,27.361717751558615,0.003346751764660051,401.1965566767199,332.36603715749044,0.0,16941.29055707282,20.56550267044204,2.423358928030928,52.820136220227575
2405,401.488688143108,27.289800659085653,0.0032983463721821898,401.1965566767199,332.36603715749044,0.0,16941.29055707282,20.56550267044204,2.423358928030928,52.820136220227575
2406,401.17138224209344,27.218650236368436,0.003250394533480603,401.1965566767199,332.36603715749044,0.0,16941.29055707282,20.56550267044204,2.423358928030928,52.820136220227575
2407,400.85760282081355,27.148257709945778,0.0032028916983745373,401.1965566767199,332.36603715749044,0.0,16941.29055707282,20.56550267044204,2.423358928030928,52.820136220227575
2408,400.54727739347004,27.07861441610188,0.00315583336485093,401.1965566767199,332.36603715749044,0.0,16941.29055707282,20.56550267044204,2.423358928030928,52.820136220227575
2409,400.24033514488093,27.00971179933368,0.0031092150785176327,401.1965566767199,332.36603715749044,0.0,16941.29055707282,20.56550267044204,2.423358928030928,52.820136220227575
2410,399.93670688900164,26.941541410842405,0.003063032432063479,401.1965566767199,332.36603715749044,0.0,16941.29055707282,20.56550267044204,2.423358928030928,52.820136220227575
2411,399.63632502854995,26.874094907048953,0.003017281064725097,401.1965566767199,332.36603715749044,0.0,16941.29055707282,20.56550267044204,2.423358928030928,52.820136220227575
2412,399.33912351568523,26.80736404813259,0.0029719566617603674,401.1965566767199,332.36603715749044,0.0,16941.29055707282,20.56550267044204,2.423358928030928,52.820136220227575
2413,399.0450378137747,26.74134069659269,0.0029270549539284433,401.1965566767199,332.36603715749044,0.0,16941.29055707282,20.56550267044204,2.423358928030928,52.820136220227575
2414,398.75400486010074,26.676016815832917,0.002882571716976228,401.1965566767199,332.36603715749044,0.0,16941.29055707282,20.56550267044204,2.423358928030928,52.820136220227575
2415,398.46596302962104,26.611384468767667,0.002838502771131232,401.1965566767199,332.36603715749044,0.0,16941.29055707282,20.56550267044204,2.423358928030928,52.820136220227575
2416,398.1808520996496,26.547435816450147,0.002794843980600704,401.1965566767199,332.36603715749044,0.0,16941.29055707282,20.56550267044204,2.423358928030928,52.820136220227575
2417,397.8986132154754,26.48416311672191,0.002751591253076975,401.1965566767199,332.36603715749044,0.0,16941.29055707282,20.56550267044204,2.423358928030928,52.820136220227575
2418,397.6191888568654,26.421558722883344,0.0027087405392488936,401.1965566767199,332.36603715749044,0.0,16941.29055707282,20.56550267044204,2.423358928030928,52.820136220227575
2419,397.34252280548617,26.359615082384757,0.0026662878323192953,401.1965566767199,332.36603715749044,0.0,16941.29055707282,20.56550267044204,2.423358928030928,52.820136220227575
2420,397.06856011314454,26.298324735537758,0.0026242291675284126,401.1965566767199,332.36603715749044,0.0,16941.29055707282,20.56550267044204,2.423358928030928,52.820136220227575
2421,396.7972470708706,26.23768031424654,0.002582560621683139,401.1965566767199,332.36603715749044,0.0,16941.29055707282,20.56550267044204,2.423358928030928,52.820136220227575
2422,396.52853117879545,26.17767454075865,0.0025412783126920824,401.1965566767199,332.36603715749044,0.0,16941.29055707282,20.56550267044204,2.423358928030928,52.820136220227575
2423,396.26236111684506,26.11830022643509,0.0025003783991062955,401.1965566767199,332.36603715749044,0.0,16941.29055707282,20.56550267044204,2.423358928030928,52.820136220227575
2424,395.99868671615747,26.05955027053915,0.0024598570796656462,401.1965566767199,332.36603715749044,0.0,16941.29055707282,20.56550267044204,2.423358928030928,52.820136220227575
2425,395.7374589312641,26.00141765904393,0.002419710592850719,401.1965566767199,332.36603715749044,0.0,16941.29055707282,20.56550267044204,2.423358928030928,52.820136220227575
2426,395.47862981298897,25.94389546345797,0.0023799352164401784,401.1965566767199,332.36603715749044,0.0,16941.29055707282,20.56550267044204,2.423358928030928,52.820136220227575
2427,395.2221524820421,25.886976839668883,0.002340527267073544,401.1965566767199,332.36603715749044,0.0,16941.29055707282,20.56550267044204,2.423358928030928,52.820136220227575
2428,394.96798110329644,25.830655026804557,0.0023014830998192497,401.1965566767199,332.36603715749044,0.0,16941.29055707282,20.56550267044204,2.423358928030928,52.820136220227575
2429,394.71607086075056,25.7749233461116,0.002262799107747977,401.1965566767199,332.36603715749044,0.0,16941.29055707282,20.56550267044204,2.423358928030928,52.820136220227575
2430,394.4663779330838,25.71977519985091,0.0022244717215111494,401.1965566767199,332.36603715749044,0.0,16941.29055707282,20.56550267044204,2.423358928030928,52.820136220227575
2431,394.2188594698871,25.66520407020983,0.0021864974089245283,401.1965566767199,332.36603715749044,0.0,16941.29055707282,20.56550267044204,2.423358928030928,52.820136220227575
2432,393.9734735684922,25.61120351823083,0.002148872674556844,401.1965566767199,332.36603715749044,0.0,16941.29055707282,20.56550267044204,2.423358928030928,52.820136220227575
2433,393.7301792513786,25.557767182756237,0.002111594059323396,401.1965566767199,332.36603715749044,0.0,16941.29055707282,20.56550267044204,2.423358928030928,52.820136220227575
2434,393.4889364441735,25.504888779388946,0.002074658140084544,401.1965566767199,332.36603715749044,0.0,16941.29055707282,20.56550267044204,2.423358928030928,52.820136220227575
2435,393.2497059541888,25.452562099468615,0.0020380615292490394,401.1965566767199,332.36603715749044,0.0,16941.29055707282,20.56550267044204,2.423358928030928,52.820136220227575
2436,393.0124494495446,25.40078100906328,0.00200180087438212,401.1965566767199,332.36603715749044,0.0,16941.29055707282,20.56550267044204,2.423358928030928,52.820136220227575
2437,392.77712943879294,25.349539447976007,0.0019658728578183012,401.1965566767199,332.36603715749044,0.0,16941.29055707282,20.56550267044204,2.423358928030928,52.820136220227575
2438,392.54370925105684,25.2988314287664,0.0019302741962788264,401.1965566767199,332.36603715749044,0.0,16941.29055707282,20.56550267044204,2.423358928030928,52.820136220227575
2439,392.31215301668635,25.248651035786615,0.001895001640493666,401.1965566767199,332.36603715749044,0.0,16941.29055707282,20.56550267044204,2.423358928030928,52.820136220227575
2440,392.082425648399,25.19899242423177,0.0018600519748280656,401.1965566767199,332.36603715749044,0.0,16941.29055707282,20.56550267044204,2.423358928030928,52.820136220227575
2441,391.8544928229113,25.149849819204423,0.0018254220169135194,401.1965566767199,332.36603715749044,0.0,16941.29055707282,20.56550267044204,2.423358928030928,52.820136220227575
2442,391.6283209629634,25.101217514792864,0.0017911086172831632,401.1965566767199,332.36603715749044,0.0,16941.29055707282,20.56550267044204,2.423358928030928,52.820136220227575
2443,391.40387721992215,25.05308987316308,0.0017571086590115004,401.1965566767199,332.36603715749044,0.0,16941.29055707282,20.56550267044204,2.423358928030928,52.820136220227575
2444,391.18112945668963,25.00546132366408,0.0017234190573583996,401.1965566767199,332.36603715749044,0.0,16941.29055707282,20.56550267044204,2.423358928030928,52.820136220227575
2445,390.9600462311219,24.958326361946384,0.0016900367594173244,401.1965566767199,332.36603715749044,0.0,16941.29055707282,20.56550267044204,2.423358928030928,52.820136220227575
2446,390.74059677982854,24.911679549093513,0.0016569587437677308,401.1965566767199,332.36603715749044,0.0,16941.29055707282,20.56550267044204,2.423358928030928,52.820136220227575
2447,390.52275100240655,24.865515510766144,0.0016241820201315816,401.1965566767199,332.36603715749044,0.0,16941.29055707282,20.56550267044204,2.423358928030928,52.820136220227575
2448,390.3064794460053,24.819828936358835,0.0015917036290339075,401.1965566767199,332.36603715749044,0.0,16941.29055707282,20.56550267044204,2.423358928030928,52.820136220227575
2449,390.09175329036583,24.77461457816909,0.0015595206414673853,401.1965566767199,332.36603715749044,0.0,16941.29055707282,20.56550267044204,2.423358928030928,52.820136220227575
2450,389.8785443331343,24.72986725057848,0.001527630158560866,401.1965566767199,332.36603715749044,0.0,16941.29055707282,20.56550267044204,2.423358928030928,52.820136220227575
2451,389.6668249756358,24.685581829245738,0.0014960293112518022,401.1965566767199,332.36603715749044,0.0,16941.29055707282,20.56550267044204,2.423358928030928,52.820136220227575
2452,389.45656820889775,24.64175325031155,0.0014647152599625286,401.1965566767199,332.36603715749044,0.0,16941.29055707282,20.56550267044204,2.423358928030928,52.820136220227575
2453,389.2477476001146,24.59837650961487,0.0014336851942803373,401.1965566767199,332.36603715749044,0.0,16941.29055707282,20.56550267044204,2.423358928030928,52.820136220227575
2454,389.0403372793911,24.555446661920616,0.0014029363326413108,401.1965566767199,332.36603715749044,0.0,16941.29055707282,20.56550267044204,2.423358928030928,52.820136220227575
2455,388.8343119268102,24.512958820158474,0.0013724659220178512,401.1965566767199,332.36603715749044,0.0,16941.29055707282,20.56550267044204,2.423358928030928,52.820136220227575
2456,388.62964675984875,24.470908154672724,0.0013422712376098627,401.1965566767199,332.36603715749044,0.0,16941.29055707282,20.56550267044204,2.423358928030928,52.820136220227575
2457,388.4263175210871,24.42928989248282,0.0013123495825395433,401.1965566767199,332.36603715749044,0.0,16941.29055707282,20.56550267044204,2.423358928030928,52.820136220227575
2458,388.2243004661901,24.38809931655465,0.001282698287549733,401.1965566767199,332.36603715749044,0.0,16941.29055707282,20.56550267044204,2.423358928030928,52.820136220227575
2459,388.023572352261,24.347331765082195,0.0012533147107057776,401.1965566767199,332.36603715749044,0.0,16941.29055707282,20.56550267044204,2.423358928030928,52.820136220227575
2460,387.824110426376,24.306982630779487,0.0012241962371008584,401.1965566767199,332.36603715749044,0.0,16941.29055707282,20.56550267044204,2.423358928030928,52.820136220227575
2461,387.62589241447375,24.267047360182715,0.0011953402785647447,401.1965566767199,332.36603715749044,0.0,16941.29055707282,20.56550267044204,2.423358928030928,52.820136220227575
2462,387.4288965104939,24.22752145296225,0.0011667442733759297,401.1965566767199,332.36603715749044,0.0,16941.29055707282,20.56550267044204,2.423358928030928,52.820136220227575
2463,387.23310136576885,24.188400461244484,0.001138405685977097,401.1965566767199,332.36603715749044,0.0,16941.29055707282,20.56550267044204,2.423358928030928,52.820136220227575
2464,387.03848607868724,24.149679988943298,0.0011103220066938848,401.1965566767199,332.36603715749044,0.0,16941.29055707282,20.56550267044204,2.423358928030928,52.820136220227575
2465,386.8450301845794,24.111355691101025,0.001082490751456895,401.1965566767199,332.36603715749044,0.0,16941.29055707282,20.56550267044204,2.423358928030928,52.820136220227575
2466,386.65271364590006,24.07342327323876,0.001054909461526921,401.1965566767199,332.36603715749044,0.0,16941.29055707282,20.56550267044204,2.423358928030928,52.820136220227575
2467,386.4615168425854,24.035878490715817,0.001027575703223333,401.1965566767199,332.36603715749044,0.0,16941.29055707282,20.56550267044204,2.423358928030928,52.820136220227575
2468,386.27142056270173,23.998717148098265,0.0010004870676556018,401.1965566767199,332.36603715749044,0.0,16941.29055707282,20.56550267044204,2.423358928030928,52.820136220227575
2469,386.0824059932373,23.96193509853633,0.0009736411704579034,401.1965566767199,332.36603715749044,0.0,16941.29055707282,20.56550267044204,2.423358928030928,52.820136220227575
2470,385.894454711233,23.925528243150605,0.0009470356515267743,401.1965566767199,332.36603715749044,0.0,16941.29055707282,20.56550267044204,2.423358928030928,52.820136220227575
2471,385.7075486750032,23.889492530426807,0.0009206681747617818,401.1965566767199,332.36603715749044,0.0,16941.29055707282,20.56550267044204,2.423358928030928,52.820136220227575
2472,385.52167021565475,23.853823955619063,0.0008945364278091612,401.1965566767199,332.36603715749044,0.0,16941.29055707282,20.56550267044204,2.423358928030928,52.820136220227575
2473,385.33680202875524,23.818518560161543,0.0008686381218083916,401.1965566767199,332.36603715749044,0.0,16941.29055707282,20.56550267044204,2.423358928030928,52.820136220227575
2474,385.1529271662262,23.783572431088295,0.0008429709911416664,401.1965566767199,332.36603715749044,0.0,16941.29055707282,20.56550267044204,2.423358928030928,52.820136220227575
2475,384.9700290284232,23.748981700461194,0.000817532793186228,401.1965566767199,332.36603715749044,0.0,16941.29055707282,20.56550267044204,2.423358928030928,52.820136220227575
2476,384.7880913564121,23.7147425448058,0.0007923213080695262,401.1965566767199,332.36603715749044,0.0,16941.29055707282,20.56550267044204,2.423358928030928,52.820136220227575
2477,384.60709822438395,23.680851184555145,0.0007673343384271701,401.1965566767199,332.36603715749044,0.0,16941.29055707282,20.56550267044204,2.423358928030928,52.820136220227575
2478,384.42703403231883,23.647303883501138,0.000742569709163627,401.1965566767199,332.36603715749044,0.0,16941.29055707282,20.56550267044204,2.423358928030928,52.820136220227575
2479,384.2478834987997,23.614096948253646,0.0007180252672156509,401.1965566767199,332.36603715749044,0.0,16941.29055707282,20.56550267044204,2.423358928030928,52.820136220227575
2480,384.06963165391886,23.581226727706998,0.0006936988813183937,401.1965566767199,332.36603715749044,0.0,16941.29055707282,20.56550267044204,2.423358928030928,52.820136220227575
2481,383.8922638324815,23.548689612513904,0.0006695884417741649,401.1965566767199,332.36603715749044,0.0,16941.29055707282,20.56550267044204,2.423358928030928,52.820136220227575
2482,383.7157656672759,23.51648203456657,0.0006456918602238252,401.1965566767199,332.36603715749044,0.0,16941.29055707282,20.56550267044204,2.423358928030928,52.820136220227575
2483,383.5401230825392,23.48460046648499,0.0006220070694207465,401.1965566767199,332.36603715749044,0.0,16941.29055707282,20.56550267044204,2.423358928030928,52.820136220227575
2484,383.3653222875424,23.453041421112257,0.0005985320230073476,401.1965566767199,332.36603715749044,0.0,16941.29055707282,20.56550267044204,2.423358928030928,52.820136220227575
2485,383.1913497703777,23.42180145101677,0.0005752646952941423,401.1965566767199,332.36603715749044,0.0,16941.29055707282,20.56550267044204,2.423358928030928,52.820136220227575
2486,383.01819229185384,23.390877148001298,0.0005522030810412807,401.1965566767199,332.36603715749044,0.0,16941.29055707282,20.56550267044204,2.423358928030928,52.820136220227575
2487,382.8458368795141,23.360265142618722,0.0005293451952425581,401.1965566767199,332.36603715749044,0.0,16941.29055707282,20.56550267044204,2.423358928030928,52.820136220227575
2488,382.67427082187163,23.329962103694392,0.0005066890729118461,401.1965566767199,332.36603715749044,0.0,16941.29055707282,20.56550267044204,2.423358928030928,52.820136220227575
2489,382.50348166267946,23.29996473785497,0.00048423276887193495,401.1965566767199,332.36603715749044,0.0,16941.29055707282,20.56550267044204,2.423358928030928,52.820136220227575
2490,382.33345719541774,23.270269789063757,0.0004619743575457391,401.1965566767199,332.36603715749044,0.0,16941.29055707282,20.56550267044204,2.423358928030928,52.820136220227575
2491,382.164185457839,23.240874038162204,0.00043991193274985025,401.1965566767199,332.36603715749044,0.0,16941.29055707282,20.56550267044204,2.423358928030928,52.820136220227575
2492,381.9956547266983,23.21177430241775,0.00041804360749040335,401.1965566767199,332.36603715749044,0.0,16941.29055707282,20.56550267044204,2.423358928030928,52.820136220227575
2493,381.8278535125812,23.18296743507773,0.0003963675137612274,401.1965566767199,332.36603715749044,0.0,16941.29055707282,20.56550267044204,2.423358928030928,52.820136220227575
2494,381.6607705548209,23.154450324929314,0.0003748818023442552,401.1965566767199,332.36603715749044,0.0,16941.29055707282,20.56550267044204,2.423358928030928,52.820136220227575
2495,381.4943948165892,23.126219895865365,0.0003535846426121615,401.1965566767199,332.36603715749044,0.0,16941.29055707282,20.56550267044204,2.423358928030928,52.820136220227575
2496,381.32871548005784,23.098273106456208,0.0003324742223332045,401.1965566767199,332.36603715749044,0.0,16941.29055707282,20.56550267044204,2.423358928030928,52.820136220227575
2497,381.1637219416884,23.070606949527082,0.0003115487474782464,401.1965566767199,332.36603715749044,0.0,16941.29055707282,20.56550267044204,2.423358928030928,52.820136220227575
2498,380.99940380761984,23.043218451741303,0.00029080644202991805,401.1965566767199,332.36603715749044,0.0,16941.29055707282,20.56550267044204,2.423358928030928,52.820136220227575
2499,380.8357508891758,23.01610467318902,0.00027024554779391116,401.1965566767199,332.36603715749044,0.0,16941.29055707282,20.56550267044204,2.423358928030928,52.820136220227575
2500,380.6727531984593,22.989262706981457,0.00024986432421236743,401.1965566767199,332.36603715749044,0.0,16941.29055707282,20.56550267044204,2.423358928030928,52.820136220227575
