Year,Emissions.HFC134a eq Emissions,Ozone Forcing.Montreal gases equivalent effective stratospheric chlorine,Minor GHGs Forcing.Montreal Gases Effective Radiative Forcing,Emissions.CO Emissions,Emissions.CO2 Emissions from Fossil use,Emissions.Total NOx Emissions,Emissions.Total SO2 Emissions,Emissions.VOC Emissions,N2O Forcing.Atmos N2O exogenous,CH4 Forcing.Atmos CH4 exogenous
1750,0.0,344.3627591056,0.0,348.5273587773604,9.505619891242851,12.735211942317768,2.4400484348220126,60.02182622415481,273.86505126953125,731.405995686849
1751,0.0,344.3629139996227,-3.970484742724101e-15,343.9263672486595,9.505963229138915,12.592303237945762,2.408379138223796,59.08812628149409,273.89405568440753,731.8381652832031
1752,0.0,344.4111255260294,3.246202140389474e-07,341.8090339016869,9.510002042484,12.594270419616072,2.397116044064474,58.63199702688318,273.9270553588867,732.8999735514323
1753,0.0,344.4703476114046,7.283283744529713e-07,343.6754562091752,9.510345380380064,12.53982033339792,2.4106933649875284,59.02634940020826,273.97305552164715,733.6340382893881
1754,0.0,344.43622157954724,5.062355830131417e-07,349.8156252006437,9.514384193725146,12.636836783079731,2.462065253289928,60.269945173845855,274.0160446166992,734.2020212809244
1755,0.0,344.35084894118893,-6.982521971459817e-08,348.144667955229,9.518423007070217,12.76599124957002,2.442355143653155,59.82493372469855,274.0510431925456,734.7360788981119
1756,0.0,344.36930339283714,4.520479460097527e-08,343.32315167584505,10.16917002399398,12.416162607577876,2.4191843248007623,58.94682931223554,274.0790506998698,735.4210001627604
1757,0.0,344.35954564500923,-2.1381646180550356e-08,355.9418922631908,10.173208837339072,13.133151801932229,2.507464693488836,61.263692996283645,274.0960515340169,735.8930308024088
1758,0.0,344.37087206271315,5.360748429956474e-08,351.839749049401,10.177247650684128,12.979345326040072,2.4797438257676383,60.43461244378834,274.1290461222331,736.2069956461588
1759,0.0,344.3874074576835,1.6569914032557293e-07,351.50776272566816,10.18128646402922,12.752546091231231,2.473528034680374,60.44526305257086,274.16504669189453,736.098887125651
1760,0.0,344.3606556722625,-1.2460972513787088e-08,354.41828530815224,10.181629801925288,12.712696040697043,2.4977451961387147,61.0517247888764,274.1930516560872,735.4841715494791
1761,0.0,344.2445779280438,-7.961734249846358e-07,354.70796791995804,11.146511591992294,12.96678586324592,2.509181763168119,60.98422720066375,274.2220509847005,735.7630208333334
1762,0.0,344.3349935890237,-2.0008100758594198e-07,349.24969722773284,11.15056976531388,12.499789281767244,2.466504132620002,60.0270893345371,274.2500483194987,736.3031056722006
1763,1.8880658180558742e-06,344.33811560811864,-1.735334989060926e-07,350.0593349220327,11.15462793863545,12.632954728484629,2.4809921662006778,60.127066272688566,274.3020553588867,737.1810404459635
1764,1.556607236882099e-05,344.3689516641839,3.607561019034227e-08,342.04461065627544,11.158686111957016,12.576637250641312,2.4218679309291047,58.43835716681741,274.34004974365234,738.1030629475912
1765,3.216390716421616e-05,344.420912934943,3.897258190565605e-07,352.9327257663859,11.162744285278576,12.73808005514036,2.4975540657053723,60.62945785948892,274.3720474243164,738.9860382080078
1766,3.8479955685754934e-05,344.3444397422992,-1.1861537843352074e-07,349.3806450006132,12.44543696396138,12.760079050306397,2.484408321807168,59.85878462626717,274.39205169677734,739.8310852050781
1767,4.120294710262103e-05,344.33200891044385,-2.082835233706759e-07,349.61609899642303,12.449495137282948,12.745703960584418,2.482742877953473,59.89102690050866,274.4260508219401,740.7289835611979
1768,4.362080581410591e-05,344.3480965086941,-1.0305488598437876e-07,362.65368482709385,12.453553310604535,13.266403234135954,2.585377496021171,62.365825552982606,274.4470469156901,741.2220560709635
1769,4.601851196139021e-05,344.25672970650754,-7.175073885796745e-07,355.02541845168975,12.457611483926115,12.857850792574183,2.542757581499459,60.95040360500106,274.46805063883465,741.7470499674479
1770,4.845530624147954e-05,344.3023118759867,-4.1983888863571953e-07,355.3605475565106,12.461669657247674,12.898918215849813,2.551004694202496,60.96602720867275,274.4950485229492,742.301015218099
1771,5.085406344763853e-05,344.2391549918792,-8.43150807813171e-07,347.8619882938519,13.8109015662802,12.62324271414712,2.4564243021424623,59.42424032933085,274.51305135091144,742.8711649576823
1772,5.329839078987125e-05,344.28579547830714,-5.351154489921091e-07,344.613473832749,13.814980411869085,12.524007465440606,2.4318788124626445,58.72495294608385,274.53104909261066,744.0189666748047
1773,5.5737871791844334e-05,344.34149565717416,-1.570382119684542e-07,345.7768090889352,13.819059257457972,12.46738959491484,2.4375705286194296,58.916568849809806,274.5470504760742,744.6629842122396
1774,5.8143202113613994e-05,344.311053147497,-3.553073548325338e-07,358.1035850352457,13.823138103046867,12.783902569664896,2.5289119722989657,61.31335787055999,274.5650456746419,744.8780721028646
1775,6.052060042549825e-05,344.19502861342977,-1.1376037753833025e-06,355.04717285558434,13.82721694863575,12.869291157860507,2.497313042888125,60.54083046418634,274.57904561360675,745.3670603434244
1776,6.29804342727266e-05,344.22292867007457,-9.62168111971269e-07,348.8985525123486,15.250358366648666,12.407416689395562,2.4666720786648364,59.38114479685163,274.5940475463867,746.0480702718099
1777,6.53902037233393e-05,344.19938485591933,-1.1215425709879776e-06,357.54536101292035,15.254437212237557,12.934583487331036,2.521353634336916,60.89349007083899,274.6060485839844,746.7369181315104
1778,6.783764836903914e-05,344.22491132829657,-9.523658214326659e-07,362.7554134630877,15.25851605782646,13.207516945052584,2.560565943809508,61.78348694597739,274.6180470784505,746.7510579427084
1779,7.02529529868436e-05,344.21289250542327,-1.0314595398657325e-06,355.9261715181252,15.26259490341535,12.696989996519427,2.5037124487048943,60.500814881249,274.62904866536456,746.9070231119791
1780,7.266877053562417e-05,344.1899768764433,-1.186413383927386e-06,361.61404216072185,15.27036922445326,12.7150642102733,2.545624084919035,61.61859566014493,274.63905080159503,747.2310638427734
1781,7.501217787350634e-05,344.0621030423504,-2.049994513382691e-06,360.0900538628948,17.074168355278587,12.877900016737586,2.5510926411828296,61.19330647262292,274.6470464070638,747.7660471598307
1782,7.754598621387028e-05,344.1561910359121,-1.4305640077357613e-06,356.04655462228243,17.07827094243073,12.46113467516462,2.5181732450692373,60.48572145305894,274.654047648112,748.2900187174479
1783,7.995155170167437e-05,344.1581220782615,-1.4120119756547894e-06,354.28692425367274,17.08606900503191,12.444383333723518,2.5134612747885146,60.10171272373322,274.6580505371094,748.6270294189453
1784,8.240594197476147e-05,344.1893197591495,-1.2001155335849475e-06,350.5694962640399,17.090171592184056,12.597517209391116,2.4783164405613816,59.21225989324307,274.66405487060547,748.9340260823568
1785,8.485902461670991e-05,344.2281030626237,-9.351779815423201e-07,356.805125351722,17.101945736123064,12.552481929134778,2.5291906045378845,60.494479362546464,274.6690495808919,749.2520395914713
1786,8.722376673669401e-05,344.17306768395935,-1.300578794301337e-06,354.20587729579694,19.40463405256618,12.567811101205406,2.5238744052770934,59.91468240707549,274.6760533650716,749.5639801025391
1787,8.965113203116024e-05,344.15256259230273,-1.4427344603785075e-06,358.7933682521366,19.412432115167352,12.760916940517928,2.558671151927712,60.75335707654267,274.6780471801758,749.6690826416016
1788,9.209971516507218e-05,344.1642141996657,-1.3676695391941097e-06,371.3570923496072,19.416534702319485,13.26480759400037,2.648030358272221,63.12433046674855,274.6770477294922,750.1610209147135
1789,9.442010689514334e-05,344.0639710189496,-2.0424646697304634e-06,363.4416445787676,19.424332764920667,12.846261379798044,2.597817353803489,61.63229237950748,274.6780522664388,750.6470489501953
1790,9.694182811508342e-05,344.11179193430667,-1.7308314722268653e-06,364.880216392627,19.43213082752183,12.93202741114948,2.6055361625440803,61.84599180813865,274.6770528157552,751.1640370686849
1791,9.927890959514964e-05,344.0455055722232,-2.175273489098275e-06,356.6583861664455,21.694191817995858,12.639418553071096,2.5655352132834346,60.21873920423577,274.6740468343099,751.7080535888672
1792,0.00010180016088414845,344.0987399861907,-1.8231904976953506e-06,354.25153761087523,22.34876642876083,12.652724960740573,2.555885905296148,59.70568574139235,274.6740468343099,752.2780151367188
1793,0.00010429826632667039,344.17329253656635,-1.317602640515674e-06,353.37230933667234,22.371745683867907,12.47524671461044,2.5493745985836123,59.58493949599902,274.6590525309245,752.6820678710938
1794,0.00010666383399281271,344.1505960401469,-1.4615753967386403e-06,365.721914030605,22.32534354653756,12.816348771677823,2.642660372712238,62.03822453198564,274.64805603027344,753.2520446777344
1795,0.00010895750944450654,344.0398238446726,-2.207082332939708e-06,362.19212268926736,22.33821727595412,12.872587872512922,2.6101635634209632,61.24273214189555,274.6310526529948,753.841064453125
1796,0.00011148349387475021,344.0713639650837,-2.006133991507495e-06,354.4783029356138,23.439214593904296,12.315862419925484,2.568822151347849,59.864242428463136,274.6150538126628,754.5180511474609
1797,0.00011387485732394137,344.05359223845915,-2.125975344329422e-06,363.54823719908,24.59806209925703,12.944413187522116,2.640239462115646,61.4713769474247,274.60105387369794,755.2560729980469
1798,0.00011636467983393559,344.08874836343233,-1.8911852391882384e-06,367.6501027985187,25.616857924286627,13.189856964098109,2.684800165763159,62.19763902639178,274.5840530395508,756.113047281901
1799,0.0001182562477597572,344.07963961080566,-1.9494022113776416e-06,363.4860469038741,26.981443026950863,12.753675747091163,2.661313715429832,61.49623019706863,274.57004801432294,756.9420471191406
1800,0.00012159715885131269,344.03366006941945,-2.259006267789745e-06,365.8466368441075,28.7778053925269,12.703711090289811,2.6985937954486108,62.00320914073126,274.5470504760742,757.7620493570963
1801,0.00012343642946258514,343.9392661046784,-2.8993694209126638e-06,364.9170683864809,28.554696107145105,12.881578210075109,2.688431218390064,61.665647788634544,274.5320510864258,758.5840606689453
1802,0.00012608510862225947,344.0399333275411,-2.2328027251418357e-06,362.9627075069397,37.07238349413012,12.530332506560097,2.727330113471008,61.32615659022455,274.52305094401044,759.507069905599
1803,0.00012844295957597628,344.0310492807587,-2.2855791687801207e-06,358.65077997506035,32.115052234148855,12.394980154563765,2.67587199588858,60.404341817460505,274.5050506591797,760.508046468099
1804,0.00013093912049181675,344.0682165969896,-2.034090334062843e-06,359.52869597563125,35.05259221861568,12.71613281455242,2.6917820167323114,60.36470274902327,274.4860483805339,761.5410817464193
1805,0.00013336866811476357,344.08308483117617,-1.9297659831638374e-06,364.30370432998336,34.26830496047014,12.62431267799198,2.7297852284332054,61.31991145746931,274.4660466512044,762.6710561116537
1806,0.00013569513718741965,344.03212826398703,-2.2700276615592782e-06,364.3432293357412,35.86203937905529,12.734325994930348,2.7363256272318086,61.22344968188294,274.4470520019531,763.7990773518881
1807,0.0001380950785449476,343.9982430498625,-2.502610819376687e-06,367.234932813752,38.3672604417311,12.831973358155818,2.7751216953268134,61.706469136452746,274.4280471801758,765.0220794677734
1808,0.00014058284554258364,344.01692130083245,-2.3817073509043506e-06,380.03527200344246,35.856927524412626,13.369384811449004,2.846709201622861,64.08195973155631,274.4110514322917,766.319081624349
1809,0.00014281428739817354,343.9181694268367,-3.046126320715499e-06,372.8486855412818,35.88850330801779,12.94143865973299,2.8018920476325544,62.71002212876877,274.38305409749347,767.6550801595052
1810,0.0001453863520372517,343.9540981381731,-2.8143286179692046e-06,374.7180119050739,38.15672600158097,13.012132843244911,2.82398353235988,62.97351665449524,274.36004638671875,769.1471150716146
1811,0.00014762611427609695,343.868458996339,-3.390247212492454e-06,369.2694863079116,40.36351490342033,12.871402399513393,2.803000630901314,61.82960599561912,274.3340479532878,770.7180430094401
1812,0.0001502155494383283,343.913791092942,-3.0937338642905816e-06,364.5806874718721,41.75970724451375,12.730963817667092,2.785422830614805,60.85746996681422,274.3040517171224,772.2101186116537
1813,0.00015275331574538767,343.9806005472143,-2.6418441173095157e-06,365.91388742059627,41.95454083933808,12.626185638831178,2.7962887210753067,61.13613019851266,274.26705169677734,773.7009938557943
1814,0.0001550691785964633,343.9514434652167,-2.830559597528263e-06,377.9855416791419,42.887637597185424,12.963790027634335,2.8937253673868346,63.49192822884616,274.2310485839844,774.828135172526
1815,0.00015733418733192777,343.8650577810326,-3.4129298180890413e-06,375.5806647955672,44.3182407396715,13.066021719780442,2.881174396667863,62.87157569872296,274.1810506184896,776.1400197347006
1816,0.00015983424532025326,343.8644875345543,-3.4260023808828896e-06,371.6298227687404,49.03968263785045,12.698183088806628,2.8945196297552065,62.14643251873565,274.14305114746094,777.3801574707031
1817,0.00016218936443312078,343.8283544035297,-3.672095946545949e-06,376.4429441283954,51.19270203822854,13.076546506230793,2.9394259653777777,62.94153100870699,274.1070556640625,778.9910329182943
1818,0.00016473141556822967,343.8623813072178,-3.4475851661298366e-06,383.9142096017897,51.50323307965797,13.497278072979814,3.00197823341283,64.26768048931984,274.071050008138,780.3030497233073
1819,0.000167084682442339,343.8402439216769,-3.594493476063713e-06,378.3325838344464,51.74568402079672,13.018464152385413,2.956182587777584,63.25758927353961,274.050048828125,781.4260508219401
1820,0.00016941571714101618,343.78930756061345,-3.939128557155267e-06,382.4197482792824,52.536188666166254,13.002182670483212,2.995581552829647,64.0766432984354,274.0070495605469,782.4270782470703
1821,0.00017166017376757563,343.69099013566927,-4.60687034254403e-06,382.8975341008877,53.36192137594931,13.235943672593384,3.0073087305857005,63.98744908758229,273.97004954020184,783.5681304931641
1822,0.00017441415589509483,343.7837095420357,-3.994530433566427e-06,378.6708004400731,55.45545553908207,12.715016778190462,2.99428323979268,63.22724653024458,273.9330520629883,784.9560546875
1823,0.00017672855017224193,343.7682653880447,-4.092538378360583e-06,374.3931813157347,58.77093689865056,12.632634916836032,2.994537839050356,62.26076437261461,273.8950500488281,786.2210744222006
1824,0.00017928566935844915,343.8127707090173,-3.792685624773048e-06,377.040711415511,60.46706103892188,12.995663056691647,3.0211119809130493,62.56343379800663,273.84704844156903,787.4750722249349
1825,0.00018166470836219564,343.8101034156458,-3.8059739193488925e-06,380.31674976188685,63.11152300049372,12.872461229997604,3.071614761914363,63.18578955390959,273.7860463460286,788.7140604654948
1826,0.0001839763389301125,343.7653991540965,-4.10578371979256e-06,378.8222655140124,63.69625002551382,12.847946558125464,3.0591930934332394,62.815941509777446,273.7280502319336,789.831044514974
1827,0.0001863580836288704,343.7313135674899,-4.339560488871696e-06,382.4773392117438,68.30482987530272,13.016080869656845,3.127305636807274,63.38999010724139,273.6770553588867,790.8700917561849
1828,0.00018883999786229277,343.7373017505977,-4.304073518057665e-06,395.9754324666183,68.98226920380725,13.520464298618515,3.2310008822057386,65.90535948629658,273.6410522460937,791.9830423990885
1829,0.0001909818400952783,343.63285464979765,-5.00818519262323e-06,389.1746282041487,68.39394371528422,13.139440279288412,3.189500783985872,64.57289823663554,273.6020533243816,793.0000712076823
1830,0.00019362752960891283,343.66952386320804,-4.772379126562995e-06,392.1065328641397,91.36832944303303,13.264515054652378,3.406492166875057,64.94076179033591,273.5640513102214,793.9600270589193
1831,0.00019582692672985647,343.5978923651001,-5.254248987991724e-06,384.20125072452805,86.70145062998854,12.965550560574089,3.3168917025616285,63.33682174076503,273.5200500488281,794.8100738525391
1832,0.0001984537142515927,343.63744742918084,-4.9952182579502106e-06,382.363398002473,86.79580075587685,12.961496084798576,3.316047923811443,62.87089656141417,273.44404856363934,795.5789845784506
1833,0.00020100945796933543,343.69314682692095,-4.618286818437341e-06,383.4537927943128,88.77741696436878,12.827355939976549,3.342535309207534,63.06958370159948,273.37204996744794,796.1241149902344
1834,0.0002027951554234593,343.6673055401396,-4.785918049852765e-06,394.1429023376304,90.52129829779416,13.102359030322225,3.4371764833811347,65.10499264081507,273.21405029296875,797.0440368652344
1835,0.00020592407075169564,343.5657693989443,-5.470293741234276e-06,390.5551391819573,92.61388732182812,13.133551767620194,3.43109153314582,64.23544316564437,273.0790506998698,797.8309682210287
1836,0.0002080236976386486,343.57305781636717,-5.432010543334543e-06,389.978664389183,107.07903985017182,12.867133430325904,3.5606120619485004,64.08016333132153,272.9540532430013,798.1060129801432
1837,0.00021030339728224522,343.52382955030635,-5.765937158120443e-06,394.75650376781886,107.22316166862704,13.270384331682742,3.5905748734495657,64.82242714481194,272.87305450439453,798.1159820556641
1838,0.00021290788548761818,343.55901377849005,-5.5349451172359125e-06,401.2961870125921,110.99128842241184,13.605264977591048,3.6773493839788993,65.94724656685626,272.86605072021484,797.9370168050131
1839,0.0002152289903021951,343.53541334972584,-5.6919344789941435e-06,396.9116368644367,114.73585303910576,13.18858094627157,3.6804199625611256,65.11131218043978,272.8580500284831,797.9220987955729
1840,0.00021752789472280883,343.484440331363,-6.037030578631372e-06,395.88091618643386,122.91642713139277,12.8895445368548,3.7424452069524783,64.92298176034035,272.79905192057294,798.3870493570963
1841,0.00021973237916326778,343.39335571902234,-6.656179454690718e-06,402.3727418168372,126.79434586668684,13.43207834144722,3.826558744119807,65.9454451837981,272.68904876708984,799.0600840250651
1842,0.00022252136747389557,343.46467201973485,-6.187222466574318e-06,396.9951221368095,134.2652382555226,12.928627400551376,3.856907997872313,64.92167359416241,272.5820541381836,800.0011189778646
1843,0.0002243808185023074,343.4682884558315,-6.158841026245979e-06,389.73678087183737,137.23492960494733,12.63268139047172,3.8533093925905946,63.424060913522,272.607048034668,801.4921824137369
1844,0.00022792915719601074,343.5113314856342,-5.8674435698245475e-06,392.7074417140548,146.01709233738427,13.024345477938166,3.976687412934379,63.76245430030204,272.6480534871419,803.6190745035807
1845,0.00022982489774588496,343.5097440035968,-5.8732035047404296e-06,397.85005599568376,160.47390306954614,12.999929821414131,4.15428124651865,64.68556723249593,272.6400502522786,805.6650695800781
1846,0.00023208926412146097,343.4632201373199,-6.185093665141103e-06,395.9082621735635,161.9589046391713,12.972553554670752,4.138125135238822,64.24405152639606,272.73004659016925,807.2559560139974
1847,0.00023445325660949968,343.4279892746236,-6.426742685792856e-06,402.9851574748714,173.931547660701,13.271530276425436,4.301750207921762,65.44362075203811,272.8130518595378,807.9369812011719
1848,0.00023692166572085007,343.42522127869233,-6.45038951913088e-06,413.5582929452125,172.6606739956153,13.6475822359264,4.401966128843545,67.39824375327751,272.88504791259766,808.092041015625
1849,0.00025575897590354577,343.3270524737156,-7.113151618558433e-06,408.9399341234632,179.01348729147213,13.424114595690698,4.442860300051104,66.42707154065786,272.95404561360675,808.2150014241537
1850,0.00038143335892218644,343.36681915843917,-6.856138254531669e-06,411.4628743194825,188.2971892915022,13.456576847229837,4.544463775546904,66.78304875030415,273.0210469563802,808.2490285237631
1851,0.0005153791880776565,343.6668763277338,-4.834983425514066e-06,402.2448152541545,188.9473101241581,13.172439920844475,4.5065997179040895,64.9500465918497,273.09405008951825,808.4141082763672
1852,0.0005544457589538752,343.839214582356,-3.6432157991450166e-06,397.4985199915501,196.569620882664,13.001819323507366,4.548173376622195,63.95789986488204,273.1680501302083,809.1631317138672
1853,0.000577193943086545,343.9364804276586,-2.960970288859134e-06,400.3388041437756,205.03437818073465,13.034253236711525,4.645593816185576,64.44555417814735,273.26405080159503,810.4040578206381
1854,0.0005997520786902021,343.93565758256153,-2.948137664770368e-06,413.399131509534,241.471087383668,13.421990057867442,5.062418700342138,66.79469521937582,273.36304982503253,811.7321421305338
1855,0.0006224310090080379,343.8198415436211,-3.722468043358447e-06,408.11045388038974,243.9077243416637,13.373651283699798,5.055876658386677,65.65156397841133,273.47004954020184,813.3320363362631
1856,0.0006456304382178987,343.8530064805607,-3.5094916746730923e-06,404.8549167301799,260.8928804939152,12.946146656322552,5.188552235176194,65.04253470413643,273.5780461629232,814.7961222330729
1857,0.0006700941310213846,343.8094250788667,-3.802623953981621e-06,414.6731918454804,263.45150898261613,13.660998095817272,5.285746479984215,66.72779876959439,273.675048828125,816.4521179199219
1858,0.0006938407155112795,343.8475207898722,-3.550541976283134e-06,419.0140236088295,267.60777029654656,13.9294510182842,5.3613428075002,67.47060376347301,273.7560501098633,818.3551279703776
1859,0.0007180440705945497,343.8349509950133,-3.632567965909216e-06,416.2997484931252,285.2848881882301,13.531486507079054,5.522088205892609,66.95694733909333,273.8950500488281,820.3960774739584
1860,0.0007424199184412631,343.76803559084044,-4.083611630568826e-06,416.0639965860974,314.4307082512235,13.338568923855494,5.787726354552483,66.84953492841794,274.0560480753581,822.3121185302734
1861,0.0012728541823840214,343.68934422745934,-4.6205417886155715e-06,417.2441372168871,331.4036247223157,13.667803666757012,5.933301365192519,66.88575551122409,274.24004618326825,824.3991902669271
1862,0.0013335757250384783,343.79231151264946,-3.937598485985683e-06,414.16280656087633,336.63652412522435,13.27771597474367,5.943503850094243,66.35896016165403,274.41604868570965,827.0292002360026
1863,0.000888283194873505,343.8006212802107,-3.874086943759217e-06,408.1224194075052,357.2415719165729,13.044741272187805,6.119347249550137,65.00963540040021,274.571044921875,830.1662139892578
1864,0.0009144776621597968,343.84753066618975,-3.555087738057458e-06,411.3310642864957,383.7596460235925,13.42555248261248,6.376488796870201,65.39906664161046,274.7200520833333,833.6041412353516
1865,0.0009407790029823068,343.8468253665294,-3.553991064604413e-06,420.4890049801762,406.520184025051,13.656138439945162,6.64379561561145,67.10347351160692,274.8800430297852,836.8942057291666
1866,0.0014730760507848818,343.8107207754483,-3.795408537254698e-06,417.1011849314015,420.4531020747053,13.57734060635964,6.765960834568206,66.37528156013664,275.0480473836263,840.3622080485026
1867,0.001535043849145944,343.7840824980631,-3.978016682167117e-06,424.2969752987472,449.195302727825,13.897618510058097,7.119763794229744,67.66026448741948,275.2130482991536,843.9951222737631
1868,0.0010913716171359702,343.7929517016743,-3.92205625415751e-06,434.930228259825,460.2890533707007,14.331588558352989,7.325189710974375,69.64729381366908,275.3910446166992,847.2491251627604
1869,0.001119921239827733,343.69895398343914,-4.5551521709811385e-06,426.4036167290826,488.4396241025042,13.94409189653389,7.571114078764871,67.9294955911712,275.56104787190753,850.1300862630209
1870,0.0016540266022637723,343.7642854912684,-4.125058322613306e-06,433.2287624497814,500.8359387643198,14.20074407011024,7.762947987099056,69.12187693609928,275.7200444539388,852.4350077311198
1871,0.00171734270750248,343.6931795838088,-4.599999710187553e-06,425.1606513202936,532.2577502725627,14.02316495520306,8.019553553652756,67.42862357960736,275.9030456542969,853.9930725097656
1872,0.0012762703462788876,343.7589068105069,-4.163691130830424e-06,417.7442733570141,587.5811859353356,13.725273260938083,8.48727315533725,65.84553711122807,276.0780436197917,855.2329915364584
1873,0.0018119891631101762,343.8340495427833,-3.6528290862367837e-06,429.2802890411377,623.305759245324,14.156463683462135,8.932963275339493,67.99437045089431,276.2500483194987,856.1681976318359
1874,0.001876877209389237,343.8117622862968,-3.7936070646055093e-06,435.8041800080444,590.022181224642,14.352255685607926,8.75070146459621,69.34908007240699,276.41605377197266,857.820078531901
1875,0.001941944975258384,343.68770648881707,-4.628352302754736e-06,426.893495453106,634.8985489837439,14.16158404148277,9.09083843679748,67.4820885998621,276.5850474039714,859.4690653483073
1876,0.002008643050751384,343.76292099960483,-4.1346634440751584e-06,429.4805477313967,644.7162037693784,14.037110848208748,9.26618957848136,68.07266489194261,276.7350514729817,860.8591054280599
1877,0.00207491935815711,343.7139818062285,-4.4602557446212214e-06,434.0603459961696,658.9603312260903,14.496477320282102,9.510372735561647,68.7783807279057,276.8640492757161,862.3791147867838
1878,0.0021424084116373966,343.76425852289276,-4.125605870222573e-06,437.9599497693981,662.4475459391701,14.790857471244523,9.59766004197736,69.46979574102357,277.0020446777344,864.139149983724
1879,0.002210046136468326,343.77128813756383,-4.074209865747338e-06,440.8517590737373,707.8810191692077,14.607011947076726,10.093523219758184,70.08572001647862,277.13304901123047,866.2831624348959
1880,0.002277744299037302,343.66346732020673,-4.798230311594913e-06,437.365727538686,803.759667839386,14.40860199170044,10.936322336520524,69.18788119083449,277.2650502522786,868.6961059570312
1881,0.002346096295959797,343.6332942966741,-5.01200608558129e-06,440.9737248225101,825.3182472592117,14.885095684041412,11.293506730684229,69.70896888997471,277.3740412394206,870.9841257731119
1882,0.002922740514663648,343.7411581447259,-4.2921022403290634e-06,436.0786301154982,868.2868736487579,14.484440945619417,11.738848201266975,68.75016748711803,277.48605092366535,873.2501373291016
1883,0.0030270361940327646,343.7711047014535,-4.0811752427081074e-06,428.2212034304951,919.3900693514222,14.270504913420991,12.254384026795949,67.06254475755776,277.59104919433594,875.6031494140625
1884,0.002627128239497207,343.8583556942222,-3.48777396146102e-06,436.5183491794865,926.55488681631,14.80607458863925,12.467245528478312,68.59402326244992,277.6950505574544,878.148203531901
1885,0.0026979273427350865,343.82711057152255,-3.687322204913055e-06,438.1415385380004,932.3926773436464,14.757077388144165,12.570266226675043,68.94977818435397,277.7950490315755,881.0251312255859
1886,0.0032753961660135452,343.8238728988865,-3.709097711574262e-06,437.7333268549245,946.6222191668428,14.8946765949723,12.686263225278177,68.86926284379062,277.88504791259766,883.8392181396484
1887,0.0033826011767777837,343.81722048978105,-3.754188048737738e-06,443.1077381376516,992.9671993131536,15.17142122940599,13.190955216647929,69.79403942185417,277.9950459798177,886.9331359863281
1888,0.003490657757211443,343.8481390676197,-3.5467975158182203e-06,452.5023079705392,1095.757641894575,15.575101840595128,14.34215496072484,71.4272374400245,278.0800501505534,889.9262135823568
1889,0.003598732926247935,343.77254929008143,-4.052779356853971e-06,448.6908696327024,1097.1201592020911,15.52671145957987,14.33482126267808,70.65718771639492,278.19104766845703,893.1561584472656
1890,0.003708992959045797,343.8582611392467,-3.482635129138833e-06,453.89903232867,1191.9929685378445,15.791948531981674,15.43278649207452,71.47659716602703,278.27305094401044,896.3831837972006
1891,0.003822287364415829,343.81806325851755,-3.7465162928979158e-06,444.382731801162,1247.575064702637,15.579730291609284,16.026797541235865,69.53172190504567,278.3470509847005,899.6662648518881
1892,0.003938611577702704,343.90884011862613,-3.1374495975695425e-06,439.8086590465999,1256.70753689652,15.42330661793472,16.30684661199453,68.66391958974123,278.4420445760091,903.5341949462892
1893,0.004054535373309105,343.9803198641197,-2.647381333072541e-06,443.3506557921903,1238.1078978437354,15.487544397540828,16.215991510549767,69.48705801909811,278.5540491739909,907.2741190592448
1894,0.004677444698377645,343.97581385442186,-2.6676622174196544e-06,456.69603250902094,1286.676887389371,16.058103476502154,16.796573244078445,71.90804380664727,278.68904876708984,910.4781341552734
1895,0.004830184295275186,343.85329462119034,-3.4899950254855948e-06,453.5518850499526,1362.1187957936836,16.157372163559618,17.66577430948931,71.15178658195539,278.831049601237,913.2259826660156
1896,0.004479637494044966,343.9052846578536,-3.1518694801371165e-06,444.0944277814877,1405.9557640537669,15.549146160517685,18.15088035932663,69.42267705803128,278.9390513102214,914.7710927327474
1897,0.0051062554879620385,343.92153274692816,-3.0406686283132883e-06,456.4122054736632,1473.038386097507,16.510755580021115,19.01112916061584,71.54673250412924,279.05104573567706,916.2742818196616
1898,0.005263662451057917,343.99947895749006,-2.5136194109124597e-06,456.6037673563168,1551.1755446467898,16.74484506455168,19.98900756541145,71.45665951589594,279.16304779052734,919.0172271728516
1899,0.005422118653008338,344.0689585343425,-2.0370414032509904e-06,462.1035993919434,1697.800965876801,16.734826622895593,21.642463314519087,72.46072255843502,279.3080469767253,922.2811838785808
1900,0.0056188346938727506,343.9952133285468,-2.5237239032003395e-06,459.5444668504325,1788.8209389436147,16.71573998916366,22.66210070818357,71.90656631461616,279.4540481567383,925.5521138509116
1901,0.019141559885760967,343.99263824730576,-2.5457614334441697e-06,457.6168305058551,1848.660825522177,17.086816972944238,23.51382736732285,71.63263161162581,279.61304728190106,928.800333658854
1902,0.03627691111792592,344.1317115901219,-1.6110509094130751e-06,455.0261768246298,1903.112290049174,17.013058292877986,24.163401119203183,71.24149846316587,279.86105092366535,932.7311604817708
1903,0.04165261993589013,344.1942881638255,-1.1757770654054426e-06,449.9625304110428,2075.742537501805,17.047268493429016,26.04768030432168,70.25376393283156,280.1560414632161,936.7834269205728
1904,0.04902197448470443,344.3292666498879,-2.562476775647802e-07,462.6217650299278,2107.614100896002,17.737432960200962,26.50752099131453,72.88437625246438,280.4320424397786,942.114267985026
1905,0.0632206256411242,344.3315914466351,-2.233922178354743e-07,467.44012883738543,2243.7267128686976,18.2980148739324,28.1580284765171,73.70973521692333,280.70504506429035,947.4432729085288
1906,0.08462828954323853,344.35636003062166,-5.116381443725912e-08,466.4356478967891,2360.9161104099794,18.41936116273716,29.48689883596641,73.46173851221981,280.98004659016925,953.0924224853516
1907,0.11130322751701996,344.40717131885776,2.9512234184489713e-07,480.3174563577665,2663.74455893856,19.46355752125633,32.47930467684103,76.00444514305916,281.27604420979816,959.1561177571616
1908,0.11095907322584007,344.5217905862785,1.078627821119321e-06,482.5826340091374,2576.958063520148,19.626144340779305,31.1328570372851,76.85623799627187,281.6110432942708,964.0852966308594
1909,0.13822069562626346,344.50327004831104,9.914994400143956e-07,480.6894687863213,2672.675264874804,19.84444900904337,32.691010925715105,76.44087709943787,281.9500452677409,969.3983662923176
1910,0.22081814596801635,344.65927068151314,6.081840349448493e-06,491.4713622185322,2805.9632504058786,20.447254063280084,34.19279814080697,78.48124342715315,282.31404368082684,974.787089029948
1911,0.26181989396572514,344.7176303035861,1.188078769007321e-05,482.3736483687901,2861.986256767045,20.38225950415204,34.43465077956312,76.73370568501319,282.7210413614909,979.465321858724
1912,0.30081491445785885,344.8925234561225,1.56700295342496e-05,477.9889214580395,3004.722071779436,20.42827701388777,35.92235270992954,75.8316081908469,283.01904296875,983.6058603922526
1913,0.3601460112273101,345.11653221450536,2.3981505410066723e-05,488.2676034939648,3259.6494608068774,21.198232288606768,38.08608969798272,77.57996159883326,283.36204020182294,986.2423197428384
1914,0.39593107850984377,345.4187744166864,4.052599011375922e-05,494.4978826289548,2973.6665402766857,21.34701391680138,35.13405679461169,79.77807342879137,283.7160415649414,988.610880533854
1915,0.4434340023406934,345.6604162703552,6.59149132079441e-05,484.247684884698,2942.519810470517,21.293131630168947,35.09148717862071,78.35040062356745,284.0470428466797,991.4610799153646
1916,0.5596672324446405,346.2807119619703,0.00010207216380958311,482.95426600786,3170.958207253671,21.68369609875326,38.07157452770289,78.27985154770643,284.3120422363281,998.4538218180338
1917,0.6901960713303572,346.83582036241927,0.00013566459650238017,492.9600447524987,3285.6216442218943,23.0041909467954,39.75198229077258,80.4548180697849,284.61504618326825,1003.570551554362
1918,0.755885588667644,347.4157352228195,0.00016393456401269198,496.242073076373,3251.813367074211,23.380211688926337,39.42498449874762,81.61294813978053,284.8050486246745,1010.1304473876952
1919,0.7665492186831563,347.76350367339046,0.00018506817905073389,490.9794171167238,2861.4210084405945,22.75197625507395,33.93663047851452,81.67724386438958,284.8510513305664,1017.6303660074868
1920,0.7871618616246476,347.8773008302927,0.00019834715954762156,498.87459987539705,3309.215240097431,24.03917530124086,37.54682245999263,82.96992111207,284.92904408772785,1025.070327758789
1921,0.6769909977704313,348.2595050033957,0.0002179731827906297,486.6136241874396,2908.9688897985466,23.474672096704147,32.04941278054283,81.18725519244387,285.03904215494794,1032.2003377278645
1922,0.6231693227462856,348.79842576577073,0.00025162506426284955,484.8273418444006,3092.4139992625346,23.819843633161792,33.84898546620051,80.53069430512947,285.1700490315755,1039.1002502441406
1923,0.8633562369663331,349.44894328309056,0.0002920127900865773,514.2343951443905,3516.25242540537,26.32202242788179,39.38589958706581,86.27583424473677,285.467041015625,1045.1300659179688
1924,1.0821138055467905,350.2174356093781,0.00033626697998234326,499.0974143950571,3555.8300563616726,25.587789988457967,38.982972280573016,83.21123114220697,285.6050491333008,1049.4500325520833
1925,1.1753106211561941,351.0006983178656,0.0003899626565166403,502.6957687586778,3604.712597949596,26.22160478298548,39.41628780998716,84.06174423454924,285.6520512898763,1052.1599527994792
1926,1.2627157609018538,351.78590443989924,0.00044146607523373196,499.041820374083,3558.887022475052,26.46434217472057,39.55611645919673,84.16877083488303,285.6920471191406,1053.600107828776
1927,1.3984152818291369,352.5878957700038,0.0004925274331842106,515.0910883833536,3928.221559555052,27.91811904950004,42.21370855415179,86.52753524964037,285.74005126953125,1055.7705688476562
1928,1.5932468955586223,353.54941206597994,0.0005633181785284845,515.8400889336957,3943.582918503044,28.145575293203123,42.06447172030944,87.11586336850812,285.8330485026042,1060.640360514323
1929,1.802703491243919,354.57031218775836,0.0006501933319561531,527.0535755087527,4239.58622471837,29.21456635771085,44.73465018561838,89.37670246877072,285.8910522460937,1066.6603291829426
1930,1.8193798821192735,355.7291126520972,0.0007511351192429716,535.0349028180784,3931.5348799967705,29.041433054838983,41.51990606932174,91.59573862667057,285.9380518595378,1072.640116373698
1931,1.6632266919370076,357.05974396290935,0.0008616867510208255,504.89813450435264,3549.6455181382203,26.95423625858755,36.63913266166543,86.48531866506026,286.12404378255206,1077.490224202474
1932,1.4670619469560042,358.99875849045645,0.0009784562463440378,510.1823315036154,3225.7182395467908,26.74457594512289,32.251895421366335,87.9072537284969,286.22204844156903,1081.960225423177
1933,1.3738421965604952,361.21453669636105,0.001107394967624439,508.1160120584264,3383.9424868643987,26.61269602790784,33.93713756563494,87.73926442282286,286.37105051676434,1086.5403340657551
1934,1.4864816625730244,363.72932819283295,0.0012606301268080792,528.0331660089164,3666.9673367819296,28.25939192143621,37.30163266035201,91.49703968423375,286.4670486450196,1091.7702941894531
1935,1.7896516313335056,367.0290123438681,0.0014563586206438744,529.4409406291938,3849.855802224696,28.836652455946016,40.09333853070194,91.90214074154562,286.58704884847003,1097.08012898763
1936,2.2118341715749157,370.7507281627537,0.0016851883171560321,550.0398548533171,4215.45707271199,30.75030733480719,43.12786142043625,95.83484543323485,286.7470448811849,1101.830301920573
1937,2.6650713101946515,374.7704869614297,0.0019225734610724813,550.6109419060176,4511.311211107546,31.4518479578782,46.39105112796913,95.84567433043011,286.9510447184245,1106.3199869791667
1938,3.0848451847280196,378.7424558161889,0.0021641472000166325,535.4268484555511,4255.96843867095,30.00000650910028,43.01883965710126,93.2370606174549,287.19104258219403,1110.6307983398438
1939,3.5319236302869395,382.755635542081,0.0024281879339903205,554.5379171230255,4516.846720106666,31.64022958212725,45.9488545379652,97.34535423251212,287.38704681396484,1116.909678141276
1940,3.8987231727838765,387.48419695833115,0.002738442845675165,550.4654056455058,4882.854452426038,32.71883330406874,50.23977106039386,96.49612886832482,287.6190414428711,1120.1201782226562
1941,4.468960409890045,393.49476248696385,0.0031205466253962848,552.9500650768001,4973.871648052171,33.48198015439874,52.14654754131045,97.09407345232208,287.86404673258465,1123.2405090332031
1942,5.5260309757759964,400.4651216085688,0.0035840166003112575,560.1841861089208,4980.163241406385,33.980486342872055,53.32090163909221,98.65719695401302,288.13805389404297,1128.1901550292969
1943,6.941954958495258,408.6874555185933,0.0041308855837529,561.0185502959332,5141.019628817479,34.96119084124996,54.13624125624317,99.4863464447604,288.7810287475586,1132.66015625
1944,7.141584314478596,416.71575469446725,0.0047110656446727826,569.4275578497453,5085.933086352678,36.03881655583992,53.073505040535714,102.00830515112276,289.0000508626302,1136.2700602213542
1945,5.294745783898361,423.5040802408238,0.005398898061292975,562.3881403027648,4327.405026380107,35.50969960167764,46.7569020311827,102.38686289278726,289.22704060872394,1139.32036336263
1946,4.216100289926143,430.01689480063203,0.006223498111994036,555.2899629515077,4742.566944249697,35.50602086858594,46.202503687994174,102.65818348678006,289.42704518636066,1143.6604919433594
1947,4.78460261448562,437.0341604834248,0.007099167629877285,563.4037753734774,5313.062133092379,37.73867603450445,51.876230112361256,104.1573676076626,289.5110448201497,1149.6402994791667
1948,5.382329756580519,444.92858716840834,0.008024635413048542,586.5360800457117,5649.648193895278,40.05786821748217,54.2400156975523,108.09641738801687,289.5560531616211,1155.6301676432292
1949,5.558610769821168,452.99933689861325,0.008976219831812005,588.4410386834926,5551.76102167083,38.96806771197776,52.31608637500197,109.1544257771438,289.5980504353841,1160.3499450683594
1950,5.796669813279552,460.65693892581936,0.00996300196692961,619.9439709148871,6213.731175741306,43.133465347661485,58.20628819753501,113.85984719531824,289.7390416463216,1163.8205668131511
1951,6.497206616196154,467.9689156248136,0.010973284812727899,593.1994505844021,6659.606041065716,43.19932780037668,60.663231512792365,109.0909544187218,289.8600540161133,1168.8101196289062
1952,7.216033537658696,474.9169934578271,0.01203835021842695,606.9563399935745,6786.099891797026,44.29775813127395,61.4498930861673,112.61821090484104,290.0250523885091,1174.3108825683594
1953,7.773539774596465,482.4566040963268,0.013242620353777148,623.9750547982311,6984.021272212278,46.15027419486882,62.68709013819596,116.77653779023557,290.33404032389325,1183.3606567382812
1954,8.305627149037726,491.1188339072843,0.01461510856170402,628.9096635314064,7165.186494854506,47.14223946545323,63.10483375289556,118.7896928573186,290.5480499267578,1194.4306030273438
1955,8.732748213555535,500.2789584528489,0.016179904016568603,641.3267253315221,7837.469427759453,50.45064783117852,69.00315621483612,122.54258151361353,290.8440450032552,1206.65092976888
1956,9.098241888717677,510.78155839319345,0.01796840953681732,673.8062290292883,8395.391090472882,53.89237305648906,74.12190737350447,129.82302004314178,291.18704477945965,1221.1007995605469
1957,9.324989909198148,521.8436064272212,0.01993143753459189,695.9496130566932,8738.87258426779,56.5021551728775,77.62640658359288,135.59152056062854,291.51204172770184,1235.8001810709636
1958,9.574622365144073,533.2910922733098,0.021999999082969925,661.285485841322,9040.538849588274,55.97930462125906,78.56142199356961,129.20858361180427,291.7720464070638,1247.4204813639324
1959,10.09971719150434,545.6799629139846,0.02425538707100089,665.4367222123257,9541.019562638574,57.53015334391428,82.51022591859517,131.21049744121555,291.9870427449544,1257.3200785319011
1960,10.901594210298827,559.2924572997395,0.026848796512598527,668.5656629833454,9998.246946524006,59.57552345381066,85.80760420569459,133.33681491027784,292.2830454508464,1264.119873046875
1961,11.800112930955947,574.3237854841514,0.02984568141434622,701.0053452576341,10084.929428517677,61.54958481798603,96.59080751826748,143.56526348207862,292.602045694987,1269.4615275065105
1962,12.782336868990113,589.9960802582965,0.03330582507989371,678.8492233714484,10511.070556386998,63.50039853408268,98.59311393203902,140.1058920148071,292.9450378417969,1282.5712890625
1963,13.714789059017656,607.782634309239,0.03732560820653486,741.3196016175318,11125.941126809785,67.40220069384505,101.67847108515984,156.13095399196706,293.3270492553711,1300.79057820638
1964,14.509756351319037,626.1015228260378,0.0419176027551519,689.1114600087734,11702.72338418647,69.79921330180835,105.49869079223198,146.45477556142896,293.68504842122394,1317.3704528808594
1965,15.395566158269618,646.9912875016819,0.04707829472527227,709.3122962703268,12246.75033387149,72.53323808388623,107.9591805044858,153.40539119426893,294.0450388590495,1331.060282389323
1966,16.478926167550433,670.2440154897861,0.05283791361487175,710.941466458106,12831.86689595858,75.04521589509099,110.36645496630516,156.4949809106804,294.4530436197917,1342.2405090332031
1967,18.06123501541722,696.3901862200338,0.05929226718718666,746.2098208746951,13287.15772480886,79.47428379478379,109.35519326684204,164.77531621039864,294.86004638671875,1354.2715555826824
1968,19.727390107647985,725.0820858086796,0.06651796546140706,740.4824182303034,14051.668413799567,83.46364336032607,113.55959768195832,165.09570877308497,295.2690455118816,1371.6504618326824
1969,21.229603712489684,756.8518636014909,0.0745404902696381,747.0297315350706,14883.396807382682,85.61259582540912,116.75347887979434,169.68157132242786,295.68104298909503,1389.3417561848958
1970,23.090875461400863,788.8998852690806,0.0832810260973534,781.037552297546,15843.285019524576,91.39020745252596,122.86787802343206,179.6859546683907,296.09803771972656,1411.1005147298176
1971,25.289990428101504,824.6305718209587,0.09277261062474795,796.2029425301106,16527.550099634947,93.99546396102052,123.2413270963095,183.53555789915328,296.5220438639323,1431.1209615071614
1972,27.56562672856689,865.1952307465156,0.10324040063811214,868.4735707547015,17246.695642406547,99.31304653589834,126.7324978756456,196.66552470793948,296.95503997802734,1449.290018717448
1973,30.06858708520184,910.7089412773469,0.11486046764825099,826.0293132269293,18233.00875050532,102.61034748182163,132.4288265395,186.52593193281965,297.399040222168,1462.8606770833333
1974,33.0693818151466,960.2106618270808,0.12717650331167785,824.6214022160059,18132.22699535329,102.07597772266304,130.53960340695352,183.6005250821906,297.85504150390625,1476.1409098307292
1975,35.03863265268844,1008.4220534046465,0.13945053230765836,816.9194858581777,18060.67209074829,101.05436634134072,128.16559132593756,177.51306730736252,298.3260447184245,1491.740966796875
1976,36.92881728778884,1058.3777064707988,0.15155273378825873,856.063491529847,19035.556334567314,106.04776773719762,134.0976168733828,186.247427298102,298.81404368082684,1509.1109517415364
1977,40.51529593041882,1112.6062088227802,0.163472171609345,868.4313096928761,19657.66065284009,108.58561919463652,135.3432377512975,189.2255322560173,299.3190358479817,1527.6809488932292
1978,46.879880224703705,1167.1139597774818,0.17481430983374552,897.405148357044,20454.216964332376,112.559632775152,135.83417396469358,192.93479554653743,299.8450393676758,1546.8908996582031
1979,52.90907031366791,1216.383238320471,0.18537851538584801,900.4664227016348,20999.96015693616,115.0059618980382,138.02440074525126,196.0169028731842,300.3930384318034,1566.1608581542969
1980,56.024639795141695,1261.4574211537781,0.19592469312458574,890.5114951943987,20707.595338894927,114.18617964344467,137.3534112392945,194.39124204024887,300.9650395711263,1584.9407348632812
1981,57.88153539694616,1303.8423149619532,0.20661087599012823,875.7816094417443,20298.599212495,112.05454255022292,133.16990108345564,189.168613859002,301.5620346069336,1602.6506245930989
1982,58.13144571608959,1345.0315291216618,0.2172299971915611,967.4292982868149,20071.086666767103,112.18814146211471,130.86045303509695,206.8844647776702,302.1870422363281,1618.7305399576824
1983,59.027988588202135,1384.7969203579075,0.22760702665383922,862.0214943304857,20092.38693630408,109.32740265686684,128.90373447756497,183.83582233478344,302.842041015625,1632.620147705078
1984,62.724787808055716,1428.177096187883,0.23886776840543422,889.7020107049092,20590.54238517373,112.74249172600256,130.4163406761621,189.3335257314472,303.52803802490234,1643.5008544921875
1985,66.76053519278715,1474.0167663425236,0.2510887483045112,906.9368199480392,20810.00575113212,114.50513698657949,130.744205181854,190.4568856663394,304.2470397949219,1655.9104715983074
1986,69.30618674785953,1522.0921373541923,0.26398170013346506,914.5218093193048,21196.382640676227,115.76976299657072,130.75455769844152,195.66522346659664,305.00203704833984,1668.7911478678386
1987,73.38809032196068,1577.5919378700553,0.2789504913950248,952.061149189977,21774.340960278307,119.6837540856174,133.23433411785436,203.585170051448,305.79303487141925,1683.7497863769531
1988,78.30192638340122,1634.8849614601877,0.2938568854250046,950.4151874289804,22475.378575347084,124.14956034787264,134.3653494746133,203.53222760721053,306.62404378255206,1693.940928141276
1989,81.97759655801127,1686.1383821878917,0.3060004621589292,930.8467754620428,22760.31988168612,125.2678309615888,134.41616789400453,200.31650520357337,307.8310241699219,1705.6304423014324
1990,86.43828009297768,1731.8299216857667,0.3156131051133367,940.5626313485474,22671.239207930063,125.6585787017536,133.9791277858574,203.0212309920509,308.6830368041992,1717.4006754557292
1991,90.76810567451828,1763.256834223561,0.32357769545700554,1129.9838832525568,22683.40316298831,130.37284760058986,132.7375511716136,244.42863411026067,309.2330373128255,1729.330556233724
1992,95.25348824400476,1770.3468143353232,0.32897691325701645,913.3754185979066,22521.36802154585,127.16935207081686,128.2477767678287,198.23847301394608,309.7250391642253,1740.1392618815105
1993,102.1051158008091,1766.1872845646162,0.3322378182331923,941.8816353260038,22695.36268126985,130.5411331632924,126.19423016578818,203.77578316226604,310.0990524291992,1743.1006876627605
1994,115.58981185236654,1755.6421384336045,0.3350433653240154,1060.282744333416,22866.39316554965,132.2742148031943,123.44841524770855,231.0503542937696,310.8080291748047,1748.6203715006511
1995,133.04730573748157,1736.415260676618,0.3380713195550624,955.0363061603086,23369.590160570453,132.86227726455786,121.082118475163,206.47424846775004,311.27905527750653,1755.2296244303386
1996,150.14517149703778,1719.3524978194944,0.34027095694233855,930.0218807197676,23860.59967240361,132.86156898475696,119.11420647057,200.87242078907184,312.2980194091797,1757.1905924479167
1997,168.64581548615578,1711.7871659604207,0.34155558986644446,1204.992305406782,24092.172889675425,137.60108692085606,119.55004809486935,264.67515030448345,313.1830317179362,1761.5010782877605
1998,185.09448617568043,1693.8248002492928,0.3427992582658602,1085.4305991966446,24150.38625357241,139.05131879594606,117.02616704771498,232.31801820181303,313.9070053100586,1770.2906799316406
1999,205.91365433352522,1671.8767175858952,0.34381675746677776,940.7006779859272,24410.082568218026,134.49403000396697,110.87411893093665,205.11187816433736,314.708989461263,1778.1995137532551
2000,234.37437394510386,1647.7268803157963,0.3447234846975483,886.5647302341199,25259.64138333597,135.53333671603502,111.14860426813186,195.3241581852736,315.75899505615234,1778.0101216634114
2001,248.68704043063298,1628.2403765523643,0.3453679329072778,881.6703955806449,25493.87141652609,135.9063122061387,111.9237248560712,196.1877828105409,316.4930165608724,1776.530731201172
2002,255.34881073931024,1615.3893139040542,0.34563455409221944,970.72441719435,26010.04666526674,137.61957033828926,111.20156334370368,218.4604141242816,317.10101826985675,1778.960947672526
2003,275.7549483686752,1599.353726728329,0.34565436024198837,944.7470786126372,27207.371705321853,140.19264588940948,115.10387816360677,214.40339143057145,317.7300059000651,1783.589813232422
2004,309.16178838419023,1585.635083551926,0.3457598853437025,945.5469500687324,28629.01551698461,146.35020127536953,120.49372604696684,216.68728340618875,318.35701751708984,1784.2302856445312
2005,328.6135891675029,1572.9355955435985,0.3459621615183904,950.5924444363928,29658.16426289044,149.84999473507474,124.9806757834322,218.7880647839753,319.13000233968097,1783.3604329427085
2006,336.1940209824151,1561.903012624568,0.34614198049803135,986.1510088892476,30627.93466835418,153.1895927730249,125.89628423514212,229.8954395164696,319.93299865722656,1783.4212239583333
2007,353.9134235127122,1551.7370574283814,0.3463969592178052,945.8695944358408,31811.600941935307,158.0892750492312,125.08757397121607,219.70587066030023,320.6460138956706,1788.9513142903645
2008,357.0181328683714,1536.703461154784,0.3465893977252893,912.5104843071592,32002.12180529916,157.7746659619008,122.36065090038171,214.69549502704012,321.5749918619792,1798.4196472167969
2009,377.9045058876234,1521.360569242898,0.3466802144778828,917.7292309352042,31459.235187293594,152.67707470576568,117.25939145993684,218.758114337086,322.2750066121419,1802.1011861165364
2010,423.35882999103825,1508.3227153032874,0.3466505468333811,953.2286302920016,32890.39779695888,155.4203535230228,116.3174480659564,224.60211210242653,323.14099375406903,1807.8506673177085
2011,435.66631665184997,1497.2438452058095,0.34633932504114356,906.7673675143252,33917.99126456451,159.27619314722682,117.48575892006976,218.62875398112044,324.1589838663737,1813.0701904296875
2012,484.9748417477263,1487.925528733148,0.346194155224972,949.6022183538888,34396.87387802417,158.23998796825617,115.66957640847058,229.10693623998705,325.00499216715497,1815.26123046875
2013,506.22333751570994,1475.1798486549696,0.34591168130162453,901.2387566412424,35396.33970060967,156.0375564856313,114.64817742063164,219.3811792508812,325.9189910888672,1822.580841064453
2014,494.56202107282417,1462.3546957866488,0.3453380073683515,964.047618150183,35615.57672537688,155.64022547015048,114.0086622048385,233.52551800560903,326.9879913330078,1831.4709981282551
2015,539.3818238924625,1454.53750302797,0.3441476233575127,934.3498846847745,35635.28629838611,155.5204500219448,100.77116698064656,227.2448193195333,328.1795934041341,1841.9426676432288
2016,594.6292058072686,1445.0598807997783,0.34234654959908367,923.9837001214912,35985.854818142514,154.03018402781632,96.6331548651134,225.56688239723755,329.0759760538737,1851.5940958658853
2017,635.8533880108614,1433.675933012837,0.34048812398160366,913.6175155582076,36336.42333789892,152.53991803368783,92.49514274958024,223.88894547494175,329.7849756876628,1873.7992146809893
2018,678.7025359885997,1421.5430395830633,0.3384605544533126,903.2513309949244,36686.991857655325,151.04965203955936,88.3571306340471,222.21100855264604,330.54097239176434,1887.040995279948
2019,723.1187160285336,1409.0368130752354,0.3362619336139807,892.885146431641,37037.560377411726,149.55938604543087,84.21911851851394,220.53307163035024,331.3019765218099,1899.4105834960933
2020,769.0017823095321,1396.276708030402,0.3339025711662132,882.5189618683577,37388.12889716813,148.06912005130238,80.0811064029808,218.8551347080545,332.0679753621419,1910.9706319173176
2021,816.2390230879371,1383.299422977962,0.33139315975904154,879.256414352004,37708.78363728225,147.46766479482625,79.96634301235318,218.4302046956978,332.83897399902344,1921.7905985514324
2022,827.6961649126865,1370.2634791909836,0.32853973845541307,875.9938668356504,38029.43837739637,146.86620953835012,79.85157962172558,218.0052746833411,333.61597696940106,1932.060607910156
2023,840.0424986505731,1357.128617891483,0.3254300802317887,872.7313193192967,38350.0931175105,146.26475428187396,79.73681623109796,217.5803446709844,334.3979721069336,1941.9405822753904
2024,852.7853772961046,1343.8858330619018,0.322092916380918,869.468771802943,38670.74785762462,145.66329902539783,79.62205284047035,217.15541465862768,335.1859741210937,1951.4605611165364
2025,865.6695503630696,1330.5359826635884,0.31854786666700907,866.2062242865893,38991.40259773874,145.0618437689217,79.50728944984274,216.73048464627092,335.97997792561847,1960.6505330403645
2026,878.5652627417709,1317.0831116760805,0.3148120936020454,862.9436767702357,39312.057337852864,144.46038851244558,79.39252605921513,216.30555463391423,336.77897389729816,1969.540517171224
2027,891.4086375885805,1303.5323008509754,0.310901270664193,859.6811292538821,39632.712077966986,143.85893325596945,79.27776266858751,215.8806246215576,337.5829772949219,1978.1505126953125
2028,904.1699962015376,1289.8889290196835,0.30682979972050406,856.4185817375284,39953.36681808112,143.2574779994933,79.1629992779599,215.45569460920083,338.3929723103841,1986.4904886881511
2029,916.8370912334375,1276.1583904746112,0.3026109241974066,853.1560342211747,40274.02155819524,142.65602274301716,79.0482358873323,215.0307645968441,339.2079722086589,1994.6004943847656
2030,929.4062891357623,1262.3459683632943,0.29825682250217317,849.893486704821,40594.67629830936,142.05456748654103,78.93347249670468,214.6058345844874,340.02897389729816,2002.480478922526
2031,941.8779799735648,1248.4567683895552,0.29377869293179926,844.5785359700349,40744.06749116628,140.65605005405112,77.69024160053971,214.03242469162888,340.85497029622394,2010.150421142578
2032,947.5281787740211,1234.383029198421,0.2892716903923043,839.2635852352487,40893.45868402319,139.25753262156118,76.44701070437473,213.45901479877037,341.68297322591144,2017.2303568522136
2033,952.4286329730597,1220.3245339415969,0.28473995908742306,833.9486345004625,41042.84987688012,137.85901518907127,75.20377980820976,212.8856049059118,342.50997161865234,2023.3903096516929
2034,956.758866472493,1206.3417345525243,0.28018728553739075,828.6336837656763,41192.24106973704,136.46049775658133,73.96054891204479,212.31219501305327,343.33597056070965,2028.6802469889324
2035,960.6222619877461,1192.4520086547532,0.27561697641639366,823.3187330308901,41341.63226259395,135.06198032409142,72.71731801587981,211.73878512019476,344.15997314453125,2033.160217285156
2036,964.0807390367197,1178.6593467967214,0.27103197449368516,818.0037822961041,41491.02345545087,133.6634628916015,71.47408711971482,211.16537522733623,344.98397064208984,2036.900166829427
2037,967.173427249595,1164.9635530876717,0.2664349303149911,812.6888315613179,41640.41464830779,132.26494545911157,70.23085622354985,210.5919653344777,345.80697377522785,2039.9401448567708
2038,969.9267534811835,1151.363111571436,0.2618282426918634,807.3738808265317,41789.80584116472,130.86642802662166,68.98762532738488,210.0185554416192,346.6279703776042,2042.3401285807288
2039,972.3599169786454,1137.8560852924145,0.257214085760418,802.0589300917455,41939.19703402163,129.46791059413172,67.7443944312199,209.44514554876065,347.448974609375,2044.1300760904949
2040,974.4878826991842,1124.4404017926333,0.25259443023256534,796.7439793569594,42088.58822687855,128.0693931616418,66.50116353505493,208.87173565590209,348.26797739664715,2045.3600362141929
2041,976.3230352718831,1111.1139465108554,0.247971061652389,790.1965079738944,42175.85669729817,126.93915117753497,65.18094093127765,207.6998605419164,349.08697509765625,2046.080037434896
2042,977.6915310894199,1098.0215362028284,0.2435127326769166,783.6490365908294,42263.125167717786,125.80890919342812,63.86071832750036,206.52798542793064,349.9009730021159,2046.1099446614585
2043,978.4963763937627,1085.1860087304058,0.23920193544398757,777.1015652077645,42350.39363813741,124.67866720932123,62.54049572372308,205.3561103139449,350.70797475179035,2045.2799173990888
2044,978.8391127227324,1072.6049834105336,0.23502776482117452,770.5540938246995,42437.66210855702,123.5484252252144,61.22027311994579,204.18423519995915,351.50897216796875,2043.6598815917969
2045,978.7786017295135,1060.2688972212738,0.23098082776257164,764.0066224416346,42524.93057897664,122.41818324110756,59.900050516168506,203.01236008597343,352.3019739786784,2041.309834798177
2046,978.350671151462,1048.1665235213757,0.22705254013344445,757.4591510585695,42612.199049396266,121.2879412570007,58.57982791239122,201.8404849719877,353.0889714558919,2038.2697855631511
2047,977.5786492113682,1036.2866408859127,0.2232349911646645,750.9116796755046,42699.46751981588,120.15769927289384,57.259605308613935,200.668609858002,353.86797587076825,2034.5997517903645
2048,976.4790187596602,1024.618514465693,0.2195208821460818,744.3642082924397,42786.7359902355,119.027457288787,55.93938270483665,199.49673474401624,354.64097849528,2030.3397318522136
2049,975.0644566062905,1013.1520114058085,0.2159034771296539,737.8167369093746,42874.00446065512,117.89721530468016,54.61916010105936,198.3248596300305,355.406977335612,2025.5397033691409
2050,973.3454711334687,1001.8776048434763,0.21237655812836864,731.2692655263097,42961.27293107474,116.76697332057329,53.29893749728208,197.1529845160448,356.1659749348958,2020.2396647135413
2051,971.3312879050832,990.7863455384081,0.20893438386447233,723.5198151310166,42838.78564593402,115.76478247922088,52.56921940740518,195.39838145461064,356.91897837320965,2014.4696248372395
2052,979.321524017265,979.2922288104654,0.2056103783010759,715.7703647357233,42716.2983607933,114.76259163786848,51.83950131752828,193.6437783931765,357.6629740397136,2008.1996053059893
2053,987.1025083417959,967.8351228278659,0.20239106581929148,708.0209143404302,42593.81107565257,113.76040079651608,51.10978322765138,191.8891753317424,358.3959732055664,2001.3995869954424
2054,994.7459367221201,956.5434602109276,0.19926940866948964,700.2714639451369,42471.32379051185,112.75820995516368,50.38006513777447,190.1345722703082,359.1179784138997,1994.1095581054688
2055,1002.2916106961403,945.44990957225,0.19623930415130303,692.5220135498438,42348.83650537113,111.75601911381128,49.65034704789757,188.3799692088741,359.828976949056,1986.369517008464
2056,1009.7620927122983,934.5578614122528,0.19329506792686096,684.7725631545507,42226.34922023041,110.75382827245888,48.92062895802067,186.62536614744,360.5299758911133,1978.2095336914065
2057,1017.1705725424592,923.8619991770589,0.19043141116992623,677.0231127592574,42103.86193508969,109.75163743110647,48.19091086814377,184.8707630860058,361.219975789388,1969.6694946289065
2058,1024.5250968501423,913.3546730257603,0.18764343259516283,669.2736623639643,41981.37464994896,108.74944658975409,47.46119277826686,183.11616002457168,361.8989715576172,1960.769490559896
2059,1031.8308494769062,903.0278645430645,0.1849265977796998,661.524211968671,41858.88736480824,107.74725574840168,46.731474688389966,181.36155696313756,362.5679728190104,1951.5494689941409
2060,1039.0913861096863,892.8737773923621,0.18227671348848065,653.7747615733779,41736.400079667525,106.74506490704928,46.00175659851306,179.6069539017034,363.2269744873047,1942.0294392903645
2061,1046.3093073443665,882.884999233476,0.17968990160173218,646.1582596895978,41307.42228666584,105.69299020928706,45.59303153224523,177.88246717666885,363.8749745686849,1932.229471842448
2062,1052.5230934030105,873.4040074608329,0.17717323356419792,638.5417578058176,40878.44449366415,104.64091551152484,45.184306465977386,176.1579804516343,364.51097869873047,1922.45952351888
2063,1058.6629526382214,864.2065393518297,0.17472041241780492,630.9252559220375,40449.46670066247,103.58884081376264,44.77558139970955,174.43349372659975,365.1329803466797,1912.9895121256511
2064,1064.7334315825976,855.2177259735058,0.17232732781922916,623.3087540382575,40020.48890766078,102.5367661160004,44.36685633344171,172.7090070015652,365.7409795125325,1903.789520263672
2065,1070.7377249482709,846.4092033024837,0.16999055483063594,615.6922521544773,39591.51111465909,101.4846914182382,43.95813126717388,170.98452027653065,366.33497619628906,1894.8595275878904
2066,1076.678262381898,837.7673522934656,0.16770702210695745,608.0757502706972,39162.5333216574,100.43261672047598,43.54940620090604,169.26003355149612,366.91497802734375,1886.1695760091145
2067,1082.5570265884626,829.2834336271968,0.1654739141131014,600.4592483869171,38733.555528655714,99.38054202271375,43.1406811346382,167.53554682646157,367.4809799194336,1877.7095743815105
2068,1088.375727113344,820.9504956147982,0.16328863069534172,592.842746503137,38304.57773565403,98.32846732495152,42.731956068370366,165.81106010142702,368.03397369384766,1869.4595845540364
2069,1094.1358963943437,812.762388413393,0.16114876365704514,585.2262446193569,37875.59994265234,97.27639262718932,42.32323100210253,164.0865733763925,368.5729802449544,1861.4295857747395
2070,1099.83894381037,804.7134372833955,0.15905207941840488,577.6097427355768,37446.622149650655,96.2243179294271,41.91450593583469,162.3620866513579,369.09897867838544,1853.579600016276
2071,1105.4861869093588,796.7983238751594,0.1569965044262583,569.9106122339339,36725.531764401065,95.61136559337672,41.5736346182542,160.78223455750415,369.6109771728516,1845.909596761068
2072,1110.3275393423528,788.4366543059682,0.15497780140480014,562.2114817322908,36004.441379151474,94.99841325732632,41.232763300673696,159.20238246365042,370.1059748331706,1838.3395894368489
2073,1115.0653819620572,780.0331968639252,0.1529979924093793,554.5123512306479,35283.35099390189,94.38546092127594,40.8918919830932,157.62253036979666,370.5819778442383,1830.789581298828
2074,1119.7065463962417,771.709676116727,0.15105624218521768,546.813220729005,34562.2606086523,93.77250858522554,40.5510206655127,156.04267827594293,371.0379740397136,1823.2595825195312
2075,1124.2554387510954,763.5005274332368,0.14915112437085934,539.1140902273621,33841.17022340271,93.15955624917515,40.21014934793221,154.46282618208917,371.474978129069,1815.7495930989585
2076,1128.7151504027104,755.4132643063085,0.14728113160096543,531.4149597257191,33120.07983815312,92.54660391312476,39.86927803035172,152.8829740882354,371.89098358154297,1808.259592692057
2077,1133.0880526509181,747.4471748086978,0.14544480552477793,523.7158292240762,32398.989452903534,91.93365157707436,39.528406712771215,151.30312199438168,372.28897857666016,1800.7995910644531
2078,1137.3761151104284,739.5991312071994,0.14364076957287142,516.0166987224333,31677.899067653943,91.320699241024,39.18753539519072,149.72326990052792,372.66698201497394,1793.3695882161458
2079,1141.5810762401775,731.8653960412935,0.14186773397651495,508.3175682207903,30956.80868240436,90.7077469049736,38.84666407761022,148.1434178066742,373.026980082194,1785.9695841471355
2080,1145.7045347431804,724.2421792644627,0.14012449261229548,500.6184377191473,30235.718297154766,90.0947945689232,38.50579276002973,146.56356571282043,373.3669738769531,1778.599599202474
2081,1149.7479986279186,716.725804563302,0.13840991762350946,493.4012823434528,29276.29783413856,89.38934556985329,37.9713007622076,144.96699508621415,373.6889801025391,1771.2696228027344
2082,1154.950119610608,710.3966656186636,0.13673830977014143,486.1841269677582,28316.877371122344,88.68389657078339,37.43680876438546,143.37042445960788,373.9949773152669,1764.1496683756511
2083,1160.0863110075386,704.511212958097,0.1350980190432971,478.9669715920636,27357.45690810613,87.97844757171347,36.90231676656333,141.7738538330016,374.28597768147785,1757.40966796875
2084,1165.165722334988,698.8366062159654,0.1334857646663143,471.749816216369,26398.03644508992,87.27299857264357,36.3678247687412,140.17728320639532,374.5639801025391,1751.0296732584636
2085,1170.1937670517545,693.2979994304415,0.13190001088408612,464.53266084067445,25438.615982073712,86.56754957357366,35.833332770919064,138.580712579789,374.8289794921875,1744.979715983073
2086,1175.1738348685515,687.8697348039248,0.13033969311773075,457.3155054649799,24479.195519057503,85.86210057450374,35.298840773096934,136.98414195318273,375.0799789428711,1739.239735921224
2087,1180.1082102199234,682.5416120622704,0.12880391823688211,450.0983500892853,23519.77505604129,85.15665157543384,34.7643487752748,135.38757132657645,375.3179829915365,1733.7997131347656
2088,1184.998565602851,677.3083778020455,0.12729187968282382,442.8811947135907,22560.35459302508,84.45120257636393,34.22985677745267,133.79100069997017,375.54197947184247,1728.6197611490886
2089,1189.8462271642543,672.1664309378139,0.12580282923990052,435.6640393378961,21600.93413000887,83.74575357729402,33.69536477963053,132.1944300733639,375.7529780069987,1723.7097676595051
2090,1194.6523182141777,667.1127814381985,0.124336065730605,428.4468839622015,20641.513666992658,83.04030457822411,33.1608727818084,130.5978594467576,375.9509760538737,1719.029774983724
2091,1199.4178372510767,662.1447161406156,0.12289092921193948,424.0943259525145,20025.655876608194,82.50548672508977,32.927024893368774,129.60794854873714,376.13698323567706,1714.56977335612
2092,1199.5961208689382,657.3960548936084,0.12146378194038376,419.7417679428274,19409.79808622373,81.97066887195541,32.69317700492915,128.61803765071667,376.3099797566732,1710.3397725423176
2093,1199.6686168455726,652.7750439145152,0.12005771376035766,415.3892099331404,18793.940295839267,81.43585101882107,32.45932911648952,127.62812675269622,376.4699834187825,1706.319793701172
2094,1199.6246970030268,648.2514655626542,0.11867249456589832,411.0366519234534,18178.082505454804,80.90103316568671,32.225481228049894,126.63821585467576,376.6189804077149,1702.5098266601562
2095,1199.459777959978,643.8142046824978,0.11730755782210445,406.68409391376633,17562.22471507034,80.36621531255237,31.991633339610267,125.6483049566553,376.7559814453125,1698.8798421223958
2096,1199.172537833534,639.4581555000748,0.11596234294232996,402.3315359040793,16946.366924685877,79.83139745941803,31.75778545117064,124.65839405863484,376.8809814453125,1695.4298299153645
2097,1198.7634189052512,635.1801590832843,0.11463632285605042,397.9789778943923,16330.50913430141,79.29657960628367,31.52393756273101,123.66848316061436,376.99398549397785,1692.1398518880208
2098,1198.23381963759,630.977733894834,0.11332900071701688,393.6264198847053,15714.651343916948,78.76176175314933,31.290089674291384,122.67857226259387,377.09598032633465,1689.0098470052085
2099,1197.5856565721335,626.8486745618703,0.11203990608536768,389.2738618750182,15098.793553532483,78.22694390001497,31.05624178585176,121.68866136457343,377.1859842936198,1686.0198567708333
2100,1196.8211250000738,622.7909219891288,0.11076859229091784,384.9213038653312,14482.93576314802,77.69212604688063,30.82239389741213,120.69875046655297,377.2639795939128,1683.1598612467449
2101,1195.94256671994,618.802518848704,0.10951463444783198,383.8264145386258,14386.382858060366,77.27976137594528,30.63045035447857,120.16257250323008,377.3319803873698,1680.4298706054688
2102,1193.8943919656151,613.3961542073365,0.10826267454052863,382.7315252119204,14289.829952972712,76.86739670500994,30.438506811545007,119.62639453990718,377.39198048909503,1677.6898295084636
2103,1191.7266325480755,607.5989852763439,0.10702451306746665,381.636635885215,14193.27704788506,76.45503203407459,30.24656326861145,119.09021657658428,377.4509811401367,1674.8098246256511
2104,1189.4441819203753,601.7281896157295,0.10580254917594752,380.5417465585096,14096.724142797406,76.04266736313924,30.054619725677885,118.5540386132614,377.5079803466797,1671.799825032552
2105,1187.050679557339,595.8812795583501,0.10459714612952654,379.4468572318042,14000.171237709752,75.63030269220388,29.862676182744323,118.01786064993853,377.56297556559247,1668.6697998046875
2106,1184.549101289705,590.0875188555849,0.10340814899378711,378.3519679050988,13903.618332622098,75.21793802126854,29.67073263981076,117.4816826866156,377.61498260498047,1665.4298095703125
2107,1181.9420708528169,584.3549031154605,0.10223526242287467,377.25707857839336,13807.065427534444,74.80557335033319,29.4787890968772,116.94550472329271,377.6659825642904,1662.0898030598958
2108,1179.2320228276114,578.6848025491536,0.10107815801463098,376.162189251688,13710.512522446792,74.39320867939784,29.28684555394364,116.40932675996984,377.7149836222331,1658.6497904459636
2109,1176.421286579483,573.0765445763298,0.09993650671621138,375.0672999249826,13613.959617359138,73.9808440084625,29.09490201101008,115.87314879664694,377.7629826863607,1655.1197916666667
2110,1173.5121283877202,567.5288525148819,0.09880998850192327,373.9724105982772,13517.406712271484,73.56847933752715,28.90295846807652,115.33697083332405,377.807980855306,1651.509785970052
2111,1170.506771615197,562.0402975311079,0.09769829488281025,372.87752127157177,13420.85380718383,73.1561146665918,28.711014925142955,114.80079287000116,377.8509852091472,1647.8298034667969
2112,1167.4074054929101,556.6094397004143,0.0966011291451477,371.7826319448664,13324.300902096178,72.74374999565646,28.51907138220939,114.26461490667826,377.89298248291016,1644.0797729492188
2113,1164.2161881336224,551.2348708321783,0.09551820589502584,370.687742618161,13227.747997008524,72.33138532472111,28.32712783927583,113.72843694335538,377.932985941569,1640.259785970052
2114,1160.9352467402282,545.9152262361948,0.094449250419584,369.5928532914556,13131.19509192087,71.91902065378576,28.135184296342267,113.19225898003248,377.97098541259766,1636.3897705078125
2115,1157.5666765609374,540.6491867262282,0.093393998028365,368.49796396475017,13034.642186833218,71.50665598285042,27.943240753408706,112.6560810167096,378.0079828898112,1632.4597778320312
2116,1154.1125393904033,535.4354776282794,0.0923521934248954,367.4030746380448,12938.089281745564,71.09429131191507,27.75129721047514,112.11990305338672,378.04198201497394,1628.479756673177
2117,1150.5748620176403,530.2728669444964,0.09132359012169712,366.3081853113394,12841.53637665791,70.68192664097973,27.55935366754158,111.5837250900638,378.0749867757161,1624.4497680664062
2118,1146.9556348102885,525.1601633520656,0.09030794990010337,365.213295984634,12744.983471570256,70.26956197004438,27.367410124608018,111.04754712674092,378.1059799194336,1620.3797810872395
2119,1143.256810515603,520.0962142464075,0.08930504231263484,364.11840665792863,12648.430566482604,69.85719729910903,27.175466581674453,110.51136916341802,378.13597869873047,1616.269755045573
2120,1139.480303302226,515.0799038879602,0.08831464422474722,363.0235173312232,12551.87766139495,69.44483262817369,26.98352303874089,109.97519120009514,378.1629816691081,1612.1197713216145
2121,1135.627988038742,510.1101516642957,0.08733653939267626,361.9286280045178,12455.324756307296,69.03246795723834,26.79157949580733,109.43901323677224,378.1889801025391,1607.9397583007812
2122,1131.7016997923286,505.18591046464485,0.08637051807428013,360.8337386778124,12358.771851219644,68.62010328630299,26.59963595287377,108.90283527344936,378.2139841715495,1603.7297668457031
2123,1127.7032335256274,500.30616515977545,0.08541637667002151,359.738849351107,12262.21894613199,68.20773861536765,26.407692409940207,108.36665731012648,378.2369791666667,1599.4797668457031
2124,1123.6343439687323,495.46993117938246,0.08447391739147833,358.6439600244016,12165.666041044336,67.7953739444323,26.21574886700665,107.83047934680356,378.2579803466797,1595.219757080078
2125,1119.496745643746,490.67625317938723,0.08354294795500382,357.5490706976961,12069.113135956684,67.38300927349695,26.023805324073088,107.29430138348069,378.2769826253255,1590.92973836263
2126,1115.2921130215516,485.92420379207925,0.0826232812983725,356.4541813709908,11972.56023086903,66.97064460256159,25.831861781139526,106.7581234201578,378.2949803670247,1586.6097513834636
2127,1111.0220807914895,481.2128824526086,0.08171473531844169,355.3592920442854,11876.007325781376,66.55827993162625,25.639918238205965,106.2219454568349,378.3109792073568,1582.27973429362
2128,1106.6882442275812,476.5414142959028,0.08081713262803723,354.26440271758,11779.454420693724,66.1459152606909,25.447974695272404,105.68576749351202,378.32598368326825,1577.9197387695312
2129,1102.2921596360236,471.90894911859243,0.07993030033043237,353.16951339087456,11682.90151560607,65.73355058975555,25.25603115233884,105.14958953018912,378.3389841715495,1573.54975382487
2130,1097.835344871058,467.31466040100713,0.07905406980993486,352.07462406416914,11586.348610518417,65.3211859188202,25.06408760940528,104.61341156686623,378.349983215332,1569.1597391764324
2131,1093.3192799075127,462.75774438473303,0.07818827653723132,350.97973473746373,11489.795705430764,64.90882124788486,24.87214406647172,104.07723360354332,378.35998280843097,1564.759745279948
2132,1088.7454074598925,458.23741920160853,0.07733275988825657,349.8848454107583,11393.242800343109,64.49645657694951,24.68020052353816,103.54105564022043,378.3679809570313,1560.3497314453125
2133,1084.1151336392763,453.75292405039306,0.07648736297546713,348.78995608405296,11296.689895255457,64.08409190601417,24.488256980604596,103.00487767689756,378.3749821980794,1555.9197285970051
2134,1079.4298286401754,449.30351841766486,0.07565193249049604,347.69506675734755,11200.1369901678,63.67172723507881,24.29631343767103,102.46869971357468,378.38097890218097,1551.479736328125
2135,1074.6908274506725,444.88848133979207,0.07482631855725741,346.60017743064213,11103.584085080149,63.259362564143466,24.10436989473747,101.93252175025177,378.3839823404948,1547.029754638672
2136,1069.8994305800354,440.5071107030906,0.07401037459465087,345.5052881039367,11007.031179992497,62.84699789320812,23.91242635180391,101.39634378692888,378.3869806925456,1542.5797220865886
2137,1065.0569047987283,436.1587225795198,0.07320395718809085,344.4103987772313,10910.47827490484,62.43463322227277,23.720482808870347,100.860165823606,378.3869806925456,1538.1097412109375
2138,1060.1644838862962,431.8426505954889,0.07240692596915323,343.31550945052595,10813.925369817189,62.02226855133742,23.528539265936782,100.3239878602831,378.38698323567706,1533.6397501627605
2139,1055.2233693837009,427.55824533154276,0.07161914350269398,342.22062012382054,10717.372464729531,61.60990388040207,23.33659572300322,99.7878098969602,378.3849843343099,1529.1497599283855
2140,1050.2347313463636,423.30487375088046,0.07084047518085033,341.1257307971151,10620.81955964188,61.197539209466726,23.14465218006966,99.25163193363731,378.38097890218097,1524.6697285970051
2141,1045.1997090956327,419.08191865482263,0.07007078912338575,340.0308414704097,10524.266654554223,60.78517453853138,22.952708637136094,98.71545397031444,378.3759841918945,1520.1697285970051
2142,1040.1194119658826,414.8887781634945,0.06930995608388697,338.9359521437044,10427.713749466571,60.37280986759603,22.760765094202537,98.17927600699151,378.3699798583984,1515.6697387695312
2143,1034.99492004555,410.72486522012923,0.06855784936136333,337.84106281699894,10331.16084437892,59.96044519666068,22.56882155126897,97.64309804366864,378.36198170979816,1511.1697387695312
2144,1029.827284910146,406.58960711751894,0.0678143447168368,336.7461734902936,10234.607939291263,59.54808052572533,22.376878008335414,97.10692008034574,378.3529841105144,1506.6597290039062
2145,1024.617530346043,402.4824450452581,0.06707932029454693,335.6512841635882,10138.055034203611,59.13571585478999,22.18493446540185,96.57074211702286,378.34198506673175,1502.1497395833333
2146,1019.3666530636057,398.40283365652414,0.0663526565474258,334.5563948368828,10041.502129115956,58.72335118385464,21.992990922468287,96.03456415369998,378.3299814860026,1497.6397298177085
2147,1014.0756233989625,394.35024065323785,0.06563423616652807,333.4615055101774,9944.949224028303,58.31098651291929,21.80104737953473,95.49838619037708,378.3169860839844,1493.1197408040364
2148,1008.7453860033324,390.32414638853186,0.0649239440141271,332.366616183472,9848.396318940651,57.89862184198394,21.609103836601165,94.9622082270542,378.3019765218099,1488.5997111002605
2149,1003.3768605195344,386.3240434855343,0.06422166706021235,331.27172685676663,9751.843413852996,57.48625717104859,21.417160293667603,94.42603026373128,378.2859853108724,1484.0797220865886
2150,997.9709422449633,382.3494364715485,0.06352729432214543,330.1768375300612,9655.290508765343,57.073892500113246,21.22521675073404,93.8898523004084,378.26898193359375,1479.5597330729167
2151,992.528502780836,378.39984142677565,0.062840716807252,329.0819482033558,9558.73760367769,56.6615278291779,21.03327320780048,93.35367433708552,378.2499821980794,1475.0297241210938
2152,987.0503906672176,374.4747856467876,0.06216182745814555,327.9870588766504,9462.184698590036,56.24916315824255,20.84132966486692,92.81749637376262,378.22998046875,1470.4997253417969
2153,981.5374320039924,370.5738073180128,0.0614905211005946,326.892169549945,9365.631793502384,55.8367984873072,20.64938612193336,92.28131841043972,378.20898183186847,1465.979736328125
2154,975.9904310571806,366.69645520555156,0.06082669439376162,325.7972802232396,9269.078888414731,55.42443381637185,20.4574425789998,91.74514044711684,378.1869812011719,1461.449727376302
2155,970.4101708511071,362.8422883526807,0.060170245782654716,324.7023908965342,9172.525983327076,55.012069145436506,20.26549903606623,91.20896248379395,378.1629842122396,1456.9197285970051
2156,964.7974137459718,359.01087579145394,0.059521075452646524,323.6075015698288,9075.973078239424,54.59970447450116,20.07355549313267,90.67278452047104,378.1379877726237,1452.3997294108074
2157,959.152902001187,355.2017962638413,0.0588790852859256,322.5126122431234,8979.420173151771,54.18733980356581,19.881611950199108,90.13660655714816,378.1109873453776,1447.8697509765625
2158,953.4773583244944,351.41463795288945,0.05824417881975739,321.417722916418,8882.867268064118,53.77497513263046,19.689668407265547,89.60042859382527,378.083984375,1443.3397216796875
2159,947.7714864069952,347.6489982234182,0.0576162612064401,320.32283358971256,8786.314362976465,53.36261046169511,19.497724864331985,89.06425063050239,378.0549875895183,1438.8197123209636
2160,942.0359714441902,343.9044833717977,0.05699523917485103,319.22794426300715,8689.761457888811,52.950245790759766,19.305781321398424,88.52807266717949,378.0249837239583,1434.2897338867188
2161,936.2714806435356,340.1807083843827,0.05638102099348614,318.13305493630173,8593.208552801158,52.53788111982442,19.113837778464863,87.9918947038566,377.9929809570313,1429.7696940104167
2162,930.4786637182714,336.4772967042027,0.055773516434903185,317.0381656095963,8496.655647713505,52.12551644888907,18.9218942355313,87.4557167405337,377.9609832763672,1425.2497151692708
2163,924.6581533681739,332.7938800055347,0.05517263674148606,315.94327628289096,8400.102742625852,51.71315177795372,18.72995069259774,86.91953877721082,377.9269841512044,1420.7297261555989
2164,918.810565747204,329.1300979760064,0.054578294592453516,314.84838695618555,8303.549837538198,51.30078710701837,18.53800714966418,86.38336081388792,377.89198048909503,1416.2097269694011
2165,912.9365009185128,325.4855981058979,0.053990404072041746,313.75349762948014,8206.996932450544,50.88842243608303,18.346063606730617,85.84718285056503,377.8559824625651,1411.699717203776
2166,907.0365432969045,321.8600354843302,0.05340888063879502,312.6586083027747,8110.444027362891,50.47605776514768,18.15412006379705,85.31100488724215,377.8189875284831,1407.189717610677
2167,901.1112620791109,318.2530726020468,0.05283364109590363,311.5637189760693,8013.891122275238,50.06369309421233,17.96217652086349,84.77482692391925,377.7809829711914,1402.679707845052
2168,895.1612116622086,314.66437916051177,0.05226460356253322,310.46882964936395,7917.338217187584,49.65132842327698,17.77023297792993,84.23864896059636,377.7409845987956,1398.1697184244792
2169,889.1869320502665,311.0936318870606,0.051701687446092215,309.37394032265854,7820.78531209993,49.23896375234163,17.578289434996368,83.70247099727347,377.7009811401367,1393.6697285970051
2170,883.188949249845,307.5405143558583,0.05114481341538993,308.2790509959531,7724.232407012277,48.826599081406286,17.386345892062806,83.16629303395058,377.6589864095052,1389.1597290039062
2171,877.1677756541628,304.0047168144297,0.05059390337463909,307.1841616692477,7627.679501924624,48.41423441047094,17.194402349129245,82.6301150706277,377.61598205566406,1384.65971883138
2172,871.1239104166635,300.4859360155407,0.05004888043826131,306.0892723425423,7531.12659683697,48.00186973953559,17.002458806195683,82.0939371073048,377.5719807942708,1380.169698079427
2173,865.0578398139871,296.9838750542197,0.049509668906456125,304.99438301583695,7434.573691749316,47.58950506860024,16.810515263262122,81.55775914398191,377.5269826253255,1375.6697082519531
2174,858.970037598672,293.4982432097221,0.048976194241497,303.89949368913153,7338.020786661663,47.17714039766489,16.61857172032856,81.02158118065901,377.48097737630206,1371.179707845052
2175,852.8609653419413,290.0287557922458,0.048448383044720184,302.8046043624261,7241.46788157401,46.764775726729546,16.426628177394996,80.48540321733613,377.432980855306,1366.6897277832031
2176,846.73107276673,286.5751339942212,0.04792616303417473,301.7097150357207,7144.914976486356,46.3524110557942,16.234684634461434,79.94922525401324,377.3849843343099,1362.209716796875
2177,840.5807980712899,283.1371047460027,0.047409463022903685,300.6148257090153,7048.362071398702,45.94004638485885,16.042741091527873,79.41304729069034,377.3359832763672,1357.719706217448
2178,834.410568243627,279.71440057580116,0.04689821289782853,299.51993638230994,6951.809166311049,45.5276817139235,15.850797548594311,78.87686932736746,377.2849833170573,1353.2397054036458
2179,828.2207993669599,276.30675947370077,0.04639234359921111,298.4250470556045,6855.256261223396,45.11531704298815,15.65885400566075,78.34069136404456,377.2339833577474,1348.7697143554688
2180,822.0118969165748,272.9139247596147,0.04589178710066801,297.3301577288991,6758.703356135742,44.702952372052806,15.466910462727189,77.80451340072167,377.1809819539388,1344.2897033691406
2181,815.7842560481358,269.5356449550383,0.04539647638971498,296.2352684021937,6662.150451048088,44.29058770111746,15.274966919793629,77.26833543739879,377.1279805501302,1339.8197123209636
2182,809.5382618778883,266.171673658466,0.044906345448819295,295.1403790754883,6565.597545960435,43.87822303018211,15.083023376860064,76.73215747407589,377.0729802449544,1335.3497111002605
2183,803.274289754863,262.821769424343,0.04442132923694013,294.0454897487829,6469.044640872781,43.46585835924676,14.891079833926502,76.195979510753,377.0179799397786,1330.88969930013
2184,796.9927055253088,259.4856956454323,0.04394136367153753,292.9506004220775,6372.491735785128,43.05349368831141,14.69913629099294,75.6598015474301,376.9609832763672,1326.4297281901042
2185,790.6938657896432,256.1632204384758,0.043466385611032256,291.8557110953721,6275.938830697474,42.64112901737607,14.507192748059378,75.12362358410722,376.9039815266927,1321.969716389974
2186,784.3781181521011,252.85411653304192,0.04299633283769926,290.7608217686667,6179.38592560982,42.22876434644072,14.315249205125816,74.58744562078434,376.8449834187825,1317.50971476237
2187,778.0458014632744,249.55816116345034,0.042531144040978845,289.6659324419613,6082.833020522167,41.81639967550537,14.123305662192251,74.05126765746144,376.7859853108724,1313.0597127278645
2188,771.6972460557278,246.27513596367186,0.042070758801190426,288.5710431152559,5986.280115434513,41.40403500457002,13.931362119258692,73.51508969413855,376.724978129069,1308.6097005208333
2189,765.3327739730371,243.00482686510531,0.041615117573634425,287.4761537885505,5889.72721034686,40.99167033363467,13.739418576325129,72.97891173081565,376.6639836629232,1304.15971883138
2190,758.9526991922099,239.74702399713743,0.04116416167306875,286.3812644618451,5793.174305259206,40.579305662699326,13.547475033391567,72.44273376749277,376.6009852091472,1299.7097269694011
2191,752.5573278398588,236.501521590395,0.0407178332585471,285.2863751351397,5696.621400171553,40.16694099176398,13.355531490458006,71.90655580416988,376.5379816691081,1295.2697245279949
2192,746.146958402268,233.26811788260324,0.04027607531860673,284.1914858084343,5600.0684950839,39.75457632082863,13.163587947524444,71.37037784084698,376.4739837646485,1290.8297017415364
2193,739.7218819294959,230.0466150269663,0.039838831656794124,283.0965964817289,5503.515589996247,39.34221164989328,12.971644404590885,70.8341998775241,376.4089838663737,1286.38969930013
2194,733.282382233687,226.83681900299075,0.03940604687751758,282.00170715502355,5406.962684908593,38.92984697895793,12.779700861657322,70.2980219142012,376.3429819742839,1281.9597066243489
2195,726.8287360818097,223.63853952967474,0.03897766637221632,280.90681782831814,5310.40977982094,38.517482308022586,12.58775731872376,69.76184395087832,376.2759806315104,1277.5297139485676
2196,720.3612133829947,220.45158998098896,0.03855363630583589,279.8119285016127,5213.856874733287,38.10511763708724,12.3958137757902,69.22566598755543,376.2079823811849,1273.0997009277344
2197,713.8800773704835,217.27578730357834,0.03813390360360048,278.71703917490737,5117.303969645633,37.69275296615189,12.203870232856636,68.68948802423253,376.1389795939128,1268.6697082519531
2198,707.3855847785866,214.1109519366164,0.0377184159380733,277.622149848202,5020.75106455798,37.28038829521654,12.011926689923074,68.15331006090965,376.0689849853516,1264.239715576172
2199,700.8779860145665,210.95690773374588,0.037307121716495806,276.5272605214966,4924.198159470326,36.86802362428119,11.819983146989513,67.61713209758675,375.99898529052734,1259.8197021484375
2200,694.3575253257534,207.81348188704257,0.03689997006839794,275.4323711947912,4827.645254382673,36.455658953345846,11.628039604055951,67.08095413426386,375.92798614501953,1255.3997090657551
2201,687.8244409619231,204.68050485294114,0.03649691083347156,274.3374818680858,4731.09234929502,36.0432942824105,11.43609606112239,66.54477617094098,375.854985555013,1250.9897054036458
2202,681.278965333222,201.5578102800639,0.036097894549698854,273.2425925413804,4634.539444207366,35.63092961147515,11.244152518188828,66.00859820761808,375.7819798787434,1246.5697021484375
2203,674.7213251634995,198.4452349388963,0.035702872441729094,272.14770321467495,4537.986539119713,35.2185649405398,11.052208975255263,65.4724202442952,375.7079849243164,1242.15971883138
2204,668.1517416395627,195.3426186532534,0.035311796409496596,271.05281388796953,4441.433634032059,34.80620026960445,10.860265432321704,64.93624228097231,375.63297780354816,1237.7496846516926
2205,661.5704305561515,192.24980423348558,0.034924619017073014,269.9579245612641,4344.880728944406,34.393835598669106,10.668321889388142,64.40006431764941,375.557985941569,1233.3397115071614
2206,654.9776024568189,189.1666374113717,0.03454129348174775,268.8630352345588,4248.327823856753,33.98147092773376,10.47637834645458,63.863886354326524,375.4809824625651,1228.939697265625
2207,648.3734627710638,186.09296677665094,0.034161773663330314,267.7681459078533,4151.774918769099,33.56910625679841,10.28443480352102,63.32770839100363,375.4039840698242,1224.5397033691406
2208,641.7582119474745,183.02864371514534,0.03378601405366858,266.67325658114794,4055.222013681446,33.15674158586306,10.092491260587456,62.79153042768074,375.3259785970052,1220.1397094726562
2209,635.132045583325,179.97352234842782,0.03341396976637737,265.5783672544425,3958.669108593792,32.74437691492771,9.900547717653897,62.255352464357856,375.24698638916016,1215.7396748860676
2210,628.4951545504489,176.92745947499088,0.03304559652677186,264.4834779277371,3862.116203506139,32.33201224399237,9.708604174720334,61.71917450103496,375.16697947184247,1211.3396911621094
2211,621.8477251177237,173.89031451287264,0.032680850662000355,263.3885886010317,3765.563298418485,31.91964757305702,9.516660631786772,61.18299653771207,375.0869852701823,1206.949696858724
2212,615.1899390701487,170.8619494436998,0.03231968909137169,262.2936992743263,3669.010393330832,31.50728290212167,9.32471708885321,60.64681857438918,375.005983988444,1202.5596822102864
2213,608.5219738246533,167.84222875810727,0.03196206931687195,261.19880994762093,3572.457488243178,31.094918231186323,9.132773545919648,60.11064061106629,374.9239807128906,1198.1697082519531
2214,601.8440025426095,164.83101940249446,0.03160794941386602,260.1039206209155,3475.9045831555245,30.682553560250977,8.940830002986086,59.5744626477434,374.8409907023112,1193.7797037760415
2215,595.1561942394682,161.8281907270826,0.03125728802197934,259.0090312942101,3379.351678067871,30.270188889315627,8.748886460052525,59.0382846844205,374.7569808959961,1189.3997090657551
2216,588.4587138911054,158.8336144352355,0.030910044336155386,257.9141419675047,3282.7987729802176,29.85782421838028,8.556942917118963,58.50210672109761,374.67298380533856,1185.0196940104167
2217,581.7517225375366,155.84716453400912,0.030566178097884603,256.8192526407993,3186.245867892564,29.445459547444933,8.364999374185402,57.96592875777472,374.5879847208659,1180.6396891276042
2218,575.0353773835615,152.86871728589617,0.03022564958660077,255.7243633140939,3089.69296280491,29.033094876509587,8.173055831251839,57.42975079445183,374.5019836425781,1176.2596842447915
2219,568.3098318967868,149.89815116173205,0.02988841961124068,254.6294739873885,2993.1400577172567,28.62073020557424,7.981112288318277,56.893572831128935,374.4149805704753,1171.8796895345051
2220,561.575235902975,146.9353467947317,0.029554449501963235,253.5345846606831,2896.587152629603,28.20836553463889,7.789168745384716,56.35739486780604,374.3279825846354,1167.5096944173176
2221,554.83173567869,143.98018693562466,0.029223701102024366,252.43969533397768,2800.0342475419498,27.796000863703544,7.597225202451154,55.82121690448315,374.239990234375,1163.13969930013
2222,548.0794740415542,141.03255640886042,0.02889613675980401,251.3448060072723,2703.4813424542963,27.3836361927682,7.405281659517592,55.28503894116026,374.1509831746419,1158.7696940104167
2223,541.3185904379652,138.0923420698532,0.028571719320981678,250.24991668056688,2606.928437366643,26.971271521832847,7.213338116584031,54.748860977837374,374.0619812011719,1154.3997090657551
2224,534.5492210284882,135.15943276323964,0.028250412120857108,249.1550273538615,2510.3755322789893,26.5589068508975,7.021394573650468,54.21268301451448,373.9719797770183,1150.0297037760415
2225,527.7714987708886,132.23371928212126,0.027932178976812917,248.06013802715609,2413.8226271913354,26.146542179962157,6.829451030716907,53.67650505119159,373.8809814453125,1145.669698079427
2226,520.9855535009618,129.31509432826584,0.027616984180915752,246.96524870045067,2317.2697221036824,25.734177509026807,6.6375074877833455,53.1403270878687,373.78897857666016,1141.3096923828125
2227,514.1915120111554,126.4034524732417,0.027304792492653034,245.8703593737453,2220.7168170160285,25.32181283809146,6.445563944849783,52.604149124545806,373.6969833374024,1136.949686686198
2228,507.38949812712264,123.49869012046045,0.02699556913180219,244.77547004703987,2124.163911928375,24.90944816715611,6.253620401916222,52.06797116122292,373.6039861043294,1132.5896911621094
2229,500.57963278211616,120.60070546810411,0.026689279771429385,243.6805807203345,2027.6110068407213,24.497083496220764,6.06167685898266,51.53179319790003,373.5109837849935,1128.229715983073
2230,493.76203408950295,117.70939847291301,0.026385890531015033,242.58569139362908,1931.058101753068,24.084718825285417,5.869733316049098,50.99561523457714,373.416987101237,1123.8796997070312
2231,486.9368174132672,114.82467081481205,0.026085367969703104,241.4908020669237,1834.5051966654144,23.67235415435007,5.677789773115537,50.459437271254245,373.3219833374024,1119.5196940104167
2232,480.1040954366405,111.94642586235362,0.02578767907967175,240.39591274021828,1737.9522915777611,23.25998948341472,5.485846230181974,49.92325930793135,373.2259852091472,1115.1696879069011
2233,473.2639782288925,109.07456863895534,0.02549279127962247,239.3010234135129,1641.3993864901076,22.84762481247937,5.293902687248413,49.38708134460847,373.1299794514974,1110.8196919759114
2234,466.4165733103668,106.20900578991194,0.02520067240838528,238.20613408680745,1544.8464814024544,22.435260141544024,5.101959144314851,48.850903381285576,373.0329818725586,1106.4797058105469
2235,459.5619857157639,103.3496455501621,0.024911290718637437,237.11124476010207,1448.293576314801,22.02289547060868,4.910015601381289,48.31472541796269,372.9359868367513,1102.1296793619792
2236,452.70031805573643,100.49639771278954,0.02462461487073335,236.01635543339663,1351.7406712271477,21.610530799673327,4.718072058447728,47.77854745463979,372.8369776407878,1097.7896931966145
2237,445.8316705768801,97.64917359824034,0.02434061392664313,234.92146610669124,1255.1877661394942,21.19816612873798,4.5261285155141655,47.2423694913169,372.7389831542969,1093.449686686198
2238,438.95614122009744,94.80788602423732,0.02405925734399772,233.82657677998583,1158.6348610518407,20.785801457802638,4.334184972580603,46.706191527994015,372.6389846801758,1089.1096903483074
2239,432.0738256774641,91.97244927637485,0.023780514970238222,232.73168745328044,1062.0819559641873,20.373436786867284,4.142241429647042,46.17001356467112,372.5389811197917,1084.7696838378906
2240,425.1848174475522,89.1427790793752,0.02350435703686725,231.63679812657503,965.5290508765338,19.961072115931938,3.95029788671348,45.63383560134823,372.4389826456706,1080.4296875
2241,418.2892078893112,86.31879256899097,0.023230754153800267,230.54190879986965,868.9761457888804,19.54870744499659,3.758354343779918,45.09765763802534,372.3369878133138,1076.0996907552085
2242,411.38708627456106,83.50040826453625,0.02295967730381478,229.44701947316423,772.4232407012271,19.13634277406124,3.566410800846356,44.56147967470245,372.23598225911456,1071.75971476237
2243,404.47853983904906,80.68754604203122,0.02269109783709535,228.35213014645885,675.8703356135736,18.72397810312589,3.3744672579127943,44.02530171137956,372.1329828898112,1067.4296875
2244,397.5636538322114,77.88012710794455,0.022424987465872535,227.25724081975343,579.3174305259203,18.311613432190544,3.182523714979233,43.48912374805667,372.02998606363934,1063.0997009277344
2245,390.64251156565354,75.07807397351867,0.022161318259153795,226.16235149304805,482.7645254382669,17.899248761255198,2.990580172045671,42.95294578473378,371.9269790649414,1058.7697041829426
2246,383.71519446028555,72.28131042966277,0.021900062637544473,225.06746216634264,386.21162035061343,17.486884090319847,2.798636629112109,42.416767821410886,371.8219807942708,1054.44970703125
2247,376.78178209230896,69.4897615224005,0.021641193368157084,223.97257283963725,289.6587152629601,17.0745194193845,2.606693086178548,41.880589858088,371.7179819742839,1050.199696858724
2248,369.8423522379621,66.70335352885729,0.021384683559607084,222.87768351293187,193.10581017530671,16.662154748449154,2.414749543244985,41.34441189476511,371.6119842529297,1046.0597127278645
2249,362.8969809171423,63.922013933774835,0.02113050665709344,221.78279418622645,96.55290508765336,16.249790077513804,2.222806000311424,40.80823393144222,371.5069834391276,1042.0397033691406
2250,355.9457424358207,61.14567140653927,0.020878636437562183,220.68790485952107,0.0,15.837425406578458,2.030862457377862,40.272055968119325,371.3999811808269,1038.1097005208333
2251,348.9887094274668,58.37425577871039,0.020629047004951495,220.68790485952107,0.0,15.837425406578458,2.030862457377862,40.272055968119325,371.29297892252606,1034.2697448730469
2252,345.6691360166887,57.215464980205354,0.02040054920661759,220.68790485952107,0.0,15.837425406578458,2.030862457377862,40.272055968119325,371.1859817504883,1030.6697896321614
2253,342.40290168216535,56.561796998897606,0.020178840114196343,220.68790485952107,0.0,15.837425406578458,2.030862457377862,40.272055968119325,371.0799814860026,1027.4697977701824
2254,339.2001095956672,56.069734119468116,0.01996070392282689,220.68790485952107,0.0,15.837425406578458,2.030862457377862,40.272055968119325,370.974983215332,1024.60981241862
2255,336.0655630870889,55.63217913900675,0.019745263208867724,220.68790485952107,0.0,15.837425406578458,2.030862457377862,40.272055968119325,370.8709894816081,1022.0698191324868
2256,333.00120307678947,55.21554461264577,0.019532235848762146,220.68790485952107,0.0,15.837425406578458,2.030862457377862,40.272055968119325,370.76698303222656,1019.8098449707032
2257,330.0074186015925,54.8092063288641,0.019321512785624093,220.68790485952107,0.0,15.837425406578458,2.030862457377862,40.272055968119325,370.6649805704753,1017.7898356119792
2258,327.0837533715342,54.409746816211545,0.01911303926340947,220.68790485952107,0.0,15.837425406578458,2.030862457377862,40.272055968119325,370.562978108724,1015.9898630777994
2259,324.22928836052023,54.01602133008458,0.01890677842144109,220.68790485952107,0.0,15.837425406578458,2.030862457377862,40.272055968119325,370.4619827270508,1014.3998565673828
2260,321.44285038928075,53.62760598964764,0.01870269965241185,220.68790485952107,0.0,15.837425406578458,2.030862457377862,40.272055968119325,370.3619791666667,1012.9698689778646
2261,318.7231270414233,53.24430757797963,0.01850077479702928,220.68790485952107,0.0,15.837425406578458,2.030862457377862,40.272055968119325,370.2629852294922,1011.6998799641927
2262,316.06873098049545,52.866008023573585,0.01830097687695306,220.68790485952107,0.0,15.837425406578458,2.030862457377862,40.272055968119325,370.1639836629232,1010.5698750813802
2263,313.4782367780112,52.492614819029384,0.018103279659059283,220.68790485952107,0.0,15.837425406578458,2.030862457377862,40.272055968119325,370.06598409016925,1009.5698801676432
2264,310.9502026723897,52.124045104676696,0.01790765749416881,220.68790485952107,0.0,15.837425406578458,2.030862457377862,40.272055968119325,369.96898651123047,1008.669891357422
2265,308.48318395103354,51.76022049284647,0.017714085247528828,220.68790485952107,0.0,15.837425406578458,2.030862457377862,40.272055968119325,369.87298583984375,1007.8798878987632
2266,306.0757415765941,51.40106533429635,0.017522538260872796,220.68790485952107,0.0,15.837425406578458,2.030862457377862,40.272055968119325,369.7779795328776,1007.1698964436848
2267,303.7264480298035,51.04650609483013,0.017332992326135523,220.68790485952107,0.0,15.837425406578458,2.030862457377862,40.272055968119325,369.6829783121745,1006.5299021402994
2268,301.43389145491074,50.69647109432314,0.017145423664146144,220.68790485952107,0.0,15.837425406578458,2.030862457377862,40.272055968119325,369.5889841715495,1005.9698994954427
2269,299.19667871531186,50.35089036735154,0.016959808905991337,220.68790485952107,0.0,15.837425406578458,2.030862457377862,40.272055968119325,369.495984395345,1005.4699045817056
2270,297.0134377081134,50.009695567396385,0.016776125076189568,220.68790485952107,0.0,15.837425406578458,2.030862457377862,40.272055968119325,369.4039840698242,1005.0199127197266
2271,294.88281914469786,49.67281988902214,0.016594349577303668,220.68790485952107,0.0,15.837425406578458,2.030862457377862,40.272055968119325,369.3119786580404,1004.6199086507162
2272,292.8034979261023,49.34019799938591,0.016414460175788414,220.68790485952107,0.0,15.837425406578458,2.030862457377862,40.272055968119325,369.2209828694661,1004.2699178059896
2273,290.7741741980722,49.01176597595213,0.01623643498893316,220.68790485952107,0.0,15.837425406578458,2.030862457377862,40.272055968119325,369.1309865315755,1003.9499155680338
2274,288.79357414497554,48.68746124910693,0.016060252472788115,220.68790485952107,0.0,15.837425406578458,2.030862457377862,40.272055968119325,369.04198201497394,1003.669911702474
2275,286.86045056665546,48.36722254898474,0.01588589141097847,220.68790485952107,0.0,15.837425406578458,2.030862457377862,40.272055968119325,368.9529800415039,1003.419921875
2276,284.9735832722907,48.05098985604835,0.01571333090432167,220.68790485952107,0.0,15.837425406578458,2.030862457377862,40.272055968119325,368.864985148112,1003.1999206542968
2277,283.1317793190518,47.738704355058466,0.015542550361172221,220.68790485952107,0.0,15.837425406578458,2.030862457377862,40.272055968119325,368.7779846191406,1002.9999237060548
2278,281.333873118628,47.43030839212226,0.015373529488425826,220.68790485952107,0.0,15.837425406578458,2.030862457377862,40.272055968119325,368.6909815470378,1002.8199157714844
2279,279.5787264311428,47.12574543454596,0.015206248283121778,220.68790485952107,0.0,15.837425406578458,2.030862457377862,40.272055968119325,368.60498046875,1002.659922281901
2280,277.8652282632353,46.82496003324434,0.015040687024588268,220.68790485952107,0.0,15.837425406578458,2.030862457377862,40.272055968119325,368.5199839274089,1002.5099232991536
2281,276.19229468487237,46.52789778748468,0.014876826267081105,220.68790485952107,0.0,15.837425406578458,2.030862457377862,40.272055968119325,368.4349822998047,1002.3899230957032
2282,274.5588685774232,46.23450531176459,0.014714646832870893,220.68790485952107,0.0,15.837425406578458,2.030862457377862,40.272055968119325,368.3509801228841,1002.2699228922526
2283,272.9639193240101,45.9447302046419,0.014554129805738388,220.68790485952107,0.0,15.837425406578458,2.030862457377862,40.272055968119325,368.2679799397786,1002.169921875
2284,271.4064424516334,45.65852101935226,0.014395256524841575,220.68790485952107,0.0,15.837425406578458,2.030862457377862,40.272055968119325,368.1859766642253,1002.0799407958984
2285,269.8854592334436,45.37582723606603,0.014238008578921733,220.68790485952107,0.0,15.837425406578458,2.030862457377862,40.272055968119325,368.1039861043294,1001.9899241129556
2286,268.40001625835396,45.09659923564966,0.014082367800818726,220.68790485952107,0.0,15.837425406578458,2.030862457377862,40.272055968119325,368.0219802856445,1001.919921875
2287,266.9491849743204,44.82078827480983,0.013928316262268974,220.68790485952107,0.0,15.837425406578458,2.030862457377862,40.272055968119325,367.9419835408529,1001.8499348958334
2288,265.532061210796,44.54834646250963,0.013775836268961854,220.68790485952107,0.0,15.837425406578458,2.030862457377862,40.272055968119325,367.8619842529297,1001.7899169921876
2289,264.1477646850494,44.27922673755698,0.013624910355832862,220.68790485952107,0.0,15.837425406578458,2.030862457377862,40.272055968119325,367.7829818725586,1001.7299296061198
2290,262.7954384965447,44.01338284727415,0.013475521282573809,220.68790485952107,0.0,15.837425406578458,2.030862457377862,40.272055968119325,367.703987121582,1001.679926554362
2291,261.47424861287783,43.75076932716586,0.01332765202934233,220.68790485952107,0.0,15.837425406578458,2.030862457377862,40.272055968119325,367.62597910563153,1001.6399230957032
2292,260.1833833503996,43.49134148151142,0.013181285792654677,220.68790485952107,0.0,15.837425406578458,2.030862457377862,40.272055968119325,367.54798380533856,1001.5999196370444
2293,258.92205285215255,43.235055364812496,0.01303640598144724,220.68790485952107,0.0,15.837425406578458,2.030862457377862,40.272055968119325,367.4719874064128,1001.5599263509116
2294,257.6894885653641,42.98186776403483,0.01289299621329373,220.68790485952107,0.0,15.837425406578458,2.030862457377862,40.272055968119325,367.3949813842773,1001.5199279785156
2295,256.48494272049015,42.73173618158747,0.012751040310766069,220.68790485952107,0.0,15.837425406578458,2.030862457377862,40.272055968119325,367.3199844360352,1001.4899241129556
2296,255.30768781343116,42.48461881898829,0.012610522297928374,220.68790485952107,0.0,15.837425406578458,2.030862457377862,40.272055968119325,367.2449798583984,1001.4599253336588
2297,254.15701609230007,42.240474561169066,0.012471426396954133,220.68790485952107,0.0,15.837425406578458,2.030862457377862,40.272055968119325,367.1699803670247,1001.429926554362
2298,253.032239049978,41.99926296137751,0.012333737024857905,220.68790485952107,0.0,15.837425406578458,2.030862457377862,40.272055968119325,367.0969848632813,1001.3999277750652
2299,251.93268692338816,41.76094422663729,0.012197438790333427,220.68790485952107,0.0,15.837425406578458,2.030862457377862,40.272055968119325,367.02298227945965,1001.379923502604
2300,250.8577082003387,41.52547920373047,0.012062516490690936,220.68790485952107,0.0,15.837425406578458,2.030862457377862,40.272055968119325,366.95098368326825,1001.3499298095704
2301,249.8066691345906,41.29282936567,0.011928955108887071,220.68790485952107,0.0,15.837425406578458,2.030862457377862,40.272055968119325,366.8789825439453,1001.3299255371094
2302,248.7789532697072,41.06295679863234,0.011796739810641398,220.68790485952107,0.0,15.837425406578458,2.030862457377862,40.272055968119325,366.8069814046224,1001.3099212646484
2303,247.77396097208353,40.835824189323034,0.011665855941634086,220.68790485952107,0.0,15.837425406578458,2.030862457377862,40.272055968119325,366.7359848022461,1001.2899220784506
2304,246.7911089735469,40.61139481275025,0.011536289024779768,220.68790485952107,0.0,15.837425406578458,2.030862457377862,40.272055968119325,366.6659851074219,1001.2699228922526
2305,245.82982992372177,40.38963252038317,0.011408024757573096,220.68790485952107,0.0,15.837425406578458,2.030862457377862,40.272055968119325,366.59598541259766,1001.2499287923176
2306,244.8895719523766,40.17050172867435,0.011281049009501826,220.68790485952107,0.0,15.837425406578458,2.030862457377862,40.272055968119325,366.526985168457,1001.229939778646
2307,243.96979824183035,39.95396740792642,0.011155347819523726,220.68790485952107,0.0,15.837425406578458,2.030862457377862,40.272055968119325,366.4579823811849,1001.209930419922
2308,243.0699866095561,39.73999507148526,0.011030907393603828,220.68790485952107,0.0,15.837425406578458,2.030862457377862,40.272055968119325,366.3899841308594,1001.189931233724
2309,242.18962910087524,39.528550765243246,0.010907714102308862,220.68790485952107,0.0,15.837425406578458,2.030862457377862,40.272055968119325,366.32299041748047,1001.169921875
2310,241.32823159185273,39.31960105743711,0.010785754478456077,220.68790485952107,0.0,15.837425406578458,2.030862457377862,40.272055968119325,366.2559814453125,1001.159922281901
2311,240.48531340224721,39.11311302872646,0.010665015214813691,220.68790485952107,0.0,15.837425406578458,2.030862457377862,40.272055968119325,366.1889826456706,1001.1399230957032
2312,239.660406918437,38.90905426253985,0.010545483161850633,220.68790485952107,0.0,15.837425406578458,2.030862457377862,40.272055968119325,366.1229807535808,1001.1199289957682
2313,238.85305722627214,38.70739283567608,0.010427145325533311,220.68790485952107,0.0,15.837425406578458,2.030862457377862,40.272055968119325,366.0579833984375,1001.0999298095704
2314,238.06282175364203,38.50809730914983,0.010309988865167345,220.68790485952107,0.0,15.837425406578458,2.030862457377862,40.272055968119325,365.9929860432943,1001.0899251302084
2315,237.2892699226925,38.3111367192707,0.010194001091282405,220.68790485952107,0.0,15.837425406578458,2.030862457377862,40.272055968119325,365.9279810587565,1001.0699412027994
2316,236.5319828114319,38.11648056894631,0.010079169463558352,220.68790485952107,0.0,15.837425406578458,2.030862457377862,40.272055968119325,365.864985148112,1001.0499369303384
2317,235.790552824678,37.9240988192,0.00996548158879111,220.68790485952107,0.0,15.837425406578458,2.030862457377862,40.272055968119325,365.8009847005208,1001.0399271647136
2318,235.06458337405834,37.73396188089484,0.009852925218896743,220.68790485952107,0.0,15.837425406578458,2.030862457377862,40.272055968119325,365.7379837036133,1001.0199381510416
2319,234.3536885669257,37.54604060665596,0.009741488248952369,220.68790485952107,0.0,15.837425406578458,2.030862457377862,40.272055968119325,365.6759821573893,1000.9999237060548
2320,233.6574929040061,37.36030628298356,0.009631158715272575,220.68790485952107,0.0,15.837425406578458,2.030862457377862,40.272055968119325,365.6139856974284,1000.9899241129556
2321,232.97563098554107,37.176730622549854,0.009521924793520178,220.68790485952107,0.0,15.837425406578458,2.030862457377862,40.272055968119325,365.552978515625,1000.9699350992838
2322,232.3077472257777,36.9952857566732,0.009413774796850165,220.68790485952107,0.0,15.837425406578458,2.030862457377862,40.272055968119325,365.4919789632161,1000.9499308268228
2323,231.65349557554927,36.81594422796316,0.0093066971740858,220.68790485952107,0.0,15.837425406578458,2.030862457377862,40.272055968119325,365.4309794108073,1000.9399363199868
2324,231.01253925280764,36.638678983130944,0.00920068050792586,220.68790485952107,0.0,15.837425406578458,2.030862457377862,40.272055968119325,365.3719813028972,1000.919932047526
2325,230.38455048084546,36.463463365959306,0.009095713513182148,220.68790485952107,0.0,15.837425406578458,2.030862457377862,40.272055968119325,365.3119862874349,1000.899922688802
2326,229.76921023406547,36.29027111042707,0.008991785035046333,220.68790485952107,0.0,15.837425406578458,2.030862457377862,40.272055968119325,365.2529881795247,1000.879923502604
2327,229.16620799105903,36.11907633398308,0.008888884047385396,220.68790485952107,0.0,15.837425406578458,2.030862457377862,40.272055968119325,365.19497934977215,1000.8699239095052
2328,228.57524149480815,35.94985353096503,0.008786999651064794,220.68790485952107,0.0,15.837425406578458,2.030862457377862,40.272055968119325,365.1369857788086,1000.8499348958334
2329,227.99601651983863,35.78257756615871,0.008686121072298731,220.68790485952107,0.0,15.837425406578458,2.030862457377862,40.272055968119325,365.07898203531903,1000.8299255371094
2330,227.42824664611786,35.6172236684934,0.008586237661026761,220.68790485952107,0.0,15.837425406578458,2.030862457377862,40.272055968119325,365.021977742513,1000.8099365234376
2331,226.8716530394899,35.45376742486951,0.00848733888931611,220.68790485952107,0.0,15.837425406578458,2.030862457377862,40.272055968119325,364.96497599283856,1000.7999318440756
2332,226.3259642385187,35.29218477411444,0.008389414349789077,220.68790485952107,0.0,15.837425406578458,2.030862457377862,40.272055968119325,364.9089838663737,1000.7799326578776
2333,225.79091594750233,35.13245200106326,0.00829245375407495,220.68790485952107,0.0,15.837425406578458,2.030862457377862,40.272055968119325,364.8529790242513,1000.7599232991536
2334,225.26625083552437,34.974545730760454,0.00819644693128582,220.68790485952107,0.0,15.837425406578458,2.030862457377862,40.272055968119325,364.79798634847,1000.7399291992188
2335,224.75171834135054,34.818442922779674,0.008101383826515818,220.68790485952107,0.0,15.837425406578458,2.030862457377862,40.272055968119325,364.7429835001628,1000.7199249267578
2336,224.2470744839938,34.664120865658035,0.008007254499363209,220.68790485952107,0.0,15.837425406578458,2.030862457377862,40.272055968119325,364.6889826456706,1000.69992574056
2337,223.75208167882022,34.51155717144211,0.007914049122474884,220.68790485952107,0.0,15.837425406578458,2.030862457377862,40.272055968119325,364.6349792480469,1000.679936726888
2338,223.26650855899052,34.36072977034249,0.007821757980112743,220.68790485952107,0.0,15.837425406578458,2.030862457377862,40.272055968119325,364.5809834798177,1000.669932047526
2339,222.79012980210513,34.21161690549434,0.007730371466741556,220.68790485952107,0.0,15.837425406578458,2.030862457377862,40.272055968119325,364.5279846191406,1000.649932861328
2340,222.32272596191635,34.06419712782096,0.007639880085637821,220.68790485952107,0.0,15.837425406578458,2.030862457377862,40.272055968119325,364.4759801228841,1000.6299336751302
2341,221.86408330491284,33.91844929099797,0.007550274447519239,220.68790485952107,0.0,15.837425406578458,2.030862457377862,40.272055968119325,364.42298380533856,1000.6099344889324
2342,221.41399365167752,33.77435254651543,0.007461545269194358,220.68790485952107,0.0,15.837425406578458,2.030862457377862,40.272055968119325,364.37198638916016,1000.5899353027344
2343,220.9722542228615,33.631886338835685,0.007373683372232025,220.68790485952107,0.0,15.837425406578458,2.030862457377862,40.272055968119325,364.3199818929036,1000.5699310302734
2344,220.5386674896268,33.491030400644306,0.007286679681650275,220.68790485952107,0.0,15.837425406578458,2.030862457377862,40.272055968119325,364.2689844767253,1000.5499267578124
2345,220.11304102844653,33.35176474819224,0.007200525224624238,220.68790485952107,0.0,15.837425406578458,2.030862457377862,40.272055968119325,364.2179819742839,1000.5299275716146
2346,219.69518738011323,33.21406967672661,0.007115211129212755,220.68790485952107,0.0,15.837425406578458,2.030862457377862,40.272055968119325,364.16798146565753,1000.5099232991536
2347,219.28492391284433,33.077925756008376,0.007030728623103365,220.68790485952107,0.0,15.837425406578458,2.030862457377862,40.272055968119325,364.1179860432943,1000.4899342854818
2348,218.88207268936077,32.94331382591468,0.006947069032375296,220.68790485952107,0.0,15.837425406578458,2.030862457377862,40.272055968119325,364.0689875284831,1000.4699198404948
2349,218.48646033781023,32.810214992123825,0.006864223780280135,220.68790485952107,0.0,15.837425406578458,2.030862457377862,40.272055968119325,364.0199839274089,1000.449935913086
2350,218.09791792642562,32.67861062188123,0.006782184386039912,220.68790485952107,0.0,15.837425406578458,2.030862457377862,40.272055968119325,363.97098541259766,1000.429931640625
2351,217.71628084183084,32.54848233984422,0.006700942463662203,220.68790485952107,0.0,15.837425406578458,2.030862457377862,40.272055968119325,363.92298634847,1000.4099324544272
2352,217.3413886708334,32.419812024004116,0.006620489720772071,220.68790485952107,0.0,15.837425406578458,2.030862457377862,40.272055968119325,363.8749821980794,1000.3799387613932
2353,216.97308508564748,32.29258180168373,0.006540817957460428,220.68790485952107,0.0,15.837425406578458,2.030862457377862,40.272055968119325,363.8279876708984,1000.3599344889324
2354,216.61121773243224,32.16677404560856,0.006461919065148626,220.68790485952107,0.0,15.837425406578458,2.030862457377862,40.272055968119325,363.7809855143229,1000.3399251302084
2355,216.2556381230223,32.04237137005028,0.006383785025468969,220.68790485952107,0.0,15.837425406578458,2.030862457377862,40.272055968119325,363.7339859008789,1000.3199310302734
2356,215.906201529803,31.9193566270406,0.0063064079091608655,220.68790485952107,0.0,15.837425406578458,2.030862457377862,40.272055968119325,363.68798573811847,1000.2999420166016
2357,215.56276688356633,31.797712902654226,0.006229779874982376,220.68790485952107,0.0,15.837425406578458,2.030862457377862,40.272055968119325,363.64198303222656,1000.2799326578776
2358,215.22519667435833,31.677423513359315,0.006153893168636888,220.68790485952107,0.0,15.837425406578458,2.030862457377862,40.272055968119325,363.59598541259766,1000.2599385579427
2359,214.89335685510255,31.558472002433927,0.006078740121714673,220.68790485952107,0.0,15.837425406578458,2.030862457377862,40.272055968119325,363.55098724365234,1000.2299296061198
2360,214.56711674805248,31.440842136447138,0.00600431315064908,220.68790485952107,0.0,15.837425406578458,2.030862457377862,40.272055968119325,363.5059865315755,1000.2099253336588
2361,214.24634895386,31.324517901803382,0.005930604755687115,220.68790485952107,0.0,15.837425406578458,2.030862457377862,40.272055968119325,363.4619852701823,1000.1899261474608
2362,213.93092926329464,31.2094835013487,0.005857607519874186,220.68790485952107,0.0,15.837425406578458,2.030862457377862,40.272055968119325,363.41798400878906,1000.1699371337892
2363,213.62073657144145,31.095723351037556,0.005785314108052771,220.68790485952107,0.0,15.837425406578458,2.030862457377862,40.272055968119325,363.3739827473958,1000.1399281819662
2364,213.31565279437396,30.983222076659043,0.005713717265874799,220.68790485952107,0.0,15.837425406578458,2.030862457377862,40.272055968119325,363.3309834798177,1000.1199289957682
2365,213.0155627881906,30.871964510621062,0.005642809818827499,220.68790485952107,0.0,15.837425406578458,2.030862457377862,40.272055968119325,363.2869873046875,1000.0999348958334
2366,212.72035427032841,30.76193568879146,0.005572584671272533,220.68790485952107,0.0,15.837425406578458,2.030862457377862,40.272055968119325,363.24498494466144,1000.0799204508464
2367,212.42991774317156,30.65312084739484,0.005503034805498174,220.68790485952107,0.0,15.837425406578458,2.030862457377862,40.272055968119325,363.2019856770833,1000.0499318440756
2368,212.14414641975492,30.545505419963888,0.0054341532807843365,220.68790485952107,0.0,15.837425406578458,2.030862457377862,40.272055968119325,363.1599858601888,1000.0299326578776
2369,211.86293615162984,30.43907503434414,0.00536593323248025,220.68790485952107,0.0,15.837425406578458,2.030862457377862,40.272055968119325,363.1189804077149,1000.0099283854166
2370,211.58618535872458,30.33381550975112,0.00529836787109459,220.68790485952107,0.0,15.837425406578458,2.030862457377862,40.272055968119325,363.07698313395184,999.9809315999348
2371,211.3137949612253,30.229712853878688,0.005231450481397837,220.68790485952107,0.0,15.837425406578458,2.030862457377862,40.272055968119325,363.0359802246094,999.9569346110026
2372,211.0456683133558,30.12675326005765,0.005165174421536716,220.68790485952107,0.0,15.837425406578458,2.030862457377862,40.272055968119325,362.995979309082,999.9329325358073
2373,210.781711139015,30.024923104463596,0.00509953312216051,220.68790485952107,0.0,15.837425406578458,2.030862457377862,40.272055968119325,362.9549789428711,999.908925374349
2374,210.5218314692496,29.924208943372953,0.005034520085559038,220.68790485952107,0.0,15.837425406578458,2.030862457377862,40.272055968119325,362.9149831136068,999.8849283854166
2375,210.26593958146762,29.824597510466287,0.004970128884812165,220.68790485952107,0.0,15.837425406578458,2.030862457377862,40.272055968119325,362.8749821980794,999.8599344889324
2376,210.01394794035556,29.726075714177963,0.0049063531629506265,220.68790485952107,0.0,15.837425406578458,2.030862457377862,40.272055968119325,362.8359832763672,999.8349253336588
2377,209.7657711404423,29.62863063509117,0.004843186632128022,220.68790485952107,0.0,15.837425406578458,2.030862457377862,40.272055968119325,362.7969868977864,999.8099263509116
2378,209.521325850304,29.532249523377466,0.004780623072803774,220.68790485952107,0.0,15.837425406578458,2.030862457377862,40.272055968119325,362.7579854329427,999.78493754069
2379,209.28053075827864,29.436919796279927,0.004718656332936916,220.68790485952107,0.0,15.837425406578458,2.030862457377862,40.272055968119325,362.7199808756511,999.7599334716796
2380,209.04330651973177,29.342629035639106,0.0046572803271905374,220.68790485952107,0.0,15.837425406578458,2.030862457377862,40.272055968119325,362.6819814046224,999.7339223225912
2381,208.80957570577252,29.24936498546088,0.004596489036146713,220.68790485952107,0.0,15.837425406578458,2.030862457377862,40.272055968119325,362.6439895629883,999.7079315185548
2382,208.57926275339221,29.157115549525408,0.004536276505531757,220.68790485952107,0.0,15.837425406578458,2.030862457377862,40.272055968119325,362.6059799194336,999.6819254557292
2383,208.35229391700713,29.065868789036436,0.004476636845451663,220.68790485952107,0.0,15.837425406578458,2.030862457377862,40.272055968119325,362.56898244222,999.6559397379556
2384,208.1285972213112,28.97561292031007,0.004417564229637563,220.68790485952107,0.0,15.837425406578458,2.030862457377862,40.272055968119325,362.5319798787434,999.629913330078
2385,207.90810241547658,28.88633631250241,0.004359052894701057,220.68790485952107,0.0,15.837425406578458,2.030862457377862,40.272055968119325,362.4949798583984,999.6029205322266
2386,207.6907409285638,28.798027485375084,0.004301097139399272,220.68790485952107,0.0,15.837425406578458,2.030862457377862,40.272055968119325,362.458984375,999.575927734375
2387,207.4764458262309,28.710675107098147,0.004243691323909487,220.68790485952107,0.0,15.837425406578458,2.030862457377862,40.272055968119325,362.42298634847,999.5489247639974
2388,207.2651517685588,28.624267992089578,0.00418682986911321,220.68790485952107,0.0,15.837425406578458,2.030862457377862,40.272055968119325,362.3869857788086,999.5219217936198
2389,207.05679496910142,28.53879509889052,0.00413050725588954,220.68790485952107,0.0,15.837425406578458,2.030862457377862,40.272055968119325,362.3519821166992,999.4949340820312
2390,206.8513131550216,28.454245528075912,0.004074718024417691,220.68790485952107,0.0,15.837425406578458,2.030862457377862,40.272055968119325,362.3169809977214,999.4669291178384
2391,206.64864552833134,28.370608520199454,0.004019456773488534,220.68790485952107,0.0,15.837425406578458,2.030862457377862,40.272055968119325,362.281982421875,999.438924153646
2392,206.4487327281994,28.287873453772583,0.003964718159825041,220.68790485952107,0.0,15.837425406578458,2.030862457377862,40.272055968119325,362.2469813028972,999.4109395345052
2393,206.2515167942677,28.206029843276596,0.003910496897411465,220.68790485952107,0.0,15.837425406578458,2.030862457377862,40.272055968119325,362.2129821777344,999.3829345703124
2394,206.0569411310009,28.125067337207426,0.0038567877568311715,220.68790485952107,0.0,15.837425406578458,2.030862457377862,40.272055968119325,362.1789830525716,999.3539276123048
2395,205.8649504729722,28.044975716152408,0.003803585564612973,220.68790485952107,0.0,15.837425406578458,2.030862457377862,40.272055968119325,362.1449813842773,999.3249308268228
2396,205.67549085112051,27.96574489089845,0.003750885202585813,220.68790485952107,0.0,15.837425406578458,2.030862457377862,40.272055968119325,362.11198170979816,999.2959238688152
2397,205.4885095598996,27.88736490057098,0.003698681607241755,220.68790485952107,0.0,15.837425406578458,2.030862457377862,40.272055968119325,362.0779825846354,999.2659301757812
2398,205.30395512535566,27.80982591080317,0.0036469697691070575,220.68790485952107,0.0,15.837425406578458,2.030862457377862,40.272055968119325,362.0459798177083,999.2369333902994
2399,205.12177727400473,27.73311821193486,0.0035957447321213103,220.68790485952107,0.0,15.837425406578458,2.030862457377862,40.272055968119325,362.0129877726237,999.2069295247396
2400,204.9419269026209,27.65723221724052,0.00354500159302445,220.68790485952107,0.0,15.837425406578458,2.030862457377862,40.272055968119325,361.9799880981445,999.1759287516276
2401,204.76435604880382,27.58215846118595,0.0034947355007515666,220.68790485952107,0.0,15.837425406578458,2.030862457377862,40.272055968119325,361.9479802449544,999.1459299723308
2402,204.58901786231843,27.507887597712887,0.00344494165583539,220.68790485952107,0.0,15.837425406578458,2.030862457377862,40.272055968119325,361.9159825642904,999.1149241129556
2403,204.41586657726594,27.434410398551293,0.0033956153098163447,220.68790485952107,0.0,15.837425406578458,2.030862457377862,40.272055968119325,361.8849843343099,999.0839284261068
2404,204.24485748492833,27.361717751558615,0.003346751764660051,220.68790485952107,0.0,15.837425406578458,2.030862457377862,40.272055968119325,361.8529841105144,999.0519256591796
2405,204.07594690740487,27.289800659085653,0.0032983463721821898,220.68790485952107,0.0,15.837425406578458,2.030862457377862,40.272055968119325,361.8219858805339,999.0209197998048
2406,203.90909217190443,27.218650236368436,0.003250394533480603,220.68790485952107,0.0,15.837425406578458,2.030862457377862,40.272055968119325,361.7909800211589,998.9879353841146
2407,203.74425158576076,27.148257709945778,0.0032028916983745373,220.68790485952107,0.0,15.837425406578458,2.030862457377862,40.272055968119325,361.760986328125,998.9559224446616
2408,203.5813844120891,27.07861441610188,0.00315583336485093,220.68790485952107,0.0,15.837425406578458,2.030862457377862,40.272055968119325,361.72998301188153,998.9229278564452
2409,203.42045084609865,27.00971179933368,0.0031092150785176327,220.68790485952107,0.0,15.837425406578458,2.030862457377862,40.272055968119325,361.6999816894531,998.8899281819662
2410,203.26141199204207,26.941541410842405,0.003063032432063479,220.68790485952107,0.0,15.837425406578458,2.030862457377862,40.272055968119325,361.66998291015625,998.855926513672
2411,203.10422984076078,26.874094907048953,0.003017281064725097,220.68790485952107,0.0,15.837425406578458,2.030862457377862,40.272055968119325,361.6409810384114,998.8229268391927
2412,202.94886724783953,26.80736404813259,0.0029719566617603674,220.68790485952107,0.0,15.837425406578458,2.030862457377862,40.272055968119325,361.6109873453776,998.7879333496094
2413,202.79528791232178,26.74134069659269,0.0029270549539284433,220.68790485952107,0.0,15.837425406578458,2.030862457377862,40.272055968119325,361.5819803873698,998.753926595052
2414,202.64345635601632,26.676016815832917,0.002882571716976228,220.68790485952107,0.0,15.837425406578458,2.030862457377862,40.272055968119325,361.552983601888,998.7189229329427
2415,202.49333790330058,26.611384468767667,0.002838502771131232,220.68790485952107,0.0,15.837425406578458,2.030862457377862,40.272055968119325,361.5249811808269,998.6829274495444
2416,202.3448986615029,26.547435816450147,0.002794843980600704,220.68790485952107,0.0,15.837425406578458,2.030862457377862,40.272055968119325,361.495979309082,998.646931966146
2417,202.19810550178045,26.48416311672191,0.002751591253076975,220.68790485952107,0.0,15.837425406578458,2.030862457377862,40.272055968119325,361.4679819742839,998.6109263102212
2418,202.0529260404864,26.421558722883344,0.0027087405392488936,220.68790485952107,0.0,15.837425406578458,2.030862457377862,40.272055968119325,361.4399770100911,998.5739390055338
2419,201.90932862103804,26.359615082384757,0.0026662878323192953,220.68790485952107,0.0,15.837425406578458,2.030862457377862,40.272055968119325,361.41198984781903,998.5369211832682
2420,201.76728229626553,26.298324735537758,0.0026242291675284126,220.68790485952107,0.0,15.837425406578458,2.030862457377862,40.272055968119325,361.38497670491535,998.4989267985026
2421,201.62675681119714,26.23768031424654,0.002582560621683139,220.68790485952107,0.0,15.837425406578458,2.030862457377862,40.272055968119325,361.3579839070638,998.460927327474
2422,201.48772258631368,26.17767454075865,0.0025412783126920824,220.68790485952107,0.0,15.837425406578458,2.030862457377862,40.272055968119325,361.3299814860026,998.4219309488932
2423,201.35015070123183,26.11830022643509,0.0025003783991062955,220.68790485952107,0.0,15.837425406578458,2.030862457377862,40.272055968119325,361.3039830525716,998.3829345703124
2424,201.21401287880155,26.05955027053915,0.0024598570796656462,220.68790485952107,0.0,15.837425406578458,2.030862457377862,40.272055968119325,361.2769826253255,998.3439280192056
2425,201.07928146962252,26.00141765904393,0.002419710592850719,220.68790485952107,0.0,15.837425406578458,2.030862457377862,40.272055968119325,361.2509841918945,998.305923461914
2426,200.94592943696725,25.94389546345797,0.0023799352164401784,220.68790485952107,0.0,15.837425406578458,2.030862457377862,40.272055968119325,361.22398630778,998.2709299723308
2427,200.81393034208492,25.886976839668883,0.002340527267073544,220.68790485952107,0.0,15.837425406578458,2.030862457377862,40.272055968119325,361.19798278808594,998.2389272054036
2428,200.68325832986832,25.830655026804557,0.0023014830998192497,220.68790485952107,0.0,15.837425406578458,2.030862457377862,40.272055968119325,361.17298126220703,998.2079264322916
2429,200.55388811493236,25.7749233461116,0.002262799107747977,220.68790485952107,0.0,15.837425406578458,2.030862457377862,40.272055968119325,361.14698282877606,998.179926554362
2430,200.42579496799644,25.71977519985091,0.0022244717215111494,220.68790485952107,0.0,15.837425406578458,2.030862457377862,40.272055968119325,361.1219813028972,998.1539306640624
2431,200.2989547026549,25.66520407020983,0.0021864974089245283,220.68790485952107,0.0,15.837425406578458,2.030862457377862,40.272055968119325,361.0969797770183,998.128926595052
2432,200.17334366247132,25.61120351823083,0.002148872674556844,220.68790485952107,0.0,15.837425406578458,2.030862457377862,40.272055968119325,361.0719833374024,998.1059214274088
2433,200.04893870839982,25.557767182756237,0.002111594059323396,220.68790485952107,0.0,15.837425406578458,2.030862457377862,40.272055968119325,361.0469792683919,998.0839284261068
2434,199.92571720652785,25.504888779388946,0.002074658140084544,220.68790485952107,0.0,15.837425406578458,2.030862457377862,40.272055968119325,361.021977742513,998.063924153646
2435,199.80365701613658,25.452562099468615,0.0020380615292490394,220.68790485952107,0.0,15.837425406578458,2.030862457377862,40.272055968119325,360.9979782104492,998.043924967448
2436,199.6827364780606,25.40078100906328,0.00200180087438212,220.68790485952107,0.0,15.837425406578458,2.030862457377862,40.272055968119325,360.9739837646485,998.0249277750652
2437,199.56293440333974,25.349539447976007,0.0019658728578183012,220.68790485952107,0.0,15.837425406578458,2.030862457377862,40.272055968119325,360.9499816894531,998.0069224039712
2438,199.4442300621484,25.2988314287664,0.0019302741962788264,220.68790485952107,0.0,15.837425406578458,2.030862457377862,40.272055968119325,360.9259821573893,997.9899190266927
2439,199.3266031730448,25.248651035786615,0.001895001640493666,220.68790485952107,0.0,15.837425406578458,2.030862457377862,40.272055968119325,360.9029820760091,997.9739227294922
2440,199.21003389242958,25.19899242423177,0.0018600519748280656,220.68790485952107,0.0,15.837425406578458,2.030862457377862,40.272055968119325,360.8799819946289,997.9579264322916
2441,199.09450280432563,25.149849819204423,0.0018254220169135194,220.68790485952107,0.0,15.837425406578458,2.030862457377862,40.272055968119325,360.8559824625651,997.9429270426432
2442,198.97999091038153,25.101217514792864,0.0017911086172831632,220.68790485952107,0.0,15.837425406578458,2.030862457377862,40.272055968119325,360.8329798380534,997.9279327392578
2443,198.86647962012682,25.05308987316308,0.0017571086590115004,220.68790485952107,0.0,15.837425406578458,2.030862457377862,40.272055968119325,360.8109817504883,997.9139353434244
2444,198.7539507415014,25.00546132366408,0.0017234190573583996,220.68790485952107,0.0,15.837425406578458,2.030862457377862,40.272055968119325,360.7879867553711,997.899932861328
2445,198.64238647157327,24.958326361946384,0.0016900367594173244,220.68790485952107,0.0,15.837425406578458,2.030862457377862,40.272055968119325,360.7659861246745,997.8859303792318
2446,198.5317693875333,24.911679549093513,0.0016569587437677308,220.68790485952107,0.0,15.837425406578458,2.030862457377862,40.272055968119325,360.7439829508464,997.8729298909506
2447,198.42208243788207,24.865515510766144,0.0016241820201315816,220.68790485952107,0.0,15.837425406578458,2.030862457377862,40.272055968119325,360.7219874064128,997.8599294026692
2448,198.31330893385353,24.819828936358835,0.0015917036290339075,220.68790485952107,0.0,15.837425406578458,2.030862457377862,40.272055968119325,360.6999842325847,997.846918741862
2449,198.2054325410454,24.77461457816909,0.0015595206414673853,220.68790485952107,0.0,15.837425406578458,2.030862457377862,40.272055968119325,360.67798614501953,997.8349355061848
2450,198.0984372712545,24.72986725057848,0.001527630158560866,220.68790485952107,0.0,15.837425406578458,2.030862457377862,40.272055968119325,360.6569798787434,997.8219248453776
2451,197.99230747451583,24.685581829245738,0.0014960293112518022,220.68790485952107,0.0,15.837425406578458,2.030862457377862,40.272055968119325,360.6349817911784,997.8099314371744
2452,197.88702783134192,24.64175325031155,0.0014647152599625286,220.68790485952107,0.0,15.837425406578458,2.030862457377862,40.272055968119325,360.6139831542969,997.7979278564452
2453,197.7825833451429,24.59837650961487,0.0014336851942803373,220.68790485952107,0.0,15.837425406578458,2.030862457377862,40.272055968119325,360.59298451741535,997.7859344482422
2454,197.6789593348461,24.555446661920616,0.0014029363326413108,220.68790485952107,0.0,15.837425406578458,2.030862457377862,40.272055968119325,360.57298787434894,997.774932861328
2455,197.57614142769037,24.512958820158474,0.0013724659220178512,220.68790485952107,0.0,15.837425406578458,2.030862457377862,40.272055968119325,360.5519841512044,997.762924194336
2456,197.47411555218136,24.470908154672724,0.0013422712376098627,220.68790485952107,0.0,15.837425406578458,2.030862457377862,40.272055968119325,360.5309829711914,997.7519276936848
2457,197.37286793126268,24.42928989248282,0.0013123495825395433,220.68790485952107,0.0,15.837425406578458,2.030862457377862,40.272055968119325,360.5109837849935,997.7399291992188
2458,197.2723850755954,24.38809931655465,0.001282698287549733,220.68790485952107,0.0,15.837425406578458,2.030862457377862,40.272055968119325,360.4909845987956,997.7289326985676
2459,197.17265377704751,24.347331765082195,0.0012533147107057776,220.68790485952107,0.0,15.837425406578458,2.030862457377862,40.272055968119325,360.47098032633465,997.7179311116536
2460,197.0736611023203,24.306982630779487,0.0012241962371008584,220.68790485952107,0.0,15.837425406578458,2.030862457377862,40.272055968119325,360.4509811401367,997.7069295247396
2461,196.97539438674067,24.267047360182715,0.0011953402785647447,220.68790485952107,0.0,15.837425406578458,2.030862457377862,40.272055968119325,360.4319814046224,997.6959228515624
2462,196.87784122818044,24.22752145296225,0.0011667442733759297,220.68790485952107,0.0,15.837425406578458,2.030862457377862,40.272055968119325,360.4119822184245,997.6849263509116
2463,196.78098948116426,24.188400461244484,0.001138405685977097,220.68790485952107,0.0,15.837425406578458,2.030862457377862,40.272055968119325,360.3929799397786,997.6739298502604
2464,196.68482725106458,24.149679988943298,0.0011103220066938848,220.68790485952107,0.0,15.837425406578458,2.030862457377862,40.272055968119325,360.37398529052734,997.6639302571616
2465,196.58934288850182,24.111355691101025,0.001082490751456895,220.68790485952107,0.0,15.837425406578458,2.030862457377862,40.272055968119325,360.3549880981445,997.6529184977212
2466,196.49452498381086,24.07342327323876,0.001054909461526921,220.68790485952107,0.0,15.837425406578458,2.030862457377862,40.272055968119325,360.33598073323566,997.6419321695964
2467,196.4003623617025,24.035878490715817,0.001027575703223333,220.68790485952107,0.0,15.837425406578458,2.030862457377862,40.272055968119325,360.3179880777995,997.6319274902344
2468,196.30684407599847,23.998717148098265,0.0010004870676556018,220.68790485952107,0.0,15.837425406578458,2.030862457377862,40.272055968119325,360.29898325602215,997.6209309895834
2469,196.21395940453925,23.96193509853633,0.0009736411704579034,220.68790485952107,0.0,15.837425406578458,2.030862457377862,40.272055968119325,360.28098551432294,997.6099294026692
2470,196.12169784418396,23.925528243150605,0.0009470356515267743,220.68790485952107,0.0,15.837425406578458,2.030862457377862,40.272055968119325,360.2629852294922,997.5999298095704
2471,196.0300491059359,23.889492530426807,0.0009206681747617818,220.68790485952107,0.0,15.837425406578458,2.030862457377862,40.272055968119325,360.24498494466144,997.5899302164712
2472,195.93900311018666,23.853823955619063,0.0008945364278091612,220.68790485952107,0.0,15.837425406578458,2.030862457377862,40.272055968119325,360.2269821166992,997.5789286295573
2473,195.84854998208334,23.818518560161543,0.0008686381218083916,220.68790485952107,0.0,15.837425406578458,2.030862457377862,40.272055968119325,360.2089869181316,997.5689239501952
2474,195.75868004697978,23.783572431088295,0.0008429709911416664,220.68790485952107,0.0,15.837425406578458,2.030862457377862,40.272055968119325,360.1919860839844,997.5589345296224
2475,195.66938382601904,23.748981700461194,0.000817532793186228,220.68790485952107,0.0,15.837425406578458,2.030862457377862,40.272055968119325,360.1739832560221,997.5479278564452
2476,195.58065203181874,23.7147425448058,0.0007923213080695262,220.68790485952107,0.0,15.837425406578458,2.030862457377862,40.272055968119325,360.15697987874347,997.5379282633464
2477,195.4924755642327,23.680851184555145,0.0007673343384271701,220.68790485952107,0.0,15.837425406578458,2.030862457377862,40.272055968119325,360.1399841308594,997.5279286702474
2478,195.40484550625536,23.647303883501138,0.000742569709163627,220.68790485952107,0.0,15.837425406578458,2.030862457377862,40.272055968119325,360.1229832967122,997.5179239908854
2479,195.3177531199809,23.614096948253646,0.0007180252672156509,220.68790485952107,0.0,15.837425406578458,2.030862457377862,40.272055968119325,360.1059799194336,997.5069325764974
2480,195.2311898426817,23.581226727706998,0.0006936988813183937,220.68790485952107,0.0,15.837425406578458,2.030862457377862,40.272055968119325,360.08897654215497,997.4969329833984
2481,195.1451472829728,23.548689612513904,0.0006695884417741649,220.68790485952107,0.0,15.837425406578458,2.030862457377862,40.272055968119325,360.07298533121747,997.4869283040364
2482,195.05961721706342,23.51648203456657,0.0006456918602238252,220.68790485952107,0.0,15.837425406578458,2.030862457377862,40.272055968119325,360.05598704020184,997.4769236246744
2483,194.97459158510233,23.48460046648499,0.0006220070694207465,220.68790485952107,0.0,15.837425406578458,2.030862457377862,40.272055968119325,360.03998311360675,997.4669291178384
2484,194.8900624875946,23.453041421112257,0.0005985320230073476,220.68790485952107,0.0,15.837425406578458,2.030862457377862,40.272055968119325,360.0239791870117,997.4569295247396
2485,194.80602218192456,23.42180145101677,0.0005752646952941423,220.68790485952107,0.0,15.837425406578458,2.030862457377862,40.272055968119325,360.0079828898112,997.4469248453776
2486,194.72246307892996,23.390877148001298,0.0005522030810412807,220.68790485952107,0.0,15.837425406578458,2.030862457377862,40.272055968119325,359.99198150634766,997.4369252522788
2487,194.63937773959822,23.360265142618722,0.0005293451952425581,220.68790485952107,0.0,15.837425406578458,2.030862457377862,40.272055968119325,359.9759826660156,997.4269307454427
2488,194.5567588717818,23.329962103694392,0.0005066890729118461,220.68790485952107,0.0,15.837425406578458,2.030862457377862,40.272055968119325,359.9609858194987,997.4179331461588
2489,194.474599327038,23.29996473785497,0.00048423276887193495,220.68790485952107,0.0,15.837425406578458,2.030862457377862,40.272055968119325,359.9449818929036,997.40793355306
2490,194.39289209753497,23.270269789063757,0.0004619743575457391,220.68790485952107,0.0,15.837425406578458,2.030862457377862,40.272055968119325,359.9299799601237,997.397928873698
2491,194.31163031298863,23.240874038162204,0.00043991193274985025,220.68790485952107,0.0,15.837425406578458,2.030862457377862,40.272055968119325,359.9149805704753,997.387929280599
2492,194.2308072377333,23.21177430241775,0.00041804360749040335,220.68790485952107,0.0,15.837425406578458,2.030862457377862,40.272055968119325,359.8999786376953,997.3779246012368
2493,194.15041626780496,23.18296743507773,0.0003963675137612274,220.68790485952107,0.0,15.837425406578458,2.030862457377862,40.272055968119325,359.8849817911784,997.3689320882162
2494,194.07045092811674,23.154450324929314,0.0003748818023442552,220.68790485952107,0.0,15.837425406578458,2.030862457377862,40.272055968119325,359.86998494466144,997.358927408854
2495,193.99090486970536,23.126219895865365,0.0003535846426121615,220.68790485952107,0.0,15.837425406578458,2.030862457377862,40.272055968119325,359.8549830118816,997.3489278157552
2496,193.91177186701893,23.098273106456208,0.0003324742223332045,220.68790485952107,0.0,15.837425406578458,2.030862457377862,40.272055968119325,359.8409830729167,997.3399302164712
2497,193.83304581528424,23.070606949527082,0.0003115487474782464,220.68790485952107,0.0,15.837425406578458,2.030862457377862,40.272055968119325,359.8259785970052,997.3299255371094
2498,193.75472072792937,23.043218451741303,0.00029080644202991805,220.68790485952107,0.0,15.837425406578458,2.030862457377862,40.272055968119325,359.8119812011719,997.3199310302734
2499,193.6767907340578,23.01610467318902,0.00027024554779391116,220.68790485952107,0.0,15.837425406578458,2.030862457377862,40.272055968119325,359.79798380533856,997.3109283447266
2500,193.59925007599227,22.989262706981457,0.00024986432421236743,220.68790485952107,0.0,15.837425406578458,2.030862457377862,40.272055968119325,359.78998311360675,997.305923461914
