Year,Emissions.HFC134a eq Emissions,Ozone Forcing.Montreal gases equivalent effective stratospheric chlorine,Minor GHGs Forcing.Montreal Gases Effective Radiative Forcing,Emissions.Total CH4 Emissions,Emissions.CO Emissions,Emissions.Total N2O Emissions,Emissions.Total NOx Emissions,Emissions.Total SO2 Emissions,Emissions.VOC Emissions,CO2 Forcing.Atmos CO2 exogenous
1750,0.0,344.3627591056,0.0,19.019783117809567,348.5273587773604,86.02230753848028,12.735211942317768,2.4400484348220126,60.02182622415481,277.1470031738281
1751,0.0,344.3629139996227,-3.970484742724101e-15,18.91510886993145,343.9263672486595,87.64746362383482,12.592303237945762,2.408379138223796,59.08812628149409,277.18800099690753
1752,0.0,344.4111255260294,3.246202140389474e-07,18.88971181188677,341.8090339016869,89.30332258588894,12.594270419616072,2.397116044064474,58.63199702688318,277.22900136311847
1753,0.0,344.4703476114046,7.283283744529713e-07,19.121377231171937,343.6754562091752,90.99046447147384,12.53982033339792,2.4106933649875284,59.02634940020826,277.26300048828125
1754,0.0,344.43622157954724,5.062355830131417e-07,19.50906106501577,349.8156252006437,92.70948028581832,12.636836783079731,2.462065253289928,60.269945173845855,277.3040033976237
1755,0.0,344.35084894118893,-6.982521971459817e-08,19.50045493331169,348.144667955229,94.46097219957755,12.76599124957002,2.442355143653155,59.82493372469855,277.3510030110677
1756,0.0,344.36930339283714,4.520479460097527e-08,19.46253659981589,343.32315167584505,96.2455537597732,12.416162607577876,2.4191843248007623,58.94682931223554,277.38899993896484
1757,0.0,344.35954564500923,-2.1381646180550356e-08,20.02354066414417,355.9418922631908,98.06385010471888,13.133151801932229,2.507464693488836,61.263692996283645,277.4419987996419
1758,0.0,344.37087206271315,5.360748429956474e-08,19.93400532918585,351.839749049401,99.9164981830059,12.979345326040072,2.4797438257676383,60.43461244378834,277.48900095621747
1759,0.0,344.3874074576835,1.6569914032557293e-07,20.14146621388408,351.50776272566816,101.804146976626,12.752546091231231,2.473528034680374,60.44526305257086,277.5399983723958
1760,0.0,344.3606556722625,-1.2460972513787088e-08,20.416797144500503,354.41828530815224,103.7274577283096,12.712696040697043,2.4977451961387147,61.0517247888764,277.6050033569336
1761,0.0,344.2445779280438,-7.961734249846358e-07,20.45599016898809,354.70796791995804,105.68710417315891,12.96678586324592,2.509181763168119,60.98422720066375,277.6639989217122
1762,0.0,344.3349935890237,-2.0008100758594198e-07,20.45168738197681,349.24969722773284,107.68377277465716,12.499789281767244,2.466504132620002,60.0270893345371,277.7320022583008
1763,1.8880658180558742e-06,344.33811560811864,-1.735334989060926e-07,20.54517933681397,350.0593349220327,109.7181629651364,12.632954728484629,2.4809921662006778,60.127066272688566,277.7959976196289
1764,1.556607236882099e-05,344.3689516641839,3.607561019034227e-08,20.26091721016315,342.04461065627544,111.79098739078844,12.576637250641312,2.4218679309291047,58.43835716681741,277.8590037027995
1765,3.216390716421616e-05,344.420912934943,3.897258190565605e-07,20.91915499807752,352.9327257663859,113.90297216130466,12.73808005514036,2.4975540657053723,60.62945785948892,277.9129994710286
1766,3.8479955685754934e-05,344.3444397422992,-1.1861537843352074e-07,20.853591900632743,349.3806450006132,116.05485710423191,12.760079050306397,2.484408321807168,59.85878462626717,277.95800018310547
1767,4.120294710262103e-05,344.33200891044385,-2.082835233706759e-07,20.999179455660748,349.61609899642303,118.24739602413388,12.745703960584418,2.482742877953473,59.89102690050866,278.0169982910156
1768,4.362080581410591e-05,344.3480965086941,-1.0305488598437876e-07,21.659452113517297,362.65368482709385,120.48135696664856,13.266403234135954,2.585377496021171,62.365825552982606,278.07799530029297
1769,4.601851196139021e-05,344.25672970650754,-7.175073885796745e-07,21.496335350339965,355.02541845168975,122.75752248753436,12.857850792574183,2.542757581499459,60.95040360500106,278.135004679362
1770,4.845530624147954e-05,344.3023118759867,-4.1983888863571953e-07,21.63439757224449,355.3605475565106,125.07668992679912,12.898918215849813,2.551004694202496,60.96602720867275,278.1939977010091
1771,5.085406344763853e-05,344.2391549918792,-8.43150807813171e-07,21.42892110132936,347.8619882938519,127.43967168800816,12.62324271414712,2.4564243021424623,59.42424032933085,278.2700017293294
1772,5.329839078987125e-05,344.28579547830714,-5.351154489921091e-07,21.39461571539237,344.613473832749,129.8472955228687,12.524007465440606,2.4318788124626445,58.72495294608385,278.33399963378906
1773,5.5737871791844334e-05,344.34149565717416,-1.570382119684542e-07,21.59523139318095,345.7768090889352,132.3004048211914,12.46738959491484,2.4375705286194296,58.916568849809806,278.41199493408203
1774,5.8143202113613994e-05,344.311053147497,-3.553073548325338e-07,22.25970772945681,358.1035850352457,134.79985890632915,12.783902569664896,2.5289119722989657,61.31335787055999,278.49099985758465
1775,6.052060042549825e-05,344.19502861342977,-1.1376037753833025e-06,22.200963290559795,355.04717285558434,137.34653333619792,12.869291157860507,2.497313042888125,60.54083046418634,278.58600362141925
1776,6.29804342727266e-05,344.22292867007457,-9.62168111971269e-07,22.141942125209106,348.8985525123486,139.9413202099844,12.407416689395562,2.4666720786648364,59.38114479685163,278.68299865722656
1777,6.53902037233393e-05,344.19938485591933,-1.1215425709879776e-06,22.568710059808843,357.54536101292035,142.58512848064805,12.934583487331036,2.521353634336916,60.89349007083899,278.7739969889323
1778,6.783764836903914e-05,344.22491132829657,-9.523658214326659e-07,22.856080929571224,362.7554134630877,145.27888427332695,13.207516945052584,2.560565943809508,61.78348694597739,278.86599985758465
1779,7.02529529868436e-05,344.21289250542327,-1.0314595398657325e-06,22.820635694370733,355.9261715181252,148.0235312097591,12.696989996519427,2.5037124487048943,60.500814881249,278.9590021769206
1780,7.266877053562417e-05,344.1899768764433,-1.186413383927386e-06,23.24616665378551,361.61404216072185,150.820030738833,12.7150642102733,2.545624084919035,61.61859566014493,279.0540033976237
1781,7.501217787350634e-05,344.0621030423504,-2.049994513382691e-06,23.249655483903965,360.0900538628948,153.66936247338256,12.877900016737586,2.5510926411828296,61.19330647262292,279.14499918619794
1782,7.754598621387028e-05,344.1561910359121,-1.4305640077357613e-06,23.34175811891444,356.04655462228243,156.57252453334536,12.46113467516462,2.5181732450692373,60.48572145305894,279.2430013020833
1783,7.995155170167437e-05,344.1581220782615,-1.4120119756547894e-06,23.379916787266467,354.28692425367274,159.53053389540378,12.444383333723518,2.5134612747885146,60.10171272373322,279.3399988810221
1784,8.240594197476147e-05,344.1893197591495,-1.2001155335849475e-06,23.29404230240209,350.5694962640399,162.54442674923126,12.597517209391116,2.4783164405613816,59.21225989324307,279.4340006510417
1785,8.485902461670991e-05,344.2281030626237,-9.351779815423201e-07,23.80210553725873,356.805125351722,165.61525886046954,12.552481929134778,2.5291906045378845,60.494479362546464,279.53200276692706
1786,8.722376673669401e-05,344.17306768395935,-1.300578794301337e-06,23.831994998220747,354.20587729579694,168.7441059405628,12.567811101205406,2.5238744052770934,59.91468240707549,279.6290003458659
1787,8.965113203116024e-05,344.15256259230273,-1.4427344603785075e-06,24.17652817967206,358.7933682521366,171.9320640235792,12.760916940517928,2.558671151927712,60.75335707654267,279.72900136311847
1788,9.209971516507218e-05,344.1642141996657,-1.3676695391941097e-06,24.855928924260272,371.3570923496072,175.18024985015091,13.26480759400037,2.648030358272221,63.12433046674855,279.83099873860675
1789,9.442010689514334e-05,344.0639710189496,-2.0424646697304634e-06,24.717072836600927,363.4416445787676,178.48980125866842,12.846261379798044,2.597817353803489,61.63229237950748,279.93299865722656
1790,9.694182811508342e-05,344.11179193430667,-1.7308314722268653e-06,24.94220857378337,364.880216392627,181.86187758386453,12.93202741114948,2.6055361625440803,61.84599180813865,280.03700256347656
1791,9.927890959514964e-05,344.0455055722232,-2.175273489098275e-06,24.77843216733121,356.6583861664455,185.2976600629292,12.639418553071096,2.5655352132834346,60.21873920423577,280.14099884033203
1792,0.00010180016088414845,344.0987399861907,-1.8231904976953506e-06,24.818892944319888,354.25153761087523,188.7983522492964,12.652724960740573,2.555885905296148,59.70568574139235,280.2409973144531
1793,0.00010429826632667039,344.17329253656635,-1.317602640515674e-06,25.03153140920904,353.37230933667234,192.36518043424823,12.47524671461044,2.5493745985836123,59.58493949599902,280.33199818929035
1794,0.00010666383399281271,344.1505960401469,-1.4615753967386403e-06,25.76753777758947,365.721914030605,195.99939407648515,12.816348771677823,2.642660372712238,62.03822453198564,280.41500091552734
1795,0.00010895750944450654,344.0398238446726,-2.207082332939708e-06,25.77334281488129,362.19212268926736,199.70226623981,12.872587872512922,2.6101635634209632,61.24273214189555,280.4919967651367
1796,0.00011148349387475021,344.0713639650837,-2.006133991507495e-06,25.74058406529963,354.4783029356138,203.4750940390821,12.315862419925484,2.568822151347849,59.864242428463136,280.5549952189128
1797,0.00011387485732394137,344.05359223845915,-2.125975344329422e-06,26.23006225836581,363.54823719908,207.3191990945968,12.944413187522116,2.640239462115646,61.4713769474247,280.6230010986328
1798,0.00011636467983393559,344.08874836343233,-1.8911852391882384e-06,26.546440122432795,367.6501027985187,211.2359279950473,13.189856964098109,2.684800165763159,62.19763902639178,280.682004292806
1799,0.0001182562477597572,344.07963961080566,-1.9494022113776416e-06,26.706488169365446,363.4860469038741,215.22665276923576,12.753675747091163,2.661313715429832,61.49623019706863,280.7529983520508
1800,0.00012159715885131269,344.03366006941945,-2.259006267789745e-06,27.056343077702923,365.8466368441075,219.2927713666932,12.703711090289811,2.6985937954486108,62.00320914073126,280.83399709065753
1801,0.00012343642946258514,343.9392661046784,-2.8993694209126638e-06,27.12488718150826,364.9170683864809,223.43570814738132,12.881578210075109,2.688431218390064,61.665647788634544,280.9189987182617
1802,0.00012608510862225947,344.0399333275411,-2.2328027251418357e-06,27.33978431554748,362.9627075069397,227.65691438064584,12.530332506560097,2.727330113471008,61.32615659022455,280.9939956665039
1803,0.00012844295957597628,344.0310492807587,-2.2855791687801207e-06,27.32049985424776,358.65077997506035,231.9578687535943,12.394980154563765,2.67587199588858,60.404341817460505,281.07299550374347
1804,0.00013093912049181675,344.0682165969896,-2.034090334062843e-06,27.46474997353236,359.52869597563125,236.340077889081,12.71613281455242,2.6917820167323114,60.36470274902327,281.15699768066406
1805,0.00013336866811476357,344.08308483117617,-1.9297659831638374e-06,27.95079819780367,364.30370432998336,240.8050768734757,12.62431267799198,2.7297852284332054,61.31991145746931,281.23399607340497
1806,0.00013569513718741965,344.03212826398703,-2.2700276615592782e-06,28.13437244680133,364.3432293357412,245.35442979440427,12.734325994930348,2.7363256272318086,61.22344968188294,281.32200113932294
1807,0.0001380950785449476,343.9982430498625,-2.502610819376687e-06,28.45865602722048,367.234932813752,249.98973028864765,12.831973358155818,2.7751216953268134,61.706469136452746,281.40900166829425
1808,0.00014058284554258364,344.01692130083245,-2.3817073509043506e-06,29.185241168144344,380.03527200344246,254.71260210039253,13.369384811449004,2.846709201622861,64.08195973155631,281.4959996541341
1809,0.00014281428739817354,343.9181694268367,-3.046126320715499e-06,29.128658126909023,372.8486855412818,259.5246996500284,12.94143865973299,2.8018920476325544,62.71002212876877,281.56599680582684
1810,0.0001453863520372517,343.9540981381731,-2.8143286179692046e-06,29.42453241885191,374.7180119050739,264.4277086136904,13.012132843244911,2.82398353235988,62.97351665449524,281.6480026245117
1811,0.00014762611427609695,343.868458996339,-3.390247212492454e-06,29.40578755819684,369.2694863079116,269.4233465137509,12.871402399513393,2.803000630901314,61.82960599561912,281.71799723307294
1812,0.0001502155494383283,343.913791092942,-3.0937338642905816e-06,29.420298496849927,364.5806874718721,274.51336332046753,12.730963817667092,2.785422830614805,60.85746996681422,281.7899983723958
1813,0.00015275331574538767,343.9806005472143,-2.6418441173095157e-06,29.7784760297943,365.91388742059627,279.69954206499654,12.626185638831178,2.7962887210753067,61.13613019851266,281.8580017089844
1814,0.0001550691785964633,343.9514434652167,-2.830559597528263e-06,30.547851858136703,377.9855416791419,284.9836994639884,12.963790027634335,2.8937253673868346,63.49192822884616,281.9310048421224
1815,0.00015733418733192777,343.8650577810326,-3.4129298180890413e-06,30.644339540877155,375.5806647955672,290.36768655598274,13.066021719780442,2.881174396667863,62.87157569872296,281.9919967651367
1816,0.00015983424532025326,343.8644875345543,-3.4260023808828896e-06,30.79985621905832,371.6298227687404,295.8533893498271,12.698183088806628,2.8945196297552065,62.14643251873565,282.0590006510417
1817,0.00016218936443312078,343.8283544035297,-3.672095946545949e-06,31.198395410103,376.4429441283954,301.4427294853444,13.076546506230793,2.9394259653777777,62.94153100870699,282.1270014444987
1818,0.00016473141556822967,343.8623813072178,-3.4475851661298366e-06,31.68760831940507,383.9142096017897,307.1376649064832,13.497278072979814,3.00197823341283,64.26768048931984,282.1999994913737
1819,0.000167084682442339,343.8402439216769,-3.594493476063713e-06,31.84544135012051,378.3325838344464,312.9401905471849,13.018464152385413,2.956182587777584,63.25758927353961,282.27200571695965
1820,0.00016941571714101618,343.78930756061345,-3.939128557155267e-06,32.333394668843965,382.4197482792824,318.852339030208,13.002182670483212,2.995581552829647,64.0766432984354,282.3460006713867
1821,0.00017166017376757563,343.69099013566927,-4.60687034254403e-06,32.52138863261211,382.8975341008877,324.8761813791553,13.235943672593384,3.0073087305857005,63.98744908758229,282.4150034586589
1822,0.00017441415589509483,343.7837095420357,-3.994530433566427e-06,32.73451051970765,378.6708004400731,331.01382774395324,12.715016778190462,2.99428323979268,63.22724653024458,282.4769999186198
1823,0.00017672855017224193,343.7682653880447,-4.092538378360583e-06,32.75571508609182,374.3931813157347,337.26742814003603,12.632634916836032,2.994537839050356,62.26076437261461,282.54000091552734
1824,0.00017928566935844915,343.8127707090173,-3.792685624773048e-06,33.05197869569693,377.040711415511,343.63917320149545,12.995663056691647,3.0211119809130493,62.56343379800663,282.6179962158203
1825,0.00018166470836219564,343.8101034156458,-3.8059739193488925e-06,33.52533881675272,380.31674976188685,350.1312949484597,12.872461229997604,3.071614761914363,63.18578955390959,282.6759999593099
1826,0.0001839763389301125,343.7653991540965,-4.10578371979256e-06,33.74810290483613,378.8222655140124,356.74606756896884,12.847946558125464,3.0591930934332394,62.815941509777446,282.6929982503255
1827,0.0001863580836288704,343.7313135674899,-4.339560488871696e-06,34.15505001036133,382.4773392117438,363.4858082156222,13.016080869656845,3.127305636807274,63.38999010724139,282.69299570719403
1828,0.00018883999786229277,343.7373017505977,-4.304073518057665e-06,34.99912851284667,395.9754324666183,370.3528778172763,13.520464298618515,3.2310008822057386,65.90535948629658,282.708002726237
1829,0.0001909818400952783,343.63285464979765,-5.00818519262323e-06,35.0164051294104,389.1746282041487,377.3496819060771,13.139440279288412,3.189500783985872,64.57289823663554,282.76099650065106
1830,0.00019362752960891283,343.66952386320804,-4.772379126562995e-06,35.40215533786149,392.1065328641397,384.4786714601173,13.264515054652378,3.406492166875057,64.94076179033591,282.8249994913737
1831,0.00019582692672985647,343.5978923651001,-5.254248987991724e-06,35.37418704933364,384.20125072452805,391.7423437620133,12.965550560574089,3.3168917025616285,63.33682174076503,282.8909962972005
1832,0.0001984537142515927,343.63744742918084,-4.9952182579502106e-06,35.562723492003244,382.363398002473,399.1432432737022,12.961496084798576,3.316047923811443,62.87089656141417,282.9219970703125
1833,0.00020100945796933543,343.69314682692095,-4.618286818437341e-06,35.98083111069253,383.4537927943128,406.6839625277659,12.827355939976549,3.342535309207534,63.06958370159948,282.96599833170575
1834,0.0002027951554234593,343.6673055401396,-4.785918049852765e-06,36.76106096531176,394.1429023376304,414.36714303559467,13.102359030322225,3.4371764833811347,65.10499264081507,283.0279998779297
1835,0.00020592407075169564,343.5657693989443,-5.470293741234276e-06,36.88278972577237,390.5551391819573,422.1954762127074,13.133551767620194,3.43109153314582,64.23544316564437,283.08599853515625
1836,0.0002080236976386486,343.57305781636717,-5.432010543334543e-06,37.24729235142932,389.978664389183,430.1717043215536,12.867133430325904,3.5606120619485004,64.08016333132153,283.1489995320638
1837,0.00021030339728224522,343.52382955030635,-5.765937158120443e-06,37.69980677552597,394.75650376781886,438.2986214321273,13.270384331682742,3.5905748734495657,64.82242714481194,283.19800059000653
1838,0.00021290788548761818,343.55901377849005,-5.5349451172359125e-06,38.242109615281024,401.2961870125921,446.5790744007285,13.605264977591048,3.6773493839788993,65.94724656685626,283.2530034383138
1839,0.0002152289903021951,343.53541334972584,-5.6919344789941435e-06,38.51117555601762,396.9116368644367,455.0159638672159,13.18858094627157,3.6804199625611256,65.11131218043978,283.3109995524089
1840,0.00021752789472280883,343.484440331363,-6.037030578631372e-06,38.88776194382017,395.88091618643386,463.6122452711005,12.8895445368548,3.7424452069524783,64.92298176034035,283.38200124104816
1841,0.00021973237916326778,343.39335571902234,-6.656179454690718e-06,39.38162316774325,402.3727418168372,472.3709298868343,13.43207834144722,3.826558744119807,65.9454451837981,283.46699778238934
1842,0.00022252136747389557,343.46467201973485,-6.187222466574318e-06,39.618728876147166,396.9951221368095,481.2950858786597,12.928627400551376,3.856907997872313,64.92167359416241,283.5279998779297
1843,0.0002243808185023074,343.4682884558315,-6.158841026245979e-06,39.6532638222405,389.73678087183737,490.3878393753855,12.63268139047172,3.8533093925905946,63.424060913522,283.56600189208984
1844,0.00022792915719601074,343.5113314856342,-5.8674435698245475e-06,40.04426499219912,392.7074417140548,499.65237556546936,13.024345477938166,3.976687412934379,63.76245430030204,283.60899861653644
1845,0.00022982489774588496,343.5097440035968,-5.8732035047404296e-06,40.66967666700967,397.85005599568376,509.091939812788,12.999929821414131,4.15428124651865,64.68556723249593,283.7249959309896
1846,0.00023208926412146097,343.4632201373199,-6.185093665141103e-06,40.975199745155024,395.9082621735635,518.7098387934867,12.972553554670752,4.138125135238822,64.24405152639606,283.8470001220703
1847,0.00023445325660949968,343.4279892746236,-6.426742685792856e-06,41.61647167525484,402.9851574748714,528.5094416543077,13.271530276425436,4.301750207921762,65.44362075203811,283.9359995524089
1848,0.00023692166572085007,343.42522127869233,-6.45038951913088e-06,42.449470629613735,413.5582929452125,538.4941811928003,13.6475822359264,4.401966128843545,67.39824375327751,284.0679982503255
1849,0.00025575897590354577,343.3270524737156,-7.113151618558433e-06,42.63396460567202,408.9399341234632,548.667555059829,13.424114595690698,4.442860300051104,66.42707154065786,284.20699818929035
1850,0.00038143335892218644,343.36681915843917,-6.856138254531669e-06,43.142363653343445,411.4628743194825,559.0331269848,13.456576847229837,4.544463775546904,66.78304875030415,284.3169987996419
1851,0.0005153791880776565,343.6668763277338,-4.834983425514066e-06,43.15191370777477,402.2448152541545,571.5715188356,13.172439920844475,4.5065997179040895,64.9500465918497,284.4510040283203
1852,0.0005544457589538752,343.839214582356,-3.6432157991450166e-06,43.34412933408961,397.4985199915501,585.1317127862999,13.001819323507366,4.548173376622195,63.95789986488204,284.59800211588544
1853,0.000577193943086545,343.9364804276586,-2.960970288859134e-06,43.88435962687079,400.3388041437756,597.206708427,13.034253236711525,4.645593816185576,64.44555417814735,284.7309977213542
1854,0.0005997520786902021,343.93565758256153,-2.948137664770368e-06,44.80907906406347,413.399131509534,609.7889384575999,13.421990057867442,5.062418700342138,66.79469521937582,284.8459981282552
1855,0.0006224310090080379,343.8198415436211,-3.722468043358447e-06,44.9570538963326,408.11045388038974,620.8449041582,13.373651283699798,5.055876658386677,65.65156397841133,284.9409993489583
1856,0.0006456304382178987,343.8530064805607,-3.5094916746730923e-06,45.32147323346321,404.8549167301799,630.3639650386999,12.946146656322552,5.188552235176194,65.04253470413643,285.04899342854816
1857,0.0006700941310213846,343.8094250788667,-3.802623953981621e-06,46.01300693840024,414.6731918454804,640.2819202991,13.660998095817272,5.285746479984215,66.72779876959439,285.2039998372396
1858,0.0006938407155112795,343.8475207898722,-3.550541976283134e-06,46.54057728835799,419.0140236088295,648.1239126195001,13.9294510182842,5.3613428075002,67.47060376347301,285.3690007527669
1859,0.0007180440705945497,343.8349509950133,-3.632567965909216e-06,46.94962615479032,416.2997484931252,655.1625586096999,13.531486507079054,5.522088205892609,66.95694733909333,285.5449956258138
1860,0.0007424199184412631,343.76803559084044,-4.083611630568826e-06,47.37614022716783,416.0639965860974,661.0624675498999,13.338568923855494,5.787726354552483,66.84953492841794,285.73899332682294
1861,0.0012728541823840214,343.68934422745934,-4.6205417886155715e-06,48.23468669993056,417.2441372168871,665.15888078,13.667803666757012,5.933301365192519,66.88575551122409,285.9330012003581
1862,0.0013335757250384783,343.79231151264946,-3.937598485985683e-06,49.13056211810905,414.16280656087633,669.2572620000001,13.27771597474367,5.943503850094243,66.35896016165403,286.1000010172526
1863,0.000888283194873505,343.8006212802107,-3.874086943759217e-06,49.710222528728,408.1224194075052,673.1290102099999,13.044741272187805,6.119347249550137,65.00963540040021,286.271001180013
1864,0.0009144776621597968,343.84753066618975,-3.555087738057458e-06,50.66032472624755,411.3310642864957,677.1849363201,13.42555248261248,6.376488796870201,65.39906664161046,286.44200134277344
1865,0.0009407790029823068,343.8468253665294,-3.553991064604413e-06,51.98007509857536,420.4890049801762,680.9942922301,13.656138439945162,6.64379561561145,67.10347351160692,286.6139958699544
1866,0.0014730760507848818,343.8107207754483,-3.795408537254698e-06,52.74699292831513,417.1011849314015,684.6173553401001,13.57734060635964,6.765960834568206,66.37528156013664,286.78099822998047
1867,0.001535043849145944,343.7840824980631,-3.978016682167117e-06,53.9410217812425,424.2969752987472,688.4915933501001,13.897618510058097,7.119763794229744,67.66026448741948,286.9550018310547
1868,0.0010913716171359702,343.7929517016743,-3.92205625415751e-06,55.287673564162375,434.930228259825,693.5563405601999,14.331588558352989,7.325189710974375,69.64729381366908,287.10500081380206
1869,0.001119921239827733,343.69895398343914,-4.5551521709811385e-06,55.83359728305401,426.4036167290826,697.4433647801999,13.94409189653389,7.571114078764871,67.9294955911712,287.2249984741211
1870,0.0016540266022637723,343.7642854912684,-4.125058322613306e-06,56.9965923070036,433.2287624497814,701.7352482102999,14.20074407011024,7.762947987099056,69.12187693609928,287.3549982706706
1871,0.00171734270750248,343.6931795838088,-4.599999710187553e-06,57.57401422057298,425.1606513202936,713.8267220509999,14.02316495520306,8.019553553652756,67.42862357960736,287.4940007527669
1872,0.0012762703462788876,343.7589068105069,-4.163691130830424e-06,58.18710545429253,417.7442733570141,739.7925122527,13.725273260938083,8.48727315533725,65.84553711122807,287.66399637858075
1873,0.0018119891631101762,343.8340495427833,-3.6528290862367837e-06,59.62016165313301,429.2802890411377,775.9784934352001,14.156463683462135,8.932963275339493,67.99437045089431,287.8600006103516
1874,0.001876877209389237,343.8117622862968,-3.7936070646055093e-06,60.88850035180588,435.8041800080444,819.7215684281998,14.352255685607926,8.75070146459621,69.34908007240699,288.0609995524089
1875,0.001941944975258384,343.68770648881707,-4.628352302754736e-06,61.44717029579096,426.893495453106,867.5279967715999,14.16158404148277,9.09083843679748,67.4820885998621,288.29100290934247
1876,0.002008643050751384,343.76292099960483,-4.1346634440751584e-06,62.60294810766919,429.4805477313967,915.7927965251,14.037110848208748,9.26618957848136,68.07266489194261,288.5199966430664
1877,0.00207491935815711,343.7139818062285,-4.4602557446212214e-06,63.64524258623489,434.0603459961696,961.8957032583,14.496477320282102,9.510372735561647,68.7783807279057,288.7520014444987
1878,0.0021424084116373966,343.76425852289276,-4.125605870222573e-06,64.71120382869425,437.9599497693981,1001.9468371312,14.790857471244523,9.59766004197736,69.46979574102357,288.9930013020833
1879,0.002210046136468326,343.77128813756383,-4.074209865747338e-06,65.90279841258594,440.8517590737373,1035.2681933234005,14.607011947076726,10.093523219758184,70.08572001647862,289.2210006713867
1880,0.002277744299037302,343.66346732020673,-4.798230311594913e-06,66.66498430210106,437.365727538686,1057.0300940048005,14.40860199170044,10.936322336520524,69.18788119083449,289.4699986775716
1881,0.002346096295959797,343.6332942966741,-5.01200608558129e-06,67.70670094788971,440.9737248225101,1069.3775926056,14.885095684041412,11.293506730684229,69.70896888997471,289.7369969685872
1882,0.002922740514663648,343.7411581447259,-4.2921022403290634e-06,68.57787523920716,436.0786301154982,1082.9192388862002,14.484440945619417,11.738848201266975,68.75016748711803,290.0190022786458
1883,0.0030270361940327646,343.7711047014535,-4.0811752427081074e-06,69.18597910133236,428.2212034304951,1093.3152895568,14.270504913420991,12.254384026795949,67.06254475755776,290.26300048828125
1884,0.002627128239497207,343.8583556942222,-3.48777396146102e-06,70.48060514662333,436.5183491794865,1102.4560381272,14.80607458863925,12.467245528478312,68.59402326244992,290.5119984944661
1885,0.0026979273427350865,343.82711057152255,-3.687322204913055e-06,71.60546241341835,438.1415385380004,1112.1977865776,14.757077388144165,12.570266226675043,68.94977818435397,290.7969970703125
1886,0.0032753961660135452,343.8238728988865,-3.709097711574262e-06,72.58254388217381,437.7333268549245,1119.6480017279998,14.8946765949723,12.686263225278177,68.86926284379062,291.0999959309896
1887,0.0033826011767777837,343.81722048978105,-3.754188048737738e-06,73.77743063310328,443.1077381376516,1128.4210779784,15.17142122940599,13.190955216647929,69.79403942185417,291.4139989217122
1888,0.003490657757211443,343.8481390676197,-3.5467975158182203e-06,75.11035553057255,452.5023079705392,1137.8598364388995,15.575101840595128,14.34215496072484,71.4272374400245,291.76300048828125
1889,0.003598732926247935,343.77254929008143,-4.052779356853971e-06,75.9296001940716,448.6908696327024,1148.1349188993004,15.52671145957987,14.33482126267808,70.65718771639492,292.1130015055339
1890,0.003708992959045797,343.8582611392467,-3.482635129138833e-06,77.07862319106741,453.89903232867,1187.2523611699,15.791948531981674,15.43278649207452,71.47659716602703,292.45799763997394
1891,0.003822287364415829,343.81806325851755,-3.7465162928979158e-06,77.68229292407419,444.382731801162,1205.0604078505005,15.579730291609284,16.026797541235865,69.53172190504567,292.8159993489583
1892,0.003938611577702704,343.90884011862613,-3.1374495975695425e-06,78.54558088981553,439.8086590465999,1222.7773400311,15.42330661793472,16.30684661199453,68.66391958974123,293.16699981689453
1893,0.004054535373309105,343.9803198641197,-2.647381333072541e-06,79.81501328862245,443.3506557921903,1240.7784830117,15.487544397540828,16.215991510549767,69.48705801909811,293.4769999186198
1894,0.004677444698377645,343.97581385442186,-2.6676622174196544e-06,81.38345626276687,456.69603250902094,1260.0639709922998,16.058103476502154,16.796573244078445,71.90804380664727,293.7909978230794
1895,0.004830184295275186,343.85329462119034,-3.4899950254855948e-06,82.23116014335764,453.5518850499526,1277.162714483,16.157372163559618,17.66577430948931,71.15178658195539,294.0789972941081
1896,0.004479637494044966,343.9052846578536,-3.1518694801371165e-06,83.00005426186281,444.0944277814877,1294.7834371737,15.549146160517685,18.15088035932663,69.42267705803128,294.3649978637696
1897,0.0051062554879620385,343.92153274692816,-3.0406686283132883e-06,84.39253635318506,456.4122054736632,1311.3342798643996,16.510755580021115,19.01112916061584,71.54673250412924,294.6459986368816
1898,0.005263662451057917,343.99947895749006,-2.5136194109124597e-06,85.36127162189973,456.6037673563168,1326.5243872753,16.74484506455168,19.98900756541145,71.45665951589594,294.9539998372396
1899,0.005422118653008338,344.0689585343425,-2.0370414032509904e-06,86.70543386559314,462.1035993919434,1341.4157593860998,16.734826622895593,21.642463314519087,72.46072255843502,295.2999979654948
1900,0.0056188346938727506,343.9952133285468,-2.5237239032003395e-06,87.61328845020651,459.5444668504325,1356.1629601771,16.71573998916366,22.66210070818357,71.90656631461616,295.6749954223633
1901,0.019141559885760967,343.99263824730576,-2.5457614334441697e-06,88.39116711070807,457.6168305058551,1369.1033723782,17.086816972944238,23.51382736732285,71.63263161162581,296.0069986979167
1902,0.03627691111792592,344.1317115901219,-1.6110509094130751e-06,89.26282464192792,455.0261768246298,1384.5154813794998,17.013058292877986,24.163401119203183,71.24149846316587,296.3249994913737
1903,0.04165261993589013,344.1942881638255,-1.1757770654054426e-06,89.89074056747505,449.9625304110428,1399.3553779808997,17.047268493429016,26.04768030432168,70.25376393283156,296.6539967854817
1904,0.04902197448470443,344.3292666498879,-2.562476775647802e-07,91.35674942842638,462.6217650299278,1415.5977556825003,17.737432960200962,26.50752099131453,72.88437625246438,296.95399475097656
1905,0.0632206256411242,344.3315914466351,-2.233922178354743e-07,92.4013243220992,467.44012883738543,1432.5630821842,18.2980148739324,28.1580284765171,73.70973521692333,297.28899637858075
1906,0.08462828954323853,344.35636003062166,-5.116381443725912e-08,93.2499831638467,466.4356478967891,1449.9517987859,18.41936116273716,29.48689883596641,73.46173851221981,297.6619974772136
1907,0.11130322751701996,344.40717131885776,2.9512234184489713e-07,94.5608019449233,480.3174563577665,1466.7515752876002,19.46355752125633,32.47930467684103,76.00444514305916,298.0979944864909
1908,0.11095907322584007,344.5217905862785,1.078627821119321e-06,95.71237193404863,482.5826340091374,1483.1246563894,19.626144340779305,31.1328570372851,76.85623799627187,298.5179901123047
1909,0.13822069562626346,344.50327004831104,9.914994400143956e-07,96.46669460330284,480.6894687863213,1499.1008974911,19.84444900904337,32.691010925715105,76.44087709943787,298.93599192301434
1910,0.22081814596801635,344.65927068151314,6.081840349448493e-06,97.77187102780432,491.4713622185322,1515.9448328926997,20.447254063280084,34.19279814080697,78.48124342715315,299.37699635823566
1911,0.26181989396572514,344.7176303035861,1.188078769007321e-05,98.4293811567004,482.3736483687901,1533.7058148942,20.38225950415204,34.43465077956312,76.73370568501319,299.82899220784503
1912,0.30081491445785885,344.8925234561225,1.56700295342496e-05,99.26614632335712,477.9889214580395,1559.2342549957998,20.42827701388777,35.92235270992954,75.8316081908469,300.3529917399089
1913,0.3601460112273101,345.11653221450536,2.3981505410066723e-05,100.61255837319116,488.2676034939648,1589.1170288973,21.198232288606768,38.08608969798272,77.57996159883326,300.9099934895833
1914,0.39593107850984377,345.4187744166864,4.052599011375922e-05,102.28405865111168,494.4978826289548,1621.6230606987997,21.34701391680138,35.13405679461169,79.77807342879137,301.4189910888672
1915,0.4434340023406934,345.6604162703552,6.59149132079441e-05,103.0579197466507,484.247684884698,1656.9581757,21.293131630168947,35.09148717862071,78.35040062356745,301.9369888305664
1916,0.5596672324446405,346.2807119619703,0.00010207216380958311,104.0889435206624,482.95426600786,1693.364384602,21.68369609875326,38.07157452770289,78.27985154770643,302.48498789469403
1917,0.6901960713303572,346.83582036241927,0.00013566459650238017,105.4397414501963,492.9600447524987,1728.658904703,23.0041909467954,39.75198229077258,80.4548180697849,303.01098887125653
1918,0.755885588667644,347.4157352228195,0.00016393456401269198,106.74593160054404,496.242073076373,1761.607494605,23.380211688926337,39.42498449874762,81.61294813978053,303.44898732503253
1919,0.7665492186831563,347.76350367339046,0.00018506817905073389,108.0951070437788,490.9794171167238,1791.4698467070002,22.75197625507395,33.93663047851452,81.67724386438958,303.8139877319336
1920,0.7871618616246476,347.8773008302927,0.00019834715954762156,109.13363853305732,498.87459987539705,1818.808185808,24.03917530124086,37.54682245999263,82.96992111207,304.24598693847656
1921,0.6769909977704313,348.2595050033957,0.0002179731827906297,109.80934796264432,486.6136241874396,1843.60698111,23.474672096704147,32.04941278054283,81.18725519244387,304.59998830159503
1922,0.6231693227462856,348.79842576577073,0.00025162506426284955,110.48581040150992,484.8273418444006,1867.742388511,23.819843633161792,33.84898546620051,80.53069430512947,304.9449818929036
1923,0.8633562369663331,349.44894328309056,0.0002920127900865773,112.25356413194692,514.2343951443905,1893.417387913,26.32202242788179,39.38589958706581,86.27583424473677,305.27098337809247
1924,1.0821138055467905,350.2174356093781,0.00033626697998234326,112.63350596587964,499.0974143950571,1920.280892515,25.587789988457967,38.982972280573016,83.21123114220697,305.62998453776044
1925,1.1753106211561941,351.0006983178656,0.0003899626565166403,113.6704269189651,502.6957687586778,1944.746823117,26.22160478298548,39.41628780998716,84.06174423454924,305.81298065185547
1926,1.2627157609018538,351.78590443989924,0.00044146607523373196,114.54563027246536,499.041820374083,1968.032742418,26.46434217472057,39.55611645919673,84.16877083488303,305.9539845784505
1927,1.3984152818291369,352.5878957700038,0.0004925274331842106,115.74747998347532,515.0910883833536,1990.26940782,27.91811904950004,42.21370855415179,86.52753524964037,306.17698669433594
1928,1.5932468955586223,353.54941206597994,0.0005633181785284845,116.7958666079441,515.8400889336957,2010.725377121,28.145575293203123,42.06447172030944,87.11586336850812,306.3289794921875
1929,1.802703491243919,354.57031218775836,0.0006501933319561531,118.0199977157874,527.0535755087527,2028.074719023,29.21456635771085,44.73465018561838,89.37670246877072,306.49498748779297
1930,1.8193798821192735,355.7291126520972,0.0007511351192429716,119.67017881003574,535.0349028180784,2043.0677807240008,29.041433054838983,41.51990606932174,91.59573862667057,306.6199773152669
1931,1.6632266919370076,357.05974396290935,0.0008616867510208255,119.90750782308882,504.89813450435264,2053.983826126,26.95423625858755,36.63913266166543,86.48531866506026,306.82198333740234
1932,1.4670619469560042,358.99875849045645,0.0009784562463440378,121.42198728704908,510.1823315036154,2064.648995327,26.74457594512289,32.251895421366335,87.9072537284969,307.09297943115234
1933,1.3738421965604952,361.21453669636105,0.001107394967624439,122.34376589659304,508.1160120584264,2073.5596315279995,26.61269602790784,33.93713756563494,87.73926442282286,307.40198008219403
1934,1.4864816625730244,363.72932819283295,0.0012606301268080792,123.95329985100088,528.0331660089164,2083.434566629,28.25939192143621,37.30163266035201,91.49703968423375,307.7849833170573
1935,1.7896516313335056,367.0290123438681,0.0014563586206438744,124.8946043872966,529.4409406291938,2093.473151729,28.836652455946016,40.09333853070194,91.90214074154562,308.2269795735677
1936,2.2118341715749157,370.7507281627537,0.0016851883171560321,126.46470475438792,550.0398548533171,2103.27340593,30.75030733480719,43.12786142043625,95.83484543323485,309.01197306315106
1937,2.6650713101946515,374.7704869614297,0.0019225734610724813,127.18233706750796,550.6109419060176,2115.583882032,31.4518479578782,46.39105112796913,95.84567433043011,309.7639745076497
1938,3.0848451847280196,378.7424558161889,0.0021641472000166325,127.90539303616418,535.4268484555511,2129.097792433,30.00000650910028,43.01883965710126,93.2370606174549,310.2939758300781
1939,3.5319236302869395,382.755635542081,0.0024281879339903205,129.50135676592018,554.5379171230255,2147.484085035,31.64022958212725,45.9488545379652,97.34535423251212,310.8509750366211
1940,3.8987231727838765,387.48419695833115,0.002738442845675165,130.13499426241637,550.4654056455058,2167.531924737,32.71883330406874,50.23977106039386,96.49612886832482,311.35697682698566
1941,4.468960409890045,393.49476248696385,0.0031205466253962848,132.2180939399341,552.9500650768001,2242.1203195410003,33.48198015439874,52.14654754131045,97.09407345232208,311.8109741210937
1942,5.5260309757759964,400.4651216085688,0.0035840166003112575,134.70602408126945,560.1841861089208,2403.5636976499995,33.980486342872055,53.32090163909221,98.65719695401302,312.17197672526044
1943,6.941954958495258,408.6874555185933,0.0041308855837529,136.62968688428126,561.0185502959332,2636.053052463,34.96119084124996,54.13624125624317,99.4863464447604,312.3899790445964
1944,7.141584314478596,416.71575469446725,0.0047110656446727826,138.93105622391963,569.4275578497453,2912.496904077,36.03881655583992,53.073505040535714,102.00830515112276,312.41297149658203
1945,5.294745783898361,423.5040802408238,0.005398898061292975,141.02296395690516,562.3881403027648,3215.8730337940005,35.50969960167764,46.7569020311827,102.38686289278726,312.38497670491535
1946,4.216100289926143,430.01689480063203,0.006223498111994036,142.70640224525258,555.2899629515077,3522.872150911,35.50602086858594,46.202503687994174,102.65818348678006,312.38997141520184
1947,4.78460261448562,437.0341604834248,0.007099167629877285,144.7944964951042,563.4037753734774,3815.763524827,37.73867603450445,51.876230112361256,104.1573676076626,312.48597208658856
1948,5.382329756580519,444.92858716840834,0.008024635413048542,147.27202945137043,586.5360800457117,4068.702450543,40.05786821748217,54.2400156975523,108.09641738801687,312.5209681193034
1949,5.558610769821168,452.99933689861325,0.008976219831812005,150.21571488778258,588.4410386834926,4264.104068156001,38.96806771197776,52.31608637500197,109.1544257771438,312.63197072347003
1950,5.796669813279552,460.65693892581936,0.00996300196692961,152.20100844625213,619.9439709148871,4378.4987146660005,43.133465347661485,58.20628819753501,113.85984719531824,312.8209762573242
1951,6.497206616196154,467.9689156248136,0.010973284812727899,155.27193516536855,593.1994505844021,4447.580050173,43.19932780037668,60.663231512792365,109.0909544187218,313.01397196451825
1952,7.216033537658696,474.9169934578271,0.01203835021842695,160.57335760480584,606.9563399935745,4514.631057479,44.29775813127395,61.4498930861673,112.61821090484104,313.3419774373372
1953,7.773539774596465,482.4566040963268,0.013242620353777148,165.68183230817434,623.9750547982311,4585.338771385,46.15027419486882,62.68709013819596,116.77653779023557,313.72996775309247
1954,8.305627149037726,491.1188339072843,0.01461510856170402,170.37100791893153,628.9096635314064,4658.918555989001,47.14223946545323,63.10483375289556,118.7896928573186,314.09496815999347
1955,8.732748213555535,500.2789584528489,0.016179904016568603,174.7404470567501,641.3267253315221,4738.573835594,50.45064783117852,69.00315621483612,122.54258151361353,314.4149703979492
1956,9.098241888717677,510.78155839319345,0.01796840953681732,180.671117460758,673.8062290292883,4819.784587299,53.89237305648906,74.12190737350447,129.82302004314178,314.6979675292969
1957,9.324989909198148,521.8436064272212,0.01993143753459189,186.0555677386444,695.9496130566932,4906.311841004001,56.5021551728775,77.62640658359288,135.59152056062854,314.9919611612956
1958,9.574622365144073,533.2910922733098,0.021999999082969925,188.38553994967657,661.285485841322,5002.815188009001,55.97930462125906,78.56142199356961,129.20858361180427,315.344965616862
1959,10.09971719150434,545.6799629139846,0.02425538707100089,192.68675731110372,665.4367222123257,5106.721646316,57.53015334391428,82.51022591859517,131.21049744121555,315.8069661458333
1960,10.901594210298827,559.2924572997395,0.026848796512598527,197.26110047577143,668.5656629833454,5222.367036224001,59.57552345381066,85.80760420569459,133.33681491027784,316.62496693929035
1961,11.800112930955947,574.3237854841514,0.02984568141434622,205.13834130452685,701.0053452576341,5570.292268933999,61.54958481798603,96.59080751826748,143.56526348207862,317.29896291097003
1962,12.782336868990113,589.9960802582965,0.03330582507989371,207.2122991826155,678.8492233714484,5779.894617848,63.50039853408268,98.59311393203902,140.1058920148071,318.0439631144206
1963,13.714789059017656,607.782634309239,0.03732560820653486,216.1922655897532,741.3196016175318,5976.276517865001,67.40220069384505,101.67847108515984,156.13095399196706,318.64996337890625
1964,14.509756351319037,626.1015228260378,0.0419176027551519,216.5561629558192,689.1114600087734,6199.344235183999,69.79921330180835,105.49869079223198,146.45477556142896,319.3329620361328
1965,15.395566158269618,646.9912875016819,0.04707829472527227,222.666415702745,709.3122962703268,6465.560236103001,72.53323808388623,107.9591805044858,153.40539119426893,319.81596120198566
1966,16.478926167550433,670.2440154897861,0.05283791361487175,226.3106958020585,710.941466458106,6773.507547123001,75.04521589509099,110.36645496630516,156.4949809106804,320.8799565633138
1967,18.06123501541722,696.3901862200338,0.05929226718718666,232.33314648826573,746.2098208746951,7041.513557943,79.47428379478379,109.35519326684204,164.77531621039864,321.4799575805664
1968,19.727390107647985,725.0820858086796,0.06651796546140706,235.33540266621625,740.4824182303034,7256.009223461,83.46364336032607,113.55959768195832,165.09570877308497,322.3889567057292
1969,21.229603712489684,756.8518636014909,0.0745404902696381,239.18485161256532,747.0297315350706,7435.615435577,85.61259582540912,116.75347887979434,169.68157132242786,323.25095621744794
1970,23.090875461400863,788.8998852690806,0.0832810260973534,244.4183955462925,781.037552297546,7406.667102285999,91.39020745252596,122.86787802343206,179.6859546683907,324.78295644124347
1971,25.289990428101504,824.6305718209587,0.09277261062474795,249.2895330837902,796.2029425301106,7327.060018163999,93.99546396102052,123.2413270963095,183.53555789915328,325.3999557495117
1972,27.56562672856689,865.1952307465156,0.10324040063811214,257.2102054265862,868.4735707547015,7746.900966143001,99.31304653589834,126.7324978756456,196.66552470793948,327.3489532470703
1973,30.06858708520184,910.7089412773469,0.11486046764825099,260.2947249743578,826.0293132269293,7935.570129016,102.61034748182163,132.4288265395,186.52593193281965,329.90895080566406
1974,33.0693818151466,960.2106618270808,0.12717650331167785,261.8082770537653,824.6214022160059,7909.792366794,102.07597772266304,130.53960340695352,183.6005250821906,330.7559534708659
1975,35.03863265268844,1008.4220534046465,0.13945053230765836,263.0585486452576,816.9194858581777,8180.647431373,101.05436634134072,128.16559132593756,177.51306730736252,330.8269551595052
1976,36.92881728778884,1058.3777064707988,0.15155273378825873,269.9482096580869,856.063491529847,8409.325612562,106.04776773719762,134.0976168733828,186.247427298102,331.5449498494466
1977,40.51529593041882,1112.6062088227802,0.163472171609345,274.0301524027072,868.4313096928761,8640.444044551,108.58561919463652,135.3432377512975,189.2255322560173,333.3529459635417
1978,46.879880224703705,1167.1139597774818,0.17481430983374552,276.33335446294114,897.405148357044,8837.869319450998,112.559632775152,135.83417396469358,192.93479554653743,335.00994873046875
1979,52.90907031366791,1216.383238320471,0.18537851538584801,281.6000656120118,900.4664227016348,9123.75591774,115.0059618980382,138.02440074525126,196.0169028731842,336.60494740804035
1980,56.024639795141695,1261.4574211537781,0.19592469312458574,283.3464702351544,890.5114951943987,9227.258503439998,114.18617964344467,137.3534112392945,194.39124204024887,338.70494588216144
1981,57.88153539694616,1303.8423149619532,0.20661087599012823,279.78942071631377,875.7816094417443,9121.12526974,112.05454255022292,133.16990108345564,189.168613859002,340.05894978841144
1982,58.13144571608959,1345.0315291216618,0.2172299971915611,287.6693153882337,967.4292982868149,9494.515702535002,112.18814146211471,130.86045303509695,206.8844647776702,340.6439412434896
1983,59.027988588202135,1384.7969203579075,0.22760702665383922,281.617658355317,862.0214943304857,9530.292752735,109.32740265686684,128.90373447756497,183.83582233478344,342.26594797770184
1984,62.724787808055716,1428.177096187883,0.23886776840543422,285.00304516787423,889.7020107049092,9421.164119735,112.74249172600256,130.4163406761621,189.3335257314472,344.00794728597003
1985,66.76053519278715,1474.0167663425236,0.2510887483045112,285.6752697155976,906.9368199480392,9421.444216635,114.50513698657949,130.744205181854,190.4568856663394,345.4589538574219
1986,69.30618674785953,1522.0921373541923,0.26398170013346506,290.8084487539618,914.5218093193048,9620.413269135,115.76976299657072,130.75455769844152,195.66522346659664,346.902946472168
1987,73.38809032196068,1577.5919378700553,0.2789504913950248,295.0485146932872,952.061149189977,9977.11727844,119.6837540856174,133.23433411785436,203.585170051448,348.77494557698566
1988,78.30192638340122,1634.8849614601877,0.2938568854250046,298.68549508376714,950.4151874289804,9722.719931646,124.14956034787264,134.3653494746133,203.53222760721053,351.2759323120117
1989,81.97759655801127,1686.1383821878917,0.3060004621589292,302.164174394028,930.8467754620428,9842.472009051,125.2678309615888,134.41616789400453,200.31650520357337,352.89392344156903
1990,86.43828009297768,1731.8299216857667,0.3156131051133367,305.27255465213847,940.5626313485474,9862.303868651,125.6585787017536,133.9791277858574,203.0212309920509,354.07293192545575
1991,90.76810567451828,1763.256834223561,0.32357769545700554,318.7311920514537,1129.9838832525568,9968.816852048,130.37284760058986,132.7375511716136,244.42863411026067,355.35293833414715
1992,95.25348824400476,1770.3468143353232,0.32897691325701645,299.4017954744593,913.3754185979066,9990.075746651,127.16935207081686,128.2477767678287,198.23847301394608,356.22894795735675
1993,102.1051158008091,1766.1872845646162,0.3322378182331923,299.4425140657421,941.8816353260038,9915.093855454004,130.5411331632924,126.19423016578818,203.77578316226604,356.9249598185221
1994,115.58981185236654,1755.6421384336045,0.3350433653240154,310.25183676250725,1060.282744333416,10121.031398150995,132.2742148031943,123.44841524770855,231.0503542937696,358.2539596557617
1995,133.04730573748157,1736.415260676618,0.3380713195550624,305.40958889562864,955.0363061603086,10218.833691847998,132.86227726455786,121.082118475163,206.47424846775004,360.2389551798503
1996,150.14517149703778,1719.3524978194944,0.34027095694233855,307.29120752307955,930.0218807197676,10278.763319346,132.86156898475696,119.11420647057,200.87242078907184,362.0049616495768
1997,168.64581548615578,1711.7871659604207,0.34155558986644446,331.28891975653016,1204.992305406782,10590.220331843,137.60108692085606,119.55004809486935,264.67515030448345,363.25195566813153
1998,185.09448617568043,1693.8248002492928,0.3427992582658602,315.332621195414,1085.4305991966446,10128.407161145,139.05131879594606,117.02616704771498,232.31801820181303,365.9329554239909
1999,205.91365433352522,1671.8767175858952,0.34381675746677776,309.40837085260006,940.7006779859272,9868.586122143,134.49403000396697,110.87411893093665,205.11187816433736,367.84497833251953
2000,234.37437394510386,1647.7268803157963,0.3447234846975483,310.18680982649335,886.5647302341199,9603.18708684,135.53333671603502,111.14860426813186,195.3241581852736,369.1249745686849
2001,248.68704043063298,1628.2403765523643,0.3453679329072778,312.89637869980686,881.6703955806449,9722.247312129995,135.9063122061387,111.9237248560712,196.1877828105409,370.6729888916016
2002,255.34881073931024,1615.3893139040542,0.34563455409221944,322.2788312475723,970.72441719435,9991.772281121,137.61957033828926,111.20156334370368,218.4604141242816,372.83499399820965
2003,275.7549483686752,1599.353726728329,0.34565436024198837,328.12422419548386,944.7470786126372,10099.786880807002,140.19264588940948,115.10387816360677,214.40339143057145,375.41099802653
2004,309.16178838419023,1585.635083551926,0.3457598853437025,338.9417722149104,945.5469500687324,10354.570880397,146.35020127536953,120.49372604696684,216.68728340618875,376.9870020548503
2005,328.6135891675029,1572.9355955435985,0.3459621615183904,346.39555462360056,950.5924444363928,10516.570551088,149.84999473507474,124.9806757834322,218.7880647839753,378.9070078531901
2006,336.1940209824151,1561.903012624568,0.34614198049803135,356.46968956461853,986.1510088892476,10802.561733786,153.1895927730249,125.89628423514212,229.8954395164696,381.0100072224935
2007,353.9134235127122,1551.7370574283814,0.3463969592178052,355.0225755363805,945.8695944358408,10363.481326285002,158.0892750492312,125.08757397121607,219.70587066030023,382.6030197143554
2008,357.0181328683714,1536.703461154784,0.3465893977252893,360.4917104977002,912.5104843071592,10429.681447884,157.7746659619008,122.36065090038171,214.69549502704012,384.739018758138
2009,377.9045058876234,1521.360569242898,0.3466802144778828,364.2003633816462,917.7292309352042,10546.741937483,152.67707470576568,117.25939145993684,218.758114337086,386.28002166748047
2010,423.35882999103825,1508.3227153032874,0.3466505468333811,370.8962527865861,953.2286302920016,10539.817000082,155.4203535230228,116.3174480659564,224.60211210242653,388.7170308430989
2011,435.66631665184997,1497.2438452058095,0.34633932504114356,372.6576831783338,906.7673675143252,10446.428334966002,159.27619314722682,117.48575892006976,218.62875398112044,390.9440205891927
2012,484.9748417477263,1487.925528733148,0.346194155224972,380.80976664436446,949.6022183538888,10593.897728360002,158.23998796825617,115.66957640847058,229.10693623998705,393.0159912109375
2013,506.22333751570994,1475.1798486549696,0.34591168130162453,381.5943928175861,901.2387566412424,10759.046875754,156.0375564856313,114.64817742063164,219.3811792508812,395.724978129069
2014,494.56202107282417,1462.3546957866488,0.3453380073683515,387.873539205888,964.047618150183,10866.283520049,155.64022547015048,114.0086622048385,233.52551800560903,397.5469792683919
2015,539.3818238924625,1454.53750302797,0.3441476233575127,388.0727956633218,934.3498846847756,10900.0,155.5204500219448,100.77116698064656,227.24481931953315,399.9491322835286
2016,594.6292058072686,1445.0598807997783,0.34234654959908367,382.2397874715823,906.3534658648936,10861.27696503402,153.50573658357064,96.52676504699508,219.91552670660485,403.1169662475586
2017,627.2029501030968,1436.0493184007892,0.3404990457498076,376.4067792798428,878.3570470450115,10822.55393006804,151.4910231451965,92.2823631133436,212.58623409367652,405.7509613037109
2018,661.4834754640208,1427.014545205347,0.33848612334610345,370.5737710881033,850.3606282251294,10783.83089510206,149.47630970682232,88.0379611796921,205.25694148074825,408.58695729573566
2019,697.3055117524349,1417.828809849986,0.33630337980151426,364.7407628963638,822.3642094052474,10745.10786013608,147.46159626844818,83.79355924604062,197.92764886782,411.4049580891927
2020,734.5120215265414,1408.457755604031,0.33396029809583494,358.90775470462427,794.3677905853654,10706.3848251701,145.446882830074,79.54915731238914,190.59835625489168,414.2139663696289
2021,772.960527719158,1398.890760377438,0.3314672997087572,347.3196812781956,767.5769375754764,10475.122251746565,139.57045838108698,75.23983179559715,183.2158847136023,417.0139617919922
2022,733.0516744219047,1381.8482327272636,0.32849718147156387,335.73160785176697,740.7860845655875,10243.85967832303,133.69403393209998,70.93050627880517,175.83341317231293,419.69896697998047
2023,693.4824130875469,1362.4278712442333,0.32524549586255896,324.1435344253383,713.9952315556986,10012.597104899494,127.81760948311296,66.62118076201318,168.45094163102357,422.16996510823566
2024,653.5241168818753,1342.195987688214,0.32176043633893664,312.5554609989097,687.2043785458096,9781.33453147596,121.94118503412594,62.3118552452212,161.06847008973418,424.4429702758789
2025,612.8046630908136,1321.6387713354763,0.31806588991774104,300.9673875724811,660.4135255359207,9550.071958052424,116.06476058513891,58.00252972842922,153.6859985484448,426.5249659220378
2026,571.1413421632327,1300.9105079017852,0.31418013756955226,289.3793141460524,633.6226725260318,9318.80938462889,110.18833613615192,53.69320421163724,146.30352700715542,428.4259719848633
2027,528.4516419801429,1280.0630068246094,0.31011918251882614,277.7912407196238,606.8318195161429,9087.546811205357,104.3119116871649,49.38387869484525,138.92105546586606,430.1509704589844
2028,484.70567522488705,1259.116247673091,0.3058975299839998,266.2031672931952,580.0409665062539,8856.28423778182,98.43548723817788,45.074553178053264,131.53858392457667,431.7059733072917
2029,439.9008635506608,1238.08020714821,0.3015284567007081,254.61509386676653,553.250113496365,8625.021664358284,92.55906278919088,40.76522766126128,124.1561123832873,433.0959726969401
2030,394.0485078524156,1216.9616127023257,0.29702415194061926,243.02702044033788,526.4592604864761,8393.75909093475,86.68263834020385,36.4559021444693,116.77364084199792,434.323974609375
2031,347.1666985798758,1195.7660271029802,0.2923958175621792,238.7856045894419,525.3744959080251,8392.040548248937,84.45724419465458,35.172571842365606,116.10716371330652,435.3939768473308
2032,346.4763832216726,1179.166309133279,0.2878708043234347,234.5441887385459,524.2897313295741,8390.322005563123,82.2318500491053,33.88924154026192,115.44068658461512,436.3369776407878
2033,344.157738258113,1164.0560003601279,0.2833437449204751,230.30277288764992,523.204966751123,8388.60346287731,80.00645590355604,32.60591123815823,114.77420945592372,437.1789830525716
2034,340.88179229757344,1149.4781618999166,0.2788004461116636,226.06135703675392,522.1202021726721,8386.884920191496,77.78106175800677,31.32258093605454,114.1077323272323,437.9169845581055
2035,337.015773329584,1135.1355955027057,0.2742406927166512,221.81994118585797,521.0354375942211,8385.166377505684,75.5556676124575,30.03925063395085,113.4412551985409,438.55298614501953
2036,332.76314750390117,1120.9345636399603,0.26966658640512625,217.578525334962,519.9506730157701,8383.447834819872,73.33027346690822,28.75592033184716,112.7747780698495,439.08398691813153
2037,328.2387566342782,1106.8443688003663,0.26508054318409685,213.337109484066,518.8659084373191,8381.729292134058,71.10487932135895,27.47259002974347,112.10830094115808,439.5129877726237
2038,323.50918744822667,1092.8539325072975,0.26048489031371586,209.09569363317,517.7811438588681,8380.010749448245,68.87948517580969,26.18925972763978,111.4418238124667,439.8369928995768
2039,318.61450639781617,1078.9583069541245,0.25588177913807136,204.854277782274,516.6963792804171,8378.292206762431,66.65409103026042,24.905929425536087,110.77534668377528,440.0589904785156
2040,313.57999982247685,1065.1544678012199,0.2512731729705966,200.612861931378,515.6116147019661,8376.573664076619,64.42869688471114,23.6225991234324,110.10886955508388,440.1789906819661
2041,308.4225473343487,1051.4399983854512,0.24666085493468176,197.5712619269401,508.701489126632,8346.274817406844,62.89112450762781,23.423176436292916,108.40584693239556,440.1969935099284
2042,308.27879546179906,1038.1417658877435,0.2422149987224143,194.5296619225022,501.79136355129776,8315.97597073707,61.35355213054447,23.223753749153424,106.70282430970724,440.1389897664388
2043,308.0400106648113,1025.154997387603,0.23791698715678153,191.48806191806432,494.8812379759636,8285.677124067295,59.815979753461136,23.024331062013932,104.99980168701892,440.02699025472
2044,307.7548433271303,1012.4391530398618,0.23375568351303153,188.4464619136264,487.9711124006294,8255.37827739752,58.2784073763778,22.82490837487445,103.2967790643306,439.859992980957
2045,307.4505266068977,999.9732109691687,0.22972163715460858,185.40486190918853,481.0609868252952,8225.079430727747,56.740834999294464,22.625485687734965,101.59375644164226,439.63498942057294
2046,307.14257655096117,987.7424883391093,0.22580624760186566,182.36326190475063,474.15086124996105,8194.780584057971,55.20326262221113,22.42606300059548,99.89073381895396,439.3519948323568
2047,306.84002403642455,975.734716499052,0.22200159907476527,179.32166190031273,467.2407356746269,8164.481737388196,53.6656902451278,22.226640313455988,98.1877111962656,439.01099395751953
2048,306.54824895773265,963.9388417975838,0.21830039126693876,176.28006189587484,460.3306100992927,8134.182890718422,52.12811786804446,22.027217626316503,96.48468857357727,438.61099497477215
2049,306.27052582649526,952.3446338634564,0.21469588771287307,173.23846189143694,453.4204845239585,8103.8840440486465,50.59054549096113,21.827794939177014,94.78166595088896,438.1510009765625
2050,306.0088752794412,940.9425358612402,0.21118187025648955,170.19686188699905,446.51035894862434,8073.585197378872,49.05297311387779,21.62837225203753,93.07864332820064,437.63200124104816
2051,305.7645403794624,929.7235892938455,0.20775259756460634,168.9330654214778,443.4129188877431,8060.387854121434,48.59521507057335,21.53253013582274,92.1543019370626,437.0539957682292
2052,305.4488923432822,918.9758407221173,0.2044374826043265,167.66926895595657,440.31547882686175,8047.190510863996,48.137457027268894,21.43668801960795,91.22996054592456,436.4459966023763
2053,305.1532692131462,908.536758570924,0.2012276011742732,166.40547249043533,437.2180387659805,8033.993167606558,47.67969898396445,21.340845903393163,90.30561915478653,435.83599853515625
2054,304.87792912327245,898.347940722512,0.19811579399600118,165.1416760249141,434.1205987050992,8020.795824349119,47.221940940660005,21.245003787178373,89.38127776364847,435.2200012207031
2055,304.62294618426847,888.3838376098928,0.1950957084851768,163.87787955939285,431.0231586442179,8007.598481091682,46.76418289735555,21.149161670963583,88.45693637251043,434.5969975789388
2056,304.38825322194725,878.629616316756,0.1921615509134894,162.6140830938716,427.9257185833366,7994.401137834244,46.30642485405111,21.053319554748796,87.53259498137238,433.96400197347
2057,304.1736723079614,869.0742310410687,0.1893079929524862,161.35028662835035,424.8282785224553,7981.203794576805,45.84866681074666,20.957477438534003,86.60825359023434,433.3209966023763
2058,303.9789375888661,859.7082232048194,0.18653011986767856,160.08649016282914,421.7308384615741,7968.006451319367,45.39090876744222,20.861635322319216,85.6839121990963,432.66499582926434
2059,303.80371300283696,850.5230011134479,0.18382339275316267,158.8226936973079,418.6333984006928,7954.809108061929,44.93315072413777,20.765793206104423,84.75957080795826,431.9969991048177
2060,303.6476064195028,841.5105860552787,0.18118361689146079,157.55889723178666,415.5359583398115,7941.611764804491,44.47539268083332,20.66995108988964,83.83522941682021,431.31399790445965
2061,303.5101811513257,832.6635074712576,0.17860691367409928,156.44897785918366,413.6047310827009,7943.265761727864,44.285981932857695,20.443593543759384,82.97654151840815,430.6170018513997
2062,303.51286300811984,824.1254054090203,0.17609849819648082,155.33905848658063,411.67350382559033,7944.919758651237,44.09657118488207,20.217235997629132,82.1178536199961,429.90800221761066
2063,303.53448842489047,815.8091795462502,0.17365344925334594,154.22913911397762,409.7422765684797,7946.57375557461,43.90716043690645,19.990878451498883,81.25916572158404,429.1900024414063
2064,303.5754512534142,807.6824030329836,0.17126799680865995,153.11921974137462,407.8110493113691,7948.227752497983,43.71774968893082,19.76452090536863,80.40047782317198,428.46299997965497
2065,303.6356988184221,799.7299068197747,0.16893881238460884,152.00930036877162,405.8798220542585,7949.881749421356,43.5283389409552,19.538163359238386,79.54178992475991,427.7260004679362
2066,303.714936178724,791.9421930367778,0.16666285422933536,150.89938099616862,403.948594797148,7951.535746344729,43.33892819297957,19.31180581310813,78.68310202634785,426.97900136311847
2067,303.8127370625848,784.3118152744852,0.1644373162471306,149.7894616235656,402.01736754003736,7953.189743268102,43.14951744500395,19.08544826697788,77.8244141279358,426.2210057576497
2068,303.9286045899408,776.8322291954962,0.16225960134854406,148.67954225096258,400.0861402829268,7954.843740191474,42.96010669702832,18.859090720847625,76.96572622952374,425.4520034790039
2069,304.06200489624774,769.4974138210758,0.16012730233932235,147.56962287835958,398.1549130258162,7956.497737114848,42.77069594905269,18.632733174717377,76.10703833111168,424.67000579833984
2070,304.2123860633748,762.3017353334996,0.15803818596863697,146.45970350575658,396.2236857687056,7958.151734038221,42.58128520107707,18.406375628587124,75.24835043269962,423.8770065307617
2071,304.3791890252868,755.2398884247509,0.15599017879144983,145.03847288494174,394.0068207914588,7960.228957180184,42.35373923128024,18.11615121858294,74.36779354315914,423.0709991455078
2072,304.5639054834777,748.36369024128,0.15398506103336637,143.61724226412687,391.789955814212,7962.306180322146,42.126193261483415,17.825926808578757,73.48723665361864,422.2540054321289
2073,304.76091912554483,741.6416079159662,0.15202037370300367,142.19601164331203,389.5730908369652,7964.383403464109,41.898647291686586,17.53570239857457,72.60667976407815,421.4250055948893
2074,304.9704084333751,735.0604531408634,0.1500941895747126,140.7747810224972,387.3562258597184,7966.460626606072,41.67110132188976,17.245477988570386,71.72612287453767,420.5840021769206
2075,305.19223857029283,728.6127456311085,0.14820477565492796,139.35355040168236,385.1393608824716,7968.537849748035,41.44355535209293,16.9552535785662,70.84556598499717,419.7310078938802
2076,305.4261113662442,722.2929158622104,0.14635053095095502,137.9323197808675,382.9224959052248,7970.615072889998,41.21600938229611,16.665029168562018,69.96500909545668,418.8670043945313
2077,305.6716458022736,716.0961500125231,0.14452996731135162,136.51108916005265,380.705630927978,7972.692296031961,40.98846341249928,16.374804758557833,69.0844522059162,417.9910024007161
2078,305.92842124043324,710.0180287511687,0.14274169850144175,135.0898585392378,378.4887659507312,7974.769519173924,40.76091744270245,16.084580348553647,68.20389531637571,417.1020050048828
2079,306.1960006678233,704.0544062554891,0.14098443159203797,133.66862791842294,376.2719009734844,7976.846742315886,40.53337147290562,15.794355938549463,67.3233384268352,416.2020034790039
2080,306.4739432051226,698.201362868817,0.13925695942264577,132.2473972976081,374.0550359962376,7978.92396545785,40.30582550310879,15.50413152854528,66.44278153729472,415.2880071004232
2081,306.7618108373186,692.4551809918902,0.1375581537957316,131.09908817774593,372.923453564765,8001.505194525353,40.12176139094213,15.215915226619028,66.0768707170551,414.3620071411133
2082,306.8696533234241,686.8116629016242,0.13588845781169345,129.95077905788372,371.7918711332924,8024.086423592856,39.93769727877547,14.927698924692775,65.71095989681548,413.4210052490234
2083,306.98143505817325,681.274702728726,0.13424692863189872,128.80246993802157,370.66028870181975,8046.667652660359,39.75363316660881,14.639482622766524,65.34504907657586,412.4610061645508
2084,307.0966983671321,675.843311092473,0.13263258908770767,127.65416081815935,369.52870627034713,8069.248881727862,39.56956905444214,14.351266320840272,64.97913825633624,411.4840087890625
2085,307.2150699360088,670.5148967487611,0.13104449715544067,126.50585169829716,368.3971238388745,8091.830110795365,39.38550494227548,14.06305001891402,64.61322743609662,410.4900080362956
2086,307.3362270754382,665.286421858174,0.12948176146387055,125.35754257843496,367.2655414074019,8114.411339862867,39.20144083010882,13.774833716987768,64.24731661585702,409.4770100911458
2087,307.45987932188217,660.1547984742657,0.12794354287954807,124.20923345857278,366.13395897592926,8136.99256893037,39.01737671794216,13.486617415061517,63.88140579561739,408.44801330566406
2088,307.58575827595513,655.1170188282841,0.12642905220430395,123.0609243387106,365.00237654445664,8159.573797997873,38.8333126057755,13.198401113135263,63.51549497537778,407.401008605957
2089,307.7136118760763,650.1701936652718,0.12493754687927554,121.91261521884842,363.870794112984,8182.155027065376,38.64924849360883,12.910184811209012,63.14958415513816,406.3360112508138
2090,307.84320106987104,645.3115594284344,0.12346832758063178,120.76430609898622,362.7392116815114,8204.73625613288,38.46518438144217,12.62196850928276,62.78367333489854,405.2550048828125
2091,307.9742977904043,640.5384752585321,0.1220207349742564,119.86000009804688,361.0794621002315,8218.16982197743,38.355490250694025,12.305912531680564,62.3568796812716,404.1570053100586
2092,307.64933862531086,635.8557885682419,0.12059472518101844,118.95569409710752,359.4197125189516,8231.603387821982,38.24579611994589,11.989856554078369,61.93008602764466,403.04100545247394
2093,307.3180234861094,631.2607098568442,0.1191901120593351,118.05138809616815,357.75996293767173,8245.036953666533,38.13610198919774,11.67380057647617,61.50329237401773,401.9080073038737
2094,306.9790553064025,626.7505771265212,0.11780633919859548,117.1470820952288,356.10021335639186,8258.470519511084,38.0264078584496,11.357744598873971,61.0764987203908,400.7580108642578
2095,306.63172751910827,622.322850470834,0.11644283110272902,116.24277609428944,354.440463775112,8271.904085355636,37.91671372770145,11.041688621271774,60.64970506676386,399.59100850423175
2096,306.27565647995885,617.9751049570243,0.11509903711450446,115.3384700933501,352.78071419383207,8285.337651200187,37.80701959695331,10.725632643669575,60.22291141313692,398.4070103963216
2097,305.9106372856306,613.7050234631943,0.11377443511466812,114.43416409241074,351.1209646125522,8298.771217044738,37.69732546620517,10.40957666606738,59.79611775950998,397.2060089111328
2098,305.5365657575503,609.5103899081986,0.112468530106117,113.5298580914714,349.4612150312724,8312.204782889288,37.58763133545702,10.093520688465183,59.36932410588305,395.9890111287434
2099,305.1533959449685,605.3890829643037,0.11118085228611395,112.62555209053204,347.8014654499924,8325.63834873384,37.47793720470888,9.777464710862986,58.94253045225612,394.75601450602215
2100,304.7611167312846,601.3390702460451,0.10991095519784334,111.72124608959268,346.14171586871254,8339.071914578391,37.368243073960734,9.46140873326079,58.51573679862918,393.5060119628906
2101,304.35973874576695,597.3584029439354,0.1086584140261609,111.42271567714964,345.1809046522693,8329.078329163662,37.23801038482684,9.40722107440932,58.3850431214861,392.24101003011066
2102,303.82519845245696,592.0523436535051,0.10741140256934088,111.12418526470655,344.2200934358261,8319.084743748932,37.10777769569295,9.353033415557851,58.25434944434301,390.9830093383789
2103,303.2840599140052,586.3846223444729,0.10617878486531107,110.82565485226348,343.25928221938284,8309.0911583342,36.977545006559055,9.298845756706386,58.123655767199935,389.75501759847
2104,302.73645245868204,580.6524864096848,0.10496248577629577,110.52712443982044,342.2984710029396,8299.09757291947,36.84731231742517,9.244658097854918,57.99296209005686,388.55200958251953
2105,302.182466318759,574.9471593859969,0.103762777470064,110.22859402737735,341.3376597864964,8289.10398750474,36.71707962829127,9.19047043900345,57.86226841291378,387.37300872802734
2106,301.62217530297687,569.2959127481141,0.102579483618863,109.9300636149343,340.3768485700532,8279.110402090011,36.586846939157375,9.136282780151982,57.73157473577069,386.2160135904948
2107,301.0556482103201,563.7061085938507,0.10141230297130378,109.63153320249124,339.41603735361,8269.116816675281,36.456614250023485,9.082095121300512,57.600881058627614,385.0800145467122
2108,300.4829543069673,558.1789149858608,0.1002609053318958,109.33300279004816,338.45522613716673,8259.12323126055,36.3263815608896,9.027907462449049,57.470187381484536,383.9640121459961
2109,299.90416570431506,552.7135946311627,0.09912496107751069,109.03447237760513,337.4944149207235,8249.12964584582,36.196148871755696,8.973719803597579,57.33949370434145,382.8670120239258
2110,299.3193581481269,547.3088500699282,0.09800414999741909,108.73594196516204,336.53360370428027,8239.13606043109,36.065916182621805,8.91953214474611,57.20880002719837,381.7880096435547
2111,298.7286110186591,541.963245779056,0.09689816354212101,108.43741155271898,335.57279248783703,8229.14247501636,35.935683493487915,8.865344485894642,57.07810635005529,380.72501373291016
2112,298.13200696274635,536.6753396749627,0.0958067049780139,108.13888114027591,334.6119812713938,8219.14888960163,35.80545080435402,8.811156827043176,56.94741267291221,379.6790084838867
2113,297.5296313767738,531.4437228686533,0.0947294889046523,107.84035072783286,333.65117005495057,8209.1553041869,35.675218115220126,8.756969168191707,56.81671899576913,378.6480102539063
2114,296.92157185195003,526.2670304435621,0.09366624060702532,107.5418203153898,332.69035883850734,8199.16171877217,35.54498542608623,8.70278150934024,56.68602531862605,377.6330159505208
2115,296.3079176365674,521.1439431399515,0.09261669539396827,107.24328990294674,331.72954762206416,8189.16813335744,35.41475273695234,8.648593850488773,56.555331641482965,376.63101450602215
2116,295.6887591400532,516.0731862599166,0.09158059796877491,106.94475949050369,330.7687364056209,8179.17454794271,35.28452004781845,8.594406191637304,56.42463796433989,375.6440073649089
2117,295.0641874880841,511.0535277978188,0.09055770184389043,106.64622907806064,329.8079251891777,8169.180962527979,35.15428735868455,8.540218532785836,56.29394428719681,374.66901143391925
2118,294.434294130415,506.083776428305,0.08954776880062287,106.34769866561756,328.84711397273446,8159.18737711325,35.02405466955066,8.486030873934368,56.16325061005373,373.708012898763
2119,293.79917049899973,501.1627795459668,0.0885505683914846,106.0491682531745,327.88630275629123,8149.193791698519,34.89382198041676,8.431843215082901,56.03255693291064,372.75901285807294
2120,293.15890771264435,496.28942141097104,0.08756587748192861,105.75063784073144,326.925491539848,8139.200206283789,34.76358929128287,8.377655556231433,55.901863255767566,371.82201131184894
2121,292.5135963236179,491.46262141080143,0.0865934798281897,105.45210742828836,325.9646803234048,8129.206620869059,34.63335660214898,8.323467897379965,55.77116957862449,370.8970133463542
2122,291.8633261016985,486.68133243465945,0.08563316568812575,105.15357701584531,325.0038691069616,8119.213035454329,34.50312391301508,8.269280238528498,55.6404759014814,369.9830118815104
2123,291.20818585137755,481.94453935330375,0.08468473146219939,104.85504660340226,324.0430578905183,8109.219450039599,34.37289122388119,8.21509257967703,55.50978222433832,369.0800145467122
2124,290.5482632583696,477.2512575964259,0.08374797936198847,104.5565161909592,323.08224667407507,8099.225864624868,34.2426585347473,8.160904920825562,55.37908854719524,368.1880137125651
2125,289.8836447616843,472.60053181994635,0.0828227171038462,104.25798577851612,322.12143545763183,8089.232279210139,34.1124258456134,8.106717261974094,55.24839487005216,367.30600992838544
2126,289.214415448307,467.991434656154,0.08190875762554718,103.95945536607306,321.16062424118866,8079.238693795409,33.98219315647951,8.052529603122625,55.11770119290908,366.4350102742513
2127,288.5406589674518,463.42306554019933,0.0810059188239486,103.66092495363,320.1998130247454,8069.245108380678,33.85196046734562,7.998341944271159,54.987007515766,365.57301330566406
2128,287.86245746203525,458.8945496070095,0.08011402331187642,103.36239454118692,319.2390018083022,8059.251522965948,33.72172777821173,7.944154285419691,54.85631383862292,364.7210083007813
2129,287.1798915150346,454.4050366532149,0.0792328981926038,103.06386412874386,318.27819059185896,8049.257937551218,33.59149508907783,7.8899666265682225,54.72562016147983,363.8790105183919
2130,286.4930401088933,449.95370015914546,0.07836237485043857,102.7653337163008,317.3173793754157,8039.264352136488,33.46126239994394,7.835778967716755,54.59492648433675,363.0450134277344
2131,285.8019805961526,445.5397363663873,0.07750228875606732,102.46680330385774,316.3565681589725,8029.270766721758,33.33102971081005,7.781591308865287,54.46423280719368,362.2210108439128
2132,285.1067886798558,441.16236340677864,0.07665247928542482,102.16827289141467,315.39575694252926,8019.277181307028,33.20079702167615,7.7274036500138195,54.33353913005059,361.406010945638
2133,284.4075384023526,436.8208204790791,0.07581278955096764,101.8697424789716,314.434945726086,8009.283595892297,33.07056433254226,7.673215991162351,54.20284545290751,360.5990091959636
2134,283.7043021413771,432.51436706986675,0.07498306624432882,101.57121206652856,313.4741345096428,7999.290010477567,32.94033164340837,7.619028332310884,54.072151775764425,359.8010075887044
2135,282.99715061233024,428.2422822155098,0.07416315948942244,101.27268165408547,312.5133232931996,7989.296425062837,32.81009895427448,7.564840673459416,53.94145809862135,359.01000722249347
2136,282.2861528758769,424.0038638023242,0.07335292270514819,100.97415124164242,311.5525120767564,7979.302839648107,32.67986626514058,7.510653014607947,53.81076442147827,358.2280095418294
2137,281.57137635007246,419.79842790226934,0.07255221247692044,100.67562082919936,310.5917008603131,7969.309254233376,32.54963357600669,7.45646535575648,53.68007074433518,357.4540100097656
2138,280.8528868263229,415.6253081417543,0.07176088843631508,100.37709041675627,309.63088964386986,7959.315668818646,32.4194008868728,7.402277696905012,53.5493770671921,356.68700917561847
2139,280.1307484885579,411.483855101324,0.07097881314818809,100.07856000431325,308.67007842742663,7949.322083403917,32.2891681977389,7.348090038053544,53.41868339004902,355.92801157633465
2140,279.40502393509786,407.3734357441776,0.07020585200467672,99.78002959187016,307.7092672109834,7939.328497989186,32.15893550860501,7.293902379202076,53.28798971290594,355.1770095825196
2141,278.67577420275995,403.2934328716356,0.06944187312554438,99.4814991794271,306.74845599454017,7929.334912574456,32.02870281947112,7.239714720350608,53.15729603576286,354.4330088297526
2142,277.9430587927629,399.2432446038234,0.06868674726437789,99.18296876698405,305.78764477809693,7919.341327159726,31.898470130337227,7.1855270614991404,53.026602358619776,353.7100118001302
2143,277.2069356981161,395.222283883974,0.0679403477201865,98.88443835454098,304.82683356165376,7909.347741744996,31.768237441203333,7.131339402647672,52.8959086814767,353.02001190185547
2144,276.46746143216257,391.2299780048796,0.06720255025399224,98.58590794209792,303.8660223452105,7899.354156330265,31.63800475206944,7.077151743796205,52.76521500433362,352.3630142211914
2145,275.72469105800906,387.26576815613464,0.06647323301003465,98.28737752965486,302.9052111287673,7889.360570915535,31.507772062935544,7.022964084944737,52.63452132719054,351.7350082397461
2146,274.9786782186366,383.32910899091655,0.06575227644124577,97.9888471172118,301.94439991232406,7879.366985500806,31.377539373801653,6.968776426093268,52.503827650047455,351.1360092163086
2147,274.22947516743227,379.4194682111462,0.0650395632386803,97.69031670476876,300.9835886958808,7869.373400086075,31.24730668466776,6.914588767241801,52.37313397290438,350.5640106201172
2148,273.477132799056,375.53632616995594,0.06433497826461161,97.39178629232568,300.02277747943765,7859.379814671345,31.117073995533865,6.860401108390333,52.2424402957613,350.0190073649089
2149,272.72170068040396,371.67917549047434,0.06363840848902912,97.09325587988262,299.0619662629944,7849.386229256615,30.98684130639997,6.806213449538865,52.11174661861821,349.50001271565753
2150,271.9632270815949,367.84752070000445,0.06294974292929446,96.79472546743956,298.1011550465512,7839.392643841885,30.85660861726608,6.752025790687397,51.981052941475134,349.00500742594403
2151,271.20175900686576,364.0408778787475,0.0622688725927333,96.49619505499648,297.14034383010795,7829.399058427155,30.726375928132185,6.69783813183593,51.850359264332056,348.5340092976888
2152,270.43734222525757,360.25877432227537,0.06159569042195912,96.19766464255343,296.1795326136647,7819.405473012424,30.59614323899829,6.643650472984461,51.71966558718897,348.0830103556316
2153,269.6700213010314,356.5007482170164,0.06093009124274044,95.89913423011038,295.2187213972215,7809.411887597695,30.4659105498644,6.589462814132993,51.58897191004589,347.65000915527344
2154,268.89983962375226,352.766348328071,0.060271971714239723,95.6006038176673,294.25791018077825,7799.418302182964,30.335677860730502,6.535275155281526,51.458278232902806,347.2340087890625
2155,268.12683943796344,349.055133698716,0.05962123028146508,95.30207340522423,293.297098964335,7789.424716768234,30.20544517159661,6.481087496430058,51.32758455575973,346.8350118001302
2156,267.35106187243053,345.3666733610052,0.05897776712978916,95.00354299278118,292.3362877478918,7779.431131353504,30.07521248246272,6.42689983757859,51.19689087861665,346.45301055908203
2157,266.5725469688989,341.70054605690837,0.0583414841414005,94.70501258033812,291.37547653144856,7769.437545938774,29.944979793328827,6.372712178727122,51.06619720147357,346.08800252278644
2158,265.79133371032947,338.0563399694724,0.05771228485356455,94.40648216789504,290.4146653150053,7759.443960524044,29.81474710419493,6.318524519875655,50.935503524330485,345.74100494384766
2159,265.0074600486275,334.433652463517,0.05709007441857953,94.10795175545198,289.4538540985621,7749.450375109313,29.68451441506104,6.264336861024187,50.8048098471874,345.4090092976888
2160,264.220962931784,330.8320898354124,0.056474759565322726,93.80942134300892,288.49304288211886,7739.456789694584,29.554281725927147,6.210149202172719,50.67411617004432,345.09400685628253
2161,263.4318783304606,327.25126707151327,0.055866248562290104,93.51089093056586,287.5322316656756,7729.463204279853,29.424049036793253,6.155961543321251,50.54342249290124,344.79501088460285
2162,262.64024126401,323.69080761484906,0.055264451182039404,93.2123605181228,286.5714204492324,7719.469618865123,29.29381634765936,6.101773884469783,50.412728815758165,344.5130106608073
2163,261.8460858258823,320.150343139697,0.05466927866695455,92.91383010567974,285.6106092327892,7709.4760334503935,29.163583658525468,6.047586225618316,50.28203513861508,344.24600474039715
2164,261.0494452084603,316.62951333368466,0.05408064369625427,92.61529969323668,284.6497980163459,7699.482448035663,29.033350969391577,5.993398566766848,50.151341461472,343.99400838216144
2165,260.2503517272992,313.12796568709206,0.05349846035417477,92.31676928079362,283.68898679990275,7689.488862620932,28.903118280257683,5.939210907915379,50.02064778432892,343.7580032348633
2166,259.44883684478424,309.64535528904014,0.052922644099260306,92.01823886835056,282.7281755834595,7679.495277206202,28.77288559112379,5.885023249063912,49.88995410718584,343.5380071004232
2167,258.64493119318655,306.1813446302727,0.052353111734701197,91.71970845590752,281.7673643670163,7669.501691791473,28.642652901989894,5.830835590212445,49.759260430042765,343.3320032755534
2168,257.8386645971468,302.7356034122535,0.05178978137966304,91.42117804346444,280.80655315057305,7659.508106376742,28.512420212856004,5.776647931360976,49.62856675289968,343.1420084635417
2169,257.03006609560333,299.3078083623182,0.051232572441554304,91.12264763102138,279.8457419341298,7649.514520962011,28.382187523722116,5.722460272509508,49.4978730757566,342.9660059611003
2170,256.2191639631041,295.89764305463177,0.050681405589184284,90.82411721857832,278.8849307176866,7639.520935547282,28.25195483458822,5.668272613658041,49.36717939861352,342.8050003051758
2171,255.40598573061533,292.50479773671907,0.050136202726765715,90.52558680613528,277.9241195012433,7629.527350132552,28.121722145454324,5.6140849548065725,49.23648572147045,342.6590092976888
2172,254.59055820574466,289.1289691613458,0.049596886968720194,90.2270563936922,276.9633082848001,7619.533764717821,27.991489456320437,5.559897295955105,49.10579204432736,342.5279998779297
2173,253.77290749243417,285.7698604235409,0.04906338261524728,89.92852598124912,276.0024970683569,7609.5401793030915,27.86125676718654,5.505709637103637,48.97509836718427,342.4100036621094
2174,252.95305901012756,282.42718080255906,0.048535615128620424,89.62999556880607,275.04168585191366,7599.546593888361,27.731024078052645,5.4515219782521696,48.8444046900412,342.307004292806
2175,252.1310375124133,279.10064560859865,0.048013511110175856,89.33146515636301,274.0808746354704,7589.553008473631,27.60079138891875,5.397334319400701,48.71371101289812,342.218999226888
2176,251.30686710515187,275.7899760340899,0.047496998277962686,89.03293474391994,273.12006341902725,7579.559423058901,27.47055869978486,5.343146660549233,48.58301733575503,342.1440022786458
2177,250.48057126414196,272.4948990093874,0.0469860054450239,88.73440433147687,272.159252202584,7569.565837644171,27.34032601065097,5.288959001697766,48.452323658611945,342.0830078125
2178,249.65217285224577,269.2151470627017,0.04648046249828101,88.43587391903381,271.1984409861408,7559.572252229441,27.21009332151707,5.234771342846297,48.32162998146887,342.03600311279297
2179,248.82169413608665,265.9504581841171,0.045980300377995845,88.13734350659075,270.23762976969755,7549.57866681471,27.07986063238318,5.18058368399483,48.19093630432579,342.0030008951823
2180,247.98915680226222,262.70057569354697,0.04548545105778502,87.83881309414768,269.2768185532543,7539.5850813999805,26.949627943249286,5.126396025143362,48.0602426271827,341.984001159668
2181,247.15458197311557,259.46524811248645,0.04499584752516426,87.54028268170462,268.3160073368111,7529.591495985251,26.819395254115392,5.072208366291894,47.92954895003962,341.9780044555664
2182,246.31799022205198,256.2442290394299,0.04451142376260084,87.24175226926155,267.35519612036785,7519.59791057052,26.6891625649815,5.018020707440426,47.79885527289654,341.9860026041667
2183,245.47940158845788,253.0372770288229,0.04403211472905393,86.9432218568185,266.3943849039246,7509.60432515579,26.558929875847607,4.963833048588958,47.66816159575346,342.00700124104816
2184,244.63883559216418,249.84415547342815,0.04355785634198361,86.64469144437543,265.4335736874814,7499.61073974106,26.42869718671372,4.9096453897374905,47.537467918610375,342.04100036621094
2185,243.79631124753635,246.66463248998744,0.0430885854598106,86.34616103193237,264.4727624710382,7489.61715432633,26.298464497579825,4.855457730886023,47.406774241467296,342.0890045166016
2186,242.9518470771345,243.49848080806942,0.04262423986480987,86.04763061948931,263.511951254595,7479.6235689116,26.168231808445928,4.801270072034555,47.27608056432422,342.1510009765625
2187,242.10546112505057,240.34547766199373,0.04216475824642172,85.74910020704624,262.55114003815174,7469.629983496869,26.03799911931204,4.747082413183087,47.14538688718113,342.2250035603841
2188,241.2571709697826,237.20540468573114,0.04171008018496557,85.45056979460318,261.5903288217085,7459.63639808214,25.907766430178143,4.692894754331619,47.01469321003805,342.31300099690753
2189,240.40699373682793,234.07804781068054,0.041260146135741825,85.15203938216011,260.6295176052653,7449.642812667409,25.77753374104425,4.638707095480152,46.88399953289497,342.4129994710286
2190,239.55494611087892,230.9631971662285,0.04081489741350842,84.85350896971705,259.66870638882205,7439.649227252679,25.64730105191036,4.584519436628684,46.75330585575189,342.5270029703776
2191,238.70104434768126,227.86064698300197,0.04037427617731904,84.554978557274,258.7078951723788,7429.65564183795,25.517068362776463,4.530331777777215,46.62261217860881,342.6530024210612
2192,237.84530428556556,224.77019549872608,0.03993822541571094,84.25644814483093,257.7470839559356,7419.662056423219,25.38683567364257,4.476144118925748,46.49191850146573,342.7789993286133
2193,236.98774135665107,221.691644866605,0.039506688932230596,83.95791773238787,256.78627273949235,7409.668471008489,25.25660298450868,4.42195646007428,46.36122482432265,342.88999938964844
2194,236.12837059773548,218.62480106614532,0.03907961133128632,83.65938731994481,255.8254615230491,7399.6748855937585,25.126370295374784,4.367768801222812,46.23053114717957,342.9899978637696
2195,235.26720666086996,215.56947381634518,0.038656938004317326,83.36085690750176,254.86465030660588,7389.681300179029,24.996137606240893,4.313581142371344,46.09983747003649,343.0800018310547
2196,234.40426382365615,212.5254764911753,0.03823861511626915,83.06232649505868,253.90383909016268,7379.687714764299,24.865904917107,4.259393483519876,45.96914379289341,343.16000111897785
2197,233.53955599922816,209.49262603728056,0.03782458959236602,82.76379608261563,252.94302787371944,7369.694129349568,24.735672227973104,4.2052058246684085,45.838450115750334,343.23199971516925
2198,232.67309674597837,206.47074289383448,0.0374148091051711,82.46526567017257,251.9822166572762,7359.700543934839,24.60543953883921,4.15101816581694,45.70775643860725,343.2970021565755
2199,231.80489927698997,203.45965091447982,0.03700922206192586,82.1667352577295,251.02140544083295,7349.706958520108,24.47520684970532,4.096830506965473,45.57706276146417,343.3550033569336
2200,230.93497646922515,200.45917729129238,0.03660777759216028,81.86820484528644,250.06059422438972,7339.713373105378,24.344974160571425,4.042642848114005,45.44636908432109,343.40699768066406
2201,230.06334087243374,197.4691524807069,0.036210425535566165,81.56967443284339,249.0997830079465,7329.719787690648,24.21474147143753,3.988455189262537,45.31567540717801,343.453000386556
2202,229.19000471783306,194.48941013134555,0.035817116430125716,81.27114402040031,248.1389717915033,7319.726202275918,24.08450878230364,3.934267530411069,45.18498173003493,343.49499766031903
2203,228.31497992653806,191.51978701369376,0.03542780150048822,80.97261360795726,247.17816057506008,7309.732616861187,23.954276093169742,3.880079871559601,45.05428805289185,343.5320053100586
2204,227.43827811773994,188.5601229515667,0.035042432646588,80.67408319551419,246.21734935861684,7299.739031446457,23.82404340403585,3.825892212708133,44.92359437574876,343.56500244140625
2205,226.55991061668746,185.6102607553148,0.03466096243249667,80.37555278307113,245.2565381421736,7289.745446031728,23.69381071490196,3.7717045538566656,44.792900698605685,343.593999226888
2206,225.67988846242164,182.6700461567168,0.03428334407550367,80.07702237062807,244.2957269257304,7279.751860616997,23.563578025768063,3.7175168950051978,44.662207021462606,343.61899820963544
2207,224.79822241530664,179.73932774551193,0.033909531435418507,79.778491958185,243.3349157092872,7269.758275202266,23.43334533663417,3.66332923615373,44.53151334431952,343.6409962972005
2208,223.9149229643383,176.8179569075222,0.03353947900408904,79.47996154574194,242.37410449284397,7259.764689787537,23.30311264750028,3.609141577302262,44.40081966717644,343.6599934895833
2209,223.03000033427273,173.9057877643206,0.03317314189513009,79.18143113329887,241.41329327640076,7249.771104372807,23.172879958366387,3.5549539184507943,44.27012599003336,343.67699940999347
2210,222.1434644925372,171.00267711439952,0.03281047583385685,78.88290072085582,240.4524820599575,7239.777518958076,23.042647269232493,3.5007662595993265,44.13943231289028,343.69000244140625
2211,221.25532515595702,168.10848437579713,0.03245143714741761,78.58437030841276,239.49167084351427,7229.783933543346,22.9124145800986,3.4465786007478587,44.0087386357472,343.7020009358724
2212,220.36559179729736,165.2230715301402,0.03209598275512121,78.28583989596969,238.53085962707104,7219.790348128616,22.782181890964708,3.392390941896391,43.878044958604114,343.7099965413411
2213,219.47427365161766,162.34630306806352,0.03174407015895374,77.98730948352663,237.57004841062783,7209.796762713886,22.651949201830814,3.338203283044922,43.74735128146104,343.7170003255208
2214,218.581379722469,159.47804593596658,0.03139565743428007,77.68877907108356,236.6092371941846,7199.803177299155,22.52171651269692,3.284015624193455,43.61665760431795,343.7219975789388
2215,217.68691878789963,156.61816948407056,0.03105070322072566,77.3902486586405,235.64842597774137,7189.809591884426,22.39148382356303,3.229827965341987,43.48596392717487,343.7239990234375
2216,216.79089940630084,153.76654541573936,0.030709166713233968,77.09171824619744,234.6876147612981,7179.816006469696,22.26125113442913,3.175640306490519,43.35527025003179,343.7250010172526
2217,215.89332992210782,150.92304773802886,0.030371007653295454,76.79318783375437,233.7268035448549,7169.822421054965,22.13101844529524,3.1214526476390514,43.22457657288871,343.7250010172526
2218,214.9942184713225,148.08755271343176,0.03003618632034389,76.49465742131132,232.7659923284117,7159.828835640235,22.000785756161346,3.067264988787583,43.09388289574563,343.7229944864909
2219,214.09357298690108,145.25993881278356,0.02970466352331606,76.19612700886825,231.8051811119685,7149.835250225505,21.87055306702745,3.0130773299361158,42.963189218602544,343.7199986775716
2220,213.19140120399135,142.44008666929906,0.029376400592370885,75.89759659642519,230.84436989552523,7139.841664810775,21.74032037789356,2.9588896710846475,42.832495541459465,343.7160008748372
2221,212.28771066501548,139.62787903370793,0.029051359370764276,75.59906618398213,229.883558679082,7129.848079396045,21.610087688759663,2.90470201223318,42.70180186431639,343.71099853515625
2222,211.38250872463408,136.8232007304596,0.028729502206876187,75.30053577153906,228.9227474626388,7119.854493981315,21.479854999625772,2.850514353381712,42.5711081871733,343.7049992879232
2223,210.47580255455887,134.02593861496823,0.02841079194638612,75.002005359096,227.9619362461956,7109.860908566585,21.34962231049188,2.796326694530244,42.44041451003022,343.6989974975586
2224,209.56759914824278,131.2359815318705,0.02809519192459382,74.70347494665293,227.00112502975236,7099.867323151854,21.21938962135799,2.7421390356787763,42.30972083288714,343.69100189208984
2225,208.65790532544656,128.45322027426803,0.0277826659588819,74.40494453420987,226.0403138133091,7089.873737737124,21.089156932224096,2.6879513768273084,42.17902715574406,343.68299865722656
2226,207.7467277366712,125.67754754392845,0.027473178341316993,74.10641412176682,225.07950259686584,7079.880152322395,20.9589242430902,2.6337637179758406,42.04833347860098,343.6739959716797
2227,206.83407286747692,122.90885791242025,0.02716669383138654,73.80788370932375,224.11869138042263,7069.886566907664,20.82869155395631,2.579576059124373,41.917639801457895,343.6639989217122
2228,205.91994704268672,120.14704778315487,0.02686317764886797,73.50935329688069,223.15788016397943,7059.892981492934,20.698458864822417,2.525388400272905,41.78694612431482,343.6539942423503
2229,205.00435643047817,117.3920153543144,0.026562595466827425,73.21082288443762,222.1970689475362,7049.899396078204,20.56822617568853,2.471200741421437,41.65625244717173,343.64300028483075
2230,204.08730704635937,114.64366058263914,0.02626491340474534,72.91229247199456,221.23625773109296,7039.905810663474,20.43799348655463,2.4170130825699694,41.52555877002865,343.6309992472331
2231,203.16880475704266,111.9018851480541,0.025970098021765677,72.6137620595515,220.27544651464973,7029.912225248743,20.307760797420737,2.3628254237185016,41.39486509288557,343.6190007527669
2232,202.24885528420842,109.16659241911161,0.02567811631006659,72.31523164710843,219.3146352982065,7019.918639834013,20.177528108286847,2.3086377648670333,41.26417141574249,343.6070022583008
2233,201.32746420819308,106.43768741922915,0.025388935688349577,72.01670123466538,218.3538240817633,7009.925054419284,20.047295419152952,2.254450106015565,41.13347773859941,343.5940017700196
2234,200.40463697152825,103.71507679370161,0.025102523995444652,71.7181708222223,217.39301286532003,6999.931469004553,19.917062730019055,2.2002624471640977,41.002784061456325,343.5800043741862
2235,199.4803788824455,100.99866877746769,0.024818849484029078,71.41964040977925,216.4322016488768,6989.937883589822,19.786830040885164,2.14607478831263,40.872090384313246,343.5659993489583
2236,198.55469511824717,98.28837316361104,0.024537880814457253,71.12110999733619,215.4713904324336,6979.944298175093,19.656597351751277,2.0918871294611616,40.74139670717017,343.5510025024414
2237,197.62759072859367,95.58410127257767,0.024259587048699304,70.82257958489312,214.51057921599036,6969.950712760363,19.52636466261738,2.037699470609694,40.61070303002708,343.53600056966144
2238,196.6990706387254,92.88576592209051,0.023983937644386152,70.52404917245006,213.5497679995471,6959.957127345632,19.396131973483485,1.9835118117582256,40.480009352884,343.521001180013
2239,195.76913965257108,90.19328139774395,0.023710902448958925,70.22551876000699,212.58895678310387,6949.963541930902,19.265899284349597,1.929324152906758,40.34931567574092,343.50500233968097
2240,194.83780245579078,87.50656342426021,0.023440451693920217,69.92698834756393,211.62814556666063,6939.969956516172,19.1356665952157,1.87513649405529,40.21862199859784,343.48900349934894
2241,193.90506361874347,84.82552913739181,0.023172555989185502,69.62845793512088,210.6673343502174,6929.976371101442,19.005433906081805,1.820948835203822,40.08792832145476,343.47300211588544
2242,192.9709275993495,82.1500970564529,0.022907186317532278,69.3299275226778,209.7065231337742,6919.982785686711,18.875201216947914,1.7667611763523543,39.95723464431168,343.4559961954753
2243,192.035398745922,79.48018705746375,0.022644314029145112,69.03139711023475,208.74571191733096,6909.989200271982,18.74496852781402,1.7125735175008865,39.8265409671686,343.4390004475911
2244,191.09848129987068,76.81572034689302,0.022383910836254566,68.73286669779169,207.78490070088773,6899.995614857251,18.61473583868013,1.658385858649419,39.69584729002552,343.4219970703125
2245,190.16017939838855,74.156619435983,0.02212594880786809,68.43433628534862,206.82408948444453,6890.002029442521,18.484503149546235,1.6041981997979509,39.56515361288244,343.4040044148763
2246,189.2204970770303,71.50280811564298,0.021870400364591033,68.13580587290556,205.8632782680013,6880.008444027792,18.35427046041234,1.550010540946483,39.43445993573936,343.38599904378253
2247,188.2794382722296,68.85421143189656,0.02161723827353591,67.83727546046251,204.9024670515581,6870.014858613061,18.224037771278446,1.4958228820950157,39.30376625859628,343.36799875895184
2248,187.33700682377818,66.21075566186927,0.021366435643318176,67.53874504801945,203.94165583511483,6860.021273198331,18.093805082144552,1.4416352232435476,39.1730725814532,343.348996480306
2249,186.39320647719802,63.572368290302684,0.021117965919136797,67.24021463557638,202.98084461867165,6850.0276877836,17.96357239301066,1.3874475643920798,39.04237890431012,343.3310012817383
2250,185.44804088608754,60.938977986583026,0.02087180287793781,66.94168422313332,202.0200334022284,6840.034102368871,17.833339703876767,1.333259905540612,38.91168522716704,343.31199900309247
2251,184.5015136143888,58.310514582270045,0.020627920623659386,66.94168422313332,202.0200334022284,6840.034102368871,17.833339703876767,1.333259905540612,38.91168522716704,343.2929967244466
2252,184.00641342528803,57.195714033165274,0.020400326882437474,66.94168422313332,202.0200334022284,6840.034102368871,17.833339703876767,1.333259905540612,38.91168522716704,343.2729949951172
2253,183.51817878647537,56.55564815909284,0.020178786571915915,66.94168422313332,202.0200334022284,6840.034102368871,17.833339703876767,1.333259905540612,38.91168522716704,343.2530008951823
2254,183.03801032421356,56.06781111030196,0.019960688901473903,66.94168422313332,202.0200334022284,6840.034102368871,17.833339703876767,1.333259905540612,38.91168522716704,343.23299407958984
2255,182.56647560277761,55.631575076625175,0.019745258610594695,66.94168422313332,202.0200334022284,6840.034102368871,17.833339703876767,1.333259905540612,38.91168522716704,343.21199798583984
2256,182.10380033167658,55.21535406209686,0.019532234381572033,66.94168422313332,202.0200334022284,6840.034102368871,17.833339703876767,1.333259905540612,38.91168522716704,343.1909993489583
2257,181.65002493670335,54.809145979680366,0.019321512308990513,66.94168422313332,202.0200334022284,6840.034102368871,17.833339703876767,1.333259905540612,38.91168522716704,343.16900126139325
2258,181.20508897222916,54.409727631198336,0.01911303910740388,66.94168422313332,202.0200334022284,6840.034102368871,17.833339703876767,1.333259905540612,38.91168522716704,343.14600372314453
2259,180.7688768279839,54.01601520977002,0.0189067783702208,66.94168422313332,202.0200334022284,6840.034102368871,17.833339703876767,1.333259905540612,38.91168522716704,343.1230010986328
2260,180.34124264647212,53.62760403082514,0.01870269963557325,66.94168422313332,202.0200334022284,6840.034102368871,17.833339703876767,1.333259905540612,38.91168522716704,343.0999984741211
2261,179.9220240496656,53.24430694917669,0.018500774791490527,66.94168422313332,202.0200334022284,6840.034102368871,17.833339703876767,1.333259905540612,38.91168522716704,343.0759989420573
2262,179.51104982048994,52.86600782116808,0.018300976875130714,66.94168422313332,202.0200334022284,6840.034102368871,17.833339703876767,1.333259905540612,38.91168522716704,343.0509948730469
2263,179.10814430015213,52.49261475371455,0.018103279658459624,66.94168422313332,202.0200334022284,6840.034102368871,17.833339703876767,1.333259905540612,38.91168522716704,343.0259958902995
2264,178.7131299851789,52.12404508355246,0.017907657493971472,66.94168422313332,202.0200334022284,6840.034102368871,17.833339703876767,1.333259905540612,38.91168522716704,343.0010019938151
2265,178.32582912367081,51.760220486000534,0.017714085247463884,66.94168422313332,202.0200334022284,6840.034102368871,17.833339703876767,1.333259905540612,38.91168522716704,342.9749984741211
2266,177.94606474346347,51.401065332073635,0.01752253826085142,66.94168422313332,202.0200334022284,6840.034102368871,17.833339703876767,1.333259905540612,38.91168522716704,342.9490000406901
2267,177.5736613477556,51.04650609410726,0.017332992326128487,66.94168422313332,202.0200334022284,6840.034102368871,17.833339703876767,1.333259905540612,38.91168522716704,342.9229965209961
2268,177.208445408067,50.69647109408771,0.017145423664143827,66.94168422313332,202.0200334022284,6840.034102368871,17.833339703876767,1.333259905540612,38.91168522716704,342.8969955444336
2269,176.85024572697105,50.350890367274744,0.01695980890599057,66.94168422313332,202.0200334022284,6840.034102368871,17.833339703876767,1.333259905540612,38.91168522716704,342.8710021972656
2270,176.4988937124301,50.00969556737131,0.016776125076189318,66.94168422313332,202.0200334022284,6840.034102368871,17.833339703876767,1.333259905540612,38.91168522716704,342.8440017700196
2271,176.15422358832694,49.67281988901396,0.016594349577303588,66.94168422313332,202.0200334022284,6840.034102368871,17.833339703876767,1.333259905540612,38.91168522716704,342.81700134277344
2272,175.8160725566646,49.34019799938321,0.016414460175788386,66.94168422313332,202.0200334022284,6840.034102368871,17.833339703876767,1.333259905540612,38.91168522716704,342.7899983723958
2273,175.48428092156405,49.011765975951256,0.016236434988933148,66.94168422313332,202.0200334022284,6840.034102368871,17.833339703876767,1.333259905540612,38.91168522716704,342.76300048828125
2274,175.15869218208604,48.68746124910663,0.016060252472788115,66.94168422313332,202.0200334022284,6840.034102368871,17.833339703876767,1.333259905540612,38.91168522716704,342.7360000610352
2275,174.83915309918834,48.36722254898464,0.01588589141097847,66.94168422313332,202.0200334022284,6840.034102368871,17.833339703876767,1.333259905540612,38.91168522716704,342.70799255371094
2276,174.52551374086877,48.050989856048325,0.01571333090432167,66.94168422313332,202.0200334022284,6840.034102368871,17.833339703876767,1.333259905540612,38.91168522716704,342.68099721272785
2277,174.21762750880936,47.738704355058466,0.015542550361172221,66.94168422313332,202.0200334022284,6840.034102368871,17.833339703876767,1.333259905540612,38.91168522716704,342.65299733479816
2278,173.91535114928186,47.43030839212226,0.015373529488425826,66.94168422313332,202.0200334022284,6840.034102368871,17.833339703876767,1.333259905540612,38.91168522716704,342.62599690755206
2279,173.61854475064865,47.12574543454596,0.015206248283121778,66.94168422313332,202.0200334022284,6840.034102368871,17.833339703876767,1.333259905540612,38.91168522716704,342.5979970296224
2280,173.32707172945928,46.82496003324434,0.015040687024588268,66.94168422313332,202.0200334022284,6840.034102368871,17.833339703876767,1.333259905540612,38.91168522716704,342.5699996948242
2281,173.04079880686373,46.52789778748468,0.014876826267081105,66.94168422313332,202.0200334022284,6840.034102368871,17.833339703876767,1.333259905540612,38.91168522716704,342.5429992675781
2282,172.7595959768964,46.23450531176459,0.014714646832870893,66.94168422313332,202.0200334022284,6840.034102368871,17.833339703876767,1.333259905540612,38.91168522716704,342.51499938964844
2283,172.48333646784585,45.9447302046419,0.014554129805738388,66.94168422313332,202.0200334022284,6840.034102368871,17.833339703876767,1.333259905540612,38.91168522716704,342.4869969685872
2284,172.21189669797118,45.65852101935226,0.014395256524841575,66.94168422313332,202.0200334022284,6840.034102368871,17.833339703876767,1.333259905540612,38.91168522716704,342.4590021769206
2285,171.94515622641873,45.37582723606603,0.014238008578921733,66.94168422313332,202.0200334022284,6840.034102368871,17.833339703876767,1.333259905540612,38.91168522716704,342.4310022989909
2286,171.6829977003659,45.09659923564966,0.014082367800818726,66.94168422313332,202.0200334022284,6840.034102368871,17.833339703876767,1.333259905540612,38.91168522716704,342.4030024210612
2287,171.4253067989674,44.82078827480983,0.013928316262268974,66.94168422313332,202.0200334022284,6840.034102368871,17.833339703876767,1.333259905540612,38.91168522716704,342.3750025431316
2288,171.17197217490215,44.54834646250963,0.013775836268961854,66.94168422313332,202.0200334022284,6840.034102368871,17.833339703876767,1.333259905540612,38.91168522716704,342.3479970296224
2289,170.92288539402116,44.27922673755698,0.013624910355832862,66.94168422313332,202.0200334022284,6840.034102368871,17.833339703876767,1.333259905540612,38.91168522716704,342.3199971516927
2290,170.67794087358808,44.01338284727415,0.013475521282573809,66.94168422313332,202.0200334022284,6840.034102368871,17.833339703876767,1.333259905540612,38.91168522716704,342.291997273763
2291,170.437035819561,43.75076932716586,0.01332765202934233,66.94168422313332,202.0200334022284,6840.034102368871,17.833339703876767,1.333259905540612,38.91168522716704,342.26399993896484
2292,170.20007016324837,43.49134148151142,0.013181285792654677,66.94168422313332,202.0200334022284,6840.034102368871,17.833339703876767,1.333259905540612,38.91168522716704,342.2360026041667
2293,169.96694649771698,43.235055364812496,0.01303640598144724,66.94168422313332,202.0200334022284,6840.034102368871,17.833339703876767,1.333259905540612,38.91168522716704,342.20800018310547
2294,169.73757001412483,42.98186776403483,0.01289299621329373,66.94168422313332,202.0200334022284,6840.034102368871,17.833339703876767,1.333259905540612,38.91168522716704,342.1800003051758
2295,169.51184843831234,42.73173618158747,0.012751040310766069,66.94168422313332,202.0200334022284,6840.034102368871,17.833339703876767,1.333259905540612,38.91168522716704,342.15199788411456
2296,169.289691967785,42.48461881898829,0.012610522297928374,66.94168422313332,202.0200334022284,6840.034102368871,17.833339703876767,1.333259905540612,38.91168522716704,342.1230010986328
2297,169.07101320926543,42.240474561169066,0.012471426396954133,66.94168422313332,202.0200334022284,6840.034102368871,17.833339703876767,1.333259905540612,38.91168522716704,342.0949961344401
2298,168.85572711695949,41.99926296137751,0.012333737024857905,66.94168422313332,202.0200334022284,6840.034102368871,17.833339703876767,1.333259905540612,38.91168522716704,342.06699625651044
2299,168.64375093169497,41.76094422663729,0.012197438790333427,66.94168422313332,202.0200334022284,6840.034102368871,17.833339703876767,1.333259905540612,38.91168522716704,342.0390014648437
2300,168.43500412090435,41.52547920373047,0.012062516490690936,66.94168422313332,202.0200334022284,6840.034102368871,17.833339703876767,1.333259905540612,38.91168522716704,342.01100667317706
2301,168.22940831971877,41.29282936567,0.011928955108887071,66.94168422313332,202.0200334022284,6840.034102368871,17.833339703876767,1.333259905540612,38.91168522716704,341.9830017089844
2302,168.02688727305178,41.06295679863234,0.011796739810641398,66.94168422313332,202.0200334022284,6840.034102368871,17.833339703876767,1.333259905540612,38.91168522716704,341.9549967447917
2303,167.82736677886155,40.835824189323034,0.011665855941634086,66.94168422313332,202.0200334022284,6840.034102368871,17.833339703876767,1.333259905540612,38.91168522716704,341.92699940999347
2304,167.63077463253603,40.61139481275025,0.011536289024779768,66.94168422313332,202.0200334022284,6840.034102368871,17.833339703876767,1.333259905540612,38.91168522716704,341.8989995320638
2305,167.4370405725053,40.38963252038317,0.011408024757573096,66.94168422313332,202.0200334022284,6840.034102368871,17.833339703876767,1.333259905540612,38.91168522716704,341.8709996541341
2306,167.24609622704435,40.17050172867435,0.011281049009501826,66.94168422313332,202.0200334022284,6840.034102368871,17.833339703876767,1.333259905540612,38.91168522716704,341.84300231933594
2307,167.05787506230953,39.95396740792642,0.011155347819523726,66.94168422313332,202.0200334022284,6840.034102368871,17.833339703876767,1.333259905540612,38.91168522716704,341.81500244140625
2308,166.87231233161305,39.73999507148526,0.011030907393603828,66.94168422313332,202.0200334022284,6840.034102368871,17.833339703876767,1.333259905540612,38.91168522716704,341.78700256347656
2309,166.68934502592427,39.528550765243246,0.010907714102308862,66.94168422313332,202.0200334022284,6840.034102368871,17.833339703876767,1.333259905540612,38.91168522716704,341.75900014241535
2310,166.5089118256032,39.31960105743711,0.010785754478456077,66.94168422313332,202.0200334022284,6840.034102368871,17.833339703876767,1.333259905540612,38.91168522716704,341.73100026448566
2311,166.33095305337585,39.11311302872646,0.010665015214813691,66.94168422313332,202.0200334022284,6840.034102368871,17.833339703876767,1.333259905540612,38.91168522716704,341.7030029296875
2312,166.15541062848774,38.90905426253985,0.010545483161850633,66.94168422313332,202.0200334022284,6840.034102368871,17.833339703876767,1.333259905540612,38.91168522716704,341.6750005086263
2313,165.9822280220927,38.70739283567608,0.010427145325533311,66.94168422313332,202.0200334022284,6840.034102368871,17.833339703876767,1.333259905540612,38.91168522716704,341.6470006306966
2314,165.8113502138012,38.50809730914983,0.010309988865167345,66.94168422313332,202.0200334022284,6840.034102368871,17.833339703876767,1.333259905540612,38.91168522716704,341.61900329589844
2315,165.642723649419,38.3111367192707,0.010194001091282405,66.94168422313332,202.0200334022284,6840.034102368871,17.833339703876767,1.333259905540612,38.91168522716704,341.59100341796875
2316,165.47629619978701,38.11648056894631,0.010079169463558352,66.94168422313332,202.0200334022284,6840.034102368871,17.833339703876767,1.333259905540612,38.91168522716704,341.56299591064453
2317,165.3120171208094,37.9240988192,0.00996548158879111,66.94168422313332,202.0200334022284,6840.034102368871,17.833339703876767,1.333259905540612,38.91168522716704,341.5350062052409
2318,165.1498370145312,37.73396188089484,0.009852925218896743,66.94168422313332,202.0200334022284,6840.034102368871,17.833339703876767,1.333259905540612,38.91168522716704,341.5069986979167
2319,164.98970779131588,37.54604060665596,0.009741488248952369,66.94168422313332,202.0200334022284,6840.034102368871,17.833339703876767,1.333259905540612,38.91168522716704,341.4780019124349
2320,164.83158263308883,37.36030628298356,0.009631158715272575,66.94168422313332,202.0200334022284,6840.034102368871,17.833339703876767,1.333259905540612,38.91168522716704,341.4499994913737
2321,164.67541595759658,37.176730622549854,0.009521924793520178,66.94168422313332,202.0200334022284,6840.034102368871,17.833339703876767,1.333259905540612,38.91168522716704,341.42199961344403
2322,164.52116338369925,36.9952857566732,0.009413774796850165,66.94168422313332,202.0200334022284,6840.034102368871,17.833339703876767,1.333259905540612,38.91168522716704,341.39400482177734
2323,164.36878169760388,36.81594422796316,0.0093066971740858,66.94168422313332,202.0200334022284,6840.034102368871,17.833339703876767,1.333259905540612,38.91168522716704,341.3659973144531
2324,164.21822882011787,36.638678983130944,0.00920068050792586,66.94168422313332,202.0200334022284,6840.034102368871,17.833339703876767,1.333259905540612,38.91168522716704,341.33799997965497
2325,164.06946377478124,36.463463365959306,0.009095713513182148,66.94168422313332,202.0200334022284,6840.034102368871,17.833339703876767,1.333259905540612,38.91168522716704,341.3100001017253
2326,163.9224466569556,36.29027111042707,0.008991785035046333,66.94168422313332,202.0200334022284,6840.034102368871,17.833339703876767,1.333259905540612,38.91168522716704,341.28200276692706
2327,163.77713860376954,36.11907633398308,0.008888884047385396,66.94168422313332,202.0200334022284,6840.034102368871,17.833339703876767,1.333259905540612,38.91168522716704,341.25399525960285
2328,163.63350176494438,35.94985353096503,0.008786999651064794,66.94168422313332,202.0200334022284,6840.034102368871,17.833339703876767,1.333259905540612,38.91168522716704,341.2259979248047
2329,163.4914992744624,35.78257756615871,0.008686121072298731,66.94168422313332,202.0200334022284,6840.034102368871,17.833339703876767,1.333259905540612,38.91168522716704,341.19700113932294
2330,163.35109522304128,35.6172236684934,0.008586237661026761,66.94168422313332,202.0200334022284,6840.034102368871,17.833339703876767,1.333259905540612,38.91168522716704,341.1689961751302
2331,163.21225463141434,35.45376742486951,0.00848733888931611,66.94168422313332,202.0200334022284,6840.034102368871,17.833339703876767,1.333259905540612,38.91168522716704,341.1409962972005
2332,163.07494342438207,35.29218477411444,0.008389414349789077,66.94168422313332,202.0200334022284,6840.034102368871,17.833339703876767,1.333259905540612,38.91168522716704,341.1129964192708
2333,162.93912840561336,35.13245200106326,0.00829245375407495,66.94168422313332,202.0200334022284,6840.034102368871,17.833339703876767,1.333259905540612,38.91168522716704,341.08399963378906
2334,162.80477723317273,34.974545730760454,0.00819644693128582,66.94168422313332,202.0200334022284,6840.034102368871,17.833339703876767,1.333259905540612,38.91168522716704,341.0560022989909
2335,162.67185839577442,34.818442922779674,0.008101383826515818,66.94168422313332,202.0200334022284,6840.034102368871,17.833339703876767,1.333259905540612,38.91168522716704,341.0279998779297
2336,162.54034118969702,34.664120865658035,0.008007254499363209,66.94168422313332,202.0200334022284,6840.034102368871,17.833339703876767,1.333259905540612,38.91168522716704,341.0
2337,162.41019569639636,34.51155717144211,0.007914049122474884,66.94168422313332,202.0200334022284,6840.034102368871,17.833339703876767,1.333259905540612,38.91168522716704,340.97100321451825
2338,162.28139276074938,34.36072977034249,0.007821757980112743,66.94168422313332,202.0200334022284,6840.034102368871,17.833339703876767,1.333259905540612,38.91168522716704,340.94299570719403
2339,162.15390396993703,34.21161690549434,0.007730371466741556,66.94168422313332,202.0200334022284,6840.034102368871,17.833339703876767,1.333259905540612,38.91168522716704,340.9139989217122
2340,162.02770163293766,34.06419712782096,0.007639880085637821,66.94168422313332,202.0200334022284,6840.034102368871,17.833339703876767,1.333259905540612,38.91168522716704,340.88599904378253
2341,161.90275876061426,33.91844929099797,0.007550274447519239,66.94168422313332,202.0200334022284,6840.034102368871,17.833339703876767,1.333259905540612,38.91168522716704,340.8570022583008
2342,161.77904904637862,33.77435254651543,0.007461545269194358,66.94168422313332,202.0200334022284,6840.034102368871,17.833339703876767,1.333259905540612,38.91168522716704,340.8289998372396
2343,161.65654684741895,33.631886338835685,0.007373683372232025,66.94168422313332,202.0200334022284,6840.034102368871,17.833339703876767,1.333259905540612,38.91168522716704,340.8000030517578
2344,161.5352271664696,33.491030400644306,0.007286679681650275,66.94168422313332,202.0200334022284,6840.034102368871,17.833339703876767,1.333259905540612,38.91168522716704,340.7709986368816
2345,161.41506563410937,33.35176474819224,0.007200525224624238,66.94168422313332,202.0200334022284,6840.034102368871,17.833339703876767,1.333259905540612,38.91168522716704,340.7430013020833
2346,161.29603849155674,33.21406967672661,0.007115211129212755,66.94168422313332,202.0200334022284,6840.034102368871,17.833339703876767,1.333259905540612,38.91168522716704,340.71400197347003
2347,161.17812257399473,33.077925756008376,0.007030728623103365,66.94168422313332,202.0200334022284,6840.034102368871,17.833339703876767,1.333259905540612,38.91168522716704,340.6850001017253
2348,161.06129529435037,32.94331382591468,0.006947069032375296,66.94168422313332,202.0200334022284,6840.034102368871,17.833339703876767,1.333259905540612,38.91168522716704,340.65599314371747
2349,160.94553462754087,32.810214992123825,0.006864223780280135,66.94168422313332,202.0200334022284,6840.034102368871,17.833339703876767,1.333259905540612,38.91168522716704,340.6270014444987
2350,160.83081909520018,32.67861062188123,0.006782184386039912,66.94168422313332,202.0200334022284,6840.034102368871,17.833339703876767,1.333259905540612,38.91168522716704,340.5979995727539
2351,160.71712775081033,32.54848233984422,0.006700942463662203,66.94168422313332,202.0200334022284,6840.034102368871,17.833339703876767,1.333259905540612,38.91168522716704,340.5690002441406
2352,160.60444016528666,32.419812024004116,0.006620489720772071,66.94168422313332,202.0200334022284,6840.034102368871,17.833339703876767,1.333259905540612,38.91168522716704,340.5400034586589
2353,160.49273641298356,32.29258180168373,0.006540817957460428,66.94168422313332,202.0200334022284,6840.034102368871,17.833339703876767,1.333259905540612,38.91168522716704,340.51099650065106
2354,160.38199705805332,32.16677404560856,0.006461919065148626,66.94168422313332,202.0200334022284,6840.034102368871,17.833339703876767,1.333259905540612,38.91168522716704,340.48100026448566
2355,160.27220314126387,32.04237137005028,0.006383785025468969,66.94168422313332,202.0200334022284,6840.034102368871,17.833339703876767,1.333259905540612,38.91168522716704,340.4520009358724
2356,160.1633361671359,31.9193566270406,0.0063064079091608655,66.94168422313332,202.0200334022284,6840.034102368871,17.833339703876767,1.333259905540612,38.91168522716704,340.4229965209961
2357,160.05537809149652,31.797712902654226,0.006229779874982376,66.94168422313332,202.0200334022284,6840.034102368871,17.833339703876767,1.333259905540612,38.91168522716704,340.3939971923828
2358,159.94831130933716,31.677423513359315,0.006153893168636888,66.94168422313332,202.0200334022284,6840.034102368871,17.833339703876767,1.333259905540612,38.91168522716704,340.36500040690106
2359,159.84211864307022,31.558472002433927,0.006078740121714673,66.94168422313332,202.0200334022284,6840.034102368871,17.833339703876767,1.333259905540612,38.91168522716704,340.33600362141925
2360,159.73678333108666,31.440842136447138,0.00600431315064908,66.94168422313332,202.0200334022284,6840.034102368871,17.833339703876767,1.333259905540612,38.91168522716704,340.30699666341144
2361,159.63228901663555,31.324517901803382,0.005930604755687115,66.94168422313332,202.0200334022284,6840.034102368871,17.833339703876767,1.333259905540612,38.91168522716704,340.2780024210612
2362,159.52861973706038,31.2094835013487,0.005857607519874186,66.94168422313332,202.0200334022284,6840.034102368871,17.833339703876767,1.333259905540612,38.91168522716704,340.25
2363,159.42575991329426,31.095723351037556,0.005785314108052771,66.94168422313332,202.0200334022284,6840.034102368871,17.833339703876767,1.333259905540612,38.91168522716704,340.22100321451825
2364,159.32369433967077,30.983222076659043,0.005713717265874799,66.94168422313332,202.0200334022284,6840.034102368871,17.833339703876767,1.333259905540612,38.91168522716704,340.19299570719403
2365,159.22240817404156,30.871964510621062,0.005642809818827499,66.94168422313332,202.0200334022284,6840.034102368871,17.833339703876767,1.333259905540612,38.91168522716704,340.16500091552734
2366,159.12188692813828,30.76193568879146,0.005572584671272533,66.94168422313332,202.0200334022284,6840.034102368871,17.833339703876767,1.333259905540612,38.91168522716704,340.13700103759766
2367,159.02211645824016,30.65312084739484,0.005503034805498174,66.94168422313332,202.0200334022284,6840.034102368871,17.833339703876767,1.333259905540612,38.91168522716704,340.1080017089844
2368,158.923082956088,30.545505419963888,0.0054341532807843365,66.94168422313332,202.0200334022284,6840.034102368871,17.833339703876767,1.333259905540612,38.91168522716704,340.0799992879232
2369,158.8247729400454,30.43907503434414,0.00536593323248025,66.94168422313332,202.0200334022284,6840.034102368871,17.833339703876767,1.333259905540612,38.91168522716704,340.051996866862
2370,158.7271732465347,30.33381550975112,0.00529836787109459,66.94168422313332,202.0200334022284,6840.034102368871,17.833339703876767,1.333259905540612,38.91168522716704,340.0250015258789
2371,158.6302710216859,30.229712853878688,0.005231450481397837,66.94168422313332,202.0200334022284,6840.034102368871,17.833339703876767,1.333259905540612,38.91168522716704,339.9970016479492
2372,158.53405371324513,30.12675326005765,0.005165174421536716,66.94168422313332,202.0200334022284,6840.034102368871,17.833339703876767,1.333259905540612,38.91168522716704,339.96899668375653
2373,158.4385090626826,30.024923104463596,0.00509953312216051,66.94168422313332,202.0200334022284,6840.034102368871,17.833339703876767,1.333259905540612,38.91168522716704,339.94100189208984
2374,158.34362509755263,29.924208943372953,0.005034520085559038,66.94168422313332,202.0200334022284,6840.034102368871,17.833339703876767,1.333259905540612,38.91168522716704,339.9139989217122
2375,158.24939012403092,29.824597510466287,0.004970128884812165,66.94168422313332,202.0200334022284,6840.034102368871,17.833339703876767,1.333259905540612,38.91168522716704,339.88599904378253
2376,158.15579271970037,29.726075714177963,0.0049063531629506265,66.94168422313332,202.0200334022284,6840.034102368871,17.833339703876767,1.333259905540612,38.91168522716704,339.8590037027995
2377,158.0628217264945,29.62863063509117,0.004843186632128022,66.94168422313332,202.0200334022284,6840.034102368871,17.833339703876767,1.333259905540612,38.91168522716704,339.83099873860675
2378,157.97046624387693,29.532249523377466,0.004780623072803774,66.94168422313332,202.0200334022284,6840.034102368871,17.833339703876767,1.333259905540612,38.91168522716704,339.8040008544922
2379,157.8787156221864,29.436919796279927,0.004718656332936916,66.94168422313332,202.0200334022284,6840.034102368871,17.833339703876767,1.333259905540612,38.91168522716704,339.7769953409831
2380,157.78755945616948,29.342629035639106,0.0046572803271905374,66.94168422313332,202.0200334022284,6840.034102368871,17.833339703876767,1.333259905540612,38.91168522716704,339.74999745686847
2381,157.696987578696,29.24936498546088,0.004596489036146713,66.94168422313332,202.0200334022284,6840.034102368871,17.833339703876767,1.333259905540612,38.91168522716704,339.7229995727539
2382,157.60699005465273,29.157115549525408,0.004536276505531757,66.94168422313332,202.0200334022284,6840.034102368871,17.833339703876767,1.333259905540612,38.91168522716704,339.6959966023763
2383,157.51755717499114,29.065868789036436,0.004476636845451663,66.94168422313332,202.0200334022284,6840.034102368871,17.833339703876767,1.333259905540612,38.91168522716704,339.66900126139325
2384,157.4286794509557,28.97561292031007,0.004417564229637563,66.94168422313332,202.0200334022284,6840.034102368871,17.833339703876767,1.333259905540612,38.91168522716704,339.64200083414715
2385,157.34034760846035,28.88633631250241,0.004359052894701057,66.94168422313332,202.0200334022284,6840.034102368871,17.833339703876767,1.333259905540612,38.91168522716704,339.61500040690106
2386,157.25255258261765,28.798027485375084,0.004301097139399272,66.94168422313332,202.0200334022284,6840.034102368871,17.833339703876767,1.333259905540612,38.91168522716704,339.58799997965497
2387,157.1652855124308,28.710675107098147,0.004243691323909487,66.94168422313332,202.0200334022284,6840.034102368871,17.833339703876767,1.333259905540612,38.91168522716704,339.5609944661458
2388,157.07853773561735,28.624267992089578,0.00418682986911321,66.94168422313332,202.0200334022284,6840.034102368871,17.833339703876767,1.333259905540612,38.91168522716704,339.53500111897785
2389,156.99230078358104,28.53879509889052,0.00413050725588954,66.94168422313332,202.0200334022284,6840.034102368871,17.833339703876767,1.333259905540612,38.91168522716704,339.5080006917317
2390,156.90656637651884,28.454245528075912,0.004074718024417691,66.94168422313332,202.0200334022284,6840.034102368871,17.833339703876767,1.333259905540612,38.91168522716704,339.4809977213542
2391,156.82132641865562,28.370608520199454,0.004019456773488534,66.94168422313332,202.0200334022284,6840.034102368871,17.833339703876767,1.333259905540612,38.91168522716704,339.4549992879232
2392,156.73657299363236,28.287873453772583,0.003964718159825041,66.94168422313332,202.0200334022284,6840.034102368871,17.833339703876767,1.333259905540612,38.91168522716704,339.4289957682292
2393,156.6522983599829,28.206029843276596,0.003910496897411465,66.94168422313332,202.0200334022284,6840.034102368871,17.833339703876767,1.333259905540612,38.91168522716704,339.4020029703776
2394,156.56849494675512,28.125067337207426,0.0038567877568311715,66.94168422313332,202.0200334022284,6840.034102368871,17.833339703876767,1.333259905540612,38.91168522716704,339.3760045369466
2395,156.48515534926173,28.044975716152408,0.003803585564612973,66.94168422313332,202.0200334022284,6840.034102368871,17.833339703876767,1.333259905540612,38.91168522716704,339.3500010172526
2396,156.40227232491443,27.96574489089845,0.003750885202585813,66.94168422313332,202.0200334022284,6840.034102368871,17.833339703876767,1.333259905540612,38.91168522716704,339.322998046875
2397,156.31983878919561,27.88736490057098,0.003698681607241755,66.94168422313332,202.0200334022284,6840.034102368871,17.833339703876767,1.333259905540612,38.91168522716704,339.2969970703125
2398,156.23784781173077,27.80982591080317,0.0036469697691070575,66.94168422313332,202.0200334022284,6840.034102368871,17.833339703876767,1.333259905540612,38.91168522716704,339.27100372314453
2399,156.1562926124622,27.73311821193486,0.0035957447321213103,66.94168422313332,202.0200334022284,6840.034102368871,17.833339703876767,1.333259905540612,38.91168522716704,339.2450002034505
2400,156.0751665579359,27.65723221724052,0.00354500159302445,66.94168422313332,202.0200334022284,6840.034102368871,17.833339703876767,1.333259905540612,38.91168522716704,339.21899668375653
2401,155.99446315767466,27.58215846118595,0.0034947355007515666,66.94168422313332,202.0200334022284,6840.034102368871,17.833339703876767,1.333259905540612,38.91168522716704,339.1929982503255
2402,155.91417606065576,27.507887597712887,0.00344494165583539,66.94168422313332,202.0200334022284,6840.034102368871,17.833339703876767,1.333259905540612,38.91168522716704,339.16699981689453
2403,155.8342990518901,27.434410398551293,0.0033956153098163447,66.94168422313332,202.0200334022284,6840.034102368871,17.833339703876767,1.333259905540612,38.91168522716704,339.1410013834636
2404,155.75482604906827,27.361717751558615,0.003346751764660051,66.94168422313332,202.0200334022284,6840.034102368871,17.833339703876767,1.333259905540612,38.91168522716704,339.1160024007161
2405,155.6757510993268,27.289800659085653,0.0032983463721821898,66.94168422313332,202.0200334022284,6840.034102368871,17.833339703876767,1.333259905540612,38.91168522716704,339.0899988810221
2406,155.59706837607473,27.218650236368436,0.003250394533480603,66.94168422313332,202.0200334022284,6840.034102368871,17.833339703876767,1.333259905540612,38.91168522716704,339.06400299072266
2407,155.51877217592397,27.148257709945778,0.0032028916983745373,66.94168422313332,202.0200334022284,6840.034102368871,17.833339703876767,1.333259905540612,38.91168522716704,339.0389989217122
2408,155.4408569156842,27.07861441610188,0.00315583336485093,66.94168422313332,202.0200334022284,6840.034102368871,17.833339703876767,1.333259905540612,38.91168522716704,339.01300048828125
2409,155.36331712943957,27.00971179933368,0.0031092150785176327,66.94168422313332,202.0200334022284,6840.034102368871,17.833339703876767,1.333259905540612,38.91168522716704,338.9879964192708
2410,155.2861474657247,26.941541410842405,0.003063032432063479,66.94168422313332,202.0200334022284,6840.034102368871,17.833339703876767,1.333259905540612,38.91168522716704,338.96200307210285
2411,155.20934268474142,26.874094907048953,0.003017281064725097,66.94168422313332,202.0200334022284,6840.034102368871,17.833339703876767,1.333259905540612,38.91168522716704,338.93699900309247
2412,155.13289765566913,26.80736404813259,0.0029719566617603674,66.94168422313332,202.0200334022284,6840.034102368871,17.833339703876767,1.333259905540612,38.91168522716704,338.91099802653
2413,155.05680735404712,26.74134069659269,0.0029270549539284433,66.94168422313332,202.0200334022284,6840.034102368871,17.833339703876767,1.333259905540612,38.91168522716704,338.88599904378253
2414,154.98106685921348,26.676016815832917,0.002882571716976228,66.94168422313332,202.0200334022284,6840.034102368871,17.833339703876767,1.333259905540612,38.91168522716704,338.8610000610352
2415,154.90567135181556,26.611384468767667,0.002838502771131232,66.94168422313332,202.0200334022284,6840.034102368871,17.833339703876767,1.333259905540612,38.91168522716704,338.8350016276042
2416,154.83061611139817,26.547435816450147,0.002794843980600704,66.94168422313332,202.0200334022284,6840.034102368871,17.833339703876767,1.333259905540612,38.91168522716704,338.8099975585937
2417,154.75589651402575,26.48416311672191,0.002751591253076975,66.94168422313332,202.0200334022284,6840.034102368871,17.833339703876767,1.333259905540612,38.91168522716704,338.7849985758464
2418,154.68150802999824,26.421558722883344,0.0027087405392488936,66.94168422313332,202.0200334022284,6840.034102368871,17.833339703876767,1.333259905540612,38.91168522716704,338.76000213623047
2419,154.60744622161067,26.359615082384757,0.0026662878323192953,66.94168422313332,202.0200334022284,6840.034102368871,17.833339703876767,1.333259905540612,38.91168522716704,338.7350006103516
2420,154.53370674096138,26.298324735537758,0.0026242291675284126,66.94168422313332,202.0200334022284,6840.034102368871,17.833339703876767,1.333259905540612,38.91168522716704,338.7100016276042
2421,154.46028532783677,26.23768031424654,0.002582560621683139,66.94168422313332,202.0200334022284,6840.034102368871,17.833339703876767,1.333259905540612,38.91168522716704,338.6850001017253
2422,154.38717780764165,26.17767454075865,0.0025412783126920824,66.94168422313332,202.0200334022284,6840.034102368871,17.833339703876767,1.333259905540612,38.91168522716704,338.6599985758464
2423,154.3143800893748,26.11830022643509,0.0025003783991062955,66.94168422313332,202.0200334022284,6840.034102368871,17.833339703876767,1.333259905540612,38.91168522716704,338.63599904378253
2424,154.24188816367462,26.05955027053915,0.0024598570796656462,66.94168422313332,202.0200334022284,6840.034102368871,17.833339703876767,1.333259905540612,38.91168522716704,338.6109975179036
2425,154.16969810089284,26.00141765904393,0.002419710592850719,66.94168422313332,202.0200334022284,6840.034102368871,17.833339703876767,1.333259905540612,38.91168522716704,338.58600362141925
2426,154.0978060492419,25.94389546345797,0.0023799352164401784,66.94168422313332,202.0200334022284,6840.034102368871,17.833339703876767,1.333259905540612,38.91168522716704,338.56099700927734
2427,154.02620823296516,25.886976839668883,0.002340527267073544,66.94168422313332,202.0200334022284,6840.034102368871,17.833339703876767,1.333259905540612,38.91168522716704,338.53700002034503
2428,153.95490095057093,25.830655026804557,0.0023014830998192497,66.94168422313332,202.0200334022284,6840.034102368871,17.833339703876767,1.333259905540612,38.91168522716704,338.51200103759766
2429,153.88388057311548,25.7749233461116,0.002262799107747977,66.94168422313332,202.0200334022284,6840.034102368871,17.833339703876767,1.333259905540612,38.91168522716704,338.4880065917969
2430,153.81314354249707,25.71977519985091,0.0022244717215111494,66.94168422313332,202.0200334022284,6840.034102368871,17.833339703876767,1.333259905540612,38.91168522716704,338.46300252278644
2431,153.74268636984107,25.66520407020983,0.0021864974089245283,66.94168422313332,202.0200334022284,6840.034102368871,17.833339703876767,1.333259905540612,38.91168522716704,338.4389953613281
2432,153.67250563388956,25.61120351823083,0.002148872674556844,66.94168422313332,202.0200334022284,6840.034102368871,17.833339703876767,1.333259905540612,38.91168522716704,338.41399637858075
2433,153.60259797944244,25.557767182756237,0.002111594059323396,66.94168422313332,202.0200334022284,6840.034102368871,17.833339703876767,1.333259905540612,38.91168522716704,338.39000193278
2434,153.53296011584538,25.504888779388946,0.002074658140084544,66.94168422313332,202.0200334022284,6840.034102368871,17.833339703876767,1.333259905540612,38.91168522716704,338.3660024007161
2435,153.46358881550037,25.452562099468615,0.0020380615292490394,66.94168422313332,202.0200334022284,6840.034102368871,17.833339703876767,1.333259905540612,38.91168522716704,338.34099833170575
2436,153.39448091243725,25.40078100906328,0.00200180087438212,66.94168422313332,202.0200334022284,6840.034102368871,17.833339703876767,1.333259905540612,38.91168522716704,338.31700134277344
2437,153.32563330088658,25.349539447976007,0.0019658728578183012,66.94168422313332,202.0200334022284,6840.034102368871,17.833339703876767,1.333259905540612,38.91168522716704,338.2930043538411
2438,153.25704293393022,25.2988314287664,0.0019302741962788264,66.94168422313332,202.0200334022284,6840.034102368871,17.833339703876767,1.333259905540612,38.91168522716704,338.2690022786458
2439,153.18870682214697,25.248651035786615,0.001895001640493666,66.94168422313332,202.0200334022284,6840.034102368871,17.833339703876767,1.333259905540612,38.91168522716704,338.2450052897136
2440,153.12062203231272,25.19899242423177,0.0018600519748280656,66.94168422313332,202.0200334022284,6840.034102368871,17.833339703876767,1.333259905540612,38.91168522716704,338.2210006713867
2441,153.05278568613943,25.149849819204423,0.0018254220169135194,66.94168422313332,202.0200334022284,6840.034102368871,17.833339703876767,1.333259905540612,38.91168522716704,338.1969985961914
2442,152.98519495901664,25.101217514792864,0.0017911086172831632,66.94168422313332,202.0200334022284,6840.034102368871,17.833339703876767,1.333259905540612,38.91168522716704,338.1730016072591
2443,152.9178470788175,25.05308987316308,0.0017571086590115004,66.94168422313332,202.0200334022284,6840.034102368871,17.833339703876767,1.333259905540612,38.91168522716704,338.1489995320638
2444,152.85073932471437,25.00546132366408,0.0017234190573583996,66.94168422313332,202.0200334022284,6840.034102368871,17.833339703876767,1.333259905540612,38.91168522716704,338.1250025431316
2445,152.7838690260277,24.958326361946384,0.0016900367594173244,66.94168422313332,202.0200334022284,6840.034102368871,17.833339703876767,1.333259905540612,38.91168522716704,338.1009953816732
2446,152.71723356110346,24.911679549093513,0.0016569587437677308,66.94168422313332,202.0200334022284,6840.034102368871,17.833339703876767,1.333259905540612,38.91168522716704,338.0769958496094
2447,152.65083035622393,24.865515510766144,0.0016241820201315816,66.94168422313332,202.0200334022284,6840.034102368871,17.833339703876767,1.333259905540612,38.91168522716704,338.0529963175456
2448,152.58465688453546,24.819828936358835,0.0015917036290339075,66.94168422313332,202.0200334022284,6840.034102368871,17.833339703876767,1.333259905540612,38.91168522716704,338.0299987792969
2449,152.5187106650064,24.77461457816909,0.0015595206414673853,66.94168422313332,202.0200334022284,6840.034102368871,17.833339703876767,1.333259905540612,38.91168522716704,338.0059992472331
2450,152.45298926142016,24.72986725057848,0.001527630158560866,66.94168422313332,202.0200334022284,6840.034102368871,17.833339703876767,1.333259905540612,38.91168522716704,337.98199971516925
2451,152.38749028137502,24.685581829245738,0.0014960293112518022,66.94168422313332,202.0200334022284,6840.034102368871,17.833339703876767,1.333259905540612,38.91168522716704,337.95899963378906
2452,152.32221137531315,24.64175325031155,0.0014647152599625286,66.94168422313332,202.0200334022284,6840.034102368871,17.833339703876767,1.333259905540612,38.91168522716704,337.9349950154622
2453,152.25715023560895,24.59837650961487,0.0014336851942803373,66.94168422313332,202.0200334022284,6840.034102368871,17.833339703876767,1.333259905540612,38.91168522716704,337.91200002034503
2454,152.1923045955906,24.555446661920616,0.0014029363326413108,66.94168422313332,202.0200334022284,6840.034102368871,17.833339703876767,1.333259905540612,38.91168522716704,337.88800048828125
2455,152.12767222870534,24.512958820158474,0.0013724659220178512,66.94168422313332,202.0200334022284,6840.034102368871,17.833339703876767,1.333259905540612,38.91168522716704,337.86500040690106
2456,152.0632509475997,24.470908154672724,0.0013422712376098627,66.94168422313332,202.0200334022284,6840.034102368871,17.833339703876767,1.333259905540612,38.91168522716704,337.8420003255208
2457,151.9990386032911,24.42928989248282,0.0013123495825395433,66.94168422313332,202.0200334022284,6840.034102368871,17.833339703876767,1.333259905540612,38.91168522716704,337.81800079345703
2458,151.9350330843041,24.38809931655465,0.001282698287549733,66.94168422313332,202.0200334022284,6840.034102368871,17.833339703876767,1.333259905540612,38.91168522716704,337.7949981689453
2459,151.87123231588777,24.347331765082195,0.0012533147107057776,66.94168422313332,202.0200334022284,6840.034102368871,17.833339703876767,1.333259905540612,38.91168522716704,337.7720006306966
2460,151.80763425920316,24.306982630779487,0.0012241962371008584,66.94168422313332,202.0200334022284,6840.034102368871,17.833339703876767,1.333259905540612,38.91168522716704,337.7489980061849
2461,151.74423691054622,24.267047360182715,0.0011953402785647447,66.94168422313332,202.0200334022284,6840.034102368871,17.833339703876767,1.333259905540612,38.91168522716704,337.7249984741211
2462,151.68103830060502,24.22752145296225,0.0011667442733759297,66.94168422313332,202.0200334022284,6840.034102368871,17.833339703876767,1.333259905540612,38.91168522716704,337.7019958496094
2463,151.61803649369793,24.188400461244484,0.001138405685977097,66.94168422313332,202.0200334022284,6840.034102368871,17.833339703876767,1.333259905540612,38.91168522716704,337.6789957682292
2464,151.55522958708033,24.149679988943298,0.0011103220066938848,66.94168422313332,202.0200334022284,6840.034102368871,17.833339703876767,1.333259905540612,38.91168522716704,337.65599822998047
2465,151.49261571020904,24.111355691101025,0.001082490751456895,66.94168422313332,202.0200334022284,6840.034102368871,17.833339703876767,1.333259905540612,38.91168522716704,337.6329981486003
2466,151.4301930240826,24.07342327323876,0.001054909461526921,66.94168422313332,202.0200334022284,6840.034102368871,17.833339703876767,1.333259905540612,38.91168522716704,337.6100031534831
2467,151.36795972055336,24.035878490715817,0.001027575703223333,66.94168422313332,202.0200334022284,6840.034102368871,17.833339703876767,1.333259905540612,38.91168522716704,337.58699798583984
2468,151.30591402167946,23.998717148098265,0.0010004870676556018,66.94168422313332,202.0200334022284,6840.034102368871,17.833339703876767,1.333259905540612,38.91168522716704,337.56399790445965
2469,151.2440541790765,23.96193509853633,0.0009736411704579034,66.94168422313332,202.0200334022284,6840.034102368871,17.833339703876767,1.333259905540612,38.91168522716704,337.54199981689453
2470,151.18237847330337,23.925528243150605,0.0009470356515267743,66.94168422313332,202.0200334022284,6840.034102368871,17.833339703876767,1.333259905540612,38.91168522716704,337.51899973551434
2471,151.12088521324463,23.889492530426807,0.0009206681747617818,66.94168422313332,202.0200334022284,6840.034102368871,17.833339703876767,1.333259905540612,38.91168522716704,337.4960021972656
2472,151.05957273551547,23.853823955619063,0.0008945364278091612,66.94168422313332,202.0200334022284,6840.034102368871,17.833339703876767,1.333259905540612,38.91168522716704,337.4729970296224
2473,150.998439403885,23.818518560161543,0.0008686381218083916,66.94168422313332,202.0200334022284,6840.034102368871,17.833339703876767,1.333259905540612,38.91168522716704,337.4509963989258
2474,150.93748360869958,23.783572431088295,0.0008429709911416664,66.94168422313332,202.0200334022284,6840.034102368871,17.833339703876767,1.333259905540612,38.91168522716704,337.4280039469401
2475,150.87670376633702,23.748981700461194,0.000817532793186228,66.94168422313332,202.0200334022284,6840.034102368871,17.833339703876767,1.333259905540612,38.91168522716704,337.4049987792969
2476,150.8160983186511,23.7147425448058,0.0007923213080695262,66.94168422313332,202.0200334022284,6840.034102368871,17.833339703876767,1.333259905540612,38.91168522716704,337.38299560546875
2477,150.7556657324612,23.680851184555145,0.0007673343384271701,66.94168422313332,202.0200334022284,6840.034102368871,17.833339703876767,1.333259905540612,38.91168522716704,337.3600006103516
2478,150.69540449901467,23.647303883501138,0.000742569709163627,66.94168422313332,202.0200334022284,6840.034102368871,17.833339703876767,1.333259905540612,38.91168522716704,337.33799997965497
2479,150.6353131334978,23.614096948253646,0.0007180252672156509,66.94168422313332,202.0200334022284,6840.034102368871,17.833339703876767,1.333259905540612,38.91168522716704,337.31499735514325
2480,150.57539017453098,23.581226727706998,0.0006936988813183937,66.94168422313332,202.0200334022284,6840.034102368871,17.833339703876767,1.333259905540612,38.91168522716704,337.29300181070965
2481,150.51563418369395,23.548689612513904,0.0006695884417741649,66.94168422313332,202.0200334022284,6840.034102368871,17.833339703876767,1.333259905540612,38.91168522716704,337.27100372314453
2482,150.45604374504998,23.51648203456657,0.0006456918602238252,66.94168422313332,202.0200334022284,6840.034102368871,17.833339703876767,1.333259905540612,38.91168522716704,337.2480010986328
2483,150.39661746468698,23.48460046648499,0.0006220070694207465,66.94168422313332,202.0200334022284,6840.034102368871,17.833339703876767,1.333259905540612,38.91168522716704,337.2259979248047
2484,150.3373539702704,23.453041421112257,0.0005985320230073476,66.94168422313332,202.0200334022284,6840.034102368871,17.833339703876767,1.333259905540612,38.91168522716704,337.2040049235026
2485,150.27825191059773,23.42180145101677,0.0005752646952941423,66.94168422313332,202.0200334022284,6840.034102368871,17.833339703876767,1.333259905540612,38.91168522716704,337.18099721272785
2486,150.21930995517837,23.390877148001298,0.0005522030810412807,66.94168422313332,202.0200334022284,6840.034102368871,17.833339703876767,1.333259905540612,38.91168522716704,337.15899658203125
2487,150.16052679380022,23.360265142618722,0.0005293451952425581,66.94168422313332,202.0200334022284,6840.034102368871,17.833339703876767,1.333259905540612,38.91168522716704,337.13700103759766
2488,150.10190113613834,23.329962103694392,0.0005066890729118461,66.94168422313332,202.0200334022284,6840.034102368871,17.833339703876767,1.333259905540612,38.91168522716704,337.11500040690106
2489,150.04343171133252,23.29996473785497,0.00048423276887193495,66.94168422313332,202.0200334022284,6840.034102368871,17.833339703876767,1.333259905540612,38.91168522716704,337.09300231933594
2490,149.9851172676159,23.270269789063757,0.0004619743575457391,66.94168422313332,202.0200334022284,6840.034102368871,17.833339703876767,1.333259905540612,38.91168522716704,337.0710042317708
2491,149.92695657192272,23.240874038162204,0.00043991193274985025,66.94168422313332,202.0200334022284,6840.034102368871,17.833339703876767,1.333259905540612,38.91168522716704,337.0489985148112
2492,149.86894840950177,23.21177430241775,0.00041804360749040335,66.94168422313332,202.0200334022284,6840.034102368871,17.833339703876767,1.333259905540612,38.91168522716704,337.0270004272461
2493,149.81109158358436,23.18296743507773,0.0003963675137612274,66.94168422313332,202.0200334022284,6840.034102368871,17.833339703876767,1.333259905540612,38.91168522716704,337.0049997965495
2494,149.75338491498852,23.154450324929314,0.0003748818023442552,66.94168422313332,202.0200334022284,6840.034102368871,17.833339703876767,1.333259905540612,38.91168522716704,336.98299916585285
2495,149.69582724179767,23.126219895865365,0.0003535846426121615,66.94168422313332,202.0200334022284,6840.034102368871,17.833339703876767,1.333259905540612,38.91168522716704,336.96099853515625
2496,149.63841741900143,23.098273106456208,0.0003324742223332045,66.94168422313332,202.0200334022284,6840.034102368871,17.833339703876767,1.333259905540612,38.91168522716704,336.9399998982747
2497,149.58115431817524,23.070606949527082,0.0003115487474782464,66.94168422313332,202.0200334022284,6840.034102368871,17.833339703876767,1.333259905540612,38.91168522716704,336.9179992675781
2498,149.5240368271417,23.043218451741303,0.00029080644202991805,66.94168422313332,202.0200334022284,6840.034102368871,17.833339703876767,1.333259905540612,38.91168522716704,336.896001180013
2499,149.4670638496612,23.01610467318902,0.00027024554779391116,66.94168422313332,202.0200334022284,6840.034102368871,17.833339703876767,1.333259905540612,38.91168522716704,336.87400309244794
2500,149.41023430511277,22.989262706981457,0.00024986432421236743,66.94168422313332,202.0200334022284,6840.034102368871,17.833339703876767,1.333259905540612,38.91168522716704,336.8630015055339
