Energy Balance Model.Heat Capacity of Land & Ocean Surface[1],Energy Balance Model.Heat Capacity of Thermocline Ocean[1],Energy Balance Model.Heat Capacity of Deep Ocean[1],Energy Balance Model.Deep Ocean Heat Uptake Efficacy Factor[1],Energy Balance Model.Heat Transfer Coefficient between Land & Ocean Surface and Space[1],Energy Balance Model.Heat Transfer Coefficient between Surface and Thermocline Ocean[1],Energy Balance Model.Heat Transfer Coefficient between Thermocline Ocean and Deep Ocean[1],Aerosol Forcing.Scaling Aerosol Cloud Interactions Effective Radiative Forcing scaling factor[1],Aerosol Forcing.Logarithmic Aerosol Cloud Interactions Effective Radiative Forcing scaling factor[1],Aerosol Forcing.Effective Radiative Forcing from Aerosol Radiation Interactions per unit SO2 Emissions[1],CH4 Forcing.Calibration scaling of CH4 forcing[1],N2O Forcing.Calibration scaling of N2O forcing[1],Minor GHGs Forcing.Calibration scaling of Minor GHG forcing[1],Stratospheric Water Vapour Forcing.Calibration scaling of Stratospheric H2O forcing[1],BC on Snow Forcing.Calibration scaling of Black Carbon on Snow forcing[1],Land Use Forcing.Calibration scaling of Albedo forcing[1],Land Use Forcing.Calibration scaling of Irrigation forcing[1],Natural Forcing.Calibration scaling of Volcano forcing[1],CO2 Forcing.Calibration scaling of CO2 forcing[1],Natural Forcing.Amplitude of Effective Radiative Forcing from Solar Output Variations[1],Natural Forcing.Linear trend in Effective Radiative Forcing from Solar Output Variations[1],Ozone Forcing.Ozone forcing per unit CH4 concentration change[1],Ozone Forcing.Ozone forcing per unit N2O concentration change[1],Ozone Forcing.Ozone forcing per unit Montreal gases equivalent effective stratospheric chlorine concentration change[1],Ozone Forcing.Ozone forcing per unit CO emissions change[1],Ozone Forcing.Ozone forcing per unit VOC emissions change[1],Ozone Forcing.Ozone forcing per unit NOx emissions change[1],Forest.CO2 tree net primary production parameter[1],Forest.STA maximum aboveground biomass per area parameter[1],Forest.STA squared maximum aboveground biomass per area parameter[1],Forest.STA squared tree net primary production parameter[1],Forest.STA tree net primary production parameter[1],Grass.CO2 grass net primary production parameter[1],Grass.STA grass net primary production parameter[1],Grass.STA squared grass net primary production parameter[1],Crop.harvest index for energy crops[1],Land Use.counterfactual aka no climate change mean burned area in 1980[1],Land Use.reference fraction of cropland burned out of total burned area[1],Land Use.reference fraction of forest burned out of total burned area[1],Forest.fraction biomass remaining after burning[1],forest soil carbon.fraction burning to slow[1],Ocean.Warm surface ocean alkalinity sensitivity to global T anomaly[1],Ocean.Cold surface ocean alkalinity sensitivity to global T anomaly[1],Ocean.High latitude carbon pump sensitivity to global T anomaly[1],Ocean.Warm surface ocean temperature sensitivity to global T anomaly[1],Ocean.Cold surface ocean temperature sensitivity to global T anomaly[1],Ocean.Warm surface ocean salinity sensitivity to global T anomaly[1],Ocean.Cold surface ocean salinity sensitivity to global T anomaly[1],Ocean.Depth of warm surface ocean layer[1],Ocean.Thickness of intermediate ocean layer[1],Ocean.Depth of cold surface ocean layer[1],Ocean.Reference overturning strength in Sv[1],Ocean.Reference intermediate to warm surface ocean mixing strength[1],Ocean.Reference cold surface to deep ocean mixing strength[1],Ocean.Reference strength of biological carbon pump in low latitude ocean[1],Ocean.Reference strength of biological carbon pump in high latitude ocean[1],Ocean.High latitude carbon pump transfer efficiency[1],Crop.normal harvest index for food crops[1],Crop.sensitivity of effect of crop yield on harvest index[1],Crop.harvest index for feed crops[1],Crop.sensitivity of effect of crop residue production on field fraction[1],soil carbon decay.cropland litter input share slow soil carbon[1],soil carbon decay.grassland litter input share slow soil carbon[1],soil carbon decay.mature forest litter input share slow soil carbon[1],soil carbon decay.young forest litter input share slow soil carbon[1],soil carbon decay.natural decay rate fast soil carbon[1],soil carbon decay.natural decay rate litter carbon[1],soil carbon decay.natural decay rate slow soil carbon[1],soil carbon decay.e0[1],soil carbon decay.temp_response[1],degraded land soil carbon.degraded land productivity reduction factor[1],Land Use.forest recovery time[1],Forest.tree net primary production in 1750[1],Grass.grass net primary production in 1750[1],Crop.historical sustainable farming fraction[1],Crop.mass to coverage[1],Crop.conventional residue on field fraction[1],Crop.sustainable residue on field fraction[1],Terrestrial Carbon Balance.Forest carbon adaptation time[1],Energy Balance Model.Initial Deep Ocean Temperature[1],Energy Balance Model.Initial Land & Ocean Surface Temperature[1],Energy Balance Model.Initial ocean heat content change[1],Energy Balance Model.Initial Thermocline Ocean Temperature[1],CO2 Forcing.Initial Atmospheric CO2 mass anomaly since 1750[1],Ocean.Initial Cold surface ocean carbon reservoir[1],Ocean.Initial Cold surface ocean pH[1],Ocean.Initial Deep ocean ocean carbon reservoir[1],Ocean.Initial Intermediate depth ocean carbon reservoir[1],Ocean.Initial Warm surface ocean carbon reservoir[1],Ocean.Initial Warm surface ocean pH[1],Sea Level.Initial AntIS Radius[1],Sea Level.Initial AntIS Volume[1],Sea Level.Initial Sea level anomaly from GrIS DIS[1],Sea Level.Initial Sea level anomaly from GrIS SMB[1],Sea Level.Initial Sea level anomaly from mountain glaciers[1],Sea Level.Initial Sea level anomaly from thermal expansion[1],Terrestrial Carbon Balance.Initial Commited future soil carbon loss due to land-use transitions[1],Forest.Initial Mature forest aboveground biomass[1],Forest.Initial Young forest aboveground biomass[1],Land Use.Initial Mature Forest[1],Land Use.Initial Young Forest[1],cropland soil carbon.Initial fast soil carbon cropland[1],cropland soil carbon.Initial slow soil carbon cropland[1],degraded land soil carbon.Initial fast soil carbon degraded land[1],degraded land soil carbon.Initial slow soil carbon degraded land[1],forest soil carbon.Initial fast soil carbon mature forest[1],forest soil carbon.Initial fast soil carbon young forest[1],forest soil carbon.Initial slow soil carbon mature forest[1],forest soil carbon.Initial slow soil carbon young forest[1],grassland soil carbon.Initial fast soil carbon grassland[1],grassland soil carbon.Initial slow soil carbon grassland[1],Terrestrial Carbon Balance.Initial Committed future carbon gains from young forests entering the mature forest type[1],Forest.Normal mature forest aboveground biomass per area[1]
5.892785581968981,16.044789101049332,69.08748752944825,1.669638658250594,1.092271905587204,2.634715101115299,1.4723552255219772,-0.4552182957504516,0.023152445747015,-0.0050719894266572,1.0594270037703817,1.0357703816217088,0.9604971368797433,2.0987018402932875,0.1447018084719499,0.9220143986993232,0.8105347215103937,0.9428167211580613,1.0094549359685,1.0010195573614125,-0.0232046419090958,0.0002719497588037,0.0018791331562759,-3.5976957786760096e-05,-1.5132794509808262e-06,8.917571398355419e-05,0.0014348459859363,0.2031176441166048,0.4127924407042135,-0.0311046155568856,-0.0193006202570368,0.1424161261439254,0.7218247655282833,0.1284126410060529,-0.0274574399025725,0.8376061288642997,481.276940406921,0.0437660240379379,0.0349689597156894,0.0890462313916905,0.2644307285388048,-3.656274519611317e-06,-1.5900944911973312e-05,-0.1850769259480946,0.8604906961444478,0.8938257660149558,-0.0365627451961131,-0.1590094491197331,495.5155951161421,725.6690821351181,420.212013917208,14.319120380334189,75.01522169398623,26.881464401128618,0.6231386099010816,9.146955812570427,0.1505081543482775,0.4455715976442157,0.0791729258131137,0.7291987137695221,0.593497990112146,0.0185841985649033,0.026634475522242,0.0278961397759403,0.0176213713080581,0.0328383801758909,0.6183791747136966,0.0008308702149118,294.8726097900213,57.45746054951672,0.0353222954478781,52.16270688028536,0.0079608815088617,0.0035312558305805,0.1353406164759981,1067.4887184019476,0.3358330898950776,0.7061694271863206,32.93819819789981,0.240689020674,1.26495526842,0.570937397813,0.709677426622,1540188.67954,555.008568843,8.1936384737,22306.423328,7073.61959269,3761.41570606,7.97002160933,1864247.91447,2.47993745176e+16,0.0205027191653,0.00307730224598,0.0179187372639,0.0628031137594,0.720149004157,650.792505249,13.2280456912,4484.68266232,135.844662677,2.86999993112,18.2469685746,0.00280519907869,0.00172564357087,406.875537961,10.0110464595,420.184825342,11.3226110218,184.848367209,174.172369377,4.38237805766,0.14511450513921853
4.49288144553806,8.950790110791182,363.3928550244294,0.3422389166448236,2.179101909511352,2.777539630705716,0.5945278108250076,-1.0471728187757143,0.0012242066065832,-0.0044614432674406,1.106010833999113,0.904024736230175,0.9499054355601372,1.2329261190918113,0.4857964266747623,1.0845563580514053,1.073590122869711,0.9678633288089132,0.9252271200081964,0.7016234813663245,0.0129353742529281,0.0002385835443965,0.0007645682012161,-5.680304347306711e-05,0.0001574635933687,-5.2475257924101336e-05,0.0019981636963158,0.2990432111485362,0.411492014444244,-0.0320048541802686,-0.0305512072182206,0.119205030179904,0.119483752788467,0.1491207118550746,-0.0396318413693234,0.7076271440669367,450.92825521435776,0.0422265478363991,0.028530772403425,0.1109160414497417,0.447140834634644,-3.336522629504879e-06,-1.6063498194469502e-05,-0.2000809030044773,0.6917318917266904,0.5688704225186559,-0.0333652262950487,-0.160634981944695,493.6403017014185,557.7038404571488,295.36554466589087,16.80118368683303,74.87006617028261,25.993384672129523,0.8670071004786442,11.743875491502669,0.2624120352797521,0.430016967271974,0.0548441522565075,0.7345563020689996,0.3886440319596806,0.010594317625351,0.012622333744013,0.0171468878042761,0.0263678660591618,0.0338960170571009,0.7438707081871747,0.0010436571463544,291.6698781345774,59.93068502636614,0.0256245822617242,63.21424596047852,0.0057610490922439,0.0038885774381046,0.1041943626351669,1274.1167388475535,0.4322249045116619,0.8368311984761831,22.37808837824453,0.0365417759727,1.09830717172,0.431889812845,0.962759246894,1615724.32159,388.392944784,8.22828654024,24686.0769867,5544.47763494,3761.31519859,7.96053671095,1864271.48399,2.48001042089e+16,0.0205818151336,0.00249539527286,0.0155821991126,0.0475078794129,0.351578067941,631.023646143,13.5168901683,4476.99372178,143.533603213,2.57514231902,5.78970990401,0.00167485306314,0.000549112359891,256.689681508,6.49821836592,134.650277744,4.1128348963,153.231039679,61.8564023462,2.19855130637,0.14094807483717275
4.194033449874024,30.268043209880013,132.89955413977415,0.813883065348614,2.011422702160611,1.6213214622656469,1.023913150391073,-0.373965750887469,0.0246131682087389,-0.0043806480393423,1.0774338952097786,1.0698664802460809,0.964543134964452,1.0637650904782483,1.928482681512152,0.7832638552879007,-0.7542270398696466,0.7658746525611047,0.9735808059064806,0.8407519873028636,0.0588450218340137,0.0001982186743254,0.0011230231799549,-2.4115049999808325e-05,0.0001134930641478,1.2944412460557237e-05,0.0017079334458778,0.3117373014344345,0.3994309379253767,-0.0280313997897672,-0.0311381067292071,0.1158019666338966,0.7524852410551919,0.1002182227841724,-0.048354628993374,0.7098537750108216,484.64777477064007,0.0381924329853872,0.0383729758263551,0.1832132708959388,0.4396590605517932,-3.294208995218552e-06,-1.757113275932791e-05,-0.1338566631627872,0.6829283990618931,0.5212275328745535,-0.0329420899521855,-0.1757113275932791,477.585372280828,676.5196713485923,214.77266038916704,21.599316330260965,80.96143115376691,17.57676712818645,1.2930723172183125,10.951857309064366,0.108871349699491,0.4222063423671819,0.0610622259945358,0.5147040588456028,0.4310045281413244,0.0209062176772288,0.0226773140932735,0.0183668296125963,0.0342774705802156,0.0259606818406356,0.7833014819909849,0.0011642507167547,297.9973640725038,55.57814881051293,0.0714692376039871,56.72981607410762,0.0058238056130872,0.0047988327097356,0.0626752363147866,1462.2336182397137,0.3380604133249398,0.6827869724197017,26.190240361405515,0.0745349240219,1.02417759895,0.483187434053,0.522557665562,1577768.60096,282.875033443,8.22137363075,22634.8986445,6690.29888997,3636.67590249,7.96470964705,1864284.22449,2.48004986481e+16,0.020330238463,0.0021312066916,0.0138764660162,0.0531506177458,0.338896102628,675.117437936,12.9129768855,4482.19269601,138.334628991,3.09043932776,6.50907993257,0.00743850399907,0.00302451388808,299.05877136,7.40594489517,120.126237029,4.08079322938,244.433809562,106.099353507,3.09541841738,0.1506221360221711
2.727441791859124,11.809948093190965,52.05078065403655,1.2556602980621236,1.4361850985982971,2.843571214865237,0.7395559819954005,-3.815413449001504,0.0023565424239566,-0.0019377492295531,1.2398677077617757,0.944005156309869,1.0810983427531224,1.4126238071495103,0.548396764244176,0.9307764410051266,0.4005336036795059,0.7691638904944318,1.0754638378997887,1.2554077902725913,-0.0418238005966838,0.0001971880484842,0.0016115003431753,-0.0001348598229613,0.0002914446674298,8.174364853597894e-05,0.0005111319416384,0.6955517763815043,0.4741287391713002,-0.0254535261009898,-0.0275948137362654,0.1478442364268958,0.4183335801389343,0.1135968829164711,-0.0100641292914086,0.6690430687225524,468.4898365238292,0.0447139747840219,0.0280543415893095,0.1943428898496123,0.3367696874619001,-2.014827412061652e-06,-8.233907603587474e-06,-0.0908921016831649,0.7360777939560187,0.9698193099765412,-0.0201482741206165,-0.0823390760358747,432.2903919482948,597.6096816955763,423.88423506087554,13.384590297857242,78.30211304884781,20.1166178633649,0.5481611401616917,7.942021408031385,0.1909418604500878,0.4178546921669845,0.0608845586559391,0.5829003729580972,0.4635524571513473,0.0242647999194422,0.0184463644658618,0.0336618303379826,0.0311474338182026,0.029671789954699,0.6690423870410226,0.0010925576874498,290.5176895842683,57.5039310088299,0.0112683751327084,54.9513344460153,0.005605337196343,0.0040389777853579,0.0861352688072117,1527.0736454734874,0.3190224831831965,0.7200383613520736,34.46720156471591,0.276527238278,1.44350276159,0.499078985916,1.07321566907,1540188.67954,565.816313394,8.15433973825,24599.1325502,5732.09550691,3282.57327525,7.97209255313,1864210.13901,2.47982050466e+16,0.0208138767508,0.00408437236674,0.0220276331813,0.0548986884507,0.511360378316,714.268267213,12.9901978631,4488.78889733,131.738427673,2.89290172816,10.3001306038,0.000976934829959,0.000589373506942,322.670202297,7.76476150133,261.612268519,7.02371227513,204.480848231,98.2026901206,4.39411173888,0.15912271295223032
3.430103861262676,15.174534212538926,37.65847645933477,1.47523408621687,1.0610072687644088,6.339346704780943,0.919483807817058,-0.7038056114147289,0.0076967331635612,-0.0042185085600291,0.9007319807137992,1.1091525808530078,1.244825456379106,1.051246099172741,1.5485400872817792,1.4357123736637292,2.077125525523432,1.243366702627372,1.019972822000524,0.9465711838065874,0.0355698036595679,0.0002593056159852,0.0012363906654618,6.381681795593425e-05,-4.959111061733038e-05,-0.0003803640953769,0.0007048810110287,0.3372117414200051,0.4114061642793223,-0.0267368316638849,-0.0337742258707588,0.1168420178705513,0.9357700820692252,0.1151085574016648,-0.0452625968075844,0.7528884542274636,409.77622046188594,0.0388593007181147,0.0368448378079533,0.1612755429594232,0.230760822965369,-3.209294195266649e-06,-1.6074229465084712e-05,-0.1122805277314165,0.6433866119386177,0.5357882501877184,-0.0320929419526664,-0.1607422946508471,483.8659019236979,666.7583875523444,409.63052737735376,21.44689845273233,69.48678321209164,24.54260217934298,2.285462346583653,7.528422640390834,0.1885392798305377,0.4438369922715025,0.084115886151404,0.6260858950195533,0.5587102413337655,0.0170324557849754,0.0206566071351004,0.0275679699316992,0.0287212404281968,0.031374146443626,0.6494460269638136,0.0009096859526422,295.7706200613313,58.889444815159536,0.0642147005198956,66.2067600875349,0.0065225995575736,0.0040744752069607,0.0678804926108595,1144.4525108749915,0.3796265987013446,0.8132153565377767,14.203745214704146,0.454634240835,1.42479657238,0.645473996028,1.19225193982,1577768.60096,550.211313463,8.10565869702,23596.4480339,6523.10169734,3672.87316024,7.97287386357,1864223.92745,2.47986319125e+16,0.0208239766566,0.00376379744798,0.0206331439025,0.0710021395631,0.547973198089,585.864872496,15.537907409,4450.33342797,170.193897031,3.02133215183,13.4024098704,0.00620153051388,0.00296824246893,339.055347293,10.9542802882,304.656182987,10.6272811995,226.082707875,137.313026939,1.44544222259,0.13164516366658838
3.400403265426471,9.36414060818547,124.0282066137687,1.0857776493439757,1.0170213835868889,2.565628595198936,0.591576976710869,-1.0500806001066996,0.0359329641441839,-0.0015449479091307,1.2710946401299748,0.8821886545110852,0.9507675675314684,1.6048761907769935,1.4364072639365202,1.2350274677625035,-0.5638885605872812,1.111451886881594,1.0373102525182547,1.1890669178808189,0.0009041152381039,0.0002353154097168,0.0010717301810444,-7.929051693462538e-05,0.0002172559510474,-0.0001321734465455,0.0004553180081151,0.7572665031447776,0.3337375979368229,-0.0263897573586219,-0.0300796821492826,0.1394742090316178,0.72112373968364,0.1202533457044612,-0.0484026962663034,0.6819266538844849,471.7987481604585,0.0419151331420725,0.0373608758179957,0.1638998449386159,0.4898679855905626,-1.8091116561840743e-06,-2.578280025789713e-05,-0.1064959559770323,0.6988047677607607,0.8526389264426497,-0.0180911165618407,-0.2578280025789713,405.7919960699744,841.4306558909011,220.8034621528636,25.58220896664133,70.16949691168482,20.93534233504733,1.5682780037164856,10.957666582368422,0.1035486526153994,0.4215958544872837,0.0544309725155983,0.7535982585415202,0.6559450648178555,0.0159905643121543,0.0253982670022705,0.0188614605372469,0.010407280846832,0.0262282090904825,0.6433871747237604,0.0008118655055,299.236384464515,56.91530054508101,0.0930859439107806,63.7937144256719,0.0076154701156057,0.0036580168836705,0.1998770210857539,921.461968357135,0.3078066219746886,0.6891702027258135,23.03167584301132,0.131328844473,1.77688944833,0.563070897721,1.35089903908,1502980.83655,288.241721041,8.18910275364,21879.617622,8409.70333094,3079.56105837,7.97128878686,1864149.30879,2.47963218975e+16,0.0211822935541,0.00599296863944,0.0286987793642,0.0619377987493,0.696936629255,746.266659068,19.0601738309,4450.80849001,169.71883499,3.86635476523,13.4398581694,0.00859931180463,0.00396274900068,509.303304085,16.1966025792,268.549454203,10.0476354904,214.205122995,160.664025042,2.95648882783,0.1676699100271383
4.172595374138889,26.76059808499835,147.19830324679577,1.210004358635388,0.7131460347805189,3.101710993462835,0.7447611423562349,-0.9182197656874308,0.0253038370341831,-0.0021721090430399,0.942347191377466,1.0458716664203451,0.9685230590025804,1.6669360275010665,0.3028152607705802,0.7979258446141214,1.3428584543829825,1.1449832229138277,1.0684952204074272,1.2712784527267655,-0.0490547688033216,0.0002165359090946,0.0014476925095811,8.706701027749904e-05,0.0002265676898964,-8.327539852735245e-05,-0.0001611295882353,0.6587304850526757,0.3896795786028957,-0.0274294285348167,-0.0320375707741785,0.1269950574788368,0.9472516623736236,0.1169561744458424,-0.0485068601805129,0.9309580913816722,459.760675647468,0.0425093505886844,0.0453016330903048,0.1198389004579353,0.2478945110603282,-2.137565049824414e-06,-1.879005267463804e-05,-0.1238238089136126,0.6694364383873213,0.6779308047037156,-0.0213756504982441,-0.1879005267463803,348.186799478556,522.6664261971875,405.3700561732352,27.79914453971088,63.15235105479334,20.26258348037853,1.5887198034111412,11.1114030442309,0.2323662854836921,0.4436534103473261,0.0515984278956695,0.59365978231256,0.5511559072807237,0.0112305920381454,0.0155339490450075,0.0219723143198305,0.0174253069380916,0.0282374947077684,0.6872943911872377,0.0009177410058224,295.9886054244686,55.31423111317225,0.0784892047335919,63.98171669007608,0.0084608788288715,0.0043593552048992,0.1117088688724587,1357.4584832455985,0.3690709692477709,0.8475442780366458,43.32032481072141,0.107056719492,1.70967681753,0.855648140207,1.13093723835,1540188.67954,535.250390457,8.16844222672,26065.9710905,5255.03680592,2644.93559692,7.96790566972,1864170.21421,2.47969690677e+16,0.0211063071813,0.0052683231642,0.0260903185254,0.0941212954228,0.725009166182,638.04898806,19.3755666551,4430.91874482,189.608580178,3.51814630472,11.4738737122,0.00796435012378,0.00231672709137,476.36112088,17.5422355927,283.472575834,11.0571952324,236.909063722,102.803385945,4.62156316849,0.1439992527071087
4.914120551196916,18.18801632644177,101.72282368015736,1.0459128567726177,1.2273065936154692,2.245312398868404,1.0656517651520765,-0.3993476583918648,0.0170122008783914,-0.005714167977806,0.9885306954055814,1.1338753247973552,0.9440032035660784,2.563260199732781,0.1740223773453242,0.8602430574735569,1.7883140991019464,0.914877838656698,0.95218159141875,1.267965889636126,0.0549430145289029,0.0003067018871448,0.0011060531919509,1.543891227079055e-05,0.0002006971775935,0.0001173691511051,0.0002383874539054,0.1022221741758188,0.4957666443871007,-0.0306049979510551,-0.0489653005604182,0.131883480921148,0.8906363055712533,0.112614332840163,-0.0318359299336323,0.8880756982567043,429.7882104248949,0.0363290448340362,0.0334655383510041,0.0901948521145979,0.2651047124510208,-3.992592752747271e-06,-5.5291694516124105e-06,-0.1767499658509199,0.4155204915937258,0.7463687328960724,-0.0399259275274727,-0.0552916945161241,477.585372280828,676.5196713485923,214.77266038916704,21.599316330260965,80.96143115376691,17.57676712818645,1.2930723172183125,10.951857309064366,0.108871349699491,0.4222063423671819,0.0610622259945358,0.5147040588456028,0.4310045281413244,0.0209062176772288,0.0226773140932735,0.0183668296125963,0.0342774705802156,0.0259606818406356,0.7833014819909849,0.0011642507167547,297.9973640725038,55.57814881051293,0.0714692376039871,56.72981607410762,0.0058238056130872,0.0047988327097356,0.0626752363147866,1462.2336182397137,0.3380604133249398,0.6827869724197017,26.190240361405515,0.159867389827,1.32538670038,0.607534785759,0.822941048083,1577768.60096,283.612851696,8.22351708106,22636.3567747,6688.59742977,3635.93319948,7.96430391108,1864233.29804,2.47989220114e+16,0.0207473468655,0.00344090165444,0.019496694462,0.0668288264335,0.312998418699,704.175666028,12.5373596063,4485.08295334,135.444371662,3.0314195632,6.50369592468,0.00765549530996,0.00303261693209,273.792251111,6.56872283484,119.26446832,3.60369043605,251.361514861,106.384387872,3.13159742,0.1570039335623897
3.614088229031106,20.667678096984265,161.21040222092478,0.6874685935837908,1.7254188519802305,2.931259285056857,0.8272613989979918,-0.9750189754815568,0.0266745574022631,-0.0009419633539756,1.0160058056660957,1.0179021875405807,0.9813760317186468,1.2932366344155195,0.5485033753722028,0.7880040643663022,1.3240263438969897,1.2895803740299974,1.096762683508899,0.763850465051444,0.0139713629153317,0.0002348930068921,0.0012808333936004,-0.0001691413923577,0.000117006815074,2.6628103054795705e-05,0.0012507374095109,0.8520040336190777,0.4047208577612167,-0.0271507145590292,-0.0432705097463395,0.1308509948585766,0.4383705474989431,0.1167991253469948,-0.0419567073554143,0.8635874747922735,478.611147802758,0.0454344904880147,0.0343121568920584,0.1074196487026985,0.2245797320287471,-1.4933198879364076e-06,-1.690989277984791e-05,-0.1191785759838206,0.5009423538049064,0.731913928020073,-0.014933198879364,-0.1690989277984791,349.8681486817997,543.0888660860408,315.2497434324601,28.21011294809811,71.90547123517439,27.44664752994533,0.9870577886836028,5.0243075094496215,0.4953347682541013,0.4440015635100576,0.0688554880634292,0.6606246709805914,0.0165597241813901,0.0131568431710857,0.0190910310325201,0.0276349698553508,0.0138161184072616,0.0337063333578168,0.6550005846280847,0.0009168943312007,296.14377201481904,55.92005345645197,0.0411624751654404,51.59430313076591,0.0093253422619146,0.0047402336207642,0.0829552131489746,1459.5503815109157,0.3292484291163544,0.6540383777579555,36.88394897185985,0.0946447577834,1.27051763488,0.63084864396,0.935848837015,1540188.67954,427.748066653,8.04811606242,26846.8257891,5022.06071797,2655.91895748,7.98161032263,1864245.61823,2.47993034285e+16,0.0205060060572,0.00309214226309,0.0179623973303,0.0693933508356,0.853244103912,582.45671047,13.9826821694,4479.16137661,141.365948387,2.86277543545,16.4533132527,0.00368486559858,0.00161543428107,507.129450039,13.637162697,416.793862115,11.5000279056,209.047500454,144.145355035,4.12900224146,0.13003700056701806
4.178356302146913,10.447035532688094,84.96571061348962,1.3745960167252962,0.5225786612940848,1.388464284271265,0.9329436476199068,-1.1347748212265305,0.0293066241794021,-0.0017791917838438,1.1555374976633506,1.0605508518448246,0.8706290928983407,0.6738668835631909,0.5067117950993173,2.1102999434369987,1.6579065180972357,1.1672796814692028,1.1000589426485778,0.7702748555648951,0.0955158970606808,0.000255167310998,0.0013844049135399,6.002873669175811e-05,0.000205842251118,-0.0003625486911724,0.0029661436317864,0.7204634274617764,0.4550196150984578,-0.0228237914490438,-0.0134837591149458,0.1484856456840392,0.9275997155897788,0.127506158726475,-0.0387598782819675,0.746089334353538,419.4488300731529,0.036392076782731,0.0424787330885042,0.1704729068101503,0.3508027406930095,-1.931788575127412e-06,-1.062254811269278e-05,-0.0470631908173977,0.9477436132758128,0.9787990395765492,-0.0193178857512741,-0.1062254811269278,379.7293889304336,394.1249638227592,277.08112565500653,20.376118786360934,67.2104108914011,17.933382036900976,0.6203873526751399,6.121639053992216,0.1745583403351763,0.4087326711249803,0.0522071132454973,0.5671476377842305,0.453991754424137,0.025053763159304,0.0297052340503197,0.0347580299580319,0.0106743415379211,0.0333876947568976,0.658490378785496,0.0010878568063933,290.2316340802742,58.608836111130856,0.0465500713417332,60.87043301971318,0.0079329425116926,0.0044448314667332,0.1804832047820538,1118.0246397222086,0.4454814738907945,0.7109931039943349,47.76565822498542,0.240070205547,2.42679205464,0.700573041952,1.24295327882,1466141.38804,370.827327943,8.09238575205,27026.1416779,3736.12434166,2862.60917717,7.98054718765,1864008.61169,2.4791966565e+16,0.0221873849409,0.0108405572448,0.0431112394976,0.0770630346147,0.690286888354,809.501239352,21.4260840497,4434.44976176,186.077563234,3.30401909081,16.3526931723,0.00431227784627,0.00286330458264,406.260118205,15.0026883876,386.91587298,15.0403329615,215.290995336,176.641965958,6.00527375247,0.18254829411591192
4.878162922453337,16.72204195395146,117.95855177112888,1.1240487897531832,1.6068117406681437,1.4752322482115825,0.4876543953935291,-4.144104340009905,0.003949396938032,-0.0027871069746729,0.9563645923038409,1.0439480090461282,1.18402052677576,1.2650445331816529,0.3413613450800223,0.6735104586562259,-0.3742360881325163,1.2186966268317772,1.1257887899748436,1.3378514686347605,-0.0436886818861899,0.0002557543064447,0.0014475732233388,4.522770429448571e-05,6.818992137156563e-05,3.5273975876150165e-05,0.0012184938667612,0.5621054806614137,0.4999802567850987,-0.0440964166413623,-0.0134042203116617,0.148955329365416,0.7223634683881871,0.1045047370783978,-0.0453818343011181,0.8736507005646441,436.05074348534754,0.0422136629007982,0.0419571686012487,0.1214001814313288,0.4785496464972543,-2.459648397795287e-06,-5.0024679018626585e-06,-0.4016069440227054,0.9489366953250732,0.985374611115824,-0.0245964839779528,-0.0500246790186265,450.6209976951581,468.0819670810493,382.4645240489558,28.959958422588127,84.26978241631677,26.01052677213044,2.987219189796733,9.934961847744315,0.3687819037969978,0.4273510001396705,0.0532271815473521,0.7381057656265276,0.203917520799447,0.0215589917210409,0.0226404157559884,0.0262317241684951,0.0247653528805948,0.033334935444244,0.709007246974005,0.0011549566911575,295.52313444917723,56.5645027500444,0.0514929119888317,50.54355000550489,0.0075429829412049,0.0036650388969083,0.0686790213406795,1143.490381528292,0.4418550201183348,0.7469045224406095,38.25981646737283,0.0693699451233,1.43616650026,0.478829957949,0.870620456321,1502980.83655,512.662653617,8.14303552891,26628.5687811,4575.21250555,3412.60100517,7.97775800407,1864215.86228,2.47983822286e+16,0.0206439141087,0.00396598678066,0.0214631549454,0.0526712953744,0.560131653717,771.323670298,14.5586574739,4485.21121245,135.316112548,2.7245804538,9.54738743654,0.00352795373803,0.00192601743684,358.308520122,8.72098428564,243.271230333,6.95572080446,160.599855168,96.0184330564,5.01365877849,0.1719704231892064
4.127650575446162,28.714922823999736,68.46804792618178,0.941629774705509,1.2222345750547043,1.925330195371049,0.7583811096150403,-3.338895793312242,0.004767434518684,-0.0010278992876117,1.0910614100348477,1.2263299570093116,1.0537063352979223,1.1049697036614616,1.641054263429996,1.6818454763331716,-0.6767665444224363,1.0672726865599969,0.9635730995815042,0.8891828170971365,-0.0303805099146751,0.0002169961118602,0.0013413957686997,2.625462037720525e-06,0.0001732704836269,8.455962179152026e-05,0.0017279594521052,0.8385022646897036,0.4446767001762421,-0.0227097383369725,-0.0475318573812343,0.1241390478463458,0.1363572680148752,0.1156863717421563,-0.0196750591451538,0.6886268731549039,463.36597915275325,0.0445485492920276,0.0373912327250705,0.1364895252800811,0.2122408086130388,-1.5383257843676543e-06,-1.1915412477969732e-05,-0.045162305616209,0.4370221392814841,0.6379466698488423,-0.0153832578436765,-0.1191541247796973,486.1680804118356,541.9888069800548,76.76527755537167,19.841123014811973,72.84674035980852,19.25153773332283,2.1836905795147006,11.829111161236495,0.2245598959102286,0.433043013722942,0.0939209062917811,0.583230532138148,0.5264883817917013,0.010779048234269,0.014279831415813,0.0286754296956214,0.0232446247852377,0.0267764498877602,0.774748568196858,0.0009737487764319,291.7845487016232,55.953684544298206,0.0793161391277195,51.4973032450736,0.0079194276729555,0.0044792777927373,0.1205828557738643,906.5446843658916,0.3439985348172998,0.8274308308355351,36.33363735914969,0.138592824198,1.31281636835,0.58578701783,0.748176688258,1502980.83655,101.02180402,8.22502647045,25133.8139289,5504.79843181,3699.61563447,7.97187417966,1864242.80285,2.47992162677e+16,0.0204076596772,0.00320387620337,0.0183427879328,0.0644365719613,0.702016871226,810.774836084,14.6145017952,4494.558324,125.969001006,3.46223328654,11.1155462869,0.00674875457606,0.00195780370285,442.101274986,10.2205826371,301.246247607,7.44143111903,199.232689192,85.1585655807,5.19750327571,0.18039032484118234
2.055012731547051,17.459626806877765,134.66878271161548,0.8641882261729767,1.3088957599917244,2.990796460854096,0.565697254598102,-0.5150495339746785,0.029169137589565,-0.0008688477973306,0.9313613218023672,0.975691907564986,0.8388118392448591,-0.2954807898803782,0.3262263215714887,0.6550075301947793,-0.1963976618208363,0.9541468673425832,0.9807245350281396,0.8485158919745681,-0.0457174893960344,0.0003120829543911,0.0007631606629122,-4.161508914558551e-05,5.397266784885115e-05,-0.0003226775707685,0.0001329038920818,0.8634915372650477,0.4951938919447414,-0.0215220969764852,-0.0197890430959314,0.1327016016169243,0.301355210687849,0.1456534827762887,-0.0142077725683039,0.8483062936391826,497.53962119655966,0.0418415994930816,0.0405029066453003,0.1053618231903794,0.2405299721446903,-1.4550282091165077e-06,-5.600763506907319e-06,-0.02536828294142,0.8531643535610277,0.7578224226369404,-0.014550282091165,-0.0560076350690731,66.68930000383715,574.4016661861522,466.7368661140951,28.77975380141858,66.07543898621856,11.31826906456488,1.5221382670852142,11.65756756689321,0.418103277811644,0.4411622070202377,0.0781732352592937,0.5545318199661391,0.366149273986453,0.0135448223536292,0.0207935245418447,0.026830985434002,0.0299122082040692,0.0324172972020178,0.7261200814993969,0.0009666033902639,296.94127572219054,59.10877452256396,0.0867714342866473,65.42710520991686,0.0086151559459614,0.0049606423718653,0.1063799552963717,1523.294187200515,0.3903329709588077,0.7653989539235325,23.9155528126023,0.0975352633898,1.46548849634,0.577738038405,1.13091018637,1577768.60096,620.685079038,8.18590714281,29961.6639595,5755.78873536,507.745620019,7.95932495407,1864207.12212,2.47981116494e+16,0.02095871079,0.00416432549035,0.0223270223592,0.0635511842246,0.715350855651,763.004405357,20.7973923804,4447.64294419,172.884380811,3.10068884459,14.2336316602,0.00800139476394,0.00330354502442,452.671511175,14.8935565824,339.459092461,12.0822942307,214.683728858,143.517183431,2.61101501382,0.17155253129159576
3.2999019329215296,15.229349429883404,31.605260550595418,0.9673746084355458,1.2485468534228283,2.40939639308948,0.5870310692041224,-1.7067053462661683,0.0069461943718679,-0.0021187383734959,0.9682974589638608,1.0220990334883648,0.9552021689482808,1.9093309545263168,1.600541697064013,0.8854940101601978,1.427291343107097,0.880336643001014,1.0308193487760648,1.310456022118065,-0.0340690362597323,0.000174279944071,0.0015140885575629,-9.24146821002704e-06,0.0001728850308165,0.0001364246575025,0.0013107861836707,0.6671157834639374,0.487814295009436,-0.029696985285436,-0.0371324270548747,0.1135551912174614,0.1036328864521318,0.145780264017592,-0.0214533509276782,0.7897760880664372,466.2914504136887,0.0326203436077265,0.0444957550309938,0.0676894928979301,0.4414668068714286,-2.1096140551202083e-06,-6.5232131238205e-06,-0.1616164214239335,0.5930135941768794,0.4897726770444608,-0.021096140551202,-0.065232131238205,335.2345134338626,855.6005063262407,493.7423334767769,14.933220033932672,87.47285372515262,15.841395550907936,1.3052215093017625,9.754699843908623,0.4549738595546131,0.4458117784006958,0.0788670390455362,0.5444161420792628,0.1813015042197348,0.0208032079057378,0.0171447862007819,0.0274629584037735,0.0120556990177888,0.0341408234836611,0.7385249230389613,0.0008149406335816,297.6257747454173,55.42597724035808,0.0420500950815736,60.141189652421296,0.0073297788105709,0.0035317149150597,0.0659479880929327,1373.1445540828022,0.4204768619989588,0.8316210970210178,22.927993467275268,0.37731119565,1.6326004485,0.579604651126,1.22758660178,1577768.60096,660.433852761,8.15646870565,25742.7250562,8225.25303356,2548.95151406,7.96689424927,1864175.69307,2.47971386782e+16,0.0212213542214,0.00511833586953,0.0258431683514,0.0637565116239,0.575242128983,754.965908969,18.3808203858,4449.0637437,171.463581294,2.31060223327,13.0119335319,0.00227769825845,0.00194398641782,310.137927378,9.80832033025,319.91382194,11.0686557728,127.211849667,100.102439998,3.05851038554,0.16969096251723817
4.725318620179867,42.19486759831853,72.48537621318398,1.4046096954020884,1.6179551624084945,3.0374511191536007,0.99867449936081,-1.174918188818929,0.0105339972577109,-0.0003409804613616,1.0773768135065185,0.9571784044804262,0.9808090534038776,0.8785051402546696,0.8898578802163511,1.166414084647723,1.0117783230780222,1.1650457123430886,1.008078532423878,0.8880583870130484,-0.0654029875463756,0.0002938563412188,0.0011907189614406,1.1533053163746976e-05,4.8361972069022654e-05,-2.1297554123941417e-05,0.0018482397732042,0.9464270741709436,0.4888855323984157,-0.0232083340248113,-0.0355262184564309,0.1443836189646318,0.9937480975054712,0.1343486599154942,-0.0269384739442254,0.6124764561867426,477.5947788819855,0.0371425917585286,0.034887849219948,0.1352777851480287,0.3041603703663444,-1.1785764194301874e-06,-6.389308450198037e-06,-0.0534722337468553,0.6171067231535357,0.921370665504845,-0.0117857641943018,-0.0638930845019803,288.6143370258141,321.7981098731443,397.0510904347767,21.791189644370007,77.00098176113853,10.40622617328786,1.8135185679950503,10.311560199069248,0.3472443698372469,0.4036752195437162,0.0807088166977018,0.7600366236690846,0.32738139477243,0.020450401345411,0.0127913516900058,0.0323427074806761,0.0296958938260812,0.0275347535925159,0.7092635762772057,0.0009929719717635,292.53403447424034,55.151843189958456,0.0427897977838372,60.36347286765242,0.0050448663599773,0.0039821031332747,0.1393342006578638,1409.04534236563,0.3622476584597884,0.7046709810746618,34.32281444437287,0.128644509812,0.989798242177,0.606745095853,0.561488206158,1540188.67954,529.297039628,8.18135982084,30259.6116598,3197.84250807,2199.23632278,7.96709945442,1864296.42395,2.48008763405e+16,0.0200869766706,0.00186282942003,0.0124339819789,0.0667419605439,0.46034579828,703.786881075,13.6026082451,4484.61501578,135.91230922,3.29642723914,8.77806500027,0.00415083463427,0.00190300563558,308.277274168,7.44268170771,228.641732655,6.10809493686,230.024455914,71.2430579183,4.38275850242,0.1569336227521398
3.845468114505477,6.922080697284132,190.52511663071968,0.9710516316846994,1.5672903034769663,2.8131370602222905,0.721315238264532,-0.7916854009996313,0.0169446875184711,-0.0003980153456272,1.022725644942266,1.1748970861126484,0.7900735110376014,2.311074447880001,0.4756500701105678,0.8543447589635185,1.8875188880396712,0.986927351181444,1.150482678376964,0.5800903564163826,-0.0099088155127353,0.0001469975173854,0.001038659526937,-3.4792599038166e-05,0.0002021060458216,-0.0001824824495228,0.0022113596686963,0.937466075020938,0.3564849866028588,-0.0344794038130481,-0.0459276840216036,0.1433836275479407,0.120422663233313,0.1007151133906542,-0.0313192807280023,0.7635212430353349,497.3182495675278,0.0393702720847037,0.0445310957368191,0.1474848064177824,0.2182510332290368,-1.2084464165968727e-06,-2.2939376674642647e-05,-0.2413233968841361,0.4610847396759453,0.90737078567117,-0.0120844641659687,-0.2293937667464264,477.585372280828,676.5196713485923,214.77266038916704,21.599316330260965,80.96143115376691,17.57676712818645,1.2930723172183125,10.951857309064366,0.108871349699491,0.4222063423671819,0.0610622259945358,0.5147040588456028,0.4310045281413244,0.0209062176772288,0.0226773140932735,0.0183668296125963,0.0342774705802156,0.0259606818406356,0.7833014819909849,0.0011642507167547,297.9973640725038,55.57814881051293,0.0714692376039871,56.72981607410762,0.0058238056130872,0.0047988327097356,0.0626752363147866,1462.2336182397137,0.3380604133249398,0.6827869724197017,26.190240361405515,0.0988459524091,1.51455854611,0.528433290083,1.18056336579,1540188.67954,280.782052876,8.20802877413,22628.7946441,6684.96713542,3635.57344321,7.96883755439,1864191.03146,2.47976135173e+16,0.0209732361064,0.00462472897222,0.0241393762713,0.0581276619091,0.386489383873,695.165356165,16.2559238274,4452.32781503,168.199509968,3.01735660679,6.50048185856,0.00627405903434,0.0029837132873,333.522091779,10.5649606072,120.399182451,4.76578355464,205.397453313,104.615429934,3.3965561042,0.15613525891294147
3.545599042789924,5.082671010513191,90.51323626909844,1.523049037641267,1.7233424912071895,3.578305745795107,0.8210342559215437,-0.9144008734603548,0.0092938557439406,-0.0047724210690686,0.9290193681581465,0.9617457122106456,0.9854633760862244,1.410944980474312,1.0068942848974225,0.6709456011854231,1.4202308493678444,0.6768250936880216,1.081192344978556,0.6845526843038533,-0.0903279498837045,0.0002375889261087,0.0010406889238999,-6.389032181080327e-05,3.447187975984889e-05,-0.0002357951786828,-9.945341457372256e-05,0.2501841339023833,0.3778858619908335,-0.0215193862949499,-0.0427306614038731,0.1054587940978354,0.677578499639546,0.1074555089853398,-0.0242639133902994,0.6984116957143696,483.8186723999456,0.0416011921645767,0.0449844360346515,0.0552884686831175,0.273448548995829,-3.499386220325389e-06,-2.02642672511458e-05,-0.0253231049158316,0.5090400789419028,0.3764231173696954,-0.0349938622032538,-0.202642672511458,470.6321142682658,947.7782040170696,469.0727545898519,17.736905238236268,81.47975666681674,22.95195324809416,1.949730626593056,11.834513799073656,0.1292314137254296,0.4219317791774824,0.07313203917781,0.6599434202706772,0.6291742926399184,0.0271744480964562,0.0199065787747771,0.0192977010557429,0.0130906220784476,0.0319176651901268,0.7620425239364333,0.0008082951321926,293.7799881521993,56.42696778795634,0.0201136202763285,55.26253778814056,0.0085438487717831,0.004504622756366,0.1101559270583591,1233.2791387961352,0.3373973734259285,0.7461729915264738,24.94895262927012,0.174221861461,1.21619674678,0.398889345137,0.924585578549,1540188.67954,606.820436507,8.29079885399,19872.8171376,9524.03931494,3582.2630993,7.96603931598,1864249.32825,2.47994182864e+16,0.0205044402984,0.00301637486153,0.017819114596,0.043877827965,0.547788332365,667.507330262,15.4009696055,4466.84123233,153.68609267,2.72815689572,12.7767122429,0.00166550879164,0.00155573228138,363.244617012,10.1751073939,265.803049973,8.36104892313,196.001401781,137.443737756,3.07824306076,0.149436099369445
5.417837197145409,27.060127118456307,32.20244364140609,1.586939307007997,1.4168303556487043,0.6197055615713499,0.7164240258639674,-1.7444196882366267,0.008350494591361,-0.0009302924176933,1.111144462667318,1.1743242983545823,1.0571510937035584,1.5646289933639916,1.6462763011615391,1.447397903070407,0.5049065565090721,1.3518334382695147,1.01092980533153,1.0980667355563187,0.0855330428103715,0.0002387026072408,0.0012178121046934,-0.0001189135474565,6.808860475908994e-05,-2.502913510256656e-06,0.0016122456695349,0.8538377052649841,0.332587934492153,-0.036827174906537,-0.0495030654417357,0.1006203224227512,0.3115695906734971,0.1392031220891088,-0.0392573025038911,0.8087284753668393,422.8581760233415,0.0363758686273575,0.0429071017435985,0.1138358394136257,0.2064063353544126,-1.4872076491167197e-06,-2.5926508188480865e-05,-0.2804529151089514,0.407454018373964,0.3086845139185174,-0.0148720764911671,-0.2592650818848087,327.6918046706995,955.2363911206718,481.2510834993584,21.291915370268583,78.96534013154292,27.92967606497839,0.5441053559945735,9.345674126334435,0.3008979967960259,0.4484051933379577,0.0720459176511588,0.5478850195557599,0.1077692602240575,0.0130749119904075,0.0292198321539482,0.0268955302281071,0.0109405762588114,0.0331724845927176,0.6930211106807612,0.00116962812397,293.3805265650226,55.95416083604897,0.0420340814268818,67.13288313202091,0.008933758866374,0.0038482024054694,0.078628207246382,1154.222125815109,0.3119197094590581,0.8348939347818003,17.707251396991133,0.134353798842,1.52295737385,0.385046452711,0.419186984231,1540188.67954,637.283966747,8.14797378626,22468.0122951,9128.27980092,2493.21348002,7.97147292113,1864191.56784,2.47976301223e+16,0.0209904754203,0.00467804634189,0.0243602279821,0.0423551097982,0.715858981263,627.907268296,19.4733590463,4437.59845789,182.928867112,2.57861265658,11.5868839016,0.00288090516961,0.000998575072879,449.241032572,15.9852097524,291.896121469,10.4464702201,158.15232189,128.082947823,1.79370370478,0.14149708998108831
3.5909705742067963,18.830505831707192,60.36597036147985,1.0107164093650831,1.3042532942763487,2.159283576212862,0.6014778352980255,-0.7249141749559074,0.0326499350033353,-0.0034896126105121,1.0928323989056772,1.019936608095554,0.9880989825179584,1.709600676534645,1.6023289964648246,1.0491510239538429,0.765626482951331,0.9546950858690416,0.9850702368489384,1.015956871510565,0.0265686920023684,0.0001855900480253,0.0013452608487789,8.29204608368798e-06,0.0001125393962043,0.0001343627979577,0.000970043130815,0.4517317596188199,0.4582540021966871,-0.0397658826459827,-0.0218321516451198,0.1332941233763978,0.4936082751597089,0.1269509258983956,-0.0468175379436707,0.9481066277595936,441.6575677128962,0.0390264845351797,0.028869230999156,0.0807998104062712,0.4700923573924904,-2.8275608012706e-06,-1.0218249725414107e-05,-0.3294313774330465,0.8225177253232028,0.7661177272695696,-0.028275608012706,-0.102182497254141,497.0546405066455,404.3124886906909,296.0579548208268,13.613038755364258,69.88643879908773,16.780827267746915,1.1960155138066035,10.727399068410438,0.1758459463172856,0.4382403079338729,0.0988022994512191,0.6409941937828001,0.0252310268308173,0.0117667284158656,0.0284998534135991,0.017804947652634,0.0300667288058687,0.0318207263474483,0.6540265937627806,0.0008435335858417,291.5893417565491,58.193116824080825,0.0782909305222631,53.30966570423895,0.0093110961187668,0.0039692505225247,0.0876326353749673,1078.8457750155849,0.333000963190876,0.7605271883130629,24.30541089160484,0.166086402718,1.38561973051,0.526379689395,0.939938221022,1502980.83655,389.677760598,8.22401349985,25620.0467212,4080.92935199,3773.8585359,7.96965392456,1864229.66895,2.47988096603e+16,0.0205219162136,0.00358331227289,0.0198755818099,0.0579017658335,0.721267898366,785.267198254,14.3685456976,4500.31115699,120.216168015,3.1863128977,15.3514318067,0.00651250481458,0.00258714692688,504.628405704,10.6919565461,309.551809657,7.88141887872,192.042610234,189.398165464,2.90950334323,0.17449175642762005
6.672495977422448,9.670757343757106,142.08035954495688,1.5891555063744196,1.3207649511392154,2.866937769433856,1.578458976926146,-0.3289415819310199,0.021716978167837,-0.00073109141205,1.160741262916111,1.0196695661471362,1.169967454500538,-0.2205539283144559,1.5574354985078829,1.2577257797830637,1.8989577753418176,0.9401044232540738,1.0279902533630867,0.7472666774157073,-0.0099478514527995,0.0002217639679795,0.0011099431507886,-0.0002547353641021,0.0001271165604735,2.277139233802056e-05,0.0006636196186186,0.8851350431176743,0.4698672331165499,-0.043693301797591,-0.0198733659759242,0.1214993078567145,0.7355468471710074,0.1057033252832917,-0.0159479978977202,0.840174621739961,492.7794808590755,0.0410538938114157,0.0300706065447445,0.1125206657050415,0.3564524301370129,-1.382883189607752e-06,-8.766595860431268e-06,-0.3948883632931848,0.8518995103611361,0.6009903099940038,-0.0138288318960775,-0.0876659586043126,83.84668466187534,954.6536500474492,496.1496295544546,27.19952112310726,84.0173384092092,19.42523945670809,0.2019052259362475,7.740008778558994,0.4186618419453959,0.4317769779735039,0.0587079617739786,0.7259477988221175,0.6622454933744244,0.0159888539197909,0.0294203787809587,0.0203435290387473,0.0300333832806355,0.0267420401976218,0.7351413206206222,0.0010476176407032,290.3013526987865,58.99166627999487,0.053095930195629,68.3457515013764,0.0090287030158904,0.004505555647863,0.0939658909893979,1441.359590976845,0.4040871374421143,0.65518278458751,38.46280311148909,0.136623684832,1.1315388999,0.533493482608,0.639185740337,1540188.67954,668.626103608,8.12020782365,25087.1217235,8892.14568845,637.49598703,7.97054393018,1864268.66409,2.48000169067e+16,0.0203356327114,0.00254155908458,0.0156601863326,0.0586842830868,0.760575495591,739.223007874,18.6836308005,4470.64004693,149.88727808,4.1763793904,12.1806316354,0.00573425087329,0.00200521706352,581.13693861,16.1549041042,254.829226423,8.15041235299,250.539484187,163.359315585,3.67565082874,0.1653505985975378
2.345322470184769,7.564937657862659,100.81346643004538,1.0769485479097138,1.5015673803571803,2.882046166239334,0.9889080880533024,-1.6950272145499965,0.0143404206433648,-0.0009943720829143,1.2625518944828928,1.0815321787428238,0.9851550046607606,1.7678288778074436,0.9564776712776724,1.1274625836429513,0.4472881946203327,1.0842524536043114,1.0498205192126453,0.7833636832023855,0.036126981212486,0.0002308526362251,0.001674827549332,6.041460211099736e-05,8.238674009924696e-05,-7.635184140506102e-05,0.0009178652048538,0.843769869887183,0.3832610118927381,-0.02386812793247,-0.0246344660371952,0.1379604282503326,0.8460574441751412,0.1010115983467045,-0.0160098274425948,0.7133312218596686,443.4171701482568,0.0388063395159532,0.0333784236983885,0.0987914148307365,0.3963290275816836,-1.5207671003760564e-06,-1.959237351340773e-05,-0.0644687988745008,0.7804830094420714,0.8314459955046569,-0.0152076710037605,-0.1959237351340773,472.0192588690974,842.8822532293863,196.43058638910952,14.202341461478651,63.6608176981096,26.234340710387897,1.291001319665381,6.73187154729468,0.2263123911396779,0.4008318905892318,0.0711508886994534,0.6408184986015076,0.5575701275664037,0.0188946587729485,0.0186197525613454,0.0297463579455,0.0103340182623334,0.0322279214305222,0.7839509704348464,0.0010974613765769,290.5167367802766,55.664660071368345,0.0453090823715544,65.41813784991656,0.0071474261894568,0.0049313667066875,0.0993090107183861,1250.661354320482,0.4405196865968226,0.6612929552648471,44.3331801511775,0.189916976297,1.3289359941,0.477407332037,0.977646101752,1502980.83655,263.437455573,8.10083340719,22632.8510411,8145.02474037,3578.45685621,7.98089529948,1864229.96235,2.47988187435e+16,0.0205216912625,0.00350774257333,0.019754990734,0.052514806524,0.511363097984,730.602429764,17.195057074,4470.0058638,150.521461193,2.93760823009,9.93614983622,0.00409230687595,0.00191172191948,337.376533675,9.41056118884,247.00550783,7.17487453904,212.322521905,101.648080855,4.70969755444,0.16344551931815746
5.22046372087359,30.279042401497,75.03311888894956,1.0959146245482136,1.7544394569575388,1.835069674705848,0.6390299730496622,-0.0519859949830468,0.0106392055664633,-0.0037319139028372,1.1228686459719692,1.060727296934486,0.9089405250531396,1.2269990713088452,1.2920152459264729,1.3796480778079576,1.934573843797659,1.078866413400263,1.1161328189449056,1.1464977250403878,0.0232543483670621,0.0001994973616461,0.0006736371748019,-0.0001299150719742,8.957692188646963e-05,0.0002618839411481,0.0003054593935256,0.4136627479511612,0.4558836179993858,-0.0448007079557698,-0.0442779779106925,0.1420831027915362,0.5242545744118036,0.1014145573946203,-0.0119699217402305,0.7839280354726692,410.3102749266935,0.0405847763040696,0.0483646234867974,0.1294088060163106,0.361142315339676,-2.954457506829462e-06,-1.0514547750076766e-05,-0.4133451325961637,0.4858303313396117,0.8891634390815071,-0.0295445750682946,-0.1051454775007676,146.49558551277073,387.4586718830879,378.7803471434191,21.27490082116672,88.56812510359332,28.15252208448636,1.4297399857786386,11.867865315010633,0.1096327963821362,0.4087700933840276,0.0713546367542576,0.6236327817730148,0.1175970179469697,0.0270712484458886,0.0278779581407192,0.0163585071005262,0.0256830939058589,0.02979526213754,0.7215882402924472,0.0010481083387307,293.1012862194441,58.51341010475473,0.0515142493219313,59.37740224820041,0.0071502551397283,0.0043373594353838,0.151342530332698,979.597207347884,0.3731041249672173,0.7510324992561921,39.15273540409481,0.118990707671,1.32287995831,0.618845464464,0.746764690266,1654059.59943,494.642898239,8.2583680322,26692.5771606,3844.29280245,1119.38265604,7.94944566299,1864225.45125,2.47986790866e+16,0.0210675052888,0.00358932322148,0.0203334846707,0.0680730010911,0.450747077233,596.563605251,15.7935485003,4449.89317778,170.634147221,3.34840772141,9.48583094927,0.00463025386716,0.00318455431007,373.877831959,11.9656089764,163.733979221,6.4495980407,211.149135843,146.947796013,3.56657940249,0.13406245530339195
3.745047984702216,10.774577876511952,39.9713495437863,1.241214073981917,1.1389232916589749,1.5538644937382926,0.1964726874780846,-2.884470097873233,0.0053695925564478,-0.0008674699924674,0.7745033830877619,0.929667158453666,0.6989172264480116,0.2162572910952754,1.5313228697182375,1.35118795598435,2.039918771630346,1.4196310204943698,1.2361797533154224,0.7804299073401064,0.0088966502081011,0.0001807503432899,0.0013417522417306,-8.22341375790817e-05,0.0002024286958916,6.886512463195779e-05,0.0015504108619628,0.8637080101897608,0.4602153051365318,-0.0359469582060518,-0.0242610705533481,0.140412709491588,0.1321710185327916,0.1177381858139452,-0.0122343012910034,0.6642132887055507,401.5195404924343,0.0339716557314247,0.0268833968205519,0.1495026044830591,0.258320093518784,-1.454306632700797e-06,-9.973086857933522e-06,-0.2657826367675302,0.7860839416997786,0.8657779328822321,-0.0145430663270079,-0.0997308685793352,348.186799478556,522.6664261971875,405.3700561732352,27.79914453971088,63.15235105479334,20.26258348037853,1.5887198034111412,11.1114030442309,0.2323662854836921,0.4436534103473261,0.0515984278956695,0.59365978231256,0.5511559072807237,0.0112305920381454,0.0155339490450075,0.0219723143198305,0.0174253069380916,0.0282374947077684,0.6872943911872377,0.0009177410058224,295.9886054244686,55.31423111317225,0.0784892047335919,63.98171669007608,0.0084608788288715,0.0043593552048992,0.1117088688724587,1357.4584832455985,0.3690709692477709,0.8475442780366458,43.32032481072141,0.159981626593,2.24947463323,0.532358935548,1.69413465924,1502980.83655,536.115688404,8.1688144518,26064.0026495,5246.23314202,2637.50370496,7.97108220788,1864048.47687,2.47932005652e+16,0.0220077536442,0.0094246673932,0.0393077539877,0.0585594829103,0.74134145604,701.243100506,18.550754981,4457.2645997,163.2627253,3.38045676012,11.4608915348,0.00668666902334,0.00229090706408,485.464154213,15.4000078058,285.443624971,9.37909131079,198.453798301,101.717107544,3.9958222706,0.1573258856010473
5.558265829696316,12.933463386766553,36.17780791346591,1.513867462263474,0.998125270003324,1.550295346694982,0.9390891477442646,-0.9466593943759654,0.0261160268657566,-0.001182899507404,0.926852649584829,1.1011361049721238,0.8722677150409367,1.9357955812337244,1.6139354151682488,0.0986342925677111,2.002326783860049,0.9323984962899264,1.1005423354486166,1.2489230305762709,-0.0059620957692161,0.000256029386455,0.0013791956209125,-1.4932552924889833e-05,0.0001879898207604,0.0002398883199536,0.0011971376873939,0.8141495048709716,0.4838625055800327,-0.040990826309907,-0.0133154924737528,0.1172116306710687,0.9758077692552858,0.1491340822960019,-0.0102847435342688,0.7056142745328946,437.46435839934645,0.0333316202472348,0.0425663353706047,0.1028939224791284,0.4973042375521904,-1.6195016504300945e-06,-7.01718680249591e-06,-0.3498471051651171,0.9502676128937074,0.5409628293949629,-0.0161950165043009,-0.0701718680249591,174.7683475633338,742.5422015371419,447.7148871723602,29.91906915568468,64.82178792931491,28.92820652189644,1.743316068781336,4.406336918598726,0.2072523588584128,0.4242877781303373,0.0843589254253661,0.6002944679763299,0.3475240404251415,0.0213877445188016,0.0139847702224243,0.0201553948810941,0.0164558690607373,0.0289973057763144,0.6065647512775022,0.0011516223150498,294.6504755222723,58.17829383875279,0.0505678233468256,69.98083733292484,0.0068510083739358,0.0039198591410829,0.1898966230463218,1217.1624490759018,0.3169809414313391,0.8006418881613266,27.488125616603057,0.382752953279,1.81069427096,0.593904952003,1.00396192683,1540188.67954,610.443653117,8.0414182398,25316.3893931,6952.2409603,1322.19694573,7.97768423704,1864140.15585,2.47960385522e+16,0.0213878537838,0.00625936585048,0.0297166865239,0.0653295447203,0.606136677119,794.269290373,21.2896378025,4435.14113301,185.386191997,3.71916416575,7.748426461,0.00546496321623,0.00235279113887,440.697085771,15.2167742276,195.007911167,7.72873731153,255.060900489,74.900201387,3.39958136443,0.17908546009086135
3.313196279622864,13.369591394863937,30.44329130691625,1.1854151272306097,0.7346064382110709,2.951228915890896,0.9657670488842078,-1.0751690818304007,0.0311025322098792,-0.0021913428188041,0.9242783232696028,1.075385393858402,1.0396212857211125,0.2322499924682766,0.39974398151472,1.3212162140698922,1.953597418977305,1.2057501080712036,1.120857631617993,1.0436541725994464,0.0089530263737005,0.0002062711996066,0.001027655352498,-3.245792624563491e-06,8.777506886415166e-05,0.0004388291517911,0.0010091035407697,0.655708582746853,0.4598109476942933,-0.024858147847278,-0.0350868163973366,0.135804067557416,0.5729559474666763,0.1228209573737889,-0.0277144370447596,0.8014895170862876,491.7058966396576,0.0415783932977557,0.0310003681382575,0.0893138306594178,0.4735034070471351,-2.1476380575104897e-06,-1.0023631538213335e-05,-0.080969130787967,0.6236977540399504,0.8012569458038239,-0.0214763805751048,-0.1002363153821333,486.1680804118356,541.9888069800548,76.76527755537167,19.841123014811973,72.84674035980852,19.25153773332283,2.1836905795147006,11.829111161236495,0.2245598959102286,0.433043013722942,0.0939209062917811,0.583230532138148,0.5264883817917013,0.010779048234269,0.014279831415813,0.0286754296956214,0.0232446247852377,0.0267764498877602,0.774748568196858,0.0009737487764319,291.7845487016232,55.953684544298206,0.0793161391277195,51.4973032450736,0.0079194276729555,0.0044792777927373,0.1205828557738643,906.5446843658916,0.3439985348172998,0.8274308308355351,36.33363735914969,0.629923518307,2.01399234244,0.735403569328,1.48374427814,1466141.38804,100.58032677,8.22345508713,25129.6244462,5499.06406071,3685.60073505,7.97359881917,1864117.39034,2.47953338137e+16,0.0212917511334,0.00706617361272,0.0318527926669,0.0808943926261,0.666410331515,853.499511517,15.6540768504,4483.23508803,137.292236974,3.35436813702,11.1024123904,0.0072598803472,0.00196762493731,405.875263355,10.1208931538,298.951242965,8.36715881307,213.29609139,85.5128697306,5.37253263531,0.19037581004748075
3.777293738200834,28.03168255649632,106.15916264042193,0.7215867992507947,0.9363808536634288,1.952942068536876,0.6413765514498759,-388.6023996241432,3.686391679301026e-05,-0.0010588406540966,1.0495967041341268,1.0349488897147707,1.114208744448972,2.124477317650153,1.786066792748465,1.3382789510520376,1.1529274391573825,0.9191876709189768,1.0303989151277693,1.0077310584278414,0.0162062001973566,0.000218279841142,0.001410874555746,-6.209361671730077e-05,0.0001213404508889,3.3437503053933625e-05,0.001318909552489,0.8336409317994727,0.4875447624885298,-0.042514043180093,-0.012726117563218,0.1419070022121367,0.6617245498147399,0.1113736036599485,-0.0138625892925739,0.9266094019947676,470.09479037207376,0.0321115977544078,0.0278066277449574,0.0561699362456746,0.389095941446469,-1.5545302273350906e-06,-6.556904688933769e-06,-0.37523405300155,0.9591082365517292,0.886698030969914,-0.0155453022733509,-0.0655690468893376,341.51572265881435,996.5421117933836,218.06572100016524,19.8443790626093,80.96439169485745,14.596700321587395,2.2127158906762068,9.02882701662012,0.310152425446196,0.4086828226114616,0.0719178321508394,0.60446104654223,0.5120471860264886,0.0200789839153042,0.0270882495341686,0.0342496905298051,0.0198456230030863,0.0319396343515383,0.6219036866906985,0.001157547299012,293.0427529079018,56.19939559038187,0.0825114975072611,69.48429614065944,0.0073289722007647,0.0047442937716825,0.0893421529288764,1514.1905834697582,0.3407066594092517,0.753212246576652,48.21165246492826,0.106492351133,1.66967415246,0.73703340735,1.00514895928,1502980.83655,292.205760397,8.13533137529,23052.2614835,9712.27381915,2587.20945737,7.97439061695,1864178.21797,2.47972168426e+16,0.0209222525016,0.00503425957791,0.0252628225792,0.0810736748085,0.669222389684,672.70013679,18.4009784575,4451.90332744,168.623997554,3.20456700902,14.052416988,0.00858812633073,0.00413849264921,423.973665748,13.5595199644,340.715721977,11.1438875355,242.135464526,162.441359201,4.83515431278,0.1511039407894839
4.804281454946748,19.43190452620708,49.33610296327682,1.3120187916100226,1.7427906277429446,2.2363956329709005,0.6792475857112277,-0.4453295717485877,0.0235234735817535,-0.0050444886228106,0.7774563740369684,1.1091634992035386,1.0662861399846852,1.0619081521772111,1.2658136878041422,0.974038472821717,0.9750170285433686,0.8592039100130926,1.104391539741628,0.7360835555469345,0.0228268259574,0.0002355969857111,0.0012566400892533,-8.622624345405857e-05,0.0001318399196061,3.998931536334734e-05,-0.0002453340299535,0.2074384152212836,0.4210701511340215,-0.0206025223360173,-0.0496764904401584,0.1064142975410314,0.3589625801898308,0.1249936640001028,-0.0129031409998832,0.6139879565053712,471.746849876395,0.0433301618789839,0.0403181980706693,0.0728264901305494,0.3746687792953748,-3.641871949262388e-06,-1.4866231108247312e-05,-0.010042038933622,0.4048526433976239,0.3898001655744408,-0.0364187194926238,-0.1486623110824731,486.44971679965926,906.304625382601,419.36096150216,18.966525396528738,75.9036457088756,23.38101535075655,1.1809286949336577,10.284688736897564,0.298899968899174,0.4468302638746275,0.0821792560481607,0.604604520701214,0.0080293005761812,0.0105118109988283,0.01966472893857,0.0159252426054511,0.0156536953787835,0.0272219397873632,0.6182088620151287,0.0009417359346433,294.98875594238723,57.30589129245421,0.0664639570550471,66.31403363109793,0.0052828240900284,0.0043294964930189,0.1054163286475566,1349.7831496264484,0.3143300390888921,0.7050633975672805,34.05902113778531,0.21314204453,1.31081313397,0.539974744924,0.861092890277,1615724.32159,556.710244318,8.17987553945,21982.5706819,8867.7763988,3704.32683837,7.96451962295,1864231.73915,2.47988737504e+16,0.0208948865716,0.00346708420091,0.0197355536692,0.0593972219416,0.358399074548,566.893451825,14.9287190858,4437.41709474,183.110230254,3.2968100316,8.30264826613,0.00716443596167,0.00197650469986,308.113008566,10.3117048783,143.100677282,5.74531326467,250.677845859,128.072213656,3.58804209574,0.1277530238248239
5.296125915621155,32.85214689346992,133.048263442237,1.196191478734935,1.9444604450109029,0.6684999628703654,0.6802464964080283,-1.4571270805935577,0.0110966113050793,-0.0020162488751854,0.752669886489346,1.0580963849559852,0.8975408402569436,1.029512465741286,0.3057259821486815,0.6791680035721704,0.7453323794742311,1.037317909662762,1.0949400427958944,1.1724367418875978,-0.0074855675792302,0.0002422811545456,0.0016447427065256,-9.431240042525872e-05,9.113060096468138e-05,-6.179905349433783e-05,0.0019848852146601,0.6832183550579746,0.3744328158287224,-0.0422841460964645,-0.0454136564220416,0.1008222209061187,0.4395373474374526,0.125117654749826,-0.0168126306932228,0.7469079242909782,449.8067749837878,0.0408779540337681,0.0484626506233457,0.1658601193953397,0.3420020186546562,-2.055938816473418e-06,-2.06958980214097e-05,-0.3714024349410756,0.4687951536693748,0.3115110926856622,-0.0205593881647341,-0.206958980214097,439.2983283798524,903.7494110111808,127.93936931856427,20.28388643696289,80.38532967993976,13.508747151455482,1.563979743579618,11.749755338582954,0.19043044642863,0.4006779579559807,0.0769902328184912,0.7594984384132015,0.2693625828922005,0.0278266108420427,0.0181979429521271,0.0171806539966455,0.0165168696268003,0.0304965368917544,0.6103439959052734,0.0011205641458185,297.01939792625154,55.21521151545449,0.076588734334815,50.6532421366639,0.006670344602624,0.0049576397288504,0.117297851129006,968.7005207305572,0.3926887191133838,0.6642866041761325,12.66921888758996,0.0326355562697,1.28860895034,0.367860422917,0.355729930567,1540188.67954,168.070034188,8.21802835625,21904.3996664,9004.16924338,3345.42960832,7.96705222013,1864235.04774,2.47989761799e+16,0.0206283909767,0.00340553431267,0.0194629837488,0.0404646465208,0.474878569191,635.054480062,13.7528889161,4470.21046179,150.31686321,3.56553796676,8.25970574844,0.00827954385249,0.00571253383608,390.654062013,10.8382905783,163.192361138,5.5301703959,256.575964467,114.303757944,1.70542429485,0.14206366467311832
3.7315622973586606,16.016584153511005,68.43092768830672,1.2980027084942884,1.9098956555604425,2.410892548500676,0.5113086527780324,-2.126092258539249,0.0050166398300151,-0.0021493299635751,1.1387828761708223,0.9746616640736552,0.9340142826480106,0.5295020027225761,1.7124074690429951,0.2669782736593515,1.9186983474515955,1.025739942215253,1.09487933057746,0.4525717998827495,0.0374190666192297,0.0002932908025516,0.0015282063516824,-2.4064553725566896e-06,9.290340190167291e-05,-7.004864549905662e-05,0.0016186325527938,0.6623094054686592,0.4320319399149074,-0.0323952870754986,-0.0478905214421187,0.1274303375108306,0.9995481711595554,0.1426949190822988,-0.0218469996976858,0.7311045043302646,436.1722081623436,0.0425862743204825,0.0326802709116876,0.139589911836961,0.3205744845397562,-2.1256353151044687e-06,-1.3496007510636574e-05,-0.2065881179249766,0.4316421783682195,0.6840247251516285,-0.0212563531510446,-0.1349600751063657,302.11556986337484,413.950596714117,294.0313041855036,22.896996537089763,77.6672716454162,28.94688359565674,2.6730640587797865,9.41716145926618,0.4804011530314368,0.4238234858771831,0.0801435374822785,0.5357964614164602,0.3306700423075033,0.0273604708551439,0.0200616108198171,0.0292963834330746,0.0343931955411005,0.0261560328804297,0.7218194867218769,0.0010022016484621,297.4247760228203,59.26084097421632,0.0516567981998449,67.11150774171952,0.0089743244149176,0.0039085739430299,0.1906543160401135,1024.5605482128842,0.3979960045127594,0.7798237188098733,16.943544822650082,0.121833000234,1.19411809051,0.425021252068,0.849822985685,1502980.83655,395.015793787,8.11998792266,29336.6350993,4043.69762879,2296.17411647,7.97713875193,1864260.78379,2.47997729389e+16,0.0202741841477,0.00275432924714,0.0165108200744,0.0467523377275,0.882975534234,647.894504123,17.2613372421,4464.29073205,156.236592956,4.45155832069,14.3262107858,0.0052427893262,0.00306984538748,555.687110777,16.3883283244,374.303156965,11.6836380463,240.62243034,112.578545697,1.75143704087,0.14512820580246735
4.17486600689823,15.289043679664246,76.37472067377865,0.8443018146857841,1.1361380291576753,1.7807386585051417,0.77144690223216,-1.0345472556775217,0.0066708570356767,-0.0034044197751979,1.1253503827756255,0.8604392275320609,0.8888815870112822,0.5026303127001772,0.0296408235500741,0.9170509970178036,-0.0085497470920914,0.8253922340262403,0.9743529745761162,1.0114207642565038,-0.0097781134725895,0.0001911262416074,0.0017193927763717,-6.483531760524694e-05,0.0001052385549363,2.3104374393825696e-05,0.0008703380205252,0.4651167771333938,0.4420761702308458,-0.021185265935769,-0.0464724417315437,0.1102226862919378,0.2271084682496712,0.1157370966196525,-0.0209144403351722,0.7347005792403908,491.0489125835731,0.0369613361013302,0.0278697552616434,0.1609411523392087,0.43571723893486,-2.7829440762220203e-06,-1.2240478721144274e-05,-0.019754432262817,0.4529133740268439,0.4431176080871292,-0.0278294407622202,-0.1224047872114427,382.6106146985442,538.1948198107199,278.03177994924,20.515569307463068,80.88066712038017,13.997706263316203,1.2800593906344284,11.832159911861018,0.161901993349267,0.4187973714131021,0.0679437508179333,0.7217797940114851,0.233242261531206,0.0103881640189336,0.0164872630114427,0.0265111219222779,0.032808233440662,0.0278553559283116,0.7273061030195147,0.0011339675510199,299.5698368862377,56.615128242134126,0.0801556700746514,68.0924587788111,0.0076337369051243,0.0038983485643346,0.1526210089217339,988.65794937994,0.3298708759587502,0.8198362771064425,19.256953946365336,0.196789815141,1.61068325632,0.610267319281,1.05687065001,1577768.60096,363.713585028,8.24671048219,24890.0971108,5369.59991346,2914.64822174,7.96045886928,1864177.33297,2.47971894455e+16,0.021207809717,0.00505155941506,0.0256459808317,0.0671294051209,0.62032520427,635.991753825,17.4597741076,4448.19652748,172.330797525,3.2612684622,8.88636001315,0.00615334784881,0.00151028555783,388.352418772,12.7378278825,243.716773185,8.80061821147,178.6202314,75.4049799939,1.73263678339,0.14297744038420512
4.149931591963081,25.835409354136686,41.7345936564086,0.8923478812899067,1.5241790986290449,1.4471584419103514,0.4944937588466723,-7.212014292649273,0.0021751355773922,-0.0032845809218081,1.1021658608017388,0.954980517374459,0.9202983765118424,-0.147029234935502,2.0334829463735544,0.8480082506742129,1.978374293223766,0.7059977310501464,1.0577534944201183,1.170303297254608,0.0080571683560852,0.0002191439484238,0.0009633134538943,5.861846112940281e-06,0.0001887288088294,-0.0002016289675542,0.0020282053045596,0.4839451814896275,0.4364394302715561,-0.0465952223317334,-0.03102387004037,0.1177383092940976,0.1467591166743292,0.1119989609716482,-0.0452608890254268,0.7352132100851962,499.65238721561445,0.0402958337253755,0.043092803903218,0.1393495969853129,0.2674854169936991,-2.720182728367908e-06,-1.2945071216055489e-05,-0.4432537055288914,0.6846419493944499,0.5483363301173673,-0.027201827283679,-0.1294507121605549,472.8047239804126,921.0913394912692,98.62646845709232,19.34891742109007,82.56786159796536,28.67901584019048,1.6096168481005575,11.964897926610586,0.2572847358279966,0.4172356095146409,0.0754152728934615,0.5408808482816623,0.439114115272546,0.0260135843313523,0.0275750586533411,0.0190676394187956,0.0172148483086785,0.0324035066493448,0.7544982428206035,0.0008132505680514,294.9152586675589,55.622123047773066,0.0962971230099637,54.270444722833886,0.0075161156185538,0.0037016931074695,0.1503214233202718,897.9922363965569,0.4457912296259335,0.7651529839694178,34.61514505200357,0.163981345376,1.43455369832,0.543590589417,0.811809345888,1577768.60096,129.916924406,8.21540516397,21689.1816316,9106.62633441,3595.99311705,7.9646138394,1864209.93569,2.47981987522e+16,0.0209424758896,0.00406353376883,0.0220402397561,0.0597949648359,0.47183771821,619.641810127,15.4382323961,4455.00558926,165.52173574,2.80093556926,12.2975631669,0.00550273295201,0.00576268656401,331.918235108,10.4434152764,232.036196532,8.33075587388,133.626310411,149.888059433,3.59373467353,0.13908889623411802
6.482996069787493,24.165369822871305,158.18518745067092,1.1639764301275082,1.89935161406858,1.322705711891874,1.3390256173703925,-0.0085457751647375,0.0054595143654684,-0.0003350858047207,0.9819003607697768,0.8555375363379264,1.0017560361760809,2.719393307320667,1.9536335881856404,1.5264701027148928,1.2719219954382768,0.8924871245875956,1.0003513371348545,1.1547164171954338,0.0105811146305476,0.0002250368193394,0.0011217615371257,-5.592694461857046e-05,0.000111007600553,-0.0002336391324413,0.000536602794977,0.9473532093569524,0.4670246356272332,-0.0432569159381058,-0.0368036389627006,0.1027230686994336,0.243008952154614,0.1140236582836942,-0.0187797711892727,0.7179829312355467,461.00638031860296,0.0336811585101482,0.0429586791027486,0.1145362161809397,0.3873092805273709,-1.1754893021434916e-06,-9.12192054659585e-06,-0.3876152656350976,0.5979454155594901,0.3381229617920712,-0.0117548930214349,-0.0912192054659584,480.3107720318596,413.9120870624834,286.3394756806261,24.898867980464008,53.94783713807243,18.991855866626533,1.1168403447766062,4.866289988199621,0.4487297688431902,0.4192186684068938,0.094046170484097,0.6240759802224007,0.2443505915926258,0.0279920977467887,0.02399619539839,0.0213930472202873,0.0281610997971983,0.0319551711626726,0.6008499887965775,0.00080817135452,296.587168155056,56.662878896186726,0.0743456542244309,53.15264933265894,0.0064021376588739,0.0048548453597439,0.1375493135718972,957.4340509172677,0.3710211886514369,0.7543207243259381,24.995847794450853,0.0666312207832,1.05630406286,0.445253418721,0.425119229242,1540188.67954,391.72758166,8.03930090227,27259.4574182,3902.99714768,3645.19589156,7.98397107849,1864281.2382,2.48004061939e+16,0.0202387620945,0.00224710775449,0.014352785425,0.0489778760593,0.507544703936,749.340629658,13.9105390154,4489.37792748,131.149397518,3.3928460436,15.6679251469,0.00737814544444,0.00776321206453,398.095787117,9.13526345073,280.081900842,7.99997681872,234.434645752,208.882513735,3.43818399428,0.16691413415457843
3.414598381273946,22.54234066279169,138.61860583612847,0.764784730392246,1.911150269586384,2.294576109911972,0.8646770794306204,-0.3845798731710145,0.0113406507897214,-0.0035112531544226,0.9786569676929128,0.9922083680772276,1.1720747953614437,0.6952283023793346,1.9183255275493656,1.0874754172013796,-0.5065760938947161,1.428736123508422,0.9699587102101376,1.3396354842787268,-0.0227992164865679,0.0002238357644607,0.0011784971353504,-8.048265774033028e-05,-7.950349078166336e-05,-0.0001339054582943,0.0007103003744914,0.4483317194840013,0.3504239452792403,-0.0434391973457979,-0.0355875018574204,0.131105827831707,0.8958586773476424,0.1239844640012444,-0.0317120622929784,0.8169669339473272,452.63057575392224,0.0405608936334897,0.0460893731584271,0.1690560768671026,0.3707134898419306,-2.838894268386662e-06,-2.3697006840094955e-05,-0.390653289096633,0.616187472138693,0.7354815896438989,-0.0283889426838666,-0.2369700684009495,477.585372280828,676.5196713485923,214.77266038916704,21.599316330260965,80.96143115376691,17.57676712818645,1.2930723172183125,10.951857309064366,0.108871349699491,0.4222063423671819,0.0610622259945358,0.5147040588456028,0.4310045281413244,0.0209062176772288,0.0226773140932735,0.0183668296125963,0.0342774705802156,0.0259606818406356,0.7833014819909849,0.0011642507167547,297.9973640725038,55.57814881051293,0.0714692376039871,56.72981607410762,0.0058238056130872,0.0047988327097356,0.0626752363147866,1462.2336182397137,0.3380604133249398,0.6827869724197017,26.190240361405515,0.0870530464533,1.07106691298,0.511075773971,0.710929355794,1577768.60096,282.528924405,8.20772728096,22634.0168758,6685.6477862,3637.44349481,7.96499676701,1864277.85571,2.48003014738e+16,0.0203803764743,0.00229029543337,0.0145744274536,0.0562183351368,0.350193484002,667.506984103,13.5839815075,4475.00940957,145.51791543,3.12331504537,6.51020670876,0.00777909457781,0.00303638244547,311.926023559,8.21026268372,120.319683302,4.23285838344,255.756764276,106.529375992,3.20387088546,0.1491632582214258
5.0547021142395225,9.887291275355604,100.7846308714162,1.4470419357501971,1.5164563773975124,2.756002385405747,1.233585586263234,-0.7599871860876526,0.0199817665527693,-0.0012409051983766,1.27863462971012,0.8670154415268951,0.8273538903928157,0.6620677668330056,1.2633382797636912,1.7800638122080477,1.88009286610044,1.0685803534470737,0.9593513953038928,1.055414143550373,-0.0245319773443978,0.0002409581043769,0.0011080333689453,8.697947780233095e-06,0.0001411266661799,-4.068489436606538e-05,0.0026047662352968,0.8050359780497368,0.4501282126279474,-0.0290526553506152,-0.0492130412289039,0.1371237329586301,0.4905584349797081,0.106251707610151,-0.0455338239722762,0.6500878419199356,487.3814146981199,0.0427475086328546,0.0445075704143235,0.1781993650817684,0.2047858553843116,-1.6498800731675436e-06,-1.1233973421506568e-05,-0.1508775891769216,0.4118043815664407,0.8197322614208211,-0.0164988007316754,-0.1123397342150656,372.3744111023059,513.5707160485194,349.8417564870657,24.40748049074049,71.62360451458902,27.9554220372094,0.6756771373216017,10.4675817646706,0.4227421524600369,0.4292617400071679,0.0951154961040108,0.5018560294464324,0.5653778162143582,0.0129709848796899,0.0232646561920077,0.033924081320856,0.0163918773929686,0.0264530956663245,0.606655210464462,0.0008451045994491,297.7821451982491,57.90775051218706,0.0487297791690777,60.49248560001752,0.0059349993186789,0.004699378611536,0.1738437397636003,1354.5624493136438,0.3423076681849966,0.8346514399450344,26.6086663721322,0.158466714488,1.08307809833,0.453979972762,0.683477286275,1540188.67954,466.746672711,8.1644185571,27272.7840561,4973.58714167,2835.2605579,7.97183552379,1864277.38057,2.48002867635e+16,0.0202681420853,0.00233869499102,0.0147572415611,0.0499377970039,0.636307226327,705.372338118,15.5462271936,4467.10587066,153.421454332,4.28540961981,17.7411535816,0.0059942787662,0.00220025712454,423.713010851,12.177766561,382.807471835,11.8160494535,286.276822715,195.681713014,3.85841530509,0.15790365362748468
3.531506548725977,44.20001560626208,127.22992547735916,0.5351571598244484,2.0530577138036548,2.1622988749947534,1.1965069080947166,-0.0948778876492733,0.0353047819298425,-0.0029695410375667,0.9840248566403998,1.0478086045407295,0.9662849110037456,1.0416024745347403,2.1441781514220466,0.8961254367142939,-0.325768309249094,1.0320543978565728,0.9840311552945228,1.4233035604618194,-0.0364354673852015,0.0001905924360175,0.001088037899015,-0.0001591082880499,0.0001031120440504,3.663451162006537e-05,0.0029761214212901,0.5334424702323906,0.4998041095176292,-0.0424925255046581,-0.0284949343624389,0.1276795048921412,0.7503261142506285,0.1275707514627671,-0.0218839902129962,0.6323824226211427,406.851725435457,0.0352800451142516,0.0441902068445993,0.1012477951153692,0.2127801392360996,-2.555191765892031e-06,-5.0244863102963485e-06,-0.374875425077635,0.7225759845634152,0.687513068489978,-0.0255519176589203,-0.0502448631029634,355.4214737959534,576.2021374761116,51.69333034526609,21.27999727831348,86.58049416064333,10.946201309636631,2.907012062412177,11.718634616741316,0.427603451747511,0.4402165066619946,0.0899436585085519,0.6727953487507884,0.5788850472778712,0.0212131825888797,0.0284369386668629,0.0308522282350344,0.019746481961278,0.0255394940547251,0.6485593155963859,0.0010304516193928,294.3526263451472,59.129212735761165,0.0686205028834752,50.40595186068584,0.0079903869324993,0.0041767172923932,0.0509542193786785,1006.9757955392772,0.4389517624128993,0.8145491215324632,29.37071530407933,0.0811792126994,0.936798091978,0.576011823481,0.501082359114,1540188.67954,68.9483702219,8.18652210458,28923.6614045,5753.13065346,2705.96363463,7.96757357336,1864301.90462,2.48010460216e+16,0.0200388103689,0.00171299786953,0.0117522353068,0.0633613005829,0.821412734537,775.943269739,12.9969334191,4505.31141503,115.215909975,4.72822105938,15.8895878968,0.00802046333541,0.0035937879753,550.392691756,11.2079896146,376.941796028,8.40614689371,273.518809217,170.38595035,4.62968612674,0.17222855386875252
5.116147166694496,19.77876472104024,169.55177209442206,1.2317971724516388,1.1382290117851703,4.59331088630044,0.4392865397354981,-1.311205350022328,0.011301423721464,-0.001621983916761,0.9603385197949706,1.0272739327153038,1.171635339702204,0.5414232521108464,0.563966843746878,0.7197782129735164,0.3000426099972733,0.7761881172163723,0.9646660783261508,1.2401963233722404,-0.0484162754217709,0.0001995038381212,0.0012898490841135,-2.076164987941777e-05,0.0002042437994513,2.840190568522019e-05,0.0009985503823773,0.7451630403643422,0.3831157705385398,-0.0486867055335648,-0.0293883647863502,0.1247839934433227,0.9185406874055512,0.1024122200177105,-0.0174409395468851,0.7165931265316582,438.8133940542572,0.0391987369712612,0.0438326871879676,0.1451421093205401,0.3239589948347805,-1.8494565321188587e-06,-1.961052868268252e-05,-0.4781117588927473,0.7091745282047464,0.6469759082065187,-0.0184945653211885,-0.1961052868268251,406.3764062226543,563.0745755972368,203.8175954935365,11.193611288971171,89.54010148347955,21.203656283246453,2.7354267579578297,10.864861038017844,0.305639497840623,0.4218652981886743,0.050968020202756,0.7661296151082712,0.5711027587238073,0.0250695662276323,0.0161666295547837,0.0282849125833,0.0305640761383014,0.0311239414984294,0.7898228468491432,0.0008423040730225,298.8962472483845,56.00091948116259,0.06792453424979,65.69784564445808,0.0087519665365994,0.0040401487625135,0.1758299935563408,1146.723428032123,0.4266186784333956,0.6864260498156145,16.07997713028283,0.0551304997566,1.33045715654,0.604483962125,1.08192385614,1502980.83655,268.899409004,8.19099970858,26564.1383534,5594.92008663,3088.27460203,7.97123517029,1864250.36693,2.47994504428e+16,0.0203518532106,0.00311507200348,0.0177663276656,0.0664932358338,0.718922981337,741.984664785,18.8493393752,4461.3014242,159.225900801,2.94979792166,14.2709615632,0.00515859000922,0.00398771341952,411.27759778,12.3599992228,365.200438849,11.7682794464,180.188534095,101.776236682,1.88730910368,0.16631574382312725
3.0585402654845693,4.038212774012621,44.04260317194292,1.4075629087744663,0.6578459714230266,2.417786567504561,0.4341941732467417,-1.2245055171299168,0.0235423671478937,-0.0002528404999422,1.0333382833359048,1.0135980606273731,0.9597397411865312,0.5565253208987095,1.9148976076273303,1.601421891907544,0.9740561515995556,1.1381321270184397,1.0878114826024905,0.7813237002904815,0.0373058264211256,0.0002587019287338,0.0016254354099595,-9.015812413969958e-05,0.0001429653601596,0.000184558794861,0.0008176346016063,0.9602751275076128,0.4791623863713716,-0.0342656112628886,-0.0157279364786454,0.1389013125040073,0.362388231709723,0.1449368044443816,-0.0292835891182942,0.8650597026463924,476.26577463331057,0.0418797013833139,0.040941241960032,0.1499610521774979,0.2377198428672499,-1.1324162416412902e-06,-7.604701703578541e-06,-0.2377601877148108,0.9140809528203184,0.8446183750561029,-0.0113241624164129,-0.0760470170357854,121.12727107646926,617.2675696839675,422.8741338692923,23.689991395323435,61.19204755293819,21.33673034952801,0.5351487598536181,9.829605277427572,0.1601686896986975,0.4238925834106831,0.0976172384557753,0.6567526893980902,0.2831253667009567,0.0199909640236059,0.0129702664533232,0.0326849010240265,0.0129710677090782,0.0266504588625151,0.7115746103051857,0.0008801807218833,291.06533204011083,57.533228370074674,0.0849553229747182,56.65180236524326,0.0093403517476701,0.0048884468704094,0.1391603027296541,899.4821157462171,0.4280749454491693,0.7234928459446786,38.462867035496025,0.388195806826,2.58189161032,0.536942768832,2.07107806096,1466141.38804,559.143277831,8.17210682522,26291.0929751,6092.58253584,915.86033863,7.9703743506,1863968.39327,2.47907216634e+16,0.0225323625432,0.0123818584719,0.0472444819183,0.0590637045715,0.993763206674,872.396862743,23.8750771341,4430.93888839,189.588436607,4.31556970106,17.834647734,0.00894635715229,0.00519516893424,561.646138589,21.3455351712,480.700203273,18.6538730755,247.342676567,111.373441694,5.75914590706,0.19688758629212083
3.335436841332612,21.639989227810425,88.68100373805565,1.3679681243596986,1.1696865101905614,2.9686584920976844,0.984874805631108,-12.400236307139243,0.000665802287125,-0.0042560690281045,0.8949150521007398,1.054953545862849,1.0594373906339554,0.9396409974942072,0.8548147179761015,0.553170019017398,1.4747522870014518,1.4079735233442214,1.0829003540019884,1.1142025435107854,0.0350086641560196,0.0002088604139147,0.0011939112705422,-8.347999404841138e-05,0.0001697834715743,0.0001809506537356,0.0012891555414876,0.3313104526415412,0.4655983103629476,-0.0370593936504577,-0.0312573736542727,0.1438315493341848,0.6375337919901471,0.1232218631098512,-0.010367146829819,0.6549114919240275,499.5510277696201,0.0422504317967031,0.0429157523336226,0.1615937230592136,0.4217617716193065,-3.228965157861529e-06,-9.300211204631549e-06,-0.2843232275076298,0.6811393951859093,0.9136416906785882,-0.0322896515786152,-0.0930021120463154,402.9955856592664,720.8389438189117,468.8501439114903,12.237746231964712,83.95192224244289,23.319453381713867,0.2972950628270664,10.128507218268048,0.1756276873219685,0.4160403191620397,0.0501038812521976,0.79330637512939,0.548995220198125,0.0172515735039804,0.0181590013416656,0.0171410359186174,0.0343401372335694,0.0314194692174286,0.7695296001242544,0.0011233134735619,298.63759265437204,57.62709820396447,0.0875812364068462,58.45031575148615,0.0067999712534612,0.0038090244905014,0.0639291146266928,1487.5922465062802,0.4373260340764802,0.6770070188048886,47.91499839538996,0.18213014645,1.40332608008,0.649651200164,0.90236731264,1540188.67954,615.249541883,8.23653826219,22997.3540591,7002.52558741,3063.4476165,7.96609386324,1864220.04926,2.47985118499e+16,0.0207155289801,0.0037742877387,0.0207503830189,0.071461632018,0.404850295477,753.48595469,16.2039930634,4461.71219735,158.815127649,2.71858867292,6.22634287226,0.00629523761417,0.00262206131043,299.316332426,8.77080501998,139.249269936,5.3674366964,168.344587621,75.0459105508,5.58342066703,0.16887820669776218
3.469298277742597,14.23287983943129,44.49155558321997,1.2076485240651835,1.508235611856401,3.0990808378293373,0.7480815697497708,-0.8090014515285744,0.0130727883334202,-0.0038408527028889,0.949385313772802,1.0488314515092247,0.9662452721794896,1.6569445572725772,0.4783869420981085,1.1103609128569634,-2.5674392304348683,0.8263532523551522,1.0628865476505809,1.2968598895468295,-0.0269927379346889,0.0002461216312157,0.0012264369727091,2.217886067447707e-05,9.554878877446096e-05,-0.0002830049728865,0.0010742001653954,0.396546898462992,0.4530038511683173,-0.0255849933445482,-0.0310690045396783,0.1334155345054579,0.8722158971360089,0.1113350616315337,-0.0146255973366866,0.624225626546047,494.92716711006216,0.0386368067714775,0.045845358728406,0.1445967862512997,0.4454625654276337,-3.011510338456693e-06,-1.0874518603960338e-05,-0.0930832224091368,0.6839649319048253,0.767817483076412,-0.0301151033845669,-0.1087451860396033,384.2058389462289,577.8608498459971,425.3829259732688,16.308729538942615,75.82050376722675,20.21037565533598,0.2922526378355348,7.090595778302525,0.1234933780113689,0.4091492774576783,0.0674602333251873,0.7775816174728618,0.5261783118498254,0.0145530808509874,0.0164455954921362,0.0255577796103131,0.031846904685974,0.0315660946396685,0.6844999493598857,0.0011494881425565,295.7544951328076,58.035492366002,0.09425037406618,69.51700898686103,0.0086218213314648,0.0044433115923141,0.1856391716427449,1131.711391371196,0.4461432340160318,0.8046936353210895,15.149554961308752,0.295404961406,1.35280222703,0.521142216838,1.02154459033,1540188.67954,569.844218069,8.13521136151,24660.3846296,5493.21276051,2917.11481721,7.97254385831,1864231.12422,2.47988547131e+16,0.0206405325534,0.00352430485548,0.0197569253849,0.0573256438522,0.685462602924,603.328851158,19.8082254253,4421.55576853,198.971556476,3.73357675167,10.5464427863,0.00932616484668,0.00305561886538,433.337225279,16.7060473003,281.954008908,12.0060070444,231.84339796,92.0148110295,1.40854058019,0.1364517112850041
4.030004568511264,20.705723461291303,58.503143480984704,1.3056459191862089,1.4141011650418054,1.7898887584025385,1.398976819793797,-0.8421683989620222,0.0234719667192306,-0.0025122333824398,0.7505060709031864,0.9459743947597204,0.8790888827414222,1.0574445855722976,1.175545810497029,0.5239200829310915,-0.3207255364569439,0.7713657510782177,1.0175886179318352,0.9693494195982464,0.0567183466757281,0.0001884453317746,0.0011081903743421,3.503233662962989e-05,0.0002228780940709,2.872408173403306e-05,0.0006686277287275,0.6052920682748679,0.3703672173728582,-0.0299596122099471,-0.0277614823599518,0.1356001351105414,0.4430587133185933,0.1032874727667893,-0.026906487933208,0.7261665204242362,420.20702934936816,0.0367562928447942,0.0320281646754007,0.1958060145910284,0.3386196596854195,-2.31569310575044e-06,-2.120409782839272e-05,-0.1659935368324525,0.733577764600722,0.7984018915475797,-0.0231569310575044,-0.2120409782839272,365.5666384390838,702.2897623226547,314.3536271998897,22.40711641767312,60.51579248983339,24.688091879385983,2.245807320321549,11.555298800853867,0.2971640209369397,0.4064193064276383,0.0547603276711541,0.634596997253775,0.578034341441789,0.0185947612978911,0.0115550112562509,0.0170958641520268,0.0344618795335964,0.03196241916075,0.737085332144034,0.0009549058040968,292.09289620735626,57.84423389951693,0.0736980258880025,50.4790586910163,0.0089387364855285,0.0043997688005967,0.1977241965161826,1381.0291781678343,0.3769575990015592,0.7546311168478878,41.12240343611742,0.243670546727,1.30252935559,0.535074352894,0.663423336832,1577768.60096,416.094109605,8.16789141253,25003.9857552,7192.49607516,2781.45628627,7.96498157419,1864232.90852,2.47989099526e+16,0.0207538709173,0.00341307601226,0.0194920785033,0.0588581788184,0.661138590469,590.097581334,12.9215834772,4489.05616308,131.471161914,3.28649242924,8.93783404519,0.00596780074137,0.00338597873592,458.746519184,11.2232059077,226.000010696,6.42138627938,191.735379955,73.1564033327,3.80699468662,0.13145248352810232
3.1084238951427645,20.964953643042133,45.50031847531144,1.2834601579066964,1.278585599490033,4.454942450912335,0.8604616557965905,-0.2128421324990586,0.0206643919156719,-0.0045681462920292,0.8474698834546204,0.8696591408477682,1.13409273999355,0.3101533950446604,0.6199948086723822,0.3956876440263666,0.444534536438794,1.098783947127219,0.9926550014762656,0.6822024154486075,0.0078356105683363,0.0002357788038181,0.0012429566019671,-5.275095426863091e-05,0.0001176632874517,-0.0004757157486508,0.0009827953985968,0.2822786340839328,0.4524574015606882,-0.0433315815435525,-0.0462072834212746,0.1094498732678412,0.5674917396721533,0.1216222655379243,-0.0365542424321235,0.8308765534886566,463.5833666612826,0.0411839362236971,0.0411653543746216,0.1218476246513462,0.3611751601576364,-3.3924045530535573e-06,-1.0942824804913963e-05,-0.3888596923925421,0.4568907486808807,0.4322982257497774,-0.0339240455305355,-0.1094282480491396,467.1181980563108,923.5908693843556,399.9410185352082,14.024850294971476,55.550470149669934,26.06252722078636,2.7928223613865537,11.31483494987251,0.1773212415768615,0.435429532275963,0.0614503834761794,0.697730644573349,0.6500293818581232,0.0270250391247259,0.0216917583890808,0.028816899680635,0.0318493164795729,0.0269202963047496,0.7338605611767479,0.0009678309550456,293.3425629092669,57.21830231126331,0.0879612905638396,62.41353600216152,0.005553911661138,0.0043007085372843,0.1163011203170403,1451.2448566792282,0.4394868253433689,0.7770587386717722,28.316319483979573,0.322028057186,1.30834868143,0.643294808838,1.01336918755,1615724.32159,529.146273534,8.20710324932,21033.8353112,9847.86581128,3560.39819245,7.96011148017,1864239.19444,2.47991045558e+16,0.0208214065333,0.00328806919449,0.0188553518916,0.0707624289722,0.411896885824,575.83468739,14.328349968,4447.9497976,172.577527403,3.39941497718,10.7480744201,0.00837715460287,0.00565104772064,287.106952671,9.20104758125,227.365491446,8.33699377824,224.910908175,123.542734545,3.09668086252,0.12946069843250158
2.422403012225001,21.32761683480588,96.1640767865357,1.2254118470806004,1.6387370037331233,4.804759909689044,1.1172463636964722,-0.4861142749482346,0.0221834394370449,-0.0005759593952543,0.9130097414504654,0.9979951371260464,1.0827654914586446,0.5080908588567378,0.6032788325676057,0.2864081194899434,1.1900855674535815,1.0768139893880624,1.0796624082169417,1.325100382862557,-0.0064885207818128,0.0002349542834728,0.0011610996299111,-0.0001979106100086,0.0001955071610758,0.000124760092736,0.0008924453727737,0.909508510137808,0.3668535973171852,-0.0397092743400788,-0.0185395570420189,0.135138016636957,0.6118439986185004,0.1079199977364879,-0.0295814541951733,0.9246689273958866,400.0419568684358,0.0404883467364144,0.0472621626517529,0.0641368029430214,0.42647459802551,-1.3016382995406396e-06,-2.164330033535184e-05,-0.3284879056679813,0.8719066443697165,0.7919322329173991,-0.0130163829954063,-0.2164330033535184,286.07194744894286,715.1148341195728,424.79075397431086,23.49795793962297,71.80738838326214,14.97829157746918,0.2377481522554784,7.950436054168082,0.384489956195666,0.4478075112544987,0.0996449070948345,0.5990334564401822,0.5573879764380762,0.0217335881050678,0.0251833900070867,0.0199175570241981,0.0143246907963576,0.0320189879723019,0.6143709606125259,0.0011391851520344,293.43267443295355,59.23584674937668,0.0898949852246999,56.37106110409437,0.0084807681356309,0.0038105877544469,0.0639761966154223,1462.6272793170178,0.4089515962996111,0.8061611743405089,42.231229499959525,0.1722043074,1.08754908036,0.587863978013,0.812399414192,1502980.83655,569.01466699,8.11769354348,26048.098223,6773.79579141,2172.47959235,7.97606335661,1864280.44554,2.48003816536e+16,0.0200906478782,0.00223222948572,0.01412542941,0.0646650375815,0.754521816116,621.622044541,15.0499490449,4475.86641074,144.66091426,3.56199673767,10.6812993215,0.0077872518288,0.00415070741435,552.697184726,14.7157041514,246.54137268,7.15835548445,203.280820333,127.622183126,4.67056835972,0.13888306475130624
4.184791694302147,28.19164837969689,87.72604054107956,0.8638286023120081,1.529325550398452,0.9852999515123122,0.8597377475812733,-1.2159463611141976,0.0089924022588207,-0.0017054135618852,1.062185822606271,0.9722142005524734,1.0813678339896684,0.903699859417968,1.3017750548348272,0.1055999341293868,0.7465876004846839,1.0121719368056343,0.9608410064377572,1.807496009649997,-0.0009528169701613,0.000264893893401,0.0013572695397266,-8.298766470346426e-05,5.380180592247616e-05,-0.0003185410903321,0.00126362942293,0.732055045342184,0.3991441080560401,-0.0237341567970546,-0.0479407251692544,0.1307844001019871,0.5592381637720243,0.1325346219241625,-0.0230461177959622,0.8610386877341623,428.6870574482581,0.0346893730340164,0.0472164298750575,0.0734189870898828,0.2154612971415627,-1.8931498488593864e-06,-1.7606986492994986e-05,-0.0622359466175775,0.430889122461183,0.7309816014278203,-0.0189314984885938,-0.1760698649299498,495.4799229719314,463.5752850027868,309.23065277676056,25.313901796562405,82.29132891439305,29.75830441203002,0.8902673155937384,6.998474532081592,0.4813416602942252,0.4464004012364825,0.0610226350764519,0.6802873624044924,0.526506996436347,0.0296677778044117,0.0267209418586975,0.0320812987057539,0.0226935755581865,0.0272579718202236,0.6353807777057072,0.0009432581454369,296.1846940713671,59.85527742152765,0.0622449254623537,64.39461694751807,0.0059411330599364,0.0037208331011764,0.1592023859797969,1475.6685513299285,0.3119689050043498,0.7313586783056457,10.4789295756617,0.0835581678176,1.27220472434,0.433528336095,0.50648666608,1502980.83655,416.33608401,8.09079200767,26679.9365792,4327.73692094,3758.90535544,7.98469367001,1864243.28393,2.47992311615e+16,0.0204209329756,0.00318450467288,0.0184114926682,0.0476881169704,0.605946877253,683.474590284,16.5334981831,4454.09751405,166.429810955,3.42557280817,14.5364660031,0.00590394932795,0.00451312601426,395.545343874,11.9535694809,321.072563544,10.7055573471,223.522095224,157.896477116,1.5456134851,0.15344850177349026
5.515312410864166,40.27830451073123,136.37540201370518,0.5674371815046206,1.4260813318778554,1.3208727416158357,0.8323025910557666,-0.3720292015553305,0.0286514050948862,-0.0027697608077045,1.2026212593219083,1.085871969451974,1.0265721641574388,0.4246490003276209,1.428319675803156,1.5278672138827898,1.004495984850536,1.1332353659368053,1.0399006387808136,0.7456037386203463,-0.0204715408620825,0.0003006472330082,0.0007409915215888,-2.638039509580846e-05,0.000127526923183,0.0002733257883591,0.0014628029560545,0.5648308125256233,0.4581736035138453,-0.0214594829895953,-0.0466257456591296,0.1418811339000154,0.7562125269864968,0.1173134920242707,-0.0259060322544459,0.7595902233283877,402.15930782454205,0.0340948093388597,0.0345243104919797,0.1260226505983891,0.4813922535858914,-2.450563958247922e-06,-1.0228299560769342e-05,-0.0243247164932565,0.4506138151130548,0.8863358746002168,-0.0245056395824792,-0.1022829956076934,386.89844535212274,631.0532176623367,162.15933567609983,18.0210420710307,58.0895162933605,22.570871070476155,0.4008264798940523,4.463001363057022,0.1487288429239366,0.4369374295458896,0.098945257629048,0.5468054341238662,0.3496356713628781,0.0270863319301465,0.0295561171193745,0.0204141070123183,0.0242388124176787,0.0313189711578236,0.6407662502929974,0.000943822188065,297.0563835006725,59.92188084317971,0.0488059157556394,63.61685689819498,0.0071618102881068,0.004497250844002,0.1373150134058248,1460.3639353154254,0.3187226030824328,0.6813817090198259,47.64206573212298,0.0613982222247,1.3494307716,0.632769092026,0.583313347017,1540188.67954,220.206696313,8.05890755457,24938.6892119,5895.08326225,2936.92696363,7.97965017886,1864228.93517,2.47987869433e+16,0.0206497353827,0.00353230260953,0.0198398459841,0.0696046001229,0.525513431855,745.19651306,16.1701034117,4476.16345569,144.363869314,3.18233313924,13.9157633763,0.00510029068111,0.00388561057342,407.63445964,10.6354034478,251.540835745,7.95502413551,245.105610371,201.528241486,5.00555936027,0.16648107702874942
3.841977570530922,23.22312856404145,32.85542804441497,1.5582910789033988,1.1524747844091374,3.926128600970946,1.3189420214558871,-6.744705267381423,0.0017396195448586,-0.0006347041847071,1.3552341837573951,0.9585760548190008,0.9757910303950346,0.3318576110189023,0.1467563345077451,0.6086738111139307,1.945952196679855,0.7289459384713506,1.0801172442540492,1.2622701233808358,0.0779876313807337,0.0002651761328641,0.0012529976649652,-0.0001073723221923,0.0001694594286539,-0.0002690135005796,0.0021306295325038,0.9002788603343352,0.4515648762124116,-0.0486902473938688,-0.0392314284096941,0.1074936643856418,0.9560538603477662,0.1387727890588673,-0.0277653487341432,0.7399530439438702,461.9282845170405,0.0425416327564548,0.028036097654535,0.1087283024397647,0.4270138412590998,-1.332403798885549e-06,-1.1054390473448544e-05,-0.4781707898978135,0.5615285738545877,0.4049113013989855,-0.0133240379888554,-0.1105439047344854,203.1345330853706,827.3269616726574,209.5143764882565,21.090815257325005,84.86090990661226,22.50231543944649,0.7827278009690812,10.883205418164788,0.3099469612638392,0.4146075162034436,0.0625274537259371,0.7085358305092113,0.6429992889817023,0.020615545341003,0.0115644752452576,0.0199488610109953,0.0135657855349785,0.0312354393058575,0.7549548028320788,0.000937011243778,293.13861458263455,55.70744995945141,0.0901794132201472,66.34106237924988,0.0054289030632355,0.0037152623034719,0.1426580368508184,1424.9857493226173,0.3572328231021751,0.6716124456027137,37.48195631383203,0.497110534744,1.38969611817,0.713809550916,0.976322737252,1615724.32159,278.830585699,8.17577309036,25160.8374632,8002.62051355,1549.40306722,7.95901614948,1864224.14033,2.47986385028e+16,0.0209364867934,0.00366259562165,0.0203775685049,0.0785190506008,0.376685151895,696.462363064,15.5223756118,4469.98670515,150.540619855,2.50410154671,6.40242900711,0.00688865435,0.00379467693827,272.145279353,7.4009938118,151.708916832,4.6333797608,180.869171637,58.8842258532,3.84776138638,0.15580859832571442
3.3956589663596923,12.710388674616098,247.8658677454844,0.5948088368977491,1.884220225658184,1.681935360911133,0.62740376705739,-2.8888986249600563,0.0070312618870118,-0.0018950848090561,1.1877822927359436,1.0743250331672145,0.8635603410404531,1.690396529648032,1.7652644886144102,0.4209621477524728,-1.147948340990781,1.1340814363289429,1.0381152327139669,0.9815200130668108,0.0632043481135016,0.0002956438395366,0.0014063208662833,6.978412929916413e-05,0.0001181468382968,-0.0001491801355812,0.0013385929235535,0.7022549693612457,0.3433106148739317,-0.0294358250851974,-0.0447496435267172,0.1391276180523342,0.3316865950724034,0.1433436392335393,-0.0363365245337129,0.7872456175526319,411.9096472567246,0.0407643793774152,0.0487135069602996,0.0650345815390469,0.481576696889429,-1.9924834354625144e-06,-2.4586173140758537e-05,-0.1572637514199582,0.4787553470992411,0.8477866527326796,-0.0199248343546251,-0.2458617314075853,467.1181980563108,923.5908693843556,399.9410185352082,14.024850294971476,55.550470149669934,26.06252722078636,2.7928223613865537,11.31483494987251,0.1773212415768615,0.435429532275963,0.0614503834761794,0.697730644573349,0.6500293818581232,0.0270250391247259,0.0216917583890808,0.028816899680635,0.0318493164795729,0.0269202963047496,0.7338605611767479,0.0009678309550456,293.3425629092669,57.21830231126331,0.0879612905638396,62.41353600216152,0.005553911661138,0.0043007085372843,0.1163011203170403,1451.2448566792282,0.4394868253433689,0.7770587386717722,28.316319483979573,0.0507808733483,1.30198346547,0.465195475712,0.935629025586,1577768.60096,523.939259281,8.20836124155,21027.2588002,9851.88339015,3559.54045844,7.96416471908,1864232.31778,2.47988916641e+16,0.0207651543297,0.0034486866039,0.0196429927415,0.0511715023283,0.454639607196,566.017716952,15.3231646558,4443.17876496,177.348560045,3.43198555606,10.7498399069,0.00797655607391,0.00563170072266,326.006125699,10.5373939096,229.026105972,8.57177778986,214.335401348,123.134804003,3.15436450957,0.12739026424409364
3.995173740638796,22.192854133485618,378.4065339482832,0.3096583988366315,1.6836041943040947,1.966551149746032,0.6932728359305551,-0.6168170905927558,0.0394520689396572,-0.0017746902318419,0.9141135216611422,1.0976491245935618,1.001248043543624,1.332595420434864,0.162294065450369,0.6231511141647552,1.8557571469741057,0.8355059209316493,1.010855050044404,1.1746276992916382,0.0205778839885306,0.0001954284580599,0.0010702818702246,-1.99383202491042e-05,7.261250854456987e-05,0.0001699691149101,0.002106141228794,0.7211706859086416,0.3770785608419001,-0.0431551188388135,-0.034053553299355,0.117705523223662,0.6415425396282602,0.1180862156359527,-0.0440157263413031,0.6590306392802723,424.8959471651271,0.038714960905418,0.0313912496554739,0.0855909306771509,0.2749486893984155,-1.9294310469711943e-06,-2.0365179894762483e-05,-0.3859186473135582,0.6391967005096749,0.5478773251312684,-0.0192943104697119,-0.2036517989476248,469.5293453421901,819.850143812187,121.48510849835208,24.461963984032217,82.56632516584881,26.0814093887843,1.614737489250328,8.674593923657401,0.1266048789530274,0.427320539065997,0.0573445785938579,0.5239052850416889,0.6724078142200642,0.0125211710902744,0.0194318258126325,0.0151115770795112,0.0123335320177117,0.0263284135647093,0.6471195991312343,0.0011143459370381,299.0585270869261,59.843497581501786,0.0421215916820509,63.65348462552022,0.0053244896634568,0.004744905966324,0.0920564789444112,907.1920117926212,0.392314147131174,0.6561512444744974,49.50995019396748,0.0322749111312,1.27856701434,0.599250385019,0.897006604576,1540188.67954,161.979762976,8.1392440846,22119.9212491,7912.73515801,3567.06577314,7.97451693941,1864245.71568,2.47993064455e+16,0.0205111732969,0.00310692426936,0.018023930864,0.0659175423521,0.38651237579,670.566849902,14.1660846025,4476.09948235,144.427842644,4.00975096893,6.81862369915,0.00527823588125,0.00136943878189,369.430269608,9.4508796107,116.725885774,3.6112114194,292.624729525,115.844317274,5.49298727524,0.14981053315417941
3.6658635456454096,18.346043708665665,83.2946007291726,1.1775802296668685,1.0301631863739775,3.765391909820996,1.0346911193750457,-0.4404283721357791,0.0380267202364429,-0.002296413635533,1.072653745242012,1.0562564962385512,0.9996298237900532,0.7971652578183546,1.3642655564429715,1.4694466976351876,1.2519434916558891,1.4352426775972484,0.905903862469269,1.0625866499041203,0.0586271069817687,0.0002287206900596,0.001457317397873,-8.781615822553711e-05,0.0001054804365136,1.4597932023312888e-05,0.0004891179049301,0.6392004489700958,0.3771975227413365,-0.0372542158934534,-0.0340440863255312,0.1057261659465068,0.2450915032339493,0.1250153925868268,-0.0143160292658205,0.6305696266772721,499.4914173953984,0.0353587887165889,0.0311313068483606,0.1872695793012186,0.4676690055410907,-2.2026651700996807e-06,-2.035030965733293e-05,-0.2875702648908902,0.6393387051170312,0.3801663232510955,-0.0220266517009968,-0.2035030965733293,479.7830296491843,798.5478432681188,496.8269060818651,29.71619062564388,78.21352963228557,18.229107091299213,2.0223354384125085,8.099607148797247,0.4115390492246531,0.4091304804993826,0.0936857427680569,0.5128877843986932,0.1888758752439772,0.0255727567352646,0.0156425550208743,0.0177265917077243,0.022999528819509,0.0301326020660517,0.6119901847437015,0.0010253000291331,293.0137548511409,59.72399763762114,0.0709362392278517,65.65992692022809,0.0058450305991774,0.004720818938988,0.1180992762875582,1222.6631368963965,0.43691547970605,0.74113361078398,10.36737871549584,0.211357659344,1.285638324,0.635105570699,0.934143568875,1577768.60096,668.233602248,8.09457923202,23491.5076884,7652.50986817,3643.88792062,7.97508279206,1864244.85253,2.47992797232e+16,0.0206488558703,0.00315430540859,0.018239541023,0.0698616127769,0.446593384129,593.023612415,15.155042262,4456.0885591,164.438765901,3.95910124337,8.63386263196,0.00752602397411,0.00531834946567,368.363596723,11.1900900139,169.653909338,6.30464479315,251.568314245,108.365748257,1.0257934275,0.13308164874864462
5.037233095846261,25.712894441054253,65.98446999310832,1.037862048543819,1.1574717385105422,1.9600361844625065,0.9907649849709576,-0.8244311883300729,0.0167514121192706,-0.0033495657418082,0.9213194991640348,1.066625209285086,0.9427284216129024,1.4711658038190527,1.0733900703104196,0.7462363123614821,0.0143682962508062,0.8283228940786597,1.0658920653885693,1.349959710834285,0.0325925450112796,0.0002698800472345,0.0008990494094804,-2.316923399531051e-05,5.208289165417706e-05,1.8169119673895697e-05,0.0004013029883905,0.4737351333010055,0.4815012806592169,-0.0298902889626368,-0.0446881151729306,0.1360958364110053,0.4907297690874848,0.1169960731504328,-0.0461422186105734,0.6936285232361464,474.8212916665352,0.03368016422343,0.046464048134751,0.1475312970082785,0.3914882359561167,-2.7542162223299816e-06,-7.312339917597881e-06,-0.1648381493772812,0.4796782724060401,0.8053417097540747,-0.0275421622232998,-0.0731233991759788,300.7317570744874,544.3072552841116,449.1190876188193,24.187662713667887,76.49345022222127,29.875920431719045,0.6050212337843445,8.332209111183605,0.1017271017124856,0.41332957540876,0.0994029497913364,0.7567183715884893,0.5241617750880514,0.0186422995298374,0.0196239645906404,0.018732131070617,0.0153441244056162,0.0315420669475386,0.7885897283729923,0.0011979327863219,299.68591774795345,57.39303934267532,0.0328116513477537,67.6168498159538,0.0062046636384143,0.0036586146146738,0.0581736741831005,1100.8930674228093,0.3458234362179931,0.825167871756119,44.27641319839013,0.225889520093,1.56275732874,0.734539962895,0.88888971144,1615724.32159,599.877869659,8.15432985759,25151.9269353,5227.7525212,2289.66826106,7.96287371644,1864183.24598,2.47973724973e+16,0.0212752205738,0.00480421356988,0.0248482097543,0.0807993959184,0.363768204162,604.462052671,18.422584817,4416.15646929,204.37085571,2.34315998658,5.55925460541,0.00204923317114,0.000925944148307,265.562281419,10.5456769517,123.661127826,5.72522235796,146.082896231,70.3275032299,3.86710597947,0.13687514400235493
3.725987973459081,23.98417025019737,65.54034379089202,1.4087775348897986,1.435759500881057,3.488319378345992,0.9787133866594728,-0.2957076836740501,0.0273896831750654,-0.0024896628323395,1.073910543786757,1.0104475070769785,0.7560063660256044,1.515641187648847,1.565280260292619,0.2771704197992913,-0.4034585351445427,0.9903008410967802,1.0372027896510858,1.1931208317812487,-0.0402523270503075,0.0001880115470494,0.0018371119224626,-7.706767318710235e-05,0.0001203608719061,-0.0001125421388775,0.0005510158091704,0.6088382257339173,0.4111734648966437,-0.0446610732515281,-0.0372931527419167,0.1262817326658401,0.6237297712874965,0.1088673029591837,-0.0453519424795102,0.8240853175780721,489.87960849084703,0.0381157452235778,0.0352043766662803,0.1845971120731712,0.444611296380563,-2.303872580886942e-06,-1.6103316887919532e-05,-0.4110178875254696,0.5906027088712489,0.6679442573217624,-0.0230387258088694,-0.1610331688791953,477.585372280828,676.5196713485923,214.77266038916704,21.599316330260965,80.96143115376691,17.57676712818645,1.2930723172183125,10.951857309064366,0.108871349699491,0.4222063423671819,0.0610622259945358,0.5147040588456028,0.4310045281413244,0.0209062176772288,0.0226773140932735,0.0183668296125963,0.0342774705802156,0.0259606818406356,0.7833014819909849,0.0011642507167547,297.9973640725038,55.57814881051293,0.0714692376039871,56.72981607410762,0.0058238056130872,0.0047988327097356,0.0626752363147866,1462.2336182397137,0.3380604133249398,0.6827869724197017,26.190240361405515,0.202867971337,1.16948738959,0.589524980628,0.790961306798,1540188.67954,282.855152187,8.21604272363,22633.2830046,6683.08168679,3634.58264087,7.96855163024,1864265.70386,2.47999252601e+16,0.0203463021393,0.00260138021836,0.0158431626727,0.0648477478691,0.360990894069,683.607306829,13.3466192798,4482.2622404,138.2650846,3.09108177216,6.50816718173,0.0071841590907,0.00301555558234,318.366673743,7.91947920899,120.730367743,4.11807590982,235.859498494,105.772828256,3.00189587978,0.15251390261538877
4.781817158032234,17.130590069132698,20.47554760457008,1.845979660180647,0.737088241755079,2.9402407697821693,1.5268354151770875,-1.1793746157145053,0.0376078004252549,-0.0015222068282379,0.9837951586478866,0.956804374592974,1.197326547191483,2.006268288269724,2.495072794433308,0.9632064059653236,-0.4665705046582263,0.8895477254295789,1.089877732318853,1.27601186652998,0.0139257226220541,0.00026930917887,0.001106124471754,-5.180738492864496e-05,0.0002986034169121,-0.0002402720596163,0.0009639197417473,0.7608394534395803,0.4791715317073651,-0.0408272872259206,-0.0480381106557705,0.1013909870012377,0.9991130502152208,0.141285725233339,-0.0392704563633406,0.7931228371931311,482.40854195847214,0.044365726795161,0.0314713187230212,0.1911201323027934,0.2200718402698525,-1.7972018218680657e-06,-7.603558536579354e-06,-0.3471214537653436,0.429428340163442,0.3194738180173286,-0.0179720182186806,-0.0760355853657935,441.2073669114578,314.34909766394384,63.32997618249523,25.37656607707593,82.25239711684519,29.695671948953844,2.145338131018825,10.856644643222069,0.2382599558649486,0.4207140320668135,0.0848741751182292,0.5430838170397865,0.3082757604689938,0.029117018082506,0.0140236489327527,0.0241873010847209,0.0291640008583535,0.0327741584460235,0.720008895331005,0.0008571236918107,293.9665890746457,58.91415328791265,0.0679591069750002,61.05985975215621,0.0077151115889209,0.003776505334137,0.1311115816305778,1294.9477706984176,0.418607548759196,0.6828492659297265,31.801288300359687,0.699284669483,1.65898249482,0.656901202754,1.08336172589,1466141.38804,84.1826934992,8.18795943023,27363.3143318,3103.01943076,3350.19751269,7.97732045802,1864193.01766,2.47976750052e+16,0.0206838111791,0.00470100114292,0.023841144497,0.0722591323029,0.626286247522,743.18835719,16.595620166,4470.1877557,150.339569298,3.00045237602,12.4556619189,0.00532754640149,0.00485137471816,373.290164429,10.7494828215,308.433930829,9.46962837268,186.483975927,91.4357896806,3.54729360741,0.16625439417893578
3.964019157036304,18.344997553633043,116.61276389574026,1.5940815431754294,1.0574788275100817,2.9166160076235745,1.3617712747229491,-1.3579905938534036,0.0136645718938258,-0.001310920234138,0.7923246085676279,1.04863664437309,1.0848071763073923,1.3907101047005848,0.4134779905957459,0.4010889823420688,0.6962778517897247,1.1356714057071269,1.0225765250720051,0.7034308032162748,0.0066663578997647,0.0002677984516181,0.0011041486606135,-9.096153252705096e-05,0.0001904180934705,-0.0001547702409198,0.0003837026775318,0.7940356107477945,0.3946411712387556,-0.0382075865697376,-0.049118166297371,0.1324857684061975,0.7845471401668105,0.1462305000570808,-0.0157524199613776,0.8109757379997871,400.3097054965549,0.0343200921042383,0.0266063569184672,0.0693986913870482,0.2756250837591532,-1.686547964174018e-06,-1.8169853595155552e-05,-0.303459776162294,0.4132275055394337,0.7548007576867656,-0.0168654796417401,-0.1816985359515555,166.75513322485205,976.0734389482408,436.3556770994412,16.296231237467147,85.73089223782343,24.86527759027778,0.9090704995017048,11.501330679849906,0.3837835180247028,0.4306990679605218,0.0644263377309589,0.7333596530189068,0.7362867408761923,0.0215308136238957,0.0195301187763272,0.0242092621491546,0.0239378391814269,0.0323933439849413,0.6923859680975576,0.000845653417481,296.5046321763677,57.91418850565224,0.0820512262768486,54.40738360127705,0.0062901754111566,0.0044258918725618,0.1529301161161636,1390.5809292834788,0.3545174100434869,0.746770079703577,16.066209266511493,0.165056443021,1.30716271913,0.615201660759,0.751699966494,1577768.60096,574.980825405,8.19981210717,24555.0067059,9467.94492581,1272.0544222,7.96148987145,1864232.89149,2.47989094252e+16,0.0207469472074,0.00340970980345,0.0194363346464,0.0676721826835,0.489515790517,601.782247945,12.2099571298,4491.05151023,129.475814775,2.8006652958,12.5199864786,0.00777770576553,0.00524347885512,339.556025846,7.86421928616,264.511297283,6.89444531649,223.351297463,139.718396489,1.64233808298,0.1339958463122105
4.029240839185387,26.493064782946227,114.784950611173,1.0797981663027572,1.0820604802952678,1.9916567010185309,0.6347617163016155,-1.4020035373771451,0.0125302412744149,-0.0021253861942188,1.0691497117989808,1.0160516706053733,1.045684341634726,0.1708388554232479,1.3737501835614403,1.2781411886500902,0.2532142233652387,1.100473423887071,1.1025291611561463,1.0107514051179178,-0.0244819107355096,0.0002506618548917,0.0016084346593414,-0.0001069813689913,0.0002078685090112,-0.0001422115141008,0.0020262359915805,0.6660713153876952,0.4928034271379108,-0.0379124173576168,-0.0364446581979889,0.1146188181730276,0.8125642553358617,0.1489184208764885,-0.0379586940284752,0.8306587741595726,401.33785252752335,0.0428231569130278,0.0398055562330178,0.0786980039909529,0.4925879539173845,-2.113095615374349e-06,-5.899571607761147e-06,-0.2985402892936138,0.6033301270301662,0.5046634544223876,-0.0211309561537434,-0.0589957160776114,259.79278617752664,607.845765476399,421.5286073080344,24.363227437351483,54.57501960164157,28.506317314699302,2.50705725843936,8.65638806063924,0.1078553511928716,0.4185640617322819,0.0947701470254876,0.6287547221663237,0.423630945098894,0.0169284600162729,0.0194326334020681,0.0217350513431055,0.0228464764042462,0.0347922254337521,0.768232916278154,0.0008605160021407,291.7655906263651,58.03918697774995,0.018915662033219,57.45264817952791,0.0088193476576798,0.0041889581522656,0.0967498422764981,1363.7618392300449,0.4075234739433327,0.7922750367190958,36.79075708388303,0.0997221324733,1.65214221877,0.707199196776,0.975013043201,1540188.67954,567.253767666,8.1257833241,25311.0245544,6178.14017184,1973.33419081,7.97071125669,1864173.54636,2.47970722217e+16,0.0210944016198,0.00514124741885,0.0258295045126,0.0777919116454,0.61108073785,643.933990246,16.529629174,4460.24989172,160.277433283,2.71275442629,12.8422178911,0.00143329623464,0.000810461909607,380.225486203,11.4633662598,296.116917959,9.87215227402,177.418727542,122.388832799,3.35718684814,0.14437172936014145
2.95144642216107,32.5731543657708,34.16901335424341,1.1723354412547655,1.0258905907036568,3.236826452207654,0.9269361286389524,-0.8316472536709468,0.0344203675637368,-0.0020496195263984,1.0097729521926906,1.0924232029711898,0.9565510427151884,2.0910764124904064,1.4933670902309069,1.1292214613906584,1.4394793336942209,0.8359242882628322,1.026921186486248,1.29482676552579,0.0154459201316501,0.000221428184179,0.001320940342653,1.3860272040559504e-05,0.0001787199998793,0.0001856362119382,0.0022939927392315,0.6779753466604828,0.4859170411769268,-0.0475048529775324,-0.0155126237110083,0.1391049240269218,0.7723837964513423,0.1106494459365221,-0.036561820458081,0.8864901496818849,410.9958299888703,0.0452839118701715,0.0454832078967067,0.0527652484259714,0.2912589185340664,-2.073415511131724e-06,-6.760369852884148e-06,-0.4584142162922078,0.9173106443348752,0.8474689363769059,-0.0207341551113172,-0.0676036985288414,287.40815189027705,760.4029601191341,327.02877012083206,11.500144866146218,83.66878077665504,16.57090231047732,2.818396660817569,10.072026512658052,0.3573870043175292,0.4209499011605208,0.0637764817572412,0.7877017459616618,0.2824148768018546,0.0131477748193053,0.0227810602553081,0.0223294024766171,0.0345768901004309,0.0330444774079529,0.705031146589012,0.0009428014451917,290.25527736517324,55.93359729370725,0.0370582326989166,53.11410054222941,0.008461046136175,0.0039360004844085,0.1376109297955981,1124.6776356792975,0.4151561510553283,0.7338328341383978,36.11393738647677,0.349372507575,1.39454015408,0.741252659758,0.92089640042,1540188.67954,436.827417138,8.1602751287,26649.6604278,7544.36573216,2183.13806289,7.9674360281,1864229.36452,2.47988002356e+16,0.0206271740162,0.0035272917389,0.0196398596039,0.0815377925734,0.649853246464,667.827116958,15.2545147122,4474.23635918,146.29096582,3.01613322196,12.2680666721,0.00287205349222,0.00111729318417,426.3346993,11.3616727404,286.758988578,8.7216088411,180.407191923,127.485063666,3.95219088949,0.1492605806547944
4.588773350081848,5.8878478359823045,108.36523929339424,1.6562077050027328,0.6277069242234655,3.624595879543539,0.99324334278915,-3.051668844907691,0.007528460792984,-0.0027585291239678,1.0823212137189695,1.0662620352763477,0.9612950787079204,1.510932945484451,1.4758392152427433,0.5780533556993499,-1.193067141147886,1.1063152243097767,1.0472400464505476,0.6386739280685187,0.0778968336569689,0.00018057634878,0.0017769726190435,-7.240239651826106e-06,0.0002206072872568,5.911210475167586e-07,0.0011798088210222,0.5665954712903936,0.4161899828408315,-0.0232292852020108,-0.0367892931111162,0.1391107459135481,0.717291217324989,0.1445757865007075,-0.0174188243203575,0.8943749723739876,474.90264249589234,0.0424569486127761,0.0364521866560434,0.0682839778883678,0.4002192177618064,-2.4446817623653547e-06,-1.547625214489606e-05,-0.0538214200335137,0.5981606033332565,0.8475504427896738,-0.0244468176236535,-0.1547625214489606,410.3696087336887,941.6615042086676,131.76042496108377,29.85002702244151,86.30555665430118,26.243616657091824,0.3911478593788735,7.900686607747833,0.1782843357964574,0.4019255122253272,0.0768971271630895,0.7884470764298814,0.4836483907365899,0.0208514470052944,0.0294216530395026,0.0170866827983332,0.0255010200177901,0.0329205427325006,0.6595322775996526,0.0008904611211603,299.30638381148106,55.871824884490046,0.0868194893711545,57.91594747346586,0.0068915216400221,0.00454048586251,0.1394638693286139,1550.6394559764162,0.4041696938535152,0.8027551165590515,37.79776448301905,0.227231409269,1.7530478116,0.643688425646,1.24334866131,1540188.67954,175.500909374,8.12908834306,21756.55915,8830.10415414,3112.63108417,7.97456877219,1864148.38308,2.47962932404e+16,0.0213166770602,0.00596382798393,0.0287713076448,0.0708057268211,0.399311696763,779.243697799,16.6811467981,4464.05931204,156.468012964,3.07647489462,12.5131478975,0.00814963579183,0.0052953237278,336.083750896,9.38650585622,201.524128131,7.14242083293,217.772141369,197.26384589,4.59786887073,0.17455944093245004
4.474977957226475,33.239339901252016,156.6195827790138,0.8791501333604395,1.9038044917254031,1.249785174842312,1.289431175728562,-13.840869483683043,0.0006062267215144,-0.0008528378074832,0.8933842166801632,1.0126765826325896,1.0462172913317649,0.2138753984357918,0.6944921008148076,1.179812226482873,0.590168612450393,1.266806468043555,0.9602580747084896,0.7959315729693202,0.0171440944825078,0.0002347128708876,0.0016352600644488,0.000106668134038,2.66862992848458e-05,0.0002392996490511,0.0011204089184053,0.8660069365204457,0.3092793916181791,-0.0262513467352431,-0.038937944609178,0.1342400220097044,0.5532439090851123,0.107878455416716,-0.0449764601705806,0.8168390843150941,496.6361498212656,0.0361878382713842,0.0353253732685194,0.1382761510079657,0.4959828273274966,-1.4466435449318474e-06,-2.884007604772761e-05,-0.1041891122540522,0.5659308308623298,0.7793603081358618,-0.0144664354493184,-0.2884007604772761,277.7778808501887,720.7043617525933,418.346284664486,10.544268904686762,85.07899842514524,19.895732281944863,0.8797903834932604,11.578882867103152,0.2687085143909673,0.4217119696518553,0.065622477645077,0.5496334872380949,0.25489102674984,0.0238672620100256,0.0111676962716305,0.020955189955158,0.0315047482893992,0.0301977529905703,0.6383471151840301,0.0011292749647257,297.71599727307176,56.41706123926252,0.0238335041324746,58.041510857479125,0.0060455028701474,0.0036352033756044,0.1227279470262016,1330.7080375853193,0.3720081037760337,0.6829655424089085,38.6905997937767,0.0631373300684,1.06234624034,0.460904892777,0.420919189391,1577768.60096,543.75135646,8.25266513748,25226.9687848,7116.61888316,2120.08474742,7.95951192544,1864275.78952,2.48002375054e+16,0.0204050292338,0.00232901078177,0.0148335148267,0.0506995382054,0.528340680077,624.387874364,13.9560039765,4476.08514897,144.442176026,3.15741257592,6.58848087326,0.00190646299318,0.00108727638607,381.850204042,9.78117468694,174.968379384,5.43751438068,190.306771939,54.038156648,4.39576753094,0.13949419047751563
3.177576824229256,6.508663231166433,165.0740514294354,1.0457225249583064,1.8960189640060123,2.8168748126606302,0.9309743124124864,-0.1179928586891311,0.0395889704476329,-0.0003952617390584,1.1088556547152202,0.9793150476637068,0.956575738228192,1.6062876621766282,0.9157744046996136,0.761469783013761,-1.0260892002553224,0.7761320348741525,0.943316100512931,1.065096097649607,-0.0594246433951679,0.0002366571603977,0.0011509022243563,-2.5918815045433662e-05,8.882232141605204e-05,-1.084954954146697e-05,0.0013737642616264,0.9378987061455636,0.3704298564310241,-0.0297839166677534,-0.0195289090809412,0.1281220733761252,0.4539810883371664,0.1393785413334064,-0.0217566533000452,0.754601916531021,420.3868727952894,0.0441784199531461,0.0296045011473205,0.1687319707344783,0.2570422469424769,-1.2070043128481214e-06,-2.1196267946121987e-05,-0.1630652777958903,0.8570663637858809,0.6937090272657526,-0.0120700431284812,-0.2119626794612198,88.6711841144284,724.1653578259131,295.7866176173216,29.132410034463263,70.32237299524422,19.239587071976857,0.1086394227873289,10.93071353964346,0.1528135326222865,0.4126454126936724,0.0554282503232,0.6119058213326504,0.4271407249486009,0.0206382669122302,0.0286774133982873,0.0256761703955529,0.0349731755204853,0.0271820265642055,0.7477259576053583,0.0011297106306959,293.8831187814563,57.39194013376058,0.0220462684354585,54.70723499663372,0.008726494528084,0.0045707909794073,0.0953861871985379,1552.4572621131415,0.3458619006517833,0.8412347344665405,26.377318462523064,0.099032661566,1.0665446198,0.400335578489,0.788793550174,1577768.60096,390.424842244,8.19763883953,25462.9191478,7071.18769542,676.130371462,7.95936012285,1864274.11219,2.48001855763e+16,0.0204268578849,0.00238470618052,0.0151093818443,0.0440369136337,0.753311114734,741.777906198,14.2554817145,4503.14390777,117.383417232,3.84435652508,11.9182765565,0.00216718661465,0.000969628811181,547.357304026,11.6140535949,278.244687736,6.68534512402,229.622458345,145.565320037,2.98384578717,0.16472445060396385
3.3698024122435246,13.730569643735244,24.73259195482322,1.5566095628368242,0.950948562468352,2.414659261549296,0.6525749554526493,-0.980387253228966,0.0029521205939084,-0.0054492250925996,1.0104642035896836,0.9543193748089672,1.0342263649832155,1.505333430641783,2.017750121850788,0.9369841200321296,-0.5314180485671494,0.9801785324375744,0.9764180280515437,0.9652443398722867,0.0328481825522917,0.000203660803612,0.0008502268998677,-6.544725347264996e-06,0.000111966213258,0.0001750174619316,0.0011887371850685,0.1438485051433439,0.3647057124308916,-0.0432124154287301,-0.03606138678786,0.135333668178416,0.9168237089572504,0.143864980766651,-0.0425485589935826,0.8117120431934464,446.7043391346487,0.0405009091374284,0.0481002943057498,0.0813224565869901,0.3010729277989965,-3.8538383161888535e-06,-2.1911785946138545e-05,-0.3868735904788363,0.6090791981820998,0.7946713544978246,-0.0385383831618885,-0.2191178594613854,472.8047239804126,921.0913394912692,98.62646845709232,19.34891742109007,82.56786159796536,28.67901584019048,1.6096168481005575,11.964897926610586,0.2572847358279966,0.4172356095146409,0.0754152728934615,0.5408808482816623,0.439114115272546,0.0260135843313523,0.0275750586533411,0.0190676394187956,0.0172148483086785,0.0324035066493448,0.7544982428206035,0.0008132505680514,294.9152586675589,55.622123047773066,0.0962971230099637,54.270444722833886,0.0075161156185538,0.0037016931074695,0.1503214233202718,897.9922363965569,0.4457912296259335,0.7651529839694178,34.61514505200357,0.500494378483,1.7572830834,0.571252606914,1.25185605824,1615724.32159,129.09174898,8.19410017508,21686.0270587,9106.64421112,3594.3215445,7.96006436673,1864147.25536,2.47962583298e+16,0.0215866980308,0.00599089638422,0.0290003836434,0.0628377867605,0.434220274689,610.954674045,15.7253285361,4441.99884501,178.528479993,2.7658831554,12.2930124553,0.00679545996429,0.00582911841659,300.343265425,10.0072849946,230.239402358,8.89227768126,164.977990541,151.602698805,3.95674974289,0.13754048466971736
4.514068340026658,27.53317856943182,102.90738729875744,1.205275536546888,1.95789558079926,2.364161823271869,0.5789986922202439,-0.3546729716981058,0.0289902756766248,-0.0015448227435327,0.8824770394993727,0.9257431331830788,1.0371871610862544,1.200032832156933,0.1420389043276962,0.7632103548260114,-2.728165219469888,1.1715303362549967,1.1171188463486446,0.6381055198479306,-0.004743864605696,0.0001919016429843,0.0010536329880392,-0.0002867324613444,0.0001236684069916,-0.0002030910188275,0.0017378283217203,0.7572861684571808,0.3893559754988044,-0.0351813155476083,-0.0494758910201374,0.1294754322442716,0.6637852603702157,0.1398945092605648,-0.0335599511404306,0.6342445863493194,475.030815392328,0.0422682427166728,0.0404341711348161,0.1245900780693134,0.451745732144037,-1.8090461051427304e-06,-1.883050306264944e-05,-0.2530219257934716,0.4078616346979379,0.7126560514198023,-0.0180904610514273,-0.1883050306264944,440.1633983022256,786.8135654919655,458.6842880680821,14.619977600531344,50.87308321030583,28.88819351701359,2.464266247661352,9.959939513608576,0.2922125349176663,0.4069173101541865,0.0582099754718187,0.7273522360676273,0.5323810301569102,0.0104502026967441,0.0292832548315374,0.0256660518030639,0.0278825220196585,0.030264652451755,0.7839228772133576,0.0010042741748793,291.5311876873992,57.15316523884611,0.040730877874245,55.327816239094055,0.0054471273563044,0.00457677249334,0.0983866726299792,1532.8271012739758,0.3571276386383684,0.7993532816419496,28.2944005295482,0.0806730201019,1.16492561311,0.54604662078,0.739565829327,1577768.60096,612.000307566,8.14305734432,23517.5318191,8209.94936025,3353.00924279,7.96876968507,1864261.73418,2.47998023619e+16,0.0205125840366,0.00268303114139,0.0163287628642,0.0600651282858,0.335494432767,711.752511734,13.4583281943,4481.1639978,139.363327206,2.74167965058,10.0760138508,0.00366454472688,0.000979276291515,273.564275423,6.71444152463,185.59835042,5.78507560476,207.455653265,155.638185259,3.68632670176,0.15883206061715896
5.408382432528798,6.266312059518393,56.48093898455775,1.469501122697375,1.3312798045849878,1.4426830528056749,0.5588142037461001,-1.402402876108079,0.013504837012149,-0.004024489726552,0.8779011242314579,0.9867123424708228,0.9006946215334606,0.4131929646025805,1.2347063946629242,0.8946658240444061,0.5611006337561733,1.096841783460457,1.201001641593589,0.9440369030173912,-0.0898472961300564,0.0003324815707566,0.0011794269173845,-4.386198957769976e-05,0.0002504680395757,3.281858406070709e-05,0.0022688503897472,0.3676948856265737,0.4027457617775793,-0.0217069364161271,-0.017285649645092,0.1306805261196009,0.9550158761640586,0.116212119466412,-0.0130993073656684,0.9312434882491634,435.45492904997377,0.0420013368160671,0.0474634033406037,0.0629264214447946,0.3795576010846596,-3.107683714578088e-06,-1.715677977780258e-05,-0.0284489402687865,0.8907152553236191,0.7295273656744128,-0.0310768371457808,-0.1715677977780258,484.43038740344,793.640071387528,181.2459627566658,14.887990067395386,60.22360771387424,20.455444497610344,1.352386243121483,11.609270083816908,0.1330883526594533,0.4297748273352134,0.0937492741981879,0.6379419437426921,0.5298903047705481,0.0146720623566657,0.0106297054886099,0.021279101027335,0.0202248449653895,0.027352193581702,0.6614999181447373,0.0008853047629205,295.00258052398743,59.30096273454416,0.0907713881502313,54.375787732326266,0.0056432503023412,0.0044652873261362,0.1351605012751127,1076.948141852225,0.4094313417216855,0.8161343082477089,17.757970016024277,0.223627382738,1.8217888149,0.479346183073,1.16426365772,1540188.67954,235.601751262,8.24226910095,21713.4375467,8237.80366149,3674.23161176,7.96362877999,1864129.8488,2.47957194816e+16,0.0214843416895,0.00658736618278,0.030942634418,0.0527280801381,0.457132419539,665.557108004,14.983994999,4446.26589424,174.261430765,3.86599662153,8.83407782657,0.0108577872543,0.00403153162407,330.908529638,10.4580140386,205.340476214,7.53818804642,281.429195858,80.7520008717,2.84951026483,0.14968900282509165
4.04545113168495,15.912484111955605,107.98787047589713,1.1630256711168978,1.157667476061034,1.5767797529522416,0.5707952404315569,-23.82807975716917,0.0004227447377643,-0.0022743175696165,1.1389401628289897,0.9376832613087486,0.7495170408714629,0.3305098293417428,1.735881739326438,1.560099398368721,0.9358173277838748,0.8825798749348195,1.1032190268899318,1.279222961910487,-0.0012732346524274,0.0002006361872721,0.0010706238183107,-5.028501913016175e-05,9.965042560830684e-05,0.0001037725763698,0.0022305584127094,0.6426720581518414,0.325206226047292,-0.028902363103804,-0.0460890930071865,0.1168824096099002,0.7035179544951571,0.1005566841680591,-0.0429799569007917,0.7504851183678345,481.356940762112,0.0347474338835323,0.0307533748353768,0.0993136204003461,0.3052109500427661,-2.191093139493862e-06,-2.684922174408849e-05,-0.1483727183967338,0.4586636048922021,0.536353734538603,-0.0219109313949386,-0.2684922174408849,376.7333226790973,815.4306996313896,430.4432591682401,25.379535482450144,80.91606827814958,12.282641480989431,0.1451165692302308,11.527131145188246,0.1248395251655152,0.4069904755706348,0.089762518212916,0.6617079707207092,0.2845970030559832,0.0190019529274634,0.0162491612023862,0.0277761736794186,0.0167232602351339,0.0317756940547214,0.6144023472978677,0.0008145113901318,293.422143494145,59.90237975649538,0.0214795091125058,52.43480969018893,0.0058521472343993,0.0047057332088192,0.1873605169006142,1200.7417523932816,0.315136621193914,0.7071980116098882,10.6371445531698,0.115198967968,1.8040232534,0.599710907635,1.10094074102,1577768.60096,558.753639233,8.21999608729,21979.2378978,7951.53490265,2868.60524451,7.96187308126,1864132.31019,2.47957956776e+16,0.0215759877543,0.00642884092194,0.0304797136825,0.0659681998398,0.527096420732,651.696316091,13.1718363603,4473.6149413,146.912383706,3.25618343867,14.7923010756,0.00230830373718,0.00150278410026,335.22007719,8.8815597758,324.207814949,9.70824600175,252.022889042,147.55002997,1.62002390311,0.1456755497829283
2.0834565295533816,13.054858914181242,127.96565007602294,1.0237547839506052,1.627586330985056,3.616354489873896,1.1306549721379848,-0.8415994142380188,0.019980074512532,-0.000231211960625,1.1094024451130955,0.889675204126489,0.9648021635749428,0.7174683463538092,1.1338904899450142,1.4013487017344108,-1.163134840996906,0.8806016887678141,1.06959190396633,1.189558625363788,-0.0305762745885563,0.0002582437850222,0.0016045042039655,8.985508418708104e-06,0.0002541275539295,-0.0001122882885664,0.0018996956165645,0.963673281548464,0.3590071536949744,-0.0411041512423481,-0.0459469800378896,0.1394202147984622,0.7555283592900641,0.1119118193280032,-0.0284725978515668,0.7096237171228837,428.17726953568473,0.033744461988076,0.0387825493459429,0.0908907249809226,0.2434578413461441,-1.1210890615051202e-06,-2.26241057881282e-05,-0.3517358540391351,0.4607952994316557,0.8518830071784718,-0.0112108906150512,-0.226241057881282,385.30921779927473,717.1089207625669,403.83795368552177,27.566175366692526,79.83934042381792,20.094581298666675,0.2686865273719918,8.975577358304616,0.380573885036899,0.4012115916086781,0.0566102403114364,0.7550316496406414,0.215697246819439,0.0187815830205764,0.0179447854708866,0.0290391088238459,0.0297979049273618,0.0349235619298149,0.6577613344760884,0.0009544538815145,298.05261936494,55.39831090959837,0.0973888718239665,57.4202864682676,0.0054300795068143,0.0047297785048752,0.1049970430730398,1413.1232589687927,0.3527430925037638,0.789647909812748,45.99864497274598,0.160608439443,1.22496589558,0.562769588732,0.908273698761,1540188.67954,538.351014049,8.13074678813,24892.6691173,6783.35740461,2931.42537055,7.97419469819,1864248.31534,2.4799386928e+16,0.0204887279941,0.00299324940014,0.0176555216901,0.0619046547605,0.421195584412,770.694147958,14.0955200517,4486.61408359,133.913241412,2.56896333267,10.969572096,0.00899649732007,0.00519167015221,284.444996156,6.57101529018,246.311746254,6.64157427761,217.392004209,122.754853356,6.32970503178,0.1717763403758861
4.8292928604001695,12.14310009616953,123.34198468067424,1.1919098180863965,1.1721052309543996,1.2731409732412429,1.3147676739235494,-1.1676792739307251,0.0117308828876685,-0.0024829244943728,1.0823327012899029,1.0352108587187383,0.9359952145081664,0.5316777155596348,1.639698169924452,0.7847428311458077,1.9635884205925087,0.9727831275086424,1.0060021177958731,0.5926291420833552,-0.0478189241728872,0.000279208863096,0.0015722296130952,1.0871610983414793e-06,0.0001343338465336,8.268436104983556e-05,0.0018541208404956,0.60989691536868,0.3066598872673418,-0.0418966817939246,-0.0349116922892414,0.1396752065091272,0.5565109396712401,0.1447015516712789,-0.0496092340619832,0.7262742822496683,478.97934410101726,0.0431867907554156,0.048713784076302,0.1727078582890409,0.2786719245622526,-2.300343615437733e-06,-2.916751409158227e-05,-0.3649446965654106,0.6263246156613779,0.8554528911277814,-0.0230034361543773,-0.2916751409158227,376.7333226790973,815.4306996313896,430.4432591682401,25.379535482450144,80.91606827814958,12.282641480989431,0.1451165692302308,11.527131145188246,0.1248395251655152,0.4069904755706348,0.089762518212916,0.6617079707207092,0.2845970030559832,0.0190019529274634,0.0162491612023862,0.0277761736794186,0.0167232602351339,0.0317756940547214,0.6144023472978677,0.0008145113901318,293.422143494145,59.90237975649538,0.0214795091125058,52.43480969018893,0.0058521472343993,0.0047057332088192,0.1873605169006142,1200.7417523932816,0.315136621193914,0.7071980116098882,10.6371445531698,0.141852689875,1.55193158233,0.538946587544,0.699227498207,1577768.60096,559.766500596,8.21223777545,21979.6224475,7945.42552786,2867.5383229,7.96200760181,1864180.70385,2.47972937993e+16,0.0211901308222,0.00491829769391,0.0253310558026,0.0592841246299,0.5393315019,632.623812032,14.8053380125,4450.3373438,170.189981207,3.30101411497,14.7978266153,0.0023116964493,0.00150264935699,347.436186401,11.1278713977,323.25446126,11.6722696032,252.933077432,147.554515639,1.79607630098,0.14215187819713077
5.279538328785717,20.53468053637721,59.1745139097048,1.45527477171219,0.9430278839265356,2.275911609333655,0.790665104294433,-2.070544600419701,0.0051209587658699,-0.0043910218753611,0.9764909367279216,1.1249423639669596,0.9047829366008092,1.1802516565898993,-0.706913026096587,0.7495925081193411,2.281238585001278,1.003490062526766,1.1490303686059522,1.09868620371409,0.0065539109727232,0.0002531380071281,0.0014187184423046,-0.0001847781221817,8.976854241302872e-05,-0.0001361685913863,0.0008663421781607,0.3101074228619931,0.4444540653290419,-0.0336941338271302,-0.0132072508754721,0.1174473485247443,0.5302317768018853,0.1007274826189309,-0.0206098034485761,0.8974029234497392,428.0937764412084,0.0392186416471596,0.0301508723373534,0.1220279893048512,0.4512357866296568,-3.2996419237933563e-06,-1.1943241833869749e-05,-0.2282355637855043,0.9518912368679184,0.5442628793464204,-0.0329964192379335,-0.1194324183386974,472.8047239804126,921.0913394912692,98.62646845709232,19.34891742109007,82.56786159796536,28.67901584019048,1.6096168481005575,11.964897926610586,0.2572847358279966,0.4172356095146409,0.0754152728934615,0.5408808482816623,0.439114115272546,0.0260135843313523,0.0275750586533411,0.0190676394187956,0.0172148483086785,0.0324035066493448,0.7544982428206035,0.0008132505680514,294.9152586675589,55.622123047773066,0.0962971230099637,54.270444722833886,0.0075161156185538,0.0037016931074695,0.1503214233202718,897.9922363965569,0.4457912296259335,0.7651529839694178,34.61514505200357,0.254008264041,1.79388469821,0.756664135451,1.09599271626,1577768.60096,129.549364609,8.21971392009,21688.0277756,9106.72450735,3585.27811858,7.96282001273,1864141.89189,2.47960922942e+16,0.0214828245887,0.00613010062121,0.0293234622895,0.0832330548996,0.449904308526,644.030049031,14.018368796,4474.88201557,145.64530943,2.74933596794,12.291529256,0.00607896837219,0.00579165192464,314.532472394,8.4896063725,232.406037753,7.3168633993,147.566835582,150.635410462,3.27904231469,0.14392112390676406
2.119048967479532,20.226755639232746,246.51461820631863,0.70710826030332,1.6261543586187257,3.6105743173482407,0.6643312110908752,-0.1255127564498822,0.0281217731422855,-0.0031462223878716,0.962907932117433,1.0944626154770032,1.189885414581738,1.0481154352894873,1.876478501444653,1.3521305203608889,1.7660632202526445,0.919688682661011,1.0176642974417276,1.3267830527478035,-0.0480286276908111,0.000298901765325,0.000539289431884,-0.0001314351842098,0.0001616718683481,4.340270247569314e-05,0.0003575610097906,0.5056832935409666,0.4539904406829085,-0.0275135546456759,-0.0418797615536506,0.1210125512566609,0.8746551550701505,0.1201042833914309,-0.0412765681806596,0.6158616487756304,421.9639285098877,0.0442084330281582,0.0443293323978625,0.1695541862128829,0.474949885613752,-2.6477223548634443e-06,-1.0751194914636432e-05,-0.1252259107612662,0.5218035766952408,0.5941757175932525,-0.0264772235486344,-0.1075119491463643,426.2740566348452,738.8643597878956,309.7743607084153,27.29013467893289,72.98360888174764,12.186660267785514,1.3391792127377888,6.966175601937477,0.4640863157456679,0.4086650703816714,0.0793932580675398,0.7221609881981237,0.0211415329974709,0.0115128451508211,0.0108743495264452,0.0232221213948818,0.025640350258338,0.0335246970684025,0.6829978842946204,0.0008808131868812,297.87784492767634,57.59662396257007,0.0783050233206645,59.2231646303584,0.0056803251400347,0.0037496747467464,0.1874219613081368,1456.248298294339,0.3092705779726764,0.8493176069059628,12.01128753759,0.0574527430171,1.27805652159,0.601262905509,1.01262375703,1577768.60096,419.47163088,8.08269488924,25216.0053569,7012.71134988,3238.72285349,7.9748073319,1864242.80304,2.47992162735e+16,0.0206608275904,0.00317151297297,0.0183561001482,0.066138919606,0.432099832979,706.195656869,14.4239147385,4470.0361716,150.491153407,2.64533133495,8.63376014143,0.00616783269342,0.00219065495371,270.667014803,7.35666871153,217.148901205,7.05262930939,185.206488664,68.6217273351,1.61635450105,0.15798432714163588
5.430585343900289,17.720222357482672,109.46674289959724,1.015907887727288,1.441615208523859,2.0527398911271377,1.1908013130605168,-1.2803976919779407,0.0147284194081228,-0.00085270348628,0.8671199155736272,1.0494238573333692,1.0570865410024868,0.5164425214775543,0.9894996042656682,1.2465535311678064,1.5131154035850491,0.995448639297464,1.022502504932546,1.5176216308530717,0.0053686452653183,0.0002160317954045,0.0013351408288874,3.351048761421024e-07,0.0001697357113242,-0.0002214045238524,0.0020793429068082,0.8660280403098863,0.4328867267599313,-0.0297409468769855,-0.0318956373155704,0.1206895415377033,0.1639425572677642,0.1251869481948507,-0.0312816285959917,0.6200423548845365,469.29145861379504,0.0409994112906206,0.0405516296733033,0.1091358765385391,0.418522519253677,-1.4465731989670457e-06,-1.3389159155008584e-05,-0.1623491146164258,0.6715654402664439,0.5896535815278461,-0.0144657319896704,-0.1338915915500858,150.7777616939274,879.5075866100879,484.3609466767905,20.155547988917768,73.62594861694033,14.026569585395332,0.6447028167017987,11.463750488529412,0.2804680999843192,0.443315039911984,0.081322772488766,0.7941891423757574,0.136891649035145,0.014579299254866,0.0150456528033447,0.0186623937401304,0.0152875059296909,0.0288353767158459,0.6769168323821112,0.0008766525912131,292.2313847682847,59.46719586759565,0.0611526663832623,60.18505788419026,0.0087473222942322,0.0037169748955839,0.1340575275729045,1348.5600137111437,0.3541980855852157,0.7420853936082681,33.074996825023106,0.148129516884,1.26857998863,0.584886721514,0.746691811104,1540188.67954,636.454437885,8.23119766331,24903.1647264,8692.59450118,1148.90718408,7.96226456517,1864244.8022,2.47992781652e+16,0.020524522659,0.00313718280347,0.0181938213688,0.0643375393666,0.823447632705,644.16790431,17.1606349561,4460.08304613,160.444278869,3.66991519537,11.4087617699,0.00479712858372,0.00221358955424,561.417560946,16.969965082,280.532546615,9.19265371399,184.128991968,95.6350468,3.59826270991,0.14442957623153282
4.224777979533344,23.62239064411812,85.3363972637782,0.9575692667335888,1.1789601279756745,2.18236064847602,0.7567866040900717,-2.0630130011416448,0.0048978175057376,-0.0010116742535451,1.084861467101051,1.0732841961580288,0.7270691047466262,1.0985603144332217,-0.3002636145342132,1.2076643146926307,-0.5020964559853075,0.8968739172764696,1.0623659088899555,1.2297343631719413,0.0516781555025831,0.0002229305592243,0.0010520483339592,-7.276200624041193e-06,0.0001777898687803,-0.0001221198056898,0.0003365155044116,0.8410514504792779,0.3274430096164574,-0.0221382628569397,-0.0108499280146803,0.1320740976839084,0.1910878955123848,0.1095794497117541,-0.0101430813990723,0.6266543489860188,449.8430340058805,0.0341482583313275,0.0301229106945831,0.1580660717043339,0.4369825828173379,-1.5298284984024071e-06,-2.6569623797942828e-05,-0.0356377142823296,0.9872510797797942,0.7490373675747184,-0.015298284984024,-0.2656962379794282,409.9758225311588,656.7885404774768,246.558930293238,14.389725526913534,87.44814319620038,15.866889745289964,2.4330366767101843,9.669483549613712,0.2715012091133061,0.4271886523685506,0.0811438121433069,0.568894969925227,0.1605741850043267,0.017304093744103,0.0227816281234735,0.0237528269418154,0.0329470093833537,0.0264041874945822,0.7801606792351888,0.0009177769874021,290.22872917728165,59.66347135868202,0.0520553326670319,51.31151649255143,0.0077122999245201,0.0042660752727381,0.137304890219577,1366.5644453631785,0.4453134375016074,0.7258342074399446,19.92108205797097,0.152686822733,1.52262921928,0.67835997336,0.960123813905,1540188.67954,324.778863206,8.16226343106,25440.2452173,6464.1688332,3111.13172453,7.96921072156,1864200.20319,2.47978974535e+16,0.0208791059544,0.00436405991768,0.0229701300987,0.0746195970696,0.664286906246,700.576021255,13.7272704303,4493.11491507,127.412409939,3.9953912693,12.2900589242,0.0045144648357,0.00217161610587,476.041554723,10.9942428338,273.169639674,7.46151022197,202.411810871,132.932040712,2.43337368908,0.15592212407148848
3.227194974414531,15.609781153524576,23.276482368886235,1.0579300064375787,1.6373690497952391,1.4695822806060854,0.4947910924207663,-2.359058717391658,0.0112115267506809,-0.0027484907160633,1.1485646534660034,0.8933013818738424,0.8183820705369829,1.5060580044032532,1.3158613160464028,0.50706433766056,-1.0427883949550054,0.8749874038345526,1.1479207856128613,1.1007439069377176,-0.0353515290543964,0.0002939191476449,0.0010976057361216,-0.0001425152134713,0.0001380271750525,-0.0003520446573609,0.0014891373412077,0.5681726492904617,0.4687730925016594,-0.0339515728617771,-0.0323705324065652,0.1489529399047045,0.6031182802185087,0.1479829744037916,-0.0374546188957106,0.7032206281397789,492.7824982107786,0.0441105490138142,0.0409950478538699,0.056799548666935,0.2271402540261049,-2.439424502365127e-06,-8.903363437292579e-06,-0.2325262143629523,0.6644420139015212,0.9853411586658634,-0.0243942450236512,-0.0890336343729257,485.5346749396082,969.43646106073,343.1352030253513,14.7071165877686,81.21677525117826,12.100400366386586,0.2539304286874141,9.56129823062619,0.4827504509412216,0.416324672233621,0.0814841259385401,0.7575297342048279,0.2887999232618476,0.0283548836324306,0.0167504165363849,0.0160557002414669,0.0107911276972589,0.0313817405949797,0.6545505472271048,0.0009001438727402,296.74929509357725,58.44626457791942,0.0822581498277992,57.53145463534934,0.0069432734232725,0.0044797932683139,0.1339459906097946,1202.0472197601089,0.3615125590610566,0.8067981024853644,23.656714739572728,0.321643354738,1.51274860586,0.446350432914,0.984045940303,1502980.83655,457.542072218,8.15491825342,24251.7821076,9243.26064453,3682.89944841,7.97610346239,1864199.50963,2.47978759823e+16,0.0207769687676,0.00441156455631,0.0232030082403,0.0490985476206,0.493429137208,673.608802131,16.2394090693,4454.98008475,165.547240254,3.24322348785,9.76755311166,0.00796588722965,0.00691520366788,381.423739694,11.5983460994,190.273228419,6.55398359154,229.705466997,117.899499928,2.85596000616,0.15120354958192833
4.513624143680123,15.535744949136395,34.47241931894998,1.4438047703031092,1.1953987763593754,2.3184838758303563,0.6941899545510208,-1.216284099839715,0.0140926065050992,-0.0006038021251016,1.1202338110269183,0.9248792974476868,0.9228385551838272,1.326929248811334,0.8472116565398556,0.5507787596830488,0.6976107286339308,0.9894637099832204,0.964510630528896,0.518601177203939,-0.0526487984440044,0.0003048139874517,0.0013102976249261,-4.306231987445485e-05,0.0001721246226203,-7.578852783142847e-05,0.0011926228956348,0.9051340175494976,0.3025776999684029,-0.0220777289416773,-0.0473531816974335,0.1052341790100104,0.3059431026277306,0.133225716735873,-0.0284497490859449,0.6889360344041158,473.18064465040607,0.0410732425637399,0.0461369970066259,0.1166260261009962,0.2913700012712866,-1.3162199415016748e-06,-2.9677787503949628e-05,-0.0346288156946226,0.4397022745384976,0.3732785061401465,-0.0131621994150167,-0.2967778750394962,487.4322946452397,935.7044263132908,373.2956299067351,22.771426180350105,74.80246680273098,24.169534379418728,0.4901788563657868,6.619454486247553,0.4443208444907787,0.4331150270840079,0.0517104958700151,0.7451715259372758,0.2182819616975876,0.0267114158722529,0.0134295539306424,0.0337135986221622,0.0183448705586504,0.0339338905493635,0.6880523254977886,0.0011054811667718,297.08552737500685,59.41720439096126,0.0141689811045857,55.42425071716998,0.0057163076919393,0.0042472123384205,0.0860293590982646,1217.9242255596344,0.4367586141503208,0.6989859294925487,11.002442401052384,0.319650054966,1.43991884569,0.526929378919,0.979482146783,1577768.60096,500.497012646,8.06955934142,22261.7648499,8707.20067044,3703.80340578,7.97752990668,1864214.702,2.47983463084e+16,0.0209110236285,0.00400329056922,0.0217017084025,0.0579622316811,0.501826665182,582.081997879,14.5367677773,4450.90679849,169.620526507,2.66926383462,9.64873818585,0.00109582754621,0.000837261391774,300.567387347,9.4769079547,257.863458682,8.79897683503,183.815123681,76.1062615275,1.5279576943,0.13077829400437574
4.428935164707859,14.895919838947451,42.67244891192105,1.1766990013753649,1.1713189904790855,2.98516098092926,0.893481874342768,-0.9599853322988398,0.0224024234385069,-0.0001765932928582,0.9951250805924448,0.9885331792719037,0.9859983646752554,0.6971022027357623,1.100601394150484,1.716828148232015,1.936571761237724,1.2246426018145284,1.0301435602794653,1.1670309167180886,0.0478718996634719,0.000281192787445,0.0018507141036,-7.030159342772805e-05,3.898512809676402e-05,5.046669753057887e-05,0.0022515774732724,0.972254658397658,0.4642769954705122,-0.0216787992120415,-0.01857021763271,0.1360643313467366,0.1673482592262923,0.1234561648415285,-0.0143434760575977,0.657448766856862,410.49871584923886,0.0376083366214358,0.0324810772546094,0.1149802862804108,0.2059176781771561,-1.0924844720078068e-06,-9.465375566185973e-06,-0.0279799868673593,0.87144673550935,0.8049006388543136,-0.010924844720078,-0.0946537556618597,92.86132523173116,708.7650971749272,449.7867439390794,20.64287826819233,88.71957598301708,15.16544446559018,1.9273483006805725,9.957529751654231,0.2670421488992438,0.4011416436113318,0.0879520373207736,0.6112633778156703,0.3098562149004328,0.011702934560812,0.0230515402302046,0.0205748493902892,0.0189015697009644,0.0310956663401464,0.7318421643292601,0.0010910611692041,298.9818904041016,58.72819350094002,0.0575855425595972,68.25329364403095,0.0078564315621459,0.0046496248169858,0.0881190350221454,1071.5181831921036,0.3929596546081643,0.782609040711624,39.12852226925255,0.360179544437,1.47839906749,0.611751601044,1.07998897871,1540188.67954,596.086826442,8.18920118403,26807.1688763,6913.15288067,706.231120145,7.96439025601,1864211.55015,2.47982487327e+16,0.0207974538104,0.00409465180568,0.0219146541047,0.0672926761148,0.583724648521,766.775813638,18.8171540915,4467.51385872,153.013466281,3.33806558236,9.63996692867,0.00484686958978,0.00154657037673,436.064493993,12.5643108911,210.664204627,6.54347901369,195.490326604,124.912619156,3.65342794266,0.17163367319865264
4.272807732760874,24.93460267958367,99.86862822198286,0.9645581973606866,0.8327430457687622,1.1463604998072816,0.7418147223218768,-1.949851623644988,0.0021358617114401,-0.0042205174018631,0.7753513296352366,1.131343666110621,1.0944256460586888,0.6901393475965306,0.994550972258348,0.3578035680350967,1.5347939833831536,1.0904691738867798,1.0090467853227592,0.7650185388094707,0.0593111475699341,0.0002713634911175,0.0009863179438767,-0.0001878208459815,8.822888270540448e-05,-0.0003497768815294,0.0010480112333272,0.3368961235275767,0.3570182360555702,-0.0254429413632503,-0.0363628909357359,0.1014148193243611,0.4690608894627197,0.1093562875931072,-0.0369540187349411,0.8680255227734583,499.9419783699429,0.0372173277536662,0.0370366920130773,0.0618615859448034,0.4891268609851251,-3.2103462549080776e-06,-2.2872720493053728e-05,-0.0907156893875056,0.6045566359639607,0.3198074705410553,-0.0321034625490807,-0.2287272049305372,472.8047239804126,921.0913394912692,98.62646845709232,19.34891742109007,82.56786159796536,28.67901584019048,1.6096168481005575,11.964897926610586,0.2572847358279966,0.4172356095146409,0.0754152728934615,0.5408808482816623,0.439114115272546,0.0260135843313523,0.0275750586533411,0.0190676394187956,0.0172148483086785,0.0324035066493448,0.7544982428206035,0.0008132505680514,294.9152586675589,55.622123047773066,0.0962971230099637,54.270444722833886,0.0075161156185538,0.0037016931074695,0.1503214233202718,897.9922363965569,0.4457912296259335,0.7651529839694178,34.61514505200357,0.126299663609,2.02593130466,0.716703462863,0.932648652352,1615724.32159,128.657695165,8.20571133763,21685.4214454,9113.57405337,3592.99275089,7.95983381876,1864078.04911,2.47941159758e+16,0.0221401439944,0.00815944353513,0.036135018105,0.078837380915,0.440104966061,629.950599342,16.0666123905,4442.90868999,177.618635012,2.68854031458,12.2841106365,0.00583903417579,0.00578137562228,299.210939169,9.79760437819,230.319566237,8.91142323806,141.146666301,150.336639822,3.87108469039,0.1417878789094398
3.8399303785672254,23.212396864192087,78.7564028855466,1.079453622413495,1.8948477792869,2.2044204993994923,0.8620789558407163,-0.4357450201273229,0.0107781265084265,-0.0007423114200211,0.8962321176667332,0.8434197182964956,1.206827739087076,0.4885897809768544,0.0548519259177751,0.7604101838114545,0.2012678238018153,1.0247512546303172,0.9974146014514468,0.7703450970699308,0.0596992348196405,0.0002611511514945,0.0013320788641179,-4.570327285808538e-05,0.0001388897009024,-0.0002608862012427,0.0017628241223052,0.8833722187833019,0.4736002247794968,-0.0480003937183245,-0.0293530961614293,0.1295621103801841,0.5195949805751582,0.126473073994733,-0.0476784541816251,0.7766275194111121,401.6048599510989,0.0423921886008555,0.0398883343630253,0.1756966171572924,0.3518542927899959,-1.3887592707223268e-06,-8.299971902562888e-06,-0.4666732286387426,0.7097035575785591,0.7138695453225782,-0.0138875927072232,-0.0829997190256288,118.2438233146906,883.078473587047,416.5352711610201,28.91578056841167,78.19071066297214,24.219793364490627,2.14836218231586,6.067738389526057,0.1232308288076932,0.4313655007978365,0.0641210012148804,0.5223951816579832,0.0236546250668111,0.0203454880890178,0.0201587734335394,0.015536046990194,0.0115777142751467,0.0287050732963369,0.6521470484925289,0.0008289986200752,292.41182773783214,55.487334967883584,0.0843593075897879,59.61124063018416,0.0081580688310358,0.0039163208338277,0.0616930973041135,998.6504278379886,0.3689134370304512,0.6573513538319558,15.95911312857655,0.134306042213,1.07890988337,0.486877593836,0.668898690723,1577768.60096,565.467665933,8.08000973343,24174.9382549,8386.0407117,899.61406631,7.97085933463,1864276.21132,2.48002505642e+16,0.0203974410644,0.00233359127308,0.0147862834074,0.053556535322,0.696633708562,703.258743905,15.8834997601,4481.63056415,138.896760854,3.57416527345,11.3191598644,0.007470878518,0.00470059020865,529.081751451,13.6365433254,230.898390556,6.7357798183,208.566473889,131.830629934,1.66461938117,0.1569202846683955
4.389541650411839,24.256788864850154,170.48242980414628,0.963604263238754,1.0054492978019545,2.1248731599771844,0.8923858684404594,-1.1737763827327667,0.0196897686020207,-0.0018784583500044,0.9496242466345862,1.0502354848626092,0.7885650714101228,1.64249500801977,1.8045708448466289,1.5283247971628056,0.1237528278926081,1.044463207843952,1.0789695067972622,0.6277380900159371,0.0009728978894063,0.0002370562980642,0.000849432372983,-3.0056765337172223e-05,-1.1437980824501064e-05,9.87237998204196e-06,0.0004765907705364,0.7048672247791032,0.4480792685924648,-0.0293383031362794,-0.0335439859872019,0.1187583934626666,0.6162571159463747,0.1085931457712166,-0.0173770261431316,0.6109311245696607,412.5218846254285,0.0389851451015667,0.0482934044043827,0.0699196472884872,0.2015898630173129,-1.983775917402989e-06,-1.14900914259419e-05,-0.1556383856046566,0.6468402101919715,0.5626175084773324,-0.0198377591740298,-0.114900914259419,410.3696087336887,941.6615042086676,131.76042496108377,29.85002702244151,86.30555665430118,26.243616657091824,0.3911478593788735,7.900686607747833,0.1782843357964574,0.4019255122253272,0.0768971271630895,0.7884470764298814,0.4836483907365899,0.0208514470052944,0.0294216530395026,0.0170866827983332,0.0255010200177901,0.0329205427325006,0.6595322775996526,0.0008904611211603,299.30638381148106,55.871824884490046,0.0868194893711545,57.91594747346586,0.0068915216400221,0.00454048586251,0.1394638693286139,1550.6394559764162,0.4041696938535152,0.8027551165590515,37.79776448301905,0.091214574802,1.59503454053,0.730828370995,0.942027656108,1502980.83655,176.221189166,8.13746965246,21758.9150626,8826.31170378,3111.41778664,7.97845885882,1864189.11631,2.47975542286e+16,0.0208356144747,0.00469989953489,0.0241020171683,0.0803911208095,0.41130253271,772.183990972,16.823679617,4462.13923658,158.388088419,3.10451031753,12.5170587297,0.00776533996603,0.00527951122084,346.244958576,9.89825809158,201.699206123,7.10000754384,208.156887249,196.697440795,4.65449516015,0.17305241948564545
5.016192197290194,5.480980340844414,66.49932720464554,1.663071005309111,0.9453169353147514,2.467678262828064,0.7695645217651301,-1.1633816563921489,0.0027195504560622,-0.0008438172104923,0.691683463457188,0.8921120318915952,1.1090688675089737,0.1978545734709014,-0.0021096011492223,1.921578619403164,1.2703872758094044,0.9281802877327772,1.012120513123857,0.6653767035072948,0.0134291255415599,0.0002159363009958,0.001478016886259,5.62269970277631e-05,0.0002188650082812,-7.337010461499165e-05,0.0010564363992976,0.8674242018135956,0.4847733574104131,-0.0206154412041915,-0.0104347537063216,0.1322130301555523,0.6713798674432888,0.1338122131694727,-0.0495349800787191,0.8651318619122601,483.7491092133234,0.0344671713522565,0.0382241875772812,0.1666646331022616,0.3153849079579808,-1.4419193272880143e-06,-6.903330323698361e-06,-0.0102573534031918,0.9934786944051746,0.7509824221777333,-0.0144191932728801,-0.0690333032369836,84.39102217462252,733.9126768127808,162.7409985699623,23.016664993825103,56.57177291893351,18.54635923588316,0.0076804036885456,5.356398085874172,0.2368447105726551,0.44853970835573,0.0728834744637601,0.618204892226831,0.5429215796085801,0.0169991353766908,0.026224645925084,0.0328655311726489,0.012516972132957,0.0320489675598869,0.6033165928553805,0.0010563981373163,295.53722466666125,58.15355148599011,0.0196496982084519,64.25306201587017,0.0094405216282618,0.0045114237907691,0.1623073914159548,1190.4257695371662,0.3559122750377638,0.705801435376369,14.685073184870417,0.240342512036,1.61159043222,0.484744933249,1.1034500086,1502980.83655,220.534655172,8.07748011952,26688.4950554,6860.11753324,639.253074829,7.97532166683,1864182.85076,2.47973602623e+16,0.0209209672734,0.00497861954016,0.0252172203378,0.0533219426574,0.975543538137,791.359570573,21.1475843311,4452.1678081,168.359516899,3.52217861445,18.5644664217,0.00201540717393,0.000905261746484,574.52212037,18.8409213371,476.457450447,15.8326620766,238.088268645,176.197385558,1.87394031999,0.17774702227828187
4.126841945073649,13.322809667699282,90.51643868728137,1.1845573109431893,1.3901309810805835,3.070922548919383,0.4464667716607419,-1.069368527363549,0.0060431209316102,-0.0020700681235685,0.9599324153040286,0.9815607644565852,0.8584440460072775,1.7681408545167034,-0.1041525822313689,1.434745665754151,0.3780655105639172,0.8173553671396618,0.9773125560827124,0.9890730415948016,-0.0381635271626024,0.00018492715354,0.0009682698347562,-4.98081775510506e-05,3.2084196906378856e-05,4.102142196310582e-05,0.0031128276892407,0.67476257847099,0.4727648498087993,-0.0309322833898653,-0.0179946813837892,0.1472016116003227,0.7823249233526669,0.1124589337470377,-0.0176684591667308,0.6135982120433355,432.12816692732224,0.032239910867202,0.0420440295361262,0.1641824248093544,0.3634773796149116,-2.084124738430033e-06,-8.40439377390009e-06,-0.1822047231644221,0.8800797792431612,0.9608225624045186,-0.0208412473843003,-0.0840439377390009,198.35693726789987,855.9797478544972,88.1126894068336,23.642783385546142,85.71018480176036,25.69531712467449,2.881181566433648,6.323673887193273,0.183480634666511,0.4329414320537648,0.0542691639584837,0.6822883556227455,0.2908722510861197,0.0106480297695432,0.0257948059895525,0.0186877193049134,0.0176930282486836,0.0278721153581027,0.6488071017855886,0.0008433581896516,297.21575762845976,56.4796581332211,0.0773337205402165,54.517593061091695,0.0093069631317516,0.0043324917396387,0.1219201866520553,1375.9107994097585,0.373445541728709,0.7317295998092812,41.16476395500912,0.10425514801,1.34417597015,0.469056442548,1.06253868688,1502980.83655,119.120218097,8.08921547184,24481.5732681,8175.31876521,1503.37131112,7.97841538409,1864239.24182,2.47991060229e+16,0.0204543909884,0.00337881264358,0.019018377966,0.0515962086802,0.810443796437,815.216854804,16.6613585182,4485.13522313,135.392101871,4.07056026268,15.2694730742,0.00835399041646,0.00248345993311,589.395992582,14.7588734309,314.779351712,9.11070588644,250.138687329,184.929537194,5.34697135546,0.1817597049471102
4.684353163516559,9.015259626838438,65.64256940045664,1.4088504712017824,1.6246555031786074,2.4778017344497383,1.390372923196291,-0.8048220603320965,0.0125343716059547,-0.0013018331374801,1.1417132655075688,0.9284007195285644,1.1766507129662735,1.1680598762854877,2.969184146185308,1.4168833160682663,1.6908465256391885,0.9360645913680944,1.0541550833801554,0.8476630544125946,0.0039997131596694,0.0002343530250431,0.0014986993604962,-7.869156407800402e-05,0.0001814009177937,-6.622384906486049e-05,0.0017418334808677,0.795463324093333,0.3148965834653283,-0.0382869958386095,-0.0217889838626726,0.1105801211914409,0.8872166850346317,0.1024086061545215,-0.016433255663191,0.633487631571977,433.52676089076056,0.0378338694030705,0.0498760695625132,0.1649979117761509,0.2922592037212242,-1.6817889196888896e-06,-2.8137927066833963e-05,-0.304783263976825,0.8231652420599103,0.4481216966801738,-0.0168178891968888,-0.2813792706683396,394.9808703271919,920.706545270041,439.9188900076442,17.296792619738497,84.98442143637573,11.644023711521363,0.2184431685676994,11.522963860229613,0.404371360660343,0.4116197584216399,0.0530145753582852,0.5873966313171713,0.6593128572690999,0.0129468653179691,0.0121616632126921,0.0199945500160948,0.0341668254717322,0.0325768422438312,0.6323116775381057,0.0008649140916012,293.4225969663913,55.77136805480672,0.0613518450550963,61.298942927304,0.0055384832200475,0.0047527515211553,0.1541286838927268,973.9215702768108,0.4177582773696618,0.7955787497946277,33.753869866533066,0.258054474974,1.18203053164,0.468614995588,0.736104719588,1540188.67954,576.460172599,8.21436172386,24443.3436472,8919.06427204,3005.00000283,7.96691314175,1864258.74497,2.47997098186e+16,0.0204196459635,0.00277940321903,0.0167394760388,0.0515476495147,0.417331092009,708.209057003,15.5980319876,4463.41605313,157.111271867,3.27698886451,9.12526224308,0.00660667604877,0.00261288422917,315.28477456,8.9388891363,198.999782146,6.87745308652,253.549193513,97.276203555,4.43580106699,0.15866973828405795
4.872088432833132,13.950787972824852,94.88974683622412,1.4297181349502484,0.8037312368028475,3.733846432945601,0.9052436951991116,-2.174857331012372,0.0064202317366489,-0.0028515688219618,1.1436085824176516,0.8895365173975393,1.1259811666079147,0.7796549331130633,0.6378685015864032,1.1343551628232689,0.973862742128551,1.066629695621722,1.1001959864659108,0.8102798403123487,-0.0083240844501324,0.0002261795642099,0.001154606429014,-3.847625211369746e-05,0.0001260280817717,0.0001727700658574,0.0014667606943746,0.5519775989938929,0.4961562965969495,-0.0249687311668376,-0.0481518070628843,0.1172457297933088,0.6794478808742153,0.1369091326680567,-0.0357812030791,0.810962860024387,461.61669688181246,0.0364773804183361,0.0496550510462272,0.0833926554557129,0.3038404393914281,-2.4934080033536905e-06,-5.480462925381315e-06,-0.0828121861139615,0.4277228940567344,0.5414402171063241,-0.0249340800335369,-0.0548046292538131,475.0196744982573,669.5553131829926,450.4730625138595,18.90031306537165,60.35872234933744,12.920984588560628,2.885138886474467,9.492583808701257,0.1678548094669283,0.432738042270155,0.0746558776545773,0.6691290453694505,0.4790748606499986,0.0252329927354256,0.0232564666568891,0.0174730739955705,0.0224057693272389,0.0257918903453829,0.7337534887172698,0.0010253851177642,291.38711178529286,58.05928742939914,0.0790559337647618,53.10134527897868,0.0072781223686462,0.0042857752536947,0.052664141351995,991.9407360965624,0.3879632724758881,0.813705010808175,12.25881014849294,0.21041032622,1.64733012592,0.717970782247,1.19075882703,1502980.83655,601.789143068,8.16495967279,23712.5308879,6893.80082523,3607.06857828,7.9752740494,1864182.18063,2.47973395166e+16,0.0208994142317,0.00497142574401,0.0250136815706,0.0789767860471,0.529719162593,684.493422059,15.9359228033,4451.99951125,168.527813756,3.74102823263,9.04005859126,0.00802307295137,0.00452386565764,416.419694901,13.1014466153,175.498502437,6.52445362647,238.523963262,123.464679102,1.72597949348,0.15374966244477706
4.741091550133413,27.07919611739541,65.08937489939376,1.302742788573126,1.243922379248649,2.160600215415521,1.5820921846016616,-1.5375760100921894,0.0126784668892072,-2.2606973817157656e-05,1.072043187157172,1.0147513040610825,1.0199864102035134,1.4475994523243136,0.4689731120321566,0.7588827169569811,1.587084265036151,1.0980071475828443,1.0536086152213238,1.1862337887887522,0.083736952333447,0.0002423677197503,0.0014666054753773,-0.0001141111988511,0.0001530514517039,0.0001767520842719,0.0012736273427597,0.996448119852118,0.3029592045406724,-0.0278724695765924,-0.0451050845407492,0.1346979435009262,0.2781081025215884,0.1393710321420339,-0.0329004675761866,0.7249557431827913,492.6159050920915,0.0362111462324822,0.03424231269748,0.0898724455626578,0.3156772669234725,-1.0118396004929392e-06,-2.9630099432415947e-05,-0.1312078262765402,0.4734237318887611,0.7857712090129674,-0.0101183960049293,-0.2963009943241594,450.6209976951581,468.0819670810493,382.4645240489558,28.959958422588127,84.26978241631677,26.01052677213044,2.987219189796733,9.934961847744315,0.3687819037969978,0.4273510001396705,0.0532271815473521,0.7381057656265276,0.203917520799447,0.0215589917210409,0.0226404157559884,0.0262317241684951,0.0247653528805948,0.033334935444244,0.709007246974005,0.0011549566911575,295.52313444917723,56.5645027500444,0.0514929119888317,50.54355000550489,0.0075429829412049,0.0036650388969083,0.0686790213406795,1143.490381528292,0.4418550201183348,0.7469045224406095,38.25981646737283,0.227613329374,1.2724109721,0.614959540268,0.640948577034,1502980.83655,507.597285771,8.13155500432,26623.4772262,4583.24679442,3423.91501015,7.97926712517,1864246.68123,2.47993363378e+16,0.0203724191078,0.00307027608775,0.0178363468811,0.0676455494295,0.60776434613,718.269636932,13.697471293,4494.34927941,126.178045585,2.78655148978,9.55340771306,0.00327554338903,0.00191530762003,402.30638818,8.99191610588,245.776725444,6.19289442661,149.050499098,95.5032807476,4.96476620444,0.15981615853102799
5.364945226142391,20.619589350857705,111.1718914677707,1.040160756513116,0.8643581335722519,0.9177380261504042,0.832174456168936,-1.2526948506823647,0.0315567045372986,-0.0023488197916774,0.9974289813382516,1.0039704707680233,0.826410597358199,2.028749794192686,0.9754758012391564,0.5838884905542248,-0.0246346291286608,0.918521172429578,1.0869922591867616,0.5571902395924992,-0.0214267932501771,0.0002726584773244,0.0008008068626975,4.3511357312525566e-05,0.0001315897188851,-0.0002207121970588,0.0016207161773292,0.6309666894611319,0.480354030628404,-0.0347048183134428,-0.0446583500032406,0.1195075260022824,0.5452724865723649,0.1030669600435004,-0.0198905632844795,0.870485036681623,421.0979623781466,0.0446162418539697,0.02666225206953,0.1428764945157731,0.4267743127553587,-2.23011103512956e-06,-7.455746171449504e-06,-0.2450803052240477,0.4801247499513896,0.5731053640319537,-0.0223011103512956,-0.074557461714495,395.8081354250242,830.6425441884525,353.5036036541836,10.048806919873892,79.80425856193958,28.446836185581784,0.8182040101305917,11.094965292660053,0.4028375348330019,0.4350420288876016,0.0529375854149097,0.58957373612033,0.7033660802633015,0.0123097453564898,0.0115362587656531,0.0186410996408062,0.0340859781512945,0.0287719067016551,0.66598094518586,0.0010012076992644,298.81432823871694,59.364674434856255,0.0663475211363956,67.50680335162826,0.0087538814455771,0.0035187294310491,0.082817201676224,1403.3382234443434,0.4435576991605358,0.6852556730599308,48.1409131292784,0.107911296028,2.07124247621,0.647050761448,0.8287775013,1502980.83655,467.894215096,8.19240108415,24587.413379,8071.45560036,3004.16732525,7.97194831026,1864084.71345,2.47943222732e+16,0.0217054596258,0.00810874698753,0.0354888011979,0.0711755837593,0.758740258332,734.229606225,19.0084948625,4456.27104574,164.256279257,3.7261632163,9.13830666323,0.00526996234254,0.00169500795728,492.470908395,15.2922779885,249.715536908,8.80730102883,185.95363408,63.7667152805,4.46013190836,0.16476322887201653
2.1130038402504328,2.8095864897726326,196.3706223660816,1.0043918179489628,1.6779893162649766,1.867332691072704,1.0864050693434857,-0.9600079479921212,0.0200882298121548,-6.675769575667165e-05,1.0438567643021346,1.041933662621485,0.9648590871925684,0.2313573173310712,0.9766959959617192,1.2858007248816687,0.1992292373535667,1.0473518835059328,1.0513545443559176,1.333245211514663,0.0289855954073821,0.0001893403423336,0.0013564971704005,-2.886126255152991e-05,0.000127784250419,-0.0001788218581476,0.0015812228053833,0.9895114075774042,0.4150652692578609,-0.0248489344005449,-0.0140012172008672,0.1437166637289872,0.2890937820866803,0.1443340996092316,-0.0145111550613183,0.6584459976850924,440.9440191158913,0.0384249394315824,0.0489630640544169,0.0529620516868821,0.4723323717159473,-1.0349619747419858e-06,-1.561684134276738e-05,-0.080815573342415,0.9399817419869908,0.9120332922058216,-0.0103496197474198,-0.1561684134276738,281.1593838786229,579.9029044902159,409.7308658753337,10.2404465389362,66.6845838473615,27.19252552752732,2.287791720376229,8.84886875578609,0.1920192256130465,0.4263205397016018,0.0793551259877586,0.7789607956686085,0.6074487578066959,0.0184155840524721,0.0267117621909941,0.0307352816610551,0.0336922701374399,0.0266187923033544,0.6999043245712245,0.0008443672712252,298.9009218630799,55.3257503871078,0.0822166427314018,52.20687514935578,0.008858867701581,0.0040232008408319,0.1346675457235238,1202.553626476587,0.4402407458291933,0.7555329159702571,22.55866100079037,0.0984203595157,1.26644451911,0.391183602765,0.818379597724,1466141.38804,542.211441472,8.18433953357,25754.4171057,5860.32848647,2134.21737064,7.97447668427,1864238.753,2.47990908894e+16,0.0203254936331,0.00325020125875,0.0187364462603,0.0430301963042,0.912550151821,790.548037963,17.0257536122,4479.18710062,141.340224382,4.14200935535,18.854231759,0.00713476986438,0.00388234623832,565.957171114,14.3512039875,450.363460199,12.9364368935,202.297259085,171.970584576,3.60281166949,0.17649364052097175
3.2456680224038705,18.748293477662177,40.02596931546107,1.281686132987826,1.3526794058074751,2.1250353166912004,0.5791998290619192,-0.6028920866879858,0.0284401005478939,-0.0022103354456914,1.3011653015794755,0.9658944407129676,1.157455910476641,-0.1545898453599699,1.1230267553183535,0.6058071925564126,0.9681148739436926,0.5907494532102096,1.1937241557981426,1.211858606413348,-0.0875854011423734,0.0001414335675009,0.0014012202006557,-0.000116820110914,0.0002507521815373,0.0002286204956323,0.0017936260545049,0.6527245683916886,0.4397506329151918,-0.0267543877182833,-0.0499804541607982,0.1344280245667838,0.9276334712285992,0.1352991082042412,-0.014630835141636,0.768822392823038,476.8271583998383,0.0324144903520392,0.041030420174792,0.1872092946624004,0.3633338302595368,-2.1575847720277045e-06,-1.2531170885601028e-05,-0.112573128638056,0.4002931875880263,0.7819923439349741,-0.021575847720277,-0.1253117088560102,426.6092286553809,627.4423266618937,491.4513768579261,11.60143815863095,53.550365101027545,17.579459798988083,2.44228173839672,6.145966354358836,0.2154066986239323,0.4091794212669979,0.0874248009376715,0.6404311548357073,0.1168819728201681,0.0162337050891978,0.0186107017544648,0.0268001337530598,0.0335697282783988,0.0276803561305385,0.7609994465976654,0.0009672932456792,293.08845270069463,56.77760239398044,0.0468243450465487,54.21647423203605,0.0054571608663206,0.0038176225202605,0.0812666730036707,1524.6934488953343,0.4410048561514321,0.823956376562451,23.848686235481978,0.286773394633,1.70659113277,0.618104469921,1.1404859349,1577768.60096,663.304120243,8.0730232538,24898.0579671,6280.63152104,3241.72664788,7.97343412454,1864154.39195,2.47964792562e+16,0.0213887972484,0.00570257619058,0.0280000913296,0.0679914916913,0.403235423687,729.34743903,14.6807994328,4460.72762571,159.799699298,3.27879231565,8.7868738411,0.00408012195728,0.00155310085019,279.604600243,8.51882621018,200.625243224,7.26915407412,203.460679939,92.485393781,3.44623582266,0.16350414107920613
3.8381302571672498,12.334478737463202,175.0489255196098,1.0883181875436303,1.214607151497609,4.075273197783881,0.6413957946737636,-9.181177180465015,0.002021578112879,-0.0018061094012875,0.8499878141178965,0.99523567206985,1.0376281954372908,1.4951576641004876,1.7297163186105888,0.7000640625997384,0.5918505556922279,1.2191199091674982,1.0140094289129438,0.6382457742020248,0.0833723702119544,0.0002454086153725,0.0012973742778039,1.2514759417173835e-05,0.0001991357073077,0.0003570259920779,0.0008532617708284,0.7162342833136154,0.4572692429958271,-0.0262301413838402,-0.0179174203523983,0.1129446898721141,0.9731328194184656,0.1386731802054922,-0.0382122766334475,0.9436137661271312,435.50356180370426,0.0353573767205115,0.0410613545411993,0.076775046024634,0.3389220680741419,-1.9458857222879484e-06,-1.0341344625521611e-05,-0.1038356897306706,0.8812386947140254,0.4812256582095982,-0.0194588572228794,-0.1034134462552161,458.5014938166221,766.2033975503812,149.29844385762465,27.90314400588103,68.58181895546318,22.701134774580986,1.0290657718832232,5.886148453741117,0.1099057812465001,0.4016696804303042,0.0580821570386587,0.6415574498513044,0.2073540918026907,0.0251024125668554,0.0189561881994533,0.0262419392271943,0.0322535549496766,0.0280159202911277,0.6377021431297774,0.0010098988584848,295.4196685233632,55.21724427240991,0.0733901279170679,69.4160526161831,0.0070877229688481,0.0037179519292738,0.1057841195159067,1412.734989306111,0.4255160293668641,0.8011617823669369,31.75599698153861,0.08808188719,1.43422823775,0.567833498697,1.1636576958,1502980.83655,201.923692505,8.08779264071,22949.4088515,7230.2767539,3470.52280312,7.98268860752,1864221.13569,2.4798545484e+16,0.0205935473742,0.00385166817623,0.0208901232127,0.0624616848567,0.653379513334,648.725026825,18.4337658217,4441.10593273,179.421392269,3.9506255916,11.3503106451,0.00694569652522,0.00400625252395,431.973403186,14.5121844745,278.817963389,10.2803519752,223.644829672,102.90258234,3.3245768185,0.14607285587223565
4.891718061479689,6.903175922485648,160.7793411882094,1.4654552534296816,0.8276398910644372,2.6565593592038463,1.10034043053484,-1.208269665387382,0.02208820009714,-0.0019266191643045,0.9444465708888315,1.0509355570961252,0.9071188971914652,1.640983950817131,2.0163534674451986,0.6051714030317059,0.5870553147144819,0.714643987578596,1.0673334733111632,0.9022312868227198,0.0496490151963653,0.000218995043001,0.0006780730012205,-1.906532001786756e-05,0.0001332844851278,-3.602474760913608e-05,0.000859747587076,0.69730046942291,0.404368579517314,-0.0466057943636193,-0.0410315166653545,0.1374529440995544,0.8308242351197963,0.1419255752711487,-0.0361612762014842,0.6665283659307977,483.9057382549933,0.0443867840910455,0.0302818321164321,0.1952922024104553,0.4048260177764174,-2.0089984352569666e-06,-1.6953927560335745e-05,-0.4434299060603232,0.5345272500196814,0.8243412173937621,-0.0200899843525696,-0.1695392756033574,486.1680804118356,541.9888069800548,76.76527755537167,19.841123014811973,72.84674035980852,19.25153773332283,2.1836905795147006,11.829111161236495,0.2245598959102286,0.433043013722942,0.0939209062917811,0.583230532138148,0.5264883817917013,0.010779048234269,0.014279831415813,0.0286754296956214,0.0232446247852377,0.0267764498877602,0.774748568196858,0.0009737487764319,291.7845487016232,55.953684544298206,0.0793161391277195,51.4973032450736,0.0079194276729555,0.0044792777927373,0.1205828557738643,906.5446843658916,0.3439985348172998,0.8274308308355351,36.33363735914969,0.143306644638,1.63182858789,0.613778304562,1.02961612013,1502980.83655,100.900652853,8.19767043472,25130.7526833,5493.48106461,3694.09340918,7.971484087,1864174.52613,2.4797102553e+16,0.0209731062742,0.00515572524682,0.0258835905023,0.0675156135018,0.679355072662,817.280749316,14.7745385343,4492.33172878,128.195596225,3.44252703921,11.1095506421,0.00783795189831,0.00197797237579,425.462112495,10.1075085523,300.510702622,8.02061319659,230.792156502,85.9317837293,5.08917770736,0.1819279605021404
3.304775221439741,33.05466715942973,104.1519698939668,1.1256286391970505,1.9837261940063955,5.142910180289263,1.0054326980524655,-0.2514949784559008,0.0216573394094656,-0.0047884440969671,0.99645161120965,0.9836908044368556,1.0062651252287909,1.3915775315892094,0.3179052005552597,1.6522333447450812,1.4158014833382908,1.088312216707193,0.8742661972052028,0.9079812810746156,-0.004611635781745,0.0002093123805389,0.0014934713641117,-6.207577920278937e-05,0.0001446872308523,-0.0002046970309549,0.0020875262320276,0.2476666861819634,0.3316456905639871,-0.0216360792299457,-0.0110766664977536,0.1358442733363554,0.7406388235553547,0.142371648919266,-0.0174423146499422,0.6447636183677355,407.0074885526907,0.0403188677068333,0.0338281474175504,0.0740933765185974,0.306523086008318,-3.5077777127267883e-06,-2.604428867950161e-05,-0.027267987165763,0.983850002533696,0.8018198267089764,-0.0350777771272678,-0.2604428867950161,470.6321142682658,947.7782040170696,469.0727545898519,17.736905238236268,81.47975666681674,22.95195324809416,1.949730626593056,11.834513799073656,0.1292314137254296,0.4219317791774824,0.07313203917781,0.6599434202706772,0.6291742926399184,0.0271744480964562,0.0199065787747771,0.0192977010557429,0.0130906220784476,0.0319176651901268,0.7620425239364333,0.0008082951321926,293.7799881521993,56.42696778795634,0.0201136202763285,55.26253778814056,0.0085438487717831,0.004504622756366,0.1101559270583591,1233.2791387961352,0.3373973734259285,0.7461729915264738,24.94895262927012,0.100884227899,0.768108164697,0.512259194644,0.568096805032,1540188.67954,607.287978173,8.29356477898,19873.3917638,9524.61803857,3582.75745558,7.96625083204,1864336.18731,2.48021074252e+16,0.0197707458922,0.0011105337343,0.00847894872932,0.0563485114109,0.566656539757,632.958469858,12.2371851571,4502.32386212,118.203462874,2.83170445756,12.7886523929,0.00174037370881,0.00155918287947,388.901180203,8.17330797112,268.648979507,6.23137576769,205.771550131,137.777317033,2.62117636838,0.14058483779528916
5.3364530189080055,10.612173235198094,161.26019380056886,1.178871487346463,0.9241602755566064,2.7470526548009166,0.7480546905729659,-2.151763704696136,0.0114821597144791,-0.000379398073309,0.93854383816613,0.8860703309646641,1.2122377021521968,1.6668989436048347,1.5779828380594778,0.5548749067395986,-1.801773393944457,0.793801977764626,0.9720021237855732,0.906335949177291,0.0371237336792886,0.000244094757791,0.001279893150286,-0.0001321494849367,0.0001795516283943,0.0001816838790525,0.0011879502938379,0.9403911157844408,0.464968743763295,-0.0267146668560199,-0.0199789843412852,0.1132907513768777,0.1861026887568315,0.1345392801855034,-0.0482813185519173,0.6436168426455141,403.626016925575,0.0435700065323328,0.0485364511701695,0.1850315315936446,0.2853926985004337,-1.1986962807185303e-06,-9.378907029588126e-06,-0.1119111142669987,0.850315234880721,0.4860705192762888,-0.0119869628071853,-0.0937890702958812,419.8852795645327,603.9312209291033,490.4871541469452,19.8470118276852,74.91329583731832,18.69647147258828,2.1070997961222604,8.69715434298515,0.3149325155640073,0.4320551169420265,0.0655946824007037,0.6016237242601628,0.5150474885830687,0.0229452054587069,0.0243358928844443,0.0193091340220445,0.02574019708808,0.0319713990125757,0.6651312335680847,0.0009450794518236,296.8461582714313,56.59876105455441,0.0207749845365283,68.85209457219625,0.0090299016027188,0.0035989366674238,0.1555718968988075,1072.1397802512154,0.3793864786382694,0.7891949222478845,24.56842265443481,0.0959696141607,1.4956646033,0.560879390754,1.07299992005,1429666.68655,655.41600104,8.15492823377,25557.0252202,5904.27218319,3178.37545176,7.98408263797,1864218.48885,2.47984635425e+16,0.0203603967936,0.00399178302354,0.0211996568531,0.0616967329829,0.737638719631,824.068254585,21.623581813,4452.25553647,168.271788525,3.18557626053,12.2313641962,0.0013595912337,0.00103756109618,499.734369504,16.1548295598,276.270948496,10.0303011369,153.483140131,128.627404461,2.6639133348,0.18509006229196986
4.450659709152299,16.85585803322446,42.7428296669898,1.888271830389228,1.33986247515308,3.140436322201912,1.5609905224042129,-1.7743607724182344,0.0004096817007508,-0.0008808486691386,1.0689756441871203,1.09577295011501,0.9215112565864634,1.3201662576033797,-0.0288718326972841,0.9480727377627362,0.3041817865417148,1.0696374524085668,1.1481864063348262,1.2980850055155022,-0.0380334890697066,0.0002016193486187,0.0018128225651573,-0.0001619037225093,0.0001409025112622,0.0002607144279343,0.00100104518269,0.8616060280112614,0.4251256470220032,-0.044002337967387,-0.0276155397133821,0.1146348496994528,0.6105765273018542,0.1268140886763139,-0.021200889814207,0.8869514747202898,494.5367246448556,0.0344095994339504,0.0358729126034746,0.1440722801029061,0.3671887395985766,-1.4613132399624617e-06,-1.4359294122249596e-05,-0.4000389661231167,0.7357669042992672,0.5048878957923391,-0.0146131323996246,-0.1435929412224959,221.43272173434545,879.02935652027,451.253526717684,23.149163500691053,87.70361798303593,10.872387213819266,0.3614295274142864,8.457250927359494,0.4622474056897976,0.4119201253070939,0.0530415947350093,0.7954907160750051,0.4931165896088791,0.0216538636967941,0.028757918151148,0.022634070649344,0.0108196501408703,0.0252179763668301,0.7449363677978351,0.0011997358757535,293.6079545948704,57.66045981938122,0.0706078066517512,58.05480860248427,0.0079256564696831,0.0048992797829558,0.0624634418460472,1001.546376350582,0.4342059575911423,0.6785954747078464,14.409458537878113,0.377427473253,1.28582923799,0.564720668177,0.784772583601,1540188.67954,605.0336783,8.12832319751,25874.5324715,8270.64001196,1683.3842916,7.97074330666,1864243.5284,2.47992387299e+16,0.0205338001332,0.00316418809663,0.0183019822041,0.0621192734995,0.636870373071,670.968232799,15.9627815277,4471.13873296,149.388592038,4.39110581098,10.0047354297,0.00821137362116,0.00332054387579,510.417996593,14.3487221867,208.251211498,6.50436641268,271.300694454,145.949436878,1.59236473436,0.15006652060532308
4.9863496796621645,34.96068366812875,136.76917042114454,0.6998956191586647,1.4328758988198458,2.201711216422692,0.8646365051546382,-0.8889331678535203,0.0317533851519646,-0.0011165860704214,1.0858910095969745,1.0249307464943098,1.183608888008107,1.6170771499220726,2.6222420638353983,0.9459621424475276,0.0808305674196929,1.1479667601799688,1.0054934314725268,0.6356048148567974,-0.0542577868232807,0.0002372819188428,0.0010512495225227,-7.03579532115288e-05,6.057377217770205e-05,0.0001127407301253,0.0015366450656093,0.8245682978620716,0.4548054837436728,-0.0229930957149782,-0.0274336050535015,0.1007772229392437,0.6618050356313937,0.1278465121335718,-0.0415896185542722,0.848034536737438,487.49222705686816,0.0392306813861214,0.0269134388780476,0.186338542593107,0.3644872495993787,-1.584772340459761e-06,-1.0649314532040894e-05,-0.0498849285829709,0.7384959241974773,0.3108811211494119,-0.0158477234045976,-0.1064931453204089,212.90434553594287,743.2327998800192,494.9369698889932,24.921448218511664,69.4245618535094,13.477926358156028,0.2901327797986212,11.620280083929982,0.4485444491400734,0.4133815284132747,0.0537962359917447,0.5896170155906804,0.6220949114633173,0.0198371552188493,0.0207934132457172,0.0256256105225716,0.0198151078159331,0.0299221603976923,0.732017702932725,0.0011318339336411,298.046289731252,58.2740010267722,0.0982474125733552,64.01659028181511,0.0086807940493322,0.0043563343929885,0.0587542418265307,1291.2571576191774,0.4118094405157932,0.7866049545930006,19.229547676993548,0.0798674958622,1.21422387542,0.669866560045,0.704715238263,1540188.67954,655.148745964,8.21056778582,27332.5311906,7284.9449607,1620.99562386,7.96493036399,1864257.97902,2.47996861055e+16,0.0204030595475,0.00277634494885,0.01659994889,0.0736853216049,0.714160172733,669.727384495,16.4417583739,4474.79932216,145.728002839,3.51194503141,10.7603849356,0.00890842301281,0.00405759521145,480.259355933,13.2914510178,275.512143013,7.97895893691,212.882876182,106.328227808,1.76885095462,0.14966646239941783
2.8417692485775787,27.1094437124605,34.26475966211345,0.7258965200226188,0.780721184666987,3.1604690529249897,0.6848554190308744,-1.4409481853644346,0.0154183528827718,-0.001351362475682,0.956311254420702,1.0050498939079544,1.1180572673817584,0.546985305085962,1.2872575769714594,0.8572861157201264,0.4639614629979516,0.9677774762956156,1.173582741702094,1.1370335491774592,0.0552268005221696,0.0001779459335495,0.0019042872485015,1.721201136780284e-05,1.6031459689735383e-05,-0.0002826105837324,0.0011216631214168,0.7876815539846918,0.3502668169454278,-0.037539356636336,-0.0484647173108884,0.1301151889485889,0.4016556070018945,0.1072725287826444,-0.0270681579718501,0.7474550729194036,479.9015220593744,0.0391722466956767,0.0336987704259019,0.0853576636079754,0.3224124620230495,-1.7077281533843604e-06,-2.371664788182153e-05,-0.2923226106056,0.4230292403366729,0.7216126452802452,-0.0170772815338436,-0.2371664788182153,435.8680842169928,855.6117827509948,473.16040574793385,24.190694559510067,85.7275529185634,18.432644195155863,2.925980577141218,9.14391206187284,0.1768875683575251,0.4379774459335002,0.0829057454868082,0.7036504966898326,0.1994435064878057,0.0266527421593605,0.0153708426945212,0.0210827112143405,0.023810247495033,0.0303971751987707,0.7962316712432254,0.0009082143302515,299.9322697962934,55.80059105891851,0.0247333679471592,61.11321577119512,0.0074048695416901,0.003833970993353,0.0806962400045131,1158.5704366880557,0.3660203899177335,0.7810819760012913,41.7701508536621,0.466343898999,2.09381516344,1.02022738134,1.52906326476,1577768.60096,625.371161448,8.11749264636,22025.5191941,8382.08047555,3312.60745935,7.96985996555,1864089.77995,2.47944791096e+16,0.0218698199599,0.00779119863566,0.0344085784645,0.112225011947,0.520856403428,657.510649355,17.6712269565,4444.56829975,175.959025246,2.42317968649,8.86271700631,0.00153757227809,0.00133125532332,334.978628346,11.0833360048,211.737057823,7.81301173559,146.824635261,78.1529647871,4.2174692105,0.14793577351302803
2.280132904087518,9.954876860860187,183.9414492040949,0.8914204755184768,1.5213031700795103,2.423882776620639,0.9003271043749485,-0.2670430802453261,0.0316876386605793,-0.0031227337594752,1.0151125330564674,1.1661507180760802,0.8471967572226264,1.5218973124588873,2.087934050384547,0.8065934981086971,1.708760083998332,1.0114118088778847,1.0555545286489618,1.1663192675385723,-0.0188081849246976,0.0001557358216554,0.0010128679614295,-8.382035256184178e-06,0.000215186375797,0.0001229583174507,-0.0003759255573736,0.5093736942808885,0.483988958046865,-0.0446289000768693,-0.0493513883838947,0.1123510110316268,0.5413136643662042,0.1027144671746652,-0.0106161626191149,0.6219863819856248,410.7503249749016,0.0441223147827182,0.0404362449518169,0.1872456590994485,0.306783867603108,-2.635421019063705e-06,-7.0013802441418775e-06,-0.410481667947823,0.4097291742415786,0.4729141544427762,-0.026354210190637,-0.0700138024414187,371.7965126448486,314.9676982814848,419.5001254674314,10.430566589296582,78.587667027452,28.869407325733995,1.0886222716709084,9.942959803786838,0.3263739849965935,0.4118935587569105,0.0847651157657795,0.6366352980301592,0.4940519112898525,0.0228723492490386,0.0158303172327533,0.0222570569762618,0.0244333948544427,0.029727557864688,0.7516788237928184,0.0011277581802002,292.1438867089071,56.660822546228935,0.0793100574317758,51.63570270128072,0.0086987175691698,0.003700724200861,0.1009808482493773,1538.2442815365323,0.3252009978548316,0.7495445119470838,38.20544380028196,0.105453820609,1.40139604842,0.525135628501,1.00766830709,1540188.67954,559.011862787,8.17977502368,28608.2195538,3084.40504208,2829.49248816,7.96850439219,1864212.20149,2.47982688972e+16,0.0207919737847,0.00397091114025,0.0216777172691,0.0577649191351,0.652974036328,662.833318732,14.3542101835,4479.47586554,141.051459461,3.00646252313,8.48726409413,0.00570489911721,0.00309884933304,423.074307877,11.29062979,231.104317481,6.8068060454,170.190693089,68.7901524878,4.07195283054,0.147971177572601
2.028692959686506,11.86252815680367,50.26351866578476,1.499003179673017,1.14686618154939,3.40349218914369,0.9226377385579766,-1.7337254316393342,0.0115176107542943,-0.0006778527204765,1.1073538243982095,0.7604946953438113,1.1001030198631765,1.7100272442857265,0.8017230928026162,0.5986242753262165,1.945850515745104,0.7956802802340827,1.0810113133084578,1.15138107884129,-0.0124785836881291,0.0002216473903651,0.0009817721380091,1.2640278825270124e-05,5.184843824630166e-05,-0.0004306507783671,0.000843011076353,0.8934996058950112,0.3370491400275051,-0.0265944130872584,-0.0308718765561343,0.1044513880595118,0.9646397921320338,0.1249966909288823,-0.0114884246405121,0.9073935762477198,415.0195095391978,0.036749800401049,0.0447144106037698,0.0659119813557604,0.2859810797267483,-1.3550013136832957e-06,-2.536885749656186e-05,-0.1099068847876405,0.6869218516579855,0.3623194328331652,-0.0135500131368329,-0.2536885749656186,279.35513719430435,383.7723491810276,146.79430954098387,12.588446977671332,89.03695565748606,15.814709623153558,1.2117222599602775,11.466055862478967,0.3559838469835943,0.4374362857648066,0.066540877227765,0.5756976328115839,0.0347167810447984,0.0221374047797245,0.0134477261093805,0.0268454570955537,0.0251211048343815,0.0264296614678589,0.6842776991922094,0.000909480267936,293.53895198854644,57.31145489700148,0.0304080245536039,55.66957426434723,0.0079252937782642,0.0043778737608063,0.128145656734118,1091.8102870069924,0.3902678128262417,0.6506038269483982,42.492281402352205,0.352218124293,1.53320402934,0.549199080674,1.12157582854,1540188.67954,192.348446301,8.20177584365,30537.0532286,3776.65476146,2126.47724357,7.963234351,1864192.99216,2.47976742159e+16,0.0209479730831,0.00456008087557,0.0238192833778,0.0604118988742,0.803938088761,635.408447171,16.0838342713,4461.00343736,159.523887639,4.05970617145,13.1145526673,0.00350945806604,0.00185509894867,519.510559293,15.3879256619,340.572933905,10.9021777705,273.579239169,97.8061147584,5.44626522475,0.1424362155495293
5.73345401301716,26.785153146974984,74.13285218754379,1.673484975505103,1.3523344469447958,3.278005819173026,1.6153414271546929,-1.072190674741499,0.0057308302526734,-0.0036163882072985,0.9726236354638504,1.0274740390631116,0.9081906778595876,1.579329982753375,1.0175342228889694,0.3125531986829662,1.169357308367786,1.133108738456584,1.0894191236323387,1.3744637387157614,0.0595464414316593,0.0002268630559298,0.0012245685970351,6.250499138570187e-06,0.0001759891094689,0.0001662571744538,0.0015251464974258,0.4318134932863452,0.3813923226281819,-0.0402977661816671,-0.0402009738105634,0.1474916491586056,0.5319989497389433,0.1230770109785788,-0.0390168396801466,0.8392182254915455,484.9062635219109,0.0359521631445002,0.0312415723869651,0.1350568575481077,0.2611481156307401,-2.8939550223788493e-06,-1.9825959671477265e-05,-0.338296103027785,0.5469853928415477,0.9648830882204792,-0.0289395502237884,-0.1982595967147726,497.4850802319325,952.0595717237152,489.21368544458016,27.21683162505029,78.03100335232082,18.884052224855424,2.499295474343999,8.85474931560266,0.2037254373702244,0.4375552569122951,0.0713534584846294,0.6250577222590563,0.1475465224327957,0.0217488349534056,0.0179864744176229,0.029848923797959,0.0175089935529146,0.028374785707634,0.6275038535317363,0.0009620389666275,298.93988068946663,58.002405284416064,0.0182334301376358,65.85541945603086,0.0093679849384587,0.0041150178869472,0.0818894512702145,1499.3563314425571,0.4211190970492624,0.665090209577067,34.80784011970661,0.205381759764,1.09208772712,0.610283571967,0.613277612142,1502980.83655,652.968411319,8.13815817165,20876.8575269,9297.01406169,3776.35621372,7.98005577784,1864280.41705,2.48003807714e+16,0.0200941926209,0.00224167228424,0.014171843255,0.0671311929164,0.983282159674,740.892815353,17.1979302951,4478.92691113,141.600413864,4.19272497601,16.9120162603,0.00180456431052,0.00103615542958,578.59400322,15.2002185579,452.791117604,12.0281408449,233.676274812,123.964153302,4.59350857458,0.1654174828153376
4.07713831245013,9.782277170484958,189.87558305480744,1.109526494999272,0.60555981822681,2.491761899140254,1.1097883938835496,-1.3228595830322412,0.0191607647522563,-0.0024768640413912,1.153997613179934,0.9143935938127116,1.0830942181496113,1.1687332992334158,1.5460495527925295,1.0658289358530977,1.7574658154966127,1.0642970255595467,1.038110440607784,0.3925549032226096,0.0023061816752787,0.0002006434294392,0.001070153885271,-3.464756575447667e-05,0.0001081026197163,0.000155124978059,0.0009835771784566,0.6108490995401012,0.4680273822981328,-0.0278267018735887,-0.02623437728194,0.139781893773082,0.6795507040799466,0.1260909937183701,-0.0218873327275235,0.7430060279958379,488.646799763278,0.0356672797599371,0.0428915900746796,0.1541294480001419,0.3297753521766585,-2.2971696681996625e-06,-8.996577212733397e-06,-0.1304450312264796,0.7564843407708991,0.8569465128231484,-0.0229716966819966,-0.0899657721273339,477.5111460402568,846.5418461135504,335.26985035995284,29.826953520665505,74.63795134705822,22.231811256373604,1.9276664437132167,5.553691757486772,0.4321193506541719,0.4212185350591189,0.0954881320873663,0.664563935034901,0.7380424326087047,0.017471534679217,0.0200368569507608,0.0237688830940448,0.0287908535723359,0.0301026185714419,0.737657650140184,0.0010761457415319,291.6830112506961,57.27850233690663,0.0445821473289143,61.917645759669,0.0058636146888269,0.0045988820881808,0.1917562716283043,1074.1979754612432,0.3423841290371898,0.8268553426452739,47.83831758682514,0.15397849004,1.98351223619,0.80471645778,1.2950959308,1540188.67954,454.253102123,8.05369942148,22985.2855275,7934.49468876,3609.06656599,7.98219353729,1864097.65853,2.47947229965e+16,0.0217098067681,0.00756766327919,0.0339356978191,0.0885188103559,0.389311415466,623.110281849,17.9616325732,4416.86810643,203.659218565,2.93746647605,8.44964793369,0.00416336902696,0.00178083083321,286.804055454,11.4435160015,178.699115986,8.25022494216,217.59969744,108.295918601,4.76285897957,0.14107513895239182
5.019246302170315,17.673561375434303,54.77561557070884,1.663927894686174,0.725143432273199,3.4018733919690494,1.340851785737196,-0.7592999037338927,0.0364177019270327,-0.0001506323055935,0.9793154030403292,0.966333111092642,1.186323720398783,0.7953027871729395,0.6317601133785156,1.4921388490599712,1.184331887913513,0.9917390568081716,1.038573751946341,0.9433136797030828,0.0335247054673384,0.0003031944059477,0.0017817713488922,4.062967147534181e-06,0.0001202200012284,0.0001073523542672,0.0015538013995811,0.9763335022106672,0.4440310269454762,-0.0398936105948193,-0.0359467943005192,0.1298873438266916,0.3683159547541961,0.1248003741012951,-0.0214539508742971,0.8344716834520063,476.3086040261196,0.0367761333652124,0.0268547583546036,0.0570654723498316,0.30845622975398,-1.078888325964442e-06,-1.1996121631815476e-05,-0.3315601765803229,0.6107980854922119,0.7184228135736827,-0.0107888832596444,-0.1199612163181547,376.9422822853614,613.7355239932951,499.103778110602,22.78846834951637,60.66162284773498,14.78422802646816,2.1961203792813064,6.3267346424370485,0.4083308519128229,0.4206972617676762,0.0933389537567567,0.7239608049155795,0.3586610007735609,0.027352326928744,0.0287725655227564,0.0239449109635201,0.0126416419549299,0.0275046950995822,0.6503105365944855,0.0011398075492962,293.6785895647109,59.344541634221954,0.0295761812530267,67.79575869964425,0.0075635936897126,0.0038968882936739,0.1740923201775971,1452.9156262145189,0.4392354849931288,0.797674004351875,33.80585588576281,0.338362115118,1.46121422933,0.681560968309,0.932104566329,1502980.83655,676.398998284,8.06377808884,26301.9600411,5946.05434629,2858.54703986,7.98257687435,1864219.56088,2.47984967307e+16,0.0205939320953,0.003866439358,0.0209064670609,0.074971706514,0.702453683508,690.809926541,17.5379984271,4465.38557712,155.141747879,4.41966712914,11.4563777229,0.00272220247916,0.00167564897377,522.454852698,15.1038761459,251.439426636,7.59719050986,215.621778648,141.385933929,3.49382593641,0.15470330940302485
3.9540050716523103,17.20840201825905,56.21243394883594,1.3286587097292932,1.6179299994228675,3.3896144302439977,0.5755762464459854,-3.048332207861054,0.0030577414267831,-0.0004595553714344,0.9952548844339804,0.8762204611537864,1.0725662732945245,0.9384604345695152,0.3061533745675385,0.9970618137284506,0.8558530571608631,1.0633876062209258,1.1524764528190483,0.9207728107759072,0.0284299348312544,0.0003358241631573,0.0011336112106036,-2.6073114495391893e-05,4.6008650063324267e-05,0.0001032344717465,0.0015246581557178,0.9277972534558532,0.4693952456234985,-0.0402355446104773,-0.0291374103544633,0.1392934799933846,0.5275926211688362,0.1013069086546398,-0.0382252496559516,0.7868094144783537,402.62563774452974,0.0341377515949382,0.0329990894922253,0.0565341582168536,0.2787885953773176,-1.2406758218138222e-06,-8.825594297062684e-06,-0.3372590768412887,0.7129388446830501,0.8501087199073845,-0.0124067582181382,-0.0882559429706268,179.17412693495646,913.831128263761,497.7478410126898,13.241503937673082,69.53259339100222,16.324624073300196,0.4106729295509823,7.59117889431936,0.4514440660991758,0.4361801316187119,0.0961024702385417,0.5662932781086595,0.0666387723975882,0.0197690576118374,0.0151922816471493,0.0330917614625758,0.0111150598861066,0.0336076819176774,0.7062094331699131,0.00115881666809,299.5636232158531,59.73831672682849,0.0755055810273425,57.44808830177296,0.0074793775220993,0.003503323255737,0.1255962247400402,999.2769511330896,0.3960941336066539,0.6520638634032225,28.00757027018761,0.208610052155,1.40159627298,0.574775373644,1.07153297465,1577768.60096,671.976625817,8.0963732253,26101.4871852,8660.26346371,1362.90712733,7.96776839031,1864219.40933,2.47984920388e+16,0.0208631946803,0.00383287199748,0.0210517563857,0.0632252911008,0.690708218922,636.141738247,14.8926447649,4476.4599421,144.067382907,2.77498166142,10.4675728038,0.00494214197811,0.00254856439081,401.411482856,10.7959248467,310.252229468,8.24534784965,154.395852179,69.1682847322,3.01151277058,0.14210821641990898
4.000759786868501,11.53125453098626,224.792317114608,0.8141440278043901,1.838299766407337,2.0878927843928405,0.7752262189146559,-0.4320267003258537,0.0073202459787832,-0.0005868442227748,0.8063188296107514,1.10757803140294,1.0851777971476235,1.2975265221895569,-0.0607432170834858,1.335061963625158,1.8778273191610229,1.1238521616937671,1.0381326375403312,0.9678224915978642,0.0418299722983124,0.00028709088945,0.0016257768222643,-5.147775584132885e-05,0.0002120050561415,0.0001467457295587,-0.000264895449981,0.9077983474643035,0.4223527363960344,-0.040138152872712,-0.0102035786061661,0.1261890762789209,0.5365099166187697,0.1189586962632405,-0.0101534899720001,0.854152757186682,423.95912823216486,0.0448380217746054,0.033660092133913,0.0553751099986002,0.3368353482606412,-1.3073388417856543e-06,-1.47059079504957e-05,-0.3356358812118667,0.9969463209075072,0.6666470679048933,-0.0130733884178565,-0.147059079504957,111.43321412556011,456.6990700731904,249.7057665109108,24.51594885809906,61.62385842181119,28.007352585970484,1.6942404108508478,11.453308496430672,0.1924298688422882,0.4218323267361852,0.0630194908678392,0.6801115846204356,0.4333096946149922,0.0291493912537433,0.0245062646233822,0.0327874395609111,0.0176805807781922,0.0322183283742236,0.6853427265516386,0.0009049661324693,299.6034162284381,57.14576396446875,0.0935823244510493,57.89581860795281,0.0091903616195159,0.0036405792942614,0.1957310044134829,1415.8636744496866,0.3448725852778402,0.7318434077647924,28.321001076572536,0.0666967865418,1.25140351197,0.487012535912,0.889411872129,1577768.60096,330.92069877,8.1854681711,28069.5353081,4649.17507959,848.591451942,7.95934042642,1864241.93664,2.47991894509e+16,0.0206863992589,0.00319918239177,0.0186068250884,0.0535713789503,0.919850616353,749.604929075,16.4223574725,4487.00577192,133.52155308,3.1400710569,18.6252650039,0.00672975521443,0.00617283244706,516.232115629,12.6331903448,480.933359935,12.1388171985,169.831156309,144.476271366,3.6462607473,0.16706128032330173
2.107761485194588,15.990339594281265,36.58272394584772,1.232569649239236,1.1938018946939708,2.191279994188064,0.322870014458061,-0.4121721822996577,0.02786548649686,-0.0046897921279293,0.990425343000009,0.9797415693266144,1.08751287676056,0.3603926980761996,0.8472663372346705,0.8963464072850253,1.9150900370326245,0.9475548957739875,1.0820444986397744,1.2254569506596311,-0.0044780669074625,0.0003172512036057,0.0015128782712401,-0.0002218661888303,0.0001689193998996,1.7670509541763656e-05,0.0011336622723296,0.2631663268330533,0.4926002347103157,-0.0264641548352603,-0.048474820631955,0.1484041386930166,0.7138849383098385,0.1171963663019017,-0.0119430743201024,0.6478051976501819,460.6584307460579,0.0438355038979086,0.0357238245772914,0.0712677604086219,0.2472320752363702,-3.456112243889822e-06,-5.924970661210537e-06,-0.1077359139210056,0.4228776905206742,0.9776579417022336,-0.0345611224388982,-0.0592497066121053,409.9758225311588,656.7885404774768,246.558930293238,14.389725526913534,87.44814319620038,15.866889745289964,2.4330366767101843,9.669483549613712,0.2715012091133061,0.4271886523685506,0.0811438121433069,0.568894969925227,0.1605741850043267,0.017304093744103,0.0227816281234735,0.0237528269418154,0.0329470093833537,0.0264041874945822,0.7801606792351888,0.0009177769874021,290.22872917728165,59.66347135868202,0.0520553326670319,51.31151649255143,0.0077122999245201,0.0042660752727381,0.137304890219577,1366.5644453631785,0.4453134375016074,0.7258342074399446,19.92108205797097,0.21740269433,1.78955451655,0.530850640316,1.32916617398,1540188.67954,327.717631897,8.17289864137,25443.4996249,6463.62458174,3114.32800364,7.96909825556,1864144.93996,2.47961866523e+16,0.0213440536253,0.00608178482612,0.0291144909583,0.0583935704347,0.579262955813,749.010468216,14.5896570198,4476.0090064,144.518318602,3.88582031407,12.2810528934,0.00507303303251,0.00218804675784,392.739732072,10.3710460674,268.829078371,8.11707426722,227.062770639,133.892144286,2.78525817549,0.16733890998544262
4.185001769622016,26.58111979964132,309.6633627039242,0.422727070982976,1.669628161061136,2.3307058927848248,0.6718206741328214,-10.45572735834162,0.0007609850585119,-0.0004795424539509,0.8658390473773906,1.1609130693198653,1.078391303998487,0.2707955206648499,1.2196061916369765,1.117333289921686,-1.4164821051167569,1.0597779464501862,1.0111451074042954,0.4712184856623076,0.0239754011666668,0.0002134260748117,0.0011063736314969,3.2385201446684714e-05,0.0002097335411331,0.0004183828812155,0.0013909763975426,0.9246569958442488,0.4277123276115187,-0.0364708587530708,-0.0113663736597804,0.1120639584303632,0.1155762061498549,0.1051766324376031,-0.0357991497725332,0.8794693070564943,453.3980772228291,0.0451391468983874,0.0453664730794056,0.1052003589859159,0.2220116032034534,-1.2511433471858371e-06,-1.403595904856016e-05,-0.2745143125511809,0.9795043951032938,0.4688954180250853,-0.0125114334718583,-0.1403595904856016,437.7458435277564,376.3877159256451,382.6074936736552,14.322882540962867,63.38525025497507,27.847492130145145,1.1164479935969642,9.374894468688378,0.1559058469264777,0.4067772854709103,0.0988811339954601,0.583036051371877,0.1757928835048657,0.0138698902024157,0.0178933265093662,0.0277750645825977,0.0118597767123509,0.0320610298512624,0.6772841121019995,0.0008794576490581,298.6171679776182,56.30741975786499,0.0403520256702173,66.62726717107739,0.0063665861768319,0.0040654759209504,0.0775012247250085,1391.4107134535063,0.428591331288472,0.7909769282111255,18.02043888703779,0.0353942294252,1.21474871736,0.617935694865,0.84063688071,1540188.67954,507.736944812,8.1861611049,25930.4745987,3776.39137303,3326.92105458,7.96894758751,1864258.77512,2.47997107522e+16,0.0204012245158,0.00277510541683,0.0165848775591,0.0679729264351,0.556943366407,686.714441224,17.6634404335,4452.65437211,167.872952887,3.1322488639,12.2450878612,0.00289085359235,0.00144615755274,352.141047348,11.0441019338,288.126097177,9.49271504659,167.626032115,115.075875582,2.1931644159,0.15422585806914618
5.20350537174994,6.226958491812996,49.45315595373891,1.842420522887644,0.5824754911747394,7.817747510031827,0.9087211397147796,-1.5353279093975285,0.0051920850348112,-0.0002861645664047,1.0248877009553083,1.0741912538917733,1.1635867706079974,0.4053855402236875,1.743496676029184,0.5633839001825864,1.6117804184554587,1.0507475172386755,0.9504884813903974,1.2238216293471411,-0.0558863377464219,0.0002316970546732,0.0013873816192317,-6.068035735457315e-06,0.0001700221614557,-0.0001083032436506,0.0012938883882225,0.9550394382432188,0.4969403563939216,-0.0433943426039696,-0.0153544704466126,0.1095779952622534,0.9278177514501732,0.1449447724277381,-0.0396350103464143,0.7142115678794208,435.3404299332012,0.036396332820104,0.0354185972331117,0.1540903316822875,0.250059578255896,-1.1498685391892705e-06,-5.382455450759796e-06,-0.3899057100661607,0.9196829433008104,0.4340919336715484,-0.0114986853918927,-0.0538245545075979,74.54897609335913,993.9483751230932,163.87151357915695,23.000181691288383,57.21589277066956,11.29219726096052,2.948134728247356,9.584768331789885,0.1943264355468818,0.4273931576443229,0.0841719139370015,0.5382433592785654,0.0634752362744423,0.0182695103429621,0.0212616799872942,0.030575361207248,0.0186804487548914,0.0330466617882052,0.710417626454346,0.0008211659767683,298.85100641802484,58.18207301924642,0.0755351403210836,69.28016479964649,0.0059772158649425,0.0046462351351568,0.1804971746957235,1236.6415525756263,0.3185937004780628,0.7699075054319956,13.541521539773026,0.46712303165,1.66483644257,0.654677384468,1.43054839772,1654059.59943,221.566773171,8.10392857737,24559.9588539,10229.5797791,567.615961052,7.95531518409,1864168.86139,2.4796927188e+16,0.0215429008804,0.00535716741521,0.0268139888639,0.0720145122915,0.483459197327,803.47977087,19.1102777975,4454.53437718,165.992947817,2.66632097859,14.7941950897,0.00737416026545,0.00433549349957,306.269263335,9.7222919849,314.428301987,10.6406313103,228.203803668,161.772457642,1.63318152884,0.18037345833183427
5.536241636065542,11.56989102853144,105.766560419432,1.682352684436467,1.4859703216727371,1.7851877859984382,0.9123437930406328,-0.7884925567923421,0.0335397473818704,-0.0020787185007491,0.8819878658975864,0.9400700001998502,1.1157686438979937,2.2741631905004405,1.0092145032789055,0.5156692741220226,0.5668048010035484,0.9541834209915856,1.0307043349506102,0.9654032347003388,0.026191460193786,0.0002639457021982,0.0007602848439243,-2.93989159611512e-05,0.000157684922519,-4.269725595448989e-05,5.190942463571347e-06,0.6734034800251751,0.3222308071508749,-0.0292499477144828,-0.0220326959521597,0.1384592389655652,0.6146521551420703,0.1462961368597067,-0.0430782496413104,0.7472129856020469,432.785731893282,0.0443171432122587,0.0494740129023236,0.1056003223917378,0.3506492105652908,-2.088655066582749e-06,-2.7221149106140635e-05,-0.1541657952413807,0.8195095607176044,0.8384293455179135,-0.0208865506658274,-0.2722114910614063,477.585372280828,676.5196713485923,214.77266038916704,21.599316330260965,80.96143115376691,17.57676712818645,1.2930723172183125,10.951857309064366,0.108871349699491,0.4222063423671819,0.0610622259945358,0.5147040588456028,0.4310045281413244,0.0209062176772288,0.0226773140932735,0.0183668296125963,0.0342774705802156,0.0259606818406356,0.7833014819909849,0.0011642507167547,297.9973640725038,55.57814881051293,0.0714692376039871,56.72981607410762,0.0058238056130872,0.0047988327097356,0.0626752363147866,1462.2336182397137,0.3380604133249398,0.6827869724197017,26.190240361405515,0.114499758827,1.26424782892,0.4333442117,0.675197990482,1540188.67954,280.752234839,8.21431556323,22628.9240862,6686.39708516,3630.69730206,7.96804505136,1864243.40612,2.47992349444e+16,0.0205541313124,0.00320337221834,0.0185401240235,0.047667863287,0.369284057786,674.650122932,14.7263670667,4465.43842413,155.088900872,3.09081235898,6.50648491204,0.00727009615029,0.0030185592084,326.358771358,9.07008626096,120.457178825,4.37120393525,238.801783668,105.885808117,3.36525301841,0.15108261694672048
4.566836422269679,11.552214018924252,84.06274000822089,1.3234014697980658,2.229426918859928,2.167013671250344,0.746037623340113,-0.3241948186195837,0.0095612420280231,-0.0004161877497487,0.9415728050617772,1.0628964090131503,0.9481815724734396,-0.6399556157312791,0.2422698985691566,0.6539829877497787,-0.7550943756729156,0.9984440352715724,1.0938122670846069,0.8482379615895095,-0.0081767701046843,0.0002567592339515,0.0009732030137411,-5.962086983949454e-05,0.00013469357662,-0.0004400125140369,0.0015886304979784,0.934610929437958,0.4036353005592264,-0.0405782388738881,-0.0433768001494105,0.1456235809698016,0.6995154312283742,0.1156144144712829,-0.0223060189583461,0.6233671690726852,474.97899057971017,0.0445105166948959,0.0468221518063823,0.1893096925168681,0.2175056946063417,-1.2179635685401394e-06,-1.7045587430096696e-05,-0.3429706478981352,0.4993479977588426,0.9387301335772222,-0.0121796356854013,-0.1704558743009669,233.4344483792045,514.7450609867931,208.2551373798951,13.40412962602434,86.6529578809993,16.098329414845175,0.7190062889836856,8.20640173644871,0.3033119726109506,0.4479318452784607,0.0605984890062164,0.5497912683219583,0.7293939872673132,0.0238197906795681,0.0124298207840556,0.0299067877418451,0.0314227718573718,0.0295052119964512,0.7153147157415041,0.0010647940277548,290.59340394229486,59.90264456166012,0.0364597480896721,61.395450244005865,0.009223639757267,0.0048719942878447,0.1842050346035858,1483.2537062634651,0.4213196954999799,0.7317689243548701,12.767230278293749,0.120475473739,1.0489331211,0.369640502158,0.69649106294,1502980.83655,278.710265275,8.13394968322,28527.2170824,4906.66674187,1776.63774787,7.97333303144,1864283.93596,2.48004897156e+16,0.02008807814,0.00218527507995,0.0140119500094,0.0406604552373,0.911571370837,651.213925214,17.7458166206,4460.30013477,160.227190231,3.97117264099,13.3173116786,0.0039696918016,0.00225590168412,568.08077063,17.5411890376,379.253904535,12.1587477691,259.355760646,87.2836214524,1.47669909329,0.14600226566313357
