Year,Emissions.HFC134a eq Emissions,Ozone Forcing.Montreal gases equivalent effective stratospheric chlorine,Minor GHGs Forcing.Montreal Gases Effective Radiative Forcing,Emissions.CO Emissions,Emissions.Total NOx Emissions,Emissions.Total SO2 Emissions,Emissions.VOC Emissions,N2O Forcing.Atmos N2O exogenous,CH4 Forcing.Atmos CH4 exogenous,CO2 Forcing.Atmos CO2 exogenous
1750,0.0,344.3627591056,0.0,348.5273587773604,12.735211942317768,2.4400484348220126,60.02182622415481,273.86505126953125,731.405995686849,277.1470031738281
1751,0.0,344.3629139996227,-3.970484742724101e-15,343.9263672486595,12.592303237945762,2.408379138223796,59.08812628149409,273.89405568440753,731.8381652832031,277.18800099690753
1752,0.0,344.4111255260294,3.246202140389474e-07,341.8090339016869,12.594270419616072,2.397116044064474,58.63199702688318,273.9270553588867,732.8999735514323,277.22900136311847
1753,0.0,344.4703476114046,7.283283744529713e-07,343.6754562091752,12.53982033339792,2.4106933649875284,59.02634940020826,273.97305552164715,733.6340382893881,277.26300048828125
1754,0.0,344.43622157954724,5.062355830131417e-07,349.8156252006437,12.636836783079731,2.462065253289928,60.269945173845855,274.0160446166992,734.2020212809244,277.3040033976237
1755,0.0,344.35084894118893,-6.982521971459817e-08,348.144667955229,12.76599124957002,2.442355143653155,59.82493372469855,274.0510431925456,734.7360788981119,277.3510030110677
1756,0.0,344.36930339283714,4.520479460097527e-08,343.32315167584505,12.416162607577876,2.4191843248007623,58.94682931223554,274.0790506998698,735.4210001627604,277.38899993896484
1757,0.0,344.35954564500923,-2.1381646180550356e-08,355.9418922631908,13.133151801932229,2.507464693488836,61.263692996283645,274.0960515340169,735.8930308024088,277.4419987996419
1758,0.0,344.37087206271315,5.360748429956474e-08,351.839749049401,12.979345326040072,2.4797438257676383,60.43461244378834,274.1290461222331,736.2069956461588,277.48900095621747
1759,0.0,344.3874074576835,1.6569914032557293e-07,351.50776272566816,12.752546091231231,2.473528034680374,60.44526305257086,274.16504669189453,736.098887125651,277.5399983723958
1760,0.0,344.3606556722625,-1.2460972513787088e-08,354.41828530815224,12.712696040697043,2.4977451961387147,61.0517247888764,274.1930516560872,735.4841715494791,277.6050033569336
1761,0.0,344.2445779280438,-7.961734249846358e-07,354.70796791995804,12.96678586324592,2.509181763168119,60.98422720066375,274.2220509847005,735.7630208333334,277.6639989217122
1762,0.0,344.3349935890237,-2.0008100758594198e-07,349.24969722773284,12.499789281767244,2.466504132620002,60.0270893345371,274.2500483194987,736.3031056722006,277.7320022583008
1763,1.8880658180558742e-06,344.33811560811864,-1.735334989060926e-07,350.0593349220327,12.632954728484629,2.4809921662006778,60.127066272688566,274.3020553588867,737.1810404459635,277.7959976196289
1764,1.556607236882099e-05,344.3689516641839,3.607561019034227e-08,342.04461065627544,12.576637250641312,2.4218679309291047,58.43835716681741,274.34004974365234,738.1030629475912,277.8590037027995
1765,3.216390716421616e-05,344.420912934943,3.897258190565605e-07,352.9327257663859,12.73808005514036,2.4975540657053723,60.62945785948892,274.3720474243164,738.9860382080078,277.9129994710286
1766,3.8479955685754934e-05,344.3444397422992,-1.1861537843352074e-07,349.3806450006132,12.760079050306397,2.484408321807168,59.85878462626717,274.39205169677734,739.8310852050781,277.95800018310547
1767,4.120294710262103e-05,344.33200891044385,-2.082835233706759e-07,349.61609899642303,12.745703960584418,2.482742877953473,59.89102690050866,274.4260508219401,740.7289835611979,278.0169982910156
1768,4.362080581410591e-05,344.3480965086941,-1.0305488598437876e-07,362.65368482709385,13.266403234135954,2.585377496021171,62.365825552982606,274.4470469156901,741.2220560709635,278.07799530029297
1769,4.601851196139021e-05,344.25672970650754,-7.175073885796745e-07,355.02541845168975,12.857850792574183,2.542757581499459,60.95040360500106,274.46805063883465,741.7470499674479,278.135004679362
1770,4.845530624147954e-05,344.3023118759867,-4.1983888863571953e-07,355.3605475565106,12.898918215849813,2.551004694202496,60.96602720867275,274.4950485229492,742.301015218099,278.1939977010091
1771,5.085406344763853e-05,344.2391549918792,-8.43150807813171e-07,347.8619882938519,12.62324271414712,2.4564243021424623,59.42424032933085,274.51305135091144,742.8711649576823,278.2700017293294
1772,5.329839078987125e-05,344.28579547830714,-5.351154489921091e-07,344.613473832749,12.524007465440606,2.4318788124626445,58.72495294608385,274.53104909261066,744.0189666748047,278.33399963378906
1773,5.5737871791844334e-05,344.34149565717416,-1.570382119684542e-07,345.7768090889352,12.46738959491484,2.4375705286194296,58.916568849809806,274.5470504760742,744.6629842122396,278.41199493408203
1774,5.8143202113613994e-05,344.311053147497,-3.553073548325338e-07,358.1035850352457,12.783902569664896,2.5289119722989657,61.31335787055999,274.5650456746419,744.8780721028646,278.49099985758465
1775,6.052060042549825e-05,344.19502861342977,-1.1376037753833025e-06,355.04717285558434,12.869291157860507,2.497313042888125,60.54083046418634,274.57904561360675,745.3670603434244,278.58600362141925
1776,6.29804342727266e-05,344.22292867007457,-9.62168111971269e-07,348.8985525123486,12.407416689395562,2.4666720786648364,59.38114479685163,274.5940475463867,746.0480702718099,278.68299865722656
1777,6.53902037233393e-05,344.19938485591933,-1.1215425709879776e-06,357.54536101292035,12.934583487331036,2.521353634336916,60.89349007083899,274.6060485839844,746.7369181315104,278.7739969889323
1778,6.783764836903914e-05,344.22491132829657,-9.523658214326659e-07,362.7554134630877,13.207516945052584,2.560565943809508,61.78348694597739,274.6180470784505,746.7510579427084,278.86599985758465
1779,7.02529529868436e-05,344.21289250542327,-1.0314595398657325e-06,355.9261715181252,12.696989996519427,2.5037124487048943,60.500814881249,274.62904866536456,746.9070231119791,278.9590021769206
1780,7.266877053562417e-05,344.1899768764433,-1.186413383927386e-06,361.61404216072185,12.7150642102733,2.545624084919035,61.61859566014493,274.63905080159503,747.2310638427734,279.0540033976237
1781,7.501217787350634e-05,344.0621030423504,-2.049994513382691e-06,360.0900538628948,12.877900016737586,2.5510926411828296,61.19330647262292,274.6470464070638,747.7660471598307,279.14499918619794
1782,7.754598621387028e-05,344.1561910359121,-1.4305640077357613e-06,356.04655462228243,12.46113467516462,2.5181732450692373,60.48572145305894,274.654047648112,748.2900187174479,279.2430013020833
1783,7.995155170167437e-05,344.1581220782615,-1.4120119756547894e-06,354.28692425367274,12.444383333723518,2.5134612747885146,60.10171272373322,274.6580505371094,748.6270294189453,279.3399988810221
1784,8.240594197476147e-05,344.1893197591495,-1.2001155335849475e-06,350.5694962640399,12.597517209391116,2.4783164405613816,59.21225989324307,274.66405487060547,748.9340260823568,279.4340006510417
1785,8.485902461670991e-05,344.2281030626237,-9.351779815423201e-07,356.805125351722,12.552481929134778,2.5291906045378845,60.494479362546464,274.6690495808919,749.2520395914713,279.53200276692706
1786,8.722376673669401e-05,344.17306768395935,-1.300578794301337e-06,354.20587729579694,12.567811101205406,2.5238744052770934,59.91468240707549,274.6760533650716,749.5639801025391,279.6290003458659
1787,8.965113203116024e-05,344.15256259230273,-1.4427344603785075e-06,358.7933682521366,12.760916940517928,2.558671151927712,60.75335707654267,274.6780471801758,749.6690826416016,279.72900136311847
1788,9.209971516507218e-05,344.1642141996657,-1.3676695391941097e-06,371.3570923496072,13.26480759400037,2.648030358272221,63.12433046674855,274.6770477294922,750.1610209147135,279.83099873860675
1789,9.442010689514334e-05,344.0639710189496,-2.0424646697304634e-06,363.4416445787676,12.846261379798044,2.597817353803489,61.63229237950748,274.6780522664388,750.6470489501953,279.93299865722656
1790,9.694182811508342e-05,344.11179193430667,-1.7308314722268653e-06,364.880216392627,12.93202741114948,2.6055361625440803,61.84599180813865,274.6770528157552,751.1640370686849,280.03700256347656
1791,9.927890959514964e-05,344.0455055722232,-2.175273489098275e-06,356.6583861664455,12.639418553071096,2.5655352132834346,60.21873920423577,274.6740468343099,751.7080535888672,280.14099884033203
1792,0.00010180016088414845,344.0987399861907,-1.8231904976953506e-06,354.25153761087523,12.652724960740573,2.555885905296148,59.70568574139235,274.6740468343099,752.2780151367188,280.2409973144531
1793,0.00010429826632667039,344.17329253656635,-1.317602640515674e-06,353.37230933667234,12.47524671461044,2.5493745985836123,59.58493949599902,274.6590525309245,752.6820678710938,280.33199818929035
1794,0.00010666383399281271,344.1505960401469,-1.4615753967386403e-06,365.721914030605,12.816348771677823,2.642660372712238,62.03822453198564,274.64805603027344,753.2520446777344,280.41500091552734
1795,0.00010895750944450654,344.0398238446726,-2.207082332939708e-06,362.19212268926736,12.872587872512922,2.6101635634209632,61.24273214189555,274.6310526529948,753.841064453125,280.4919967651367
1796,0.00011148349387475021,344.0713639650837,-2.006133991507495e-06,354.4783029356138,12.315862419925484,2.568822151347849,59.864242428463136,274.6150538126628,754.5180511474609,280.5549952189128
1797,0.00011387485732394137,344.05359223845915,-2.125975344329422e-06,363.54823719908,12.944413187522116,2.640239462115646,61.4713769474247,274.60105387369794,755.2560729980469,280.6230010986328
1798,0.00011636467983393559,344.08874836343233,-1.8911852391882384e-06,367.6501027985187,13.189856964098109,2.684800165763159,62.19763902639178,274.5840530395508,756.113047281901,280.682004292806
1799,0.0001182562477597572,344.07963961080566,-1.9494022113776416e-06,363.4860469038741,12.753675747091163,2.661313715429832,61.49623019706863,274.57004801432294,756.9420471191406,280.7529983520508
1800,0.00012159715885131269,344.03366006941945,-2.259006267789745e-06,365.8466368441075,12.703711090289811,2.6985937954486108,62.00320914073126,274.5470504760742,757.7620493570963,280.83399709065753
1801,0.00012343642946258514,343.9392661046784,-2.8993694209126638e-06,364.9170683864809,12.881578210075109,2.688431218390064,61.665647788634544,274.5320510864258,758.5840606689453,280.9189987182617
1802,0.00012608510862225947,344.0399333275411,-2.2328027251418357e-06,362.9627075069397,12.530332506560097,2.727330113471008,61.32615659022455,274.52305094401044,759.507069905599,280.9939956665039
1803,0.00012844295957597628,344.0310492807587,-2.2855791687801207e-06,358.65077997506035,12.394980154563765,2.67587199588858,60.404341817460505,274.5050506591797,760.508046468099,281.07299550374347
1804,0.00013093912049181675,344.0682165969896,-2.034090334062843e-06,359.52869597563125,12.71613281455242,2.6917820167323114,60.36470274902327,274.4860483805339,761.5410817464193,281.15699768066406
1805,0.00013336866811476357,344.08308483117617,-1.9297659831638374e-06,364.30370432998336,12.62431267799198,2.7297852284332054,61.31991145746931,274.4660466512044,762.6710561116537,281.23399607340497
1806,0.00013569513718741965,344.03212826398703,-2.2700276615592782e-06,364.3432293357412,12.734325994930348,2.7363256272318086,61.22344968188294,274.4470520019531,763.7990773518881,281.32200113932294
1807,0.0001380950785449476,343.9982430498625,-2.502610819376687e-06,367.234932813752,12.831973358155818,2.7751216953268134,61.706469136452746,274.4280471801758,765.0220794677734,281.40900166829425
1808,0.00014058284554258364,344.01692130083245,-2.3817073509043506e-06,380.03527200344246,13.369384811449004,2.846709201622861,64.08195973155631,274.4110514322917,766.319081624349,281.4959996541341
1809,0.00014281428739817354,343.9181694268367,-3.046126320715499e-06,372.8486855412818,12.94143865973299,2.8018920476325544,62.71002212876877,274.38305409749347,767.6550801595052,281.56599680582684
1810,0.0001453863520372517,343.9540981381731,-2.8143286179692046e-06,374.7180119050739,13.012132843244911,2.82398353235988,62.97351665449524,274.36004638671875,769.1471150716146,281.6480026245117
1811,0.00014762611427609695,343.868458996339,-3.390247212492454e-06,369.2694863079116,12.871402399513393,2.803000630901314,61.82960599561912,274.3340479532878,770.7180430094401,281.71799723307294
1812,0.0001502155494383283,343.913791092942,-3.0937338642905816e-06,364.5806874718721,12.730963817667092,2.785422830614805,60.85746996681422,274.3040517171224,772.2101186116537,281.7899983723958
1813,0.00015275331574538767,343.9806005472143,-2.6418441173095157e-06,365.91388742059627,12.626185638831178,2.7962887210753067,61.13613019851266,274.26705169677734,773.7009938557943,281.8580017089844
1814,0.0001550691785964633,343.9514434652167,-2.830559597528263e-06,377.9855416791419,12.963790027634335,2.8937253673868346,63.49192822884616,274.2310485839844,774.828135172526,281.9310048421224
1815,0.00015733418733192777,343.8650577810326,-3.4129298180890413e-06,375.5806647955672,13.066021719780442,2.881174396667863,62.87157569872296,274.1810506184896,776.1400197347006,281.9919967651367
1816,0.00015983424532025326,343.8644875345543,-3.4260023808828896e-06,371.6298227687404,12.698183088806628,2.8945196297552065,62.14643251873565,274.14305114746094,777.3801574707031,282.0590006510417
1817,0.00016218936443312078,343.8283544035297,-3.672095946545949e-06,376.4429441283954,13.076546506230793,2.9394259653777777,62.94153100870699,274.1070556640625,778.9910329182943,282.1270014444987
1818,0.00016473141556822967,343.8623813072178,-3.4475851661298366e-06,383.9142096017897,13.497278072979814,3.00197823341283,64.26768048931984,274.071050008138,780.3030497233073,282.1999994913737
1819,0.000167084682442339,343.8402439216769,-3.594493476063713e-06,378.3325838344464,13.018464152385413,2.956182587777584,63.25758927353961,274.050048828125,781.4260508219401,282.27200571695965
1820,0.00016941571714101618,343.78930756061345,-3.939128557155267e-06,382.4197482792824,13.002182670483212,2.995581552829647,64.0766432984354,274.0070495605469,782.4270782470703,282.3460006713867
1821,0.00017166017376757563,343.69099013566927,-4.60687034254403e-06,382.8975341008877,13.235943672593384,3.0073087305857005,63.98744908758229,273.97004954020184,783.5681304931641,282.4150034586589
1822,0.00017441415589509483,343.7837095420357,-3.994530433566427e-06,378.6708004400731,12.715016778190462,2.99428323979268,63.22724653024458,273.9330520629883,784.9560546875,282.4769999186198
1823,0.00017672855017224193,343.7682653880447,-4.092538378360583e-06,374.3931813157347,12.632634916836032,2.994537839050356,62.26076437261461,273.8950500488281,786.2210744222006,282.54000091552734
1824,0.00017928566935844915,343.8127707090173,-3.792685624773048e-06,377.040711415511,12.995663056691647,3.0211119809130493,62.56343379800663,273.84704844156903,787.4750722249349,282.6179962158203
1825,0.00018166470836219564,343.8101034156458,-3.8059739193488925e-06,380.31674976188685,12.872461229997604,3.071614761914363,63.18578955390959,273.7860463460286,788.7140604654948,282.6759999593099
1826,0.0001839763389301125,343.7653991540965,-4.10578371979256e-06,378.8222655140124,12.847946558125464,3.0591930934332394,62.815941509777446,273.7280502319336,789.831044514974,282.6929982503255
1827,0.0001863580836288704,343.7313135674899,-4.339560488871696e-06,382.4773392117438,13.016080869656845,3.127305636807274,63.38999010724139,273.6770553588867,790.8700917561849,282.69299570719403
1828,0.00018883999786229277,343.7373017505977,-4.304073518057665e-06,395.9754324666183,13.520464298618515,3.2310008822057386,65.90535948629658,273.6410522460937,791.9830423990885,282.708002726237
1829,0.0001909818400952783,343.63285464979765,-5.00818519262323e-06,389.1746282041487,13.139440279288412,3.189500783985872,64.57289823663554,273.6020533243816,793.0000712076823,282.76099650065106
1830,0.00019362752960891283,343.66952386320804,-4.772379126562995e-06,392.1065328641397,13.264515054652378,3.406492166875057,64.94076179033591,273.5640513102214,793.9600270589193,282.8249994913737
1831,0.00019582692672985647,343.5978923651001,-5.254248987991724e-06,384.20125072452805,12.965550560574089,3.3168917025616285,63.33682174076503,273.5200500488281,794.8100738525391,282.8909962972005
1832,0.0001984537142515927,343.63744742918084,-4.9952182579502106e-06,382.363398002473,12.961496084798576,3.316047923811443,62.87089656141417,273.44404856363934,795.5789845784506,282.9219970703125
1833,0.00020100945796933543,343.69314682692095,-4.618286818437341e-06,383.4537927943128,12.827355939976549,3.342535309207534,63.06958370159948,273.37204996744794,796.1241149902344,282.96599833170575
1834,0.0002027951554234593,343.6673055401396,-4.785918049852765e-06,394.1429023376304,13.102359030322225,3.4371764833811347,65.10499264081507,273.21405029296875,797.0440368652344,283.0279998779297
1835,0.00020592407075169564,343.5657693989443,-5.470293741234276e-06,390.5551391819573,13.133551767620194,3.43109153314582,64.23544316564437,273.0790506998698,797.8309682210287,283.08599853515625
1836,0.0002080236976386486,343.57305781636717,-5.432010543334543e-06,389.978664389183,12.867133430325904,3.5606120619485004,64.08016333132153,272.9540532430013,798.1060129801432,283.1489995320638
1837,0.00021030339728224522,343.52382955030635,-5.765937158120443e-06,394.75650376781886,13.270384331682742,3.5905748734495657,64.82242714481194,272.87305450439453,798.1159820556641,283.19800059000653
1838,0.00021290788548761818,343.55901377849005,-5.5349451172359125e-06,401.2961870125921,13.605264977591048,3.6773493839788993,65.94724656685626,272.86605072021484,797.9370168050131,283.2530034383138
1839,0.0002152289903021951,343.53541334972584,-5.6919344789941435e-06,396.9116368644367,13.18858094627157,3.6804199625611256,65.11131218043978,272.8580500284831,797.9220987955729,283.3109995524089
1840,0.00021752789472280883,343.484440331363,-6.037030578631372e-06,395.88091618643386,12.8895445368548,3.7424452069524783,64.92298176034035,272.79905192057294,798.3870493570963,283.38200124104816
1841,0.00021973237916326778,343.39335571902234,-6.656179454690718e-06,402.3727418168372,13.43207834144722,3.826558744119807,65.9454451837981,272.68904876708984,799.0600840250651,283.46699778238934
1842,0.00022252136747389557,343.46467201973485,-6.187222466574318e-06,396.9951221368095,12.928627400551376,3.856907997872313,64.92167359416241,272.5820541381836,800.0011189778646,283.5279998779297
1843,0.0002243808185023074,343.4682884558315,-6.158841026245979e-06,389.73678087183737,12.63268139047172,3.8533093925905946,63.424060913522,272.607048034668,801.4921824137369,283.56600189208984
1844,0.00022792915719601074,343.5113314856342,-5.8674435698245475e-06,392.7074417140548,13.024345477938166,3.976687412934379,63.76245430030204,272.6480534871419,803.6190745035807,283.60899861653644
1845,0.00022982489774588496,343.5097440035968,-5.8732035047404296e-06,397.85005599568376,12.999929821414131,4.15428124651865,64.68556723249593,272.6400502522786,805.6650695800781,283.7249959309896
1846,0.00023208926412146097,343.4632201373199,-6.185093665141103e-06,395.9082621735635,12.972553554670752,4.138125135238822,64.24405152639606,272.73004659016925,807.2559560139974,283.8470001220703
1847,0.00023445325660949968,343.4279892746236,-6.426742685792856e-06,402.9851574748714,13.271530276425436,4.301750207921762,65.44362075203811,272.8130518595378,807.9369812011719,283.9359995524089
1848,0.00023692166572085007,343.42522127869233,-6.45038951913088e-06,413.5582929452125,13.6475822359264,4.401966128843545,67.39824375327751,272.88504791259766,808.092041015625,284.0679982503255
1849,0.00025575897590354577,343.3270524737156,-7.113151618558433e-06,408.9399341234632,13.424114595690698,4.442860300051104,66.42707154065786,272.95404561360675,808.2150014241537,284.20699818929035
1850,0.00038143335892218644,343.36681915843917,-6.856138254531669e-06,411.4628743194825,13.456576847229837,4.544463775546904,66.78304875030415,273.0210469563802,808.2490285237631,284.3169987996419
1851,0.0005153791880776565,343.6668763277338,-4.834983425514066e-06,402.2448152541545,13.172439920844475,4.5065997179040895,64.9500465918497,273.09405008951825,808.4141082763672,284.4510040283203
1852,0.0005544457589538752,343.839214582356,-3.6432157991450166e-06,397.4985199915501,13.001819323507366,4.548173376622195,63.95789986488204,273.1680501302083,809.1631317138672,284.59800211588544
1853,0.000577193943086545,343.9364804276586,-2.960970288859134e-06,400.3388041437756,13.034253236711525,4.645593816185576,64.44555417814735,273.26405080159503,810.4040578206381,284.7309977213542
1854,0.0005997520786902021,343.93565758256153,-2.948137664770368e-06,413.399131509534,13.421990057867442,5.062418700342138,66.79469521937582,273.36304982503253,811.7321421305338,284.8459981282552
1855,0.0006224310090080379,343.8198415436211,-3.722468043358447e-06,408.11045388038974,13.373651283699798,5.055876658386677,65.65156397841133,273.47004954020184,813.3320363362631,284.9409993489583
1856,0.0006456304382178987,343.8530064805607,-3.5094916746730923e-06,404.8549167301799,12.946146656322552,5.188552235176194,65.04253470413643,273.5780461629232,814.7961222330729,285.04899342854816
1857,0.0006700941310213846,343.8094250788667,-3.802623953981621e-06,414.6731918454804,13.660998095817272,5.285746479984215,66.72779876959439,273.675048828125,816.4521179199219,285.2039998372396
1858,0.0006938407155112795,343.8475207898722,-3.550541976283134e-06,419.0140236088295,13.9294510182842,5.3613428075002,67.47060376347301,273.7560501098633,818.3551279703776,285.3690007527669
1859,0.0007180440705945497,343.8349509950133,-3.632567965909216e-06,416.2997484931252,13.531486507079054,5.522088205892609,66.95694733909333,273.8950500488281,820.3960774739584,285.5449956258138
1860,0.0007424199184412631,343.76803559084044,-4.083611630568826e-06,416.0639965860974,13.338568923855494,5.787726354552483,66.84953492841794,274.0560480753581,822.3121185302734,285.73899332682294
1861,0.0012728541823840214,343.68934422745934,-4.6205417886155715e-06,417.2441372168871,13.667803666757012,5.933301365192519,66.88575551122409,274.24004618326825,824.3991902669271,285.9330012003581
1862,0.0013335757250384783,343.79231151264946,-3.937598485985683e-06,414.16280656087633,13.27771597474367,5.943503850094243,66.35896016165403,274.41604868570965,827.0292002360026,286.1000010172526
1863,0.000888283194873505,343.8006212802107,-3.874086943759217e-06,408.1224194075052,13.044741272187805,6.119347249550137,65.00963540040021,274.571044921875,830.1662139892578,286.271001180013
1864,0.0009144776621597968,343.84753066618975,-3.555087738057458e-06,411.3310642864957,13.42555248261248,6.376488796870201,65.39906664161046,274.7200520833333,833.6041412353516,286.44200134277344
1865,0.0009407790029823068,343.8468253665294,-3.553991064604413e-06,420.4890049801762,13.656138439945162,6.64379561561145,67.10347351160692,274.8800430297852,836.8942057291666,286.6139958699544
1866,0.0014730760507848818,343.8107207754483,-3.795408537254698e-06,417.1011849314015,13.57734060635964,6.765960834568206,66.37528156013664,275.0480473836263,840.3622080485026,286.78099822998047
1867,0.001535043849145944,343.7840824980631,-3.978016682167117e-06,424.2969752987472,13.897618510058097,7.119763794229744,67.66026448741948,275.2130482991536,843.9951222737631,286.9550018310547
1868,0.0010913716171359702,343.7929517016743,-3.92205625415751e-06,434.930228259825,14.331588558352989,7.325189710974375,69.64729381366908,275.3910446166992,847.2491251627604,287.10500081380206
1869,0.001119921239827733,343.69895398343914,-4.5551521709811385e-06,426.4036167290826,13.94409189653389,7.571114078764871,67.9294955911712,275.56104787190753,850.1300862630209,287.2249984741211
1870,0.0016540266022637723,343.7642854912684,-4.125058322613306e-06,433.2287624497814,14.20074407011024,7.762947987099056,69.12187693609928,275.7200444539388,852.4350077311198,287.3549982706706
1871,0.00171734270750248,343.6931795838088,-4.599999710187553e-06,425.1606513202936,14.02316495520306,8.019553553652756,67.42862357960736,275.9030456542969,853.9930725097656,287.4940007527669
1872,0.0012762703462788876,343.7589068105069,-4.163691130830424e-06,417.7442733570141,13.725273260938083,8.48727315533725,65.84553711122807,276.0780436197917,855.2329915364584,287.66399637858075
1873,0.0018119891631101762,343.8340495427833,-3.6528290862367837e-06,429.2802890411377,14.156463683462135,8.932963275339493,67.99437045089431,276.2500483194987,856.1681976318359,287.8600006103516
1874,0.001876877209389237,343.8117622862968,-3.7936070646055093e-06,435.8041800080444,14.352255685607926,8.75070146459621,69.34908007240699,276.41605377197266,857.820078531901,288.0609995524089
1875,0.001941944975258384,343.68770648881707,-4.628352302754736e-06,426.893495453106,14.16158404148277,9.09083843679748,67.4820885998621,276.5850474039714,859.4690653483073,288.29100290934247
1876,0.002008643050751384,343.76292099960483,-4.1346634440751584e-06,429.4805477313967,14.037110848208748,9.26618957848136,68.07266489194261,276.7350514729817,860.8591054280599,288.5199966430664
1877,0.00207491935815711,343.7139818062285,-4.4602557446212214e-06,434.0603459961696,14.496477320282102,9.510372735561647,68.7783807279057,276.8640492757161,862.3791147867838,288.7520014444987
1878,0.0021424084116373966,343.76425852289276,-4.125605870222573e-06,437.9599497693981,14.790857471244523,9.59766004197736,69.46979574102357,277.0020446777344,864.139149983724,288.9930013020833
1879,0.002210046136468326,343.77128813756383,-4.074209865747338e-06,440.8517590737373,14.607011947076726,10.093523219758184,70.08572001647862,277.13304901123047,866.2831624348959,289.2210006713867
1880,0.002277744299037302,343.66346732020673,-4.798230311594913e-06,437.365727538686,14.40860199170044,10.936322336520524,69.18788119083449,277.2650502522786,868.6961059570312,289.4699986775716
1881,0.002346096295959797,343.6332942966741,-5.01200608558129e-06,440.9737248225101,14.885095684041412,11.293506730684229,69.70896888997471,277.3740412394206,870.9841257731119,289.7369969685872
1882,0.002922740514663648,343.7411581447259,-4.2921022403290634e-06,436.0786301154982,14.484440945619417,11.738848201266975,68.75016748711803,277.48605092366535,873.2501373291016,290.0190022786458
1883,0.0030270361940327646,343.7711047014535,-4.0811752427081074e-06,428.2212034304951,14.270504913420991,12.254384026795949,67.06254475755776,277.59104919433594,875.6031494140625,290.26300048828125
1884,0.002627128239497207,343.8583556942222,-3.48777396146102e-06,436.5183491794865,14.80607458863925,12.467245528478312,68.59402326244992,277.6950505574544,878.148203531901,290.5119984944661
1885,0.0026979273427350865,343.82711057152255,-3.687322204913055e-06,438.1415385380004,14.757077388144165,12.570266226675043,68.94977818435397,277.7950490315755,881.0251312255859,290.7969970703125
1886,0.0032753961660135452,343.8238728988865,-3.709097711574262e-06,437.7333268549245,14.8946765949723,12.686263225278177,68.86926284379062,277.88504791259766,883.8392181396484,291.0999959309896
1887,0.0033826011767777837,343.81722048978105,-3.754188048737738e-06,443.1077381376516,15.17142122940599,13.190955216647929,69.79403942185417,277.9950459798177,886.9331359863281,291.4139989217122
1888,0.003490657757211443,343.8481390676197,-3.5467975158182203e-06,452.5023079705392,15.575101840595128,14.34215496072484,71.4272374400245,278.0800501505534,889.9262135823568,291.76300048828125
1889,0.003598732926247935,343.77254929008143,-4.052779356853971e-06,448.6908696327024,15.52671145957987,14.33482126267808,70.65718771639492,278.19104766845703,893.1561584472656,292.1130015055339
1890,0.003708992959045797,343.8582611392467,-3.482635129138833e-06,453.89903232867,15.791948531981674,15.43278649207452,71.47659716602703,278.27305094401044,896.3831837972006,292.45799763997394
1891,0.003822287364415829,343.81806325851755,-3.7465162928979158e-06,444.382731801162,15.579730291609284,16.026797541235865,69.53172190504567,278.3470509847005,899.6662648518881,292.8159993489583
1892,0.003938611577702704,343.90884011862613,-3.1374495975695425e-06,439.8086590465999,15.42330661793472,16.30684661199453,68.66391958974123,278.4420445760091,903.5341949462892,293.16699981689453
1893,0.004054535373309105,343.9803198641197,-2.647381333072541e-06,443.3506557921903,15.487544397540828,16.215991510549767,69.48705801909811,278.5540491739909,907.2741190592448,293.4769999186198
1894,0.004677444698377645,343.97581385442186,-2.6676622174196544e-06,456.69603250902094,16.058103476502154,16.796573244078445,71.90804380664727,278.68904876708984,910.4781341552734,293.7909978230794
1895,0.004830184295275186,343.85329462119034,-3.4899950254855948e-06,453.5518850499526,16.157372163559618,17.66577430948931,71.15178658195539,278.831049601237,913.2259826660156,294.0789972941081
1896,0.004479637494044966,343.9052846578536,-3.1518694801371165e-06,444.0944277814877,15.549146160517685,18.15088035932663,69.42267705803128,278.9390513102214,914.7710927327474,294.3649978637696
1897,0.0051062554879620385,343.92153274692816,-3.0406686283132883e-06,456.4122054736632,16.510755580021115,19.01112916061584,71.54673250412924,279.05104573567706,916.2742818196616,294.6459986368816
1898,0.005263662451057917,343.99947895749006,-2.5136194109124597e-06,456.6037673563168,16.74484506455168,19.98900756541145,71.45665951589594,279.16304779052734,919.0172271728516,294.9539998372396
1899,0.005422118653008338,344.0689585343425,-2.0370414032509904e-06,462.1035993919434,16.734826622895593,21.642463314519087,72.46072255843502,279.3080469767253,922.2811838785808,295.2999979654948
1900,0.0056188346938727506,343.9952133285468,-2.5237239032003395e-06,459.5444668504325,16.71573998916366,22.66210070818357,71.90656631461616,279.4540481567383,925.5521138509116,295.6749954223633
1901,0.019141559885760967,343.99263824730576,-2.5457614334441697e-06,457.6168305058551,17.086816972944238,23.51382736732285,71.63263161162581,279.61304728190106,928.800333658854,296.0069986979167
1902,0.03627691111792592,344.1317115901219,-1.6110509094130751e-06,455.0261768246298,17.013058292877986,24.163401119203183,71.24149846316587,279.86105092366535,932.7311604817708,296.3249994913737
1903,0.04165261993589013,344.1942881638255,-1.1757770654054426e-06,449.9625304110428,17.047268493429016,26.04768030432168,70.25376393283156,280.1560414632161,936.7834269205728,296.6539967854817
1904,0.04902197448470443,344.3292666498879,-2.562476775647802e-07,462.6217650299278,17.737432960200962,26.50752099131453,72.88437625246438,280.4320424397786,942.114267985026,296.95399475097656
1905,0.0632206256411242,344.3315914466351,-2.233922178354743e-07,467.44012883738543,18.2980148739324,28.1580284765171,73.70973521692333,280.70504506429035,947.4432729085288,297.28899637858075
1906,0.08462828954323853,344.35636003062166,-5.116381443725912e-08,466.4356478967891,18.41936116273716,29.48689883596641,73.46173851221981,280.98004659016925,953.0924224853516,297.6619974772136
1907,0.11130322751701996,344.40717131885776,2.9512234184489713e-07,480.3174563577665,19.46355752125633,32.47930467684103,76.00444514305916,281.27604420979816,959.1561177571616,298.0979944864909
1908,0.11095907322584007,344.5217905862785,1.078627821119321e-06,482.5826340091374,19.626144340779305,31.1328570372851,76.85623799627187,281.6110432942708,964.0852966308594,298.5179901123047
1909,0.13822069562626346,344.50327004831104,9.914994400143956e-07,480.6894687863213,19.84444900904337,32.691010925715105,76.44087709943787,281.9500452677409,969.3983662923176,298.93599192301434
1910,0.22081814596801635,344.65927068151314,6.081840349448493e-06,491.4713622185322,20.447254063280084,34.19279814080697,78.48124342715315,282.31404368082684,974.787089029948,299.37699635823566
1911,0.26181989396572514,344.7176303035861,1.188078769007321e-05,482.3736483687901,20.38225950415204,34.43465077956312,76.73370568501319,282.7210413614909,979.465321858724,299.82899220784503
1912,0.30081491445785885,344.8925234561225,1.56700295342496e-05,477.9889214580395,20.42827701388777,35.92235270992954,75.8316081908469,283.01904296875,983.6058603922526,300.3529917399089
1913,0.3601460112273101,345.11653221450536,2.3981505410066723e-05,488.2676034939648,21.198232288606768,38.08608969798272,77.57996159883326,283.36204020182294,986.2423197428384,300.9099934895833
1914,0.39593107850984377,345.4187744166864,4.052599011375922e-05,494.4978826289548,21.34701391680138,35.13405679461169,79.77807342879137,283.7160415649414,988.610880533854,301.4189910888672
1915,0.4434340023406934,345.6604162703552,6.59149132079441e-05,484.247684884698,21.293131630168947,35.09148717862071,78.35040062356745,284.0470428466797,991.4610799153646,301.9369888305664
1916,0.5596672324446405,346.2807119619703,0.00010207216380958311,482.95426600786,21.68369609875326,38.07157452770289,78.27985154770643,284.3120422363281,998.4538218180338,302.48498789469403
1917,0.6901960713303572,346.83582036241927,0.00013566459650238017,492.9600447524987,23.0041909467954,39.75198229077258,80.4548180697849,284.61504618326825,1003.570551554362,303.01098887125653
1918,0.755885588667644,347.4157352228195,0.00016393456401269198,496.242073076373,23.380211688926337,39.42498449874762,81.61294813978053,284.8050486246745,1010.1304473876952,303.44898732503253
1919,0.7665492186831563,347.76350367339046,0.00018506817905073389,490.9794171167238,22.75197625507395,33.93663047851452,81.67724386438958,284.8510513305664,1017.6303660074868,303.8139877319336
1920,0.7871618616246476,347.8773008302927,0.00019834715954762156,498.87459987539705,24.03917530124086,37.54682245999263,82.96992111207,284.92904408772785,1025.070327758789,304.24598693847656
1921,0.6769909977704313,348.2595050033957,0.0002179731827906297,486.6136241874396,23.474672096704147,32.04941278054283,81.18725519244387,285.03904215494794,1032.2003377278645,304.59998830159503
1922,0.6231693227462856,348.79842576577073,0.00025162506426284955,484.8273418444006,23.819843633161792,33.84898546620051,80.53069430512947,285.1700490315755,1039.1002502441406,304.9449818929036
1923,0.8633562369663331,349.44894328309056,0.0002920127900865773,514.2343951443905,26.32202242788179,39.38589958706581,86.27583424473677,285.467041015625,1045.1300659179688,305.27098337809247
1924,1.0821138055467905,350.2174356093781,0.00033626697998234326,499.0974143950571,25.587789988457967,38.982972280573016,83.21123114220697,285.6050491333008,1049.4500325520833,305.62998453776044
1925,1.1753106211561941,351.0006983178656,0.0003899626565166403,502.6957687586778,26.22160478298548,39.41628780998716,84.06174423454924,285.6520512898763,1052.1599527994792,305.81298065185547
1926,1.2627157609018538,351.78590443989924,0.00044146607523373196,499.041820374083,26.46434217472057,39.55611645919673,84.16877083488303,285.6920471191406,1053.600107828776,305.9539845784505
1927,1.3984152818291369,352.5878957700038,0.0004925274331842106,515.0910883833536,27.91811904950004,42.21370855415179,86.52753524964037,285.74005126953125,1055.7705688476562,306.17698669433594
1928,1.5932468955586223,353.54941206597994,0.0005633181785284845,515.8400889336957,28.145575293203123,42.06447172030944,87.11586336850812,285.8330485026042,1060.640360514323,306.3289794921875
1929,1.802703491243919,354.57031218775836,0.0006501933319561531,527.0535755087527,29.21456635771085,44.73465018561838,89.37670246877072,285.8910522460937,1066.6603291829426,306.49498748779297
1930,1.8193798821192735,355.7291126520972,0.0007511351192429716,535.0349028180784,29.041433054838983,41.51990606932174,91.59573862667057,285.9380518595378,1072.640116373698,306.6199773152669
1931,1.6632266919370076,357.05974396290935,0.0008616867510208255,504.89813450435264,26.95423625858755,36.63913266166543,86.48531866506026,286.12404378255206,1077.490224202474,306.82198333740234
1932,1.4670619469560042,358.99875849045645,0.0009784562463440378,510.1823315036154,26.74457594512289,32.251895421366335,87.9072537284969,286.22204844156903,1081.960225423177,307.09297943115234
1933,1.3738421965604952,361.21453669636105,0.001107394967624439,508.1160120584264,26.61269602790784,33.93713756563494,87.73926442282286,286.37105051676434,1086.5403340657551,307.40198008219403
1934,1.4864816625730244,363.72932819283295,0.0012606301268080792,528.0331660089164,28.25939192143621,37.30163266035201,91.49703968423375,286.4670486450196,1091.7702941894531,307.7849833170573
1935,1.7896516313335056,367.0290123438681,0.0014563586206438744,529.4409406291938,28.836652455946016,40.09333853070194,91.90214074154562,286.58704884847003,1097.08012898763,308.2269795735677
1936,2.2118341715749157,370.7507281627537,0.0016851883171560321,550.0398548533171,30.75030733480719,43.12786142043625,95.83484543323485,286.7470448811849,1101.830301920573,309.01197306315106
1937,2.6650713101946515,374.7704869614297,0.0019225734610724813,550.6109419060176,31.4518479578782,46.39105112796913,95.84567433043011,286.9510447184245,1106.3199869791667,309.7639745076497
1938,3.0848451847280196,378.7424558161889,0.0021641472000166325,535.4268484555511,30.00000650910028,43.01883965710126,93.2370606174549,287.19104258219403,1110.6307983398438,310.2939758300781
1939,3.5319236302869395,382.755635542081,0.0024281879339903205,554.5379171230255,31.64022958212725,45.9488545379652,97.34535423251212,287.38704681396484,1116.909678141276,310.8509750366211
1940,3.8987231727838765,387.48419695833115,0.002738442845675165,550.4654056455058,32.71883330406874,50.23977106039386,96.49612886832482,287.6190414428711,1120.1201782226562,311.35697682698566
1941,4.468960409890045,393.49476248696385,0.0031205466253962848,552.9500650768001,33.48198015439874,52.14654754131045,97.09407345232208,287.86404673258465,1123.2405090332031,311.8109741210937
1942,5.5260309757759964,400.4651216085688,0.0035840166003112575,560.1841861089208,33.980486342872055,53.32090163909221,98.65719695401302,288.13805389404297,1128.1901550292969,312.17197672526044
1943,6.941954958495258,408.6874555185933,0.0041308855837529,561.0185502959332,34.96119084124996,54.13624125624317,99.4863464447604,288.7810287475586,1132.66015625,312.3899790445964
1944,7.141584314478596,416.71575469446725,0.0047110656446727826,569.4275578497453,36.03881655583992,53.073505040535714,102.00830515112276,289.0000508626302,1136.2700602213542,312.41297149658203
1945,5.294745783898361,423.5040802408238,0.005398898061292975,562.3881403027648,35.50969960167764,46.7569020311827,102.38686289278726,289.22704060872394,1139.32036336263,312.38497670491535
1946,4.216100289926143,430.01689480063203,0.006223498111994036,555.2899629515077,35.50602086858594,46.202503687994174,102.65818348678006,289.42704518636066,1143.6604919433594,312.38997141520184
1947,4.78460261448562,437.0341604834248,0.007099167629877285,563.4037753734774,37.73867603450445,51.876230112361256,104.1573676076626,289.5110448201497,1149.6402994791667,312.48597208658856
1948,5.382329756580519,444.92858716840834,0.008024635413048542,586.5360800457117,40.05786821748217,54.2400156975523,108.09641738801687,289.5560531616211,1155.6301676432292,312.5209681193034
1949,5.558610769821168,452.99933689861325,0.008976219831812005,588.4410386834926,38.96806771197776,52.31608637500197,109.1544257771438,289.5980504353841,1160.3499450683594,312.63197072347003
1950,5.796669813279552,460.65693892581936,0.00996300196692961,619.9439709148871,43.133465347661485,58.20628819753501,113.85984719531824,289.7390416463216,1163.8205668131511,312.8209762573242
1951,6.497206616196154,467.9689156248136,0.010973284812727899,593.1994505844021,43.19932780037668,60.663231512792365,109.0909544187218,289.8600540161133,1168.8101196289062,313.01397196451825
1952,7.216033537658696,474.9169934578271,0.01203835021842695,606.9563399935745,44.29775813127395,61.4498930861673,112.61821090484104,290.0250523885091,1174.3108825683594,313.3419774373372
1953,7.773539774596465,482.4566040963268,0.013242620353777148,623.9750547982311,46.15027419486882,62.68709013819596,116.77653779023557,290.33404032389325,1183.3606567382812,313.72996775309247
1954,8.305627149037726,491.1188339072843,0.01461510856170402,628.9096635314064,47.14223946545323,63.10483375289556,118.7896928573186,290.5480499267578,1194.4306030273438,314.09496815999347
1955,8.732748213555535,500.2789584528489,0.016179904016568603,641.3267253315221,50.45064783117852,69.00315621483612,122.54258151361353,290.8440450032552,1206.65092976888,314.4149703979492
1956,9.098241888717677,510.78155839319345,0.01796840953681732,673.8062290292883,53.89237305648906,74.12190737350447,129.82302004314178,291.18704477945965,1221.1007995605469,314.6979675292969
1957,9.324989909198148,521.8436064272212,0.01993143753459189,695.9496130566932,56.5021551728775,77.62640658359288,135.59152056062854,291.51204172770184,1235.8001810709636,314.9919611612956
1958,9.574622365144073,533.2910922733098,0.021999999082969925,661.285485841322,55.97930462125906,78.56142199356961,129.20858361180427,291.7720464070638,1247.4204813639324,315.344965616862
1959,10.09971719150434,545.6799629139846,0.02425538707100089,665.4367222123257,57.53015334391428,82.51022591859517,131.21049744121555,291.9870427449544,1257.3200785319011,315.8069661458333
1960,10.901594210298827,559.2924572997395,0.026848796512598527,668.5656629833454,59.57552345381066,85.80760420569459,133.33681491027784,292.2830454508464,1264.119873046875,316.62496693929035
1961,11.800112930955947,574.3237854841514,0.02984568141434622,701.0053452576341,61.54958481798603,96.59080751826748,143.56526348207862,292.602045694987,1269.4615275065105,317.29896291097003
1962,12.782336868990113,589.9960802582965,0.03330582507989371,678.8492233714484,63.50039853408268,98.59311393203902,140.1058920148071,292.9450378417969,1282.5712890625,318.0439631144206
1963,13.714789059017656,607.782634309239,0.03732560820653486,741.3196016175318,67.40220069384505,101.67847108515984,156.13095399196706,293.3270492553711,1300.79057820638,318.64996337890625
1964,14.509756351319037,626.1015228260378,0.0419176027551519,689.1114600087734,69.79921330180835,105.49869079223198,146.45477556142896,293.68504842122394,1317.3704528808594,319.3329620361328
1965,15.395566158269618,646.9912875016819,0.04707829472527227,709.3122962703268,72.53323808388623,107.9591805044858,153.40539119426893,294.0450388590495,1331.060282389323,319.81596120198566
1966,16.478926167550433,670.2440154897861,0.05283791361487175,710.941466458106,75.04521589509099,110.36645496630516,156.4949809106804,294.4530436197917,1342.2405090332031,320.8799565633138
1967,18.06123501541722,696.3901862200338,0.05929226718718666,746.2098208746951,79.47428379478379,109.35519326684204,164.77531621039864,294.86004638671875,1354.2715555826824,321.4799575805664
1968,19.727390107647985,725.0820858086796,0.06651796546140706,740.4824182303034,83.46364336032607,113.55959768195832,165.09570877308497,295.2690455118816,1371.6504618326824,322.3889567057292
1969,21.229603712489684,756.8518636014909,0.0745404902696381,747.0297315350706,85.61259582540912,116.75347887979434,169.68157132242786,295.68104298909503,1389.3417561848958,323.25095621744794
1970,23.090875461400863,788.8998852690806,0.0832810260973534,781.037552297546,91.39020745252596,122.86787802343206,179.6859546683907,296.09803771972656,1411.1005147298176,324.78295644124347
1971,25.289990428101504,824.6305718209587,0.09277261062474795,796.2029425301106,93.99546396102052,123.2413270963095,183.53555789915328,296.5220438639323,1431.1209615071614,325.3999557495117
1972,27.56562672856689,865.1952307465156,0.10324040063811214,868.4735707547015,99.31304653589834,126.7324978756456,196.66552470793948,296.95503997802734,1449.290018717448,327.3489532470703
1973,30.06858708520184,910.7089412773469,0.11486046764825099,826.0293132269293,102.61034748182163,132.4288265395,186.52593193281965,297.399040222168,1462.8606770833333,329.90895080566406
1974,33.0693818151466,960.2106618270808,0.12717650331167785,824.6214022160059,102.07597772266304,130.53960340695352,183.6005250821906,297.85504150390625,1476.1409098307292,330.7559534708659
1975,35.03863265268844,1008.4220534046465,0.13945053230765836,816.9194858581777,101.05436634134072,128.16559132593756,177.51306730736252,298.3260447184245,1491.740966796875,330.8269551595052
1976,36.92881728778884,1058.3777064707988,0.15155273378825873,856.063491529847,106.04776773719762,134.0976168733828,186.247427298102,298.81404368082684,1509.1109517415364,331.5449498494466
1977,40.51529593041882,1112.6062088227802,0.163472171609345,868.4313096928761,108.58561919463652,135.3432377512975,189.2255322560173,299.3190358479817,1527.6809488932292,333.3529459635417
1978,46.879880224703705,1167.1139597774818,0.17481430983374552,897.405148357044,112.559632775152,135.83417396469358,192.93479554653743,299.8450393676758,1546.8908996582031,335.00994873046875
1979,52.90907031366791,1216.383238320471,0.18537851538584801,900.4664227016348,115.0059618980382,138.02440074525126,196.0169028731842,300.3930384318034,1566.1608581542969,336.60494740804035
1980,56.024639795141695,1261.4574211537781,0.19592469312458574,890.5114951943987,114.18617964344467,137.3534112392945,194.39124204024887,300.9650395711263,1584.9407348632812,338.70494588216144
1981,57.88153539694616,1303.8423149619532,0.20661087599012823,875.7816094417443,112.05454255022292,133.16990108345564,189.168613859002,301.5620346069336,1602.6506245930989,340.05894978841144
1982,58.13144571608959,1345.0315291216618,0.2172299971915611,967.4292982868149,112.18814146211471,130.86045303509695,206.8844647776702,302.1870422363281,1618.7305399576824,340.6439412434896
1983,59.027988588202135,1384.7969203579075,0.22760702665383922,862.0214943304857,109.32740265686684,128.90373447756497,183.83582233478344,302.842041015625,1632.620147705078,342.26594797770184
1984,62.724787808055716,1428.177096187883,0.23886776840543422,889.7020107049092,112.74249172600256,130.4163406761621,189.3335257314472,303.52803802490234,1643.5008544921875,344.00794728597003
1985,66.76053519278715,1474.0167663425236,0.2510887483045112,906.9368199480392,114.50513698657949,130.744205181854,190.4568856663394,304.2470397949219,1655.9104715983074,345.4589538574219
1986,69.30618674785953,1522.0921373541923,0.26398170013346506,914.5218093193048,115.76976299657072,130.75455769844152,195.66522346659664,305.00203704833984,1668.7911478678386,346.902946472168
1987,73.38809032196068,1577.5919378700553,0.2789504913950248,952.061149189977,119.6837540856174,133.23433411785436,203.585170051448,305.79303487141925,1683.7497863769531,348.77494557698566
1988,78.30192638340122,1634.8849614601877,0.2938568854250046,950.4151874289804,124.14956034787264,134.3653494746133,203.53222760721053,306.62404378255206,1693.940928141276,351.2759323120117
1989,81.97759655801127,1686.1383821878917,0.3060004621589292,930.8467754620428,125.2678309615888,134.41616789400453,200.31650520357337,307.8310241699219,1705.6304423014324,352.89392344156903
1990,86.43828009297768,1731.8299216857667,0.3156131051133367,940.5626313485474,125.6585787017536,133.9791277858574,203.0212309920509,308.6830368041992,1717.4006754557292,354.07293192545575
1991,90.76810567451828,1763.256834223561,0.32357769545700554,1129.9838832525568,130.37284760058986,132.7375511716136,244.42863411026067,309.2330373128255,1729.330556233724,355.35293833414715
1992,95.25348824400476,1770.3468143353232,0.32897691325701645,913.3754185979066,127.16935207081686,128.2477767678287,198.23847301394608,309.7250391642253,1740.1392618815105,356.22894795735675
1993,102.1051158008091,1766.1872845646162,0.3322378182331923,941.8816353260038,130.5411331632924,126.19423016578818,203.77578316226604,310.0990524291992,1743.1006876627605,356.9249598185221
1994,115.58981185236654,1755.6421384336045,0.3350433653240154,1060.282744333416,132.2742148031943,123.44841524770855,231.0503542937696,310.8080291748047,1748.6203715006511,358.2539596557617
1995,133.04730573748157,1736.415260676618,0.3380713195550624,955.0363061603086,132.86227726455786,121.082118475163,206.47424846775004,311.27905527750653,1755.2296244303386,360.2389551798503
1996,150.14517149703778,1719.3524978194944,0.34027095694233855,930.0218807197676,132.86156898475696,119.11420647057,200.87242078907184,312.2980194091797,1757.1905924479167,362.0049616495768
1997,168.64581548615578,1711.7871659604207,0.34155558986644446,1204.992305406782,137.60108692085606,119.55004809486935,264.67515030448345,313.1830317179362,1761.5010782877605,363.25195566813153
1998,185.09448617568043,1693.8248002492928,0.3427992582658602,1085.4305991966446,139.05131879594606,117.02616704771498,232.31801820181303,313.9070053100586,1770.2906799316406,365.9329554239909
1999,205.91365433352522,1671.8767175858952,0.34381675746677776,940.7006779859272,134.49403000396697,110.87411893093665,205.11187816433736,314.708989461263,1778.1995137532551,367.84497833251953
2000,234.37437394510386,1647.7268803157963,0.3447234846975483,886.5647302341199,135.53333671603502,111.14860426813186,195.3241581852736,315.75899505615234,1778.0101216634114,369.1249745686849
2001,248.68704043063298,1628.2403765523643,0.3453679329072778,881.6703955806449,135.9063122061387,111.9237248560712,196.1877828105409,316.4930165608724,1776.530731201172,370.6729888916016
2002,255.34881073931024,1615.3893139040542,0.34563455409221944,970.72441719435,137.61957033828926,111.20156334370368,218.4604141242816,317.10101826985675,1778.960947672526,372.83499399820965
2003,275.7549483686752,1599.353726728329,0.34565436024198837,944.7470786126372,140.19264588940948,115.10387816360677,214.40339143057145,317.7300059000651,1783.589813232422,375.41099802653
2004,309.16178838419023,1585.635083551926,0.3457598853437025,945.5469500687324,146.35020127536953,120.49372604696684,216.68728340618875,318.35701751708984,1784.2302856445312,376.9870020548503
2005,328.6135891675029,1572.9355955435985,0.3459621615183904,950.5924444363928,149.84999473507474,124.9806757834322,218.7880647839753,319.13000233968097,1783.3604329427085,378.9070078531901
2006,336.1940209824151,1561.903012624568,0.34614198049803135,986.1510088892476,153.1895927730249,125.89628423514212,229.8954395164696,319.93299865722656,1783.4212239583333,381.0100072224935
2007,353.9134235127122,1551.7370574283814,0.3463969592178052,945.8695944358408,158.0892750492312,125.08757397121607,219.70587066030023,320.6460138956706,1788.9513142903645,382.6030197143554
2008,357.0181328683714,1536.703461154784,0.3465893977252893,912.5104843071592,157.7746659619008,122.36065090038171,214.69549502704012,321.5749918619792,1798.4196472167969,384.739018758138
2009,377.9045058876234,1521.360569242898,0.3466802144778828,917.7292309352042,152.67707470576568,117.25939145993684,218.758114337086,322.2750066121419,1802.1011861165364,386.28002166748047
2010,423.35882999103825,1508.3227153032874,0.3466505468333811,953.2286302920016,155.4203535230228,116.3174480659564,224.60211210242653,323.14099375406903,1807.8506673177085,388.7170308430989
2011,435.66631665184997,1497.2438452058095,0.34633932504114356,906.7673675143252,159.27619314722682,117.48575892006976,218.62875398112044,324.1589838663737,1813.0701904296875,390.9440205891927
2012,484.9748417477263,1487.925528733148,0.346194155224972,949.6022183538888,158.23998796825617,115.66957640847058,229.10693623998705,325.00499216715497,1815.26123046875,393.0159912109375
2013,506.22333751570994,1475.1798486549696,0.34591168130162453,901.2387566412424,156.0375564856313,114.64817742063164,219.3811792508812,325.9189910888672,1822.580841064453,395.724978129069
2014,494.56202107282417,1462.3546957866488,0.3453380073683515,964.047618150183,155.64022547015048,114.0086622048385,233.52551800560903,326.9879913330078,1831.4709981282551,397.5469792683919
2015,539.3818238924625,1454.53750302797,0.3441476233575127,934.3498846847756,155.52045002194478,100.77116698064656,227.2448193195332,328.1796061197917,1841.92241414388,399.9493891398112
2016,594.6292058072686,1445.0598807997783,0.34234654959908367,938.7207093417516,154.98672397273424,98.25516759323436,227.88365487356864,329.0759735107422,1851.594228108724,403.1169611612956
2017,588.8408226485842,1432.6089258935442,0.3403953676284343,943.091533998728,154.4529979235237,95.73916820582215,228.52249042760408,329.78197479248047,1875.3197021484373,405.74296315511066
2018,585.2328339615976,1419.071139840174,0.3382612395945145,947.462358655704,153.91927187431315,93.22316881840996,229.16132598163952,330.52897389729816,1893.0016276041667,408.5569585164388
2019,583.1494370511286,1405.052620523637,0.3359537209254716,951.83318331268,153.3855458251026,90.70716943099777,229.80016153567496,331.2759730021159,1912.5613403320312,411.3399607340495
2020,582.1738512487614,1390.7459644104388,0.3334849809957949,956.2040079696562,152.85181977589207,88.19117004358557,230.4389970897104,332.0209732055664,1933.8615214029949,414.10096486409503
2021,582.0279531418673,1376.2111650432653,0.3308660724934859,949.8055016829052,152.68682647026762,88.34162459385294,230.25540612308825,332.76597849528,1956.771494547526,416.8429590861003
2022,646.6549126241023,1363.1793921580233,0.32808257576355404,943.406995396154,152.52183316464314,88.4920791441203,230.07181515646604,333.52097574869794,1980.3113708496087,419.61095937093097
2023,710.9005662503718,1350.5365856095793,0.32506847176992276,937.008489109403,152.3568398590187,88.64253369438767,229.88822418984387,334.2949727376302,2003.5213826497395,422.4419581095378
2024,775.3659033070174,1337.9389536170834,0.32183089488277566,930.609982822652,152.1918465533942,88.79298824465502,229.7046332232217,335.08897399902344,2026.4313456217449,425.334955851237
2025,840.3766781610027,1325.2825032624442,0.31838617936705393,924.2114765359008,152.02685324776976,88.94344279492239,229.52104225659951,335.90297444661456,2049.061319986979,428.2899602254232
2026,906.1087387645958,1312.538298514179,0.3147509099915153,917.8129702491498,151.86185994214532,89.09389734518976,229.3374512899773,336.73597462972003,2071.411336263021,431.3079605102539
2027,972.6555807162304,1299.7010028379616,0.31094063644692554,911.4144639623988,151.69686663652084,89.24435189545711,229.1538603233552,337.5879720052083,2093.5112915039062,434.386957804362
2028,1040.0648988480623,1286.772691781599,0.3069697286081274,905.0159576756477,151.5318733308964,89.39480644572448,228.97026935673296,338.45997111002606,2115.361328125,437.527956644694
2029,1108.358479193608,1273.7577083232784,0.30285142052673225,898.6174513888965,151.3668800252719,89.54526099599184,228.7866783901108,339.3499755859375,2136.9813232421875,440.73095448811847
2030,1177.543119234744,1260.6609998691147,0.29859788767717654,892.2189451021454,151.20188671964746,89.69571554625921,228.60308742348863,340.2589696248372,2158.3812866210938,443.9969533284505
2031,1247.616700414924,1247.4875645627712,0.2942203274114375,889.1581422042123,150.55406130900025,89.31029074123907,228.86026112151472,341.18697357177734,2179.5612996419272,447.324951171875
2032,1266.5135948144527,1234.2321378799106,0.2897389313698043,886.0973393062792,149.90623589835303,88.92486593621895,229.11743481954085,342.1269709269206,2200.401224772136,450.6959533691406
2033,1285.984903891549,1221.0284679187348,0.2852232906415516,883.036536408346,149.25841048770582,88.53944113119883,229.3746085175669,343.0709737141927,2220.76123046875,454.09295145670575
2034,1305.663305078451,1207.9133028300407,0.2806855701525887,879.975733510413,148.6105850770586,88.15401632617869,229.63178221559303,344.0209706624349,2240.671203613281,457.5179545084636
2035,1325.3553387899608,1194.8956539914302,0.27613010217106304,876.9149306124798,147.9627596664114,87.76859152115856,229.8889559136192,344.9749704996745,2260.171203613281,460.9729512532552
2036,1344.960379935623,1181.9765965032761,0.2715599390965125,873.8541277145466,147.31493425576414,87.38316671613843,230.14612961164525,345.93496958414715,2279.2911783854165,464.4569549560547
2037,1364.427310667896,1169.1549285054916,0.2669777375599975,870.7933248166136,146.66710884511693,86.99774191111831,230.40330330967132,346.89896901448566,2298.0611368815103,467.9729537963867
2038,1383.731363699735,1156.4287896403816,0.2623858944269836,867.7325219186804,146.0192834344697,86.61231710609817,230.66047700769744,347.86696370442706,2316.4910888671875,471.5209528605144
2039,1402.8617545737325,1143.7961257834609,0.25778658267293003,864.6717190207473,145.3714580238225,86.22689230107804,230.9176507057236,348.8409729003906,2334.6010945638022,475.1019465128581
2040,1421.8150827867562,1131.2548248184885,0.2531817725591435,861.6109161228142,144.72363261317528,85.84146749605792,231.17482440374965,349.81897226969403,2352.441121419271,478.71695200602215
2041,1440.5918159412684,1118.8027588175473,0.24857324947232756,857.3720223768441,143.61283485250135,85.09612483053147,230.61564458750703,350.8019739786784,2370.0010579427085,482.3659489949544
2042,1447.907098596505,1106.4518684069922,0.2441180990918042,853.1331286308742,142.5020370918274,84.350782165005,230.05646477126444,351.78697204589844,2387.080993652344,486.03294881184894
2043,1454.5358164367499,1094.316610980202,0.23980878552607693,848.8942348849042,141.39123933115346,83.60543949947855,229.49728495502185,352.77197265625,2403.5209757486978,489.7029520670573
2044,1460.5501964551559,1082.4229898886338,0.2356358234600925,844.6553411389343,140.28044157047952,82.8600968339521,228.93810513877924,353.7569732666016,2419.3409016927085,493.3779525756836
2045,1465.9944531639453,1070.7702769674938,0.2315900416902569,840.4164473929643,139.16964380980556,82.11475416842563,228.37892532253665,354.7419713338216,2434.5909423828125,497.05895233154297
2046,1470.8977806241207,1059.350008126783,0.22766289673534298,836.1775536469943,138.05884604913163,81.36941150289918,227.81974550629403,355.7269744873047,2449.3208618164062,500.7469533284505
2047,1475.2812954809344,1048.1518295754393,0.22384648693824602,831.9386599010244,136.9480482884577,80.62406883737273,227.2605656900514,356.7109731038411,2463.5508829752603,504.44395446777344
2048,1479.161743194096,1037.165280113475,0.22013351602444925,827.6997661550544,135.83725052778377,79.87872617184628,226.7013858738088,357.6959737141927,2477.330810546875,508.1499506632487
2049,1482.553472740667,1026.3803135399821,0.21651724877306333,823.4608724090845,134.7264527671098,79.13338350631982,226.14220605756623,358.6809717814128,2490.690795898437,511.8669560750325
2050,1485.4694855003904,1015.7874305355277,0.21299146742652508,819.2219786631144,133.61565500643587,78.38804084079337,225.5830262413236,359.66497294108075,2503.6608072916665,515.5939483642578
2051,1487.9219895620781,1005.3776906453986,0.2095504307812811,813.7056064808401,132.55000922196098,77.6343013673645,224.7914687558092,360.64996846516925,2516.260803222656,519.3319396972656
2052,1478.7073991697223,994.8546445036668,0.2062073002152089,808.1892342985656,131.4843634374861,76.88056189393565,223.99991127029477,361.63296763102215,2528.4107462565103,523.0739593505859
2053,1468.7781843249566,984.4560927853842,0.20296643225955943,802.6728621162911,130.41871765301124,76.12682242050678,223.20835378478037,362.6139678955078,2540.020711263021,526.8129526774088
2054,1458.1450049790226,974.249538813687,0.19982297543591426,797.1564899340167,129.35307186853635,75.37308294707792,222.4167962992659,363.5929768880208,2551.150675455729,530.5479583740234
2055,1446.8210659784415,964.2491952382801,0.19677106370131783,791.6401177517423,128.28742608406145,74.61934347364905,221.62523881375148,364.5699717203776,2561.8106689453125,534.2809549967448
2056,1434.8208746597386,954.4528358333298,0.1938050273138201,786.1237455694678,127.22178029958658,73.8656040002202,220.83368132823705,365.5439707438151,2572.0506591796875,538.012949625651
2057,1422.1595611715106,944.8534265200174,0.19091957396151124,780.6073733871933,126.1561345151117,73.11186452679134,220.04212384272265,366.516970316569,2581.890604654948,541.7439473470052
2058,1408.852501991836,935.4427897247494,0.18810980012783524,775.0910012049189,125.09048873063682,72.35812505336247,219.2505663572082,367.4869689941406,2591.360616048177,545.4749552408854
2059,1394.9151075487007,926.212744097388,0.18537117051427332,769.5746290226446,124.02484294616194,71.60438557993362,218.45900887169375,368.454968770345,2600.5006306966147,549.2059478759766
2060,1380.3626993250634,917.1554427560043,0.18269949157927826,764.0582568403701,122.95919716168706,70.85064610650475,217.66745138617932,369.4209721883138,2609.320576985677,552.9369557698568
2061,1365.2104363488866,908.2634576070406,0.18009088509986915,759.9981903644579,121.88338206972185,69.9323139366633,216.67870000232884,370.3849690755208,2617.850545247396,556.667958577474
2062,1347.8288385937876,899.3666446342677,0.17754788330140794,755.9381238885456,120.80756697775664,69.01398176682186,215.68994861847835,371.3459726969401,2625.9405110677085,560.3909556070963
2063,1329.7599878438964,890.593657400399,0.17506748698202232,751.8780574126336,119.7317518857914,68.09564959698041,214.7011972346278,372.3029759724935,2633.440490722656,564.0969543457031
2064,1311.045085294502,881.979346637674,0.1726464539343199,747.8179909367213,118.6559367938262,67.17731742713895,213.7124458507773,373.2549692789714,2640.400431315104,567.7869517008463
2065,1291.7130478657168,873.5296170474488,0.17028161459461877,743.7579244608091,117.580121701861,66.2589852572975,212.7236944669268,374.2029724121094,2646.8604532877603,571.4619445800781
2066,1271.7861004833535,865.2416005114972,0.16796997741568936,739.6978579848969,116.50430660989578,65.34065308745605,211.73494308307625,375.14697519938153,2652.8504231770835,575.1209513346354
2067,1251.2827642668642,857.109944965089,0.1657087525261973,735.6377915089847,115.42849151793057,64.4223209176146,210.74619169922573,376.0869700113933,2658.410420735677,578.7649586995443
2068,1230.2194518369001,849.1287702667864,0.16349534813325423,731.5777250330726,114.35267642596534,63.50398874777315,209.7574403153752,377.0229746500651,2663.5703938802085,582.3939514160156
2069,1208.6113179607376,841.2922668529347,0.16132735877940765,727.5176585571604,113.27686133400012,62.585656577931694,208.7686889315247,377.95497131347656,2668.360331217448,586.0089518229166
2070,1186.47271241049,833.5948684297176,0.15920255178445522,723.4575920812482,112.20104624203492,61.667324408090245,207.7799375476742,378.8829727172852,2672.8103637695312,589.6099599202474
2071,1163.8174206169288,826.0312913237475,0.15711885389100053,716.7245867546777,110.67153901019066,60.35735819247825,206.62698990150565,379.8069686889648,2676.9403076171875,593.1969553629557
2072,1143.7982825621157,818.4318906881443,0.15508029544014745,709.9915814281071,109.1420317783464,59.04739197686626,205.4740422553371,380.7259724934896,2680.630249023437,596.7399597167969
2073,1123.280297447062,810.9185427800437,0.1530822292503782,703.2585761015366,107.61252454650216,57.73742576125427,204.32109460916857,381.6389694213867,2683.750244140625,600.210947672526
2074,1102.3066900061879,803.5251043410806,0.15112259845464612,696.5255707749661,106.0830173146579,56.42745954564228,203.16814696300003,382.5469741821289,2686.3501993815103,603.6139577229818
2075,1080.9055226107782,796.2585917808688,0.1491997041206989,689.7925654483956,104.55351008281364,55.117493330030285,202.01519931683143,383.4489720662434,2688.470174153646,606.9489542643229
2076,1059.0966030327334,789.1179240863285,0.1473119664191448,683.059560121825,103.02400285096938,53.80752711441829,200.8622516706629,384.3459701538086,2690.130147298177,610.2169596354166
2077,1036.8951862917925,782.0996837412412,0.1454579054510354,676.3265547952545,101.49449561912512,52.4975608988063,199.7093040244944,385.2379735310872,2691.3901570638022,613.4199625651041
2078,1014.3139602490642,775.1998877812724,0.14363613786326243,669.593549468684,99.96498838728088,51.18759468319431,198.55635637832583,386.1239776611328,2692.260131835937,616.5579579671224
2079,991.3641123425765,768.4145273606157,0.14184537169604564,662.8605441421134,98.4354811554366,49.87762846758232,197.4034087321573,387.0039774576823,2692.790100097656,619.6309611002604
2080,968.0559043089227,761.7397260028747,0.14008440011054463,656.127538815543,96.90597392359236,48.567662251970326,196.25046108598875,387.8799769083659,2692.990091959636,622.6399637858073
2081,944.3989833878259,755.1717797757628,0.13835209501539233,650.9233549165045,95.71827413458034,47.58667073094497,195.3852362760443,388.7499745686849,2692.8900756835938,625.5849609375
2082,928.4081570619287,748.9728095125352,0.13666052732547226,645.7191710174662,94.53057434556834,46.60567920991961,194.52001146609987,389.615971883138,2692.450052897136,628.4629618326823
2083,912.1958013902272,742.9643088788481,0.13499903555464154,640.5149871184278,93.34287455655632,45.62468768889425,193.6547866561555,390.4789784749349,2691.640014648437,631.271962483724
2084,895.8030203272065,737.0879237055412,0.1333651086113371,635.3108032193895,92.15517476754432,44.64369616786889,192.78956184621103,391.33797454833984,2690.480021158854,634.011962890625
2085,879.2538947091972,731.3229465427194,0.13175751933916732,630.1066193203511,90.9674749785323,43.66270464684353,191.9243370362666,392.1949691772461,2688.9899698893228,636.6819610595703
2086,862.5632507732154,725.6605958244463,0.13017531153194042,624.9024354213127,89.7797751895203,42.68171312581817,191.05911222632216,393.04797108968097,2687.219970703125,639.2829640706381
2087,845.7408328787642,720.0959558412359,0.12861762854965736,619.6982515222744,88.59207540050828,41.70072160479281,190.1938874163777,393.8979721069336,2685.169921875,641.81396484375
2088,828.7935498443325,714.6254351963745,0.1270836759390883,614.494067623236,87.40437561149626,40.71973008376745,189.3286626064333,394.7449747721354,2682.8699544270835,644.2759653727213
2089,811.7266886766575,709.2459576826084,0.1255727094789435,609.2898837241977,86.21667582248426,39.73873856274209,188.46343779648888,395.58897654215497,2680.349914550781,646.6689758300781
2090,794.544574277772,703.9546996821164,0.12408402930717213,604.0856998251593,85.02897603347225,38.75774704171673,187.59821298654444,396.4299748738607,2677.6198933919272,648.9919738769531
2091,777.2509314560525,698.7490009886923,0.12261697591370994,600.7866210948025,83.99101231914453,38.02734449547037,186.27359380902791,397.2669728597005,2674.699910481771,651.2449645996094
2092,767.0347664784459,693.668577730188,0.12118008076651175,597.4875423644457,82.95304860481681,37.296941949224006,184.9489746315114,398.1029739379883,2671.659912109375,653.4289703369141
2093,756.8299143971578,688.6866646626779,0.11976575592130652,594.188463634089,81.91508489048911,36.56653940297765,183.6243554539949,398.93497467041016,2668.5499471028647,655.5449778238932
2094,746.6620486789261,683.793120516818,0.11837244058722278,590.8893849037322,80.8771211761614,35.83613685673128,182.2997362764784,399.7659759521485,2665.3798828125,657.5909729003906
2095,736.5446511288658,678.9830616963544,0.11699941715455624,587.5903061733754,79.83915746183368,35.10573431048492,180.97511709896185,400.5949732462565,2662.159912109375,659.5679677327474
2096,726.4845835725408,674.2533256741632,0.11564611299975056,584.2912274430186,78.80119374750596,34.37533176423855,179.65049792144532,401.4209747314453,2658.8999226888022,661.4749755859375
2097,716.4850853650273,669.6013622391022,0.11431200203968918,580.9921487126618,77.76323003317825,33.64492921799219,178.3258787439288,402.2449747721354,2655.599934895833,663.3119761149088
2098,706.547391103918,665.0248813639803,0.11299658840269867,577.693069982305,76.72526631885054,32.91452667174583,177.0012595664123,403.0669784545898,2652.2599283854165,665.0789693196615
2099,696.6716080864693,660.5217381765458,0.11169940205484938,574.3939912519483,75.68730260452283,32.184124125499466,175.67664038889578,403.8869730631511,2648.9099324544272,666.7769673665365
2100,686.8571960397962,656.0898927692751,0.11041999647070333,571.0949125215915,74.64933889019511,31.453721579253106,174.35202121137925,404.7049738566081,2645.5298868815103,668.4039764404297
2101,677.1032326492841,651.7273939219754,0.10915794681351719,569.1645351116099,74.28309804860086,31.255575132995563,173.44097789709173,405.5209732055664,2642.129903157552,669.9599660237631
2102,671.6027178000475,646.0523582223925,0.1079067190329559,567.2341577016282,73.91685720700661,31.057428686738017,172.5299345828042,406.3309733072917,2638.6298828125,671.4879709879557
2103,666.2246374441396,640.0205423282415,0.10667063886711717,565.3037802916465,73.55061636541238,30.859282240480475,171.61889126851668,407.1319732666016,2634.929890950521,673.0239766438802
2104,660.9802147585184,633.9261050996639,0.105450995630593,563.3734028816649,73.18437552381813,30.66113579422293,170.70784795422915,407.9239730834961,2631.0498860677085,674.5669809977213
2105,655.873960395797,627.8591204766448,0.1042479650667733,561.4430254716833,72.81813468222389,30.462989347965387,169.79680463994163,408.70796966552734,2626.9998168945312,676.1159820556641
2106,650.9067587838368,621.8464434257471,0.10306135392388224,559.5126480617016,72.45189384062964,30.264842901707844,168.88576132565413,409.48197682698566,2622.799845377604,677.66796875
2107,646.0775304110308,615.8952880262996,0.10189085732541565,557.5822706517199,72.08565299903539,30.0666964554503,167.9747180113666,410.2479731241862,2618.4598795572915,679.2229766845703
2108,641.3841304705114,610.0067704894219,0.10073614413796289,555.6518932417383,71.71941215744116,29.86855000919276,167.06367469707908,411.0049769083659,2613.979817708333,680.7789662679037
2109,636.8238375105093,604.180135557676,0.09959688446312365,553.7215158317567,71.35317131584691,29.67040356293521,166.15263138279155,411.75297292073566,2609.379842122396,682.3359883626302
2110,632.393621538949,598.4140796009543,0.0984727580039281,551.791138421775,70.98693047425266,29.472257116677667,165.24158806850403,412.4929784138997,2604.6698404947915,683.8919728597006
2111,628.0902931219706,592.7071649914524,0.09736345618305522,549.8607610117933,70.62068963265841,29.274110670420125,164.3305447542165,413.2239761352539,2599.8598022460938,685.4459838867188
2112,623.9105879461297,587.0579489316781,0.09626868225781683,547.9303836018117,70.25444879106416,29.075964224162583,163.41950143992898,413.9469731648763,2594.9597778320312,686.9989725748698
2113,619.8512161045792,581.46502229159,0.09518815082478557,546.0000061918302,69.88820794946992,28.87781777790504,162.50845812564145,414.6609700520833,2589.959818522136,688.5489756266276
2114,615.9088918613875,575.9270200735439,0.09412158716797003,544.0696287818485,69.52196710787567,28.67967133164749,161.59741481135393,415.3669789632161,2584.8898111979165,690.094970703125
2115,612.080352407868,570.442622990616,0.09306872659588279,542.1392513718667,69.15572626628142,28.481524885389952,160.68637149706643,416.06497446695965,2579.749755859375,691.6379699707031
2116,608.3623702390258,565.01055633581,0.09202931381171137,540.2088739618852,68.78948542468719,28.28337843913241,159.7753281827789,416.7549743652344,2574.5397745768228,693.1769816080729
2117,604.751761690472,559.629588100454,0.09100310232786603,538.2784965519036,68.42324458309294,28.085231992874867,158.86428486849138,417.4369786580404,2569.259785970052,694.709971110026
2118,601.2453930501885,554.2985269581851,0.08998985392564322,536.3481191419219,68.05700374149869,27.88708554661732,157.95324155420386,418.1099751790365,2563.9397989908853,696.2389780680338
2119,597.8401850508501,549.0162203032584,0.08898933815755157,534.4177417319402,67.69076289990444,27.68893910035978,157.04219823991633,418.7759730021159,2558.5597534179688,697.7619832356771
2120,594.5331162164247,543.7815523957295,0.08800133188904283,532.4873643219586,67.3245220583102,27.49079265410224,156.1311549256288,419.4329783121745,2553.129740397136,699.2789815266927
2121,591.3212253537791,538.5934426230449,0.08702561887635135,530.556986911977,66.95828121671595,27.29264620784469,155.22011161134128,420.0829798380534,2547.669779459636,700.7889862060547
2122,588.20161337778,533.4508438743942,0.08606198937733492,528.6266095019953,66.5920403751217,27.094499761587148,154.30906829705376,420.724978129069,2542.169779459636,702.2929840087891
2123,585.171444599482,528.3527410205317,0.08511023979245609,526.6962320920136,66.22579953352745,26.896353315329605,153.39802498276623,421.3589782714844,2536.6298014322915,703.7909698486328
2124,582.2279475718566,523.2981494911478,0.08417017233329269,524.765854682032,65.8595586919332,26.698206869072063,152.4869816684787,421.9859771728516,2531.0597941080728,705.2809804280599
2125,579.3684155658656,518.2861139421623,0.08324159471619796,522.8354772720504,65.49331785033897,26.50006042281452,151.57593835419118,422.604975382487,2525.4597981770835,706.7629750569662
2126,576.5902067350443,513.3157070058642,0.08232431987894646,520.9050998620687,65.12707700874472,26.30191397655697,150.66489503990368,423.21597544352215,2519.8397623697915,708.2379811604818
2127,573.8907440166829,508.3860281174036,0.08141816571839545,518.974722452087,64.76083616715047,26.103767530299432,149.75385172561616,423.8199717203776,2514.1997680664062,709.7059783935547
2128,571.267514810331,503.49620241170794,0.08052295484737079,517.0443450421054,64.39459532555622,25.90562108404189,148.84280841132863,424.4169769287109,2508.539754231771,711.1649729410807
2129,568.7180704679971,498.6453796854075,0.07963851436914574,515.1139676321238,64.02835448396198,25.707474637784344,147.9317650970411,425.0059763590495,2502.8597615559897,712.6159871419271
2130,566.2400256262928,493.8327334188323,0.07876467566802804,513.1835902221421,63.66211364236773,25.5093281915268,147.02072178275358,425.5879770914714,2497.1697387695312,714.0589752197266
2131,563.8310574060332,489.0574598535684,0.0779012742147043,511.2532128121605,63.29587280077348,25.31118174526926,146.10967846846606,426.16197713216144,2491.459757486979,715.4929860432943
2132,561.488904501932,484.3187771214538,0.07704814938510936,509.3228354021789,62.92963195917924,25.113035299011717,145.19863515417853,426.7289759318034,2485.7497762044272,716.9179840087891
2133,559.2113661818757,479.61592442124845,0.07620514429169971,507.3924579921972,62.56339111758499,24.91488885275417,144.287591839891,427.28897857666016,2480.029744466146,718.3349761962891
2134,556.996301212659,474.94816123953035,0.07537210562610842,505.4620805822156,62.19715027599074,24.71674240649663,143.37654852560348,427.8429768880208,2474.299743652344,719.7429809570312
2135,554.841626727016,470.31476661266765,0.07454888351224961,503.5317031722339,61.8309094343965,24.51859596023908,142.465505211316,428.3889770507813,2468.5597330729165,721.1419728597006
2136,552.7453170446184,465.7150384269762,0.07373533136902288,501.60132576225226,61.464668592802255,24.32044951398154,141.55446189702846,428.927973429362,2462.819742838541,722.531982421875
2137,550.7054024581861,461.1482927544156,0.07293130578184266,499.6709483522706,61.09842775120801,24.122303067724,140.64341858274094,429.45997619628906,2457.0797526041665,723.9119873046875
2138,548.7199679943164,456.6138632213948,0.07213666638228483,497.74057094228897,60.73218690961376,23.92415662146645,139.7323752684534,429.9849802652995,2451.3397216796875,725.2829793294271
2139,546.7871521572249,452.11110040845864,0.0713512757352054,495.8101935323073,60.36594606801952,23.72601017520891,138.82133195416588,430.5029780069987,2445.5997517903647,726.6439768473307
2140,544.9051456625746,447.6393712788064,0.07057499923274156,493.8798161223257,59.99970522642527,23.527863728951367,137.91028863987836,431.0149739583333,2439.8497721354165,727.9959869384766
2141,543.0721901675671,443.1980586337587,0.06980770499465677,491.949438712344,59.63346438483102,23.329717282693824,136.99924532559083,431.5199813842773,2434.1097615559897,729.3379872639974
2142,541.2865770024079,438.78656059344064,0.06904926377453781,490.0190613023624,59.26722354323678,23.13157083643628,136.0882020113033,432.0179773966472,2428.3697509765625,730.6699879964193
2143,539.5466459076981,434.40429010108545,0.06829954887139397,488.0886838923808,58.90098270164253,22.933424390178736,135.17715869701578,432.5099792480469,2422.639709472656,731.9919891357422
2144,537.8507837815889,430.0506744494852,0.06755843604624726,486.1583064823991,58.534741860048285,22.73527794392119,134.26611538272826,432.9949773152669,2416.9097290039062,733.3039805094401
2145,536.1974234397326,425.7251548282344,0.06682580344333719,484.2279290724175,58.16850101845404,22.537131497663648,133.35507206844073,433.47397867838544,2411.1797688802085,734.6059722900391
2146,534.5850423909363,421.4271858905106,0.06610153151559586,482.2975516624358,57.8022601768598,22.338985051406105,132.4440287541532,433.9459762573242,2405.4597371419272,735.8979797363281
2147,533.0121616305258,417.1562353382344,0.06538550295407794,480.36717425245416,57.43601933526555,22.14083860514856,131.53298543986568,434.41197713216144,2399.73974609375,737.1799875895182
2148,531.4773444534567,412.91178352453846,0.06467760262105678,478.4367968424725,57.0697784936713,21.942692158891017,130.62194212557816,434.8709818522136,2394.0297648111978,738.4509887695312
2149,529.9791952885242,408.6933230725509,0.06397771748652181,476.5064194324909,56.70353765207706,21.74454571263347,129.71089881129063,435.323974609375,2388.3297526041665,739.7119852701823
2150,528.516358554943,404.5003585095753,0.0632857365678347,474.5760420225092,56.33729681048281,21.54639926637593,128.7998554970031,435.7709782918294,2382.639709472656,740.9619750976562
2151,527.0875175422391,400.3324059158125,0.0626015508723211,472.6456646125276,55.97105596888856,21.348252820118383,127.88881218271558,436.2119725545247,2376.949747721354,742.2019805908203
2152,525.6913933141101,396.1889925868346,0.06192505334259445,470.71528720254594,55.60481512729432,21.150106373860844,126.97776886842806,436.6469802856445,2371.269775390625,743.4289855957031
2153,524.3267436368862,392.0696567090698,0.061256138804423294,468.7849097925643,55.23857428570008,20.951959927603298,126.06672555414056,437.0749816894531,2365.5997314453125,744.6409810384115
2154,522.9923619327778,387.97394704761865,0.06059470391697012,466.85453238258265,54.87233344410583,20.753813481345755,125.15568223985302,437.4979782104492,2359.939758300781,745.8369852701823
2155,521.6870762583056,383.90142264575786,0.05994064712524302,464.924154972601,54.50609260251159,20.555667035088213,124.2446389255655,437.91397857666016,2354.2897745768228,747.0179799397787
2156,520.4097483078676,379.8516525355412,0.05929386861461463,462.99377756261936,54.13985176091734,20.35752058883067,123.33359561127796,438.3249816894531,2348.649739583333,748.1829732259115
2157,519.1592724424601,375.82421545893857,0.05865427026727352,461.0634001526377,53.77361091932309,20.159374142573128,122.42255229699045,438.7289810180664,2343.019734700521,749.3329823811849
2158,517.934574743439,371.8186995989969,0.0580217556204851,459.13302274265607,53.40737007772884,19.961227696315586,121.51150898270294,439.1279805501302,2337.399739583333,750.4669748942057
2159,516.7346120911628,367.8347023205356,0.05739622982654762,457.2026453326744,53.0411292361346,19.76308125005804,120.6004656684154,439.5209782918294,2331.789754231771,751.5859832763672
2160,515.5583712682071,363.8718299199252,0.056777599614338356,455.2722679226928,52.67488839454035,19.564934803800497,119.68942235412788,439.9079767862956,2326.189778645833,752.6899871826172
2161,514.404868086882,359.9296973835203,0.05616577325235327,453.34189051271113,52.308647552946105,19.366788357542955,118.77837903984036,440.2899831136068,2320.5997517903647,753.7779795328776
2162,513.2731465406694,356.00792815435034,0.055560660513150124,451.4115131027295,51.942406711351865,19.168641911285413,117.86733572555283,440.6649754842122,2315.0197143554688,754.8499908447266
2163,512.1622779792253,352.1061539066924,0.0549621726391128,449.48113569274784,51.57616586975762,18.970495465027867,116.95629241126532,441.0349782307943,2309.4497884114585,755.906992594401
2164,511.0713603065233,348.22401432817423,0.05437022230946006,447.5507582827662,51.20992502816337,18.772349018770324,116.0452490969778,441.3999786376953,2303.8997599283853,756.948984781901
2165,509.99951720156827,344.3611569090758,0.0537847236084281,445.62038087278455,50.84368418656912,18.57420257251278,115.13420578269027,441.7589797973633,2298.3497314453125,757.9739837646484
2166,508.94589736150766,340.51723673851814,0.05320559199456117,443.6900034628029,50.47744334497488,18.37605612625524,114.22316246840276,442.11298116048175,2292.8197631835938,758.9839833577474
2167,507.90967376626236,336.69191630724487,0.0526327442710496,441.75962605282126,50.11120250338063,18.177909679997697,113.31211915411522,442.4609756469727,2287.2897338867188,759.9789835611979
2168,506.89004296456534,332.8848653167199,0.05206609855705898,439.8292486428396,49.744961661786384,17.97976323374015,112.40107583982773,442.8029810587565,2281.779744466146,760.9569854736328
2169,505.88622438062816,329.0957604942788,0.051505574259997786,437.898871232858,49.37872082019214,17.78161678748261,111.4900325255402,443.14097849528,2276.2797648111978,761.9199930826823
2170,504.8974596411308,325.3242854140866,0.05095109204867531,435.9684938228763,49.012479978597895,17.583470341225066,110.57898921125266,443.4729817708333,2270.789794921875,762.8669789632162
2171,503.92301192185914,321.5701303236681,0.05040257382730428,434.0381164128947,48.64623913700365,17.385323894967524,109.66794589696514,443.7989807128906,2265.309773763021,763.7989756266276
2172,502.96216531365525,317.83299197578907,0.049859942710306304,432.107739002913,48.2799982954094,17.187177448709978,108.7569025826776,444.1209767659505,2259.8397216796875,764.7149810791016
2173,502.0142242070535,314.11257346547825,0.04932312299788092,430.1773615929314,47.91375745381516,16.989031002452435,107.8458592683901,444.4369812011719,2254.379740397136,765.6139933268229
2174,501.07851269512787,310.40858407199073,0.0487920401523016,428.24698418294975,47.54751661222091,16.790884556194893,106.93481595410258,444.7479782104492,2248.9397989908853,766.4989929199219
2175,500.15437399413617,306.72073910552444,0.04826662077490458,426.3166067729681,47.18127577062666,16.592738109937347,106.02377263981504,445.0539805094401,2243.509765625,767.3669738769531
2176,499.24116988136,303.0487597585099,0.04774679258373895,424.38622936298646,46.815034929032414,16.394591663679805,105.11272932552752,445.35498046875,2238.0897623697915,768.218983968099
2177,498.33828014974966,299.3923729613015,0.0472324843918477,422.4558519530048,46.448794087438166,16.196445217422262,104.20168601124,445.6509806315104,2232.679707845052,769.0559895833334
2178,497.44510207885554,295.7513112421101,0.046723626086152346,420.5254745430232,46.082553245843926,15.998298771164716,103.29064269695247,445.9419784545898,2227.279744466146,769.875986735026
2179,496.5610499216038,292.1253125910197,0.04622014860691473,418.5950971330415,45.71631240424968,15.800152324907174,102.37959938266496,446.2279764811198,2221.899739583333,770.6809844970703
2180,495.6855544064489,288.5141203279438,0.04572198392775144,416.6647197230599,45.35007156265543,15.60200587864963,101.46855606837744,446.5099817911784,2216.5297648111978,771.4699910481771
2181,494.8180622544757,284.91748297437744,0.0452290650361782,414.73434231307823,44.98383072106118,15.403859432392084,100.55751275408991,446.7859827677409,2211.1597696940103,772.2429860432943
2182,493.9580357109915,281.3351541288151,0.04474132591466234,412.8039649030966,44.61758987946694,15.205712986134545,99.6464694398024,447.0569763183594,2205.8097534179688,772.9989776611328
2183,493.1049520912268,277.7668923457023,0.04425870152216297,410.8735874931149,44.25134903787269,15.007566539877,98.73542612551488,447.32398478190106,2200.479736328125,773.739990234375
2184,492.25830333964643,274.21246101780173,0.043781127776140176,408.9432100831333,43.885108196278445,14.809420093619456,97.82438281122737,447.5859756469727,2195.149780273437,774.4649709065756
2185,491.4175956025807,270.6716282618552,0.04330854153501471,407.0128326731517,43.51886735468421,14.611273647361912,96.91333949693984,447.8429768880208,2189.8297729492188,775.1729838053385
2186,490.5823488136829,267.14416680743136,0.04284088058106152,405.08245526317,43.15262651308996,14.41312720110437,96.0022961826523,448.0949808756511,2184.52978515625,775.8659922281901
2187,489.7520962918834,263.62985388884994,0.04237808360372091,403.1520778531884,42.78638567149571,14.214980754846827,95.09125286836478,448.3429768880208,2179.229817708333,776.5419871012369
2188,488.92638435144846,260.12847114008156,0.041920090183312296,401.2217004432067,42.42014482990146,14.016834308589283,94.18020955407728,448.5869776407878,2173.9497680664062,777.2019856770834
2189,488.104771923759,256.63980449252506,0.0414668407751361,399.291323033225,42.05390398830722,13.81868786233174,93.26916623978974,448.8249791463216,2168.679748535156,777.8459981282552
2190,487.28683019053227,253.16364407556728,0.04101827669395023,397.3609456232434,41.68766314671297,13.620541416074197,92.35812292550222,449.0599772135417,2163.4097493489585,778.4739939371744
2191,486.47214222801296,249.69978411983493,0.04057434009880839,395.4305682132618,41.32142230511872,13.422394969816652,91.44707961121468,449.2889811197917,2158.1597696940103,779.0859934488932
2192,485.66030266193377,246.24802286305317,0.04013497397824783,393.5001908032801,40.95518146352448,13.22424852355911,90.53603629692716,449.5149790445964,2152.9197387695312,779.6809895833334
2193,484.85091733283343,242.80816245842632,0.039700122135815016,391.5698133932985,40.58894062193024,13.026102077301566,89.62499298263965,449.7359771728516,2147.689758300781,780.260996500651
2194,484.04360297142466,239.38000888546088,0.03926972917591828,389.6394359833168,40.22269978033599,12.827955631044023,88.71394966835213,449.95198313395184,2142.469767252604,780.822987874349
2195,483.2379868837784,235.96337186315498,0.03884374048999682,387.7090585733352,39.85645893874174,12.62980918478648,87.8029063540646,450.16397857666016,2137.259785970052,781.3699951171875
2196,482.43370664589327,232.55806476547923,0.0384221022429962,385.7786811633535,39.4902180971475,12.431662738528937,86.89186303977708,450.3719838460286,2132.059773763021,781.8999888102213
2197,481.6304098074973,229.1639045390787,0.038004761360140596,383.8483037533719,39.12397725555325,12.233516292271393,85.98081972548955,450.5759862263997,2126.8697509765625,782.4139963785807
2198,480.8277536047371,225.7807116231268,0.037591665513993226,381.9179263433902,38.757736413959,12.035369846013849,85.06977641120204,450.7749811808269,2121.689778645833,782.9119923909506
2199,480.0254046814405,222.40830987126637,0.037182763111795525,379.98754893340856,38.39149557236476,11.837223399756306,84.15873309691452,450.9699808756511,2116.519775390625,783.3929901123047
2200,479.2230388187844,219.04652647557313,0.036778003283077475,378.0571715234269,38.02525473077051,11.639076953498762,83.24768978262699,451.1609827677409,2111.359781901041,783.8579864501953
2201,478.42034067306935,215.69519189248177,0.0363773358675309,376.12679411344527,37.659013889176265,11.440930507241218,82.33664646833947,451.3479766845703,2106.1997680664062,784.3059895833334
2202,477.61700352127536,212.35413977061467,0.035980711403137994,374.1964167034636,37.29277304758202,11.242784060983675,81.42560315405194,451.5309778849284,2101.0597534179688,784.7379913330078
2203,476.8127290143236,209.0232068804571,0.03558808111454804,372.266039293482,36.926532205987776,11.044637614726131,80.51455983976443,451.7089767456055,2095.9297892252603,785.1539866129557
2204,476.00722693761907,205.70223304582427,0.03519939690169535,370.33566188350034,36.56029136439353,10.846491168468589,79.6035165254769,451.8839797973633,2090.809773763021,785.5530039469401
2205,475.20021497886427,202.39106107706652,0.03481461132865157,368.4052844735187,36.19405052279929,10.648344722211045,78.69247321118938,452.0549825032552,2085.699747721354,785.9359893798828
2206,474.39141850265065,199.0895367059627,0.034433677612706104,366.47490706353705,35.82780968120504,10.4501982759535,77.78142989690186,452.22098032633465,2080.5997721354165,786.3029988606771
2207,473.58057033192046,195.79750852225203,0.03405654961366848,364.5445296535554,35.46156883961079,10.252051829695958,76.87038658261433,452.3839823404948,2075.4997762044272,786.6529947916666
2208,472.7674105358387,192.51482791175653,0.033683181823386546,362.61415224357376,35.09532799801654,10.053905383438414,75.95934326832682,452.54298146565753,2070.419779459636,786.9870045979818
2209,471.9516862240213,189.24134899604914,0.033313529355475144,360.6837748335921,34.7290871564223,9.855758937180871,75.0482999540393,452.6979802449544,2065.3497721354165,787.3039906819662
2210,471.1331513468806,185.97692857362222,0.032947547935249434,358.75339742361047,34.362846314828055,9.657612490923327,74.13725663975177,452.8489837646485,2060.2797648111978,787.604990641276
2211,470.311566501886,182.72142606251404,0.03258519388985774,356.8230200136288,33.99660547323381,9.459466044665785,73.22621332546424,452.995979309082,2055.229746500651,787.8889973958334
2212,469.48669874560215,179.47470344435126,0.03222642413860888,354.8926426036472,33.630364631639566,9.26131959840824,72.31517001117672,453.1399790445964,2050.1797383626304,788.1569875081381
2213,468.6583214112639,176.2366252097688,0.031871196183488944,352.9622651936656,33.26412379004532,9.063173152150696,71.40412669688921,453.2789789835612,2045.149770100912,788.4090016682943
2214,467.8262139317876,173.00705830516605,0.03151946809986282,351.0318877836839,32.89788294845107,8.865026705893154,70.49308338260168,453.4159800211589,2040.1197509765625,788.6439921061198
2215,466.9901616680161,169.78587208076428,0.031171198527355948,349.10151037370224,32.53164210685683,8.66688025963561,69.58204006831416,453.54798380533856,2035.0997517903645,788.8619842529297
2216,466.1499557420194,166.57293823992725,0.030826346660911795,347.1711329637206,32.16540126526258,8.468733813378067,68.67099675402663,453.6769790649414,2030.089762369792,789.0649871826172
2217,465.3053928753248,163.36813078971096,0.03048487224202082,345.2407555537389,31.799160423668337,8.270587367120523,67.7599534397391,453.80198160807294,2025.0897521972656,789.249989827474
2218,464.45627523194173,160.17132599260808,0.03014673555011679,343.3103781437573,31.43291958207409,8.07244092086298,66.8489101254516,453.92298126220703,2020.0997721354167,789.4199829101562
2219,463.602410266001,156.98240231945402,0.029811897394136505,341.38000073377566,31.066678740479844,7.874294474605437,65.93786681116407,454.0409851074219,2015.1197713216145,789.5719960530599
2220,462.7436105738422,153.80124040346377,0.029480319104238862,339.449623323794,30.7004378988856,7.676148028347893,65.02682349687655,454.15597279866535,2010.1397705078125,789.708994547526
2221,461.87969375052126,150.6277229953668,0.0291519625236798,337.5192459138124,30.33419705729135,7.47800158209035,64.11578018258902,454.26597849528,2005.179728190104,789.8289947509766
2222,461.01048225044855,147.4617349196127,0.02882679000083925,335.5888685038307,29.967956215697107,7.279855135832807,63.204736868301495,454.3739776611328,2000.219767252604,789.9319915771484
2223,460.13580325220664,144.3031630316155,0.02850476438139672,333.6584910938491,29.60171537410286,7.081708689575264,62.29369355401397,454.4779841105144,1995.269755045573,790.0189921061198
2224,459.2554885272426,141.151896176012,0.02818584900065196,331.72811368386743,29.23547453250861,6.883562243317719,61.382650239726445,454.5779825846354,1990.3297627766929,790.0889841715494
2225,458.36937431246525,138.0078251459037,0.027870007675987574,329.7977362738858,28.869233690914367,6.685415797060176,60.47160692543892,454.6759796142578,1985.3997599283853,790.1429951985677
2226,457.47730118651754,134.87084264305832,0.02755720469947021,327.8673588639042,28.502992849320123,6.487269350802633,59.5605636111514,454.7689844767253,1980.479756673177,790.1809997558594
2227,456.5791139497261,131.7408432390443,0.0272474048305873,325.93698145392256,28.136752007725875,6.289122904545089,58.64952029686388,454.85998280843097,1975.5597432454424,790.2019907633463
2228,455.6746615074819,128.61772333727316,0.02694057328911626,324.0066040439409,27.770511166131627,6.090976458287546,57.73847698257635,454.9469858805339,1970.6497599283853,790.2060038248698
2229,454.7637967570563,125.50138113592686,0.026636675748123263,322.07622663395927,27.404270324537386,5.892830012030002,56.827433668288826,455.0309855143229,1965.749755859375,790.1949920654297
2230,453.8463764777087,122.39171659174579,0.02633567832708871,320.1458492239776,27.03802948294313,5.694683565772459,55.9163903540013,455.1109797159831,1960.8597615559893,790.1659952799479
2231,452.92226122398404,119.28863138465492,0.02603754758515659,318.215471813996,26.67178864134889,5.496537119514915,55.005347039713776,455.1889826456706,1955.979736328125,790.1219991048177
2232,451.99131522208637,116.19202888320658,0.02574225051450504,316.2850944040144,26.30554779975464,5.298390673257372,54.09430372542626,455.2629826863607,1951.0997619628904,790.0599975585938
2233,451.0534062693064,113.10181411081838,0.025449754533835564,314.3547169940327,25.939306958160397,5.100244226999829,53.18326041113873,455.333984375,1946.229756673177,789.9829966227213
2234,450.108405636288,110.01789371278507,0.02516002748197818,312.42433958405104,25.57306611656615,4.902097780742286,52.272217096851215,455.401980082194,1941.3697611490888,789.8889973958334
2235,449.15618797218946,106.94017592404532,0.024873037611610145,310.49396217406934,25.206825274971905,4.703951334484743,51.36117378256369,455.4659779866536,1936.5197347005208,789.7780100504557
2236,448.19663121255047,103.8685705376829,0.024588753583085862,308.5635847640877,24.840584433377657,4.5058048882272,50.45013046827617,455.5279795328776,1931.669759114584,789.6510009765625
2237,447.2296164898056,100.8029888741437,0.024307144458375448,306.63320735410605,24.47434359178341,4.307658441969656,49.539087153988646,455.5869852701823,1926.8297322591145,789.5079956054688
2238,446.255028046408,97.74334375115077,0.02402817969510984,304.7028299441244,24.108102750189165,4.109511995712113,48.62804383970112,455.64198048909503,1921.999776204427,789.3479970296224
2239,445.2727531504115,94.6895494542984,0.023751829140730152,302.7724525341428,23.74186190859492,3.9113655494545703,47.7170005254136,455.6949818929036,1917.1697692871087,789.1719970703125
2240,444.2826820135185,91.64152170830886,0.023478063026738983,300.8420751241611,23.375621067000672,3.7132191031970274,46.80595721112608,455.7439829508464,1912.3597615559893,788.9789988199869
2241,443.28470771144436,88.59917764893468,0.023206851963051806,298.91169771417947,23.009380225406424,3.515072656939484,45.89491389683855,455.7909800211589,1907.5397644042969,788.7700042724609
2242,442.2787261065899,85.56243579549002,0.02293816693244612,296.9813203041978,22.64313938381218,3.3169262106819404,44.98387058255104,455.833984375,1902.73974609375,788.5449981689453
2243,441.26463577290843,82.53121602399503,0.0226719792851065,295.0509428942162,22.276898542217936,3.118779764424397,44.07282726826351,455.8749771118164,1897.9397481282551,788.3029988606771
2244,440.2423379229093,79.50543954091846,0.022408260733263487,293.12056548423453,21.910657700623688,2.9206333181668533,43.16178395397599,455.91197713216144,1893.1497599283853,788.0449930826823
2245,439.21173633679507,76.48502885750263,0.02214698334592455,291.1901880742529,21.54441685902944,2.72248687190931,42.25074063968847,455.9469807942708,1888.3697611490888,787.7709910074869
2246,438.1727372935447,73.46990776465681,0.021888119543695034,289.25981066427124,21.178176017435195,2.5243404256517668,41.33969732540095,455.9789810180664,1883.589762369792,787.4799957275391
2247,437.12524950402417,70.46000130840461,0.021631642093687453,287.3294332542896,20.81193517584095,2.326193979394223,40.42865401111342,456.0079803466797,1878.8197428385413,787.1729990641276
2248,436.0691840459464,67.4552357658715,0.021377524104517254,285.39905584430795,20.445694334246703,2.1280475331366797,39.5176106968259,456.0349833170573,1874.0597534179688,786.8490041097006
2249,435.00445430070954,64.45553862179916,0.021125739021383413,283.4686784343263,20.07945349265245,1.929901086879136,38.60656738253838,456.0579833984375,1869.3097432454424,786.509999593099
2250,433.93097589201903,61.46083854557365,0.020876260621231966,281.53830102434466,19.71321265105821,1.7317546406215925,37.695524068250855,456.0789845784505,1864.5597432454424,786.1540018717448
2251,432.8486666262263,58.47106536875486,0.020629063008001082,281.53830102434466,19.71321265105821,1.7317546406215925,37.695524068250855,456.0969797770183,1859.8097737630208,785.7820027669271
2252,432.2293099123847,57.245345324969065,0.020400658295769477,281.53830102434466,19.71321265105821,1.7317546406215925,37.695524068250855,456.1139831542969,1855.249827067057,785.4030049641927
2253,431.61853370930413,56.57106362865946,0.020178889498405208,281.53830102434466,19.71321265105821,1.7317546406215925,37.695524068250855,456.130983988444,1851.039815266927,785.0280049641927
2254,431.01700297745884,56.07262138710872,0.019960721919572974,281.53830102434466,19.71321265105821,1.7317546406215925,37.695524068250855,456.14698537190753,1847.14985148112,784.6560007731119
2255,430.42498395964293,55.63308283768126,0.019745269355593613,281.53830102434466,19.71321265105821,1.7317546406215925,37.695524068250855,456.1629867553711,1843.549845377604,784.2859954833984
2256,429.84252861915155,55.21582870420157,0.01953223789996841,281.53830102434466,19.71321265105821,1.7317546406215925,37.695524068250855,456.1799875895183,1840.2198893229167,783.9180043538412
2257,429.2695737782256,54.809296010730684,0.019321513464138566,281.53830102434466,19.71321265105821,1.7317546406215925,37.695524068250855,456.1959813435872,1837.149871826172,783.5509999593099
2258,428.7059945404827,54.409775238937925,0.01911303948710062,281.53830102434466,19.71321265105821,1.7317546406215925,37.695524068250855,456.21198018391925,1834.2998962402344,783.1860046386719
2259,428.15163319228776,54.01603037151577,0.01890677849509379,281.53830102434466,19.71321265105821,1.7317546406215925,37.695524068250855,456.2279841105144,1831.6798909505208,782.8220011393229
2260,427.60631493409056,53.62760887573685,0.01870269967665187,281.53830102434466,19.71321265105821,1.7317546406215925,37.695524068250855,456.2429835001628,1829.2498982747395,782.4589996337891
2261,427.0698565232005,53.24430850219243,0.01850077480500589,281.53830102434466,19.71321265105821,1.7317546406215925,37.695524068250855,456.2589797973633,1826.9999084472656,782.0970001220703
2262,426.5420710878764,52.866008320406785,0.018300976879577862,281.53830102434466,19.71321265105821,1.7317546406215925,37.695524068250855,456.2749786376953,1824.919942220052,781.7359975179037
2263,426.0227708621286,52.49261491462143,0.018103279659923026,281.53830102434466,19.71321265105821,1.7317546406215925,37.695524068250855,456.2899831136068,1822.9999287923176,781.3769989013672
2264,425.51176878126506,52.124045135536605,0.017907657494453052,281.53830102434466,19.71321265105821,1.7317546406215925,37.695524068250855,456.3049825032552,1821.229949951172,781.0180002848307
2265,425.0088794447028,51.76022050283104,0.01771408524762237,281.53830102434466,19.71321265105821,1.7317546406215925,37.695524068250855,456.3209838867188,1819.5799560546875,780.6600036621094
2266,424.51391972017467,51.40106533753325,0.01752253826090358,281.53830102434466,19.71321265105821,1.7317546406215925,37.695524068250855,456.3359832763672,1818.059946695964,780.3029988606771
2267,424.02670913851347,51.0465060958814,0.017332992326145654,281.53830102434466,19.71321265105821,1.7317546406215925,37.695524068250855,456.3509801228841,1816.6499430338545,779.9470011393229
2268,423.547070161254,50.69647109466508,0.01714542366414948,281.53830102434466,19.71321265105821,1.7317546406215925,37.695524068250855,456.3659871419271,1815.3399759928384,779.5919952392578
2269,423.0748283669416,50.350890367462924,0.016959808905992434,281.53830102434466,19.71321265105821,1.7317546406215925,37.695524068250855,456.3809814453125,1814.1299743652344,779.2369893391927
2270,422.6098125826379,50.0096955674327,0.01677612507618993,281.53830102434466,19.71321265105821,1.7317546406215925,37.695524068250855,456.3949839274089,1813.0099792480469,778.8839975992838
2271,422.1518549760802,49.672819889034024,0.01659434957730379,281.53830102434466,19.71321265105821,1.7317546406215925,37.695524068250855,456.4099782307943,1811.9699808756511,778.5319976806641
2272,421.7007911183749,49.34019799938975,0.016414460175788452,281.53830102434466,19.71321265105821,1.7317546406215925,37.695524068250855,456.42398325602215,1810.9999898274737,778.1809946695963
2273,421.2564600235773,49.01176597595338,0.016236434988933172,281.53830102434466,19.71321265105821,1.7317546406215925,37.695524068250855,456.4389826456706,1810.1099955240888,777.8310038248698
2274,420.81870416952154,48.68746124910735,0.01606025247278812,281.53830102434466,19.71321265105821,1.7317546406215925,37.695524068250855,456.4529825846354,1809.2799886067708,777.4809977213541
2275,420.3873695033375,48.367222548984884,0.015885891410978473,281.53830102434466,19.71321265105821,1.7317546406215925,37.695524068250855,456.4669825236003,1808.4999898274737,777.1329956054688
2276,419.962305434101,48.050989856048396,0.01571333090432167,281.53830102434466,19.71321265105821,1.7317546406215925,37.695524068250855,456.48097737630206,1807.7799886067708,776.7849985758463
2277,419.54336481476685,47.738704355058466,0.015542550361172221,281.53830102434466,19.71321265105821,1.7317546406215925,37.695524068250855,456.495979309082,1807.1199849446607,776.4390055338541
2278,419.1304039150478,47.43030839212226,0.015373529488425826,281.53830102434466,19.71321265105821,1.7317546406215925,37.695524068250855,456.5089823404948,1806.489990234375,776.0940093994141
2279,418.7232823867163,47.12574543454596,0.015206248283121778,281.53830102434466,19.71321265105821,1.7317546406215925,37.695524068250855,456.5229848225911,1805.909993489584,775.7489980061849
2280,418.3218632225781,46.82496003324434,0.015040687024588268,281.53830102434466,19.71321265105821,1.7317546406215925,37.695524068250855,456.536984761556,1805.3699951171875,775.405995686849
2281,417.9260127101932,46.52789778748468,0.014876826267081105,281.53830102434466,19.71321265105821,1.7317546406215925,37.695524068250855,456.5509847005208,1804.8699951171875,775.062998453776
2282,417.5356003812297,46.23450531176459,0.014714646832870893,281.53830102434466,19.71321265105821,1.7317546406215925,37.695524068250855,456.5639801025391,1804.4000040690105,774.7219950358073
2283,417.15049895733966,45.9447302046419,0.014554129805738388,281.53830102434466,19.71321265105821,1.7317546406215925,37.695524068250855,456.5779800415039,1803.9500122070312,774.3810017903646
2284,416.77058429317503,45.65852101935226,0.014395256524841575,281.53830102434466,19.71321265105821,1.7317546406215925,37.695524068250855,456.59098561604816,1803.5400085449216,774.0410003662109
2285,416.3957353171663,45.37582723606603,0.014238008578921733,281.53830102434466,19.71321265105821,1.7317546406215925,37.695524068250855,456.6039784749349,1803.159993489584,773.7020060221354
2286,416.02583397066496,45.09659923564966,0.014082367800818726,281.53830102434466,19.71321265105821,1.7317546406215925,37.695524068250855,456.6169789632161,1802.7899881998696,773.365000406901
2287,415.66076514579197,44.82078827480983,0.013928316262268974,281.53830102434466,19.71321265105821,1.7317546406215925,37.695524068250855,456.630983988444,1802.450032552084,773.0280049641927
2288,415.30041662246134,44.54834646250963,0.013775836268961854,281.53830102434466,19.71321265105821,1.7317546406215925,37.695524068250855,456.64298248291016,1802.1299947102864,772.6920064290365
2289,414.94467900491003,44.27922673755698,0.013624910355832862,281.53830102434466,19.71321265105821,1.7317546406215925,37.695524068250855,456.6559829711914,1801.830017089844,772.3569997151693
2290,414.5934456579807,44.01338284727415,0.013475521282573809,281.53830102434466,19.71321265105821,1.7317546406215925,37.695524068250855,456.6689834594727,1801.5500183105469,772.0229899088541
2291,414.2466126435019,43.75076932716586,0.01332765202934233,281.53830102434466,19.71321265105821,1.7317546406215925,37.695524068250855,456.6819763183594,1801.280008951823,771.6890004475912
2292,413.9040786568424,43.49134148151142,0.013181285792654677,281.53830102434466,19.71321265105821,1.7317546406215925,37.695524068250855,456.6949818929036,1801.0300191243489,771.3569895426432
2293,413.5657449639509,43.235055364812496,0.01303640598144724,281.53830102434466,19.71321265105821,1.7317546406215925,37.695524068250855,456.7069803873698,1800.790018717448,771.0249938964844
2294,413.23151533900455,42.98186776403483,0.01289299621329373,281.53830102434466,19.71321265105821,1.7317546406215925,37.695524068250855,456.7199808756511,1800.5599873860676,770.6940002441406
2295,412.9012960027008,42.73173618158747,0.012751040310766069,281.53830102434466,19.71321265105821,1.7317546406215925,37.695524068250855,456.7319819132487,1800.3400166829426,770.365000406901
2296,412.57499556142625,42.48461881898829,0.012610522297928374,281.53830102434466,19.71321265105821,1.7317546406215925,37.695524068250855,456.7439829508464,1800.1400044759114,770.0359903971354
2297,412.2525249473498,42.240474561169066,0.012471426396954133,281.53830102434466,19.71321265105821,1.7317546406215925,37.695524068250855,456.7559814453125,1799.9400227864585,769.7069956461588
2298,411.93379735948434,41.99926296137751,0.012333737024857905,281.53830102434466,19.71321265105821,1.7317546406215925,37.695524068250855,456.7679850260417,1799.7600199381511,769.3800048828125
2299,411.6187282057862,41.76094422663729,0.012197438790333427,281.53830102434466,19.71321265105821,1.7317546406215925,37.695524068250855,456.7799809773763,1799.5800170898438,769.0529937744141
2300,411.3072350463781,41.52547920373047,0.012062516490690936,281.53830102434466,19.71321265105821,1.7317546406215925,37.695524068250855,456.79197947184247,1799.4100138346355,768.7280069986979
2301,410.9992375378918,41.29282936567,0.011928955108887071,281.53830102434466,19.71321265105821,1.7317546406215925,37.695524068250855,456.8039830525716,1799.2400207519531,768.4030100504557
2302,410.6946573789754,41.06295679863234,0.011796739810641398,281.53830102434466,19.71321265105821,1.7317546406215925,37.695524068250855,456.8159815470378,1799.0900166829426,768.0779978434244
2303,410.3934182569462,40.835824189323034,0.011665855941634086,281.53830102434466,19.71321265105821,1.7317546406215925,37.695524068250855,456.8279825846354,1798.9400024414062,767.7550048828125
2304,410.09544579570706,40.61139481275025,0.011536289024779768,281.53830102434466,19.71321265105821,1.7317546406215925,37.695524068250855,456.838981628418,1798.78998819987,767.4319966634115
2305,409.8006675047658,40.38963252038317,0.011408024757573096,281.53830102434466,19.71321265105821,1.7317546406215925,37.695524068250855,456.8509801228841,1798.6500040690105,767.1100056966146
2306,409.5090127295423,40.17050172867435,0.011281049009501826,281.53830102434466,19.71321265105821,1.7317546406215925,37.695524068250855,456.8619791666667,1798.510009765625,766.7889912923177
2307,409.2204126027943,39.95396740792642,0.011155347819523726,281.53830102434466,19.71321265105821,1.7317546406215925,37.695524068250855,456.87398529052734,1798.3800252278645,766.4679972330729
2308,408.9347999972887,39.73999507148526,0.011030907393603828,281.53830102434466,19.71321265105821,1.7317546406215925,37.695524068250855,456.8849843343099,1798.2600199381511,766.1489969889323
2309,408.6521094796098,39.528550765243246,0.010907714102308862,281.53830102434466,19.71321265105821,1.7317546406215925,37.695524068250855,456.89598083496094,1798.1300150553386,765.8300018310547
2310,408.37227726514504,39.31960105743711,0.010785754478456077,281.53830102434466,19.71321265105821,1.7317546406215925,37.695524068250855,456.906982421875,1798.010030110677,765.5110015869141
2311,408.0952411742414,39.11311302872646,0.010665015214813691,281.53830102434466,19.71321265105821,1.7317546406215925,37.695524068250855,456.91798146565753,1797.9000040690105,765.1939900716146
2312,407.820940589435,38.90905426253985,0.010545483161850633,281.53830102434466,19.71321265105821,1.7317546406215925,37.695524068250855,456.9289855957031,1797.780029296875,764.8769989013672
2313,407.549316413885,38.70739283567608,0.010427145325533311,281.53830102434466,19.71321265105821,1.7317546406215925,37.695524068250855,456.9399820963542,1797.6700134277344,764.5599975585938
2314,407.280311030795,38.50809730914983,0.010309988865167345,281.53830102434466,19.71321265105821,1.7317546406215925,37.695524068250855,456.95098368326825,1797.560028076172,764.2450002034506
2315,407.01386826399744,38.3111367192707,0.010194001091282405,281.53830102434466,19.71321265105821,1.7317546406215925,37.695524068250855,456.96198018391925,1797.459991455078,763.9300028483073
2316,406.74993333952574,38.11648056894631,0.010079169463558352,281.53830102434466,19.71321265105821,1.7317546406215925,37.695524068250855,456.9719848632813,1797.3500264485676,763.615000406901
2317,406.48845284826433,37.9240988192,0.00996548158879111,281.53830102434466,19.71321265105821,1.7317546406215925,37.695524068250855,456.9829839070638,1797.250030517578,763.3019968668619
2318,406.2293747095755,37.73396188089484,0.009852925218896743,281.53830102434466,19.71321265105821,1.7317546406215925,37.695524068250855,456.9939829508464,1797.1500142415364,762.9889984130859
2319,405.97264813590493,37.54604060665596,0.009741488248952369,281.53830102434466,19.71321265105821,1.7317546406215925,37.695524068250855,457.0039800008138,1797.050028483073,762.6759999593099
2320,405.7182235983734,37.36030628298356,0.009631158715272575,281.53830102434466,19.71321265105821,1.7317546406215925,37.695524068250855,457.0139846801758,1796.9500223795574,762.364003499349
2321,405.4660527932991,37.176730622549854,0.009521924793520178,281.53830102434466,19.71321265105821,1.7317546406215925,37.695524068250855,457.0249735514323,1796.8600158691406,762.0529988606771
2322,405.21608860961277,36.9952857566732,0.009413774796850165,281.53830102434466,19.71321265105821,1.7317546406215925,37.695524068250855,457.0349833170573,1796.760030110677,761.7429962158203
2323,404.9682850971939,36.81594422796316,0.0093066971740858,281.53830102434466,19.71321265105821,1.7317546406215925,37.695524068250855,457.04498291015625,1796.6700236002605,761.4329986572266
2324,404.7225974360658,36.638678983130944,0.00920068050792586,281.53830102434466,19.71321265105821,1.7317546406215925,37.695524068250855,457.0549825032552,1796.5800170898438,761.1239980061849
2325,404.4789819064138,36.463463365959306,0.009095713513182148,281.53830102434466,19.71321265105821,1.7317546406215925,37.695524068250855,457.06498463948566,1796.4900207519531,760.8149922688802
2326,404.23739585951313,36.29027111042707,0.008991785035046333,281.53830102434466,19.71321265105821,1.7317546406215925,37.695524068250855,457.0749816894531,1796.4000142415364,760.5069936116537
2327,403.9977976893009,36.11907633398308,0.008888884047385396,281.53830102434466,19.71321265105821,1.7317546406215925,37.695524068250855,457.0849787394206,1796.3100179036458,760.1990102132162
2328,403.7601468049345,35.94985353096503,0.008786999651064794,281.53830102434466,19.71321265105821,1.7317546406215925,37.695524068250855,457.09498596191406,1796.2200113932292,759.8919932047526
2329,403.52440360390756,35.78257756615871,0.008686121072298731,281.53830102434466,19.71321265105821,1.7317546406215925,37.695524068250855,457.10498046875,1796.1399943033855,759.5860036214193
2330,403.2905294460868,35.6172236684934,0.008586237661026761,281.53830102434466,19.71321265105821,1.7317546406215925,37.695524068250855,457.11498006184894,1796.0500183105469,759.2799987792969
2331,403.0584866283206,35.45376742486951,0.00848733888931611,281.53830102434466,19.71321265105821,1.7317546406215925,37.695524068250855,457.1239827473958,1795.9700012207031,758.9750010172526
2332,402.8282383598566,35.29218477411444,0.008389414349789077,281.53830102434466,19.71321265105821,1.7317546406215925,37.695524068250855,457.1339823404948,1795.8799947102864,758.6700083414713
2333,402.5997487383577,35.13245200106326,0.00829245375407495,281.53830102434466,19.71321265105821,1.7317546406215925,37.695524068250855,457.14298248291016,1795.800028483073,758.3660024007162
2334,402.3729827266572,34.974545730760454,0.00819644693128582,281.53830102434466,19.71321265105821,1.7317546406215925,37.695524068250855,457.1529795328776,1795.7200113932292,758.0629933675131
2335,402.14790613008864,34.818442922779674,0.008101383826515818,281.53830102434466,19.71321265105821,1.7317546406215925,37.695524068250855,457.1619822184245,1795.6300557454426,757.759999593099
2336,401.9244855744929,34.664120865658035,0.008007254499363209,281.53830102434466,19.71321265105821,1.7317546406215925,37.695524068250855,457.1709798177083,1795.5500386555989,757.4569905598959
2337,401.7026884847821,34.51155717144211,0.007914049122474884,281.53830102434466,19.71321265105821,1.7317546406215925,37.695524068250855,457.1809794108073,1795.4700215657551,757.1559906005859
2338,401.48248306416764,34.36072977034249,0.007821757980112743,281.53830102434466,19.71321265105821,1.7317546406215925,37.695524068250855,457.18997955322266,1795.3900146484375,756.85400390625
2339,401.2638382738696,34.21161690549434,0.007730371466741556,281.53830102434466,19.71321265105821,1.7317546406215925,37.695524068250855,457.19898478190106,1795.3100179036458,756.5529937744141
2340,401.04672381347984,34.06419712782096,0.007639880085637821,281.53830102434466,19.71321265105821,1.7317546406215925,37.695524068250855,457.2079849243164,1795.230010986328,756.2530059814453
2341,400.831110101773,33.91844929099797,0.007550274447519239,281.53830102434466,19.71321265105821,1.7317546406215925,37.695524068250855,457.2169774373372,1795.1500345865886,755.9529978434244
2342,400.6169682581362,33.77435254651543,0.007461545269194358,281.53830102434466,19.71321265105821,1.7317546406215925,37.695524068250855,457.2259826660156,1795.0700073242188,755.6539967854818
2343,400.4042700844419,33.631886338835685,0.007373683372232025,281.53830102434466,19.71321265105821,1.7317546406215925,37.695524068250855,457.2349802652995,1794.9900004069011,755.3559977213541
2344,400.19298804743454,33.491030400644306,0.007286679681650275,281.53830102434466,19.71321265105821,1.7317546406215925,37.695524068250855,457.2439829508464,1794.9100240071614,755.0570017496744
2345,399.9830952616275,33.35176474819224,0.007200525224624238,281.53830102434466,19.71321265105821,1.7317546406215925,37.695524068250855,457.2529830932617,1794.8400065104167,754.7599945068359
2346,399.7745654726356,33.21406967672661,0.007115211129212755,281.53830102434466,19.71321265105821,1.7317546406215925,37.695524068250855,457.2609837849935,1794.7600199381511,754.4629974365234
2347,399.5673730409899,33.077925756008376,0.007030728623103365,281.53830102434466,19.71321265105821,1.7317546406215925,37.695524068250855,457.2699788411458,1794.6800231933594,754.1659901936849
2348,399.3614929263544,32.94331382591468,0.006947069032375296,281.53830102434466,19.71321265105821,1.7317546406215925,37.695524068250855,457.2789815266927,1794.6100260416667,753.8700002034506
2349,399.1569006722541,32.810214992123825,0.006864223780280135,281.53830102434466,19.71321265105821,1.7317546406215925,37.695524068250855,457.286984761556,1794.5300191243489,753.5740051269531
2350,398.95357239109313,32.67861062188123,0.006782184386039912,281.53830102434466,19.71321265105821,1.7317546406215925,37.695524068250855,457.29598236083984,1794.4500223795574,753.2790018717448
2351,398.7514847497248,32.54848233984422,0.006700942463662203,281.53830102434466,19.71321265105821,1.7317546406215925,37.695524068250855,457.3039830525716,1794.3800048828125,752.9849955240885
2352,398.5506149553027,32.419812024004116,0.006620489720772071,281.53830102434466,19.71321265105821,1.7317546406215925,37.695524068250855,457.312983194987,1794.3000386555989,752.6899922688802
2353,398.3509407415716,32.29258180168373,0.006540817957460428,281.53830102434466,19.71321265105821,1.7317546406215925,37.695524068250855,457.3209864298503,1794.230010986328,752.3970031738281
2354,398.15244035551063,32.16677404560856,0.006461919065148626,281.53830102434466,19.71321265105821,1.7317546406215925,37.695524068250855,457.32898203531903,1794.1500244140625,752.1040089925131
2355,397.95509254436257,32.04237137005028,0.006383785025468969,281.53830102434466,19.71321265105821,1.7317546406215925,37.695524068250855,457.33698018391925,1794.0800170898438,751.8109944661459
2356,397.7588765429516,31.9193566270406,0.0063064079091608655,281.53830102434466,19.71321265105821,1.7317546406215925,37.695524068250855,457.3459828694661,1794.0100199381511,751.5190073649088
2357,397.56377206144333,31.797712902654226,0.006229779874982376,281.53830102434466,19.71321265105821,1.7317546406215925,37.695524068250855,457.3539861043294,1793.9300028483074,751.2269999186198
2358,397.3697592733382,31.677423513359315,0.006153893168636888,281.53830102434466,19.71321265105821,1.7317546406215925,37.695524068250855,457.3619842529297,1793.8600056966145,750.9359995524088
2359,397.17681880383157,31.558472002433927,0.006078740121714673,281.53830102434466,19.71321265105821,1.7317546406215925,37.695524068250855,457.3699798583984,1793.790018717448,750.64599609375
2360,396.9849317185322,31.440842136447138,0.00600431315064908,281.53830102434466,19.71321265105821,1.7317546406215925,37.695524068250855,457.3779830932617,1793.7100321451824,750.3550059000651
2361,396.79407951234754,31.324517901803382,0.005930604755687115,281.53830102434466,19.71321265105821,1.7317546406215925,37.695524068250855,457.3859837849935,1793.6400146484375,750.0659942626953
2362,396.60424409884155,31.2094835013487,0.005857607519874186,281.53830102434466,19.71321265105821,1.7317546406215925,37.695524068250855,457.3939793904622,1793.5700276692708,749.7759958902994
2363,396.41540779974235,31.095723351037556,0.005785314108052771,281.53830102434466,19.71321265105821,1.7317546406215925,37.695524068250855,457.4009780883789,1793.500020345052,749.4879964192709
2364,396.22755333479205,30.983222076659043,0.005713717265874799,281.53830102434466,19.71321265105821,1.7317546406215925,37.695524068250855,457.4089838663737,1793.4200236002605,749.1990000406901
2365,396.04066381186635,30.871964510621062,0.005642809818827499,281.53830102434466,19.71321265105821,1.7317546406215925,37.695524068250855,457.41698201497394,1793.3500162760415,748.9109954833984
2366,395.8547227173094,30.76193568879146,0.005572584671272533,281.53830102434466,19.71321265105821,1.7317546406215925,37.695524068250855,457.42498270670575,1793.2800191243489,748.6239980061849
2367,395.6697139065996,30.65312084739484,0.005503034805498174,281.53830102434466,19.71321265105821,1.7317546406215925,37.695524068250855,457.4319839477539,1793.2100016276042,748.3370056152344
2368,395.4856215952219,30.545505419963888,0.0054341532807843365,281.53830102434466,19.71321265105821,1.7317546406215925,37.695524068250855,457.4399820963542,1793.1400146484375,748.0509999593099
2369,395.3024303497663,30.43907503434414,0.00536593323248025,281.53830102434466,19.71321265105821,1.7317546406215925,37.695524068250855,457.4469833374024,1793.0700073242188,747.7649943033854
2370,395.1201250792756,30.33381550975112,0.00529836787109459,281.53830102434466,19.71321265105821,1.7317546406215925,37.695524068250855,457.4549789428711,1793.0,747.4789988199869
2371,394.93869102687086,30.229712853878688,0.005231450481397837,281.53830102434466,19.71321265105821,1.7317546406215925,37.695524068250855,457.46198018391925,1792.9300231933594,747.1939951578776
2372,394.758113761501,30.12675326005765,0.005165174421536716,281.53830102434466,19.71321265105821,1.7317546406215925,37.695524068250855,457.4699808756511,1792.8600056966145,746.9099934895834
2373,394.57837917001507,30.024923104463596,0.00509953312216051,281.53830102434466,19.71321265105821,1.7317546406215925,37.695524068250855,457.4769795735677,1792.7900390625,746.6259969075521
2374,394.3994734493482,29.924208943372953,0.005034520085559038,281.53830102434466,19.71321265105821,1.7317546406215925,37.695524068250855,457.4839808146159,1792.7200215657551,746.3420054117838
2375,394.22138309897116,29.824597510466287,0.004970128884812165,281.53830102434466,19.71321265105821,1.7317546406215925,37.695524068250855,457.4909795125325,1792.6500244140625,746.0589955647787
2376,394.04409491354875,29.726075714177963,0.0049063531629506265,281.53830102434466,19.71321265105821,1.7317546406215925,37.695524068250855,457.49898020426434,1792.5800170898438,745.7759958902994
2377,393.8675959757053,29.62863063509117,0.004843186632128022,281.53830102434466,19.71321265105821,1.7317546406215925,37.695524068250855,457.5059814453125,1792.520029703776,745.4939982096354
2378,393.69187364911323,29.532249523377466,0.004780623072803774,281.53830102434466,19.71321265105821,1.7317546406215925,37.695524068250855,457.51297760009766,1792.4500325520833,745.2120005289713
2379,393.5169155716153,29.436919796279927,0.004718656332936916,281.53830102434466,19.71321265105821,1.7317546406215925,37.695524068250855,457.5199813842773,1792.3799947102864,744.9300028483073
2380,393.34270964865624,29.342629035639106,0.0046572803271905374,281.53830102434466,19.71321265105821,1.7317546406215925,37.695524068250855,457.5269826253255,1792.310028076172,744.6490071614584
2381,393.16924404677627,29.24936498546088,0.004596489036146713,281.53830102434466,19.71321265105821,1.7317546406215925,37.695524068250855,457.5339813232422,1792.250030517578,744.3689982096354
2382,392.99650718736575,29.157115549525408,0.004536276505531757,281.53830102434466,19.71321265105821,1.7317546406215925,37.695524068250855,457.5409876505534,1792.1800130208333,744.0890045166016
2383,392.8244877405193,29.065868789036436,0.004476636845451663,281.53830102434466,19.71321265105821,1.7317546406215925,37.695524068250855,457.54798126220703,1792.1100260416667,743.8090006510416
2384,392.65317461906386,28.97561292031007,0.004417564229637563,281.53830102434466,19.71321265105821,1.7317546406215925,37.695524068250855,457.5549825032552,1792.040028889974,743.5299987792969
2385,392.4825569727523,28.88633631250241,0.004359052894701057,281.53830102434466,19.71321265105821,1.7317546406215925,37.695524068250855,457.5619837443034,1791.98003133138,743.2509918212891
2386,392.3126241826275,28.798027485375084,0.004301097139399272,281.53830102434466,19.71321265105821,1.7317546406215925,37.695524068250855,457.5679829915365,1791.9100240071614,742.9729970296224
2387,392.14336585544623,28.710675107098147,0.004243691323909487,281.53830102434466,19.71321265105821,1.7317546406215925,37.695524068250855,457.5749842325847,1791.8500162760415,742.6950022379557
2388,391.9747718183602,28.624267992089578,0.00418682986911321,281.53830102434466,19.71321265105821,1.7317546406215925,37.695524068250855,457.5819803873698,1791.7800191243489,742.4170074462891
2389,391.8068321136477,28.53879509889052,0.00413050725588954,281.53830102434466,19.71321265105821,1.7317546406215925,37.695524068250855,457.5879872639974,1791.7100219726562,742.1400044759115
2390,391.6395369936337,28.454245528075912,0.004074718024417691,281.53830102434466,19.71321265105821,1.7317546406215925,37.695524068250855,457.59498596191406,1791.6500244140625,741.8639984130859
2391,391.4728769156715,28.370608520199454,0.004019456773488534,281.53830102434466,19.71321265105821,1.7317546406215925,37.695524068250855,457.6019846598308,1791.5800374348958,741.5880025227865
2392,391.30684253736615,28.287873453772583,0.003964718159825041,281.53830102434466,19.71321265105821,1.7317546406215925,37.695524068250855,457.6079839070638,1791.52001953125,741.3120066324869
2393,391.14142471178224,28.206029843276596,0.003910496897411465,281.53830102434466,19.71321265105821,1.7317546406215925,37.695524068250855,457.614990234375,1791.4500122070312,741.0370025634766
2394,390.97661448289216,28.125067337207426,0.0038567877568311715,281.53830102434466,19.71321265105821,1.7317546406215925,37.695524068250855,457.620984395345,1791.3900044759114,740.7619934082031
2395,390.8124030810602,28.044975716152408,0.003803585564612973,281.53830102434466,19.71321265105821,1.7317546406215925,37.695524068250855,457.6269810994466,1791.3300069173176,740.4870096842448
2396,390.6487819186865,27.96574489089845,0.003750885202585813,281.53830102434466,19.71321265105821,1.7317546406215925,37.695524068250855,457.6339823404948,1791.260030110677,740.2129923502604
2397,390.4857425859355,27.88736490057098,0.003698681607241755,281.53830102434466,19.71321265105821,1.7317546406215925,37.695524068250855,457.6399866739909,1791.2000223795574,739.9399922688802
2398,390.32327684659805,27.80982591080317,0.0036469697691070575,281.53830102434466,19.71321265105821,1.7317546406215925,37.695524068250855,457.64598337809247,1791.1400146484375,739.6670074462891
2399,390.1613766340152,27.73311821193486,0.0035957447321213103,281.53830102434466,19.71321265105821,1.7317546406215925,37.695524068250855,457.6529795328776,1791.0700378417969,739.3939921061198
2400,390.00003404716415,27.65723221724052,0.00354500159302445,281.53830102434466,19.71321265105821,1.7317546406215925,37.695524068250855,457.6589838663737,1791.0100199381511,739.1219940185547
2401,389.8392413467777,27.58215846118595,0.0034947355007515666,281.53830102434466,19.71321265105821,1.7317546406215925,37.695524068250855,457.6649831136068,1790.9500325520833,738.8499959309896
2402,389.67899095161744,27.507887597712887,0.00344494165583539,281.53830102434466,19.71321265105821,1.7317546406215925,37.695524068250855,457.6709849039714,1790.8800150553386,738.5779927571615
2403,389.51927543480843,27.434410398551293,0.0033956153098163447,281.53830102434466,19.71321265105821,1.7317546406215925,37.695524068250855,457.6769790649414,1790.8200378417969,738.3070017496744
2404,389.36008752026186,27.361717751558615,0.003346751764660051,281.53830102434466,19.71321265105821,1.7317546406215925,37.695524068250855,457.6839803059896,1790.760009765625,738.0370076497396
2405,389.2014200792106,27.289800659085653,0.0032983463721821898,281.53830102434466,19.71321265105821,1.7317546406215925,37.695524068250855,457.68998463948566,1790.7000020345051,737.7659912109375
2406,389.04326612682445,27.218650236368436,0.003250394533480603,281.53830102434466,19.71321265105821,1.7317546406215925,37.695524068250855,457.6959813435872,1790.6400146484375,737.4969991048177
2407,388.8856188188816,27.148257709945778,0.0032028916983745373,281.53830102434466,19.71321265105821,1.7317546406215925,37.695524068250855,457.70198313395184,1790.58002726237,737.2269999186198
2408,388.72847144856314,27.07861441610188,0.00315583336485093,281.53830102434466,19.71321265105821,1.7317546406215925,37.695524068250855,457.7079823811849,1790.510030110677,736.9580027262369
2409,388.57181744330495,27.00971179933368,0.0031092150785176327,281.53830102434466,19.71321265105821,1.7317546406215925,37.695524068250855,457.7129796346029,1790.4500325520833,736.6900024414062
2410,388.4156503617158,26.941541410842405,0.003063032432063479,281.53830102434466,19.71321265105821,1.7317546406215925,37.695524068250855,457.71898142496747,1790.3900349934895,736.4219970703125
2411,388.25996389060714,26.874094907048953,0.003017281064725097,281.53830102434466,19.71321265105821,1.7317546406215925,37.695524068250855,457.724983215332,1790.33002726237,736.1539916992188
2412,388.1047518420797,26.80736404813259,0.0029719566617603674,281.53830102434466,19.71321265105821,1.7317546406215925,37.695524068250855,457.7309850056966,1790.270029703776,735.8870035807291
2413,387.95000815063867,26.74134069659269,0.0029270549539284433,281.53830102434466,19.71321265105821,1.7317546406215925,37.695524068250855,457.7369842529297,1790.2100016276042,735.6200002034506
2414,387.79572687046846,26.676016815832917,0.002882571716976228,281.53830102434466,19.71321265105821,1.7317546406215925,37.695524068250855,457.7429809570313,1790.1500142415364,735.3529968261719
2415,387.64190217268657,26.611384468767667,0.002838502771131232,281.53830102434466,19.71321265105821,1.7317546406215925,37.695524068250855,457.7479807535808,1790.0900166829426,735.0870005289713
2416,387.4885283427253,26.547435816450147,0.002794843980600704,281.53830102434466,19.71321265105821,1.7317546406215925,37.695524068250855,457.7539825439453,1790.030008951823,734.8209991455078
2417,387.33559977773996,26.48416311672191,0.002751591253076975,281.53830102434466,19.71321265105821,1.7317546406215925,37.695524068250855,457.7599792480469,1789.9700113932292,734.5559997558594
2418,387.18311098411067,26.421558722883344,0.0027087405392488936,281.53830102434466,19.71321265105821,1.7317546406215925,37.695524068250855,457.7649866739909,1789.9100240071614,734.291005452474
2419,387.0310565749626,26.359615082384757,0.0026662878323192953,281.53830102434466,19.71321265105821,1.7317546406215925,37.695524068250855,457.770985921224,1789.8600260416667,734.0270029703776
2420,386.879431267813,26.298324735537758,0.0026242291675284126,281.53830102434466,19.71321265105821,1.7317546406215925,37.695524068250855,457.7759806315104,1789.8000183105469,733.7630004882812
2421,386.72822988219104,26.23768031424654,0.002582560621683139,281.53830102434466,19.71321265105821,1.7317546406215925,37.695524068250855,457.781977335612,1789.7400207519531,733.4989929199219
2422,386.57744733739463,26.17767454075865,0.0025412783126920824,281.53830102434466,19.71321265105821,1.7317546406215925,37.695524068250855,457.786984761556,1789.6800130208333,733.2359975179037
2423,386.4270786502545,26.11830022643509,0.0025003783991062955,281.53830102434466,19.71321265105821,1.7317546406215925,37.695524068250855,457.79298146565753,1789.6200256347656,732.9730021158854
2424,386.2771189329545,26.05955027053915,0.0024598570796656462,281.53830102434466,19.71321265105821,1.7317546406215925,37.695524068250855,457.79798126220703,1789.5700276692708,732.7109934488932
2425,386.1275633909244,26.00141765904393,0.002419710592850719,281.53830102434466,19.71321265105821,1.7317546406215925,37.695524068250855,457.8039855957031,1789.5100199381511,732.4490000406901
2426,385.9784073207711,25.94389546345797,0.0023799352164401784,281.53830102434466,19.71321265105821,1.7317546406215925,37.695524068250855,457.8089853922526,1789.4500020345051,732.187001546224
2427,385.8296461082743,25.886976839668883,0.002340527267073544,281.53830102434466,19.71321265105821,1.7317546406215925,37.695524068250855,457.8139877319336,1789.3900248209636,731.9260101318359
2428,385.6812752263771,25.830655026804557,0.0023014830998192497,281.53830102434466,19.71321265105821,1.7317546406215925,37.695524068250855,457.8199818929036,1789.3400370279949,731.6649983723959
2429,385.5332902333198,25.7749233461116,0.002262799107747977,281.53830102434466,19.71321265105821,1.7317546406215925,37.695524068250855,457.8249816894531,1789.280029296875,731.4049936930338
2430,385.3856867707271,25.71977519985091,0.0022244717215111494,281.53830102434466,19.71321265105821,1.7317546406215925,37.695524068250855,457.8299840291341,1789.2200317382812,731.1449940999349
2431,385.2384605617785,25.66520407020983,0.0021864974089245283,281.53830102434466,19.71321265105821,1.7317546406215925,37.695524068250855,457.8349863688151,1789.1700337727864,730.8850046793619
2432,385.0916074094377,25.61120351823083,0.002148872674556844,281.53830102434466,19.71321265105821,1.7317546406215925,37.695524068250855,457.8409805297852,1789.1100158691406,730.6260019938151
2433,384.94512319469095,25.557767182756237,0.002111594059323396,281.53830102434466,19.71321265105821,1.7317546406215925,37.695524068250855,457.84598541259766,1789.050028483073,730.3669993082682
2434,384.7990038748595,25.504888779388946,0.002074658140084544,281.53830102434466,19.71321265105821,1.7317546406215925,37.695524068250855,457.8509826660156,1789.000020345052,730.1080017089844
2435,384.65324548192126,25.452562099468615,0.0020380615292490394,281.53830102434466,19.71321265105821,1.7317546406215925,37.695524068250855,457.8559824625651,1788.9400329589844,729.8500010172526
2436,384.5078441208952,25.40078100906328,0.00200180087438212,281.53830102434466,19.71321265105821,1.7317546406215925,37.695524068250855,457.8609848022461,1788.8900044759114,729.5929972330729
2437,384.3627959682535,25.349539447976007,0.0019658728578183012,281.53830102434466,19.71321265105821,1.7317546406215925,37.695524068250855,457.8659871419271,1788.8300374348958,729.3350067138672
2438,384.2180972703711,25.2988314287664,0.0019302741962788264,281.53830102434466,19.71321265105821,1.7317546406215925,37.695524068250855,457.87098693847656,1788.7800191243489,729.0790049235026
2439,384.07374434202137,25.248651035786615,0.001895001640493666,281.53830102434466,19.71321265105821,1.7317546406215925,37.695524068250855,457.87597910563153,1788.7200419108074,728.8219909667969
2440,383.9297335648827,25.19899242423177,0.0018600519748280656,281.53830102434466,19.71321265105821,1.7317546406215925,37.695524068250855,457.88097890218097,1788.6700236002605,728.5660044352213
2441,383.7860613861299,25.149849819204423,0.0018254220169135194,281.53830102434466,19.71321265105821,1.7317546406215925,37.695524068250855,457.885981241862,1788.6100158691406,728.3100077311198
2442,383.6427243169795,25.101217514792864,0.0017911086172831632,281.53830102434466,19.71321265105821,1.7317546406215925,37.695524068250855,457.89098358154297,1788.56000773112,728.0549977620443
2443,383.4997189313452,25.05308987316308,0.0017571086590115004,281.53830102434466,19.71321265105821,1.7317546406215925,37.695524068250855,457.895985921224,1788.500020345052,727.7999979654948
2444,383.3570418645083,25.00546132366408,0.0017234190573583996,281.53830102434466,19.71321265105821,1.7317546406215925,37.695524068250855,457.90098571777344,1788.4500325520833,727.5449981689453
2445,383.2146898117619,24.958326361946384,0.0016900367594173244,281.53830102434466,19.71321265105821,1.7317546406215925,37.695524068250855,457.9059880574544,1788.4000142415364,727.2910003662109
2446,383.072659527165,24.911679549093513,0.0016569587437677308,281.53830102434466,19.71321265105821,1.7317546406215925,37.695524068250855,457.9109853108724,1788.3400166829426,727.0369974772135
2447,382.9309478222818,24.865515510766144,0.0016241820201315816,281.53830102434466,19.71321265105821,1.7317546406215925,37.695524068250855,457.9149805704753,1788.290008544922,726.7840016682943
2448,382.78955156495135,24.819828936358835,0.0015917036290339075,281.53830102434466,19.71321265105821,1.7317546406215925,37.695524068250855,457.9199803670247,1788.23003133138,726.5310007731119
2449,382.6484676781052,24.77461457816909,0.0015595206414673853,281.53830102434466,19.71321265105821,1.7317546406215925,37.695524068250855,457.92498270670575,1788.1800435384114,726.2779947916666
2450,382.5076931385759,24.72986725057848,0.001527630158560866,281.53830102434466,19.71321265105821,1.7317546406215925,37.695524068250855,457.9299825032552,1788.1300252278645,726.0259958902994
2451,382.36722497600834,24.685581829245738,0.0014960293112518022,281.53830102434466,19.71321265105821,1.7317546406215925,37.695524068250855,457.9339803059896,1788.0800170898438,725.7740020751953
2452,382.2270602716856,24.64175325031155,0.0014647152599625286,281.53830102434466,19.71321265105821,1.7317546406215925,37.695524068250855,457.9389826456706,1788.020029703776,725.5219980875651
2453,382.0871961574711,24.59837650961487,0.0014336851942803373,281.53830102434466,19.71321265105821,1.7317546406215925,37.695524068250855,457.943977355957,1787.9700113932292,725.2710011800131
2454,381.94762981475805,24.555446661920616,0.0014029363326413108,281.53830102434466,19.71321265105821,1.7317546406215925,37.695524068250855,457.94798787434894,1787.9200236002605,725.0199940999349
2455,381.808358473397,24.512958820158474,0.0013724659220178512,281.53830102434466,19.71321265105821,1.7317546406215925,37.695524068250855,457.9529825846354,1787.8700256347656,724.7699940999349
2456,381.66937941070603,24.470908154672724,0.0013422712376098627,281.53830102434466,19.71321265105821,1.7317546406215925,37.695524068250855,457.9579798380534,1787.8100179036458,724.5200042724609
2457,381.5306899504795,24.42928989248282,0.0013123495825395433,281.53830102434466,19.71321265105821,1.7317546406215925,37.695524068250855,457.9619827270508,1787.7600199381511,724.2699940999349
2458,381.39228746198785,24.38809931655465,0.001282698287549733,281.53830102434466,19.71321265105821,1.7317546406215925,37.695524068250855,457.9669825236003,1787.7100219726562,724.02099609375
2459,381.2541693590915,24.347331765082195,0.0012533147107057776,281.53830102434466,19.71321265105821,1.7317546406215925,37.695524068250855,457.97098032633465,1787.6600138346355,723.7720031738281
2460,381.1163330992332,24.306982630779487,0.0012241962371008584,281.53830102434466,19.71321265105821,1.7317546406215925,37.695524068250855,457.9759801228841,1787.6100158691406,723.5240020751953
2461,380.97877618259514,24.267047360182715,0.0011953402785647447,281.53830102434466,19.71321265105821,1.7317546406215925,37.695524068250855,457.97998046875,1787.5500183105469,723.2749989827474
2462,380.8414961512105,24.22752145296225,0.0011667442733759297,281.53830102434466,19.71321265105821,1.7317546406215925,37.695524068250855,457.98498280843097,1787.500020345052,723.0280049641927
2463,380.7044905880684,24.188400461244484,0.001138405685977097,281.53830102434466,19.71321265105821,1.7317546406215925,37.695524068250855,457.98898061116535,1787.4500020345051,722.7800038655599
2464,380.56775711628694,24.149679988943298,0.0011103220066938848,281.53830102434466,19.71321265105821,1.7317546406215925,37.695524068250855,457.9929809570313,1787.4000040690105,722.5330047607422
2465,380.43129339828073,24.111355691101025,0.001082490751456895,281.53830102434466,19.71321265105821,1.7317546406215925,37.695524068250855,457.9979807535808,1787.3500162760415,722.2859954833984
2466,380.2950971349784,24.07342327323876,0.001054909461526921,281.53830102434466,19.71321265105821,1.7317546406215925,37.695524068250855,458.00198618570965,1787.300028483073,722.0399932861328
2467,380.159166064989,24.035878490715817,0.001027575703223333,281.53830102434466,19.71321265105821,1.7317546406215925,37.695524068250855,458.0069834391276,1787.250030517578,721.7940012613932
2468,380.023497963874,23.998717148098265,0.0010004870676556018,281.53830102434466,19.71321265105821,1.7317546406215925,37.695524068250855,458.010981241862,1787.2000122070312,721.5479939778646
2469,379.88809064336687,23.96193509853633,0.0009736411704579034,281.53830102434466,19.71321265105821,1.7317546406215925,37.695524068250855,458.0149866739909,1787.1500244140625,721.3029988606771
2470,379.75294195064777,23.925528243150605,0.0009470356515267743,281.53830102434466,19.71321265105821,1.7317546406215925,37.695524068250855,458.01898193359375,1787.1000162760415,721.0580088297526
2471,379.6180497676037,23.889492530426807,0.0009206681747617818,281.53830102434466,19.71321265105821,1.7317546406215925,37.695524068250855,458.0239791870117,1787.0500183105469,720.8140004475912
2472,379.4834120101567,23.853823955619063,0.0008945364278091612,281.53830102434466,19.71321265105821,1.7317546406215925,37.695524068250855,458.0279769897461,1787.000020345052,720.5690002441406
2473,379.3490266275564,23.818518560161543,0.0008686381218083916,281.53830102434466,19.71321265105821,1.7317546406215925,37.695524068250855,458.031982421875,1786.9400024414062,720.3259938557943
2474,379.21489160168574,23.783572431088295,0.0008429709911416664,281.53830102434466,19.71321265105821,1.7317546406215925,37.695524068250855,458.0359853108724,1786.8900146484375,720.0820058186849
2475,379.0810049464314,23.748981700461194,0.000817532793186228,281.53830102434466,19.71321265105821,1.7317546406215925,37.695524068250855,458.0409825642904,1786.8400268554688,719.8389994303385
2476,378.94736470705294,23.7147425448058,0.0007923213080695262,281.53830102434466,19.71321265105821,1.7317546406215925,37.695524068250855,458.04498291015625,1786.8000081380208,719.5959981282552
2477,378.8139689595018,23.680851184555145,0.0007673343384271701,281.53830102434466,19.71321265105821,1.7317546406215925,37.695524068250855,458.0489857991536,1786.750030517578,719.3539988199869
2478,378.68081580983784,23.647303883501138,0.000742569709163627,281.53830102434466,19.71321265105821,1.7317546406215925,37.695524068250855,458.05298614501953,1786.7000020345051,719.1120096842448
2479,378.54790339363774,23.614096948253646,0.0007180252672156509,281.53830102434466,19.71321265105821,1.7317546406215925,37.695524068250855,458.05698649088544,1786.6500244140625,718.8699951171875
2480,378.4152298753735,23.581226727706998,0.0006936988813183937,281.53830102434466,19.71321265105821,1.7317546406215925,37.695524068250855,458.0609817504883,1786.6000264485676,718.6289978027344
2481,378.28279344786387,23.548689612513904,0.0006695884417741649,281.53830102434466,19.71321265105821,1.7317546406215925,37.695524068250855,458.06498463948566,1786.550028483073,718.3880004882812
2482,378.15059233169944,23.51648203456657,0.0006456918602238252,281.53830102434466,19.71321265105821,1.7317546406215925,37.695524068250855,458.06897989908856,1786.500020345052,718.1469980875651
2483,378.01862477467733,23.48460046648499,0.0006220070694207465,281.53830102434466,19.71321265105821,1.7317546406215925,37.695524068250855,458.0729853312175,1786.4500122070312,717.9070027669271
2484,377.8868890512984,23.453041421112257,0.0005985320230073476,281.53830102434466,19.71321265105821,1.7317546406215925,37.695524068250855,458.0769780476888,1786.4000142415364,717.667002360026
2485,377.755383462205,23.42180145101677,0.0005752646952941423,281.53830102434466,19.71321265105821,1.7317546406215925,37.695524068250855,458.0809834798177,1786.3500162760415,717.427001953125
2486,377.6241063336687,23.390877148001298,0.0005522030810412807,281.53830102434466,19.71321265105821,1.7317546406215925,37.695524068250855,458.08498128255206,1786.300028483073,717.1880086263021
2487,377.4930560171149,23.360265142618722,0.0005293451952425581,281.53830102434466,19.71321265105821,1.7317546406215925,37.695524068250855,458.088981628418,1786.250010172526,716.9490051269531
2488,377.36223088858543,23.329962103694392,0.0005066890729118461,281.53830102434466,19.71321265105821,1.7317546406215925,37.695524068250855,458.0929819742839,1786.2000223795574,716.7100016276041
2489,377.2316293483013,23.29996473785497,0.00048423276887193495,281.53830102434466,19.71321265105821,1.7317546406215925,37.695524068250855,458.0969823201497,1786.1500244140625,716.4720001220703
2490,377.10124982014605,23.270269789063757,0.0004619743575457391,281.53830102434466,19.71321265105821,1.7317546406215925,37.695524068250855,458.1009826660156,1786.1000162760415,716.2340037027994
2491,376.9710907512343,23.240874038162204,0.00043991193274985025,281.53830102434466,19.71321265105821,1.7317546406215925,37.695524068250855,458.10498301188153,1786.06000773112,715.9969940185547
2492,376.8411506114522,23.21177430241775,0.00041804360749040335,281.53830102434466,19.71321265105821,1.7317546406215925,37.695524068250855,458.1089808146159,1786.0100199381511,715.7590077718099
2493,376.7114278929956,23.18296743507773,0.0003963675137612274,281.53830102434466,19.71321265105821,1.7317546406215925,37.695524068250855,458.1129760742188,1785.96001180013,715.5220082600912
2494,376.5819211099755,23.154450324929314,0.0003748818023442552,281.53830102434466,19.71321265105821,1.7317546406215925,37.695524068250855,458.1159845987956,1785.9099934895833,715.2859954833984
2495,376.45262879795337,23.126219895865365,0.0003535846426121615,281.53830102434466,19.71321265105821,1.7317546406215925,37.695524068250855,458.11998748779297,1785.8600158691406,715.0500030517578
2496,376.32354951355035,23.098273106456208,0.0003324742223332045,281.53830102434466,19.71321265105821,1.7317546406215925,37.695524068250855,458.12398020426434,1785.81000773112,714.8139902750651
2497,376.19468183404626,23.070606949527082,0.0003115487474782464,281.53830102434466,19.71321265105821,1.7317546406215925,37.695524068250855,458.1279856363933,1785.760030110677,714.5780029296875
2498,376.0660243569461,23.043218451741303,0.00029080644202991805,281.53830102434466,19.71321265105821,1.7317546406215925,37.695524068250855,458.1319808959961,1785.7100219726562,714.3429972330729
2499,375.9375756996456,23.01610467318902,0.00027024554779391116,281.53830102434466,19.71321265105821,1.7317546406215925,37.695524068250855,458.1349843343099,1785.6700134277344,714.1079966227213
2500,375.80933449900255,22.989262706981457,0.00024986432421236743,281.53830102434466,19.71321265105821,1.7317546406215925,37.695524068250855,458.1369806925456,1785.6400248209636,713.9910024007162
