Year,Emissions.HFC134a eq Emissions,Ozone Forcing.Montreal gases equivalent effective stratospheric chlorine,Minor GHGs Forcing.Montreal Gases Effective Radiative Forcing,Emissions.CO Emissions,Emissions.Total NOx Emissions,Emissions.Total SO2 Emissions,Emissions.VOC Emissions,N2O Forcing.Atmos N2O exogenous,CH4 Forcing.Atmos CH4 exogenous,CO2 Forcing.Atmos CO2 exogenous
1750,0.0,344.3627591056,0.0,348.5273587773604,12.735211942317768,2.4400484348220126,60.02182622415481,273.86505126953125,731.405995686849,277.1470031738281
1751,0.0,344.3629139996227,-3.970484742724101e-15,343.9263672486595,12.592303237945762,2.408379138223796,59.08812628149409,273.89405568440753,731.8381652832031,277.18800099690753
1752,0.0,344.4111255260294,3.246202140389474e-07,341.8090339016869,12.594270419616072,2.397116044064474,58.63199702688318,273.9270553588867,732.8999735514323,277.22900136311847
1753,0.0,344.4703476114046,7.283283744529713e-07,343.6754562091752,12.53982033339792,2.4106933649875284,59.02634940020826,273.97305552164715,733.6340382893881,277.26300048828125
1754,0.0,344.43622157954724,5.062355830131417e-07,349.8156252006437,12.636836783079731,2.462065253289928,60.269945173845855,274.0160446166992,734.2020212809244,277.3040033976237
1755,0.0,344.35084894118893,-6.982521971459817e-08,348.144667955229,12.76599124957002,2.442355143653155,59.82493372469855,274.0510431925456,734.7360788981119,277.3510030110677
1756,0.0,344.36930339283714,4.520479460097527e-08,343.32315167584505,12.416162607577876,2.4191843248007623,58.94682931223554,274.0790506998698,735.4210001627604,277.38899993896484
1757,0.0,344.35954564500923,-2.1381646180550356e-08,355.9418922631908,13.133151801932229,2.507464693488836,61.263692996283645,274.0960515340169,735.8930308024088,277.4419987996419
1758,0.0,344.37087206271315,5.360748429956474e-08,351.839749049401,12.979345326040072,2.4797438257676383,60.43461244378834,274.1290461222331,736.2069956461588,277.48900095621747
1759,0.0,344.3874074576835,1.6569914032557293e-07,351.50776272566816,12.752546091231231,2.473528034680374,60.44526305257086,274.16504669189453,736.098887125651,277.5399983723958
1760,0.0,344.3606556722625,-1.2460972513787088e-08,354.41828530815224,12.712696040697043,2.4977451961387147,61.0517247888764,274.1930516560872,735.4841715494791,277.6050033569336
1761,0.0,344.2445779280438,-7.961734249846358e-07,354.70796791995804,12.96678586324592,2.509181763168119,60.98422720066375,274.2220509847005,735.7630208333334,277.6639989217122
1762,0.0,344.3349935890237,-2.0008100758594198e-07,349.24969722773284,12.499789281767244,2.466504132620002,60.0270893345371,274.2500483194987,736.3031056722006,277.7320022583008
1763,1.8880658180558742e-06,344.33811560811864,-1.735334989060926e-07,350.0593349220327,12.632954728484629,2.4809921662006778,60.127066272688566,274.3020553588867,737.1810404459635,277.7959976196289
1764,1.556607236882099e-05,344.3689516641839,3.607561019034227e-08,342.04461065627544,12.576637250641312,2.4218679309291047,58.43835716681741,274.34004974365234,738.1030629475912,277.8590037027995
1765,3.216390716421616e-05,344.420912934943,3.897258190565605e-07,352.9327257663859,12.73808005514036,2.4975540657053723,60.62945785948892,274.3720474243164,738.9860382080078,277.9129994710286
1766,3.8479955685754934e-05,344.3444397422992,-1.1861537843352074e-07,349.3806450006132,12.760079050306397,2.484408321807168,59.85878462626717,274.39205169677734,739.8310852050781,277.95800018310547
1767,4.120294710262103e-05,344.33200891044385,-2.082835233706759e-07,349.61609899642303,12.745703960584418,2.482742877953473,59.89102690050866,274.4260508219401,740.7289835611979,278.0169982910156
1768,4.362080581410591e-05,344.3480965086941,-1.0305488598437876e-07,362.65368482709385,13.266403234135954,2.585377496021171,62.365825552982606,274.4470469156901,741.2220560709635,278.07799530029297
1769,4.601851196139021e-05,344.25672970650754,-7.175073885796745e-07,355.02541845168975,12.857850792574183,2.542757581499459,60.95040360500106,274.46805063883465,741.7470499674479,278.135004679362
1770,4.845530624147954e-05,344.3023118759867,-4.1983888863571953e-07,355.3605475565106,12.898918215849813,2.551004694202496,60.96602720867275,274.4950485229492,742.301015218099,278.1939977010091
1771,5.085406344763853e-05,344.2391549918792,-8.43150807813171e-07,347.8619882938519,12.62324271414712,2.4564243021424623,59.42424032933085,274.51305135091144,742.8711649576823,278.2700017293294
1772,5.329839078987125e-05,344.28579547830714,-5.351154489921091e-07,344.613473832749,12.524007465440606,2.4318788124626445,58.72495294608385,274.53104909261066,744.0189666748047,278.33399963378906
1773,5.5737871791844334e-05,344.34149565717416,-1.570382119684542e-07,345.7768090889352,12.46738959491484,2.4375705286194296,58.916568849809806,274.5470504760742,744.6629842122396,278.41199493408203
1774,5.8143202113613994e-05,344.311053147497,-3.553073548325338e-07,358.1035850352457,12.783902569664896,2.5289119722989657,61.31335787055999,274.5650456746419,744.8780721028646,278.49099985758465
1775,6.052060042549825e-05,344.19502861342977,-1.1376037753833025e-06,355.04717285558434,12.869291157860507,2.497313042888125,60.54083046418634,274.57904561360675,745.3670603434244,278.58600362141925
1776,6.29804342727266e-05,344.22292867007457,-9.62168111971269e-07,348.8985525123486,12.407416689395562,2.4666720786648364,59.38114479685163,274.5940475463867,746.0480702718099,278.68299865722656
1777,6.53902037233393e-05,344.19938485591933,-1.1215425709879776e-06,357.54536101292035,12.934583487331036,2.521353634336916,60.89349007083899,274.6060485839844,746.7369181315104,278.7739969889323
1778,6.783764836903914e-05,344.22491132829657,-9.523658214326659e-07,362.7554134630877,13.207516945052584,2.560565943809508,61.78348694597739,274.6180470784505,746.7510579427084,278.86599985758465
1779,7.02529529868436e-05,344.21289250542327,-1.0314595398657325e-06,355.9261715181252,12.696989996519427,2.5037124487048943,60.500814881249,274.62904866536456,746.9070231119791,278.9590021769206
1780,7.266877053562417e-05,344.1899768764433,-1.186413383927386e-06,361.61404216072185,12.7150642102733,2.545624084919035,61.61859566014493,274.63905080159503,747.2310638427734,279.0540033976237
1781,7.501217787350634e-05,344.0621030423504,-2.049994513382691e-06,360.0900538628948,12.877900016737586,2.5510926411828296,61.19330647262292,274.6470464070638,747.7660471598307,279.14499918619794
1782,7.754598621387028e-05,344.1561910359121,-1.4305640077357613e-06,356.04655462228243,12.46113467516462,2.5181732450692373,60.48572145305894,274.654047648112,748.2900187174479,279.2430013020833
1783,7.995155170167437e-05,344.1581220782615,-1.4120119756547894e-06,354.28692425367274,12.444383333723518,2.5134612747885146,60.10171272373322,274.6580505371094,748.6270294189453,279.3399988810221
1784,8.240594197476147e-05,344.1893197591495,-1.2001155335849475e-06,350.5694962640399,12.597517209391116,2.4783164405613816,59.21225989324307,274.66405487060547,748.9340260823568,279.4340006510417
1785,8.485902461670991e-05,344.2281030626237,-9.351779815423201e-07,356.805125351722,12.552481929134778,2.5291906045378845,60.494479362546464,274.6690495808919,749.2520395914713,279.53200276692706
1786,8.722376673669401e-05,344.17306768395935,-1.300578794301337e-06,354.20587729579694,12.567811101205406,2.5238744052770934,59.91468240707549,274.6760533650716,749.5639801025391,279.6290003458659
1787,8.965113203116024e-05,344.15256259230273,-1.4427344603785075e-06,358.7933682521366,12.760916940517928,2.558671151927712,60.75335707654267,274.6780471801758,749.6690826416016,279.72900136311847
1788,9.209971516507218e-05,344.1642141996657,-1.3676695391941097e-06,371.3570923496072,13.26480759400037,2.648030358272221,63.12433046674855,274.6770477294922,750.1610209147135,279.83099873860675
1789,9.442010689514334e-05,344.0639710189496,-2.0424646697304634e-06,363.4416445787676,12.846261379798044,2.597817353803489,61.63229237950748,274.6780522664388,750.6470489501953,279.93299865722656
1790,9.694182811508342e-05,344.11179193430667,-1.7308314722268653e-06,364.880216392627,12.93202741114948,2.6055361625440803,61.84599180813865,274.6770528157552,751.1640370686849,280.03700256347656
1791,9.927890959514964e-05,344.0455055722232,-2.175273489098275e-06,356.6583861664455,12.639418553071096,2.5655352132834346,60.21873920423577,274.6740468343099,751.7080535888672,280.14099884033203
1792,0.00010180016088414845,344.0987399861907,-1.8231904976953506e-06,354.25153761087523,12.652724960740573,2.555885905296148,59.70568574139235,274.6740468343099,752.2780151367188,280.2409973144531
1793,0.00010429826632667039,344.17329253656635,-1.317602640515674e-06,353.37230933667234,12.47524671461044,2.5493745985836123,59.58493949599902,274.6590525309245,752.6820678710938,280.33199818929035
1794,0.00010666383399281271,344.1505960401469,-1.4615753967386403e-06,365.721914030605,12.816348771677823,2.642660372712238,62.03822453198564,274.64805603027344,753.2520446777344,280.41500091552734
1795,0.00010895750944450654,344.0398238446726,-2.207082332939708e-06,362.19212268926736,12.872587872512922,2.6101635634209632,61.24273214189555,274.6310526529948,753.841064453125,280.4919967651367
1796,0.00011148349387475021,344.0713639650837,-2.006133991507495e-06,354.4783029356138,12.315862419925484,2.568822151347849,59.864242428463136,274.6150538126628,754.5180511474609,280.5549952189128
1797,0.00011387485732394137,344.05359223845915,-2.125975344329422e-06,363.54823719908,12.944413187522116,2.640239462115646,61.4713769474247,274.60105387369794,755.2560729980469,280.6230010986328
1798,0.00011636467983393559,344.08874836343233,-1.8911852391882384e-06,367.6501027985187,13.189856964098109,2.684800165763159,62.19763902639178,274.5840530395508,756.113047281901,280.682004292806
1799,0.0001182562477597572,344.07963961080566,-1.9494022113776416e-06,363.4860469038741,12.753675747091163,2.661313715429832,61.49623019706863,274.57004801432294,756.9420471191406,280.7529983520508
1800,0.00012159715885131269,344.03366006941945,-2.259006267789745e-06,365.8466368441075,12.703711090289811,2.6985937954486108,62.00320914073126,274.5470504760742,757.7620493570963,280.83399709065753
1801,0.00012343642946258514,343.9392661046784,-2.8993694209126638e-06,364.9170683864809,12.881578210075109,2.688431218390064,61.665647788634544,274.5320510864258,758.5840606689453,280.9189987182617
1802,0.00012608510862225947,344.0399333275411,-2.2328027251418357e-06,362.9627075069397,12.530332506560097,2.727330113471008,61.32615659022455,274.52305094401044,759.507069905599,280.9939956665039
1803,0.00012844295957597628,344.0310492807587,-2.2855791687801207e-06,358.65077997506035,12.394980154563765,2.67587199588858,60.404341817460505,274.5050506591797,760.508046468099,281.07299550374347
1804,0.00013093912049181675,344.0682165969896,-2.034090334062843e-06,359.52869597563125,12.71613281455242,2.6917820167323114,60.36470274902327,274.4860483805339,761.5410817464193,281.15699768066406
1805,0.00013336866811476357,344.08308483117617,-1.9297659831638374e-06,364.30370432998336,12.62431267799198,2.7297852284332054,61.31991145746931,274.4660466512044,762.6710561116537,281.23399607340497
1806,0.00013569513718741965,344.03212826398703,-2.2700276615592782e-06,364.3432293357412,12.734325994930348,2.7363256272318086,61.22344968188294,274.4470520019531,763.7990773518881,281.32200113932294
1807,0.0001380950785449476,343.9982430498625,-2.502610819376687e-06,367.234932813752,12.831973358155818,2.7751216953268134,61.706469136452746,274.4280471801758,765.0220794677734,281.40900166829425
1808,0.00014058284554258364,344.01692130083245,-2.3817073509043506e-06,380.03527200344246,13.369384811449004,2.846709201622861,64.08195973155631,274.4110514322917,766.319081624349,281.4959996541341
1809,0.00014281428739817354,343.9181694268367,-3.046126320715499e-06,372.8486855412818,12.94143865973299,2.8018920476325544,62.71002212876877,274.38305409749347,767.6550801595052,281.56599680582684
1810,0.0001453863520372517,343.9540981381731,-2.8143286179692046e-06,374.7180119050739,13.012132843244911,2.82398353235988,62.97351665449524,274.36004638671875,769.1471150716146,281.6480026245117
1811,0.00014762611427609695,343.868458996339,-3.390247212492454e-06,369.2694863079116,12.871402399513393,2.803000630901314,61.82960599561912,274.3340479532878,770.7180430094401,281.71799723307294
1812,0.0001502155494383283,343.913791092942,-3.0937338642905816e-06,364.5806874718721,12.730963817667092,2.785422830614805,60.85746996681422,274.3040517171224,772.2101186116537,281.7899983723958
1813,0.00015275331574538767,343.9806005472143,-2.6418441173095157e-06,365.91388742059627,12.626185638831178,2.7962887210753067,61.13613019851266,274.26705169677734,773.7009938557943,281.8580017089844
1814,0.0001550691785964633,343.9514434652167,-2.830559597528263e-06,377.9855416791419,12.963790027634335,2.8937253673868346,63.49192822884616,274.2310485839844,774.828135172526,281.9310048421224
1815,0.00015733418733192777,343.8650577810326,-3.4129298180890413e-06,375.5806647955672,13.066021719780442,2.881174396667863,62.87157569872296,274.1810506184896,776.1400197347006,281.9919967651367
1816,0.00015983424532025326,343.8644875345543,-3.4260023808828896e-06,371.6298227687404,12.698183088806628,2.8945196297552065,62.14643251873565,274.14305114746094,777.3801574707031,282.0590006510417
1817,0.00016218936443312078,343.8283544035297,-3.672095946545949e-06,376.4429441283954,13.076546506230793,2.9394259653777777,62.94153100870699,274.1070556640625,778.9910329182943,282.1270014444987
1818,0.00016473141556822967,343.8623813072178,-3.4475851661298366e-06,383.9142096017897,13.497278072979814,3.00197823341283,64.26768048931984,274.071050008138,780.3030497233073,282.1999994913737
1819,0.000167084682442339,343.8402439216769,-3.594493476063713e-06,378.3325838344464,13.018464152385413,2.956182587777584,63.25758927353961,274.050048828125,781.4260508219401,282.27200571695965
1820,0.00016941571714101618,343.78930756061345,-3.939128557155267e-06,382.4197482792824,13.002182670483212,2.995581552829647,64.0766432984354,274.0070495605469,782.4270782470703,282.3460006713867
1821,0.00017166017376757563,343.69099013566927,-4.60687034254403e-06,382.8975341008877,13.235943672593384,3.0073087305857005,63.98744908758229,273.97004954020184,783.5681304931641,282.4150034586589
1822,0.00017441415589509483,343.7837095420357,-3.994530433566427e-06,378.6708004400731,12.715016778190462,2.99428323979268,63.22724653024458,273.9330520629883,784.9560546875,282.4769999186198
1823,0.00017672855017224193,343.7682653880447,-4.092538378360583e-06,374.3931813157347,12.632634916836032,2.994537839050356,62.26076437261461,273.8950500488281,786.2210744222006,282.54000091552734
1824,0.00017928566935844915,343.8127707090173,-3.792685624773048e-06,377.040711415511,12.995663056691647,3.0211119809130493,62.56343379800663,273.84704844156903,787.4750722249349,282.6179962158203
1825,0.00018166470836219564,343.8101034156458,-3.8059739193488925e-06,380.31674976188685,12.872461229997604,3.071614761914363,63.18578955390959,273.7860463460286,788.7140604654948,282.6759999593099
1826,0.0001839763389301125,343.7653991540965,-4.10578371979256e-06,378.8222655140124,12.847946558125464,3.0591930934332394,62.815941509777446,273.7280502319336,789.831044514974,282.6929982503255
1827,0.0001863580836288704,343.7313135674899,-4.339560488871696e-06,382.4773392117438,13.016080869656845,3.127305636807274,63.38999010724139,273.6770553588867,790.8700917561849,282.69299570719403
1828,0.00018883999786229277,343.7373017505977,-4.304073518057665e-06,395.9754324666183,13.520464298618515,3.2310008822057386,65.90535948629658,273.6410522460937,791.9830423990885,282.708002726237
1829,0.0001909818400952783,343.63285464979765,-5.00818519262323e-06,389.1746282041487,13.139440279288412,3.189500783985872,64.57289823663554,273.6020533243816,793.0000712076823,282.76099650065106
1830,0.00019362752960891283,343.66952386320804,-4.772379126562995e-06,392.1065328641397,13.264515054652378,3.406492166875057,64.94076179033591,273.5640513102214,793.9600270589193,282.8249994913737
1831,0.00019582692672985647,343.5978923651001,-5.254248987991724e-06,384.20125072452805,12.965550560574089,3.3168917025616285,63.33682174076503,273.5200500488281,794.8100738525391,282.8909962972005
1832,0.0001984537142515927,343.63744742918084,-4.9952182579502106e-06,382.363398002473,12.961496084798576,3.316047923811443,62.87089656141417,273.44404856363934,795.5789845784506,282.9219970703125
1833,0.00020100945796933543,343.69314682692095,-4.618286818437341e-06,383.4537927943128,12.827355939976549,3.342535309207534,63.06958370159948,273.37204996744794,796.1241149902344,282.96599833170575
1834,0.0002027951554234593,343.6673055401396,-4.785918049852765e-06,394.1429023376304,13.102359030322225,3.4371764833811347,65.10499264081507,273.21405029296875,797.0440368652344,283.0279998779297
1835,0.00020592407075169564,343.5657693989443,-5.470293741234276e-06,390.5551391819573,13.133551767620194,3.43109153314582,64.23544316564437,273.0790506998698,797.8309682210287,283.08599853515625
1836,0.0002080236976386486,343.57305781636717,-5.432010543334543e-06,389.978664389183,12.867133430325904,3.5606120619485004,64.08016333132153,272.9540532430013,798.1060129801432,283.1489995320638
1837,0.00021030339728224522,343.52382955030635,-5.765937158120443e-06,394.75650376781886,13.270384331682742,3.5905748734495657,64.82242714481194,272.87305450439453,798.1159820556641,283.19800059000653
1838,0.00021290788548761818,343.55901377849005,-5.5349451172359125e-06,401.2961870125921,13.605264977591048,3.6773493839788993,65.94724656685626,272.86605072021484,797.9370168050131,283.2530034383138
1839,0.0002152289903021951,343.53541334972584,-5.6919344789941435e-06,396.9116368644367,13.18858094627157,3.6804199625611256,65.11131218043978,272.8580500284831,797.9220987955729,283.3109995524089
1840,0.00021752789472280883,343.484440331363,-6.037030578631372e-06,395.88091618643386,12.8895445368548,3.7424452069524783,64.92298176034035,272.79905192057294,798.3870493570963,283.38200124104816
1841,0.00021973237916326778,343.39335571902234,-6.656179454690718e-06,402.3727418168372,13.43207834144722,3.826558744119807,65.9454451837981,272.68904876708984,799.0600840250651,283.46699778238934
1842,0.00022252136747389557,343.46467201973485,-6.187222466574318e-06,396.9951221368095,12.928627400551376,3.856907997872313,64.92167359416241,272.5820541381836,800.0011189778646,283.5279998779297
1843,0.0002243808185023074,343.4682884558315,-6.158841026245979e-06,389.73678087183737,12.63268139047172,3.8533093925905946,63.424060913522,272.607048034668,801.4921824137369,283.56600189208984
1844,0.00022792915719601074,343.5113314856342,-5.8674435698245475e-06,392.7074417140548,13.024345477938166,3.976687412934379,63.76245430030204,272.6480534871419,803.6190745035807,283.60899861653644
1845,0.00022982489774588496,343.5097440035968,-5.8732035047404296e-06,397.85005599568376,12.999929821414131,4.15428124651865,64.68556723249593,272.6400502522786,805.6650695800781,283.7249959309896
1846,0.00023208926412146097,343.4632201373199,-6.185093665141103e-06,395.9082621735635,12.972553554670752,4.138125135238822,64.24405152639606,272.73004659016925,807.2559560139974,283.8470001220703
1847,0.00023445325660949968,343.4279892746236,-6.426742685792856e-06,402.9851574748714,13.271530276425436,4.301750207921762,65.44362075203811,272.8130518595378,807.9369812011719,283.9359995524089
1848,0.00023692166572085007,343.42522127869233,-6.45038951913088e-06,413.5582929452125,13.6475822359264,4.401966128843545,67.39824375327751,272.88504791259766,808.092041015625,284.0679982503255
1849,0.00025575897590354577,343.3270524737156,-7.113151618558433e-06,408.9399341234632,13.424114595690698,4.442860300051104,66.42707154065786,272.95404561360675,808.2150014241537,284.20699818929035
1850,0.00038143335892218644,343.36681915843917,-6.856138254531669e-06,411.4628743194825,13.456576847229837,4.544463775546904,66.78304875030415,273.0210469563802,808.2490285237631,284.3169987996419
1851,0.0005153791880776565,343.6668763277338,-4.834983425514066e-06,402.2448152541545,13.172439920844475,4.5065997179040895,64.9500465918497,273.09405008951825,808.4141082763672,284.4510040283203
1852,0.0005544457589538752,343.839214582356,-3.6432157991450166e-06,397.4985199915501,13.001819323507366,4.548173376622195,63.95789986488204,273.1680501302083,809.1631317138672,284.59800211588544
1853,0.000577193943086545,343.9364804276586,-2.960970288859134e-06,400.3388041437756,13.034253236711525,4.645593816185576,64.44555417814735,273.26405080159503,810.4040578206381,284.7309977213542
1854,0.0005997520786902021,343.93565758256153,-2.948137664770368e-06,413.399131509534,13.421990057867442,5.062418700342138,66.79469521937582,273.36304982503253,811.7321421305338,284.8459981282552
1855,0.0006224310090080379,343.8198415436211,-3.722468043358447e-06,408.11045388038974,13.373651283699798,5.055876658386677,65.65156397841133,273.47004954020184,813.3320363362631,284.9409993489583
1856,0.0006456304382178987,343.8530064805607,-3.5094916746730923e-06,404.8549167301799,12.946146656322552,5.188552235176194,65.04253470413643,273.5780461629232,814.7961222330729,285.04899342854816
1857,0.0006700941310213846,343.8094250788667,-3.802623953981621e-06,414.6731918454804,13.660998095817272,5.285746479984215,66.72779876959439,273.675048828125,816.4521179199219,285.2039998372396
1858,0.0006938407155112795,343.8475207898722,-3.550541976283134e-06,419.0140236088295,13.9294510182842,5.3613428075002,67.47060376347301,273.7560501098633,818.3551279703776,285.3690007527669
1859,0.0007180440705945497,343.8349509950133,-3.632567965909216e-06,416.2997484931252,13.531486507079054,5.522088205892609,66.95694733909333,273.8950500488281,820.3960774739584,285.5449956258138
1860,0.0007424199184412631,343.76803559084044,-4.083611630568826e-06,416.0639965860974,13.338568923855494,5.787726354552483,66.84953492841794,274.0560480753581,822.3121185302734,285.73899332682294
1861,0.0012728541823840214,343.68934422745934,-4.6205417886155715e-06,417.2441372168871,13.667803666757012,5.933301365192519,66.88575551122409,274.24004618326825,824.3991902669271,285.9330012003581
1862,0.0013335757250384783,343.79231151264946,-3.937598485985683e-06,414.16280656087633,13.27771597474367,5.943503850094243,66.35896016165403,274.41604868570965,827.0292002360026,286.1000010172526
1863,0.000888283194873505,343.8006212802107,-3.874086943759217e-06,408.1224194075052,13.044741272187805,6.119347249550137,65.00963540040021,274.571044921875,830.1662139892578,286.271001180013
1864,0.0009144776621597968,343.84753066618975,-3.555087738057458e-06,411.3310642864957,13.42555248261248,6.376488796870201,65.39906664161046,274.7200520833333,833.6041412353516,286.44200134277344
1865,0.0009407790029823068,343.8468253665294,-3.553991064604413e-06,420.4890049801762,13.656138439945162,6.64379561561145,67.10347351160692,274.8800430297852,836.8942057291666,286.6139958699544
1866,0.0014730760507848818,343.8107207754483,-3.795408537254698e-06,417.1011849314015,13.57734060635964,6.765960834568206,66.37528156013664,275.0480473836263,840.3622080485026,286.78099822998047
1867,0.001535043849145944,343.7840824980631,-3.978016682167117e-06,424.2969752987472,13.897618510058097,7.119763794229744,67.66026448741948,275.2130482991536,843.9951222737631,286.9550018310547
1868,0.0010913716171359702,343.7929517016743,-3.92205625415751e-06,434.930228259825,14.331588558352989,7.325189710974375,69.64729381366908,275.3910446166992,847.2491251627604,287.10500081380206
1869,0.001119921239827733,343.69895398343914,-4.5551521709811385e-06,426.4036167290826,13.94409189653389,7.571114078764871,67.9294955911712,275.56104787190753,850.1300862630209,287.2249984741211
1870,0.0016540266022637723,343.7642854912684,-4.125058322613306e-06,433.2287624497814,14.20074407011024,7.762947987099056,69.12187693609928,275.7200444539388,852.4350077311198,287.3549982706706
1871,0.00171734270750248,343.6931795838088,-4.599999710187553e-06,425.1606513202936,14.02316495520306,8.019553553652756,67.42862357960736,275.9030456542969,853.9930725097656,287.4940007527669
1872,0.0012762703462788876,343.7589068105069,-4.163691130830424e-06,417.7442733570141,13.725273260938083,8.48727315533725,65.84553711122807,276.0780436197917,855.2329915364584,287.66399637858075
1873,0.0018119891631101762,343.8340495427833,-3.6528290862367837e-06,429.2802890411377,14.156463683462135,8.932963275339493,67.99437045089431,276.2500483194987,856.1681976318359,287.8600006103516
1874,0.001876877209389237,343.8117622862968,-3.7936070646055093e-06,435.8041800080444,14.352255685607926,8.75070146459621,69.34908007240699,276.41605377197266,857.820078531901,288.0609995524089
1875,0.001941944975258384,343.68770648881707,-4.628352302754736e-06,426.893495453106,14.16158404148277,9.09083843679748,67.4820885998621,276.5850474039714,859.4690653483073,288.29100290934247
1876,0.002008643050751384,343.76292099960483,-4.1346634440751584e-06,429.4805477313967,14.037110848208748,9.26618957848136,68.07266489194261,276.7350514729817,860.8591054280599,288.5199966430664
1877,0.00207491935815711,343.7139818062285,-4.4602557446212214e-06,434.0603459961696,14.496477320282102,9.510372735561647,68.7783807279057,276.8640492757161,862.3791147867838,288.7520014444987
1878,0.0021424084116373966,343.76425852289276,-4.125605870222573e-06,437.9599497693981,14.790857471244523,9.59766004197736,69.46979574102357,277.0020446777344,864.139149983724,288.9930013020833
1879,0.002210046136468326,343.77128813756383,-4.074209865747338e-06,440.8517590737373,14.607011947076726,10.093523219758184,70.08572001647862,277.13304901123047,866.2831624348959,289.2210006713867
1880,0.002277744299037302,343.66346732020673,-4.798230311594913e-06,437.365727538686,14.40860199170044,10.936322336520524,69.18788119083449,277.2650502522786,868.6961059570312,289.4699986775716
1881,0.002346096295959797,343.6332942966741,-5.01200608558129e-06,440.9737248225101,14.885095684041412,11.293506730684229,69.70896888997471,277.3740412394206,870.9841257731119,289.7369969685872
1882,0.002922740514663648,343.7411581447259,-4.2921022403290634e-06,436.0786301154982,14.484440945619417,11.738848201266975,68.75016748711803,277.48605092366535,873.2501373291016,290.0190022786458
1883,0.0030270361940327646,343.7711047014535,-4.0811752427081074e-06,428.2212034304951,14.270504913420991,12.254384026795949,67.06254475755776,277.59104919433594,875.6031494140625,290.26300048828125
1884,0.002627128239497207,343.8583556942222,-3.48777396146102e-06,436.5183491794865,14.80607458863925,12.467245528478312,68.59402326244992,277.6950505574544,878.148203531901,290.5119984944661
1885,0.0026979273427350865,343.82711057152255,-3.687322204913055e-06,438.1415385380004,14.757077388144165,12.570266226675043,68.94977818435397,277.7950490315755,881.0251312255859,290.7969970703125
1886,0.0032753961660135452,343.8238728988865,-3.709097711574262e-06,437.7333268549245,14.8946765949723,12.686263225278177,68.86926284379062,277.88504791259766,883.8392181396484,291.0999959309896
1887,0.0033826011767777837,343.81722048978105,-3.754188048737738e-06,443.1077381376516,15.17142122940599,13.190955216647929,69.79403942185417,277.9950459798177,886.9331359863281,291.4139989217122
1888,0.003490657757211443,343.8481390676197,-3.5467975158182203e-06,452.5023079705392,15.575101840595128,14.34215496072484,71.4272374400245,278.0800501505534,889.9262135823568,291.76300048828125
1889,0.003598732926247935,343.77254929008143,-4.052779356853971e-06,448.6908696327024,15.52671145957987,14.33482126267808,70.65718771639492,278.19104766845703,893.1561584472656,292.1130015055339
1890,0.003708992959045797,343.8582611392467,-3.482635129138833e-06,453.89903232867,15.791948531981674,15.43278649207452,71.47659716602703,278.27305094401044,896.3831837972006,292.45799763997394
1891,0.003822287364415829,343.81806325851755,-3.7465162928979158e-06,444.382731801162,15.579730291609284,16.026797541235865,69.53172190504567,278.3470509847005,899.6662648518881,292.8159993489583
1892,0.003938611577702704,343.90884011862613,-3.1374495975695425e-06,439.8086590465999,15.42330661793472,16.30684661199453,68.66391958974123,278.4420445760091,903.5341949462892,293.16699981689453
1893,0.004054535373309105,343.9803198641197,-2.647381333072541e-06,443.3506557921903,15.487544397540828,16.215991510549767,69.48705801909811,278.5540491739909,907.2741190592448,293.4769999186198
1894,0.004677444698377645,343.97581385442186,-2.6676622174196544e-06,456.69603250902094,16.058103476502154,16.796573244078445,71.90804380664727,278.68904876708984,910.4781341552734,293.7909978230794
1895,0.004830184295275186,343.85329462119034,-3.4899950254855948e-06,453.5518850499526,16.157372163559618,17.66577430948931,71.15178658195539,278.831049601237,913.2259826660156,294.0789972941081
1896,0.004479637494044966,343.9052846578536,-3.1518694801371165e-06,444.0944277814877,15.549146160517685,18.15088035932663,69.42267705803128,278.9390513102214,914.7710927327474,294.3649978637696
1897,0.0051062554879620385,343.92153274692816,-3.0406686283132883e-06,456.4122054736632,16.510755580021115,19.01112916061584,71.54673250412924,279.05104573567706,916.2742818196616,294.6459986368816
1898,0.005263662451057917,343.99947895749006,-2.5136194109124597e-06,456.6037673563168,16.74484506455168,19.98900756541145,71.45665951589594,279.16304779052734,919.0172271728516,294.9539998372396
1899,0.005422118653008338,344.0689585343425,-2.0370414032509904e-06,462.1035993919434,16.734826622895593,21.642463314519087,72.46072255843502,279.3080469767253,922.2811838785808,295.2999979654948
1900,0.0056188346938727506,343.9952133285468,-2.5237239032003395e-06,459.5444668504325,16.71573998916366,22.66210070818357,71.90656631461616,279.4540481567383,925.5521138509116,295.6749954223633
1901,0.019141559885760967,343.99263824730576,-2.5457614334441697e-06,457.6168305058551,17.086816972944238,23.51382736732285,71.63263161162581,279.61304728190106,928.800333658854,296.0069986979167
1902,0.03627691111792592,344.1317115901219,-1.6110509094130751e-06,455.0261768246298,17.013058292877986,24.163401119203183,71.24149846316587,279.86105092366535,932.7311604817708,296.3249994913737
1903,0.04165261993589013,344.1942881638255,-1.1757770654054426e-06,449.9625304110428,17.047268493429016,26.04768030432168,70.25376393283156,280.1560414632161,936.7834269205728,296.6539967854817
1904,0.04902197448470443,344.3292666498879,-2.562476775647802e-07,462.6217650299278,17.737432960200962,26.50752099131453,72.88437625246438,280.4320424397786,942.114267985026,296.95399475097656
1905,0.0632206256411242,344.3315914466351,-2.233922178354743e-07,467.44012883738543,18.2980148739324,28.1580284765171,73.70973521692333,280.70504506429035,947.4432729085288,297.28899637858075
1906,0.08462828954323853,344.35636003062166,-5.116381443725912e-08,466.4356478967891,18.41936116273716,29.48689883596641,73.46173851221981,280.98004659016925,953.0924224853516,297.6619974772136
1907,0.11130322751701996,344.40717131885776,2.9512234184489713e-07,480.3174563577665,19.46355752125633,32.47930467684103,76.00444514305916,281.27604420979816,959.1561177571616,298.0979944864909
1908,0.11095907322584007,344.5217905862785,1.078627821119321e-06,482.5826340091374,19.626144340779305,31.1328570372851,76.85623799627187,281.6110432942708,964.0852966308594,298.5179901123047
1909,0.13822069562626346,344.50327004831104,9.914994400143956e-07,480.6894687863213,19.84444900904337,32.691010925715105,76.44087709943787,281.9500452677409,969.3983662923176,298.93599192301434
1910,0.22081814596801635,344.65927068151314,6.081840349448493e-06,491.4713622185322,20.447254063280084,34.19279814080697,78.48124342715315,282.31404368082684,974.787089029948,299.37699635823566
1911,0.26181989396572514,344.7176303035861,1.188078769007321e-05,482.3736483687901,20.38225950415204,34.43465077956312,76.73370568501319,282.7210413614909,979.465321858724,299.82899220784503
1912,0.30081491445785885,344.8925234561225,1.56700295342496e-05,477.9889214580395,20.42827701388777,35.92235270992954,75.8316081908469,283.01904296875,983.6058603922526,300.3529917399089
1913,0.3601460112273101,345.11653221450536,2.3981505410066723e-05,488.2676034939648,21.198232288606768,38.08608969798272,77.57996159883326,283.36204020182294,986.2423197428384,300.9099934895833
1914,0.39593107850984377,345.4187744166864,4.052599011375922e-05,494.4978826289548,21.34701391680138,35.13405679461169,79.77807342879137,283.7160415649414,988.610880533854,301.4189910888672
1915,0.4434340023406934,345.6604162703552,6.59149132079441e-05,484.247684884698,21.293131630168947,35.09148717862071,78.35040062356745,284.0470428466797,991.4610799153646,301.9369888305664
1916,0.5596672324446405,346.2807119619703,0.00010207216380958311,482.95426600786,21.68369609875326,38.07157452770289,78.27985154770643,284.3120422363281,998.4538218180338,302.48498789469403
1917,0.6901960713303572,346.83582036241927,0.00013566459650238017,492.9600447524987,23.0041909467954,39.75198229077258,80.4548180697849,284.61504618326825,1003.570551554362,303.01098887125653
1918,0.755885588667644,347.4157352228195,0.00016393456401269198,496.242073076373,23.380211688926337,39.42498449874762,81.61294813978053,284.8050486246745,1010.1304473876952,303.44898732503253
1919,0.7665492186831563,347.76350367339046,0.00018506817905073389,490.9794171167238,22.75197625507395,33.93663047851452,81.67724386438958,284.8510513305664,1017.6303660074868,303.8139877319336
1920,0.7871618616246476,347.8773008302927,0.00019834715954762156,498.87459987539705,24.03917530124086,37.54682245999263,82.96992111207,284.92904408772785,1025.070327758789,304.24598693847656
1921,0.6769909977704313,348.2595050033957,0.0002179731827906297,486.6136241874396,23.474672096704147,32.04941278054283,81.18725519244387,285.03904215494794,1032.2003377278645,304.59998830159503
1922,0.6231693227462856,348.79842576577073,0.00025162506426284955,484.8273418444006,23.819843633161792,33.84898546620051,80.53069430512947,285.1700490315755,1039.1002502441406,304.9449818929036
1923,0.8633562369663331,349.44894328309056,0.0002920127900865773,514.2343951443905,26.32202242788179,39.38589958706581,86.27583424473677,285.467041015625,1045.1300659179688,305.27098337809247
1924,1.0821138055467905,350.2174356093781,0.00033626697998234326,499.0974143950571,25.587789988457967,38.982972280573016,83.21123114220697,285.6050491333008,1049.4500325520833,305.62998453776044
1925,1.1753106211561941,351.0006983178656,0.0003899626565166403,502.6957687586778,26.22160478298548,39.41628780998716,84.06174423454924,285.6520512898763,1052.1599527994792,305.81298065185547
1926,1.2627157609018538,351.78590443989924,0.00044146607523373196,499.041820374083,26.46434217472057,39.55611645919673,84.16877083488303,285.6920471191406,1053.600107828776,305.9539845784505
1927,1.3984152818291369,352.5878957700038,0.0004925274331842106,515.0910883833536,27.91811904950004,42.21370855415179,86.52753524964037,285.74005126953125,1055.7705688476562,306.17698669433594
1928,1.5932468955586223,353.54941206597994,0.0005633181785284845,515.8400889336957,28.145575293203123,42.06447172030944,87.11586336850812,285.8330485026042,1060.640360514323,306.3289794921875
1929,1.802703491243919,354.57031218775836,0.0006501933319561531,527.0535755087527,29.21456635771085,44.73465018561838,89.37670246877072,285.8910522460937,1066.6603291829426,306.49498748779297
1930,1.8193798821192735,355.7291126520972,0.0007511351192429716,535.0349028180784,29.041433054838983,41.51990606932174,91.59573862667057,285.9380518595378,1072.640116373698,306.6199773152669
1931,1.6632266919370076,357.05974396290935,0.0008616867510208255,504.89813450435264,26.95423625858755,36.63913266166543,86.48531866506026,286.12404378255206,1077.490224202474,306.82198333740234
1932,1.4670619469560042,358.99875849045645,0.0009784562463440378,510.1823315036154,26.74457594512289,32.251895421366335,87.9072537284969,286.22204844156903,1081.960225423177,307.09297943115234
1933,1.3738421965604952,361.21453669636105,0.001107394967624439,508.1160120584264,26.61269602790784,33.93713756563494,87.73926442282286,286.37105051676434,1086.5403340657551,307.40198008219403
1934,1.4864816625730244,363.72932819283295,0.0012606301268080792,528.0331660089164,28.25939192143621,37.30163266035201,91.49703968423375,286.4670486450196,1091.7702941894531,307.7849833170573
1935,1.7896516313335056,367.0290123438681,0.0014563586206438744,529.4409406291938,28.836652455946016,40.09333853070194,91.90214074154562,286.58704884847003,1097.08012898763,308.2269795735677
1936,2.2118341715749157,370.7507281627537,0.0016851883171560321,550.0398548533171,30.75030733480719,43.12786142043625,95.83484543323485,286.7470448811849,1101.830301920573,309.01197306315106
1937,2.6650713101946515,374.7704869614297,0.0019225734610724813,550.6109419060176,31.4518479578782,46.39105112796913,95.84567433043011,286.9510447184245,1106.3199869791667,309.7639745076497
1938,3.0848451847280196,378.7424558161889,0.0021641472000166325,535.4268484555511,30.00000650910028,43.01883965710126,93.2370606174549,287.19104258219403,1110.6307983398438,310.2939758300781
1939,3.5319236302869395,382.755635542081,0.0024281879339903205,554.5379171230255,31.64022958212725,45.9488545379652,97.34535423251212,287.38704681396484,1116.909678141276,310.8509750366211
1940,3.8987231727838765,387.48419695833115,0.002738442845675165,550.4654056455058,32.71883330406874,50.23977106039386,96.49612886832482,287.6190414428711,1120.1201782226562,311.35697682698566
1941,4.468960409890045,393.49476248696385,0.0031205466253962848,552.9500650768001,33.48198015439874,52.14654754131045,97.09407345232208,287.86404673258465,1123.2405090332031,311.8109741210937
1942,5.5260309757759964,400.4651216085688,0.0035840166003112575,560.1841861089208,33.980486342872055,53.32090163909221,98.65719695401302,288.13805389404297,1128.1901550292969,312.17197672526044
1943,6.941954958495258,408.6874555185933,0.0041308855837529,561.0185502959332,34.96119084124996,54.13624125624317,99.4863464447604,288.7810287475586,1132.66015625,312.3899790445964
1944,7.141584314478596,416.71575469446725,0.0047110656446727826,569.4275578497453,36.03881655583992,53.073505040535714,102.00830515112276,289.0000508626302,1136.2700602213542,312.41297149658203
1945,5.294745783898361,423.5040802408238,0.005398898061292975,562.3881403027648,35.50969960167764,46.7569020311827,102.38686289278726,289.22704060872394,1139.32036336263,312.38497670491535
1946,4.216100289926143,430.01689480063203,0.006223498111994036,555.2899629515077,35.50602086858594,46.202503687994174,102.65818348678006,289.42704518636066,1143.6604919433594,312.38997141520184
1947,4.78460261448562,437.0341604834248,0.007099167629877285,563.4037753734774,37.73867603450445,51.876230112361256,104.1573676076626,289.5110448201497,1149.6402994791667,312.48597208658856
1948,5.382329756580519,444.92858716840834,0.008024635413048542,586.5360800457117,40.05786821748217,54.2400156975523,108.09641738801687,289.5560531616211,1155.6301676432292,312.5209681193034
1949,5.558610769821168,452.99933689861325,0.008976219831812005,588.4410386834926,38.96806771197776,52.31608637500197,109.1544257771438,289.5980504353841,1160.3499450683594,312.63197072347003
1950,5.796669813279552,460.65693892581936,0.00996300196692961,619.9439709148871,43.133465347661485,58.20628819753501,113.85984719531824,289.7390416463216,1163.8205668131511,312.8209762573242
1951,6.497206616196154,467.9689156248136,0.010973284812727899,593.1994505844021,43.19932780037668,60.663231512792365,109.0909544187218,289.8600540161133,1168.8101196289062,313.01397196451825
1952,7.216033537658696,474.9169934578271,0.01203835021842695,606.9563399935745,44.29775813127395,61.4498930861673,112.61821090484104,290.0250523885091,1174.3108825683594,313.3419774373372
1953,7.773539774596465,482.4566040963268,0.013242620353777148,623.9750547982311,46.15027419486882,62.68709013819596,116.77653779023557,290.33404032389325,1183.3606567382812,313.72996775309247
1954,8.305627149037726,491.1188339072843,0.01461510856170402,628.9096635314064,47.14223946545323,63.10483375289556,118.7896928573186,290.5480499267578,1194.4306030273438,314.09496815999347
1955,8.732748213555535,500.2789584528489,0.016179904016568603,641.3267253315221,50.45064783117852,69.00315621483612,122.54258151361353,290.8440450032552,1206.65092976888,314.4149703979492
1956,9.098241888717677,510.78155839319345,0.01796840953681732,673.8062290292883,53.89237305648906,74.12190737350447,129.82302004314178,291.18704477945965,1221.1007995605469,314.6979675292969
1957,9.324989909198148,521.8436064272212,0.01993143753459189,695.9496130566932,56.5021551728775,77.62640658359288,135.59152056062854,291.51204172770184,1235.8001810709636,314.9919611612956
1958,9.574622365144073,533.2910922733098,0.021999999082969925,661.285485841322,55.97930462125906,78.56142199356961,129.20858361180427,291.7720464070638,1247.4204813639324,315.344965616862
1959,10.09971719150434,545.6799629139846,0.02425538707100089,665.4367222123257,57.53015334391428,82.51022591859517,131.21049744121555,291.9870427449544,1257.3200785319011,315.8069661458333
1960,10.901594210298827,559.2924572997395,0.026848796512598527,668.5656629833454,59.57552345381066,85.80760420569459,133.33681491027784,292.2830454508464,1264.119873046875,316.62496693929035
1961,11.800112930955947,574.3237854841514,0.02984568141434622,701.0053452576341,61.54958481798603,96.59080751826748,143.56526348207862,292.602045694987,1269.4615275065105,317.29896291097003
1962,12.782336868990113,589.9960802582965,0.03330582507989371,678.8492233714484,63.50039853408268,98.59311393203902,140.1058920148071,292.9450378417969,1282.5712890625,318.0439631144206
1963,13.714789059017656,607.782634309239,0.03732560820653486,741.3196016175318,67.40220069384505,101.67847108515984,156.13095399196706,293.3270492553711,1300.79057820638,318.64996337890625
1964,14.509756351319037,626.1015228260378,0.0419176027551519,689.1114600087734,69.79921330180835,105.49869079223198,146.45477556142896,293.68504842122394,1317.3704528808594,319.3329620361328
1965,15.395566158269618,646.9912875016819,0.04707829472527227,709.3122962703268,72.53323808388623,107.9591805044858,153.40539119426893,294.0450388590495,1331.060282389323,319.81596120198566
1966,16.478926167550433,670.2440154897861,0.05283791361487175,710.941466458106,75.04521589509099,110.36645496630516,156.4949809106804,294.4530436197917,1342.2405090332031,320.8799565633138
1967,18.06123501541722,696.3901862200338,0.05929226718718666,746.2098208746951,79.47428379478379,109.35519326684204,164.77531621039864,294.86004638671875,1354.2715555826824,321.4799575805664
1968,19.727390107647985,725.0820858086796,0.06651796546140706,740.4824182303034,83.46364336032607,113.55959768195832,165.09570877308497,295.2690455118816,1371.6504618326824,322.3889567057292
1969,21.229603712489684,756.8518636014909,0.0745404902696381,747.0297315350706,85.61259582540912,116.75347887979434,169.68157132242786,295.68104298909503,1389.3417561848958,323.25095621744794
1970,23.090875461400863,788.8998852690806,0.0832810260973534,781.037552297546,91.39020745252596,122.86787802343206,179.6859546683907,296.09803771972656,1411.1005147298176,324.78295644124347
1971,25.289990428101504,824.6305718209587,0.09277261062474795,796.2029425301106,93.99546396102052,123.2413270963095,183.53555789915328,296.5220438639323,1431.1209615071614,325.3999557495117
1972,27.56562672856689,865.1952307465156,0.10324040063811214,868.4735707547015,99.31304653589834,126.7324978756456,196.66552470793948,296.95503997802734,1449.290018717448,327.3489532470703
1973,30.06858708520184,910.7089412773469,0.11486046764825099,826.0293132269293,102.61034748182163,132.4288265395,186.52593193281965,297.399040222168,1462.8606770833333,329.90895080566406
1974,33.0693818151466,960.2106618270808,0.12717650331167785,824.6214022160059,102.07597772266304,130.53960340695352,183.6005250821906,297.85504150390625,1476.1409098307292,330.7559534708659
1975,35.03863265268844,1008.4220534046465,0.13945053230765836,816.9194858581777,101.05436634134072,128.16559132593756,177.51306730736252,298.3260447184245,1491.740966796875,330.8269551595052
1976,36.92881728778884,1058.3777064707988,0.15155273378825873,856.063491529847,106.04776773719762,134.0976168733828,186.247427298102,298.81404368082684,1509.1109517415364,331.5449498494466
1977,40.51529593041882,1112.6062088227802,0.163472171609345,868.4313096928761,108.58561919463652,135.3432377512975,189.2255322560173,299.3190358479817,1527.6809488932292,333.3529459635417
1978,46.879880224703705,1167.1139597774818,0.17481430983374552,897.405148357044,112.559632775152,135.83417396469358,192.93479554653743,299.8450393676758,1546.8908996582031,335.00994873046875
1979,52.90907031366791,1216.383238320471,0.18537851538584801,900.4664227016348,115.0059618980382,138.02440074525126,196.0169028731842,300.3930384318034,1566.1608581542969,336.60494740804035
1980,56.024639795141695,1261.4574211537781,0.19592469312458574,890.5114951943987,114.18617964344467,137.3534112392945,194.39124204024887,300.9650395711263,1584.9407348632812,338.70494588216144
1981,57.88153539694616,1303.8423149619532,0.20661087599012823,875.7816094417443,112.05454255022292,133.16990108345564,189.168613859002,301.5620346069336,1602.6506245930989,340.05894978841144
1982,58.13144571608959,1345.0315291216618,0.2172299971915611,967.4292982868149,112.18814146211471,130.86045303509695,206.8844647776702,302.1870422363281,1618.7305399576824,340.6439412434896
1983,59.027988588202135,1384.7969203579075,0.22760702665383922,862.0214943304857,109.32740265686684,128.90373447756497,183.83582233478344,302.842041015625,1632.620147705078,342.26594797770184
1984,62.724787808055716,1428.177096187883,0.23886776840543422,889.7020107049092,112.74249172600256,130.4163406761621,189.3335257314472,303.52803802490234,1643.5008544921875,344.00794728597003
1985,66.76053519278715,1474.0167663425236,0.2510887483045112,906.9368199480392,114.50513698657949,130.744205181854,190.4568856663394,304.2470397949219,1655.9104715983074,345.4589538574219
1986,69.30618674785953,1522.0921373541923,0.26398170013346506,914.5218093193048,115.76976299657072,130.75455769844152,195.66522346659664,305.00203704833984,1668.7911478678386,346.902946472168
1987,73.38809032196068,1577.5919378700553,0.2789504913950248,952.061149189977,119.6837540856174,133.23433411785436,203.585170051448,305.79303487141925,1683.7497863769531,348.77494557698566
1988,78.30192638340122,1634.8849614601877,0.2938568854250046,950.4151874289804,124.14956034787264,134.3653494746133,203.53222760721053,306.62404378255206,1693.940928141276,351.2759323120117
1989,81.97759655801127,1686.1383821878917,0.3060004621589292,930.8467754620428,125.2678309615888,134.41616789400453,200.31650520357337,307.8310241699219,1705.6304423014324,352.89392344156903
1990,86.43828009297768,1731.8299216857667,0.3156131051133367,940.5626313485474,125.6585787017536,133.9791277858574,203.0212309920509,308.6830368041992,1717.4006754557292,354.07293192545575
1991,90.76810567451828,1763.256834223561,0.32357769545700554,1129.9838832525568,130.37284760058986,132.7375511716136,244.42863411026067,309.2330373128255,1729.330556233724,355.35293833414715
1992,95.25348824400476,1770.3468143353232,0.32897691325701645,913.3754185979066,127.16935207081686,128.2477767678287,198.23847301394608,309.7250391642253,1740.1392618815105,356.22894795735675
1993,102.1051158008091,1766.1872845646162,0.3322378182331923,941.8816353260038,130.5411331632924,126.19423016578818,203.77578316226604,310.0990524291992,1743.1006876627605,356.9249598185221
1994,115.58981185236654,1755.6421384336045,0.3350433653240154,1060.282744333416,132.2742148031943,123.44841524770855,231.0503542937696,310.8080291748047,1748.6203715006511,358.2539596557617
1995,133.04730573748157,1736.415260676618,0.3380713195550624,955.0363061603086,132.86227726455786,121.082118475163,206.47424846775004,311.27905527750653,1755.2296244303386,360.2389551798503
1996,150.14517149703778,1719.3524978194944,0.34027095694233855,930.0218807197676,132.86156898475696,119.11420647057,200.87242078907184,312.2980194091797,1757.1905924479167,362.0049616495768
1997,168.64581548615578,1711.7871659604207,0.34155558986644446,1204.992305406782,137.60108692085606,119.55004809486935,264.67515030448345,313.1830317179362,1761.5010782877605,363.25195566813153
1998,185.09448617568043,1693.8248002492928,0.3427992582658602,1085.4305991966446,139.05131879594606,117.02616704771498,232.31801820181303,313.9070053100586,1770.2906799316406,365.9329554239909
1999,205.91365433352522,1671.8767175858952,0.34381675746677776,940.7006779859272,134.49403000396697,110.87411893093665,205.11187816433736,314.708989461263,1778.1995137532551,367.84497833251953
2000,234.37437394510386,1647.7268803157963,0.3447234846975483,886.5647302341199,135.53333671603502,111.14860426813186,195.3241581852736,315.75899505615234,1778.0101216634114,369.1249745686849
2001,248.68704043063298,1628.2403765523643,0.3453679329072778,881.6703955806449,135.9063122061387,111.9237248560712,196.1877828105409,316.4930165608724,1776.530731201172,370.6729888916016
2002,255.34881073931024,1615.3893139040542,0.34563455409221944,970.72441719435,137.61957033828926,111.20156334370368,218.4604141242816,317.10101826985675,1778.960947672526,372.83499399820965
2003,275.7549483686752,1599.353726728329,0.34565436024198837,944.7470786126372,140.19264588940948,115.10387816360677,214.40339143057145,317.7300059000651,1783.589813232422,375.41099802653
2004,309.16178838419023,1585.635083551926,0.3457598853437025,945.5469500687324,146.35020127536953,120.49372604696684,216.68728340618875,318.35701751708984,1784.2302856445312,376.9870020548503
2005,328.6135891675029,1572.9355955435985,0.3459621615183904,950.5924444363928,149.84999473507474,124.9806757834322,218.7880647839753,319.13000233968097,1783.3604329427085,378.9070078531901
2006,336.1940209824151,1561.903012624568,0.34614198049803135,986.1510088892476,153.1895927730249,125.89628423514212,229.8954395164696,319.93299865722656,1783.4212239583333,381.0100072224935
2007,353.9134235127122,1551.7370574283814,0.3463969592178052,945.8695944358408,158.0892750492312,125.08757397121607,219.70587066030023,320.6460138956706,1788.9513142903645,382.6030197143554
2008,357.0181328683714,1536.703461154784,0.3465893977252893,912.5104843071592,157.7746659619008,122.36065090038171,214.69549502704012,321.5749918619792,1798.4196472167969,384.739018758138
2009,377.9045058876234,1521.360569242898,0.3466802144778828,917.7292309352042,152.67707470576568,117.25939145993684,218.758114337086,322.2750066121419,1802.1011861165364,386.28002166748047
2010,423.35882999103825,1508.3227153032874,0.3466505468333811,953.2286302920016,155.4203535230228,116.3174480659564,224.60211210242653,323.14099375406903,1807.8506673177085,388.7170308430989
2011,435.66631665184997,1497.2438452058095,0.34633932504114356,906.7673675143252,159.27619314722682,117.48575892006976,218.62875398112044,324.1589838663737,1813.0701904296875,390.9440205891927
2012,484.9748417477263,1487.925528733148,0.346194155224972,949.6022183538888,158.23998796825617,115.66957640847058,229.10693623998705,325.00499216715497,1815.26123046875,393.0159912109375
2013,506.22333751570994,1475.1798486549696,0.34591168130162453,901.2387566412424,156.0375564856313,114.64817742063164,219.3811792508812,325.9189910888672,1822.580841064453,395.724978129069
2014,494.56202107282417,1462.3546957866488,0.3453380073683515,964.047618150183,155.64022547015048,114.0086622048385,233.52551800560903,326.9879913330078,1831.4709981282551,397.5469792683919
2015,539.3818238924625,1454.53750302797,0.3441476233575127,934.3498846847756,155.52045002194478,100.77116698064656,227.2448193195332,328.1795959472656,1841.9212646484373,399.9493179321289
2016,594.6292058072686,1445.0598807997783,0.34234654959908367,938.7207093417516,154.98672397273424,98.25516759323436,227.88365487356864,329.0759735107422,1851.59423828125,403.1169637044271
2017,588.8408226485842,1432.6089258935442,0.3403953676284343,943.091533998728,154.4529979235237,95.73916820582215,228.52249042760408,329.781977335612,1875.3197021484373,405.7429707845052
2018,585.2328339615976,1419.071139840174,0.3382612395945145,947.462358655704,153.91927187431315,93.22316881840996,229.16132598163952,330.5289713541667,1893.0016276041667,408.5569661458333
2019,583.1494370511286,1405.052620523637,0.3359537209254716,951.83318331268,153.3855458251026,90.70716943099777,229.80016153567496,331.2759704589844,1912.561309814453,411.33996327718097
2020,582.1738512487614,1390.7459644104388,0.3334849809957949,956.2040079696562,152.85181977589207,88.19117004358557,230.4389970897104,332.0209732055664,1933.8615417480469,414.100959777832
2021,582.0279531418673,1376.2111650432653,0.3308660724934859,954.43366773578,151.34003304271528,86.52797595864325,231.1577172395328,332.7659734090169,1956.7713521321607,416.8429641723633
2022,564.4424625988914,1361.5806685522643,0.32795307874104357,952.6633275019036,149.82824630953846,84.86478187370093,231.8764373893553,333.50897216796875,1979.100962320964,419.54396565755206
2023,546.0677730952119,1346.8377850075367,0.3247902774814428,950.8929872680272,148.31645957636167,83.20158778875862,232.5951575391777,334.2469762166341,1998.770884195964,422.1819636027018
2024,526.9167625288621,1331.9821780554437,0.3214007706312068,949.1226470341508,146.80467284318485,81.5383937038163,233.3138776890001,334.9809748331706,2015.990743001302,424.7629623413086
2025,507.01417949188817,1317.0178206455703,0.3178034680601381,947.3523068002744,145.29288611000806,79.87519961887398,234.0325978388225,335.70997365315753,2030.920654296875,427.2909596761068
2026,486.3890158104267,1301.949857966252,0.3140154490175679,945.581966566398,143.78109937683126,78.21200553393166,234.75131798864496,336.43497467041016,2043.7305603027344,429.7689615885417
2027,465.0707692286352,1286.7837543739347,0.3100523793668332,943.8116263325218,142.26931264365444,76.54881144898933,235.47003813846743,337.1559753417969,2054.580403645833,432.19896697998047
2028,443.0877285381573,1271.5250211180858,0.3059286610732728,942.0412860986456,140.75752591047765,74.88561736404701,236.18875828828985,337.8729731241862,2063.5903523763022,434.584966023763
2029,420.46629180487076,1256.1790978407826,0.3016575379385845,940.2709458647691,139.24573917730083,73.22242327910469,236.90747843811224,338.58497111002606,2070.9202677408853,436.9269663492839
2030,397.23079670842867,1240.751283122194,0.2972511885387409,938.5006056308928,137.73395244412404,71.55922919416237,237.6261985879347,339.2939758300781,2076.670186360677,439.22596740722656
2031,373.40359122926037,1225.2466878908103,0.29272081123222743,938.2507577012976,135.95645887864873,69.94742428863175,238.27597448505512,339.9979731241862,2080.960245768229,441.4839604695638
2032,372.01074912874856,1210.864825722039,0.28821719584957844,938.0009097717028,134.17896531317342,68.33561938310113,238.92575038217552,340.7019729614258,2084.900349934896,443.6879653930664
2033,369.5874130874191,1196.9122605127104,0.2836981350035615,937.7510618421078,132.4014717476981,66.72381447757051,239.57552627929596,341.40797932942706,2089.540405273437,445.8269627888997
2034,366.5224842852837,1183.1670268325279,0.2791599960479516,937.5012139125128,130.6239781822228,65.1120095720399,240.22530217641636,342.1189727783203,2094.8204549153647,447.90296681722
2035,363.0310378162979,1169.5568628644437,0.27460467781588627,937.2513659829178,128.8464846167475,63.50020466650928,240.87507807353677,342.8319727579753,2100.7104695638022,449.9169616699219
2036,359.23420874539084,1156.057204650084,0.27003479619382365,937.0015180533228,127.06899105127218,61.888399760978665,241.52485397065715,343.54797108968097,2107.1705322265625,451.8709716796875
2037,355.2020926159564,1142.6587297291223,0.2654529121633189,936.7516701237278,125.29149748579684,60.276594855448046,242.17462986777755,344.2669779459636,2114.1704915364585,453.7659734090169
2038,350.9768259627626,1129.3569960656023,0.26086139743976083,936.5018221941328,123.51400392032154,58.66478994991744,242.824405764898,344.98997497558594,2121.6705729166665,455.6029764811198
2039,346.58503872269097,1116.149125898868,0.2562624175564458,936.2519742645378,121.73651035484625,57.052985044386816,243.4741816620184,345.7159754435221,2129.6505330403647,457.3829650878906
2040,342.04460180100045,1103.0327434936546,0.2516579404356963,936.0021263349428,119.95901678937092,55.4411801388562,244.1239575591388,346.4439748128255,2138.0606282552085,459.1069742838542
2041,337.368307681493,1090.0056362939463,0.24704975070903842,933.779296553001,118.01448111498318,53.83624568675696,243.7341923167742,347.1759745279948,2146.890563964844,460.776969909668
2042,335.0695038543751,1077.248476835035,0.24260382346527187,931.5564667710594,116.06994544059545,52.23131123465773,243.3444270744096,347.90997314453125,2155.850545247396,462.385971069336
2043,332.61050683596113,1064.7598044718334,0.2383051276292634,929.3336369891176,114.1254097662077,50.62637678255849,242.95466183204505,348.64697265625,2164.6605428059897,463.9269714355469
2044,330.0341271476888,1052.5293927956604,0.2341430402376149,927.110807207176,112.18087409181996,49.02144233045925,242.56489658968047,349.38697560628253,2173.340576171875,465.4019724527995
2045,327.3651928552592,1040.5451399113647,0.23010819103856456,924.887977425234,110.23633841743222,47.416507878360015,242.17513134731587,350.1289774576823,2181.910522460937,466.81297302246094
2046,324.61870752411147,1028.794995971599,0.22619199418685054,922.6651476432924,108.29180274304449,45.81157342626078,241.7853661049513,350.8729756673177,2190.370524088541,468.15897878011066
2047,321.804245282512,1017.2674721600341,0.22238653713919004,920.4423178613508,106.34726706865676,44.20663897416154,241.39560086258672,351.61997985839844,2198.740559895833,469.4419759114583
2048,318.9283272998614,1005.9517466361709,0.21868452044227052,918.219488079409,104.402731394269,42.60170452206231,241.00583562022211,352.36897532145184,2207.0205078125,470.66197967529297
2049,315.9957140604402,994.8376582038657,0.21507920788251247,915.9966582974672,102.45819571988126,40.99677006996307,240.6160703778576,353.12097422281903,2215.2205200195312,471.8199768066406
2050,313.0101141719234,983.9156707553166,0.21156438138275152,913.7738285155256,100.51366004549352,39.39183561786383,240.226305135493,353.8749720255534,2223.350545247396,472.9169845581055
2051,309.9745782382286,973.1768320311119,0.2081342996351985,910.837560948848,99.23982648562016,38.55227858888051,239.37127481912944,354.63197835286456,2231.4204711914062,473.9519780476888
2052,310.39943596656855,962.6088990596156,0.20481971859332723,907.9012933821708,97.9659929257468,37.71272155989718,238.51624450276591,355.3909734090169,2239.3404541015625,474.94597880045575
2053,310.81001606312407,952.2567814857289,0.20161020350977193,904.9650258154932,96.69215936587344,36.873164530913854,237.6612141864024,356.15397389729816,2247.030476888021,475.91697947184247
2054,311.227380039314,942.126082219537,0.19849862872521104,902.0287582488156,95.4183258060001,36.03360750193053,236.80618387003884,356.9189758300781,2254.5004679361978,476.8629837036133
2055,311.6629298663136,932.211094552458,0.19547872136141062,899.0924906821383,94.14449224612672,35.19405047294721,235.95115355367528,357.68797810872394,2261.7604777018228,477.78397878011066
2056,312.1228276267897,922.5031661142555,0.19254472277938486,896.1562231154609,92.87065868625338,34.35449344396388,235.09612323731173,358.45997365315753,2268.8504638671875,478.676986694336
2057,312.61037214835335,912.9931849648867,0.18969131733726421,893.2199555487834,91.59682512638004,33.51493641498055,234.2410929209482,359.23497517903644,2275.7604370117188,479.5439834594727
2058,313.12728052054183,903.6723002803941,0.1869135946210225,890.2836879821059,90.32299156650669,32.67537938599723,233.38606260458465,360.01297251383465,2282.510457356771,480.3819859822591
2059,313.6743820960561,894.5321121661322,0.18420701716489438,887.3474204154285,89.0491580066333,31.835822357013907,232.53103228822116,360.792973836263,2289.120422363281,481.19098409016925
2060,314.2519968673187,885.56470268066,0.18156739072758102,884.411152848751,87.77532444675995,30.99626532803058,231.6760019718576,361.5769704182943,2295.5904337565103,481.9719848632813
2061,314.8601439151363,876.7626205913416,0.17899083685757383,886.0396274246546,86.84120656956715,30.484866738616937,231.48656947956437,362.3639780680339,2301.950398763021,482.7219823201497
2062,315.50446339874924,868.2094837542905,0.17648174278523068,887.668102000558,85.90708869237436,29.97346814920329,231.2971369872711,363.1539688110352,2308.120381673177,483.4469858805339
2063,316.1791758141498,859.8596774366442,0.17403583828237032,889.2965765764615,84.97297081518155,29.462069559789644,231.10770449497784,363.9479726155599,2314.0603841145835,484.1469904581706
2064,316.8842413364765,851.693563805774,0.17164948488229137,890.9250511523649,84.03885293798876,28.950670970375995,230.9182720026846,364.7449773152669,2319.790405273437,484.82398986816406
2065,317.6194248603805,843.6999352531519,0.16931938629396326,892.5535257282684,83.10473506079596,28.43927238096235,230.72883951039137,365.5449752807617,2325.310343424479,485.47499084472656
2066,318.38437763911674,835.8705267584265,0.1670425098615746,894.1820003041719,82.17061718360316,27.927873791548706,230.53940701809813,366.3489735921224,2330.650370279948,486.09998830159503
2067,319.1786832756438,828.1982773500259,0.16481605228065796,895.8104748800753,81.23649930641037,27.416475202135057,230.3499745258049,367.1559778849284,2335.820373535156,486.6989949544271
2068,320.0018842930126,820.6767637271766,0.16263741735284126,897.4389494559788,80.30238142921756,26.90507661272141,230.16054203351163,367.9669799804688,2340.8303019205728,487.2719904581706
2069,320.85349801752034,813.300003080405,0.16050419817333317,899.0674240318822,79.36826355202477,26.393678023307764,229.9711095412184,368.78097279866535,2345.7003173828125,487.8169937133789
2070,321.7330264900151,806.0623736771023,0.15841416158603291,900.6958986077857,78.43414567483197,25.88227943389412,229.7816770489252,369.5979741414388,2350.4403076171875,488.3339920043945
2071,322.63996296452683,798.9585740500826,0.15636523417699882,895.1034337962622,77.41168546448421,25.487706512323783,228.5403114675928,370.4189758300781,2355.0602823893228,488.8240000406901
2072,323.56883792848794,792.0524793088265,0.1543591807042061,889.5109689847386,76.38922525413645,25.09313359075345,227.29894588626047,371.2429733276367,2359.400248209636,489.2669982910156
2073,324.5232082466857,785.3052205933634,0.15239361644986024,883.9185041732151,75.3667650437887,24.698560669183117,226.0575803049281,372.0699717203776,2363.320251464844,489.64599863688153
2074,325.50296135685903,778.7006585436295,0.1504665833317682,878.3260393616915,74.34430483344094,24.303987747612776,224.81621472359572,372.8989715576172,2366.860209147136,489.9630025227864
2075,326.5078100499513,772.2301878153911,0.14857633077346713,872.733574550168,73.32184462309318,23.90941482604244,223.57484914226345,373.73197174072266,2370.030232747396,490.21799723307294
2076,327.5373769080931,765.8878245171682,0.14672125099500016,867.1411097386444,72.29938441274543,23.514841904472103,222.33348356093103,374.5679728190104,2372.870178222656,490.4129969278972
2077,328.5912398493866,759.6686058128681,0.1448998534755688,861.5486449271209,71.27692420239767,23.120268982901766,221.0921179795987,375.40697479248047,2375.400146484375,490.5460001627605
2078,329.6689567848415,753.5680597049243,0.143110751182103,855.9561801155974,70.25446399204992,22.725696061331437,219.85075239826637,376.2479756673177,2377.650187174479,490.620002746582
2079,330.7700790353511,747.5820219982683,0.14135265092003071,850.3637153040738,69.23200378170216,22.331123139761097,218.609386816934,377.0929743448893,2379.630147298177,490.6349995930989
2080,331.89415868138235,741.7065666916578,0.1396243454411261,844.7712504925503,68.2095435713544,21.93655021819076,217.36802123560165,377.93997446695965,2381.370137532552,490.5910034179688
2081,333.04075262175735,735.9379740122914,0.13792470651891836,827.249239010799,67.04895831373065,21.687775990944616,214.1385084430401,378.78997802734375,2382.880086263021,490.48800404866535
2082,334.32449803953455,730.4082200652364,0.13625589682112277,809.7272275290477,65.8883730561069,21.439001763698474,210.9089956504786,379.641975402832,2383.9800618489585,490.3100001017253
2083,335.63100979039194,725.025966853779,0.13461558115550867,792.2052160472965,64.72778779848313,21.19022753645233,207.6794828579171,380.49297587076825,2384.490030924479,490.0450032552083
2084,336.96037269845687,719.761647191052,0.1330025305145253,774.6832045655452,63.56720254085938,20.941453309206185,204.4499700653556,381.3439712524414,2384.4400024414062,489.69200388590497
2085,338.31242917630817,714.6040563943602,0.13141574791130098,757.1611930837939,62.40661728323563,20.692679081960044,201.220457272794,382.1939748128255,2383.889973958333,489.2550099690755
2086,339.68689565694814,709.5475486755913,0.1298543276721225,739.6391816020426,61.24603202561188,20.4439048547139,197.99094448023249,383.042973836263,2382.849934895833,488.7330067952474
2087,341.08342507540925,704.5882427597135,0.1283174264726227,722.1171701202913,60.08544676798813,20.195130627467755,194.76143168767095,383.8929697672526,2381.3798828125,488.1280059814453
2088,342.50164043341465,699.7228883969681,0.12680425380645471,704.5951586385402,58.92486151036437,19.94635640022161,191.53191889510944,384.74097696940106,2379.49989827474,487.4410095214844
2089,343.9411528521339,694.9485218604582,0.1253140666942145,687.0731471567889,57.764276252740615,19.69758217297547,188.30240610254796,385.58997599283856,2377.2398681640625,486.67200724283856
2090,345.40157129303583,690.2623566108678,0.12384616567512591,669.5511356750376,56.603690995116864,19.448807945729325,185.0728933099864,386.43797556559247,2374.6398722330728,485.8230107625325
2091,346.8825077943981,685.6617446625171,0.1223998913702304,654.8674382211752,55.54169519008862,19.290173083567996,182.4608495668367,387.2859751383464,2371.7098388671875,484.8930130004883
2092,348.4248717818295,681.238813213417,0.12097668017606661,640.1837407673129,54.47969938506037,19.131538221406657,179.848805823687,388.1299743652344,2368.5098470052085,483.890012105306
2093,349.9895773271617,676.929832565675,0.11957512987024967,625.5000433134506,53.41770358003213,18.97290335924533,177.23676208053732,388.96897379557294,2365.08984375,482.81701405843097
2094,351.57632226611827,672.7137849861413,0.11819447689600754,610.8163458595883,52.355707775003886,18.81426849708399,174.6247183373876,389.8009719848633,2361.4698486328125,481.67501576741535
2095,353.18477816170457,668.5825765800473,0.11683410345443192,596.132648405726,51.29371196997564,18.65563363492266,172.01267459423792,390.62797292073566,2357.6598307291665,480.4640121459961
2096,354.81460694441165,664.5320940642952,0.11549344843907154,581.4489509518636,50.23171616494739,18.496998772761327,169.40063085108824,391.448974609375,2353.6797892252603,479.1840159098308
2097,356.46546973749247,660.5595046298882,0.11417198675967602,566.7652534980012,49.16972035991915,18.33836391059999,166.78858710793853,392.2639719645183,2349.5397745768228,477.8350092569987
2098,358.1370314952682,656.6624339256638,0.1128692225048648,552.081556044139,48.10772455489091,18.17972904843866,164.17654336478884,393.0739771525065,2345.269795735677,476.4180145263672
2099,359.8289633973572,652.838711814609,0.11158468557974621,537.3978585902767,47.04572874986266,18.021094186277324,161.56449962163913,393.8779754638672,2340.859822591146,474.9330139160156
2100,361.54094403953286,649.0862907867895,0.1103179294325914,522.7141611364143,45.983732944834415,17.862459324115992,158.95245587848945,394.6759745279948,2336.3297729492188,473.3810119628906
2101,363.2726599788408,645.4032173240801,0.10906852921720332,520.971386342428,45.79644589514885,17.753471592004047,158.15497968140434,395.4689763387044,2331.7097981770835,471.7610143025716
2102,364.4921562640929,639.9667378386712,0.1078202307421078,519.2286115484417,45.60915884546328,17.6444838598921,157.35750348431927,396.2549718221029,2327.099812825521,470.12801361083984
2103,365.7040943930756,634.0369206652517,0.10658528449495405,517.4858367544554,45.42187179577771,17.535496127780156,156.56002728723416,397.03197479248047,2322.6298014322915,468.53101348876953
2104,366.9079550892021,628.0019847501867,0.10536637090785728,515.743061960469,45.23458474609215,17.42650839566821,155.76255109014906,397.8009745279948,2318.2798461914062,466.9640172322591
2105,368.103365402912,621.9812153517354,0.10416396178405687,514.0002871664827,45.04729769640658,17.317520663556266,154.96507489306396,398.5619761149089,2314.049784342448,465.426010131836
2106,369.2900358172011,616.010581468566,0.10297793978209183,512.2575123724964,44.860010646721015,17.20853293144432,154.16759869597888,399.3149719238281,2309.939819335937,463.9130147298177
2107,370.4677261688407,610.1001535930886,0.1018080221385214,510.51473757851016,44.67272359703545,17.099545199332375,153.37012249889378,400.05897521972656,2305.9298095703125,462.42201741536456
2108,371.6362270361402,604.2519470303189,0.10065388461359079,508.7719627845239,44.48543654734988,16.99055746722043,152.57264630180867,400.7959747314453,2302.019836425781,460.95201619466144
2109,372.7953494430412,598.4654906892818,0.09951519952593851,507.0291879905376,44.29814949766431,16.881569735108485,151.7751701047236,401.5239715576172,2298.1998087565103,459.50001525878906
2110,373.9449190483122,592.7395711021574,0.09839164730118304,505.2864131965512,44.11086244797875,16.77258200299654,150.9776939076385,402.2449722290039,2294.4698689778647,458.0650177001953
2111,375.0847727653027,587.0727793525973,0.09728291959882752,503.5436384025649,43.92357539829318,16.663594270884595,150.1802177105534,402.9569803873698,2290.819864908854,456.64601643880206
2112,376.21475670918244,581.463681817,0.09618871975398158,501.8008636085786,43.736288348607616,16.55460653877265,149.38274151346832,403.6619822184245,2287.2398681640625,455.2420171101888
2113,377.33472487846126,575.9108723057358,0.09510876238879987,500.0580888145923,43.54900129892205,16.445618806660704,148.5852653163832,404.3589757283529,2283.729858398437,453.8510182698568
2114,378.44453825055655,570.4129867663272,0.09404277279570664,498.315314020606,43.361714249236485,16.33663107454876,147.7877891192981,405.047976175944,2280.2898559570312,452.4720153808594
2115,379.5440641177138,564.9687062164613,0.0929904862859835,496.57253922661965,43.17442719955092,16.227643342436814,146.99031292221304,405.729975382487,2276.909871419271,451.1050109863281
2116,380.6331755682672,559.5767560475464,0.0919516475637292,494.8297644326333,42.98714014986536,16.118655610324865,146.19283672512793,406.40397389729816,2273.589884440104,449.74901326497394
2117,381.71175106065175,554.2359042827684,0.09092601014165386,493.086989638647,42.79985310017979,16.00966787821292,145.39536052804283,407.0709762573242,2270.3298543294272,448.4040171305339
2118,382.77967406029194,548.944959606098,0.08991333580115264,491.3442148446607,42.61256605049422,15.900680146100974,144.59788433095773,407.729975382487,2267.10986328125,447.067019144694
2119,383.8368327219754,543.7027694151484,0.08891339409476666,489.6014400506744,42.42527900080866,15.79169241398903,143.80040813387265,408.38097890218097,2263.939860026041,445.7400131225586
2120,384.88311960733563,538.508217971068,0.08792596188795833,487.8586652566881,42.23799195112309,15.682704681877084,143.00293193678755,409.0259780883789,2260.819864908854,444.4210154215495
2121,385.9184314303611,533.3602246616595,0.08695082293696553,486.11589046270177,42.05070490143753,15.57371694976514,142.20545573970244,409.662976582845,2257.7298787434897,443.1100158691406
2122,386.94266882666125,528.2577423762281,0.08598776749964722,484.37311566871546,41.86341785175196,15.464729217653192,141.40797954261737,410.292973836263,2254.6798299153647,441.80601755778
2123,387.9557361428554,523.1997559855665,0.08503659197646635,482.63034087472914,41.67613080206639,15.355741485541246,140.6105033455323,410.9149754842122,2251.669881184896,440.509017944336
2124,388.9575412436442,518.1852809193775,0.0840970985790008,480.8875660807428,41.48884375238082,15.2467537534293,139.81302714844716,411.5309778849284,2248.689860026041,439.2200113932292
2125,389.94799533450214,513.2133618335852,0.08316909502360394,479.1447912867566,41.30155670269526,15.137766021317356,139.01555095136206,412.1389745076497,2245.7399088541665,437.9360173543294
2126,390.92701279819346,508.28307136047925,0.08225239424805028,477.4020164927703,41.11426965300969,15.02877828920541,138.21807475427698,412.74097696940106,2242.8198852539062,436.65901438395184
2127,391.8945110436909,503.3935089352109,0.08134681414919709,475.659241698784,40.92698260332413,14.919790557093464,137.42059855719188,413.3349787394206,2239.9298706054688,435.3870162963867
2128,392.8504103661685,498.54379969270724,0.08045217733987027,473.9164669047976,40.73969555363856,14.810802824981518,136.62312236010678,413.9229736328125,2237.059895833333,434.1210149129232
2129,393.7946338170742,493.73309342959885,0.07956831092334307,472.1736921108113,40.55240850395299,14.701815092869571,135.8256461630217,414.5039749145508,2234.2198689778647,432.86001841227215
2130,394.7271070831285,488.9605636262156,0.0786950462839232,470.430917316825,40.365121454267424,14.592827360757628,135.0281699659366,415.0779749552409,2231.389892578125,431.60501352945965
2131,395.647758373495,484.2254065241437,0.07783221889229733,468.6881425228387,40.17783440458186,14.483839628645685,134.2306937688515,415.6449788411458,2228.589884440104,430.3540115356445
2132,396.5565183143865,479.52684025522126,0.07697966812440021,466.9453677288524,39.99054735489629,14.374851896533738,133.4332175717664,416.2059758504232,2225.799845377604,429.10801696777344
2133,397.45331985025314,474.86410401820797,0.07613723709268841,465.20259293486606,39.80326030521073,14.265864164421792,132.63574137468132,416.7589797973633,2223.0298868815103,427.8660176595052
2134,398.33809815113614,470.2364572996818,0.07530477248879495,463.45981814087975,39.61597325552516,14.156876432309849,131.8382651775962,417.3069839477539,2220.2798665364585,426.6290181477864
2135,399.21079052552534,465.6431791360111,0.07448212443663399,461.71704334689343,39.4286862058396,14.047888700197902,131.0407889805111,417.8469772338867,2217.5398559570312,425.39601643880206
2136,400.0713363382549,461.0835674135117,0.07366914635510509,459.9742685529071,39.24139915615403,13.938900968085957,130.243312783426,418.3819758097331,2214.8198852539062,424.1670150756836
2137,400.9196769330637,456.5569382041431,0.07286569482962271,458.2314937589208,39.05411210646847,13.829913235974011,129.4458365863409,418.9099782307943,2212.109903971354,422.9430185953776
2138,401.75575555931965,452.0626251343143,0.07207162949176274,456.4887189649345,38.8668250567829,13.720925503862066,128.64836038925583,419.4309717814128,2209.409912109375,421.7210108439128
2139,402.5795173026915,447.5999787845702,0.07128681290638114,454.7459441709482,38.679538007097335,13.61193777175012,127.85088419217072,419.94597880045575,2206.7198689778647,420.5040181477864
2140,403.39090901934736,443.16836611811004,0.07051111046561513,453.00316937696186,38.49225095741177,13.502950039638176,127.05340799508562,420.4549814860026,2204.049865722656,419.290018717448
2141,404.1898792734672,438.7671699362542,0.0697443902892282,451.2603945829756,38.30496390772621,13.39396230752623,126.25593179800052,420.9579798380534,2201.3798828125,418.0800145467122
2142,404.9763782778079,434.39578835912823,0.06898652313080707,449.5176197889893,38.11767685804064,13.284974575414283,125.45845560091544,421.4539794921875,2198.7198689778647,416.8930130004883
2143,405.75035783706227,430.0536343299651,0.06823738228936108,447.7748449950029,37.930389808355066,13.175986843302338,124.66097940383034,421.94397989908856,2196.069864908854,415.749018351237
2144,406.51177129384223,425.74013514155683,0.06749684352591219,446.0320702010166,37.7431027586695,13.066999111190391,123.86350320674524,422.4289779663086,2193.419881184896,414.6430180867513
2145,407.26057347710815,421.45473198349805,0.06676478498469997,444.2892954070303,37.555815708983936,12.958011379078448,123.06602700966016,422.906977335612,2190.7799072265625,413.5750122070313
2146,407.99672065283875,417.1968795089662,0.06604108711865647,442.546520613044,37.36852865929837,12.849023646966502,122.26855081257506,423.37897237141925,2188.1498819986978,412.5430145263672
2147,408.72017047683386,412.96604541988205,0.0653256326188364,440.8037458190577,37.181241609612805,12.740035914854555,121.47107461548995,423.8449808756511,2185.5098876953125,411.546012878418
2148,409.4308819494915,408.7617100693782,0.06461830634751307,439.0609710250714,36.99395455992723,12.63104818274261,120.67359841840488,424.3049799601237,2182.8698933919272,410.5830154418945
2149,410.12881537242873,404.58336608058255,0.06391899527467595,437.3181962310851,36.80666751024167,12.522060450630663,119.87612222131978,424.75997670491535,2180.229899088541,409.6530125935872
2150,410.8139323068736,400.43051798079887,0.06322758841768669,435.5754214370988,36.6193804605561,12.41307271851872,119.07864602423469,425.2079772949219,2177.5798543294272,408.75301361083984
2151,411.4861955336773,396.3026818502283,0.06254397678387093,433.83264664311247,36.432093410870536,12.304084986406776,118.2811698271496,425.6509730021159,2174.9298706054688,407.885014851888
2152,412.14556901486725,392.1993849844423,0.0618680533158421,432.08987184912615,36.24480636118497,12.19509725429483,117.4836936300645,426.0879770914714,2172.2698771158853,407.04801686604816
2153,412.79201785668744,388.1201655698696,0.0611997128393688,430.34709705513984,36.057519311499405,12.086109522182884,116.6862174329794,426.5199737548828,2169.599894205729,406.24401092529297
2154,413.4255082739701,384.06457237161044,0.06053885201361346,428.6043222611535,35.87023226181384,11.97712179007094,115.8887412358943,426.9449818929036,2166.919860839844,405.4720077514648
2155,414.04600755591855,380.0321644329416,0.059885369283584206,426.86154746716727,35.682945212128274,11.868134057958994,115.0912650388092,427.36497497558594,2164.229858398437,404.7310129801433
2156,414.65348403297764,376.022510785917,0.059239164834653656,425.11877267318096,35.49565816244271,11.759146325847048,114.29378884172412,427.7799809773763,2161.519897460937,404.0210113525391
2157,415.2479070450695,372.0351901725064,0.05860014054901038,423.3759978791946,35.30837111275714,11.6501585937351,113.496312644639,428.1889801025391,2158.7999267578125,403.3400115966797
2158,415.82924691077653,368.0697907757567,0.05796819996391981,421.63322308520833,35.12108406307158,11.541170861623156,112.69883644755392,428.5919799804688,2156.069864908854,402.6880060831706
2159,416.3974748977274,364.12590996048743,0.05734324823168017,419.890448291222,34.93379701338601,11.43218312951121,111.90136025046884,428.9899775187175,2153.309895833333,402.0650100708008
2160,416.9525631939502,360.2031540230691,0.05672519208116875,418.1476734972357,34.74650996370045,11.323195397399266,111.10388405338372,429.38297780354816,2150.5498860677085,401.4700139363607
2161,417.49448488020505,356.3011379498562,0.05611393978088151,416.4048987032494,34.55922291401488,11.21420766528732,110.30640785629862,429.7699762980144,2147.7598876953125,400.9030075073242
2162,418.0232139032296,352.41948518387824,0.055509401103376196,414.6621239092631,34.37193586432932,11.105219933175375,109.50893165921352,430.151980082194,2144.949910481771,400.3630091349284
2163,418.5387250499527,348.55782739941236,0.05491148729103671,412.9193491152768,34.184648814643744,10.99623220106343,108.71145546212844,430.5279795328776,2142.1298828125,399.8500111897786
2164,419.0409939224964,344.7158042840862,0.05432011102308181,411.1765743212905,33.99736176495818,10.887244468951485,107.91397926504334,430.8999786376953,2139.2798461914062,399.3630116780599
2165,419.529996913989,340.8930633281798,0.05373518638374769,409.4337995273041,33.81007471527261,10.778256736839538,107.11650306795823,431.26597849528,2136.409912109375,398.9020029703776
2166,420.0057111852373,337.0892596208141,0.05315662883157861,407.6910247333178,33.62278766558705,10.669269004727592,106.31902687087316,431.6269785563151,2133.519856770833,398.4670054117839
2167,420.46811464211345,333.30405565273287,0.05258435516976487,405.9482499393315,33.43550061590148,10.560281272615647,105.52155067378806,431.98197682698566,2130.60986328125,398.0570068359375
2168,420.9171859136408,329.5371211253999,0.0520182835174721,404.2054751453452,33.24821356621591,10.451293540503702,104.72407447670297,432.3329772949219,2127.669860839844,397.6720123291016
2169,421.35290433084816,325.78813276615085,0.05145833328210873,402.4627003513589,33.060926516530344,10.342305808391757,103.92659827961783,432.6779810587565,2124.7298380533853,397.3130060831706
2170,421.77524990624534,322.0567741491506,0.050904425132484096,400.71992555737256,32.87363946684478,10.233318076279811,103.12912208253276,433.01898193359375,2121.7598470052085,396.9780095418294
2171,422.184203313956,318.34273552192417,0.05035648097281091,398.9771507633863,32.68635241715921,10.124330344167866,102.33164588544768,433.3539784749349,2118.7798665364585,396.6690088907878
2172,422.5797458705148,314.6457136372371,0.049814423917510786,397.23437596939993,32.49906536747365,10.01534261205592,101.53416968836255,433.6849797566732,2115.7798665364585,396.3830057779948
2173,422.96185951618435,310.9654115901183,0.04927817826678323,395.4916011754136,32.31177831778808,9.906354879943974,100.73669349127746,434.0099792480469,2112.7598673502603,396.1220016479492
2174,423.33052679697556,307.30153865982277,0.04874766948290176,393.7488263814273,32.12449126810252,9.797367147832029,99.93921729419236,434.3309809366862,2109.7298380533853,395.8850072224935
2175,423.6857308471028,303.6538101565485,0.04822282416720258,392.006051587441,31.93720421841695,9.688379415720084,99.14174109710729,434.6469802856445,2106.6798706054688,395.67200469970703
2176,424.0274553720591,300.02194727272604,0.04770357003773478,390.2632767934547,31.749917168731383,9.579391683608138,98.34426490002218,434.9579747517904,2103.609822591146,395.4830067952474
2177,424.35568463218164,296.4056769387097,0.04718983590754137,388.5205019994684,31.562630119045817,9.470403951496191,97.54678870293708,435.2639795939128,2100.5098673502603,395.31700388590497
2178,424.6704034267609,292.80473168271027,0.04668155166354386,386.7777272054821,31.37534306936025,9.361416219384246,96.749312505852,435.56497955322266,2097.399820963541,395.1740086873372
2179,424.9715970785697,289.21884949481193,0.04617864824600408,385.0349524114957,31.188056019674686,9.2524284872723,95.9518363087669,435.8619791666667,2094.269836425781,395.0540059407552
2180,425.25925141892736,285.64777369492793,0.045681057628538635,383.2921776175094,31.00076896998912,9.143440755160356,95.1543601116818,436.1539815266927,2091.119832356771,394.9570058186849
2181,425.5333527731961,282.0912528045536,0.045188712798663246,381.5494028235231,30.813481920303555,9.03445302304841,94.35688391459672,436.4409815470378,2087.9498697916665,394.8820063273112
2182,425.7938879466944,278.54904042218334,0.044701547738845215,379.8066280295368,30.62619487061799,8.925465290936465,93.5594077175116,436.72397867838544,2084.7598673502603,394.8310038248698
2183,426.0408442110826,275.02089510226256,0.04421949740804369,378.06385323555054,30.43890782093242,8.81647755882452,92.76193152042651,437.0019810994466,2081.549865722656,394.8009999593099
2184,426.27420929113174,271.5065802375539,0.04374249772371874,376.3210784415642,30.251620771246856,8.707489826712575,91.9644553233414,437.2759806315104,2078.309855143229,394.7940038045247
2185,426.49397135187087,268.0058639447995,0.04327048554429112,374.5783036475779,30.06433372156129,8.59850209460063,91.16697912625632,437.5449778238933,2075.059814453125,394.8090006510417
2186,426.70011898618856,264.5185189535677,0.042803398652035765,372.8355288535916,29.877046671875725,8.489514362488682,90.36950292917123,437.8089828491211,2071.7798665364585,394.8470026652018
2187,426.8926412027328,261.0443224981782,0.04234117573639299,371.0927540596053,29.68975962219016,8.380526630376737,89.57202673208613,438.06898244222,2068.4898478190103,394.906000773112
2188,427.0715274141829,257.5830562126019,0.04188375637768222,369.349979265619,29.50247257250459,8.271538898264792,88.77455053500104,438.3249842325847,2065.16982014974,394.9869969685872
2189,427.2367674259635,254.13450602823744,0.04143108103120386,367.6072044716327,29.315185522819025,8.162551166152847,87.97707433791594,438.5759785970052,2061.8298136393228,395.08899688720703
2190,427.3883514251445,250.6984620744716,0.04098309101171582,365.8644296776464,29.12789847313346,8.053563434040901,87.17959814083085,438.82298278808594,2058.4597981770835,395.21299997965497
2191,427.52626996979683,247.27471858193132,0.04053972847827183,364.1216548836601,28.94061142344789,7.944575701928956,86.38212194374576,439.0649820963542,2055.079803466797,395.359001159668
2192,427.6505139786017,243.8630737883416,0.04010093641940911,362.37888008967377,28.75332437376233,7.835587969817011,85.58464574666066,439.30397542317706,2051.6798400878906,395.5059992472331
2193,427.7610747207961,240.4633298469068,0.03966665863867414,360.63610529568746,28.56603732407676,7.726600237705065,84.78716954957557,439.536984761556,2048.249827067057,395.63600158691406
2194,427.85794380638094,237.0752927371333,0.039236839740475246,358.89333050170114,28.378750274391194,7.61761250559312,83.98969335249046,439.7669779459636,2044.79985555013,395.75099690755206
2195,427.9411131766657,233.6987721780194,0.03881142511625163,357.15055570771483,28.19146322470563,7.508624773481174,83.19221715540537,439.9929784138997,2041.339823404948,395.8529968261719
2196,428.0105750950447,230.3335815435357,0.038390360930948844,355.4077809137285,28.004176175020064,7.399637041369229,82.39474095832028,440.213981628418,2037.8498229980469,395.9440002441406
2197,428.06632213809434,226.97953778032718,0.03797359410979109,353.6650061197422,27.816889125334495,7.290649309257284,81.59726476123518,440.4309768676758,2034.3498128255208,396.0250015258789
2198,428.1083471868663,223.63646132756736,0.03756107232534155,351.9222313257559,27.62960207564893,7.181661577145338,80.79978856415009,440.64398193359375,2030.8398132324216,396.0959981282552
2199,428.13664341851,220.30417603889896,0.037152743984841696,350.1794565317696,27.442315025963364,7.072673845033393,80.00231236706499,440.8529815673828,2027.3098042805989,396.1579945882161
2200,428.15120429810474,216.9825091063977,0.036748558217821484,348.43668173778326,27.2550279762778,6.963686112921447,79.2048361699799,441.057980855306,2023.7698364257808,396.2130025227864
2201,428.15202357068284,213.67129098649838,0.03634846486397275,346.69390694379695,27.067740926592236,6.854698380809502,78.40735997289481,441.2589797973633,2020.2198181152344,396.2609965006511
2202,428.13909525359344,210.37035532782323,0.03595241446127769,344.95113214981063,26.880453876906667,6.745710648697557,77.6098837758097,441.4559809366862,2016.6498006184893,396.3029963175456
2203,428.1124136289934,207.07953890085773,0.035560358234385574,343.2083573558243,26.6931668272211,6.636722916585611,76.81240757872462,441.6489817301433,2013.0797932942708,396.33799997965497
2204,428.07197323661507,203.79868152941688,0.03517224808323072,341.465582561838,26.505879777535533,6.5277351844736655,76.01493138163951,441.8379821777344,2009.4998168945312,396.3689982096354
2205,428.01776886668074,200.52762602385116,0.03478803657188477,339.7228077678517,26.318592727849968,6.41874745236172,75.21745518455442,442.0229771931966,2005.9098103841145,396.3939971923828
2206,427.9497955531167,197.26621811593938,0.03440767691763716,337.9800329738654,26.1313056781644,6.309759720249775,74.41997898746934,442.20398203531903,2002.309834798177,396.4149983723958
2207,427.86804856686246,194.01430639542065,0.03403112298029737,336.23725817987906,25.94401862847884,6.20077198813783,73.62250279038423,442.38197835286456,1998.709798177084,396.4309972127279
2208,427.77252340946796,190.77174224811722,0.03365832925171328,334.49448338589275,25.756731578793268,6.091784256025884,72.82502659329914,442.5549825032552,1995.0998128255208,396.4439977010091
2209,427.66321580676816,187.53837979560183,0.03328925084549972,332.75170859190644,25.569444529107702,5.9827965239139385,72.02755039621404,442.724983215332,1991.4898071289065,396.453000386556
2210,427.54012170286364,184.31407583636695,0.03292384348697185,331.0089337979201,25.382157479422137,5.873808791801993,71.23007419912895,442.89097849528,1987.8698018391929,396.45799509684247
2211,427.4032372541661,181.09868978845074,0.032562063503278,329.2661590039338,25.19487042973657,5.764821059690048,70.43259800204386,443.0539830525716,1984.249806722005,396.4600016276042
2212,427.25255882368936,177.89208363348,0.03220386781372698,327.5233842099475,25.00758338005101,5.655833327578103,69.63512180495876,443.2119827270508,1980.6298116048176,396.4600016276042
2213,427.08808297544294,174.69412186208956,0.03184921392030488,325.7806094159612,24.82029633036544,5.546845595466157,68.83764560787367,443.3669764200847,1976.9998168945312,396.4560012817383
2214,426.9098064690628,171.50467142067885,0.0314980598983766,324.03783462197487,24.633009280679875,5.437857863354211,68.04016941078856,443.5189793904622,1973.3698018391929,396.4499994913737
2215,426.71772625449177,168.3236016594691,0.03115036438756756,322.2950598279885,24.445722230994303,5.328870131242266,67.24269321370348,443.66697947184247,1969.7398071289065,396.44200134277344
2216,426.51183946693743,165.1507842818241,0.03080608658282125,320.5522850340023,24.25843518130874,5.219882399130321,66.44521701661839,443.8109792073568,1966.1098022460933,396.4310048421224
2217,426.2921434218537,161.98609329479982,0.030465186225628115,318.809510240016,24.071148131623172,5.110894667018376,65.64774081953328,443.9519805908203,1962.4698181152344,396.41800181070965
2218,426.0586356101424,158.82940496088892,0.030127623595421933,317.06673544602967,23.88386108193761,5.00190693490643,64.8502646224482,444.088981628418,1958.839803059896,396.4029998779297
2219,425.8113136934666,155.68059775092692,0.029793359501139483,315.3239606520433,23.696574032252045,4.892919202794484,64.05278842536309,444.2219797770183,1955.1998087565105,396.38600158691406
2220,425.55017549970046,152.53955229812865,0.029462355272939684,313.58118585805704,23.50928698256648,4.783931470682539,63.255312228278,444.3529815673828,1951.559814453125,396.3670018513997
2221,425.275219018493,149.40615135322372,0.029134572754078457,311.8384110640707,23.321999932880917,4.674943738570594,62.457836031192905,444.47998301188153,1947.9197896321607,396.3459981282552
2222,424.98644239697603,146.2802797406616,0.02880997429293575,310.0956362700844,23.134712883195345,4.565956006458649,61.66035983410781,444.6029764811198,1944.279795328776,396.3240025838216
2223,424.6838439355935,143.16182431585648,0.028488522735191067,308.35286147609816,22.94742583350978,4.456968274346703,60.86288363702271,444.7229766845703,1940.649790445964,396.2999954223633
2224,424.3674220840425,140.05067392344495,0.028170181416144142,306.61008668211184,22.76013878382421,4.347980542234757,60.065407439937616,444.83997853597,1937.009785970052,396.2739969889323
2225,424.0371754373061,136.94671935652872,0.027854914153177597,304.8673118881255,22.572851734138645,4.238992810122812,59.26793124285251,444.9529800415039,1933.3698120117188,396.2479960123698
2226,423.69310273184436,133.84985331687534,0.02754268523835807,303.1245370941392,22.38556468445308,4.130005078010867,58.47045504576742,445.062983194987,1929.729807535808,396.2189966837565
2227,423.33520284187074,130.7599703760533,0.027233459431172998,301.3817623001529,22.19827763476751,4.021017345898922,57.67297884868232,445.16998291015625,1926.0898132324216,396.1900049845378
2228,422.96347477568816,127.67696693747419,0.026927201951399804,299.63898750616664,22.010990585081945,3.912029613786976,56.87550265159722,445.27298227945965,1922.459798177084,396.1589991251628
2229,422.57791767221806,124.60074119931997,0.026623878472104647,297.8962127121804,21.823703535396376,3.80304188167503,56.07802645451213,445.3739827473958,1918.819793701172,396.12699635823566
2230,422.178530797567,121.53119311833088,0.026323455112767936,296.153437918194,21.63641648571081,3.694054149563085,55.28055025742703,445.4709828694661,1915.1797993977864,396.093999226888
2231,421.7653135416483,118.46822437443204,0.026025898432533657,294.4106631242077,21.449129436025245,3.58506641745114,54.483074060341934,445.5649770100911,1911.5498046875,396.05899810791016
2232,421.33826541503,115.41173833617573,0.025731175423579947,292.6678883302214,21.26184238633968,3.476078685339194,53.68559786325684,445.6549835205078,1907.9197998046875,396.0239995320638
2233,420.8973860457232,112.36164002697953,0.02543925350460831,290.9251135362351,21.074555336654115,3.367090953227249,52.88812166617175,445.7429835001628,1904.279805501302,395.9880015055339
2234,420.44267517615765,109.31783609213822,0.02515010051444877,289.1823387422488,20.88726828696855,3.258103221115303,52.09064546908665,445.8279774983724,1900.6498006184893,395.9500020345052
2235,419.974132660191,106.2802347665905,0.02486368470577857,287.4395639482624,20.699981237282984,3.149115489003358,51.29316927200156,445.9089813232422,1897.0198059082031,395.912000020345
2236,419.4917584602335,103.24874584342007,0.02457997473895213,285.6967891542761,20.51269418759742,3.0401277568914127,50.49569307491646,445.9879837036133,1893.3898010253904,395.8719991048177
2237,418.9955526444235,100.22328064307293,0.024298939675939556,283.95401436028976,20.325407137911853,2.931140024779467,49.69821687783136,446.062978108724,1889.759806315104,395.8320007324219
2238,418.4855153839028,97.20375198327197,0.02402054897437179,282.21123956630345,20.138120088226287,2.8221522926675218,48.900740680746274,446.1349817911784,1886.1297912597656,395.7910003662109
2239,417.961646950148,94.1900741496116,0.02374477248168994,280.46846477231713,19.95083303854072,2.713164560555576,48.10326448366118,446.2049814860026,1882.509806315104,395.7489980061849
2240,417.4239477124011,91.18216286681405,0.023471580429396614,278.7256899783308,19.76354598885516,2.604176828443631,47.30578828657608,446.27098083496094,1878.879801432292,395.7059961954753
2241,416.87241813512463,88.17993527063192,0.023200943427407278,276.9829151843445,19.57625893916959,2.495189096331685,46.508312089490985,446.33498128255206,1875.259796142578,395.66300201416016
2242,416.3070587755961,85.18330988037926,0.022932832458499433,275.2401403903582,19.388971889484026,2.3862013642197395,45.71083589240589,446.3949839274089,1871.6397908528645,395.6179936726888
2243,415.7278702814899,82.1922065720763,0.022667218872857647,273.4973655963719,19.201684839798457,2.2772136321077943,44.91335969532079,446.4529825846354,1868.009775797526,395.572998046875
2244,415.1348533885841,79.20654655219177,0.02240407438271248,271.7545908023856,19.014397790112888,2.1682258999958486,44.115883498235696,446.5079828898112,1864.3897806803384,395.5269953409831
2245,414.5280089185146,76.22625233196793,0.02214337105707138,270.01181600839925,18.82711074042732,2.059238167883903,43.3184073011506,446.5599797566732,1860.769795735677,395.48099517822266
2246,413.90733777655817,73.25124770231412,0.02188508131653971,268.269041214413,18.63982369074176,1.9502504357719572,42.520931104065504,446.6089808146159,1857.1597900390625,395.4330012003581
2247,413.2728409495276,70.28145770925397,0.021629177928229965,266.5262664204267,18.452536641056188,1.841262703660012,41.72345490698041,446.6549809773763,1853.539805094401,395.38500213623047
2248,412.62451950367785,67.31680862991286,0.021375634000757607,264.7834916264404,18.265249591370623,1.7322749715480663,40.92597870989531,446.69898223876953,1849.9197998046875,395.3370005289714
2249,411.9623745827082,64.35722794903252,0.021124422979321607,263.04071683245405,18.077962541685054,1.6232872394361206,40.128502512810215,446.73998260498047,1846.3097839355469,395.28700256347656
2250,411.2864074057815,61.40264433599906,0.020875518640868,261.29794203846774,17.890675491999488,1.5142995073241752,39.33102631572512,446.77798716227215,1842.6897989908853,395.2369969685872
2251,410.5966192656264,58.45298762237228,0.020628895089334957,261.29794203846774,17.890675491999488,1.5142995073241752,39.33102631572512,446.812983194987,1839.0797932942708,395.1870040893554
2252,410.25475317948917,57.23970350498327,0.020400613241250674,261.29794203846774,17.890675491999488,1.5142995073241752,39.33102631572512,446.8469772338867,1835.5898335774737,395.1349995930989
2253,409.91605255385144,56.569294981933396,0.020178876040267565,261.29794203846774,17.890675491999488,1.5142995073241752,39.33102631572512,446.8809814453125,1832.319844563802,395.08299509684247
2254,409.580894052552,56.0720645455776,0.019960717674978243,261.29794203846774,17.890675491999488,1.5142995073241752,39.33102631572512,446.9139836629232,1829.2698567708333,395.02999623616535
2255,409.2494469561899,55.63290680215468,0.019745267983752163,261.29794203846774,17.890675491999488,1.5142995073241752,39.33102631572512,446.9469858805339,1826.4198303222656,394.9759953816732
2256,408.9217687404587,55.21577283823294,0.019532237451948622,261.29794203846774,17.890675491999488,1.5142995073241752,39.33102631572512,446.97998046875,1823.7498779296875,394.9220021565755
2257,408.5978564611179,54.80927821703341,0.01932151331718346,261.29794203846774,17.890675491999488,1.5142995073241752,39.33102631572512,447.0129852294922,1821.2598876953125,394.86600494384766
2258,408.27767445338765,54.40976955241742,0.0191130394388095,261.29794203846774,17.890675491999488,1.5142995073241752,39.33102631572512,447.0449778238933,1818.9299011230469,394.80999755859375
2259,407.9611693265195,54.01602854855683,0.018906778479212315,261.29794203846774,17.890675491999488,1.5142995073241752,39.33102631572512,447.0769856770833,1816.7498881022136,394.7519989013672
2260,407.6482781344588,53.62760828967136,0.018702699671427084,261.29794203846774,17.890675491999488,1.5142995073241752,39.33102631572512,447.1089833577474,1814.709920247396,394.6939977010091
2261,407.3389328731666,53.2443083132863,0.018500774803286713,261.29794203846774,17.890675491999488,1.5142995073241752,39.33102631572512,447.1409810384114,1812.80990600586,394.63600158691406
2262,407.0330629937934,52.86600825937265,0.018300976879012124,261.29794203846774,17.890675491999488,1.5142995073241752,39.33102631572512,447.17298380533856,1811.0299275716145,394.5760014851888
2263,406.73059683781895,52.49261489485962,0.018103279659736845,261.29794203846774,17.890675491999488,1.5142995073241752,39.33102631572512,447.203987121582,1809.3599243164065,394.515998840332
2264,406.43146248140624,52.12404512912573,0.017907657494391778,261.29794203846774,17.890675491999488,1.5142995073241752,39.33102631572512,447.234977722168,1807.7999165852864,394.4559961954753
2265,406.13558825128143,51.76022050074773,0.017714085247602204,261.29794203846774,17.890675491999488,1.5142995073241752,39.33102631572512,447.2659810384114,1806.349924723308,394.3960037231445
2266,405.84290305430693,51.40106533685521,0.017522538260896944,261.29794203846774,17.890675491999488,1.5142995073241752,39.33102631572512,447.29598236083984,1804.9999287923176,394.3349990844727
2267,405.55333659797384,51.04650609566042,0.017332992326143472,261.29794203846774,17.890675491999488,1.5142995073241752,39.33102631572512,447.3269780476888,1803.7399495442708,394.2740020751953
2268,405.2668195444852,50.69647109459298,0.01714542366414876,261.29794203846774,17.890675491999488,1.5142995073241752,39.33102631572512,447.3569844563802,1802.5699361165364,394.21399943033856
2269,404.9832836222854,50.35089036743937,0.016959808905992194,261.29794203846774,17.890675491999488,1.5142995073241752,39.33102631572512,447.3869806925456,1801.4699401855469,394.15299733479816
2270,404.70266170862266,50.009695567425034,0.01677612507618985,261.29794203846774,17.890675491999488,1.5142995073241752,39.33102631572512,447.416987101237,1800.4499409993489,394.0929997762044
2271,404.4248878913669,49.6728198890315,0.01659434957730376,261.29794203846774,17.890675491999488,1.5142995073241752,39.33102631572512,447.4459762573242,1799.49994913737,394.0320002237956
2272,404.14989751512206,49.340197999388955,0.016414460175788445,261.29794203846774,17.890675491999488,1.5142995073241752,39.33102631572512,447.4759852091472,1798.6199442545574,393.9720001220703
2273,403.87762721483995,49.01176597595313,0.01623643498893317,261.29794203846774,17.890675491999488,1.5142995073241752,39.33102631572512,447.5049819946289,1797.7899373372395,393.9109954833984
2274,403.6080149394978,48.68746124910725,0.016060252472788118,261.29794203846774,17.890675491999488,1.5142995073241752,39.33102631572512,447.5329818725586,1797.0299682617188,393.8510004679362
2275,403.3409999673201,48.36722254898484,0.015885891410978473,261.29794203846774,17.890675491999488,1.5142995073241752,39.33102631572512,447.5619761149089,1796.3099670410156,393.7909978230794
2276,403.07652291403275,48.050989856048375,0.01571333090432167,261.29794203846774,17.890675491999488,1.5142995073241752,39.33102631572512,447.5909779866536,1795.64995320638,393.73100026448566
2277,402.8145257351832,47.738704355058466,0.015542550361172221,261.29794203846774,17.890675491999488,1.5142995073241752,39.33102631572512,447.6189829508464,1795.0299682617188,393.6709976196289
2278,402.55495172346997,47.43030839212226,0.015373529488425826,261.29794203846774,17.890675491999488,1.5142995073241752,39.33102631572512,447.6469802856445,1794.4499613444011,393.6110000610352
2279,402.2977455017647,47.12574543454596,0.015206248283121778,261.29794203846774,17.890675491999488,1.5142995073241752,39.33102631572512,447.67498270670575,1793.9099731445312,393.552001953125
2280,402.0428530125937,46.82496003324434,0.015040687024588268,261.29794203846774,17.890675491999488,1.5142995073241752,39.33102631572512,447.7019856770833,1793.41997273763,393.4930038452149
2281,401.7902215045422,46.52789778748468,0.014876826267081105,261.29794203846774,17.890675491999488,1.5142995073241752,39.33102631572512,447.72998046875,1792.9499918619792,393.4340006510417
2282,401.5397995161804,46.23450531176459,0.014714646832870893,261.29794203846774,17.890675491999488,1.5142995073241752,39.33102631572512,447.7569834391276,1792.51996866862,393.37500254313153
2283,401.2915368577758,45.9447302046419,0.014554129805738388,261.29794203846774,17.890675491999488,1.5142995073241752,39.33102631572512,447.7839838663737,1792.1199747721355,393.3159968058269
2284,401.04538459138934,45.65852101935226,0.014395256524841575,261.29794203846774,17.890675491999488,1.5142995073241752,39.33102631572512,447.8109842936198,1791.739990234375,393.2579981486003
2285,400.8012950094775,45.37582723606603,0.014238008578921733,261.29794203846774,17.890675491999488,1.5142995073241752,39.33102631572512,447.83698018391925,1791.3999837239585,393.1990025838216
2286,400.55922161236197,45.09659923564966,0.014082367800818726,261.29794203846774,17.890675491999488,1.5142995073241752,39.33102631572512,447.86398061116535,1791.0699869791667,393.14100392659503
2287,400.31911908484614,44.82078827480983,0.013928316262268974,261.29794203846774,17.890675491999488,1.5142995073241752,39.33102631572512,447.8899841308594,1790.76996866862,393.08399963378906
2288,400.0809432721282,44.54834646250963,0.013775836268961854,261.29794203846774,17.890675491999488,1.5142995073241752,39.33102631572512,447.9159825642904,1790.489990234375,393.0260009765625
2289,399.8446511552268,44.27922673755698,0.013624910355832862,261.29794203846774,17.890675491999488,1.5142995073241752,39.33102631572512,447.9419860839844,1790.2400004069011,392.968999226888
2290,399.610200826067,44.01338284727415,0.013475521282573809,261.29794203846774,17.890675491999488,1.5142995073241752,39.33102631572512,447.96798451741535,1789.9900004069011,392.91099802653
2291,399.37755146236594,43.75076932716586,0.01332765202934233,261.29794203846774,17.890675491999488,1.5142995073241752,39.33102631572512,447.9929860432943,1789.769989013672,392.85500081380206
2292,399.14666330244125,43.49134148151142,0.013181285792654677,261.29794203846774,17.890675491999488,1.5142995073241752,39.33102631572512,448.0179850260417,1789.5599873860676,392.7980016072591
2293,398.9174976200589,43.235055364812496,0.01303640598144724,261.29794203846774,17.890675491999488,1.5142995073241752,39.33102631572512,448.0439860026042,1789.3699849446614,392.7409998575847
2294,398.6900166993265,42.98186776403483,0.01289299621329373,261.29794203846774,17.890675491999488,1.5142995073241752,39.33102631572512,448.06798044840497,1789.1899820963542,392.6850001017253
2295,398.46418380984073,42.73173618158747,0.012751040310766069,261.29794203846774,17.890675491999488,1.5142995073241752,39.33102631572512,448.09297943115234,1789.019989013672,392.6290028889974
2296,398.23996318202774,42.48461881898829,0.012610522297928374,261.29794203846774,17.890675491999488,1.5142995073241752,39.33102631572512,448.1179809570313,1788.8699849446614,392.573003133138
2297,398.0173199827786,42.240474561169066,0.012471426396954133,261.29794203846774,17.890675491999488,1.5142995073241752,39.33102631572512,448.141975402832,1788.729990641276,392.51800537109375
2298,397.7962202914369,41.99926296137751,0.012333737024857905,261.29794203846774,17.890675491999488,1.5142995073241752,39.33102631572512,448.1659825642904,1788.5900065104167,392.4620005289714
2299,397.5766310761687,41.76094422663729,0.012197438790333427,261.29794203846774,17.890675491999488,1.5142995073241752,39.33102631572512,448.18997955322266,1788.469991048177,392.4070002237956
2300,397.3585201706702,41.52547920373047,0.012062516490690936,261.29794203846774,17.890675491999488,1.5142995073241752,39.33102631572512,448.2139841715495,1788.3599853515625,392.3519973754883
2301,397.1418562514217,41.29282936567,0.011928955108887071,261.29794203846774,17.890675491999488,1.5142995073241752,39.33102631572512,448.2379786173503,1788.249979654948,392.296999613444
2302,396.9266088152339,41.06295679863234,0.011796739810641398,261.29794203846774,17.890675491999488,1.5142995073241752,39.33102631572512,448.260986328125,1788.1500040690105,392.2429962158203
2303,396.71274815737706,40.835824189323034,0.011665855941634086,261.29794203846774,17.890675491999488,1.5142995073241752,39.33102631572512,448.2849833170573,1788.0599975585938,392.18800099690753
2304,396.5002453501152,40.61139481275025,0.011536289024779768,261.29794203846774,17.890675491999488,1.5142995073241752,39.33102631572512,448.3079833984375,1787.979990641276,392.1340026855469
2305,396.28907222173774,40.38963252038317,0.011408024757573096,261.29794203846774,17.890675491999488,1.5142995073241752,39.33102631572512,448.3309809366862,1787.8999837239585,392.0799967447917
2306,396.0792013360603,40.17050172867435,0.011281049009501826,261.29794203846774,17.890675491999488,1.5142995073241752,39.33102631572512,448.3529841105144,1787.8299967447915,392.02699788411456
2307,395.8706059724224,39.95396740792642,0.011155347819523726,261.29794203846774,17.890675491999488,1.5142995073241752,39.33102631572512,448.37598673502606,1787.759989420573,391.9729995727539
2308,395.6632601061601,39.73999507148526,0.011030907393603828,261.29794203846774,17.890675491999488,1.5142995073241752,39.33102631572512,448.3979848225911,1787.7000020345051,391.9189961751302
2309,395.4571383895352,39.528550765243246,0.010907714102308862,261.29794203846774,17.890675491999488,1.5142995073241752,39.33102631572512,448.4209798177083,1787.6400044759114,391.8659973144531
2310,395.25221613322907,39.31960105743711,0.010785754478456077,261.29794203846774,17.890675491999488,1.5142995073241752,39.33102631572512,448.442985534668,1787.5899963378906,391.81299845377606
2311,395.0484692881669,39.11311302872646,0.010665015214813691,261.29794203846774,17.890675491999488,1.5142995073241752,39.33102631572512,448.46498616536456,1787.53998819987,391.7599995930989
2312,394.8458744279668,38.90905426253985,0.010545483161850633,261.29794203846774,17.890675491999488,1.5142995073241752,39.33102631572512,448.4869842529297,1787.499979654948,391.70799763997394
2313,394.6444087317327,38.70739283567608,0.010427145325533311,261.29794203846774,17.890675491999488,1.5142995073241752,39.33102631572512,448.5079828898112,1787.4500122070312,391.6549987792969
2314,394.44404996737273,38.50809730914983,0.010309988865167345,261.29794203846774,17.890675491999488,1.5142995073241752,39.33102631572512,448.5299784342448,1787.4199930826824,391.6029993693034
2315,394.24477647530506,38.3111367192707,0.010194001091282405,261.29794203846774,17.890675491999488,1.5142995073241752,39.33102631572512,448.5509796142578,1787.3800150553386,391.5500005086263
2316,394.04656715268567,38.11648056894631,0.010079169463558352,261.29794203846774,17.890675491999488,1.5142995073241752,39.33102631572512,448.5719807942708,1787.3499959309895,391.4980010986328
2317,393.8494014379731,37.9240988192,0.00996548158879111,261.29794203846774,17.890675491999488,1.5142995073241752,39.33102631572512,448.59297943115234,1787.3200073242188,391.4459991455078
2318,393.65325929598873,37.73396188089484,0.009852925218896743,261.29794203846774,17.890675491999488,1.5142995073241752,39.33102631572512,448.6139831542969,1787.2899780273438,391.39499918619794
2319,393.4581212033492,37.54604060665596,0.009741488248952369,261.29794203846774,17.890675491999488,1.5142995073241752,39.33102631572512,448.6349817911784,1787.2599792480469,391.3429997762044
2320,393.2639681343132,37.36030628298356,0.009631158715272575,261.29794203846774,17.890675491999488,1.5142995073241752,39.33102631572512,448.6549835205078,1787.2400004069011,391.29199473063153
2321,393.070781547032,37.176730622549854,0.009521924793520178,261.29794203846774,17.890675491999488,1.5142995073241752,39.33102631572512,448.6759796142578,1787.2200012207031,391.239995320638
2322,392.8785433701667,36.9952857566732,0.009413774796850165,261.29794203846774,17.890675491999488,1.5142995073241752,39.33102631572512,448.6959838867188,1787.1999918619792,391.18899790445965
2323,392.6872359899066,36.81594422796316,0.0093066971740858,261.29794203846774,17.890675491999488,1.5142995073241752,39.33102631572512,448.7159805297852,1787.1799825032551,391.1380004882813
2324,392.4968422372984,36.638678983130944,0.00920068050792586,261.29794203846774,17.890675491999488,1.5142995073241752,39.33102631572512,448.7359797159831,1787.1600138346355,391.0870005289714
2325,392.3073453760391,36.463463365959306,0.009095713513182148,261.29794203846774,17.890675491999488,1.5142995073241752,39.33102631572512,448.755983988444,1787.1499938964844,391.0369974772136
2326,392.11872909047673,36.29027111042707,0.008991785035046333,261.29794203846774,17.890675491999488,1.5142995073241752,39.33102631572512,448.7749862670898,1787.1300150553386,390.9860026041667
2327,391.9309774740589,36.11907633398308,0.008888884047385396,261.29794203846774,17.890675491999488,1.5142995073241752,39.33102631572512,448.7949778238933,1787.1199747721355,390.9359970092773
2328,391.7440750180715,35.94985353096503,0.008786999651064794,261.29794203846774,17.890675491999488,1.5142995073241752,39.33102631572512,448.8139801025391,1787.0999959309895,390.88499704996747
2329,391.55800660069605,35.78257756615871,0.008686121072298731,261.29794203846774,17.890675491999488,1.5142995073241752,39.33102631572512,448.8329823811849,1787.0899861653645,390.83500417073566
2330,391.37275747635806,35.6172236684934,0.008586237661026761,261.29794203846774,17.890675491999488,1.5142995073241752,39.33102631572512,448.8519821166992,1787.0799967447915,390.7849985758464
2331,391.1883132654495,35.45376742486951,0.00848733888931611,261.29794203846774,17.890675491999488,1.5142995073241752,39.33102631572512,448.870979309082,1787.0699971516926,390.7350006103516
2332,391.004659944255,35.29218477411444,0.008389414349789077,261.29794203846774,17.890675491999488,1.5142995073241752,39.33102631572512,448.8899841308594,1787.0599975585938,390.6850001017253
2333,390.82178383522535,35.13245200106326,0.00829245375407495,261.29794203846774,17.890675491999488,1.5142995073241752,39.33102631572512,448.9089813232422,1787.06000773112,390.63500213623047
2334,390.6396715975181,34.974545730760454,0.00819644693128582,261.29794203846774,17.890675491999488,1.5142995073241752,39.33102631572512,448.92698160807294,1787.0500081380208,390.5860010782878
2335,390.45831021777934,34.818442922779674,0.008101383826515818,261.29794203846774,17.890675491999488,1.5142995073241752,39.33102631572512,448.9449844360352,1787.0399983723958,390.53600056966144
2336,390.27768700125404,34.664120865658035,0.008007254499363209,261.29794203846774,17.890675491999488,1.5142995073241752,39.33102631572512,448.963981628418,1787.0299886067708,390.4870020548503
2337,390.09778956304524,34.51155717144211,0.007914049122474884,261.29794203846774,17.890675491999488,1.5142995073241752,39.33102631572512,448.9819819132487,1787.0299987792969,390.43799845377606
2338,389.9186058197552,34.36072977034249,0.007821757980112743,261.29794203846774,17.890675491999488,1.5142995073241752,39.33102631572512,448.999979654948,1787.019989013672,390.3889999389648
2339,389.7401239812456,34.21161690549434,0.007730371466741556,261.29794203846774,17.890675491999488,1.5142995073241752,39.33102631572512,449.01698303222656,1787.019989013672,390.3400014241536
2340,389.5623325426994,34.06419712782096,0.007639880085637821,261.29794203846774,17.890675491999488,1.5142995073241752,39.33102631572512,449.0349833170573,1787.0099995930989,390.2910003662109
2341,389.38522027690794,33.91844929099797,0.007550274447519239,261.29794203846774,17.890675491999488,1.5142995073241752,39.33102631572512,449.052983601888,1787.0099995930989,390.24199930826825
2342,389.2087762267484,33.77435254651543,0.007461545269194358,261.29794203846774,17.890675491999488,1.5142995073241752,39.33102631572512,449.0699844360352,1787.0,390.19300333658856
2343,389.0329896978763,33.631886338835685,0.007373683372232025,261.29794203846774,17.890675491999488,1.5142995073241752,39.33102631572512,449.0869852701823,1787.000010172526,390.14500427246094
2344,388.8578502516927,33.491030400644306,0.007286679681650275,261.29794203846774,17.890675491999488,1.5142995073241752,39.33102631572512,449.104985555013,1787.000010172526,390.0959981282552
2345,388.68334769839845,33.35176474819224,0.007200525224624238,261.29794203846774,17.890675491999488,1.5142995073241752,39.33102631572512,449.1219813028972,1786.989990234375,390.0479990641276
2346,388.5094720903543,33.21406967672661,0.007115211129212755,261.29794203846774,17.890675491999488,1.5142995073241752,39.33102631572512,449.1379801432292,1786.990010579427,390.00000254313153
2347,388.33621371556274,33.077925756008376,0.007030728623103365,261.29794203846774,17.890675491999488,1.5142995073241752,39.33102631572512,449.1549784342448,1786.989990234375,389.9509989420573
2348,388.16356309136097,32.94331382591468,0.006947069032375296,261.29794203846774,17.890675491999488,1.5142995073241752,39.33102631572512,449.17198435465497,1786.980010986328,389.9029998779297
2349,387.9915109582865,32.810214992123825,0.006864223780280135,261.29794203846774,17.890675491999488,1.5142995073241752,39.33102631572512,449.187983194987,1786.980010986328,389.8549982706706
2350,387.82004827412163,32.67861062188123,0.006782184386039912,261.29794203846774,17.890675491999488,1.5142995073241752,39.33102631572512,449.2049840291341,1786.980000813802,389.80799611409503
2351,387.6491662081158,32.54848233984422,0.006700942463662203,261.29794203846774,17.890675491999488,1.5142995073241752,39.33102631572512,449.2209828694661,1786.979990641276,389.760004679362
2352,387.4788561353166,32.419812024004116,0.006620489720772071,261.29794203846774,17.890675491999488,1.5142995073241752,39.33102631572512,449.23698170979816,1786.9700113932292,389.7120030721029
2353,387.3091096311587,32.29258180168373,0.006540817957460428,261.29794203846774,17.890675491999488,1.5142995073241752,39.33102631572512,449.2529830932617,1786.9700012207031,389.66400146484375
2354,387.13991846612345,32.16677404560856,0.006461919065148626,261.29794203846774,17.890675491999488,1.5142995073241752,39.33102631572512,449.2689844767253,1786.969991048177,389.6169967651367
2355,386.9712746005763,32.04237137005028,0.006383785025468969,261.29794203846774,17.890675491999488,1.5142995073241752,39.33102631572512,449.2849807739258,1786.9700012207031,389.5690002441406
2356,386.80317017974585,31.9193566270406,0.0063064079091608655,261.29794203846774,17.890675491999488,1.5142995073241752,39.33102631572512,449.3009821573893,1786.969991048177,389.5220031738281
2357,386.63559752888057,31.797712902654226,0.006229779874982376,261.29794203846774,17.890675491999488,1.5142995073241752,39.33102631572512,449.3159790039063,1786.9600016276042,389.4749984741211
2358,386.46854914845596,31.677423513359315,0.006153893168636888,261.29794203846774,17.890675491999488,1.5142995073241752,39.33102631572512,449.3319829305013,1786.959981282552,389.42799886067706
2359,386.3020177096285,31.558472002433927,0.006078740121714673,261.29794203846774,17.890675491999488,1.5142995073241752,39.33102631572512,449.3469797770183,1786.959981282552,389.3809992472331
2360,386.13599604971535,31.440842136447138,0.00600431315064908,261.29794203846774,17.890675491999488,1.5142995073241752,39.33102631572512,449.36198170979816,1786.96001180013,389.33399709065753
2361,385.9704771678745,31.324517901803382,0.005930604755687115,261.29794203846774,17.890675491999488,1.5142995073241752,39.33102631572512,449.3779805501302,1786.959991455078,389.28700256347656
2362,385.80545422085044,31.2094835013487,0.005857607519874186,261.29794203846774,17.890675491999488,1.5142995073241752,39.33102631572512,449.3929850260417,1786.9499918619792,389.24000040690106
2363,385.64092051888787,31.095723351037556,0.005785314108052771,261.29794203846774,17.890675491999488,1.5142995073241752,39.33102631572512,449.4069798787434,1786.9500020345051,389.1929982503255
2364,385.4768695217263,30.983222076659043,0.005713717265874799,261.29794203846774,17.890675491999488,1.5142995073241752,39.33102631572512,449.42198435465497,1786.9500122070312,389.146001180013
2365,385.31329483469665,30.871964510621062,0.005642809818827499,261.29794203846774,17.890675491999488,1.5142995073241752,39.33102631572512,449.4369812011719,1786.9500020345051,389.1000010172526
2366,385.1501902049953,30.76193568879146,0.005572584671272533,261.29794203846774,17.890675491999488,1.5142995073241752,39.33102631572512,449.4509862263997,1786.9500122070312,389.05299886067706
2367,384.98754951795956,30.65312084739484,0.005503034805498174,261.29794203846774,17.890675491999488,1.5142995073241752,39.33102631572512,449.46598561604816,1786.9400024414062,389.0069986979167
2368,384.8253667935273,30.545505419963888,0.0054341532807843365,261.29794203846774,17.890675491999488,1.5142995073241752,39.33102631572512,449.47998301188153,1786.93999226888,388.95999399820965
2369,384.66363618277194,30.43907503434414,0.00536593323248025,261.29794203846774,17.890675491999488,1.5142995073241752,39.33102631572512,449.49498240153,1786.9400024414062,388.9140040079753
2370,384.50235196450615,30.33381550975112,0.00529836787109459,261.29794203846774,17.890675491999488,1.5142995073241752,39.33102631572512,449.5089823404948,1786.93999226888,388.8680013020833
2371,384.3415085420289,30.229712853878688,0.005231450481397837,261.29794203846774,17.890675491999488,1.5142995073241752,39.33102631572512,449.52298736572266,1786.9300130208333,388.8220011393229
2372,384.1811004399107,30.12675326005765,0.005165174421536716,261.29794203846774,17.890675491999488,1.5142995073241752,39.33102631572512,449.53697967529297,1786.9300028483074,388.7760009765625
2373,384.0211223009075,30.024923104463596,0.00509953312216051,261.29794203846774,17.890675491999488,1.5142995073241752,39.33102631572512,449.5509796142578,1786.9300028483074,388.7299982706706
2374,383.8615688829421,29.924208943372953,0.005034520085559038,261.29794203846774,17.890675491999488,1.5142995073241752,39.33102631572512,449.5639826456706,1786.9299926757812,388.68399810791016
2375,383.70243505617145,29.824597510466287,0.004970128884812165,261.29794203846774,17.890675491999488,1.5142995073241752,39.33102631572512,449.5779800415039,1786.9300028483074,388.6379979451497
2376,383.5437158001272,29.726075714177963,0.0049063531629506265,261.29794203846774,17.890675491999488,1.5142995073241752,39.33102631572512,449.59098561604816,1786.9200134277344,388.5920003255208
2377,383.3854062009496,29.62863063509117,0.004843186632128022,261.29794203846774,17.890675491999488,1.5142995073241752,39.33102631572512,449.60497792561847,1786.9199930826824,388.5460027058919
2378,383.2275014486896,29.532249523377466,0.004780623072803774,261.29794203846774,17.890675491999488,1.5142995073241752,39.33102631572512,449.6179809570313,1786.9199930826824,388.5010019938151
2379,383.06999683467416,29.436919796279927,0.004718656332936916,261.29794203846774,17.890675491999488,1.5142995073241752,39.33102631572512,449.6309814453125,1786.9199930826824,388.4550043741862
2380,382.91288774896867,29.342629035639106,0.0046572803271905374,261.29794203846774,17.890675491999488,1.5142995073241752,39.33102631572512,449.6449813842773,1786.9099934895833,388.4100062052409
2381,382.7561696778803,29.24936498546088,0.004596489036146713,261.29794203846774,17.890675491999488,1.5142995073241752,39.33102631572512,449.6579793294271,1786.9100036621094,388.36399841308594
2382,382.5998382015528,29.157115549525408,0.004536276505531757,261.29794203846774,17.890675491999488,1.5142995073241752,39.33102631572512,449.67098236083984,1786.9099833170574,388.3190053304036
2383,382.44388899160253,29.065868789036436,0.004476636845451663,261.29794203846774,17.890675491999488,1.5142995073241752,39.33102631572512,449.682980855306,1786.9000040690105,388.2740020751953
2384,382.28831780885844,28.97561292031007,0.004417564229637563,261.29794203846774,17.890675491999488,1.5142995073241752,39.33102631572512,449.6959813435872,1786.9000142415364,388.2279993693034
2385,382.13312050110545,28.88633631250241,0.004359052894701057,261.29794203846774,17.890675491999488,1.5142995073241752,39.33102631572512,449.708984375,1786.9000040690105,388.18299865722656
2386,381.97829300094537,28.798027485375084,0.004301097139399272,261.29794203846774,17.890675491999488,1.5142995073241752,39.33102631572512,449.72098032633465,1786.8999938964844,388.1380030314128
2387,381.823831323684,28.710675107098147,0.004243691323909487,261.29794203846774,17.890675491999488,1.5142995073241752,39.33102631572512,449.7339833577474,1786.8899841308594,388.0929997762044
2388,381.6697315652678,28.624267992089578,0.00418682986911321,261.29794203846774,17.890675491999488,1.5142995073241752,39.33102631572512,449.74598693847656,1786.8900044759114,388.0479965209961
2389,381.51598990033904,28.53879509889052,0.00413050725588954,261.29794203846774,17.890675491999488,1.5142995073241752,39.33102631572512,449.7579803466797,1786.8900146484375,388.0029983520508
2390,381.36260258020513,28.454245528075912,0.004074718024417691,261.29794203846774,17.890675491999488,1.5142995073241752,39.33102631572512,449.77098083496094,1786.8799947102864,387.95799763997394
2391,381.20956593106956,28.370608520199454,0.004019456773488534,261.29794203846774,17.890675491999488,1.5142995073241752,39.33102631572512,449.7829818725586,1786.8799947102864,387.9139989217122
2392,381.05687635208443,28.287873453772583,0.003964718159825041,261.29794203846774,17.890675491999488,1.5142995073241752,39.33102631572512,449.7949803670247,1786.8800048828125,387.8690007527669
2393,380.90453031363813,28.206029843276596,0.003910496897411465,261.29794203846774,17.890675491999488,1.5142995073241752,39.33102631572512,449.8069814046224,1786.8700052897136,387.8240025838216
2394,380.7525243555735,28.125067337207426,0.0038567877568311715,261.29794203846774,17.890675491999488,1.5142995073241752,39.33102631572512,449.81897989908856,1786.8700052897136,387.7799987792969
2395,380.6008550855232,28.044975716152408,0.003803585564612973,261.29794203846774,17.890675491999488,1.5142995073241752,39.33102631572512,449.8299814860026,1786.8700052897136,387.73499806722
2396,380.44951917723154,27.96574489089845,0.003750885202585813,261.29794203846774,17.890675491999488,1.5142995073241752,39.33102631572512,449.8419799804688,1786.8599955240886,387.6909993489583
2397,380.29851336896627,27.88736490057098,0.003698681607241755,261.29794203846774,17.890675491999488,1.5142995073241752,39.33102631572512,449.8539810180664,1786.8599955240886,387.64599863688153
2398,380.1478344619823,27.80982591080317,0.0036469697691070575,261.29794203846774,17.890675491999488,1.5142995073241752,39.33102631572512,449.86498006184894,1786.8600056966145,387.6019999186198
2399,379.9974793189251,27.73311821193486,0.0035957447321213103,261.29794203846774,17.890675491999488,1.5142995073241752,39.33102631572512,449.8769785563151,1786.8499959309895,387.5580012003581
2400,379.8474448624495,27.65723221724052,0.00354500159302445,261.29794203846774,17.890675491999488,1.5142995073241752,39.33102631572512,449.8879826863607,1786.8499959309895,387.5130004882813
2401,379.69772807369884,27.58215846118595,0.0034947355007515666,261.29794203846774,17.890675491999488,1.5142995073241752,39.33102631572512,449.8989817301433,1786.8499959309895,387.46900177001953
2402,379.54832599094016,27.507887597712887,0.00344494165583539,261.29794203846774,17.890675491999488,1.5142995073241752,39.33102631572512,449.9099807739258,1786.8400166829426,387.4250005086263
2403,379.3992357081808,27.434410398551293,0.0033956153098163447,261.29794203846774,17.890675491999488,1.5142995073241752,39.33102631572512,449.9209772745768,1786.8400065104167,387.3809967041016
2404,379.2504543738679,27.361717751558615,0.003346751764660051,261.29794203846774,17.890675491999488,1.5142995073241752,39.33102631572512,449.9319788614909,1786.8300069173176,387.3370005289714
2405,379.10197918954555,27.289800659085653,0.0032983463721821898,261.29794203846774,17.890675491999488,1.5142995073241752,39.33102631572512,449.94298044840497,1786.8300069173176,387.2929992675781
2406,378.9538074086396,27.218650236368436,0.003250394533480603,261.29794203846774,17.890675491999488,1.5142995073241752,39.33102631572512,449.95398203531903,1786.8299865722656,387.2489954630534
2407,378.8059363352008,27.148257709945778,0.0032028916983745373,261.29794203846774,17.890675491999488,1.5142995073241752,39.33102631572512,449.96497853597,1786.8199971516926,387.2049967447917
2408,378.6583633227137,27.07861441610188,0.00315583336485093,261.29794203846774,17.890675491999488,1.5142995073241752,39.33102631572512,449.9759826660156,1786.8200174967449,387.16100056966144
2409,378.51108577294355,27.00971179933368,0.0031092150785176327,261.29794203846774,17.890675491999488,1.5142995073241752,39.33102631572512,449.98598225911456,1786.8200073242188,387.11799875895184
2410,378.3641011347819,26.941541410842405,0.003063032432063479,261.29794203846774,17.890675491999488,1.5142995073241752,39.33102631572512,449.9969787597656,1786.8099873860676,387.0740025838216
2411,378.2174069031635,26.874094907048953,0.003017281064725097,261.29794203846774,17.890675491999488,1.5142995073241752,39.33102631572512,450.0069808959961,1786.8099975585938,387.0299936930339
2412,378.0710006179681,26.80736404813259,0.0029719566617603674,261.29794203846774,17.890675491999488,1.5142995073241752,39.33102631572512,450.01798248291016,1786.8000183105469,386.9869969685872
2413,377.9248798629843,26.74134069659269,0.0029270549539284433,261.29794203846774,17.890675491999488,1.5142995073241752,39.33102631572512,450.0279820760091,1786.7999877929688,386.9429982503255
2414,377.77904226489466,26.676016815832917,0.002882571716976228,261.29794203846774,17.890675491999488,1.5142995073241752,39.33102631572512,450.0379816691081,1786.7899983723958,386.8999989827474
2415,377.6334854922502,26.611384468767667,0.002838502771131232,261.29794203846774,17.890675491999488,1.5142995073241752,39.33102631572512,450.04798380533856,1786.790018717448,386.8559977213542
2416,377.48820725454124,26.547435816450147,0.002794843980600704,261.29794203846774,17.890675491999488,1.5142995073241752,39.33102631572512,450.0579833984375,1786.7899983723958,386.8130035400391
2417,377.3432053012259,26.48416311672191,0.002751591253076975,261.29794203846774,17.890675491999488,1.5142995073241752,39.33102631572512,450.067985534668,1786.780008951823,386.76999918619794
2418,377.1984774208119,26.421558722883344,0.0027087405392488936,261.29794203846774,17.890675491999488,1.5142995073241752,39.33102631572512,450.0779825846354,1786.7799987792969,386.7269999186198
2419,377.0540214399767,26.359615082384757,0.0026662878323192953,261.29794203846774,17.890675491999488,1.5142995073241752,39.33102631572512,450.0879847208659,1786.770009358724,386.6830012003581
2420,376.90983522266066,26.298324735537758,0.0026242291675284126,261.29794203846774,17.890675491999488,1.5142995073241752,39.33102631572512,450.0979817708333,1786.770009358724,386.64000193278
2421,376.765916669259,26.23768031424654,0.002582560621683139,261.29794203846774,17.890675491999488,1.5142995073241752,39.33102631572512,450.10797627766925,1786.7599995930989,386.5969975789388
2422,376.6222637157532,26.17767454075865,0.0025412783126920824,261.29794203846774,17.890675491999488,1.5142995073241752,39.33102631572512,450.11698150634766,1786.7599792480469,386.5539983113607
2423,376.4788743329275,26.11830022643509,0.0025003783991062955,261.29794203846774,17.890675491999488,1.5142995073241752,39.33102631572512,450.1269836425781,1786.750030517578,386.5109990437825
2424,376.3357465255516,26.05955027053915,0.0024598570796656462,261.29794203846774,17.890675491999488,1.5142995073241752,39.33102631572512,450.1359761555989,1786.75,386.4679997762044
2425,376.19287833166305,26.00141765904393,0.002419710592850719,261.29794203846774,17.890675491999488,1.5142995073241752,39.33102631572512,450.145985921224,1786.740010579427,386.4250030517578
2426,376.05026782175526,25.94389546345797,0.0023799352164401784,261.29794203846774,17.890675491999488,1.5142995073241752,39.33102631572512,450.1549809773763,1786.739990234375,386.38200124104816
2427,375.9079130981029,25.886976839668883,0.002340527267073544,261.29794203846774,17.890675491999488,1.5142995073241752,39.33102631572512,450.1639811197917,1786.730010986328,386.33999888102215
2428,375.76581229401154,25.830655026804557,0.0023014830998192497,261.29794203846774,17.890675491999488,1.5142995073241752,39.33102631572512,450.17398325602215,1786.730000813802,386.296999613444
2429,375.6239635731473,25.7749233461116,0.002262799107747977,261.29794203846774,17.890675491999488,1.5142995073241752,39.33102631572512,450.182980855306,1786.7200012207031,386.2540003458659
2430,375.4823651288439,25.71977519985091,0.0022244717215111494,261.29794203846774,17.890675491999488,1.5142995073241752,39.33102631572512,450.1919809977214,1786.7200012207031,386.2119954427083
2431,375.34101518346745,25.66520407020983,0.0021864974089245283,261.29794203846774,17.890675491999488,1.5142995073241752,39.33102631572512,450.2009785970052,1786.7100016276042,386.1690012613933
2432,375.19991198773783,25.61120351823083,0.002148872674556844,261.29794203846774,17.890675491999488,1.5142995073241752,39.33102631572512,450.20998128255206,1786.709991455078,386.12699635823566
2433,375.0590538201395,25.557767182756237,0.002111594059323396,261.29794203846774,17.890675491999488,1.5142995073241752,39.33102631572512,450.21898651123047,1786.7000020345051,386.08399963378906
2434,374.91843898627434,25.504888779388946,0.002074658140084544,261.29794203846774,17.890675491999488,1.5142995073241752,39.33102631572512,450.2279815673828,1786.7000020345051,386.0419998168945
2435,374.7780658183067,25.452562099468615,0.0020380615292490394,261.29794203846774,17.890675491999488,1.5142995073241752,39.33102631572512,450.23698170979816,1786.6900126139324,385.9990005493164
2436,374.6379326743483,25.40078100906328,0.00200180087438212,261.29794203846774,17.890675491999488,1.5142995073241752,39.33102631572512,450.2449773152669,1786.6900024414062,385.9569981892904
2437,374.49803793790176,25.349539447976007,0.0019658728578183012,261.29794203846774,17.890675491999488,1.5142995073241752,39.33102631572512,450.2539825439453,1786.6799926757812,385.91500091552734
2438,374.3583800173106,25.2988314287664,0.0019302741962788264,261.29794203846774,17.890675491999488,1.5142995073241752,39.33102631572512,450.26198323567706,1786.6700032552085,385.8719991048177
2439,374.21895734521956,25.248651035786615,0.001895001640493666,261.29794203846774,17.890675491999488,1.5142995073241752,39.33102631572512,450.27098337809247,1786.6700236002605,385.8299992879232
2440,374.07976837805336,25.19899242423177,0.0018600519748280656,261.29794203846774,17.890675491999488,1.5142995073241752,39.33102631572512,450.27898661295575,1786.6600036621094,385.78800201416016
2441,373.9408115954924,25.149849819204423,0.0018254220169135194,261.29794203846774,17.890675491999488,1.5142995073241752,39.33102631572512,450.2879816691081,1786.6600036621094,385.7459971110026
2442,373.80208549997604,25.101217514792864,0.0017911086172831632,261.29794203846774,17.890675491999488,1.5142995073241752,39.33102631572512,450.2959798177083,1786.6500142415364,385.7040023803711
2443,373.6635886162383,25.05308987316308,0.0017571086590115004,261.29794203846774,17.890675491999488,1.5142995073241752,39.33102631572512,450.3039830525716,1786.6500040690105,385.6619974772136
2444,373.52531949077604,25.00546132366408,0.0017234190573583996,261.29794203846774,17.890675491999488,1.5142995073241752,39.33102631572512,450.3129806518554,1786.6399841308594,385.6200002034505
2445,373.38727669146135,24.958326361946384,0.0016900367594173244,261.29794203846774,17.890675491999488,1.5142995073241752,39.33102631572512,450.32097880045575,1786.6299947102864,385.578000386556
2446,373.24945880700415,24.911679549093513,0.0016569587437677308,261.29794203846774,17.890675491999488,1.5142995073241752,39.33102631572512,450.3289845784505,1786.6300048828125,385.5359954833984
2447,373.1118644465891,24.865515510766144,0.0016241820201315816,261.29794203846774,17.890675491999488,1.5142995073241752,39.33102631572512,450.3369827270508,1786.6199951171875,385.4940007527669
2448,372.9744922393872,24.819828936358835,0.0015917036290339075,261.29794203846774,17.890675491999488,1.5142995073241752,39.33102631572512,450.3449834187825,1786.6199849446614,385.4519958496094
2449,372.8373408341602,24.77461457816909,0.0015595206414673853,261.29794203846774,17.890675491999488,1.5142995073241752,39.33102631572512,450.3529790242513,1786.6099955240886,385.41099802653
2450,372.7004088988473,24.72986725057848,0.001527630158560866,261.29794203846774,17.890675491999488,1.5142995073241752,39.33102631572512,450.3609848022461,1786.5999959309895,385.3690007527669
2451,372.563695120171,24.685581829245738,0.0014960293112518022,261.29794203846774,17.890675491999488,1.5142995073241752,39.33102631572512,450.36898549397785,1786.5999857584636,385.3269958496094
2452,372.4271982032173,24.64175325031155,0.0014647152599625286,261.29794203846774,17.890675491999488,1.5142995073241752,39.33102631572512,450.375981648763,1786.5900065104167,385.28599802653
2453,372.29091687109076,24.59837650961487,0.0014336851942803373,261.29794203846774,17.890675491999488,1.5142995073241752,39.33102631572512,450.3839874267578,1786.5800069173176,385.2440007527669
2454,372.1548498645189,24.555446661920616,0.0014029363326413108,261.29794203846774,17.890675491999488,1.5142995073241752,39.33102631572512,450.39198048909503,1786.5800069173176,385.20299530029297
2455,372.01899594149955,24.512958820158474,0.0013724659220178512,261.29794203846774,17.890675491999488,1.5142995073241752,39.33102631572512,450.3989817301433,1786.5699971516926,385.16099802653
2456,371.88335387693087,24.470908154672724,0.0013422712376098627,261.29794203846774,17.890675491999488,1.5142995073241752,39.33102631572512,450.4069849650065,1786.5599873860676,385.1200002034505
2457,371.7479224622944,24.42928989248282,0.0013123495825395433,261.29794203846774,17.890675491999488,1.5142995073241752,39.33102631572512,450.4139836629232,1786.5599975585938,385.078000386556
2458,371.6127005052689,24.38809931655465,0.001282698287549733,261.29794203846774,17.890675491999488,1.5142995073241752,39.33102631572512,450.4219818115234,1786.5500081380208,385.0369974772136
2459,371.4776868294679,24.347331765082195,0.0012533147107057776,261.29794203846774,17.890675491999488,1.5142995073241752,39.33102631572512,450.4289805094401,1786.540008544922,384.9960021972656
2460,371.34288027403585,24.306982630779487,0.0012241962371008584,261.29794203846774,17.890675491999488,1.5142995073241752,39.33102631572512,450.4369837443034,1786.53998819987,384.9539998372396
2461,371.2082796934053,24.267047360182715,0.0011953402785647447,261.29794203846774,17.890675491999488,1.5142995073241752,39.33102631572512,450.44398244222,1786.5299886067708,384.9129994710286
2462,371.0738839569528,24.22752145296225,0.0011667442733759297,261.29794203846774,17.890675491999488,1.5142995073241752,39.33102631572512,450.4509862263997,1786.520009358724,384.8720016479492
2463,370.9396919487035,24.188400461244484,0.001138405685977097,261.29794203846774,17.890675491999488,1.5142995073241752,39.33102631572512,450.4579798380534,1786.510009765625,384.8310012817383
2464,370.8057025670364,24.149679988943298,0.0011103220066938848,261.29794203846774,17.890675491999488,1.5142995073241752,39.33102631572512,450.4649810791016,1786.5100199381511,384.79000091552734
2465,370.67191472441993,24.111355691101025,0.001082490751456895,261.29794203846774,17.890675491999488,1.5142995073241752,39.33102631572512,450.4719848632813,1786.499989827474,384.7489954630534
2466,370.53832734708936,24.07342327323876,0.001054909461526921,261.29794203846774,17.890675491999488,1.5142995073241752,39.33102631572512,450.47898356119794,1786.490010579427,384.70800526936847
2467,370.4049393748224,24.035878490715817,0.001027575703223333,261.29794203846774,17.890675491999488,1.5142995073241752,39.33102631572512,450.4859873453776,1786.480000813802,384.66699473063153
2468,370.2717497606371,23.998717148098265,0.0010004870676556018,261.29794203846774,17.890675491999488,1.5142995073241752,39.33102631572512,450.4929809570313,1786.479990641276,384.62599690755206
2469,370.13875747055033,23.96193509853633,0.0009736411704579034,261.29794203846774,17.890675491999488,1.5142995073241752,39.33102631572512,450.4999847412109,1786.4700113932292,384.5849965413411
2470,370.0059614833094,23.925528243150605,0.0009470356515267743,261.29794203846774,17.890675491999488,1.5142995073241752,39.33102631572512,450.5069808959961,1786.459991455078,384.5439987182617
2471,369.873360790172,23.889492530426807,0.0009206681747617818,261.29794203846774,17.890675491999488,1.5142995073241752,39.33102631572512,450.5139846801758,1786.4500020345051,384.5029983520508
2472,369.74095439460706,23.853823955619063,0.0008945364278091612,261.29794203846774,17.890675491999488,1.5142995073241752,39.33102631572512,450.52098337809247,1786.4499816894531,384.4630025227864
2473,369.6087413121343,23.818518560161543,0.0008686381218083916,261.29794203846774,17.890675491999488,1.5142995073241752,39.33102631572512,450.52698771158856,1786.4400126139324,384.4220021565755
2474,369.47672057001824,23.783572431088295,0.0008429709911416664,261.29794203846774,17.890675491999488,1.5142995073241752,39.33102631572512,450.5339864095052,1786.4299926757812,384.3809992472331
2475,369.344891207102,23.748981700461194,0.000817532793186228,261.29794203846774,17.890675491999488,1.5142995073241752,39.33102631572512,450.5399805704753,1786.4200032552085,384.34099833170575
2476,369.21325227353566,23.7147425448058,0.0007923213080695262,261.29794203846774,17.890675491999488,1.5142995073241752,39.33102631572512,450.5469818115234,1786.4100036621094,384.3000030517578
2477,369.0818028306173,23.680851184555145,0.0007673343384271701,261.29794203846774,17.890675491999488,1.5142995073241752,39.33102631572512,450.5529810587565,1786.4000244140625,384.2590026855469
2478,368.9505419505044,23.647303883501138,0.000742569709163627,261.29794203846774,17.890675491999488,1.5142995073241752,39.33102631572512,450.5599822998047,1786.4000040690105,384.218999226888
2479,368.8194687160976,23.614096948253646,0.0007180252672156509,261.29794203846774,17.890675491999488,1.5142995073241752,39.33102631572512,450.5659790039063,1786.3900146484375,384.1780014038086
2480,368.68858222075926,23.581226727706998,0.0006936988813183937,261.29794203846774,17.890675491999488,1.5142995073241752,39.33102631572512,450.5729853312175,1786.3800048828125,384.1380004882813
2481,368.5578815681772,23.548689612513904,0.0006695884417741649,261.29794203846774,17.890675491999488,1.5142995073241752,39.33102631572512,450.5789794921875,1786.3700154622395,384.0979970296224
2482,368.42736587212266,23.51648203456657,0.0006456918602238252,261.29794203846774,17.890675491999488,1.5142995073241752,39.33102631572512,450.5849787394206,1786.3600158691406,384.05699920654297
2483,368.29703425630095,23.48460046648499,0.0006220070694207465,261.29794203846774,17.890675491999488,1.5142995073241752,39.33102631572512,450.5919825236003,1786.3499755859375,384.0169982910156
2484,368.16688585414886,23.453041421112257,0.0005985320230073476,261.29794203846774,17.890675491999488,1.5142995073241752,39.33102631572512,450.5979792277018,1786.3399963378906,383.9769973754883
2485,368.03691980865494,23.42180145101677,0.0005752646952941423,261.29794203846774,17.890675491999488,1.5142995073241752,39.33102631572512,450.6039784749349,1786.3299967447915,383.9359970092773
2486,367.90713527218674,23.390877148001298,0.0005522030810412807,261.29794203846774,17.890675491999488,1.5142995073241752,39.33102631572512,450.609987894694,1786.3199971516926,383.896001180013
2487,367.77753140632103,23.360265142618722,0.0005293451952425581,261.29794203846774,17.890675491999488,1.5142995073241752,39.33102631572512,450.6159795125325,1786.31000773112,383.85600026448566
2488,367.6481073816722,23.329962103694392,0.0005066890729118461,261.29794203846774,17.890675491999488,1.5142995073241752,39.33102631572512,450.6219813028972,1786.2999877929688,383.8159968058269
2489,367.5188623777373,23.29996473785497,0.00048423276887193495,261.29794203846774,17.890675491999488,1.5142995073241752,39.33102631572512,450.6279805501302,1786.2899983723958,383.776003519694
2490,367.38979558269915,23.270269789063757,0.0004619743575457391,261.29794203846774,17.890675491999488,1.5142995073241752,39.33102631572512,450.6339848836263,1786.2799987792969,383.7360026041667
2491,367.2609061933465,23.240874038162204,0.00043991193274985025,261.29794203846774,17.890675491999488,1.5142995073241752,39.33102631572512,450.6399841308594,1786.269999186198,383.6959991455078
2492,367.1321934148252,23.21177430241775,0.00041804360749040335,261.29794203846774,17.890675491999488,1.5142995073241752,39.33102631572512,450.64598083496094,1786.2599995930989,383.656000773112
2493,367.0036564605643,23.18296743507773,0.0003963675137612274,261.29794203846774,17.890675491999488,1.5142995073241752,39.33102631572512,450.6509806315104,1786.25,383.6159998575847
2494,366.8752945520812,23.154450324929314,0.0003748818023442552,261.29794203846774,17.890675491999488,1.5142995073241752,39.33102631572512,450.656977335612,1786.2400004069011,383.5760014851888
2495,366.74710691886224,23.126219895865365,0.0003535846426121615,261.29794203846774,17.890675491999488,1.5142995073241752,39.33102631572512,450.6629816691081,1786.229990641276,383.53599802653
2496,366.61909279823027,23.098273106456208,0.0003324742223332045,261.29794203846774,17.890675491999488,1.5142995073241752,39.33102631572512,450.6689860026042,1786.2200113932292,383.4959996541341
2497,366.49125143516324,23.070606949527082,0.0003115487474782464,261.29794203846774,17.890675491999488,1.5142995073241752,39.33102631572512,450.6739857991536,1786.209991455078,383.4559987386068
2498,366.36358208222913,23.043218451741303,0.00029080644202991805,261.29794203846774,17.890675491999488,1.5142995073241752,39.33102631572512,450.6799850463867,1786.2000122070312,383.4160003662109
2499,366.2360839993724,23.01610467318902,0.00027024554779391116,261.29794203846774,17.890675491999488,1.5142995073241752,39.33102631572512,450.6849797566732,1786.1799926757812,383.37699635823566
2500,366.1087564538653,22.989262706981457,0.00024986432421236743,261.29794203846774,17.890675491999488,1.5142995073241752,39.33102631572512,450.687978108724,1786.1799926757812,383.3570048014323
