Energy Balance Model.Heat Capacity of Land & Ocean Surface[*],Energy Balance Model.Heat Capacity of Thermocline Ocean[*],Energy Balance Model.Heat Capacity of Deep Ocean[*],Energy Balance Model.Deep Ocean Heat Uptake Efficacy Factor[*],Energy Balance Model.Heat Transfer Coefficient between Land & Ocean Surface and Space[*],Energy Balance Model.Heat Transfer Coefficient between Surface and Thermocline Ocean[*],Energy Balance Model.Heat Transfer Coefficient between Thermocline Ocean and Deep Ocean[*],Aerosol Forcing.Scaling Aerosol Cloud Interactions Effective Radiative Forcing scaling factor[*],Aerosol Forcing.Logarithmic Aerosol Cloud Interactions Effective Radiative Forcing scaling factor[*],Aerosol Forcing.Effective Radiative Forcing from Aerosol Radiation Interactions per unit SO2 Emissions[*],CH4 Forcing.Calibration scaling of CH4 forcing[*],N2O Forcing.Calibration scaling of N2O forcing[*],Minor GHGs Forcing.Calibration scaling of Minor GHG forcing[*],Stratospheric Water Vapour Forcing.Calibration scaling of Stratospheric H2O forcing[*],BC on Snow Forcing.Calibration scaling of Black Carbon on Snow forcing[*],Land Use Forcing.Calibration scaling of Albedo forcing[*],Land Use Forcing.Calibration scaling of Irrigation forcing[*],Natural Forcing.Calibration scaling of Volcano forcing[*],CO2 Forcing.Calibration scaling of CO2 forcing[*],Natural Forcing.Amplitude of Effective Radiative Forcing from Solar Output Variations[*],Natural Forcing.Linear trend in Effective Radiative Forcing from Solar Output Variations[*],Ozone Forcing.Ozone forcing per unit CH4 concentration change[*],Ozone Forcing.Ozone forcing per unit N2O concentration change[*],Ozone Forcing.Ozone forcing per unit Montreal gases equivalent effective stratospheric chlorine concentration change[*],Ozone Forcing.Ozone forcing per unit CO emissions change[*],Ozone Forcing.Ozone forcing per unit VOC emissions change[*],Ozone Forcing.Ozone forcing per unit NOx emissions change[*],Forest.CO2 tree net primary production parameter[*],Forest.STA maximum aboveground biomass per area parameter[*],Forest.STA squared maximum aboveground biomass per area parameter[*],Forest.STA squared tree net primary production parameter[*],Forest.STA tree net primary production parameter[*],Grass.CO2 grass net primary production parameter[*],Grass.STA grass net primary production parameter[*],Grass.STA squared grass net primary production parameter[*],Crop.harvest index for energy crops[*],Land Use.counterfactual aka no climate change mean burned area in 1980[*],Land Use.reference fraction of cropland burned out of total burned area[*],Land Use.reference fraction of forest burned out of total burned area[*],Forest.fraction biomass remaining after burning[*],forest soil carbon.fraction burning to slow[*],Crop.historical sustainable farming fraction[*],Crop.mass to coverage[*],Crop.conventional residue on field fraction[*],Crop.sustainable residue on field fraction[*],Terrestrial Carbon Balance.Forest carbon adaptation time[*],Ocean.Warm surface ocean alkalinity sensitivity to global T anomaly[*],Ocean.Cold surface ocean alkalinity sensitivity to global T anomaly[*],Ocean.High latitude carbon pump sensitivity to global T anomaly[*],Ocean.Warm surface ocean temperature sensitivity to global T anomaly[*],Ocean.Cold surface ocean temperature sensitivity to global T anomaly[*],Ocean.Warm surface ocean salinity sensitivity to global T anomaly[*],Ocean.Cold surface ocean salinity sensitivity to global T anomaly[*],Ocean.Depth of warm surface ocean layer[*],Ocean.Thickness of intermediate ocean layer[*],Ocean.Depth of cold surface ocean layer[*],Ocean.Reference overturning strength in Sv[*],Ocean.Reference intermediate to warm surface ocean mixing strength[*],Ocean.Reference cold surface to deep ocean mixing strength[*],Ocean.Reference strength of biological carbon pump in low latitude ocean[*],Ocean.Reference strength of biological carbon pump in high latitude ocean[*],Ocean.High latitude carbon pump transfer efficiency[*],Crop.normal harvest index for food crops[*],Crop.sensitivity of effect of crop yield on harvest index[*],Crop.harvest index for feed crops[*],Crop.sensitivity of effect of crop residue production on field fraction[*],soil carbon decay.cropland litter input share slow soil carbon[*],soil carbon decay.grassland litter input share slow soil carbon[*],soil carbon decay.mature forest litter input share slow soil carbon[*],soil carbon decay.young forest litter input share slow soil carbon[*],soil carbon decay.natural decay rate fast soil carbon[*],soil carbon decay.natural decay rate litter carbon[*],soil carbon decay.natural decay rate slow soil carbon[*],soil carbon decay.e0[*],soil carbon decay.temp_response[*],degraded land soil carbon.degraded land productivity reduction factor[*],Land Use.forest recovery time[*],Forest.tree net primary production in 1750[*],Grass.grass net primary production in 1750[*],CO2 Forcing.Atmospheric CO2 Concentration 1750[*],Forest.Normal mature forest aboveground biomass per area[*],Energy Balance Model.Initial Deep Ocean Temperature[*],Energy Balance Model.Initial Land & Ocean Surface Temperature[*],Energy Balance Model.Initial ocean heat content change[*],Energy Balance Model.Initial Thermocline Ocean Temperature[*],CH4 Forcing.Initial CH4 in atmosphere[*],CO2 Forcing.Initial Atmospheric CO2 mass anomaly since 1750[*],Ocean.Initial Cold surface ocean carbon reservoir[*],Ocean.Initial Cold surface ocean pH[*],Ocean.Initial Deep ocean ocean carbon reservoir[*],Ocean.Initial Intermediate depth ocean carbon reservoir[*],Ocean.Initial Warm surface ocean carbon reservoir[*],Ocean.Initial Warm surface ocean pH[*],Sea Level.Initial AntIS Radius[*],Sea Level.Initial AntIS Volume[*],Sea Level.Initial Sea level anomaly from GrIS DIS[*],Sea Level.Initial Sea level anomaly from GrIS SMB[*],Sea Level.Initial Sea level anomaly from mountain glaciers[*],Sea Level.Initial Sea level anomaly from thermal expansion[*],Terrestrial Carbon Balance.Initial Commited future soil carbon loss due to land-use transitions[*],Forest.Initial Mature forest aboveground biomass[*],Forest.Initial Young forest aboveground biomass[*],Land Use.Initial Mature Forest[*],Land Use.Initial Young Forest[*],cropland soil carbon.Initial fast soil carbon cropland[*],cropland soil carbon.Initial slow soil carbon cropland[*],degraded land soil carbon.Initial fast soil carbon degraded land[*],degraded land soil carbon.Initial slow soil carbon degraded land[*],forest soil carbon.Initial fast soil carbon mature forest[*],forest soil carbon.Initial fast soil carbon young forest[*],forest soil carbon.Initial slow soil carbon mature forest[*],forest soil carbon.Initial slow soil carbon young forest[*],grassland soil carbon.Initial fast soil carbon grassland[*],grassland soil carbon.Initial slow soil carbon grassland[*],Terrestrial Carbon Balance.Initial Committed future carbon gains from young forests entering the mature forest type[*],Energy Balance Model.Surface Temperature 1850 to 1900 offset relative to 1750[*]
4.549523927812372,5.563300407089967,427.2584782882863,0.2469079182255511,2.2890578216085364,2.2257260120640696,0.731377350130062,-0.0818673404501703,0.0109635542182052,-0.0009983487868936,1.0509302570196557,0.9522469379112596,1.077984585889675,1.0842116768216912,1.3939763413446693,1.3997071596630135,1.915759949615697,1.0822979055299986,0.9229867844023816,0.9399681631019566,0.0195442726803372,0.000276921289141,0.0008509632850502,-4.871388188937084e-05,4.823057170745887e-05,0.000123187634664,0.0013388623617068,0.0011302866989332,0.4194069161465601,-0.0207666631325362,-0.0217984907271072,0.1157256302570088,0.0009929873178287,0.1214168612547203,-0.045102765910303,0.8997698363550646,401.2128344931453,0.0372528945663861,0.0484266730639503,0.0938988587926149,0.2412556218376083,0.1388716763065798,969.1766821766264,0.4230236819862701,0.7967603454974369,26.27803273180261,-1.5228497580008482e-06,-1.5074135481679982e-05,-0.0127777188756048,0.8230226390933917,0.5201588235981243,-0.0152284975800084,-0.1507413548167998,421.5725362998728,717.9242065129605,488.5000530119557,24.10075463644639,62.58050420560711,19.6493658914382,1.2850116752832232,4.979446817939385,0.4425940986915024,0.4188953041956335,0.0968652618381921,0.5412556218376083,0.4443583815328988,0.0124040984160907,0.0264031575981693,0.0296760345497436,0.0201737704573766,0.0287219899289764,0.7124221172395945,0.0010381478783715,291.18468139005176,58.824709839987335,0.0758021989343297,66.69593489284637,0.0078846893563791,0.0046805631070928,278.12477091690283,0.14654814635067645,0.0389126148964,0.715552957241,0.374629668293,0.609817676149,2128.18926411,497040.373859,648.742329686,8.19627808309,24512.8680291,6696.18882672,3108.78392052,8.09485498916,1864197.39607,2.47978105512e+16,-0.0020522023451,-0.0009691256858799999,-0.0057901953244999995,-0.012392360083899996,5.95965703618,573.86060275,34.0900227291,3498.0777843,314.578785635,17.1338701302,61.9277494964,0.356424738171,0.985343007638,322.538026216,24.2279707608,255.951045339,22.492858424,205.441627185,159.157182743,5.52737288633,0.09323500916147569
4.894522748768508,10.026789273815748,178.95679067774722,0.8534269363745361,1.318194843936204,2.175103741151486,0.9686644324079436,-0.5973291140880724,0.0345998859891901,-0.0010583148686808,0.8024999885692292,0.9552562527231216,0.97290876481233,0.4584977508250653,0.4331856122932024,0.4688145156720525,-0.0576468742507049,1.0593054248944949,0.9808102390420628,1.1588699360213972,0.0156667628087356,0.0002227848682778,0.0012104205326247,-0.0001090606893163,0.0001691054736275,0.0004237636341784,0.0013035501903105,0.0011260993512163,0.4976335178114031,-0.0498395395035111,-0.0417408702984044,0.1464011158328341,0.0009373948034217,0.1302451437186678,-0.0159582839488268,0.6685855952026365,442.0381210906007,0.034824722124844,0.0304597628905213,0.0716165672604158,0.3889650067549862,0.1375637511435264,1340.53360127713,0.3658222575170752,0.8428410240927722,22.97649798037353,-1.5542548658772248e-06,-5.295810273574608e-06,-0.4973256583918519,0.5238869455239331,0.9496156216596776,-0.0155425486587722,-0.052958102735746,442.4396685906766,805.9513291397891,205.19765995051287,20.78313500187714,57.36804364978029,26.612736878509388,1.5747823552679785,6.7205523608782,0.2484083946811551,0.4428551884851335,0.0815064474579758,0.7355485374204276,0.7490793174679039,0.0129597803023548,0.0278265619065128,0.015743384006162,0.018744802889162,0.0343846369208826,0.6561363888743554,0.0010845242582848,296.46880460237736,55.95311814094079,0.0753280997709343,64.5690531003412,0.0070792560025827,0.0043308283264569,280.7270530918397,0.1316772467513326,0.040322231635,0.453407799688,0.197204268812,0.280858697731,2147.98438708,479817.743496,270.886406608,8.2411134632,23226.2607078,7806.47483935,3272.47508754,8.0899082689,1864329.49324,2.48019001727e+16,-0.001865188514400002,-0.00044556210324000003,-0.0033274095393300007,-0.009636555942300003,3.73708079613,491.469109267,30.5309460816,3487.07379162,325.582778314,10.2739253319,43.0846128871,0.253591620669,0.749539156794,256.011994977,19.3894181176,123.187185004,11.4577147693,164.381846623,135.298139816,4.90336565634,0.06897714135417252
5.006443465507149,55.31661667475545,170.89056460647896,0.2036483602281987,1.9997759393172136,0.4531830810381019,0.2541982563911898,-0.2077316806822427,0.0240936349595786,-0.0001625116517589,1.0862658740854765,1.029033324676712,0.8776246559973362,0.1063955089214294,0.8415663757482748,1.1036309003476052,1.999525542818509,0.8770475522968354,0.8515308594163327,0.9328209678217088,-0.0100881039467506,0.0002716207484729,0.0012921897487287,4.754217866635917e-05,0.0001526404944625,0.0001147915137423,0.0005822605218634,0.0011886520383911,0.4396701083917144,-0.0397668171253889,-0.0100616003299346,0.1292256063406527,0.0010004001586238,0.1014727947876173,-0.0393144938585951,0.7421189924908447,426.4642139822222,0.0440735281670587,0.0494387133204178,0.1776102744386914,0.2218728192179217,0.053789960631735,1237.8354270582663,0.4175066784091561,0.7556575627135114,38.64439978035475,-1.0851097120665409e-06,-1.2541236451035693e-05,-0.3294469520898163,0.99907599505098,0.7091584887691385,-0.0108510971206654,-0.1254123645103569,363.4022632069872,777.4749385388184,462.70470539565406,19.67393505802956,80.10215716852021,25.28504199480265,1.28873933806497,4.945029649513104,0.2855563343423916,0.4254211733926127,0.0644161787135352,0.6309324828801652,0.6682519950801813,0.0222952818720209,0.0299696207103652,0.0239795907068491,0.031189353588945,0.0328707858803904,0.7015567364519205,0.0011255291728063,292.08827493159606,56.04158417749488,0.0684473619586529,59.2012946224433,0.0075741725885059,0.0045374357569409,277.3895575824914,0.12363802550569913,0.0058817163654,0.677065701722,0.199040097181,0.144088571855,2132.33129517,477097.547275,612.345255277,8.21639289409,23763.399933,7175.41152854,2678.55385318,8.09578702333,1864234.52314,2.47989599389e+16,-0.0020295155959999985,-0.00089562617378,-0.0055150494982,-0.007078118034699998,4.56285057177,475.423328227,31.418562563,3472.67790367,339.978666264,11.3396953402,51.559594747,0.260818994997,0.859151219112,267.713468194,21.8605117666,182.148479476,17.9243861409,168.670803642,147.79208422,7.23954158139,0.06399083375563051
5.426534016686305,49.24333123330396,194.5144363921464,0.846490513500915,1.8615333092998,2.2643299768291234,1.2219725445287954,-0.182240283835002,0.0418037696303624,-0.0005131071544024,0.8853239579229173,1.0571695667925831,0.8991591879891939,1.3009200910011076,1.226033691895435,1.0243160447865671,1.9105870605376587,1.007527539670389,0.9860894399843008,0.9829616259506596,0.0154788626529658,0.0002175989747251,0.0015532942631616,-4.098124756859608e-05,7.495477110806264e-05,-2.826546954507812e-05,0.0005214665334466,0.0011641704442335,0.3271941741437539,-0.0210109894787599,-0.0262598407251081,0.1399624409214742,0.0011284448346507,0.1258697100981955,-0.021037794173889,0.8954579159072408,418.398163221542,0.0336490889683137,0.0451683020898223,0.147635811919582,0.4536961207999649,0.0590802576549382,1511.2404917560043,0.3487044408557876,0.8182710753426146,29.546386699976107,-1.2687216682483734e-06,-2.660072823203076e-05,-0.0168498246459999,0.7561023891233776,0.8594741729006392,-0.0126872166824837,-0.2660072823203075,197.0106933201264,510.7941924414325,293.1138103039889,25.801472746036644,77.64777638352878,25.58528615358265,1.889871860823945,10.24435633889658,0.3751766595108173,0.42626610683721,0.0730254873700379,0.5316442532630514,0.2983533284685923,0.0138663164722257,0.0163793085792809,0.023143401163117,0.0126947240114407,0.0320577224126169,0.6044586592613722,0.00101542926809,290.2977163759387,57.40983515606455,0.0383269898523376,66.62990870085108,0.0064530849774717,0.0040123019157786,273.2247187557048,0.11171175671509974,0.0464566865894,0.534788843311,0.396495837032,0.257774046041,2140.38201295,497775.422555,376.36351123,8.33712847663,28277.7844153,4953.17177912,1457.85425479,8.08576432286,1864300.92677,2.48010157475e+16,-0.001910076022099999,-0.0005555942896289999,-0.003909374193930001,-0.0157090695763,4.99024012484,405.329162447,32.6836703303,3412.6021994,400.054370538,14.0214249846,42.2044603894,0.260194027761,0.654674604057,267.722018723,26.2063147212,182.471236708,20.9098131256,181.696427756,101.985429284,6.071949611,0.04348972523158215
5.653245898439595,21.924054783926785,38.273019814095925,1.7497540245692436,1.1628548527125673,3.627284206220186,1.547091284895893,-1.3422260656430136,0.0037476621305383,-0.0019361636403992,1.194312288884247,1.068548453673067,1.110705943423299,2.411897271826477,1.41458948094118,0.9653663686754588,-0.1239106999923475,1.113780910477117,0.8503478693825992,1.1735178994603588,-0.0701281628613126,0.0002087630043747,0.0017144021493093,-0.0002023462690953,4.7115965604062975e-05,1.1518979541817735e-05,0.0005702610843898,0.0010648003978672,0.4558488527449443,-0.021596732999059,-0.0412938729066565,0.1330871707713725,0.0011872559198845,0.1221670708137949,-0.0378291473401077,0.7156424678121663,469.903979256042,0.0320825096075912,0.0340239047406487,0.0872419454966137,0.3745140818852949,0.0682792091907477,975.1934301182152,0.4390776446269379,0.7447606920491173,25.744805326752967,-2.01399701599533e-06,-1.0518893406881962e-05,-0.0266122166509849,0.5305919064001525,0.7632203907992159,-0.0201399701599533,-0.1051889340688196,235.45302164089608,984.8522964001144,236.2406450739238,28.012180087672466,68.90131393196411,16.08018957232988,0.909312835136134,8.074691159455003,0.2617815379790736,0.4195299377090528,0.0522823877410145,0.7091669216511532,0.3589280015030991,0.0118624385996142,0.0289416722298959,0.0193423725655965,0.0152744448924695,0.0325238063264697,0.7814881163042576,0.0011582563191694,299.0092657070052,58.11321437307492,0.0953159370848985,60.848150934728594,0.0062873724486289,0.0040313044322511,276.1734761908637,0.11042927305944007,0.186573578219,0.45266781418,0.261244064726,0.2978436985,2145.56885645,460510.118246,307.257408505,8.30313093219,23182.7675824,9397.80083249,1740.7171753,8.0912556302,1864353.81211,2.48026531044e+16,-0.0018515073715999995,-0.000412377390849,-0.003142995713009999,-0.009087355572100001,3.0589050629,409.403483017,29.741664135,3438.42143145,374.235138482,10.8319941419,35.3208576795,0.243407443164,0.606937293655,203.859265675,18.2834976145,107.329318504,11.4791599184,140.929419027,108.946331202,5.34033859158,0.03171477201063098
3.734064851151423,10.095649512071647,140.7020191352974,1.2820147208474242,1.0379284878514663,3.1259392000811506,0.7675081743749436,-0.2964183611581384,0.0435745751938955,-0.0045563598312813,0.9184109452544498,0.9978336316351476,1.1343224953365825,0.1306270697713825,0.9905227822010944,1.1686700113414832,0.9068348634749758,0.983165944967385,1.0090687996237278,0.9694075631553536,-0.0056084204653655,0.0002794797478107,0.0017654925200137,-0.0001495296519136,0.0002156592222057,5.96991446689615e-05,0.0004337260524378,0.0008818357583475,0.4658643478441839,-0.0409335267632386,-0.0411399945620246,0.1068688075673383,0.000887656319426,0.1463732109604692,-0.0432067083577004,0.6988156593953719,478.6281619474854,0.0431287015640523,0.0374389933251824,0.1685843118511449,0.3485114992451952,0.1847747217104648,997.0141390200258,0.3856664788348123,0.6812101510763717,23.38524718771459,-3.3862318123935142e-06,-9.266956519477006e-06,-0.3488921127206437,0.5329000815696305,0.3961633059427361,-0.0338623181239351,-0.09266956519477,218.5962215651909,618.5110436787062,243.1143418076581,28.791840081292065,81.08494823909061,27.610264013128702,1.9898096940567849,9.33772146288472,0.1008129680589574,0.4299014931106082,0.0934977857593122,0.7338302170799101,0.2023493390435327,0.0246663639548932,0.0272658376240817,0.0172938779167552,0.033302424023493,0.0333377443343072,0.7692112922907492,0.0010574660648395,293.51450637624623,57.58437373404741,0.0487466902383923,55.420264018566414,0.0080044740613666,0.0047337750631598,276.34178058483576,0.11319267113685912,0.039395882827,0.410661413313,0.158775540901,0.276096330983,2150.41589983,475192.787644,312.725808259,8.35276802138,25213.7856789,5995.07857242,1618.67220685,8.08501599561,1864348.08559,2.48024758056e+16,-0.0018470408697000007,-0.00040460084078899997,-0.00309690079572,-0.0087431835784,3.97512437992,419.716813281,29.2301716249,3467.50607048,345.150499457,12.553586698,45.4871103257,0.240492341388,0.774329716191,260.139134018,21.6337827132,140.042287527,14.2991254586,164.8700756,135.188295316,4.72671190456,0.05517238549268698
3.4104676159707887,20.15682116954121,147.6767607970715,1.0106270374050212,1.1304308660029534,3.668965904277129,0.9426995464910788,-0.7709571153070002,0.027726112254036,-0.0015319416917268,0.9850309346800524,1.158661331413861,1.1492519802626184,1.6035293877197574,0.3827836767022985,0.8768594771430835,0.7205539647125883,0.8152218277023453,0.9942202160657554,1.4250485648725386,-0.0435099782510126,0.0001962446744544,0.0015112370303019,-2.138300508665273e-05,1.3854706992200562e-05,0.0002131135128742,0.0008279222974826,0.0010930266518333,0.4996840914320346,-0.0375139644592499,-0.0339089431250026,0.1193526621346208,0.0008232839825824,0.1066432853452336,-0.0101591174055584,0.7821526684314213,420.4141140675313,0.0414439934556071,0.0385000404467005,0.1447797069483086,0.3466741222689172,0.1345063231836176,934.1297784516438,0.314120801928385,0.7821428656423481,35.4110988974406,-1.802300111249688e-06,-5.039488570995669e-06,-0.2918994076541651,0.6413658531249611,0.5709372698846913,-0.0180230011124968,-0.0503948857099566,419.7627622730761,512.6205322284782,367.4052493016592,18.979242800077383,63.711771247168926,20.955840938270896,2.306413953946529,5.504581183140675,0.39057568446918,0.4488201970980196,0.0819750569214383,0.7063155101077195,0.6920804606928439,0.0297464278006367,0.0257071039422896,0.0324881910430084,0.0113341610277127,0.0349529073993581,0.7871828324058937,0.0010280554170735,298.60131744335706,57.31258609824475,0.0209881872059694,62.41851005680999,0.0089870816580529,0.0046228861340201,276.4040541935149,0.11792006686205266,0.0156035663387,0.308726368804,0.112811200311,0.181138706004,2158.23848678,496756.002528,488.682379134,8.21156337132,26642.905362,4895.19087961,3100.07205918,8.09624492497,1864495.58212,2.4807042661e+16,-0.0017795202775999983,-0.000262334601401,-0.00225952128589,-0.0118204550078,6.01492330762,422.447775295,32.1529106516,3455.09977651,357.556793426,9.54130466923,61.7879226649,0.186981156831,0.948715426664,270.240114018,24.122108704,280.100475101,27.9656062759,149.125388183,146.241196643,6.29805178857,0.02414207858302784
4.756234589422608,9.476503589677597,74.61273774075943,1.533631425690927,1.0950910886620986,5.354131939151657,1.2329177766226462,-0.1920361750761114,0.026128789876835,-0.0019768863898197,0.847764324795083,0.9083690327635796,0.9250151786988998,0.5919033590170468,0.1408774903233394,0.4027370759257989,0.9915495470994102,0.9340663923676576,0.8849011689894883,1.0232092651245588,0.0328833835941495,0.0002287722949955,0.0018138661536582,-0.0001735139235716,2.4603304507012387e-05,-0.0001948289556052,0.0021851366095033,0.0010619567851661,0.4629745969377152,-0.0379256012717333,-0.0133315443389096,0.1361206716748496,0.0008892528787615,0.1381605396918355,-0.0179166591638818,0.7342183594989841,493.6413971831085,0.044096178582766,0.0335770740606901,0.1468472437836024,0.254198882719817,0.1144586694381887,1281.8242540389958,0.3551265972340097,0.8391168981935202,37.487166927913975,-2.0353241112541774e-06,-9.6281753827856e-06,-0.2987600211955554,0.950026834916355,0.8056894034478945,-0.0203532411125417,-0.0962817538278559,367.0453581167274,953.2294487398448,294.7362681846672,21.550660875940373,53.59746273030142,24.588659416798407,1.152207854854166,8.855786859019503,0.480407896563414,0.4154367343030746,0.079367239689045,0.5893726663336014,0.0504978783298425,0.0222347867019794,0.02299418783736,0.0155396737509983,0.0236749315385998,0.0297194312166592,0.753496602811013,0.0010262221322456,297.6793362650969,59.09542887530947,0.0130906482719821,50.48966915882273,0.0089400272174281,0.0042836874049948,279.7691032307275,0.12669758551413193,0.194163960562,0.597907840322,0.350607336744,0.469634524064,2135.16478992,473511.266691,386.270155514,8.26625696484,23809.2085792,9311.6971913,2711.95960636,8.08793386747,1864234.87691,2.4798970891e+16,-0.001963349408300001,-0.0007011582306329998,-0.00460284062103,-0.0108968690641,5.39197197046,500.311601206,28.2601157435,3521.58418386,291.072386072,16.9713416345,41.696804878,0.248067424712,0.682497907388,344.547790877,24.1031285721,149.510199118,12.5187143201,174.929322026,114.611868534,7.23560194329,0.07437278240421909
2.0973711225650424,23.104973945932947,28.33901862863067,1.16163309903366,1.1264793788234742,3.6376793162410688,1.082252395476837,-0.6412331638059839,0.0162839924597733,-0.0020074250094319,1.0366251693918056,1.137707214820561,0.9374635115048184,0.8206765810801888,2.408349656079934,0.8157692170452566,1.3040915715347348,0.93511821255031,0.9517884628602874,1.33547242626261,-0.0321903603123617,0.0002000141436797,0.0010850966146308,1.4548992980250797e-05,1.5203622096645636e-05,-0.0001312162608748,0.0007695471082886,0.0010598243160219,0.4837282594406931,-0.0254661136716597,-0.0140240366542618,0.144738439848676,0.000936848091871,0.1229135985243378,-0.0385842250597306,0.8844182682877066,487.0679419487188,0.039959536105426,0.0354974462864834,0.130030041462145,0.3272042692204155,0.1046144424600075,1520.751543554294,0.3552582084726387,0.6767333906881188,12.746101252683337,-2.0513176298355942e-06,-7.033967569913356e-06,-0.0911018945276628,0.9396394501860716,0.9263381578814645,-0.0205131762983559,-0.0703396756991335,265.0020283214675,829.2847047051735,457.2071527651469,21.83394198173909,57.88533372712831,17.250248342033846,2.8972529564461613,10.744798689366998,0.3261541475396326,0.4138765495803382,0.0979843942696259,0.5886942440337047,0.16498910124825,0.0193815347628601,0.0169397667270215,0.0219004361389255,0.0279389273278476,0.0290032825057726,0.7435253645001139,0.0009296718503177,299.192509147872,57.6112832833139,0.0872794870445905,66.2331123114574,0.005448259245227,0.0045065379347112,276.9844276897128,0.1481936336554397,0.232472621579,0.544101502296,0.267841638312,0.385646920955,2140.6995467,499520.77036,588.963535823,8.34129472939,25023.3934441,8531.30658466,1962.34056101,8.08086214023,1864302.10002,2.48010520711e+16,-0.0019406931089000004,-0.000638487390698,-0.00432413880894,-0.012122392244999999,3.26230265327,560.074470895,28.2295561011,3508.08078253,304.575787408,14.7091913846,37.6261351519,0.3227741879,0.616159624265,208.437091044,14.227214354,138.487040086,12.0560965287,183.26267258,99.3101850583,3.53860128493,0.055838849098849404
5.936544971750686,34.29132880147408,35.387727800360075,1.6042697451655632,1.7759746327761698,1.896573144125812,1.6941068215266142,-18.350196587426005,0.0001953797825794,-0.0020103218909997,1.3214823004649805,0.8749280346672318,0.7210405667923333,0.2230400611861448,0.4830645644828025,1.5427452757942957,-0.0581590686681479,1.1459399037658673,1.0504472863915453,0.4555636439518902,-0.009049987434348,0.0002270094340737,0.0017034599352717,-3.937415517862011e-05,0.0001871415746435,0.0002978811183601,0.0018435285681804,0.001059622030829,0.4840021282643815,-0.0409788733941481,-0.0166001179614241,0.1400095668990686,0.000983547835978,0.145601543025562,-0.0350759443581401,0.7850791904084111,431.6612981994828,0.0454074529586068,0.0275142187632107,0.1995571200840667,0.3809767042215842,0.1786375710046384,1466.415417286878,0.4469266005257156,0.7969118519383731,15.481411089891225,-2.0528347687820054e-06,-6.999733966952315e-06,-0.3496478899024687,0.900998230578638,0.8601339365869605,-0.02052834768782,-0.0699973396695231,137.54842412519437,809.4078222921734,198.16963016309896,28.721628267255536,62.0184570240032,22.79245779613838,0.4628778352136996,10.344134665925612,0.2901991950603784,0.4262237578078768,0.0513758335583481,0.6100405678448524,0.334132988570354,0.0202971494815002,0.0134683406831932,0.0264899808731185,0.0289235827702623,0.0344334348267975,0.7912877631897561,0.0009599274668644,294.3703430139992,55.39310550205913,0.0470396109936607,53.10918444935802,0.0071843038172674,0.0036741841126668,276.87566313487685,0.12227016373062323,0.182655936185,0.547968848759,0.30600007414,0.271011756209,2139.12987392,477668.350609,255.013679243,8.34603958973,25562.5621695,7877.00328208,1018.12198493,8.08270933436,1864259.61002,2.47997365998e+16,-0.001924818173400001,-0.000595688516468,-0.004098553155820001,-0.010127281502900001,4.64516824946,473.42528307,26.8818255568,3507.93403579,304.722534149,9.91534692764,36.9134975218,0.17005131963,0.536110340296,214.571243323,15.2473246568,194.670026392,16.8706846358,119.124227382,74.3928944441,3.5430144137,0.06186080801693196
3.701458518894983,17.925295603049506,185.1297652123393,1.261847575632856,1.2013945161500217,3.4201435811041025,1.0054652029000268,-3.869338905569602,0.0013503938041466,-0.0035445176129616,0.8993488026535688,1.0718641414664123,1.072335472155764,1.2335026308956096,1.295607527091164,0.7246533162367272,0.1847748849599725,0.9715465478736942,1.0296295744207142,1.1360253910465878,-0.0064042430784696,0.0002382316939544,0.0007815817837115,3.294350020630182e-05,0.0001163984814857,0.000205313984327,0.0008343067843274,0.00095249128688,0.4887998567603712,-0.0315749258573722,-0.0106344396584689,0.1094129287569732,0.0008974273527523,0.1396368179556591,-0.0110040866586504,0.7340475058114531,477.8471608239555,0.035162862098153,0.0368712896597122,0.089942492173091,0.3083903643583076,0.0783954354625803,919.8755297217176,0.3128469280588848,0.7779352861441716,13.157394134229037,-2.8563153483994407e-06,-6.4000179049535984e-06,-0.1929154309562043,0.9904834051229666,0.4317810025976257,-0.0285631534839944,-0.0640001790495359,385.3362321312813,648.9125221740037,333.99334095862514,17.073061619805756,89.60203364899087,20.683453369755647,1.0639768788980477,6.23561664386044,0.1896079200292854,0.4472701735866833,0.0795562472798345,0.5809665475972803,0.0888711948751461,0.0271210426519999,0.0258841065902044,0.022436114547274,0.0349688879417409,0.0300489822959679,0.7604568639961613,0.0009536560847474,296.2807593678551,56.09433082148749,0.0698450914437549,62.60889814084365,0.0058176221094943,0.0046369538054524,280.1418725702987,0.12486226106665924,0.054381420524,0.465252024775,0.275600862694,0.297451154254,2145.38373674,464090.853063,437.685331136,8.27653060704,24582.9644392,6048.75251251,2847.36652647,8.08907515247,1864283.85554,2.48004872256e+16,-0.0018858511440000003,-0.000497928073579,-0.00359561286947,-0.012537056051999996,2.9887843162,469.475292283,28.7827553476,3471.72233914,340.934230792,13.157729388,47.1473131792,0.284107670096,0.80456495388,203.451976739,15.9740870759,143.157856072,14.1551549272,174.611693357,137.736467109,3.29010858425,0.07280704270296372
3.0918276297596385,8.857718374575343,85.00048533593416,1.35948570239202,1.0751994869798749,2.2625577503261365,0.8621218088838085,-2.347182595408277,0.0036255186460798,-0.0017379516298196,1.1586471174372872,0.9985847034352082,1.1576551943892477,1.4636137882962874,1.291162380721419,1.6228039441868016,1.3757339968812292,0.8090880408168077,0.944035864894204,1.4123280355032402,-0.0442267998012861,0.0002244287770255,0.0014532626211703,-0.0001706382337949,5.658366134622559e-05,0.0001870728728078,0.0009218018630822,0.0010786412656581,0.3884146272121436,-0.0262128140665055,-0.0403392001936438,0.1434902388667308,0.0011625396825451,0.1237618279094387,-0.0167253067917215,0.6714822676069953,449.6020983165796,0.0402616453523293,0.0412037613253409,0.1678765639009304,0.4924332882318342,0.1862192837580167,1152.114361329967,0.3994537535641431,0.6688512752849577,21.68532326162299,-1.9101905075636936e-06,-1.894817159848205e-05,-0.1035469011084251,0.5449119970953428,0.9088633441342318,-0.0191019050756369,-0.1894817159848205,267.8085536095392,537.8362257649824,356.11863317325003,28.410058016297704,89.18496410891672,12.938415084340116,0.2892924434596267,9.133944864990962,0.1607902506122603,0.4008210314703279,0.0718949127747338,0.5035696762889217,0.0163348130482566,0.0142304440027049,0.0115829128145947,0.0266287048437506,0.0192825415624383,0.0314741044410903,0.7997908162887813,0.0008644707435529,291.6470165480478,59.528113871446095,0.0202309861607514,63.03997028245816,0.0082279736644195,0.0042512562378762,278.8623444151897,0.13253480114936825,0.0697391085469,0.411648149816,0.151584080293,0.250235729222,2150.32757849,485949.722332,456.106896117,8.35962682035,25893.0411917,5080.69456774,1986.2294558,8.08000052428,1864317.72639,2.4801535866e+16,-0.0018403058375999967,-0.0003903905008290001,-0.003010942077080001,-0.007197297378100001,6.08650955591,490.388860107,31.8356305385,3487.3767925,325.27977744,16.3957445306,48.1894051867,0.227402237442,0.689273381008,283.699740162,22.2328947504,255.540982762,23.5411831699,159.393940924,92.3023009648,4.48680766958,0.05183102125217961
6.644901735258599,63.92528570300957,162.19400248210172,0.4505972780890969,1.5074772953298836,1.482369750370787,0.0845753481956863,-0.0216156890206865,0.0316932828184704,-0.0038235761117434,0.8893129754737122,0.9396237641305956,0.9156288202592252,1.5340097877441294,1.822892392158555,1.1609230538512278,1.4921466515043276,1.1777536997002347,0.9611737122976876,1.1736901815433851,-0.010811688851133,0.0002200151706608,0.0015718440521754,-6.632033042064678e-05,0.0001075319191378,0.0001724617490606,4.904361165330952e-05,0.0009330050217628,0.4926050369657089,-0.0355050698006419,-0.0456470127662366,0.1030683112390835,0.0011396223601439,0.1477784435183644,-0.0398832464739392,0.8995133558256185,468.4798742833373,0.0383193620798375,0.0390153457780721,0.1005525683940394,0.3315773077821301,0.1142609788495084,1174.107877706161,0.3977803331126022,0.7291344895754928,21.25973214217676,-3.002462336778274e-06,-5.924370379286383e-06,-0.258417830010699,0.4652948085064499,0.34295635734717,-0.0300246233677827,-0.0592437037928638,448.9106642633728,496.126635681942,118.87661592877517,14.282879031788724,53.03163330061377,13.410088859653902,1.2499353199108625,8.423789443284122,0.2625263199959606,0.4308689766748982,0.0854045033916124,0.7340584700068111,0.6485083646469313,0.0123533408557729,0.0238566078681361,0.0161542717971939,0.0278481829697986,0.0321451539987905,0.754326328513417,0.0008926186352372,297.3424516795258,58.0013992686537,0.0887766396951507,59.95758831230185,0.0062428603306148,0.0037362133733006,277.6539258482676,0.13072681996711846,0.00395896378761,0.570136063336,0.346342861003,0.267278275891,2138.13491303,466956.204339,154.357166264,8.31531148018,26959.773408,4978.85452062,3320.70330488,8.08757078161,1864256.26627,2.47996330804e+16,-0.0019398395733999999,-0.0006361134645410001,-0.00429060049985,-0.011224201058800003,3.23846495007,503.722981972,28.5433246442,3492.21603865,320.440531287,9.76604694681,39.2884153138,0.232944188991,0.666001005604,210.684316393,15.4305801223,122.31209073,11.4049658313,138.436341096,113.125497814,5.03314585996,0.05823596640884431
6.437874507036,26.48832783849776,104.46707316299228,1.3561725630911086,0.8031689788486648,2.484132104505264,1.0673704191403826,-0.7316018501853774,0.0274183416254329,-0.0012236223406204,1.0178027547789452,0.9597251518790664,1.2457776323669787,1.7084948516623035,0.9841073891119388,0.8428156989439427,1.294449827638237,1.2100707198701712,1.0010912468813205,0.8214494839144859,0.0793504855720996,0.0002745497657852,0.0013502264229984,-9.238843733326262e-05,0.0001285821415227,-0.0001320787027393,0.0009664958601609,0.0011145561613901,0.4733292961530222,-0.028708550661171,-0.0137403226164819,0.1246957577321537,0.0010347364404577,0.1059015717547492,-0.0337646503588894,0.9404186722929636,498.51950622019785,0.0457949395626565,0.0272849357471766,0.1363825186271575,0.4377836290483266,0.0775813238046538,1263.2961414245449,0.3057137502701434,0.7132187431333824,35.037541174674715,-1.640828789574053e-06,-8.333837980872216e-06,-0.1451425110195173,0.94389516075277,0.645740608250152,-0.0164082878957405,-0.0833383798087221,246.86077766271472,531.639745136778,439.2818697981388,27.33475618205501,79.96865909513892,28.195755814117263,0.4794154448125574,5.363322298582505,0.3828118736814241,0.4474007652879068,0.0953818046093063,0.5749872458280922,0.0611977249541361,0.027740616333082,0.0106340690203774,0.0273160416623205,0.0241882868896516,0.0342312149378042,0.7515134656908895,0.0008125414209238,296.1658543170088,57.29623992810266,0.0805037100156609,59.59603292695615,0.00913389530222,0.0041169576624724,278.9264862228165,0.15162573682371447,0.0774019203439,0.502158872532,0.29500889057,0.264590551082,2144.02661133,515186.902135,582.290278867,8.21999130784,27116.2335825,4864.78244232,1825.03097182,8.08791443209,1864277.90291,2.4800302935e+16,-0.0019153324341999976,-0.0005726083958990001,-0.00398170977396,-0.013486270599199997,7.15602389125,585.52482569,30.2619172608,3542.2633918,270.393178141,12.0293395541,57.2789424211,0.233649270124,0.80953807626,301.256452863,18.9915601121,322.707621883,24.3821573247,145.532772113,101.511898431,6.70015333266,0.09913895388748138
4.501992600444984,15.072371837512708,50.54580491844047,1.2620600305788154,2.050488904018084,1.3284568137248018,0.4539192102548661,-0.9948874644348225,0.0070018011255869,-0.0006297725571312,1.1844409906953577,0.8640469906568509,1.000845820742268,1.948409441962311,1.6891640809960142,0.8880103969473032,1.14680645680419,0.968867677600557,1.1464520784902923,1.5031488492387144,-0.0262341735654703,0.0002586044170342,0.0018173508214675,-6.635144280303919e-05,-2.375141834298553e-05,0.0001579214087957,0.0005641428879993,0.0011560238621459,0.4387977235867929,-0.0262683208623007,-0.0148158471165669,0.1123694416587481,0.0008597422157074,0.1202494877555817,-0.0273027309893555,0.760220702582588,456.8590641179503,0.0364523587830945,0.0364083572598774,0.1477720863536132,0.2231187734304193,0.1579374088376029,920.184064380209,0.3108078921694848,0.7251717159347816,35.36582011808811,-1.3298210339055772e-06,-1.265028455165088e-05,-0.1044720143716796,0.927762293251496,0.4731721832224737,-0.0132982103390557,-0.1265028455165088,107.09499669417184,776.2141086647221,380.0550714304072,27.30952484591578,80.022405934603,13.898799786965585,1.5934322771949485,10.867546426919514,0.3598844603127028,0.405771854323776,0.073171958834182,0.6771966191699078,0.335242278862046,0.0186371955639832,0.0179048192583409,0.0247973328937174,0.01161055987699,0.0348197018572764,0.6350693693854359,0.0009462283028872,298.4236979290643,58.65046214593756,0.0468182471912158,64.17548155126323,0.0085097754554946,0.0049842286218817,275.80008066148093,0.1359663425890084,0.107621860338,0.650778876091,0.226552804349,0.378500327979,2133.1823534,507582.84958,484.775101339,8.37555578424,26762.2056314,7550.88175146,793.524522766,8.0776342716,1864218.96399,2.47984782519e+16,-0.0020094012422000006,-0.00083770312002,-0.0052264345387000016,-0.0075846982316,6.34266993463,531.03001435,33.5509556632,3492.77111077,319.885459167,13.4867803362,61.5928945071,0.277177726303,0.953461307557,317.825335497,24.4448337222,272.568644224,24.2861404296,198.735133277,145.571783705,6.49830003742,0.08262246256046764
2.2979685041078475,8.053336923660222,166.46415055165454,1.2811732027307206,1.094741232737442,4.318521965082736,1.4019118896049805,-0.4485181941144845,0.0273491199491925,-0.0025348002367874,1.0030346767591916,0.968024675116674,0.8988996227888344,1.1715377500874349,2.57739934783572,1.0431069623947091,-0.1802733617707666,0.9736061076468676,0.980677093598974,1.2658756095403347,-0.013786616657996,0.0002702611619541,0.0010307907776733,-2.9043666669309763e-05,0.0001272796953307,2.482508967799067e-05,0.0012141242249103,0.001022998440654,0.4147103944279073,-0.0315755180345601,-0.0215816465271715,0.1490982593822247,0.001072761391079,0.1393295772954735,-0.0183537554775704,0.7269719352965943,482.9334131073536,0.0346358065852001,0.0314089316347699,0.1786704898062038,0.4567875398088478,0.1890620632569555,935.6352857896665,0.3184589061562442,0.7045379541444599,17.727654107149018,-2.327511695094518e-06,-1.566120069651159e-05,-0.1929253005760021,0.8262753020924265,0.9873756313511468,-0.0232751169509451,-0.1566120069651159,282.6428977854098,723.1254713924609,367.3283185679953,26.134691807169755,50.48863172661936,29.389273806743955,2.2455823991883688,10.642056781741308,0.3278415661716686,0.4414135333798835,0.0543098816465418,0.5766724528779461,0.0992083369815488,0.0119069094691315,0.0261540361650471,0.0283338542696533,0.0325079838798704,0.0276614551288082,0.659804806895215,0.0008615290332472,298.5569265117773,56.34277464224426,0.0543771364534211,54.2787766134035,0.0078145767568517,0.0037036116295155,275.80598052703954,0.14471154666328875,0.0960680781227,0.592227798814,0.333670794982,0.419254513709,2138.12021113,520419.694182,477.028396353,8.29745508667,25449.560114,7385.83607908,2091.91344979,8.0826918045,1864247.97326,2.47993763376e+16,-0.0019666436328000005,-0.0007106528357619998,-0.004665090072710001,-0.013710877909000004,6.84490391934,556.589359852,27.3384875737,3541.34876635,271.307803583,17.5978708921,68.9354173197,0.297372717604,1.06884044369,349.510991426,22.112976217,303.321477517,23.2666661265,177.476148705,163.131571275,4.61892352505,0.07045841450534393
2.93008804936432,5.452636958011059,138.3999465880247,1.1992613240552097,1.8658942819808548,3.4247998604392755,0.8209008585265045,-0.4624552942154081,0.0297050948546044,-0.0007008425938347,1.0237706957988704,0.970999128027843,0.7942748451689245,0.6755867062445349,-0.5413173783330016,0.3877809314420312,1.890114576905244,1.0561814028723504,0.8788010234644855,0.9825450162888422,-0.0082565585427107,0.0002212662645889,0.0016224916693919,3.717436954705022e-06,0.0001528701633828,0.0001639445209589,0.0011741504664913,0.0011510611407698,0.4622512418534891,-0.0200009754751838,-0.0438023591538132,0.1122605219718002,0.0011849069990529,0.1063490889949374,-0.0267956423698305,0.7004114324103388,439.4878366798309,0.0450120869445017,0.0437555366670286,0.1457591198658329,0.4181150173504045,0.1164326918480468,1454.5869013645322,0.3892600638253539,0.7075538540555226,30.290150085547467,-1.367041444226432e-06,-9.718594768313865e-06,-1.625791973075552e-05,0.4929646126928012,0.4716473076052031,-0.0136704144422643,-0.0971859476831386,92.86132523173116,708.7650971749272,449.7867439390794,20.64287826819233,88.71957598301708,15.16544446559018,1.9273483006805725,9.957529751654231,0.2670421488992438,0.4011416436113318,0.0879520373207736,0.6112633778156703,0.3098562149004328,0.011702934560812,0.0230515402302046,0.0205748493902892,0.0189015697009644,0.0310956663401464,0.7318421643292601,0.0010910611692041,298.9818904041016,58.72819350094002,0.0575855425595972,68.25329364403095,0.0078564315621459,0.0046496248169858,275.6812110980805,0.1412582473119033,0.0609834762055,0.481104604195,0.190502401545,0.364066509649,2145.4629514,517861.12678,573.061359002,8.38687424335,26637.552304,6870.6133337,689.378067593,8.0764621392,1864281.3553,2.48004098193e+16,-0.0018692781043999976,-0.0004556897598290001,-0.003377794614709999,-0.007179685144499997,4.79892292528,531.497947752,33.2986225657,3490.069242,322.587327936,14.9048687069,43.7894993726,0.290196501375,0.716422731828,292.085988368,22.3987372796,163.94182901,15.0686470262,184.811215354,121.02552793,5.81966310294,0.06111606756183077
3.119850455231364,10.034739301325112,61.13098389457317,1.2682532649220737,2.101105112270609,3.764000557458148,0.4167868299335123,-2.8099790875188706,0.0014141358653933,-0.0010949018605507,0.9979564037850044,1.221360185748,0.975597434587921,1.4642484329328895,2.420926524174443,0.2631797824438936,1.9151072746473967,1.150981260433293,1.030571352965988,1.0894029350175225,-0.0347434033436935,0.0003070903650294,0.0008512299903,8.449263007092636e-05,0.0001874278493633,-0.0001989369747391,0.0021429956978423,0.0011235445326871,0.3862652457939898,-0.0363781484407397,-0.0158246963586489,0.1248728368264418,0.0010690164029257,0.1459156551536523,-0.0388711470342585,0.6557510583026239,412.481750406192,0.0368537618052526,0.0388185991176855,0.1003466057887434,0.3314975124969302,0.1004064865455636,1120.246226314517,0.4026090848114791,0.8214119297816538,26.74691271522882,-1.573416004846188e-06,-1.921684427575127e-05,-0.2729691406789962,0.9126295546202656,0.6482197155701858,-0.0157341600484618,-0.1921684427575127,337.4433149015842,321.63052017183776,208.48511106598065,18.089226434280448,55.58031726486183,13.03256789637079,1.07053601535783,11.834183185608076,0.258284819263797,0.425142103610121,0.0699393468646005,0.7453701321172813,0.3700773628763278,0.0259124617175038,0.0168726288584492,0.0157758067545496,0.0300707271586285,0.034854041541786,0.6764039597191553,0.0008072479684546,292.12631339225834,56.26695252844726,0.0619753667492814,63.89562892558324,0.0082820583902955,0.0035043397055547,277.77619665902324,0.1534140261191743,0.134617201302,0.732827937274,0.266856503143,0.604180518439,2127.05471599,499171.706291,262.109574768,8.41696896605,28964.8570264,3317.38408626,2502.03024418,8.07361167759,1864190.19977,2.479758777e+16,-0.002082178342900004,-0.0010672376831399998,-0.006201049147900001,-0.008413908910400003,5.38894507107,601.04412515,32.5861340352,3523.07790453,289.578665404,10.7664188813,45.0406065864,0.198796044073,0.704069564154,292.08949036,19.3965896249,189.72444903,15.9383877765,133.366552414,104.910187007,5.42401026135,0.1015398420870451
8.364792492363252,58.25509946798715,240.0204065893552,0.1479688474651218,1.7194517344358191,0.5653531542958907,0.2032780805565889,-0.5300237334424751,0.0344632872579495,-7.55062903899234e-05,1.0658294864677156,0.9596657381035638,0.7924180104478165,0.6589948643290646,1.2590952618288909,1.195942742477273,1.4596432964689403,0.9473760381973924,0.921696540250675,1.3720892529112698,-0.0715227614020697,0.0001898680635776,0.0011444448910475,-1.3920834888467953e-05,0.0001954725309477,0.0002792762227673,0.0017755779082274,0.0011947275012265,0.4838203056393244,-0.0432446304719928,-0.0170057364372962,0.1200900008221211,0.0010478137207718,0.115425391769835,-0.0137570605626008,0.625673552445985,474.0969325400597,0.0405563831953534,0.037889307946005,0.130959334968864,0.4094839126434469,0.11806477010729,1455.9712826387947,0.3444341040114208,0.7143896812677102,38.81088053832256,-1.039543740800996e-06,-7.022461795084443e-06,-0.3874105078665479,0.8949139534405559,0.581260011509696,-0.0103954374080099,-0.0702246179508444,248.5237535023932,998.9642492360684,332.28776005069983,18.2226892619762,72.5244306983216,13.601459616224254,0.3942686698945056,11.714769852819334,0.4599387647588259,0.4150345157842019,0.050894973639812,0.7754030476432887,0.3135022245676065,0.01992297374585,0.0100323200111396,0.0217785843619815,0.0121690780118627,0.0272077996404724,0.7267093106871464,0.0009479273086792,294.53478210772863,58.66416647573692,0.0620660308614217,52.19369291772772,0.0086227111611087,0.0044580250756211,281.01040122437195,0.11366625736482702,0.000727249174587,0.49259158445,0.158028045434,0.0947980427532,2145.75313725,490891.505697,421.091691942,8.40788918396,25480.8977205,9771.56378245,1845.47996045,8.07255658248,1864358.64672,2.48028027892e+16,-0.001898558130700001,-0.0005233646576949999,-0.003768003123819999,-0.007516022223100001,6.97282223318,425.745158958,28.7028494276,3480.78224678,331.874323154,18.0615632433,40.5650539053,0.354890578657,0.587540991707,369.906326907,30.5708255361,215.916975103,20.1945646368,207.689564255,79.6960538239,7.77593324952,0.03259728534697979
5.338311722119251,28.5718403321342,385.8640158281474,0.2567818995697772,2.324579031562701,1.0312685485007775,0.6940847662747857,-0.3391104331921546,0.0015181068202961,-6.2884803189109e-05,1.185462737898609,0.9411394499265286,1.0109626804134024,1.0488057317774568,0.9224357954552114,0.838211187781926,1.887910022998839,0.711049627270143,0.922531636585948,1.2191088390585243,0.0207371098754616,0.0002695169956068,0.0012245730001828,1.0976508989322311e-05,0.0002603056709151,0.0001155167064674,0.0002520526645225,0.0011956088420451,0.3567132711672853,-0.0232781314519463,-0.0484048641635019,0.1499314708501488,0.0010431929710078,0.1023350479349501,-0.0194587062354535,0.85213642643332,480.9547773667823,0.0344838522405613,0.0387756672483504,0.1301779633175049,0.483462573689093,0.174986866339543,916.4805157213711,0.3973347853655976,0.728044169029976,19.38196496787668,-1.0329336846611076e-06,-2.291084110408933e-05,-0.054635524199106,0.4239270375474703,0.9990405919020844,-0.010329336846611,-0.2291084110408933,349.8681486817997,543.0888660860408,315.2497434324601,28.21011294809811,71.90547123517439,27.44664752994533,0.9870577886836028,5.0243075094496215,0.4953347682541013,0.4440015635100576,0.0688554880634292,0.6606246709805914,0.0165597241813901,0.0131568431710857,0.0190910310325201,0.0276349698553508,0.0138161184072616,0.0337063333578168,0.6550005846280847,0.0009168943312007,296.14377201481904,55.92005345645197,0.0411624751654404,51.59430313076591,0.0093253422619146,0.0047402336207642,275.34996276221824,0.10927476370169752,0.0256881287553,0.743565307729,0.402015105878,0.388269493926,2125.87721243,481849.667173,417.064150903,8.19567512946,26739.5061226,4984.77410446,2579.55649256,8.1001703805,1864209.61863,2.47981889367e+16,-0.0020845632424000005,-0.00107298479428,-0.0062508077172999995,-0.014291788089100005,7.34340107213,422.680094141,30.7222996677,3466.05924916,346.597320775,15.5444263423,68.4013235953,0.260423945962,1.03149710901,340.200338005,29.445116481,322.797484854,31.6950766129,184.577037582,152.626971199,4.00943382112,0.07009400739262392
3.4270180277974545,21.299186910431445,39.80406490196364,1.204245371405142,0.8151716883298704,3.1797930585380856,1.068766042226202,-0.5292660579600224,0.0207618490341005,-0.0035506992936157,1.0401944858921068,1.1576431989770315,0.903353552572669,1.0823858740010814,1.3666779728459812,1.6250689243294905,0.7006735242674972,1.1800335143113094,0.9373268427489992,0.4660723804739702,-0.0393875289225214,0.000266861482188,0.001247002063305,-0.0001209805297272,0.0002013337883942,0.0002831728764342,8.100607906355302e-05,0.0009520596287559,0.4889546562321831,-0.0233844487866263,-0.0453938448264023,0.1000616742882545,0.0010838224097529,0.1284047879658383,-0.0138946788175181,0.6345099372291315,486.0203251139976,0.0442761425446589,0.0272830132783085,0.1840498164949631,0.4359308158493606,0.0822826751969765,1509.9587037753008,0.4306804749294219,0.6892859966069139,37.60741885766186,-2.8595527843301137e-06,-6.380667970977104e-06,-0.0564074797771064,0.4690923276039646,0.300863440035563,-0.0285955278433011,-0.063806679709771,292.9294226518991,490.2106890425075,354.1796359022731,20.35401962111817,67.96762945400131,14.88364993520835,0.9912186637602052,9.192773874452287,0.3984468951153636,0.4207158550647145,0.0979731240153899,0.7291449629386484,0.60691674505344,0.0161683657774762,0.0118114820094029,0.0217327824981861,0.0304182990740881,0.032574851473398,0.7580761340630517,0.0008786255042565,295.0994514909382,59.57120960974007,0.0197216546131046,63.7479659212592,0.0083066099948462,0.0036757781059279,276.85627241053135,0.13321319165102782,0.13678378502,0.402025065883,0.200353870161,0.264077370752,2150.04284872,497950.798999,458.588614612,8.3293271588,28710.996333,4757.18192392,2170.69679526,8.08312480907,1864351.12151,2.48025698008e+16,-0.0018272914754999987,-0.00036115489429199997,-0.0028416807527099994,-0.009154340796199999,5.99232911617,500.246953674,31.5144167584,3494.59758039,318.058989541,11.2632348518,41.8823424136,0.189556476468,0.603552915485,287.450673782,21.7330387446,220.343897102,20.1800948073,140.434583698,81.7850123863,6.64717337041,0.05839534688374529
3.567065269923216,14.687879943870977,181.7453182956449,0.974829758118058,1.83556517209259,2.115490420930649,1.1723334260531209,-0.1077719890594127,0.0281114209721232,-0.0004830533237262,0.8986450227052283,1.084158816551443,1.0175401701401074,0.5483675528121309,0.6055910717128139,1.0081909814427263,1.8736540172400973,0.9643284870172164,0.9251434213823015,0.3564290995246514,-0.1114634810280326,0.000186110734765,0.0011940906782895,-0.0001019418634676,-9.03245607555073e-05,-1.1249659317292789e-05,0.0006294903077792,0.0011662690612436,0.4269090074301981,-0.0269601118228479,-0.0143225559287464,0.1067120750709012,0.0010612853561896,0.143902139038071,-0.0303234238697098,0.7540764103281057,481.29527254186144,0.0381998844934967,0.0359857398517754,0.0884817150567177,0.3461354713443457,0.1932542448993688,1288.290582119194,0.4096205388179695,0.7074817744958765,41.88283760357184,-1.2529820406729962e-06,-1.4136374071225232e-05,-0.1160018637141327,0.9351616610688028,0.3939690509926168,-0.0125298204067299,-0.1413637407122523,390.4905481101955,910.4160336750704,87.23086412395278,17.591333781127894,55.31341446466434,11.480518324456453,1.16351480437591,10.210471093724838,0.2581400464690521,0.4097072177305828,0.0975670694968416,0.5261430098248523,0.4587770767384639,0.0165228369916505,0.0291994815467727,0.0249885558109711,0.0317936441073671,0.0338130178645199,0.7691426488104398,0.0011207949363411,298.3457354746638,57.95747855393155,0.017215301442359,59.788821186953626,0.0090925377521935,0.0036768449236629,277.7480629438109,0.1451766723156706,0.0563707761954,0.516195254721,0.265979899186,0.30212011077,2141.58216889,497874.321788,111.655491389,8.365506833,23509.2664597,9246.09517322,2894.20214305,8.07866921052,1864291.43172,2.4800721782e+16,-0.001893269238100001,-0.0005134321438840001,-0.00368582543898,-0.0101461548382,5.71204145367,555.518249451,31.1623751108,3523.93831308,288.718256864,11.349988105,48.0816348959,0.169579375641,0.748758856097,296.326454599,20.0750995986,214.78742158,17.5971265708,128.870657208,120.264464226,7.56754485563,0.05256275243791508
4.286415715953476,31.00265322621912,285.3541269656329,0.0098511560146534,1.294751843038737,1.8147757175406865,0.4561584703654534,-1.5123975295627086,0.0082024167854154,-0.0009980766773189,1.0981203294775626,1.2054026884843962,1.0648596813953992,0.8306763688885443,2.0815502478659766,0.2948501766189998,1.944374523747404,0.9617401027426044,0.9253868333930236,0.7589312503080962,-0.0013673373315497,0.0002075463433289,0.00116059729854,-0.0001098113778691,0.0001454980357744,5.073793604988036e-07,0.001880985870167,0.0011303056999646,0.4897040691799042,-0.0409331924251166,-0.0420010895911241,0.1281719745296758,0.001139102658014,0.1418847196223631,-0.0315052819604382,0.94495940597936,428.3745240209814,0.0377874246878698,0.0284134244525094,0.052664122241577,0.3718053286889273,0.1953531500017893,974.4966102428082,0.3517902606455454,0.655718627928694,38.99177524439906,-1.5227072502649232e-06,-6.286991352511973e-06,-0.3488865404186109,0.5199836561331378,0.6944076434154618,-0.0152270725026492,-0.0628699135251197,257.3043052964425,614.6890612034135,79.54719347265737,10.78531845463553,89.71692708206484,24.80897146886624,1.321457688217759,8.36624828571879,0.4984303257557175,0.4377090419025091,0.0897108990311351,0.6320016376354136,0.2448131304905497,0.02115074387177,0.0128049997907841,0.0244120996888643,0.0190375839203536,0.0343371233357543,0.6941680137509562,0.0009098652838353,292.19870906974177,55.99583189450383,0.0202396474768259,54.064843668264615,0.0068907510297683,0.0043174272089962,274.8766847113321,0.1346945639442815,0.0191882015439,0.512698256228,0.28885384827,0.331323204189,2142.42776128,490754.393923,104.055224506,8.28161799652,28926.2405391,5760.93431766,1902.84035564,8.0899560386,1864269.29875,2.48000365554e+16,-0.0019116921392000018,-0.0005632630166780001,-0.00393270049412,-0.012090947951200005,4.8052004121,519.534455576,26.0040367731,3530.4159547,282.240615238,11.598812192,42.7679428943,0.203375254691,0.638804042895,237.956077344,15.2166825216,207.55226773,16.2904983264,160.930649011,92.4547385881,8.49643874547,0.07787711148244511
7.600802492134552,12.359508864622548,133.4808194350676,1.5576062962408086,1.0181639866420966,1.813112999883148,1.528621563638956,-0.1986562774254862,0.0285608293358459,-0.0001157664368509,0.7722069930991252,0.9677927679563249,0.9062392231416132,1.7323472840793337,0.9451939645039292,1.1536372715795715,1.911494191916532,0.8900383842891568,1.0269115354816634,0.965072738437665,0.0090229944313866,0.000229885127577,0.0012971833461706,-0.000117130853873,8.558322702366557e-05,-0.0002836260049805,-0.0002246539096617,0.0011919161914437,0.4986865903203988,-0.0408329642596897,-0.0394513690471012,0.1086385922151354,0.0010893553221399,0.1415278959173909,-0.014009104628978,0.8734662216580962,409.874520045436,0.0392918459377434,0.0451759827519009,0.1551761016822138,0.4288019348176359,0.0636099147646328,1075.0939014069618,0.3994416351522664,0.6508252534185254,48.16440038045642,-1.0606285641719133e-06,-5.164176209950138e-06,-0.3472160709948289,0.5582294642934819,0.4209402910118965,-0.0106062856417191,-0.0516417620995013,263.456517671134,417.1258846980922,426.74012983616456,23.50388293201213,54.08069142654512,23.33126281922061,0.4706676313540529,9.438432427320365,0.1909532799777916,0.419922497415515,0.0748336339116861,0.6602379578052421,0.2182631620717547,0.0245759192341264,0.0149060698335224,0.0298447553701684,0.0132996831159204,0.0320713202591504,0.6767976778368425,0.0010259100680449,294.92866560369583,55.44315088059695,0.0903919082138567,63.55634434605911,0.0068801507664522,0.0049538987402048,278.75018017083136,0.1304557496561052,0.0934715958278,0.651927178613,0.340349824435,0.300360455324,2132.54712871,469973.829755,550.724151646,8.33865534996,27231.5266418,4124.01537733,1951.1586975,8.0832960955,1864235.63757,2.479899444e+16,-0.002025153074499998,-0.0008829409326100001,-0.005443753699300001,-0.012429010767099999,5.01053570834,510.26259064,31.5973912799,3479.55885328,333.097716664,13.9376388979,47.0772709892,0.32918180342,0.719406766528,247.580941218,19.562601912,223.734918281,20.9349578194,197.766537002,106.590100187,8.92155614527,0.0769469455141798
4.397044500584865,20.70647709102785,177.20178887731015,1.304481938055152,1.1017078267449412,2.684868338869617,0.865823140309666,-0.8267736276938116,0.0148192237858497,-0.0019948626864828,1.0065611452087793,0.977064594126212,1.1175508892475203,0.8459319149258281,0.1650456815562624,1.017838641656175,1.141415701898068,1.117594186720048,1.1064156703301342,0.5771862857080435,0.0050434836200048,0.0002668851375745,0.0025094401322441,-0.0001056362888986,0.0001091986813015,-0.0001848839617651,0.0015178428888313,0.0010607015254835,0.396274867758523,-0.020557048954632,-0.0246891514595205,0.1439120894439188,0.0010621135255041,0.1235788406045218,-0.0197643886923047,0.7218252274376706,461.2288569548955,0.039699051765614,0.0291098960657285,0.1379129857082133,0.3561328950003896,0.1172622026647294,1301.0689429491215,0.355926489920854,0.784400388865538,28.89017568470728,-2.0447385588735595e-06,-1.7965641530184622e-05,-0.0092841492438676,0.7796627281071925,0.9147692522148638,-0.0204473855887355,-0.1796564153018462,422.58075498700265,737.5513445862082,139.79956205230917,11.40259945863657,80.97834461185644,11.34052745472754,0.0364471906062749,8.281793578206807,0.2813355255734532,0.425022023795002,0.0770470353345786,0.5645002001416558,0.5659650702037837,0.0174178572732439,0.027866290123337,0.033481724774125,0.0202270081794792,0.0276446778866611,0.7209307222860434,0.0008137520341091,295.4430539417313,59.78872909774874,0.0125521275955258,68.22209057467876,0.0065847626003122,0.0039445046147019,277.75473293978183,0.11477963802082143,0.0384134111918,0.46814790127,0.232333736,0.268914862415,2146.04281561,479866.473333,179.520631827,8.34742901303,25288.1169944,6988.70482895,3129.32673571,8.08321132779,1864313.272,2.48013979567e+16,-0.0018855818246000002,-0.0004962155608200001,-0.003593960096079999,-0.011520978054900002,5.64832356971,419.490352184,32.4362464926,3427.78320131,384.873368622,14.8920376579,75.1606979997,0.260986784572,1.18512158294,275.156096594,26.1217941108,296.094419863,32.5100480906,179.615610767,183.294144616,5.71941988814,0.07098578623356078
7.126028987829308,32.38115569520818,313.3372473433455,0.1353773627296954,2.0778451230232244,0.8846738519053716,0.2273545614240211,-1.169244813818398,0.0061507287403128,-4.753730917123403e-05,1.096870960812195,1.0177622251285194,0.9302205380375168,0.3710814734820294,0.2628326376509672,1.2794872881972543,0.1408577800571345,0.9866267067193863,0.8714127594196415,0.714878343736315,-0.0312985623099408,0.0002488367782548,0.0009432044294994,-0.0001037624957262,6.195117085378964e-05,0.000151220999026,0.0016915255496306,0.0011966805361115,0.4659614942711814,-0.0454880467749813,-0.0270164156684989,0.1320198465386501,0.0008532157425325,0.1113877761078613,-0.0109922447678495,0.7534185351627876,445.535524409446,0.0400373803113589,0.034561740449758,0.1931746520119821,0.2967560240843634,0.1998080894760037,977.19318944036,0.3930812293748635,0.8071559886070448,10.864429452320715,-1.0248959791632796e-06,-9.25481321610233e-06,-0.4248007795830226,0.7447537649725151,0.7482778515411026,-0.0102489597916327,-0.0925481321610233,464.0297396371055,313.3423938056361,334.159283978698,25.619643588734416,56.61527872158301,23.24405098303581,2.07076148758471,6.2267986303795215,0.1940070615550087,0.4483888234479748,0.0693949542143986,0.5945147881132836,0.257995945080314,0.0127061305155394,0.0281517045107092,0.0278227772707359,0.0199382429429569,0.0347450371183557,0.6836445029898554,0.0011244076668677,298.1676732207648,58.80056577487847,0.0264155012052331,65.97492270426902,0.0069137402697198,0.0046769035141338,278.58769888675926,0.14861714964703454,0.00529182410868,0.468382114704,0.200073719264,0.22956860239,2144.8402144,495639.586311,442.746670033,8.22140256418,27107.8965403,3041.94618406,3428.61598905,8.09232504834,1864281.64538,2.48004187999e+16,-0.0018610073993000006,-0.000435155738954,-0.00326665833446,-0.006483907096800003,4.29724474831,562.793828122,30.3464202273,3514.99039507,297.666174868,12.7018514869,54.1745063009,0.226985520258,0.88835451196,245.839194471,16.7534801817,202.125780645,16.7857479449,173.561382846,152.162936122,2.72067191514,0.06012588095509158
4.132199221535871,20.97815590609418,173.51708542264078,0.6350475901412176,1.2206988259908762,2.973048228736952,0.6510315180096492,-1.1150445054502889,0.0111306595734796,-0.0019710296390117,0.9019116812273524,0.8891094925790339,0.8492049882188465,0.9808133623054084,0.9155021917781831,0.3810864296929758,1.8006702258713048,1.07103583460908,0.9402237275852076,1.5560578625172274,0.0035804411153097,0.0002495542131087,0.0011504756394545,6.583759910288491e-06,0.0002131470074567,6.63423173758139e-05,0.000235030370952,0.0010623657538929,0.4664949127224763,-0.0225127377310261,-0.0123526178450915,0.1375500338140044,0.000933041012475,0.1379277150485515,-0.0371396574215652,0.7784001758278087,451.9343016181713,0.0396096553694772,0.0464884202841969,0.1663751233255978,0.436029519217382,0.0538607590194996,926.3290644871342,0.3751752310022559,0.7122180944181664,11.149435158201785,-2.03225684580264e-06,-9.188135909690456e-06,-0.041878962183769,0.9647107323236276,0.8257004733960616,-0.0203225684580264,-0.0918813590969045,65.62779137434286,685.1290160525446,319.842756359175,17.307477085931133,83.61700088224895,27.64528679584234,1.4247408380378346,11.54206744856917,0.286958337979098,0.4084247387185973,0.0888250227920099,0.7001142883345396,0.1202820745802377,0.0157463434180851,0.013438186578498,0.0230192337964901,0.0101636929939447,0.0315633643845324,0.7329534376426035,0.0008237285131612,297.62992241563484,55.71064277316441,0.0996596620089934,52.36151865916937,0.0072202732873561,0.0035376028472189,278.5021602918453,0.12199080356337061,0.0329281013986,0.392777092842,0.206680105119,0.262335993576,2150.81777583,493636.051642,401.325783248,8.44179648005,26829.8506287,6712.53300223,487.389593333,8.0726798095,1864327.53665,2.48018395955e+16,-0.0018227916041999997,-0.000352138148905,-0.0027872842003100005,-0.010522226284800002,5.23180163623,456.712953888,26.9125475263,3499.2943857,313.36218424,12.3272897545,42.379701863,0.240240991683,0.629113589223,255.165914133,18.9499414755,209.325589487,18.4483804102,134.846829352,87.2097145045,2.97882275663,0.07030059017500197
4.546936831840561,32.4863175196716,100.27450393875156,1.3202641072981482,1.4475116185678467,1.2970861593663987,1.3421284597170706,-0.7395423966349697,0.0174813852361654,-0.0006134392944691,0.9071528259494868,0.8652593156831537,0.9496971354591196,0.7542163887799052,2.5232609339573235,1.5052636330610394,1.331328413520903,1.2251524685429576,1.0088586684784009,1.3843058407998252,0.0586684670376431,0.0002706888982946,0.0011149347433358,-0.0001302188605507,0.0001530929971727,-0.000372459357331,1.667208971016911e-05,0.0011571643910595,0.4705114305115096,-0.0373927724166394,-0.0155335299005735,0.1484614025611854,0.0011239722200982,0.1226773322315002,-0.0209115996397585,0.6228165901391219,452.0543031595346,0.0390024532401121,0.0436372102314749,0.0510923903062404,0.2225088543906791,0.1702707635708205,1144.1615754656302,0.3933820059876898,0.7915873743557932,39.99114981018555,-1.321267067053168e-06,-8.686071186061299e-06,-0.2898795402773234,0.9169970514913977,0.9784596358565952,-0.0132126706705316,-0.0868607118606129,426.0797698733389,529.27131906727,419.4046472867133,10.299229620519093,57.0490112553408,22.260979610334463,2.2866354439709933,8.270188166105795,0.4839237711492703,0.4377610787187103,0.0823844926125978,0.787900178963219,0.2887153041492762,0.0157815735306664,0.0133025723425471,0.0196936539708199,0.0237231247339695,0.0271437082969395,0.7742573192273305,0.0010111765480648,298.62228047327125,59.13063404038259,0.0987336251306061,50.18515510839396,0.0088948912602293,0.0048707522378584,279.6537781681288,0.1116978563429948,0.0468689276784,0.438020894071,0.182356034851,0.142749590576,2149.21549128,480393.702034,550.633325803,8.26323997796,28226.0596615,5257.21107401,3151.03910013,8.08816208207,1864306.74147,2.48011957706e+16,-0.0018280471506000005,-0.000363319711747,-0.002848567117459999,-0.007093138068799999,6.31715839083,420.029758186,28.2972838173,3484.55408297,328.102486974,18.5417340871,38.3126645764,0.403516852239,0.585449564246,363.815309129,29.5308445739,181.455972607,17.0166525597,213.643748787,87.1319275253,7.66979262914,0.053431245773722935
2.4588053959917806,29.876003723532698,217.7120295070564,0.1057228784495897,1.9528267960477523,0.8677114004652792,0.3856847363906871,-0.4270797539784248,0.0262283713371201,-0.001165976614148,1.0153811310302234,1.027913832491787,1.1540210222991474,0.7927173283709181,0.0851563182432161,0.668870293779241,1.4997802067154853,0.8144696345302512,0.9479965025132222,1.272939384403939,0.0857741457174305,0.0002549731586499,0.0013382875130431,-7.523731442080679e-05,0.0001403181735289,0.0001155276445332,-5.952538484878581e-05,0.0011185814819369,0.4399296928285265,-0.0398311940193703,-0.0392016799439195,0.1469821753168755,0.0010441007197225,0.1499420699464432,-0.0282995311134422,0.8282124700312794,412.3295884852785,0.0426502587819942,0.0319037682568396,0.1404012883262896,0.3225419546810093,0.0954674239739946,1332.8585455766818,0.3415397336020529,0.8210144897366367,11.333006169802967,-1.6106388854728765e-06,-1.2508788396434184e-05,-0.3305199003228398,0.5619748008412063,0.9577504544362574,-0.0161063888547287,-0.1250878839643418,317.8998879423379,748.7756256245668,70.98096146494211,23.003588442151457,87.49286420097536,28.94246637201802,2.1067614631624134,7.242839044187778,0.4441159422062538,0.4084326687065545,0.0909657905451556,0.5085279898104185,0.7473671838161255,0.0142653347598913,0.0128293475857721,0.0325471041609953,0.023104076664854,0.0332826421202135,0.6347436359035039,0.0011268381925714,294.14064882593163,56.70899998656424,0.0609638745823109,68.78952954270252,0.005884356750124,0.0036837126739517,278.626593785267,0.11485281994714072,0.0149622417695,0.538602383775,0.193594063882,0.24920339111,2142.14715446,473826.875387,93.4048101995,8.24565578708,25674.5998569,7031.62729429,2349.07882955,8.09215607751,1864271.41976,2.48001022204e+16,-0.0019161518064000002,-0.0005747592706319999,-0.0039981706732599995,-0.008101728997400002,4.90431963335,424.133523623,31.6590568058,3427.08461214,385.571957801,10.2082651412,36.9098136792,0.228939974204,0.532067124202,220.114617568,20.260449984,201.302989314,22.0406360953,153.083137964,75.1911433763,2.63757228519,0.05790863632787352
2.3186362106814387,2.7961520871591574,37.00720858299453,1.541462522077568,1.3833054600839068,5.885110768489687,0.6784067405776667,-0.1579578506096688,0.0196476247031125,-0.0052295789691106,0.8109316242599806,1.0348664394576452,1.1713628198939048,0.2671635415047642,2.056129056080624,0.5709905141656906,2.0108789392687862,0.9389098942554012,0.8668594609264277,1.5617280420649815,0.0051758282734148,0.0002949828653026,0.0014379444162597,-3.4182596410458555e-05,0.0001880902374851,-0.0003637984801793,0.0014017456272292,0.0008348258064594,0.4821285578350138,-0.0264180881080936,-0.0498723869732604,0.1317879368903393,0.0008284051466305,0.1288201520315765,-0.0289623037792513,0.7908743465535013,404.8980730910374,0.0354788973369198,0.0371393476526727,0.1803162748387597,0.2570637858338038,0.1633166486104078,1306.3656124598974,0.4410279067868491,0.7470815583748188,40.86231209474865,-3.7388064515542855e-06,-7.233930270623273e-06,-0.1069681351348949,0.4019141954010934,0.7450311164647514,-0.0373880645155428,-0.0723393027062327,380.5490312435746,895.8486020841256,152.71070314376323,21.902325511682594,61.6371550067494,19.89901914750048,0.8515964909008795,4.098468808319256,0.3099577363151795,0.4388205683559859,0.0754130084331091,0.711575787877607,0.5723037269373491,0.0248709489677223,0.0174264195648981,0.0234804507984555,0.0204459444057011,0.0329589002247668,0.7442457891703487,0.0008383620978031,293.7003223485357,58.76752795346842,0.0336634128602718,59.65283310360413,0.007793762434999,0.0047533771752413,278.0695349969158,0.11282308713640181,0.203378382778,0.591245093554,0.166725485587,0.522299232211,2138.90734586,468746.440218,203.471888996,8.19303585467,23108.1217415,8257.43608018,2805.53262142,8.09952138243,1864250.96716,2.47994690252e+16,-0.001968496748799998,-0.0007172647527299999,-0.00468867526216,-0.006087652375400002,5.21809936416,432.923273043,31.3175567333,3454.99076345,357.665806492,12.0684754875,56.2297823386,0.241332363878,0.877756366859,264.010340931,23.1292078186,232.891075106,23.8646577974,175.495686642,132.758334369,6.90323301278,0.060879977450994716
2.88367365321972,5.078077481132735,33.55461695958472,1.36138638025175,1.639476313081399,6.135035370279313,0.5514939502354163,-0.5078864947259221,0.0273140001094282,-0.00028974090265,0.8977627018873432,0.9132487207776452,0.9287234872857952,1.3166977337044428,0.5420449579815989,0.1253700362365003,-1.0334259655311753,0.4951353614763395,0.8637999862768341,0.9034021273665044,-0.0081265129086109,0.0002715512046489,0.0020444645758142,4.7505871365021845e-06,0.0001239902536035,-0.0006606284432433,0.0017782793723968,0.0011797677975443,0.4797866870530218,-0.0258910855963805,-0.0114987801074635,0.1002028426673764,0.0008354018281083,0.113127420905639,-0.0198357452826169,0.9254819412806196,467.6400562133098,0.0353373610808667,0.0291593457984724,0.1467583494683231,0.4408362792525622,0.1331975169827489,1011.1328416983096,0.4245895918994123,0.7582754255467642,38.48606828838179,-1.1517415184175243e-06,-7.526664118372267e-06,-0.0981847599396754,0.9775182983880474,0.3028397973432707,-0.0115174151841752,-0.0752666411837226,198.35693726789987,855.9797478544972,88.1126894068336,23.642783385546142,85.71018480176036,25.69531712467449,2.881181566433648,6.323673887193273,0.183480634666511,0.4329414320537648,0.0542691639584837,0.6822883556227455,0.2908722510861197,0.0106480297695432,0.0257948059895525,0.0186877193049134,0.0176930282486836,0.0278721153581027,0.6488071017855886,0.0008433581896516,297.21575762845976,56.4796581332211,0.0773337205402165,54.517593061091695,0.0093069631317516,0.0043324917396387,276.62275236132524,0.15186665142829406,0.221323827877,0.653807489685,0.198024439903,0.588886671442,2132.94430537,542731.073382,116.262119507,8.24200751611,24389.3936189,8139.1329778,1467.14082148,8.0837419421,1864233.01769,2.47989133322e+16,-0.002041976083899999,-0.000935653898107,-0.005706078918719999,-0.0079093881759,7.04268582841,603.927612836,28.7569958048,3556.72563538,255.930934555,19.2611514773,67.4153128675,0.367774292092,1.09872686651,423.693840487,25.6060145442,250.022966818,17.969096683,207.167148004,178.027580152,7.91272326085,0.0783601763373103
6.159088094057642,6.432688085986863,97.36910253768356,1.5599321401474684,1.3142873646889557,2.476354795064432,0.943626372071031,-2.9790143203907458,0.0039568994899353,-0.001531867617218,1.2793662809973942,1.096697879850674,1.1021435271388846,1.01008598660307,-0.137430833320006,0.0610915497099244,-1.462070097660216,1.1000505306623745,1.0456541085663698,1.187952173515486,0.0627695758894393,0.0002435767987563,0.0015859802824351,-0.0001229555212326,0.0002477558819317,-0.0002371367286383,0.0002500875287293,0.0010930318243528,0.48411276174541,-0.0318379762151988,-0.0402662019011066,0.1333452250323262,0.0010404083322359,0.1117074350247634,-0.0327344498697578,0.7120025822607982,487.1659824362214,0.0343179522774549,0.0288193165842576,0.1061830980787716,0.4298590199002915,0.1213566262310556,1060.807167166874,0.4051778635795522,0.8346823254402479,17.79407692972743,-1.802261317353708e-06,-6.985904781823738e-06,-0.1972996035866467,0.5460069714834007,0.7668331504525678,-0.018022613173537,-0.0698590478182373,270.1848784233604,811.3474691800222,183.52180741275507,26.77315625650121,80.19116866244845,13.175632584220685,2.05176868817068,7.626457988479116,0.2362862618273753,0.4195571426993513,0.0848370296477968,0.7699216524241501,0.4853163977545998,0.0148056757636907,0.0234925977073868,0.0209399099783699,0.0327557437114685,0.0323944640878878,0.7052388685869857,0.0010496780207472,295.12141060082325,57.224783193199855,0.0877154694643231,68.80213467148342,0.0084890937168495,0.004706706371669,276.5378978700968,0.1558458727141237,0.10544478617,0.451445283666,0.240642409985,0.295722479973,2145.62896865,506616.924855,240.054137135,8.2820372897,24529.2566254,7757.19688739,2000.13370376,8.08653328637,1864223.40071,2.47986156055e+16,-0.0018747796373999974,-0.000474605400866,-0.003436656837029999,-0.007794873458699999,5.36574814974,608.271404972,33.471296626,3525.40917078,287.247399152,13.3081816771,49.9722806399,0.3053305368,0.812799250284,313.073283456,20.7304255149,194.884115186,16.1076226264,182.523344938,134.397702798,3.52014664333,0.11627101691167843
5.3760673656498765,10.363380124204648,61.94543096383335,0.8573127036113626,1.249665591949079,1.7680650445998916,0.4603635354104134,-1.3307717778323995,0.0139615953018747,-0.0018323809160703,1.0839304638564309,1.0495924566662982,1.008430509852409,0.6273295757703045,2.645827041911023,0.5884309572455475,2.1847711857102,0.8822382177991389,1.0318842413842917,1.907092372060884,-0.0393934652020281,0.0002298750923668,0.0010102354841327,3.728357143190417e-06,5.101922655847546e-05,-2.298401776056256e-05,0.0018050769160402,0.0010720474005197,0.4366153785137719,-0.031766400810379,-0.0456608006212305,0.1487148473521023,0.0008587229592889,0.1480466857547751,-0.0313977593771504,0.6811737459085188,464.23949679138326,0.0455523215723882,0.0437848739528552,0.1067407473256146,0.4555683302909627,0.1591277311304432,1035.618150739063,0.3929077474423276,0.7019108211264414,37.36177370599412,-1.9596444961021025e-06,-1.29230776857785e-05,-0.1961066801729844,0.4650879906815411,0.9820078629294332,-0.019596444961021,-0.129230776857785,267.8085536095392,537.8362257649824,356.11863317325003,28.410058016297704,89.18496410891672,12.938415084340116,0.2892924434596267,9.133944864990962,0.1607902506122603,0.4008210314703279,0.0718949127747338,0.5035696762889217,0.0163348130482566,0.0142304440027049,0.0115829128145947,0.0266287048437506,0.0192825415624383,0.0314741044410903,0.7997908162887813,0.0008644707435529,291.6470165480478,59.528113871446095,0.0202309861607514,63.03997028245816,0.0082279736644195,0.0042512562378762,278.8623444151897,0.13253480114936825,0.0407922317384,0.375658588377,0.11085776562,0.225848229775,2154.21231517,492544.362227,456.748546054,8.3593224887,25895.568758,5081.84993961,1987.13343987,8.07916566181,1864374.56183,2.48032955422e+16,-0.0018379169692999998,-0.000385459733375,-0.00298939492544,-0.008104178607799998,6.09734661421,484.662501589,31.5147511529,3486.71422774,325.942342195,16.327129405,48.1890513867,0.226774749804,0.689280449075,283.863942628,22.2916290499,255.444340128,23.471670549,158.459482143,92.2713286907,7.09148717227,0.05548139295538098
5.090814241692701,27.600213934997328,137.11021609646733,0.8850006867842029,1.6736730004675322,2.047926262259907,1.3061926721875767,-0.1137577965780809,0.0122113862148336,-0.0006232538103678,0.8795047964917184,0.9129031942396668,0.852043397185944,1.6304984104179294,0.747718475333591,1.4881753122774029,1.1055847829459031,0.8757686005643807,0.9641193504274738,1.12871225026837,0.0328750397103161,0.0002254092444046,0.0012097621945606,-4.1138498740365655e-05,1.780906842598816e-05,-0.0003524250893883,0.0007964128020848,0.0011564790571255,0.4691878188693916,-0.0239253475029972,-0.0471012108684383,0.1204681020075363,0.0010209403455145,0.1463212790721761,-0.0231155886487392,0.8475759731878967,424.232439152116,0.0362947031528319,0.0361040080070268,0.0724136422161073,0.2457729935407144,0.1779846893682644,901.352106722315,0.3338078243512037,0.7420961836729071,12.349921463472594,-1.3264070715585065e-06,-8.851522641326044e-06,-0.0654224583832876,0.4434818369734254,0.5865534281055086,-0.013264070715585,-0.0885152264132604,392.1101786590176,820.3792193631517,328.49551189810086,12.94118049572688,68.00836648240131,10.24091500755778,2.9569679300297658,5.216619461061325,0.2308597711470282,0.4471563519881505,0.0726635213708833,0.5782263231939947,0.4173282044381771,0.0296636695747505,0.0143576419919383,0.0204262467156825,0.0346439797089927,0.0338800255085198,0.7270065319299727,0.0009156438793558,298.29170627298987,55.7385824204342,0.0648527928427824,57.35208775205825,0.0075392936488261,0.0042628780653053,280.40385384812606,0.1371655903898109,0.0952050728175,0.623950271169,0.411367867954,0.337900161152,2134.09356295,470468.925502,434.769858271,8.22379413058,23888.2977767,7948.03992203,2897.16886273,8.09293298326,1864242.19483,2.47991974443e+16,-0.001981825426900001,-0.0007538469591339999,-0.0048583139900199995,-0.014664927515100006,4.72026414396,537.577868487,28.9264924052,3519.01412507,293.642444863,10.5127218834,40.0339638481,0.226950611069,0.617618275852,247.556146091,16.6545427726,181.526568519,15.2868680457,152.048222166,91.1829247981,2.95089187431,0.06722245229063098
6.374749856372513,47.00078814278028,172.14026844675172,0.4028590833843778,1.9563332241986844,0.3949180693115439,0.4508912514862417,-0.2048813602482666,0.041867440634836,-0.0011269433119955,1.0667844090567815,1.114938368421514,1.011774772762334,0.2490706840180898,1.3535484474040138,1.2272867423247935,1.0414054734689322,0.9923622171456016,0.9318015367253732,0.5069441572253768,-0.0472250483760026,0.0001898343292978,0.0010091771304244,-5.889593577530666e-05,0.000184956394938,-0.0002361579890018,0.0011394452271189,0.0011213071228956,0.3317667594479503,-0.0225622521476251,-0.0106615106482708,0.1266668911023039,0.0011637704170504,0.1479621199739159,-0.0303033955510045,0.6312390980556294,428.5647979341803,0.0411155116539861,0.0286639591428348,0.1948114392176391,0.3667041136081723,0.1698664763985984,1131.716336669579,0.4041821506783649,0.710208339745115,49.776914449843815,-1.5901965782828998e-06,-2.6029155069006204e-05,-0.0427042024604185,0.9900773402759374,0.6733364754322544,-0.0159019657828289,-0.260291550690062,346.97283264455785,436.1943119069841,330.4850456382254,20.791016603506428,57.50196909839301,18.729856495850647,0.9447657013161112,10.992894447313054,0.2288078062717319,0.4191576156165048,0.0855457194275547,0.765234882102825,0.4071569397107716,0.0102775017707244,0.0228525696236854,0.0195189920240739,0.0112062077854673,0.0269609233435963,0.6999263346018032,0.0010635343089225,297.7520600610306,59.15515086252826,0.023270609628286,55.546289305535474,0.0068541436539193,0.0035636400889675,277.7552178201548,0.11120715461850718,0.00579829949373,0.592433719185,0.162405324103,0.113075765948,2138.04083893,482928.061109,418.53921602,8.3893370713,26901.433381,4406.72709335,2570.25737662,8.0787125994,1864281.31502,2.48004085723e+16,-0.001965935261599997,-0.0007056359818839999,-0.0046579120760100005,-0.0060216045079,4.97426416255,410.734604913,28.119525241,3462.45686144,350.199708499,16.1016814917,37.26725847,0.266900774627,0.601779104716,305.218728027,26.1872162278,143.245866172,14.2172853243,172.438808806,100.207757931,9.63984357023,0.051602785015265676
6.705098387197945,61.252712807785954,163.13138745013055,0.378945167055106,1.734950083044355,1.0194630473922777,0.3559240648070502,-0.9872306373433338,0.0047886319500528,-0.001213370027362,0.9386686794328932,0.9633049093227598,1.0431790171023012,0.8494241776607927,0.5593491512652768,0.6374288938419053,-0.1141978019249592,0.9529333844127572,0.8750798341726878,1.083227524877765,0.0360926171175279,0.0002233382937496,7.043809728919615e-05,-4.054414060395141e-06,0.0001675996519496,-0.0001038756797133,0.0013893629465232,0.0011152720661021,0.4924992636977039,-0.0227182182874827,-0.0455292965936888,0.1179581638247979,0.0008355472996434,0.1426216185022303,-0.0425383950893366,0.9328770568825924,405.6801952757565,0.0332570234614905,0.0330528305337558,0.1735343251250602,0.2220932163145906,0.0591512906629999,1235.5612691105507,0.4314755383880294,0.6919900539200459,41.0984741040387,-1.635459504233653e-06,-5.937592037787011e-06,-0.0453036381247118,0.4670605510946677,0.5514142935471719,-0.0163545950423365,-0.0593759203778701,230.90108569648123,428.5262614684908,444.400884891981,25.330382989517407,76.51048358928941,26.710223337845363,2.4095384590645583,7.124877708555594,0.2974551877347072,0.4411854017956394,0.0538240154287536,0.7366582256943427,0.6333313645286663,0.0295445380134961,0.0183046471801544,0.030403569439659,0.0205376695009961,0.0305070798558297,0.6341328099074545,0.0008781890426662,291.89878001592905,57.03458520571106,0.0829871520242905,51.44317710923289,0.009368725158701,0.0047631219898512,276.3154515848116,0.15304092942702058,0.0199455411338,0.622457491301,0.358710540951,0.242559293878,2134.4411453,520990.468948,584.577926878,8.2559417023,28044.6253608,4102.5713722,1708.76107359,8.08671650941,1864206.365,2.47980882106e+16,-0.001988945102200001,-0.00077695144253,-0.0049463004668,-0.011634281679700001,8.67594530311,617.78334363,27.4159553719,3569.9073062,242.749263727,15.8698658318,80.0935612096,0.3645544217,1.20056218873,398.880041441,22.6840387949,401.006103765,26.8105402003,216.944290905,169.434481827,8.6679523344,0.09065792546535156
3.458112160956388,27.428225611537624,150.4407154776285,0.948255127667927,1.412519468427127,1.7342123805431389,0.8644299241687801,-0.8659895618232893,0.0122952252551106,-0.002024251240941,1.0260762325459056,0.9900743082129286,0.9955406817856104,1.7032020835378272,0.9045919274616264,0.7874326095328537,0.936647043015986,1.4021832332543374,1.0568794499018408,0.8420967672209774,0.0624734534673372,0.0002466370866626,0.0012285523629569,-1.410715499008059e-05,4.250824171133822e-05,4.526304323144739e-05,0.0017702816789476,0.0010586493637823,0.4449288906455811,-0.040583573337292,-0.0190191193009451,0.1453970191133963,0.0008020868099119,0.1317752013048362,-0.031030307475991,0.8419303129252121,486.7530625812173,0.0364194943413705,0.0354867336402009,0.0767611768036836,0.3522260675518192,0.1166540663782139,1239.843434261059,0.305135963905183,0.7406320572051328,22.1981797380568,-2.060129771632247e-06,-1.1883888669302355e-05,-0.3430595556215349,0.8647132104858235,0.9355582675875488,-0.0206012977163224,-0.1188388866930235,425.24461790377865,526.1034245842935,195.89536350809936,27.516477944087,86.74891744717277,17.23431721897623,0.9943716815860486,6.767147314254521,0.3915006456862741,0.4105424661229868,0.0678619320619927,0.5713665737708432,0.1406678728057466,0.0295815203599635,0.026091548422748,0.0264518227638919,0.022416706517264,0.028831168094997,0.6123898406437418,0.0010890630270855,293.7972074973057,56.635483635259135,0.0515899571807832,53.05819585217577,0.0082116474660266,0.0040774006990839,279.7987723262731,0.11448745914717023,0.0554048993725,0.574776429836,0.293400345732,0.288193074001,2139.33732818,481905.057526,257.503913157,8.24999242993,26581.903329,4888.041912,3142.04053614,8.08897717455,1864234.41108,2.47989564695e+16,-0.0019401927805000017,-0.0006426812942439999,-0.00429725411162,-0.010967402967499998,6.85500613014,440.319401918,29.18472119,3481.83205119,330.824518746,18.310366835,58.448590436,0.319438879315,0.919291363804,373.764707009,30.223880145,249.699291617,23.357491018,197.795886238,146.306907955,4.99734342888,0.09458054712022743
5.098042598066116,27.140301649179744,81.7500930425793,1.3971045709738892,0.9936596350615567,2.859450298145796,0.8820493335060108,-24.98259596522724,0.00045022947854,-0.0007684717642017,0.9695498053329084,1.0096559961550229,0.856965291356303,1.0452977208523846,1.5550042867873897,0.8439844179500892,-0.1558040716168382,1.0481524787455068,0.9727523581038262,0.93006946142859,-0.0166659600188939,0.000242342726767,0.0016530602982238,7.569262791409048e-05,0.0002684267753768,-0.0001163026882373,0.0018603084312355,0.0011463386902829,0.4975375007458955,-0.0302128020201471,-0.0481354060456606,0.1424211796761068,0.0009882252118876,0.1188684086787329,-0.0337025666474142,0.8157515258294875,437.804753555512,0.0436678502700429,0.033083977993659,0.1191459222354621,0.2987926516547147,0.1499570639735832,1011.5273179464042,0.4269583636972484,0.8252756031485556,27.316971673578266,-1.4024598228776865e-06,-5.30781240676306e-06,-0.1702133670024523,0.4279689093150899,0.8938965154654959,-0.0140245982287768,-0.0530781240676305,90.52312701884988,776.1564918871612,349.6226000225291,25.815188560812945,72.11402804853824,22.02354321636119,2.857386504131904,11.404525014780454,0.2760781727206383,0.4116058961305032,0.0816327682509652,0.6071393649897227,0.2951212005601231,0.0246093159156946,0.0182268409933185,0.0152548528901127,0.0303415100785283,0.0331890629722297,0.7670231533440172,0.0009355120284878,292.2736994290209,56.06568227719677,0.0769054864776457,68.61705816338392,0.0072460611678773,0.0035029764423254,277.6312740173266,0.1168407828791649,0.0673946705768,0.365013152199,0.210253790992,0.209709822895,2152.12302664,480993.082376,446.552685607,8.38035317147,26058.1359149,7792.81879566,671.679740093,8.07984130257,1864327.684,2.48018441577e+16,-0.0018143764254999993,-0.00033494125192200003,-0.0026863608537300004,-0.010920918052999998,4.00533751861,431.550518084,33.35888475,3435.70126899,376.955300943,11.2985306664,32.2415156914,0.200841985293,0.518335554296,234.964013542,21.3179176355,122.339625584,13.7630161093,122.545825079,81.4843184841,4.68369524842,0.06518679942110785
3.187811456030101,26.65844037814448,139.1501973962605,1.256049234545779,1.0923013852183314,2.8160324816076283,0.9311257813975594,-3.823503680201586,0.0027199667891543,-0.0014306313854918,0.9220528642517756,1.0183029039074358,1.2158938319693464,1.0150615939904528,0.0224992818762459,1.5003333875461853,0.4581451327036501,1.075950097651476,1.0424920820765369,1.007929403562574,0.0654297084350754,0.000307603002894,0.0014181295317874,-2.716761887115426e-05,0.0003474993323605,5.4067293727037934e-05,0.0016629704328069,0.0011001010089843,0.4862650305185063,-0.020332073712412,-0.0303637284452184,0.1256270223076248,0.0009076822015791,0.1018355677601773,-0.0385274064201631,0.919512191417332,429.4061918468405,0.0440992278306743,0.0357638465609199,0.1409118447186674,0.3824702621788433,0.0758485206550906,1130.9119652602726,0.4241810570927842,0.6856942738451147,26.717548591998813,-1.74924243261736e-06,-6.7168711851867055e-06,-0.0055345618735346,0.6945440733217232,0.6587783123067474,-0.0174924243261735,-0.067168711851867,448.9106642633728,496.126635681942,118.87661592877517,14.282879031788724,53.03163330061377,13.410088859653902,1.2499353199108625,8.423789443284122,0.2625263199959606,0.4308689766748982,0.0854045033916124,0.7340584700068111,0.6485083646469313,0.0123533408557729,0.0238566078681361,0.0161542717971939,0.0278481829697986,0.0321451539987905,0.754326328513417,0.0008926186352372,297.3424516795258,58.0013992686537,0.0887766396951507,59.95758831230185,0.0062428603306148,0.0037362133733006,277.6539258482676,0.13072681996711846,0.0571562495781,0.448705850557,0.260331687444,0.254678965746,2147.10253328,476513.63432,154.20669094,8.31813766016,26959.4443471,4981.81705874,3322.41757824,8.08638778312,1864285.58286,2.48005407029e+16,-0.0018696169303999977,-0.00046012059342500006,-0.0033870046144599993,-0.012219540074899997,3.32020079256,493.457288698,27.8148757306,3498.21303815,314.443531784,9.8754927672,39.2983139541,0.230691027846,0.665946262208,216.66701239,15.5356638006,122.758193425,11.2289275048,136.290374084,112.989246889,5.98938929688,0.08500069954388431
3.7289258710773208,25.95458817090161,144.9043040344107,1.08534708346464,1.54896380777721,2.6942204382628234,1.1796437303170055,-0.225545290085671,0.0351693878769706,-0.0014108419486147,1.193740077397886,0.8539502247861885,1.107470848722898,1.7062239116980034,1.7182228162407167,1.2014618487785085,0.9346536455836848,1.16521431606437,0.9365888558375034,0.7819839133405307,0.051446572504203,0.0002293792083409,0.0012277120211508,-0.000120046933537,0.0001624732487513,-4.839850601880483e-07,0.0012423127295356,0.001101482877715,0.3462537933415504,-0.0225035032580181,-0.0220885833090362,0.1453390493137449,0.0008343048407962,0.1391581219683162,-0.0128088234268694,0.694212672691459,446.0785592034596,0.0457021111396422,0.0356189001797546,0.1092784336239362,0.3747931671673673,0.0655281760161496,1481.5855176604516,0.4303888768829982,0.8307660678431715,16.77721965934399,-1.7388784171370058e-06,-2.42182758323062e-05,-0.0417250543003032,0.8186712503644558,0.9347466903924286,-0.01738878417137,-0.242182758323062,146.49558551277073,387.4586718830879,378.7803471434191,21.27490082116672,88.56812510359332,28.15252208448636,1.4297399857786386,11.867865315010633,0.1096327963821362,0.4087700933840276,0.0713546367542576,0.6236327817730148,0.1175970179469697,0.0270712484458886,0.0278779581407192,0.0163585071005262,0.0256830939058589,0.02979526213754,0.7215882402924472,0.0010481083387307,293.1012862194441,58.51341010475473,0.0515142493219313,59.37740224820041,0.0071502551397283,0.0043373594353838,279.78223151905564,0.11221682935953589,0.0848940082791,0.60695597816,0.382769530558,0.355029890772,2135.5760861,469777.078592,464.796241833,8.49579377498,26530.0496247,3813.23687039,1087.66246712,8.07140392705,1864252.43476,2.47995144606e+16,-0.0019615802981000005,-0.000696618044463,-0.004585403945550001,-0.013804867828,4.00032089049,418.542770007,30.7172217626,3446.59013177,366.06643816,16.5850387377,44.6622009853,0.288085681436,0.768171114948,281.119052469,25.026097291,127.107144937,13.6941772373,180.701721033,135.013958644,3.65892991909,0.06936744420867941
5.368085652578646,29.26065039462314,63.41894377696335,1.4884159004308544,1.2989231848400828,2.1996392868618355,1.4326570475227898,-0.567907620996558,0.023763640573103,-0.0015696165298255,0.9601741127027144,0.9170980974703922,0.969777535192758,2.386432080233845,1.7591335242801645,0.3492599677170076,0.2787115647596067,1.2062423521354264,0.9900350056282566,1.1025299748017008,-0.0226601933144331,0.0002307559450982,0.0014724737414799,-5.093762163196494e-06,0.0001131209404477,0.0001178352274982,0.002127588671201,0.0010903958705217,0.4129594392223339,-0.0425505737577415,-0.0315007413785838,0.1383686773355377,0.001197705171658,0.1259881483610499,-0.0266425803199592,0.7071018367038996,417.3848496558766,0.0347915850729988,0.0443913147520103,0.0640420067195319,0.4881907457813503,0.1666533273210083,1485.2256952223552,0.3005989471744824,0.6736095429214846,16.835307089001077,-1.8220309710866651e-06,-1.588007009720826e-05,-0.3758428959623588,0.6774888793212427,0.8371614826975284,-0.0182203097108666,-0.1588007009720826,346.97283264455785,436.1943119069841,330.4850456382254,20.791016603506428,57.50196909839301,18.729856495850647,0.9447657013161112,10.992894447313054,0.2288078062717319,0.4191576156165048,0.0855457194275547,0.765234882102825,0.4071569397107716,0.0102775017707244,0.0228525696236854,0.0195189920240739,0.0112062077854673,0.0269609233435963,0.6999263346018032,0.0010635343089225,297.7520600610306,59.15515086252826,0.023270609628286,55.546289305535474,0.0068541436539193,0.0035636400889675,277.7552178201548,0.11120715461850718,0.122023320002,0.575260022537,0.303481674554,0.27433031551,2139.40685309,474196.56173,419.548924641,8.38921088273,26902.7764943,4404.03780952,2571.14454956,8.08025058132,1864282.74915,2.48004529722e+16,-0.0019530304068999978,-0.0006712780666909999,-0.00448628312563,-0.012684953968999997,4.98783226636,415.463296322,28.7458142412,3456.80633793,355.850232009,15.2407676067,37.2238748027,0.26357928207,0.601396263198,303.421395208,26.4080725273,142.912403656,14.3886047623,171.591963893,100.174688013,4.16956131652,0.05755322003226201
5.58198046317134,37.64255251595808,143.71047514869946,0.7966832459604056,1.8232027735018783,2.61353044441927,0.2786761204481208,-0.171853008469542,0.0131959049945065,-0.0046730405191265,1.0570430266924056,1.0632798667525334,0.8955504308287376,0.3351421943472121,0.6247510589251709,0.5463773349669911,0.6785671348290756,0.951240304097294,0.9174622231726808,1.010505534215845,0.048430391050187,0.0002489297318965,0.0012649477567088,-1.922865223809361e-05,8.73912756360992e-05,-0.0001101828403334,0.001862315611465,0.0008736881089215,0.4837684307685811,-0.0257279327483652,-0.0227847760372644,0.1373674298919683,0.0011787903646798,0.1144293129840208,-0.0370302794541102,0.9016162080664432,439.73449593283135,0.0341714459813064,0.0355749219787553,0.1161578634191669,0.3290146390498158,0.1841186729965682,1289.0717360974677,0.3089269630009311,0.7166603919806797,39.09913923546398,-3.4473391830881494e-06,-7.028946153927363e-06,-0.0954655458060881,0.8082283594410331,0.8231440184875569,-0.0344733918308814,-0.0702894615392736,388.6256032157253,506.47806307829495,194.19219209543763,12.13516227290584,85.7423115949768,22.29059397580064,1.4672910814689633,8.168042646841531,0.4691271671964426,0.426609482729636,0.0902302749344455,0.7995904308397572,0.1761270989802411,0.0290333058412795,0.0179928994594395,0.0327222286313707,0.0227961472735121,0.0311363737089367,0.6198524514487139,0.0010707901512617,296.2707238611092,55.37652971421995,0.0967743695393006,53.4290053094125,0.0077208667816029,0.0042769226415963,278.538599970447,0.12484642859679855,0.0273457594041,0.526147761429,0.325943666355,0.355511100861,2139.81409699,484928.589037,253.752790446,8.28378763125,28558.7576939,4785.35709657,2873.27612571,8.08682825186,1864264.89684,2.47999002755e+16,-0.0019095719758999985,-0.00055679869186,-0.0038955546877399994,-0.011092509042900003,6.69436750357,486.3403814,27.9196939183,3508.72587748,303.930692461,14.597591959,55.6601592888,0.327002180231,0.831357502976,312.643769342,22.5467146448,286.729690578,24.3218058004,188.604622456,120.032690231,8.18711394002,0.07188970995243804
5.935313078866471,31.418698852492447,221.5751499557909,0.5588878289657093,1.499678726085206,0.9042579819576692,0.0487774007249141,-0.805978406739086,0.0028860865747337,-0.0048701554691537,0.9921192156759704,1.0599670811403414,0.9985004562209135,1.0703179681222594,0.951744337485494,1.1084743569533062,0.3325348083169555,1.018896968457451,0.9020245327235642,0.8283416709571441,0.0524736700151589,0.0002611513134135,0.0016804821347241,5.779723857542831e-05,-5.281949340034663e-06,-0.0003131442524723,0.0006424274950464,0.0008599238473364,0.4838258745409579,-0.0211616298371697,-0.032202102395175,0.1095077142876714,0.0010173038078744,0.1284618880777899,-0.0231615929797584,0.7370324664615809,492.6343705437585,0.0454421495800772,0.0299431607147713,0.0804451358524046,0.3626276250933281,0.111676482224767,1012.5872153033928,0.3457917432104629,0.8300357603594348,24.01960443330232,-3.550571144976666e-06,-7.021765682380268e-06,-0.019360497286163,0.6669684640723751,0.4331080000273999,-0.0355057114497666,-0.0702176568238026,253.49573979073207,489.8397306457265,460.3259423244059,11.08028070521584,88.27712049907834,24.9187040752739,0.0112399296179208,9.426657012992653,0.4894064149082273,0.4411845310462398,0.0890743344465395,0.6337757828048733,0.5945701292929333,0.0226330657916302,0.0143583619341535,0.0289694667053013,0.0323897894248942,0.0297390880738116,0.6260629971969294,0.0009295044451503,294.5339287291775,55.25906116096076,0.095762772367623,59.79745021469163,0.0068883309708996,0.0040852543175675,276.2502470838607,0.11529966295222904,0.00214151346171,0.549426921313,0.202038009292,0.280598215206,2140.45891122,483578.160259,594.632598492,8.33464115507,29712.9501991,4568.00738431,1875.48446042,8.08510745668,1864246.31342,2.47993249506e+16,-0.001954581282600003,-0.0006793794910840001,-0.0044994665427,-0.0076495969726999985,6.03872607376,442.397146318,29.9600358229,3462.26771029,350.388859649,13.6004466134,51.1590611744,0.328341689973,0.762359342502,283.592489093,23.7606557084,255.371915346,25.6416678625,187.031301048,107.255253269,5.13724522924,0.07868256177105255
3.732596642960775,23.06970603991678,110.28068943886558,1.151252855083334,1.624538531296758,2.801137615305469,0.8034459242597027,-0.835229304623183,0.0148659531314607,-0.0023520481370627,1.1059061718951062,1.0393725803199063,1.074880860380513,-0.0573987529466089,0.6924110763645221,0.4495960411413147,1.3123853086718085,1.0553554555427975,0.9736654116769038,1.1322455586809117,-0.0138684703347304,0.000218874104776,0.000771280497689,-0.0001362343030319,0.0002117219740131,0.0004973030966558,0.0017209100115563,0.0010357597644678,0.4556260940318132,-0.0214633120450049,-0.0208449130028337,0.1417087741718624,0.0008576219439294,0.1366092214516678,-0.0414776294036064,0.8850388505448556,426.0508083506032,0.0353813513487591,0.0466580165123656,0.1603653582234375,0.4188873848218865,0.1513344433263254,910.7839973993434,0.4438341191723877,0.7684149670417707,38.113957899521225,-2.231801766490791e-06,-1.0546738246023348e-05,-0.024388534083415,0.837326304957494,0.8839228384060738,-0.0223180176649079,-0.1054673824602334,246.68375783562269,693.1471071592246,487.9144920501822,20.13666211642312,55.79355391610106,26.62318584383015,2.621656655886162,10.168865323960055,0.1030811521022178,0.423946133999053,0.0535113554461897,0.7706746504177887,0.0286461991568247,0.0141308383484712,0.0176078603598988,0.0275918966201639,0.0254147711557078,0.0347719572080266,0.6643046913354297,0.0008800072378984,296.9276640301364,55.6136120487325,0.048499433676483,63.75763471765403,0.008813663897763,0.004633180645654,279.25246988554613,0.10990695058487736,0.0495585121379,0.381242697518,0.196366506637,0.230208615271,2151.21418448,481079.97454,624.071933963,8.371195787,24114.95424,7199.57756837,1829.20133619,8.07913827833,1864325.90581,2.48017891039e+16,-0.0017975409940000006,-0.000298217375466,-0.00247309754233,-0.008458300738599999,6.80327884086,403.034696775,34.0486150397,3424.47402977,388.182540163,14.5013788202,65.9682971312,0.24813436945,0.989852600058,303.661315714,29.5305287543,309.774127748,34.7729607537,173.595101573,143.900635081,6.17497580358,0.05446108400083392
5.576093146989001,24.82377979192812,126.05651463814152,1.6349747227945397,1.5450594992045044,3.1626815706934988,1.1711255399729088,-0.583990605484236,0.0130247096132716,-5.619859166270617e-05,1.073764904826786,1.0291871141616813,1.0615524267798009,1.4065414080811545,2.79288030472496,1.7655495603941669,-0.5830060308597009,1.0698927303735382,0.9684458931022772,0.7141444849128157,0.0854297111077979,0.0002177906016114,0.0013662741536978,-3.968407512920772e-05,0.0001514465013188,-6.289217007374837e-05,0.0009110158413462,0.0011960757308552,0.4796379197024105,-0.025368715942725,-0.0469285063538299,0.1179106709698784,0.0011795965417535,0.1185170900499911,-0.0417938038065835,0.7691530139089169,489.7183386138472,0.0350432053584726,0.0298035557862183,0.1114224788273906,0.3567871982896425,0.155110224327677,961.9956702710102,0.3795736195040239,0.7453592153417108,22.69618498672775,-1.029432018585668e-06,-7.5452600371986896e-06,-0.0894785990454173,0.4460724046925501,0.5507493935782989,-0.0102943201858566,-0.0754526003719869,137.54842412519437,809.4078222921734,198.16963016309896,28.721628267255536,62.0184570240032,22.79245779613838,0.4628778352136996,10.344134665925612,0.2901991950603784,0.4262237578078768,0.0513758335583481,0.6100405678448524,0.334132988570354,0.0202971494815002,0.0134683406831932,0.0264899808731185,0.0289235827702623,0.0344334348267975,0.7912877631897561,0.0009599274668644,294.3703430139992,55.39310550205913,0.0470396109936607,53.10918444935802,0.0071843038172674,0.0036741841126668,276.87566313487685,0.12227016373062323,0.0840936348524,0.566455759313,0.350626304704,0.323214503557,2138.4992316,474830.477345,254.794915622,8.35116274598,25562.5213897,7881.22138774,1019.16118842,8.08346906771,1864264.27819,2.47998811225e+16,-0.001944495273000002,-0.0006477896638769999,-0.004368128232840001,-0.013360365889199997,4.65140215109,471.654370715,27.0783470262,3503.75781035,308.898759585,9.37580177394,36.8488687089,0.168405922086,0.535554296245,213.029788949,15.3322003834,194.32088282,17.0324770655,118.737337322,74.379977335,5.03711023573,0.06600907599444789
3.306613908684065,19.52651565562519,283.0207029797344,0.31135741144858,2.054426492968042,3.121065134545171,0.766023956661443,-0.3512849785318083,0.0223128584631382,-0.0014421996084337,0.9035874112536848,1.1146919996722873,1.053623749330122,0.6419935857949273,0.6398055878997864,1.046451880535052,2.2018644935296483,1.1484553450948085,0.986801117357505,1.095177254977602,-0.0224832390131082,0.0002620022551155,0.0018653521212743,5.775385596626231e-05,0.0001336058363234,-0.0001321242769544,0.0001768084679491,0.0010992932161374,0.490270567716937,-0.0465789630089559,-0.0189629022733904,0.1103354944677216,0.000818416347018,0.1405662750642887,-0.0408803089092209,0.7209940616006288,460.9194440421587,0.0433532363830745,0.0443360889715091,0.0570785441254128,0.2822440856964872,0.1298612210679007,976.3584824526248,0.3140735703334653,0.7433941510750174,31.53863345971701,-1.7553008789690503e-06,-6.216179035382869e-06,-0.4429827168159327,0.8655564658991426,0.4446969225481034,-0.0175530087896905,-0.0621617903538286,310.025740765851,844.4347306342634,323.90250937614826,21.484058801539888,77.19581697934248,28.58403539866424,0.8946050090967878,7.987786529681363,0.4195045787440684,0.4382174298015606,0.0904216459378821,0.6163865489657357,0.6886963128545724,0.0175266650386743,0.0252807601193713,0.0154894765204333,0.0347734158880921,0.0300981539653549,0.653323327436241,0.0011042304145652,298.7101178234234,57.48993724959056,0.0667668889505836,53.5026652620395,0.0080586703618925,0.0049874097312194,277.7096561650707,0.11434306468298736,0.0308291827604,0.496670812862,0.28248484601,0.36779222275,2143.69827048,484202.071262,424.049915351,8.28024650603,24455.5142196,7938.09050809,2291.98761795,8.08845471642,1864309.11832,2.48012693582e+16,-0.0018939202142999982,-0.000515774737655,-0.0037008383820700003,-0.013083117251999996,4.90741255598,434.663124205,29.1290558671,3476.13945097,336.51711897,15.0310592874,46.5786640938,0.352863855551,0.80369286672,335.196256655,27.1821701323,139.869501348,13.9580818501,219.777102935,143.364427171,6.46563606277,0.05605733481417824
4.582553257490215,17.459758510940723,270.4540703370181,0.646004257684287,1.9021118833481805,1.9828425575185893,1.2440194465936265,-0.4593477351353763,0.024426359693567,-0.0005475194937823,0.7531092177848813,1.007279789448328,0.9581876801577944,1.91109513618476,1.6721576406743874,0.8729780765079527,1.3579997578361391,1.0796418347378394,0.9405259925787818,1.5053176162175124,0.0367928993782653,0.0002088592231128,0.0011108053450393,-3.2843439767885096e-05,0.0001786044612948,9.860458084195256e-05,0.0022353521994585,0.0011617674786496,0.4781484822860317,-0.0389563479520348,-0.0449846105407596,0.1389946425230883,0.0008786564608141,0.101401377777473,-0.0420725881430352,0.9296205619476716,413.0130416034786,0.0333120906336377,0.043663863055187,0.0896134375047721,0.47972391679999,0.0500679851035393,1395.0813577014455,0.3305826712728279,0.7908462928483361,10.080933737990048,-1.286743910127429e-06,-7.731439714246037e-06,-0.3159391325339148,0.4752308418886058,0.8459249953232373,-0.0128674391012742,-0.0773143971424603,354.6799152139323,958.4440483674174,206.5622682203594,28.06018386221444,56.7560778130283,11.79618883153282,0.0286913648901003,9.099168244631382,0.4926105844357374,0.4025348064105069,0.0888069547372423,0.769351963739279,0.5499759140614986,0.0210982443742401,0.013488890370411,0.0195583499639982,0.0263903506854433,0.0320702389876481,0.7288075856280347,0.0010185538940069,296.06017072106414,56.11245412102711,0.0832125577270414,67.14722304628032,0.0070686392900958,0.0045562316786786,277.47404699282464,0.12700415907852353,0.0457428306155,0.560123064557,0.331153217942,0.322723672942,2139.97306536,478616.839082,268.714344836,8.30110407074,24315.8590556,9215.33704476,2624.81464882,8.08744222861,1864263.25615,2.47998494809e+16,-0.0019262756868000004,-0.0005990078122579999,-0.00412419608137,-0.013314590959900001,4.39513146472,480.653294556,32.8560837404,3461.23728937,351.419280563,11.240840196,33.179806271,0.275615180633,0.520202983074,245.847240044,20.4980888669,145.352069144,14.8497757369,168.905031238,79.6801649351,2.22297036627,0.06431601860047666
4.465400148158377,18.857152279868806,307.72230538768724,0.6662531807750407,2.0244769634870665,0.9899741023799008,0.8037897080573022,-0.2930609308279295,0.0115570989198996,-0.0016216381741686,1.22280846837376,1.1027024428762986,1.1959122390351873,0.8495161170021283,0.7934872306011165,1.1793729161569522,0.6267057543913146,0.7147856429253481,1.006976927255096,0.94440966763468,0.0026868125751109,0.0002267755182147,0.0013985235240686,-0.0001971710758099,0.0001142124902039,7.641333886140743e-05,0.0006785150221161,0.001086763271773,0.4573369521837178,-0.0259730792555786,-0.0277878485643182,0.1149059224910913,0.0011963829748777,0.1495360728406042,-0.0418756453631262,0.9436682952886424,496.0903901709664,0.034909612194806,0.0397111241194904,0.1643277670676876,0.3629726586405568,0.1116340532820113,924.0505649144984,0.3166646546734934,0.737663859489722,21.892491603387864,-1.849275461702216e-06,-1.033288097703528e-05,-0.0995513209263102,0.733182271535227,0.5086829148752785,-0.0184927546170221,-0.1033288097703527,107.09499669417184,776.2141086647221,380.0550714304072,27.30952484591578,80.022405934603,13.898799786965585,1.5934322771949485,10.867546426919514,0.3598844603127028,0.405771854323776,0.073171958834182,0.6771966191699078,0.335242278862046,0.0186371955639832,0.0179048192583409,0.0247973328937174,0.01161055987699,0.0348197018572764,0.6350693693854359,0.0009462283028872,298.4236979290643,58.65046214593756,0.0468182471912158,64.17548155126323,0.0085097754554946,0.0049842286218817,275.80008066148093,0.1359663425890084,0.031304548917,0.634178078361,0.29417168116,0.308125574512,2133.21857778,498866.50333,484.695119506,8.37854862375,26761.2555168,7550.68866271,793.612180227,8.07884333024,1864220.9485,2.47985396889e+16,-0.0019931415602999977,-0.0007884939494700002,-0.005008498777299999,-0.010044388901500001,6.31597515158,531.847537157,33.9904600191,3488.1313434,324.525226541,13.4306844657,61.5905246207,0.280993662772,0.953688724465,315.725044848,24.6733250537,272.212240104,24.8007189778,202.563018161,145.765472863,4.4184524153,0.0795561718411124
4.825618718956462,28.19961870696709,308.1400899061556,0.6084142450830186,1.885940999282276,1.6018933277089618,0.7767844625420761,-0.0612346872718218,0.0104124410902264,-0.0016999913779072,1.022327514787574,1.050245822996032,1.0296704599042426,0.7155020820980109,1.5808252198318828,0.9232460674815908,-1.302724097565635,1.1461527321073492,0.9458602596224212,1.6180375021071427,0.0336466112056055,0.0002002958645944,0.0015588313993129,-0.0001946509750832,0.0002844229020644,0.0001054171346255,0.0005722046823442,0.0010812919770176,0.4874768607847509,-0.0426582363402756,-0.0425404635661054,0.1452406200280966,0.0008928286502704,0.1219928996784865,-0.0203697499735154,0.6202010444078174,468.6328723597446,0.0346557335471094,0.0359803721336832,0.1432640218090641,0.2060331020314631,0.1038799503324389,952.166098446959,0.3428325084626473,0.8009896598838273,10.61695642043199,-1.8903101723676347e-06,-6.5653924019061335e-06,-0.3776372723379271,0.511893046508419,0.9333686803933524,-0.0189031017236763,-0.0656539240190613,243.90815212123903,534.1215238889642,359.74045865205113,12.613195319148293,80.04729662864506,27.403232820962923,0.1801469981494217,7.959587975342563,0.1215567994962212,0.4148150651522334,0.0580266590375047,0.5702552987219354,0.0723011078921702,0.022217829721511,0.0196737174984987,0.0170860411590144,0.0168231674490488,0.0294278436731888,0.6466042900288571,0.0009987449738116,290.9282365885145,57.34254377359877,0.0432262255909477,63.90396981640036,0.0084784777289651,0.0039922509477919,281.9018550697319,0.14409469588185983,0.0423547463984,0.734503894158,0.458544293245,0.421683417355,2126.00532969,474424.28856,461.87146849,8.34984751416,25766.2998501,5084.77784543,1808.52000779,8.07762801135,1864169.90795,2.47969595867e+16,-0.0020459492542999995,-0.0009524589605400002,-0.005678259399800002,-0.013186327282999996,6.12507781901,583.712496592,33.8078635935,3509.57297004,303.083599894,18.0839489034,44.047470265,0.291266834659,0.700768935418,367.763680888,26.655283414,177.517019183,15.2440990745,185.521168143,111.864727474,2.31469846673,0.10085731628536138
3.8588466311636287,13.66146184806074,85.73121664594656,1.2906037044285918,1.3614730138894875,2.1105386007718137,0.8988216044267681,-0.5087780293938181,0.0202415665905468,-0.001458962445079,0.867794958448457,1.0915894347790869,0.8734829232441711,0.4402308153826996,3.288164320246493,1.7435867638077176,1.7703068743184085,1.1917191825857385,1.1080388053756154,1.3733458616705665,-0.0836080856266644,0.0002501827784009,0.0015203090407923,-1.96732899164974e-05,8.974611424251842e-05,-5.173579978873535e-05,0.0008153236578353,0.0010981226906726,0.4779806740391956,-0.0329624948411897,-0.0169924922552902,0.1451307322979887,0.0011574260394603,0.1416650753845964,-0.0232010395393244,0.947797738575442,427.1665769821685,0.0429565837428995,0.0465800235446645,0.0825716512881867,0.4134561831144253,0.1427432473839486,1389.2306426167668,0.3044223073688559,0.7642298409343458,39.30335022637742,-1.7640798199548788e-06,-7.752415745100543e-06,-0.2160415806864954,0.895112616170647,0.9318302521718425,-0.0176407981995487,-0.0775241574510054,303.35699716667864,982.057794176014,165.12740039788054,11.13922032249132,80.36166751492398,21.538519974128803,0.1773683321930736,5.125881001617445,0.4778885909881183,0.4251818653004486,0.0759366911751991,0.6762652343153943,0.6647842911523765,0.0198208294204545,0.0231822212788315,0.0283406531952366,0.0205080738710936,0.0343892076946006,0.7273288407955767,0.0010813486259102,295.82793714844166,56.65248137494493,0.0120081731462988,57.830061815262816,0.0075986786715392,0.0046009430981864,277.5815737882433,0.14973846656724502,0.0890900040204,0.594269552626,0.234750036606,0.340578070088,2138.93921519,505273.416572,219.361655189,8.205069684,24050.1052509,8899.42335571,2239.42178043,8.0919783002,1864282.28025,2.48004384553e+16,-0.001966010538199999,-0.0007087517645660001,-0.00465600196854,-0.009876830537200003,4.91460586649,578.45220142,28.9468031368,3533.20730324,279.449266696,10.0144162311,50.2054496731,0.196175276129,0.788929846422,252.591422441,16.1224797641,218.015613521,16.933845296,163.83001175,127.425300371,8.48146852631,0.0651175489092806
5.371060474283467,5.7127936834545485,168.74024228549138,1.627834256478589,1.2624736261503549,3.5449792154336017,1.1749380408733792,-0.4810070467628481,0.008948397101951,-3.941062104105379e-05,1.0022280740487617,1.0365360335604503,1.014332895430404,1.7750193403864565,1.7571803257113938,0.978564234452344,0.6100960585515888,1.149737244593308,0.9140603407684648,0.9730540330872292,-0.0021490654921373,0.0002755286807651,0.0014012626127346,-8.341078436537514e-05,0.0001106966274022,-4.376636570185676e-06,0.001097203668998,0.0011972480113904,0.4356370821866577,-0.039353462694047,-0.0438932009585279,0.1211050493794151,0.0010295237866904,0.1466270681979889,-0.045421391619725,0.6624328622226278,470.7134828449496,0.0321791458802109,0.0308071611235543,0.0607833121135588,0.2339487339010948,0.0726161886899161,899.8634454344466,0.353182726747658,0.8118698684678199,48.1908234605996,-1.020639914571431e-06,-1.3045364726667789e-05,-0.3225577115674504,0.4916019856220808,0.5954706913118114,-0.0102063991457143,-0.1304536472666778,370.4586741967678,911.3628573391114,333.45558902224536,20.46149205462781,75.9464021327831,18.397114323291305,2.655724010449383,7.569629291442139,0.3498075898554696,0.4425239443355464,0.0690816707816476,0.7147026946136823,0.332211203873635,0.0226992790416348,0.0223086883838199,0.0313033393566179,0.015014477614624,0.0305217060104445,0.6420557469184932,0.0010340135828117,299.58800513971715,57.60996965838215,0.0823284930168801,53.98404599500406,0.0073708719395187,0.0047669846901251,278.2054363741278,0.14421442159562667,0.103310454981,0.713761234185,0.386467664365,0.480135537331,2128.54153093,487144.39635,436.853862404,8.26214891591,23411.7968704,8801.86462132,2739.30427835,8.0891630593,1864196.38159,2.47977791451e+16,-0.0020518393744000003,-0.0009676461452299999,-0.0057851740484,-0.012271587902400002,5.90700415092,570.754122447,27.0916850481,3541.8399278,270.816642134,14.9905569707,61.4640477593,0.353448591682,0.965841327558,304.283178915,18.983574135,271.995149844,20.1914878788,211.532300078,151.351096626,10.5119227712,0.09098306831568236
4.4801149351170775,27.49073790300981,119.56318310570886,1.1857416120048048,1.3619286395948589,2.0413340738869943,1.1520988197347166,-0.2172230177354575,0.0132037205734521,-0.0024517124754564,1.170017214192478,0.9421553961295864,1.0207633319980292,0.4610915529061645,1.998657878545168,1.0631067878679423,-0.0111123279320893,0.951660397577386,1.0150692366930645,1.2083523690283364,-0.016927500682903,0.0002127536065341,0.0004372164091313,-0.0001814200464329,0.0002441324848855,7.444449338853216e-05,0.0003619067609305,0.0010288003429518,0.4455760148154069,-0.0408003052873775,-0.0460065474199658,0.1065842841492542,0.0008499245688763,0.1227495618939257,-0.0255182011067792,0.6497384495372678,404.7034286492186,0.032001208908511,0.0348530276500693,0.1864647869476656,0.3857012309909597,0.0966044389823496,1025.2291678946938,0.3824142786087902,0.7197589422632773,27.13392621954409,-2.283997427861427e-06,-1.1802998148074142e-05,-0.3466717547896249,0.459901788700513,0.3921799780895594,-0.0228399742786142,-0.1180299814807414,389.2301246598125,959.2533166829794,417.14046531647153,15.193637529956018,60.80314349096082,23.07447970222113,2.515839247121341,4.682921606979195,0.1467255693048692,0.4076285680930153,0.05025459692917,0.7972017227185633,0.2185455118453025,0.0114260055566649,0.0118954421842094,0.0173460720470232,0.0238181939092985,0.0349414232214183,0.7579366687178627,0.0008669215514953,293.6342375495831,56.41683150357124,0.0160261937111265,59.169761538998536,0.0076801052615387,0.0039411467586506,278.0246847410753,0.12038357970441865,0.0941426313633,0.642474548825,0.375124280726,0.333572131047,2132.88747598,459556.203623,553.468416509,8.20963677106,21657.3725577,9226.54379236,2870.06944309,8.0990273581,1864234.04405,2.47989451068e+16,-0.0019947426667000015,-0.00079238548834,-0.0050252593889,-0.013162810076400001,4.53422001339,467.307591411,30.6609651511,3476.99150346,335.665066476,10.2092953976,34.0300499029,0.164407701798,0.512254349181,235.424351442,18.8293380136,158.753684027,15.5087780901,132.02960163,74.8243170449,5.02215945717,0.07078427373924391
5.501525701279466,36.69274671520888,114.0534847541677,1.016695255294726,1.4077145142904834,1.8092551960945,0.5133018224141868,-0.1934797309763038,0.0296977501519714,-0.0041588503360154,1.1309764572428662,1.0045443081365055,0.9628223246834584,0.4040572424112966,1.4055298607558402,0.8807208083550218,1.48517636010715,1.2009197311863702,0.9925482088481468,0.8197858605015732,0.0038637061549384,0.0003031715311938,0.0009302962269728,-6.223265124923512e-05,-4.490201821117519e-05,-4.577947737305374e-05,0.0013800157722061,0.0009095932910697,0.4307907144541375,-0.026863237461283,-0.0105873606945127,0.1384434932712546,0.0009186077827695,0.1414167690908024,-0.0344290249854651,0.6452967412797319,400.7719927237502,0.0320307446947755,0.0276449073794016,0.1144398628115768,0.4427950807694065,0.143485211585187,1467.0272599821212,0.4042227084851867,0.7484372718216808,33.30268437674256,-3.17805031697701e-06,-1.3651160693232804e-05,-0.1143872910213847,0.9911895895823082,0.8382089057975648,-0.0317805031697701,-0.136511606932328,292.9294226518991,490.2106890425075,354.1796359022731,20.35401962111817,67.96762945400131,14.88364993520835,0.9912186637602052,9.192773874452287,0.3984468951153636,0.4207158550647145,0.0979731240153899,0.7291449629386484,0.60691674505344,0.0161683657774762,0.0118114820094029,0.0217327824981861,0.0304182990740881,0.032574851473398,0.7580761340630517,0.0008786255042565,295.0994514909382,59.57120960974007,0.0197216546131046,63.7479659212592,0.0083066099948462,0.0036757781059279,276.85627241053135,0.13321319165102782,0.0458056128508,0.570064895483,0.315214504382,0.305839766881,2138.27576682,492901.715602,457.513787796,8.32398127945,28706.1063821,4753.2832532,2166.87679595,8.08287348323,1864245.58433,2.47993023791e+16,-0.0019452013194,-0.0006521717689190001,-0.00436410199131,-0.011308402145500003,6.02231132908,513.586484075,32.0307656968,3497.43524424,315.221325699,11.1855509214,41.8574187061,0.188074838874,0.603179393132,289.595700112,21.6602769414,220.543316073,19.966702777,139.725475857,81.7436320484,5.80328455832,0.0778884531872551
3.803822100091988,33.333636068023885,66.61246309889765,1.0298238499331165,1.281279935310257,1.8544023416015367,0.8760681677590634,-1.1305941778757338,0.0094659349390044,-0.0009156052543336,0.9613561244518748,0.9363187311335446,1.0323309331861357,0.5749762618358449,0.3693180807421535,0.9950751022140976,0.6402535998037037,0.9850000016885236,1.052480450837451,1.0563421528230592,-0.0329346004450545,0.0001886171284011,0.0009289139356503,-0.0001572184439524,8.141073771861064e-05,0.0003276426320619,-2.956237753301105e-05,0.0011360645642167,0.4546593844190163,-0.02201584491364,-0.0103724020742076,0.1370692845459944,0.0011407024196857,0.1246652506472985,-0.0229546381654529,0.6542005960370545,410.91616770002713,0.0368810351092182,0.0415515126651425,0.1957292053748595,0.3844712786542024,0.0514690413030765,1263.9138146829969,0.3234682924495071,0.7050499668926304,46.533496863267615,-1.4795157683740832e-06,-1.0667576947622962e-05,-0.0335974152273346,0.9944139688868856,0.8189699836439222,-0.0147951576837408,-0.1066757694762296,259.79278617752664,607.845765476399,421.5286073080344,24.363227437351483,54.57501960164157,28.506317314699302,2.50705725843936,8.65638806063924,0.1078553511928716,0.4185640617322819,0.0947701470254876,0.6287547221663237,0.423630945098894,0.0169284600162729,0.0194326334020681,0.0217350513431055,0.0228464764042462,0.0347922254337521,0.768232916278154,0.0008605160021407,291.7655906263651,58.03918697774995,0.018915662033219,57.45264817952791,0.0088193476576798,0.0041889581522656,280.60371085790274,0.11402107819153884,0.0596503624704,0.377496424061,0.184017803587,0.180678473098,2152.22231077,483267.645108,549.509486623,8.2953261693,25244.9043884,6162.79872709,1924.10209749,8.08321225762,1864338.54138,2.48021803089e+16,-0.001800388592100001,-0.000304672235041,-0.0025095113605900004,-0.0086119047046,5.68148393193,421.65161768,30.9058010504,3463.8491556,348.807414335,10.5019800685,53.5397805813,0.183407134702,0.826403612793,282.312283572,24.1840793104,231.363582416,23.2273134361,144.644687954,124.871719992,7.53867906546,0.04282855543003098
3.564393379557115,23.816282983891945,189.1630871192993,0.6307628869140116,1.802568603848316,1.576908747572312,0.991094382023604,-0.2456688556878045,0.0119897331754248,-0.0014629741699004,0.8959111977722221,0.9737292867957428,1.0872018052973478,1.526027655006338,0.6674445307984227,1.1843957888808048,1.8314134543061749,0.9783109681025514,0.968976910100566,1.3633357728557152,0.061543940996263,0.0002451665375683,0.001027219948379,-0.0001906519399778,2.704298374244365e-05,-0.0001666383933751,0.0008198181665163,0.0010978425575329,0.4780273110649343,-0.0350605607823238,-0.0122289686099204,0.1184754922044038,0.0008281112950427,0.1424778128085268,-0.0334332642150322,0.8792619739123699,416.5416271183316,0.039798801529305,0.0424544935554152,0.1194080474917233,0.4708926466247152,0.1184704287850584,1487.002280749312,0.369362289723546,0.7039398709510165,12.260640927564976,-1.76618081850325e-06,-7.746586116883211e-06,-0.2510093463720644,0.9665654708511936,0.5586568908616534,-0.0176618081850325,-0.0774658611688321,474.5233318392867,374.3521950386766,102.72751156912295,26.03856936290912,63.78304935877895,11.293377124725705,2.8206920623013425,6.658748775665713,0.3159740097562458,0.4143123602548474,0.0607061743101434,0.6550338439738999,0.5319352325671953,0.023299131399206,0.0125055160301592,0.031266514674519,0.0308916301671253,0.0305306117609518,0.6183042519427684,0.0010943805694882,295.2572788358276,57.627075399218015,0.0654025993559833,66.38631256103503,0.0070979345567771,0.0037415160262021,277.1059620182199,0.12263998273486884,0.0606006786557,0.592731210791,0.344329461147,0.328146833858,2136.35034106,482733.931564,135.912841467,8.22804401111,27786.5699476,3648.12511525,3500.07946777,8.09432634091,1864228.23517,2.47987652727e+16,-0.0019408575025000006,-0.000640976749811,-0.00429938458765,-0.011325432939799998,6.51515237812,473.01094433,33.3010693966,3453.73749154,358.919078391,13.7286706486,44.207004984,0.280387588495,0.627418893266,298.107731341,25.7496541989,250.349592857,25.759613956,174.213953773,84.6315010228,2.70931550785,0.07607477621559884
6.819652951905846,51.7559413283336,201.2607547219933,0.5563567579220858,1.6561492012251882,0.8298128571391161,0.4330621993179631,-0.1925403789701515,0.0072555966253948,-0.0031857977021521,1.1911672086743257,1.0430333941918064,0.6433004936340767,1.7861800851405285,1.614962850608896,0.8548748153608898,1.0334683770663151,1.3400090164406262,0.9222527759592628,0.8823597105071639,-0.0194189562172961,0.0001894604159112,0.0017205263547903,-4.535142952757301e-05,7.939666081112196e-05,0.0002923497947844,0.0010229165231987,0.0009775401971098,0.4220513654445733,-0.035146280732962,-0.0195556578126831,0.1457337084606457,0.0009715389272826,0.1047069652831703,-0.0300354313667018,0.8665287103109527,417.8271325870499,0.0429913323971238,0.0448060939575354,0.1845185913262133,0.2853761803226488,0.1375168189749733,1231.9860745412425,0.4353630675833078,0.8222441429714158,40.50437778365935,-2.668448521676112e-06,-1.4743579319428342e-05,-0.2524380122160333,0.8566651328097521,0.9402719184490403,-0.0266844852167611,-0.1474357931942834,348.186799478556,522.6664261971875,405.3700561732352,27.79914453971088,63.15235105479334,20.26258348037853,1.5887198034111412,11.1114030442309,0.2323662854836921,0.4436534103473261,0.0515984278956695,0.59365978231256,0.5511559072807237,0.0112305920381454,0.0155339490450075,0.0219723143198305,0.0174253069380916,0.0282374947077684,0.6872943911872377,0.0009177410058224,295.9886054244686,55.31423111317225,0.0784892047335919,63.98171669007608,0.0084608788288715,0.0043593552048992,279.3636387502113,0.11913872773321278,0.0159629883971,0.670759006929,0.326548213933,0.241511490075,2131.26588447,473765.94261,517.89363703,8.36140352398,25967.8849883,5225.71229382,2577.26745125,8.08041241956,1864205.27496,2.47980544653e+16,-0.002010159961899998,-0.0008396672026399999,-0.005206928355399999,-0.0093600338694,6.55873234882,462.571386679,34.9117470652,3448.92918098,363.727388958,15.9986016124,47.6997577883,0.334781073503,0.724901303115,346.206831433,31.4705268244,221.513534975,23.1165149611,192.71943799,107.573960431,6.62174055761,0.0886107066036588
2.6603182345817995,11.32129875988264,123.07985061251928,0.9211031014859372,1.8420405675986893,2.570897950443196,0.5609865337713977,-0.0843646966284298,0.0489660458570287,-0.0024383726262336,0.8994625440554562,1.1055100471167174,0.8208225541677788,0.8883851745428275,1.180837775407472,0.897072380861912,1.500673330892574,1.0149914406311098,0.913362311909764,0.4983341243562913,0.02073324909558,0.0002339309038397,0.0014956687859148,-4.365225617240173e-05,0.0002283784517719,0.0001364002824742,0.0013020490309662,0.0010297318459868,0.4327599112432232,-0.0339010041835119,-0.0106407758211129,0.1167611339374111,0.0011540519369891,0.1275801914710578,-0.0178781044463059,0.913875008107152,480.4545657456024,0.0372664414786872,0.0481719318167418,0.0582202823275454,0.252862817197708,0.0624726577555016,1444.3894686853018,0.3017683541109842,0.7573569558273843,10.63842623199629,-2.277011155098325e-06,-1.3405011094597088e-05,-0.2316834030585316,0.990388362683306,0.5346558751237553,-0.0227701115509832,-0.1340501109459708,444.1803918302395,407.4270268777017,157.78299103006952,12.16108388894063,81.80472006599025,23.18761585274128,2.9111181751150323,6.063296617609629,0.2637930195544984,0.4165391233593847,0.0826535577526674,0.6695611542321539,0.1901997896855607,0.0105522742576098,0.0104677414229765,0.0278031446861291,0.0122955695970035,0.0308199835264784,0.6928097521640415,0.000893939663347,294.8595960882988,58.391465901689095,0.0692852735709899,68.28542730985728,0.0076038309279829,0.0044787418973606,276.5429353856437,0.14673188794497644,0.0800913531731,0.658227953502,0.277503835036,0.497392102462,2131.41209859,502545.563325,207.699708046,8.24256925504,27123.1828223,3900.90952133,3278.31254401,8.09013816186,1864208.20829,2.47981452752e+16,-0.0020077228199999984,-0.0008328290546100001,-0.005192441821399999,-0.0088848779276,6.37171860588,569.506181383,34.7612667238,3488.00251238,324.654057555,14.547837908,49.2752831855,0.308906716452,0.707313283041,294.124001522,22.6161961417,265.891577584,23.9849503064,191.324207955,95.0985103549,2.61348188245,0.09663674921118667
3.9249970514646937,21.006663386392624,56.23083211279918,0.7718939996628906,1.2532022133972185,1.66477075052653,0.8317192956910526,-0.346419887702461,0.0290104634312891,-0.0025547771089848,0.8127886825738292,1.0697148321450696,1.062325662800221,0.5859244518246308,1.6862291871661088,1.0178035660740077,1.1331571731998409,1.0702198413706334,1.0626644156751288,1.0586954421171273,0.0357798249883218,0.0001838888789557,0.0014468282849816,-0.0001899753075154,4.9739846998760096e-05,-0.0002577415709376,-6.842679558918016e-05,0.0010216034835767,0.4758051303773302,-0.0361280697717284,-0.027000436845902,0.1459140365500753,0.0010188842101885,0.1227821669789567,-0.024698898255524,0.8008234555437752,427.8958846261365,0.0398307370848568,0.0485669830948331,0.1427908032846858,0.2241120398914945,0.1552674636911781,1203.2809746974197,0.3597071452634705,0.8247560643210217,22.883031145519755,-2.337973873174088e-06,-8.024358702833719e-06,-0.2688011628621402,0.7449934473114694,0.9427965117010552,-0.0233797387317408,-0.0802435870283371,286.07194744894286,715.1148341195728,424.79075397431086,23.49795793962297,71.80738838326214,14.97829157746918,0.2377481522554784,7.950436054168082,0.384489956195666,0.4478075112544987,0.0996449070948345,0.5990334564401822,0.5573879764380762,0.0217335881050678,0.0251833900070867,0.0199175570241981,0.0143246907963576,0.0320189879723019,0.6143709606125259,0.0011391851520344,293.43267443295355,59.23584674937668,0.0898949852246999,56.37106110409437,0.0084807681356309,0.0038105877544469,278.6001483201586,0.12235545743059828,0.120983299723,0.514465722966,0.243629007407,0.300529376721,2142.59320144,489836.930545,553.427507528,8.29500631057,25967.1958952,6742.99973818,2117.30737249,8.08455289161,1864260.52654,2.47997649746e+16,-0.001900317782099998,-0.0005346759414340001,-0.0037740549580399987,-0.0089235477133,6.275508539,470.635993424,30.8216219731,3485.30765935,327.348910587,14.0016055565,47.2617329921,0.298244180976,0.762450071478,360.500960807,28.682462198,190.927530345,17.6052234476,173.649331364,125.09755073,4.96638539529,0.07581436123938118
3.928120115875152,8.088148501997148,173.93006835930015,1.2611247756688968,0.952987841519172,4.6483449230674685,0.9161482248603324,-0.43265096274703,0.0133409971177583,-0.0028001414810696,0.9507774571067946,1.1151005130407856,1.0926950051007296,1.0640133384441377,1.9562119273882668,1.059629444322411,1.1346871002129857,1.0230346587729873,1.006319154546197,1.291213989913621,-0.0733594895020472,0.000199564331848,0.0012088700881386,-0.0001270993672458,5.407728090935068e-05,-8.59272606137994e-05,-1.4970508653748244e-05,0.0010044700322551,0.4722174395412259,-0.0383367988573072,-0.0286650012939989,0.1273483116782039,0.0009192634829187,0.1439598117160382,-0.0121627861787456,0.7019972509309914,448.2094269956783,0.0412363145499217,0.0282233485322687,0.1932774741566225,0.4538011575882582,0.1490281619825073,1206.0431280435423,0.3945633360047867,0.8429279699527952,44.99432251317966,-2.4664747580860235e-06,-8.472820057346762e-06,-0.3056133142884545,0.7200249805900165,0.6828763634948556,-0.0246647475808602,-0.0847282005734676,425.24461790377865,526.1034245842935,195.89536350809936,27.516477944087,86.74891744717277,17.23431721897623,0.9943716815860486,6.767147314254521,0.3915006456862741,0.4105424661229868,0.0678619320619927,0.5713665737708432,0.1406678728057466,0.0295815203599635,0.026091548422748,0.0264518227638919,0.022416706517264,0.028831168094997,0.6123898406437418,0.0010890630270855,293.7972074973057,56.635483635259135,0.0515899571807832,53.05819585217577,0.0082116474660266,0.0040774006990839,279.7987723262731,0.11448745914717023,0.0603949621757,0.510532754774,0.252076055264,0.389486449264,2142.96057412,472971.215283,257.678011707,8.25496493924,26583.9348201,4889.31929979,3142.56772562,8.0902543743,1864292.41335,2.48007521728e+16,-0.0019155117617999998,-0.0005709963422830001,-0.00397707851447,-0.0109627024851,6.74220691599,439.455937856,28.4696182593,3488.03187742,324.62469252,19.9372126353,58.679257812,0.325958050852,0.92141912476,370.83405977,29.4080965927,250.052253188,23.0059715963,199.551388127,146.432924187,8.61674771676,0.06076969470613569
6.752657647101422,35.46312191700206,179.04497488154294,0.7634345419088246,1.4872355881765449,3.258534528320883,0.3105195329157534,-0.4835099680689527,0.0437468670903531,-0.0020399397525734,0.8965656322615067,1.0189288049140828,1.056859013316549,0.7265579714088028,1.5541049533148843,0.1859747096064566,-0.919724805342902,1.2507589686433769,0.8868670999833782,1.0241395448674613,0.0391951236571523,0.0001814848542691,0.0011220606254585,-5.177270543942342e-05,0.000170020738946,-0.0002065104187396,0.0015192813952831,0.0010575538569323,0.4124019359644539,-0.0330820437560401,-0.024253090457182,0.1316509461277542,0.0011782680914565,0.1447668522515835,-0.049211983985259,0.6079396112174059,466.5309126426904,0.0376322416351546,0.0414009558171557,0.1086901212209857,0.3195467536492046,0.0742219554034201,943.7040009954152,0.4455539921296739,0.7202974447934913,15.711187252995783,-2.0683460730071446e-06,-1.5949758004443263e-05,-0.2180340626006691,0.7862036431422698,0.7431132457885586,-0.0206834607300714,-0.1594975800444326,267.8085536095392,537.8362257649824,356.11863317325003,28.410058016297704,89.18496410891672,12.938415084340116,0.2892924434596267,9.133944864990962,0.1607902506122603,0.4008210314703279,0.0718949127747338,0.5035696762889217,0.0163348130482566,0.0142304440027049,0.0115829128145947,0.0266287048437506,0.0192825415624383,0.0314741044410903,0.7997908162887813,0.0008644707435529,291.6470165480478,59.528113871446095,0.0202309861607514,63.03997028245816,0.0082279736644195,0.0042512562378762,278.8623444151897,0.13253480114936825,0.0129353717652,0.408191856968,0.235487457238,0.269496935833,2149.39554975,488915.637793,456.518609347,8.35928492394,25894.5279322,5079.85791128,1985.68669996,8.07942096655,1864353.70192,2.48026496927e+16,-0.001823406341599998,-0.000350364979364,-0.00279252767243,-0.010590110834099997,6.0664838578,489.574494649,31.7619197307,3486.59461932,326.06195062,16.6565558065,48.2057697108,0.228552210669,0.68943875237,282.772941196,22.2313023282,255.33663994,23.4485199249,159.893451325,92.3105803482,3.47219995531,0.04939245117608274
2.2523753909225297,19.556805835056547,53.34146853713694,0.9934537000451162,1.7035147612690764,4.388248349471855,0.5188475560172756,-1.0437143709323145,0.0046655461909612,-0.0020663590645882,0.8959236605963762,1.0085533824312205,0.973382986852535,0.5150562193214057,0.7881365865265055,1.276660670265921,1.139454147066764,1.3901856365862837,1.020839996550014,1.2158467239556896,0.0009608300895742,0.0001977694153375,0.0010092638764712,-2.850077330173546e-05,6.516967796713538e-05,0.0001262002933165,0.0023450833115549,0.0010557090332829,0.4791363424055451,-0.0282976878123191,-0.0378217992366234,0.1217416635803231,0.0008119161973138,0.1290033303363637,-0.0391970603921945,0.9051845294945098,465.41393485993007,0.0444654508147888,0.037234074052927,0.1125293207076791,0.4358715481159981,0.0963511928590211,913.8359977972927,0.4318177698718428,0.7515710024693948,30.545051360695453,-2.0821822503780794e-06,-7.607957199306854e-06,-0.1382947968719864,0.582673011450649,0.6043832901245245,-0.0208218225037807,-0.0760795719930685,395.0607387952685,528.2119307193682,332.50156006283345,10.9663498067043,86.57124576142363,18.43644516364333,2.614632968676261,4.424392385723303,0.3451800786105096,0.4341465482164973,0.0817272645178223,0.7756275845078557,0.2590649844184923,0.0196735219085257,0.0260064929520235,0.031357727373611,0.0213646983166947,0.0322591367146973,0.7401204910397454,0.0009572354733956,299.5770232120576,56.99300892995842,0.0638825527231399,59.56000915112995,0.0076061835745581,0.0049272924463009,277.50195459665764,0.1501910806920245,0.135360762414,0.570617830992,0.279479987954,0.452887493248,2137.58756999,491830.149318,442.543080972,8.19971734875,26720.4369115,4927.26170931,2915.12360439,8.09630271744,1864253.14069,2.47995363156e+16,-0.0019376697023999988,-0.0006322865259449999,-0.00425543887699,-0.009162780243900003,5.10442430442,588.815560044,29.5139219989,3532.98572973,279.670840204,12.997086252,65.4894598209,0.276445941238,1.04530813556,260.055153938,16.7231604696,266.81802662,20.7934825099,178.866372271,166.957177801,6.69055496886,0.09380615994597225
4.399103519581485,5.318951555766242,18.003907396017045,1.666515306001063,1.360631553518942,2.77345642077214,0.5798560975612931,-0.8782610234503296,0.0039338903189956,-0.002641400132937,0.9161389121341804,0.9733128409557488,0.9209103006800556,2.139888274204943,1.4546142810924,1.304791144268183,1.9246216951520017,0.9384235211641992,0.9634299861278331,0.7071649576676915,-0.0722509607306453,0.0002594555589099,0.0011814175858891,-0.0001429424022297,0.0001732658004344,6.279876650119512e-05,9.850167422722436e-05,0.001015554718829,0.4934533886988943,-0.0394747674482794,-0.0135755462856817,0.1141718334345167,0.0008976633688177,0.1080030722197039,-0.0107835391504649,0.8675278912383728,458.5458981784503,0.0342487550726868,0.0329716293088555,0.1419970863450621,0.334686799179728,0.05789951601776,1076.7232070075106,0.3722306553291086,0.8375002780777495,39.724781941155946,-2.383339608782016e-06,-5.818326412638212e-06,-0.3245794574713243,0.9463668057147734,0.4984056680832349,-0.0238333960878201,-0.0581832641263821,279.2176083792927,804.6479123827852,497.2192918263178,19.57142403542277,83.64904931007659,24.90213382468897,0.8600910291036551,6.598081525484152,0.472195818573305,0.4481931126426008,0.070699762147986,0.6750052939519181,0.2767311128653934,0.0255192736717424,0.0192988478380216,0.0220143321314284,0.0210000572617013,0.0296989384442184,0.6693291186266077,0.0010191701045425,297.41527773811697,55.94998860914394,0.0267819064109026,53.47823639261362,0.0065428059987109,0.0039342130446048,275.03479411109834,0.13686146113271988,0.26679477866,0.563728602094,0.156554940036,0.459241857265,2138.33266936,485360.063058,654.76035795,8.25301150216,25100.5031657,7426.42060982,2059.88395976,8.0938453732,1864257.78385,2.47996800633e+16,-0.0019513350868999996,-0.000668253569533,-0.0044458597141499995,-0.004874431708000001,4.52375020312,534.428795481,25.7141660282,3531.71672772,280.939842218,13.4875879589,39.823963286,0.241663142143,0.630878826378,263.417395908,16.8951582955,164.601987394,13.0102114554,169.105854543,100.930625731,9.15949587322,0.07360109606918039
3.701394971074993,13.12618257353319,43.43568340909921,1.2183358777030255,0.8986276022641378,2.47421089568031,0.921040933684762,-2.240711951619176,0.0065524755432649,-0.0008232828214358,0.9402302828944646,1.1115610880278457,0.8473018602085164,0.9781492042677858,1.2181637062897246,0.5092298100843906,1.5684958713156665,0.8950802471718088,1.0080997964186729,1.1522045610952245,0.015399559989736,0.0002109789030128,0.0013979601644792,-0.0001148564333174,0.0001178336720707,0.0001590340323622,0.0013489767052035,0.0011425113107289,0.4852467251458734,-0.026909467976551,-0.0319283970857167,0.1239684241664474,0.0011473719280193,0.1434858159652136,-0.0388735052237594,0.7516009815216923,494.62944913605776,0.0370366757160814,0.0467007286074103,0.1278792529023463,0.4647995282993036,0.1385616229552286,1020.1344597587145,0.3873582613176204,0.6907606307895,46.79801638636465,-1.431165169532886e-06,-6.8441593567658245e-06,-0.1151577996091837,0.6710740437142491,0.6355579383302643,-0.0143116516953288,-0.0684415935676582,141.31102593519955,766.1882732734041,81.24237780551486,18.976724070386226,63.38032685751102,24.190514017793248,2.379290042648841,11.779961296152958,0.3799908227493286,0.404411674745761,0.0697437072749912,0.5654039491955763,0.1059724919148932,0.025397019221686,0.0282636601393715,0.0164966467185951,0.0101566833922677,0.0314102649206037,0.7207549644253934,0.0008239017177442,299.7836573540936,58.044950914222674,0.0410787894202449,56.73199416955544,0.0083370878334389,0.0044099209300854,275.2292498183788,0.1382684892379667,0.14345192763,0.406417510013,0.181481278679,0.269631484928,2149.6744159,515536.344437,103.905084611,8.37520884571,27276.5746361,7784.65333419,1048.60153986,8.07769691802,1864278.098,2.48003089747e+16,-0.0018443501776000022,-0.000402132335959,-0.0030607243310999998,-0.0080165749459,4.70175874645,528.043866463,29.8342047188,3517.11580165,295.540768279,15.9714625222,62.2458456393,0.261923664123,1.05366158564,313.408610731,21.8716501576,186.990528184,15.6097949576,175.282632703,177.321591868,8.99633695343,0.09029358300025492
3.741520642527574,31.44048233748532,43.3593761778321,1.1991033704325744,1.1801193204706588,1.8471629345355265,1.429071156273827,-3.0084566375643984,0.0026500064839565,-0.0016970089729679,0.9586991226156856,1.1779389059030012,1.0752505406675097,0.5608751627717932,1.6253955162672673,0.9233131008399528,1.2843452058805231,0.862798063660235,1.0250856503994492,1.1384074393628565,0.0102168461541025,0.0002856616603661,0.0014912971351761,-9.19225397016622e-05,-1.7280801219101547e-05,0.0001461063696766,0.0006649790586482,0.001081500234188,0.4447722833533414,-0.022769097105065,-0.0258014165531659,0.1033583693607212,0.0009310692322534,0.1349631629469372,-0.0473886073103875,0.7009024027627722,444.71534987952725,0.0378177058481149,0.0349612296502382,0.0708743655713295,0.3147218706812273,0.1928625340498292,1274.7334649524246,0.3878126770918649,0.6909862841953629,17.70459141634673,-1.8887482435895752e-06,-1.1903464580832324e-05,-0.0461516184177509,0.7629787517025111,0.3470171710500973,-0.0188874824358957,-0.1190346458083232,210.9607354380493,891.2049272508051,216.3103838453085,19.36483696041837,71.13045499848029,14.642154172701742,0.6613847985159819,11.027895996085237,0.3920892403994002,0.406885467807572,0.069033467730153,0.6475911223120885,0.1075197818596426,0.0142342389926226,0.0156093489924778,0.0330759634286573,0.0213448072846137,0.0344008476890254,0.6037756392204325,0.0009658347454969,299.6231297930168,59.92208139005385,0.0252890066265737,56.9936843726493,0.0077726584978481,0.0045500546762347,275.48776855410193,0.12059027687336754,0.155206508894,0.485801632973,0.263958979297,0.249712689022,2144.33329046,493950.871645,274.511914934,8.40082038616,25858.040257,8711.91604571,1563.97099324,8.07909733936,1864262.54023,2.47998273168e+16,-0.0018940466035,-0.000519009584089,-0.00370184747866,-0.010611456685800002,7.06956890714,458.263768763,29.5195358343,3484.58251639,328.074053543,16.0030362729,66.1105074522,0.258860795383,0.966011840285,305.210636864,23.9395016405,340.502957925,31.318855242,194.745221849,136.922163926,4.15111279055,0.06556715415209294
3.298529327244344,23.70878310295469,67.04618613725202,1.024836517546429,1.19856727794581,2.868263743000356,0.8672771369135062,-1.9230492679035749,0.0025146519806696,-0.0025800823298851,0.9946950342845988,1.0042075570388895,1.0859418946415182,0.0354553300426436,1.7614057409901744,1.4482001962545137,1.59528965507856,0.8911131145761838,0.967325538056332,1.119445843865125,-0.003956846816455,0.0002525469749131,0.0013942435901515,-0.0001379656012518,0.0001009858633365,-0.0002085755850681,0.0012899938360988,0.0010198364553534,0.4257855875465228,-0.0495334777509062,-0.0346639015370315,0.1183031332773597,0.0011745098706209,0.108336398334169,-0.0119486732520857,0.6066533145502807,453.2313566158183,0.0341489267610053,0.0475504345844446,0.123295346409076,0.4357171530324605,0.134798706986503,1033.693977716748,0.3623469467106186,0.7953909492829351,38.59121477801269,-2.351226584849187e-06,-1.4276801556684644e-05,-0.492224629181771,0.6300414769445266,0.5562438658830371,-0.0235122658484918,-0.1427680155668464,426.2740566348452,738.8643597878956,309.7743607084153,27.29013467893289,72.98360888174764,12.186660267785514,1.3391792127377888,6.966175601937477,0.4640863157456679,0.4086650703816714,0.0793932580675398,0.7221609881981237,0.0211415329974709,0.0115128451508211,0.0108743495264452,0.0232221213948818,0.025640350258338,0.0335246970684025,0.6829978842946204,0.0008808131868812,297.87784492767634,57.59662396257007,0.0783050233206645,59.2231646303584,0.0056803251400347,0.0037496747467464,275.6848839149844,0.1377646595957571,0.118066299397,0.499589027824,0.279919165768,0.33009285233,2142.48150674,480112.330061,407.369962229,8.25179427479,25107.5397138,6966.99981104,3147.10366,8.09469639975,1864294.81293,2.48008264635e+16,-0.0018955762306000004,-0.0005208278129549999,-0.0037162662821099996,-0.011107594471499997,4.01535301186,516.738885148,26.958082424,3502.80284574,309.853724203,12.5213160157,34.9624791357,0.236319257443,0.521129534338,202.417611854,13.979018749,171.187380929,15.1517015997,145.7245724,73.9520167943,9.21898425371,0.06108491232291373
3.69905492867308,12.7852633058856,222.1422262731272,0.6736032759991325,1.7353094665126163,1.3372103510425308,0.4683493630997228,-1.4902113123579157,0.0104239041547524,-0.0021205649319904,1.3619057162696997,0.9534375688245648,1.0251321169824064,1.7079026600202385,0.63436090218368,-0.0716401248844802,1.1647992615837888,1.0189959754875788,1.0180616119617845,0.6404433041680626,-0.0249572523560903,0.0002627363343764,0.0011398364442954,-8.158906121957616e-05,0.0001879427514311,-0.0003930007445473,0.0013853810021151,0.0010519239132893,0.4859479364912095,-0.0292023488755745,-0.0144422994767474,0.1213176856379846,0.0008063252020349,0.11333039742901,-0.0242400784826956,0.7233934142093084,493.93830953445735,0.0414284682469645,0.0481819182546525,0.0990806370616065,0.2913132697325133,0.1388670389834752,979.9772902440204,0.3812312784963017,0.7818189669211679,36.48137925848072,-2.110570650329581e-06,-6.756507938598813e-06,-0.153372481259576,0.9333655078487884,0.5984475989317855,-0.0211057065032958,-0.0675650793859881,341.58335057904657,518.521270327636,135.43648229138444,26.21131429440045,70.86010884466546,26.82117047197985,2.5366460505662736,6.848934100840342,0.3317145450191543,0.4038232497007802,0.0775264112189483,0.7790406498680641,0.1346217281086115,0.0127110018021739,0.0178869200822492,0.0291552115181299,0.0185371961794065,0.0315594144592422,0.6057696996862139,0.0011746704113145,294.5476012720213,57.24744958678728,0.0479929618234937,63.15051097613591,0.0074980102137554,0.0040366387932438,276.01541823046966,0.12104724165195672,0.0189050387264,0.389148624043,0.137680662893,0.227940957986,2151.47933074,504726.481471,179.020070417,8.23788738369,26986.2954301,4972.40456884,2523.64935609,8.09198260229,1864291.81296,2.4800733585e+16,-0.0018237559811999995,-0.00035610368688399996,-0.0028041168379300003,-0.0063385422794000005,6.29139383419,449.078462383,32.108735548,3455.95909903,356.697470901,15.9995151566,45.9183703656,0.277579710439,0.683889036788,313.432070211,27.1220513582,232.813467035,23.3525230646,182.288181827,103.492458104,7.26560171157,0.08508102241330981
2.835503199587697,24.69938083812785,186.446376667014,0.596514699703276,2.435463445933708,5.268103125853561,0.4947204838430403,-0.112645431754622,0.0152189134167257,-0.0009706632726562,1.1740435097711948,1.1586418676063364,0.9022504285820288,-0.1671577154739651,1.042636170825356,1.3826872544866404,2.048522287620468,0.8402942988054193,0.8361858020091189,0.5571934960729212,0.022346496977194,0.0002038658802426,0.0010432985843056,-0.0001129069424689,0.0001235689225642,0.0002463529377098,0.0013008221895683,0.0011322199397149,0.49595203041377,-0.0456113030758209,-0.0288688042769046,0.1355770591154239,0.0008391989611434,0.1194473521408824,-0.0209457180987987,0.7632554872976012,408.4835295611831,0.0392524284095575,0.0313716445070687,0.1728982908770346,0.2172908761938242,0.1071113860861598,892.2131139264563,0.4438122976502682,0.6828086899079939,47.32775819334104,-1.5083504521378145e-06,-5.505996198278751e-06,-0.4268550512636817,0.7169679358464309,0.7980788276159354,-0.0150835045213781,-0.0550599619827875,270.2094696613905,383.91251568233935,195.3928578968627,20.41232399920512,79.08763579749134,24.611921436436315,0.8749155352260105,7.838986833739155,0.1950750279313803,0.4442591768047095,0.075429150634791,0.6537893556431846,0.7074249350580739,0.027135569599248,0.026711819962985,0.0265145809918868,0.0195360167129045,0.0334243821627344,0.6674943629906744,0.0010028814919867,292.3079766374447,58.30571621216692,0.0754482324906924,64.45584498556033,0.0086981424084706,0.0038140781439327,275.7520635275081,0.13103859087851588,0.0410230803274,0.499088761574,0.312009655257,0.417813901511,2140.96923719,496492.792055,253.718593049,8.3126941722,27736.8742119,3645.7960524,1999.99093368,8.08542613561,1864301.24639,2.48010256427e+16,-0.0018829923113999995,-0.0004879131336720001,-0.003549604182589999,-0.010217751564800003,6.6444523877,506.540970548,33.0243015286,3490.01137848,322.64519145,11.6737949852,62.0536696117,0.2454035076,0.967876683395,327.628920673,25.6089200691,273.182727262,24.7392923271,153.39659799,149.213323548,7.65272610885,0.06237517355717254
4.04016610002209,11.597690980517086,159.3122305079137,1.3337084346722998,1.3010861562336478,1.6653651112838108,1.4072380580911008,-0.4094047989140433,0.0303087557812714,-0.003491723482858,0.8699572633261166,1.0240984475289328,1.0159092609526843,0.6661701133946777,0.737651723810347,1.2096087959094053,1.285603593945627,0.9428239874807252,1.0467784430723202,0.4606397220412713,0.0020669568767184,0.0002397069719601,0.0011259801846039,-5.120302373863864e-05,0.0001216089704517,0.0001278362184916,0.0008048694968106,0.0009561778272302,0.4800800386740208,-0.0219082210281694,-0.0328491286847714,0.1417545823621581,0.0011395805493091,0.124190682859125,-0.0172684181072269,0.7052929085405089,467.0231349028557,0.0449824090714941,0.0313247483860548,0.1610630716660674,0.3681278637294695,0.0869020305734173,1020.9722993678972,0.3520225140572541,0.8454402531376981,35.50569891546452,-2.8286662957728248e-06,-7.489995165747398e-06,-0.0318036838028236,0.6572630697284285,0.8845641530702133,-0.0282866629577282,-0.0748999516574739,281.97515224557014,640.455439201341,114.96573430869164,22.81214477322393,75.6036223539538,21.99960480202576,0.7217085428003039,7.554458088600273,0.1757028018632936,0.4230701443059989,0.0790544283902838,0.6944046999614142,0.7137969297804254,0.0209663887479496,0.013928832959463,0.0255575236466976,0.0300715961875258,0.0292144464095739,0.7126405715977792,0.0008523504648899,290.3926741124492,59.525619503899485,0.0927911783187606,61.35116581520931,0.006449819927129,0.0037419423090792,276.70524540296736,0.13690157553853,0.0426723610536,0.428543193628,0.172461251541,0.188356013618,2149.52412666,511742.492012,149.704640242,8.30042841991,25450.7437268,6070.56160751,2088.39946674,8.08361584265,1864315.31844,2.4801461315e+16,-0.0018555477097000027,-0.00042465872996499997,-0.00320975932687,-0.0085232663201,5.32662375964,510.152809751,27.9783718975,3507.13588437,305.520685563,12.7277538048,45.7937528293,0.29870982189,0.689623760492,265.434047433,18.7157475598,220.450564229,19.1303682659,167.196955219,96.9872196296,7.81607123943,0.06020272728730334
6.832666354301963,44.232400967629474,314.68283573399225,0.2389490257618867,2.1328638842942462,1.0771984380530335,0.1586544435643903,-0.8216865188175264,0.0042175837437975,-0.0023599067232593,0.9646412436313028,1.0177061501572493,1.0331844891145636,0.0360643481013908,0.9711262587150336,1.1262967284998175,0.8514347969720185,1.1918484494157475,0.8684972864900291,1.357861214678391,0.0903672161252655,0.0002394560481905,0.0007807788853812,4.303546505591286e-06,0.0001330003747468,0.000114516710084,0.0005511615880245,0.0010352110103724,0.4466826697159378,-0.0290490144382116,-0.0284238047583642,0.13881770085752,0.0011912840884026,0.1098795956068067,-0.0369513671755274,0.9360322656147564,435.90841217439953,0.0375770152749134,0.0343763943193659,0.1551540715923501,0.4010442497329771,0.0896831391287366,1414.3482983277709,0.3105109044686995,0.803065561461006,29.527714998111936,-2.235917422206566e-06,-1.1664666285507777e-05,-0.1508169073035279,0.7236429286245365,0.8434478120052806,-0.0223591742220656,-0.1166466628550777,388.0526175464502,722.9455018611727,63.75715281565488,20.561794181860456,66.90500594264508,11.771901163290456,0.8614765634930589,9.39862258458828,0.4731808977163634,0.4326841098422668,0.0623963535760711,0.7571676506358702,0.3435712935211739,0.0294385796132107,0.0297564171858557,0.0223068324168085,0.03104218061815,0.0296609940802924,0.7850484373293352,0.0009603666535934,295.5216152922708,56.01486847802236,0.0227309849645224,57.26475747522517,0.0080147067183164,0.0039894932518167,277.1972230633146,0.12982324595157796,0.00416737397559,0.494336951605,0.243569079382,0.23608539797,2143.53771184,484067.588471,82.4923029591,8.32200383324,27125.0229056,7010.77536161,2872.12366305,8.08508108902,1864255.76474,2.47996175536e+16,-0.0018782172388999985,-0.0004781022766770001,-0.0034851675624500006,-0.007434207657100001,4.90295104283,496.799037887,29.4207401592,3506.02058267,306.635987269,12.0642618977,51.5367228741,0.212423577961,0.840310820651,283.682650104,20.6460172571,189.130828293,16.6824809972,150.037378372,138.741566682,5.82928032953,0.06594385250865692
4.2549301611668495,18.9232473143962,94.37906694343609,0.9248197022454108,1.1902874784235338,2.629032063133504,0.7837934928118724,-0.4326997928034413,0.0333713381382445,-0.0053669205359853,1.091985154298007,1.126444350884361,0.8166273319180991,-0.1628533232033666,0.8165551451294448,1.1033121897132303,1.0632867923438054,0.77837647597219,1.0434321031800506,0.7938924308423874,-0.0238502572945547,0.0001864938931211,0.0014693245341239,-6.099918788929482e-05,0.0001329426294507,0.0002680382499146,0.0018195003219439,0.0008252354367146,0.4955054658132443,-0.0422465018737319,-0.0188354223755419,0.1250011366521834,0.0008935957891605,0.1103603117130893,-0.037250731050014,0.6154110841388695,420.8178245538317,0.0334524480820227,0.0336713187618735,0.136075522247683,0.2659485818479939,0.1160115899764235,897.8683881510196,0.4062894630243188,0.7112313737575935,24.68461669980405,-3.810734224639772e-06,-5.561816773344457e-06,-0.3707750312288665,0.8674686643668704,0.6500159131305681,-0.0381073422463977,-0.0556181677334445,349.8681486817997,543.0888660860408,315.2497434324601,28.21011294809811,71.90547123517439,27.44664752994533,0.9870577886836028,5.0243075094496215,0.4953347682541013,0.4440015635100576,0.0688554880634292,0.6606246709805914,0.0165597241813901,0.0131568431710857,0.0190910310325201,0.0276349698553508,0.0138161184072616,0.0337063333578168,0.6550005846280847,0.0009168943312007,296.14377201481904,55.92005345645197,0.0411624751654404,51.59430313076591,0.0093253422619146,0.0047402336207642,275.34996276221824,0.10927476370169752,0.0422737051237,0.345235416605,0.152495175403,0.212173780553,2154.08571499,502177.981436,419.842392698,8.20384510682,26750.8742763,4986.43483782,2581.37922611,8.09706976501,1864405.1978,2.48042440869e+16,-0.0018016302774999972,-0.00030627705127000005,-0.0025303447779799998,-0.0099084468699,7.28736157113,403.066025909,28.5177141708,3475.8756906,336.780879337,15.7295280748,68.4670271054,0.264496541688,1.03261805013,338.601465198,28.3281212693,323.371530425,30.5929779944,186.12055147,152.721120775,5.23352643591,0.04474746023355255
5.577092563735015,25.267594974927885,86.61444473843973,1.1917340864577612,1.3875233179975934,1.1502951475424283,1.0327083944114277,-0.4420556519803318,0.0363909259049501,-0.0026127715271838,1.2277013223922464,1.1997822051886398,1.0413008863982125,-0.3541905169118879,0.3988446333085763,0.4096601212197076,1.4702185649978372,1.0256003571271233,0.9604523709945526,0.7406409885689978,0.0590949515150964,0.0002562060418354,0.001130791797679,-0.0001695588249444,0.000242163836199,-0.0001273794721214,0.000664073973831,0.0010175538143738,0.4938969863083923,-0.0335712187449798,-0.0161673930324043,0.1275423925062601,0.0009544426918054,0.1011933790996734,-0.0495602750738382,0.7692477051472323,476.4881515426079,0.0341548779251239,0.0495229166103847,0.1214422715793184,0.4862065445141677,0.1650387916618747,1350.1653259106788,0.4057263296566135,0.8273430942531907,11.594086524672242,-2.3683463921963227e-06,-5.762876711450958e-06,-0.2261869790829977,0.907489104513935,0.6855934950876413,-0.0236834639219632,-0.0576287671145095,157.14553331258304,843.9475451019406,416.4219141685383,14.90133204561361,79.72496381685146,20.22813144496809,0.5568554192693895,9.915691324829227,0.3159117685859136,0.4173164234516797,0.0762548870753098,0.5200697876776469,0.3173611575826438,0.0253473932511081,0.016934159456402,0.018876305601671,0.0149965359205664,0.0273447781685768,0.7715832654562542,0.0008014635921436,292.1344317364775,58.94634017117426,0.0915857576647111,57.286880972107554,0.0076029250682758,0.0035407506613825,274.8204135466026,0.1364927814897269,0.0669736928055,0.486741178068,0.215942269815,0.193918988576,2144.57190098,502450.079925,529.80112387,8.39349378176,25371.2908481,8108.54560926,1164.54366211,8.0791538481,1864257.15751,2.47996606725e+16,-0.001887802247100001,-0.0005025718741070002,-0.0036151912984800005,-0.008054436337799998,5.48161871241,522.868932305,29.4819382766,3509.26101169,303.395558252,16.277983773,44.0404157701,0.294254113718,0.685156859574,309.444713896,22.30182591,187.992178465,16.2187359916,154.434151629,100.102497902,2.99064030134,0.08536834571913979
3.8226523957625913,13.053306863017175,62.17034328726085,1.1084536316808558,0.9091342691962198,3.375137074382184,0.8092685139231042,-0.2112836761598896,0.033814477001346,-0.0051996682308084,0.6432935448519613,0.9412700651576668,1.0131295979815325,1.1601732082984413,1.2279805244096995,0.9179321189415492,1.7195489517235132,0.9400802799569586,0.949001394926692,0.9646843720355404,0.0154032635427956,0.0002433172932491,0.0015610808694226,8.700893062989223e-06,-1.299853777668256e-05,-0.0001554133662267,0.0006071417025095,0.0008369144315289,0.4878621296395783,-0.0270172594148754,-0.024147065133319,0.1216832008867164,0.0011814112549459,0.1160053025354024,-0.0152457382627386,0.9322025761845296,445.5303855101825,0.0383052819923086,0.0475854202659543,0.0589698929461217,0.3608217047604835,0.0604894948886843,897.5552571128353,0.4188082192412258,0.7506147070066032,29.26812070049729,-3.7231417635331657e-06,-6.517233795052713e-06,-0.1169543235812576,0.787794023000215,0.6035648124140305,-0.0372314176353316,-0.0651723379505271,389.2301246598125,959.2533166829794,417.14046531647153,15.193637529956018,60.80314349096082,23.07447970222113,2.515839247121341,4.682921606979195,0.1467255693048692,0.4076285680930153,0.05025459692917,0.7972017227185633,0.2185455118453025,0.0114260055566649,0.0118954421842094,0.0173460720470232,0.0238181939092985,0.0349414232214183,0.7579366687178627,0.0008669215514953,293.6342375495831,56.41683150357124,0.0160261937111265,59.169761538998536,0.0076801052615387,0.0039411467586506,278.0246847410753,0.12038357970441865,0.0926356493545,0.409668296085,0.178388942506,0.287831750154,2150.06122007,468163.485435,553.907356654,8.21604702817,21660.1203289,9232.93191343,2870.99621714,8.09741080138,1864349.40466,2.48025166454e+16,-0.0018576759834,-0.00042999308815400004,-0.0032362569349199998,-0.0101292547767,4.55609107284,448.938170617,30.4179900825,3469.91772564,342.738844299,10.5977518938,34.0692906304,0.168020933978,0.512794031336,238.094159215,19.3695504975,158.465175218,15.6779202722,134.194377307,74.9025186515,5.7851734679,0.06012043238876883
3.7740312063610166,6.7538041803828746,141.16080611845237,1.076549253235867,1.0665921204603364,3.031013406502746,0.8315856622401329,-0.9302301786573391,0.0040683238638009,-0.0039019213878334,1.0024865616699956,0.933093480715954,0.9240423545877896,1.1548215122809031,1.732710567557301,1.4629077538905528,0.8583311817156791,0.8883158577046715,1.020613884924714,1.6367272456009054,-0.0047301416432001,0.0002536159602812,0.0011700841819081,-0.0001723074857942,7.757243320697144e-05,-0.0001657898010289,-0.000192609369386,0.0009275342805841,0.4936901732751905,-0.0449109564281019,-0.0210816335159238,0.1451309669630304,0.0008538754351119,0.1480616484265882,-0.0330643505737732,0.8262445892126237,476.5988883981199,0.0434603905559128,0.0297723086989878,0.0553149269663752,0.3774784742007596,0.1648966895112538,1180.6107075185248,0.402861159079077,0.6725875026863051,27.05178952426817,-3.043492895618949e-06,-5.7887283406011885e-06,-0.4151826071350328,0.8337754972611424,0.9318335374824264,-0.0304349289561894,-0.0578872834060118,278.5773595926988,864.2777849778561,424.7903778725037,22.371811739618263,75.39506268863461,28.864662153669272,2.6867317585651764,6.565845895967907,0.3102989149244084,0.4440435614919631,0.0610243708224855,0.6103108722706881,0.696034588026903,0.013788888826888,0.0294469290706127,0.0223770183431519,0.0229542144576347,0.0338835266149588,0.6879828627819786,0.0011124007019855,294.0603402413401,57.45919751362055,0.0996698872001765,53.16481797290263,0.009368972492294,0.0048692167680776,279.11922675204903,0.12591891197888086,0.0779373996564,0.507096895523,0.248181897215,0.370565810114,2142.50332643,483706.389052,560.916420022,8.23822224197,23837.7361614,8258.81762486,2057.84509753,8.09056177565,1864248.57305,2.47993949065e+16,-0.001910452148100001,-0.000561036486127,-0.003902000146579999,-0.009220064375199996,5.86165907156,495.37604501,29.390452209,3516.00135315,296.655216793,12.3842917566,58.8918723686,0.31404241563,0.971177931914,337.625809828,23.9302625699,220.682881615,18.4414299447,185.158127567,165.298539421,5.26428091059,0.07745746736568039
3.051106771005762,10.436720482032577,243.6443172448049,0.8221197249750962,1.807450970865015,2.724105230350688,1.4086664694680906,-1.1326133805788523,0.0073212223673596,-0.0025728256342127,1.1836290912467056,0.9577707660471344,0.9781497099517644,0.4402484458392168,2.5842618797628623,1.1228426164840335,-0.0094000059883225,0.90749336968732,1.0170903733072036,1.1822518069806611,-0.0782949662836201,0.0002159006416692,0.0012585137547269,0.000119826153804,0.0001057572408667,0.0001125498079163,0.000240241416542,0.0010203431802744,0.4123743858771449,-0.0300092875872557,-0.0128293490149947,0.1412456309303264,0.0010410406800537,0.1237375994499123,-0.0332896347562589,0.6675894487741367,471.8506240617253,0.0405075800078206,0.0379887209505082,0.0691744478268462,0.2316748913765669,0.1877175720733164,1081.7545525922817,0.3023767936990709,0.7023089158756564,24.48396316221621,-2.3474261479417954e-06,-1.595320176535689e-05,-0.1668214597875961,0.9575597647750792,0.8774388330245697,-0.0234742614794179,-0.1595320176535689,267.8085536095392,537.8362257649824,356.11863317325003,28.410058016297704,89.18496410891672,12.938415084340116,0.2892924434596267,9.133944864990962,0.1607902506122603,0.4008210314703279,0.0718949127747338,0.5035696762889217,0.0163348130482566,0.0142304440027049,0.0115829128145947,0.0266287048437506,0.0192825415624383,0.0314741044410903,0.7997908162887813,0.0008644707435529,291.6470165480478,59.528113871446095,0.0202309861607514,63.03997028245816,0.0082279736644195,0.0042512562378762,278.8623444151897,0.13253480114936825,0.0431314250737,0.437547519217,0.236714189033,0.274231301784,2148.82325401,495316.577214,456.463286213,8.3577000916,25894.1076091,5079.89502666,1985.33880378,8.0783078008,1864329.00011,2.48018849049e+16,-0.001861080184999999,-0.000436389323144,-0.0032826075511100004,-0.012484478746599997,6.11954512563,490.904321525,31.7090661003,3488.23578104,324.420788897,15.2748180772,48.116348748,0.22402515213,0.688688447609,283.466838615,22.1266054306,255.434481166,23.2712050162,158.661428393,92.2746410691,5.01159094714,0.04491005506420275
7.745674804515044,63.204878445695584,218.888780640923,0.3147363985063687,2.012342624922447,0.6101194187882184,0.1743116330008254,-0.4757045117894168,0.0065351712429453,-0.0019024041709857,0.8023438314881781,0.9866908909607726,0.9581651765851984,2.446327476497644,1.7452601204553253,0.7780764347894438,1.264740447217385,1.0366031377463027,0.9402407509709844,1.1697647269046207,-0.0555654648693323,0.0001994845823095,0.0008128352995081,-3.035310321374308e-05,4.53176424061886e-05,0.0002845010624756,0.0003209761470635,0.0010671577744534,0.4329675345072712,-0.0447230657223597,-0.032453361456662,0.1335923407910409,0.0010139640761006,0.1290076985071833,-0.0205483094164365,0.8482674505077026,461.069219525813,0.0416230745958575,0.0432129232887349,0.0741874602621024,0.2456358221700091,0.0520771787495088,1158.8040990488075,0.4238433389188793,0.7599641654083157,16.01689620602773,-1.9963166915989166e-06,-1.3379058186591093e-05,-0.412051095372663,0.6631995781500699,0.7702927710745735,-0.0199631669159891,-0.1337905818659109,460.79345722661935,400.9436540656691,451.5764386941588,17.596869596156267,86.1074897991357,17.130049638777848,2.839378262895539,4.737982616897531,0.4111778292426297,0.444030960673897,0.0524527426446039,0.7589626782574372,0.6508337863275602,0.020027731129705,0.0270475531420958,0.0190003699814506,0.0285404094543084,0.0347226634754787,0.7642206731277414,0.0011975987990805,291.4393415737588,55.027844608949565,0.0399143441572915,54.41504182376295,0.0084095927545459,0.0035095362510705,278.3875278831731,0.1229860661293889,0.0023068397158,0.512151248565,0.202427635777,0.128215812882,2142.62285648,467583.634734,600.545593961,8.19779584631,27376.1401963,3750.6692657,3397.49284285,8.09933342049,1864280.21085,2.48003743876e+16,-0.0019020100825000025,-0.0005351726765,-0.00379964382043,-0.006998637915100001,4.59806538278,467.386968532,29.516009867,3493.23522255,319.421347386,8.61976083793,34.0809952196,0.15925528509,0.548651291923,260.055061676,19.7173861866,138.431210182,12.7556127995,116.207044297,92.4067180889,3.52018967583,0.0521152242763222
3.205299693672782,24.63568418131948,82.7763026019913,1.6267329427052857,1.1596032684392146,4.1863199826813045,1.2508468291731507,-0.5918950132583335,0.0237258364973454,-0.0007473655622714,0.9447651084025888,1.1103461427266523,1.1645908522686037,0.8277037263326321,1.9347129921087327,0.7642929588799654,-0.798165074398687,1.0122043882395664,1.0003348492481812,0.5316745062466319,-0.0247094355231267,0.0002669728582911,0.0012008941237108,-1.4343933314392826e-05,9.761197956866734e-05,7.954828622544118e-05,0.0007217090827449,0.0011478125068777,0.4203524950165886,-0.0421776885191159,-0.0105457791621538,0.1442949585475229,0.0010237836658174,0.1401202150552827,-0.0419487018331252,0.850947512781401,418.7984856320148,0.0381969691724055,0.0372186697820366,0.1903370729431507,0.4660564966774891,0.0764914643953648,1327.1989299478969,0.4372146171208243,0.8261134755060564,16.442887542742326,-1.391406198416527e-06,-1.4955938122926416e-05,-0.3696281419852661,0.991813312567693,0.9201294196653208,-0.0139140619841652,-0.1495593812292641,346.97283264455785,436.1943119069841,330.4850456382254,20.791016603506428,57.50196909839301,18.729856495850647,0.9447657013161112,10.992894447313054,0.2288078062717319,0.4191576156165048,0.0855457194275547,0.765234882102825,0.4071569397107716,0.0102775017707244,0.0228525696236854,0.0195189920240739,0.0112062077854673,0.0269609233435963,0.6999263346018032,0.0010635343089225,297.7520600610306,59.15515086252826,0.023270609628286,55.546289305535474,0.0068541436539193,0.0035636400889675,277.7552178201548,0.11120715461850718,0.0981444843435,0.491110635178,0.277764807698,0.306785502791,2144.43929645,477297.897144,419.701468827,8.39102650639,26903.2716786,4404.76526366,2570.8839367,8.0796655092,1864348.7368,2.48024959679e+16,-0.001900734906299998,-0.000531186709509,-0.0037997406809000007,-0.013916606950199997,4.98644808438,410.477766856,28.2085405981,3460.79719787,351.859372064,16.2448391936,37.2821701474,0.266676873448,0.601908302915,306.027387633,26.3919171509,143.261729897,14.3355549613,171.22341645,100.154328213,4.0529438485,0.04210795975210765
4.160320013111945,44.60685401403597,315.3825396256478,0.1247292208814367,1.5163519174577686,0.6042380226156606,0.9548957077432016,-0.7244768687995821,0.0313947184442727,-0.0004682204736527,1.0308751889833896,1.0525366109944754,0.8801858778887599,1.513026162492553,1.7218217258094084,0.741717282851369,1.6496595240210283,1.0654132633499582,0.9364966154312836,1.1647203291485104,0.0445841140951257,0.0002273255086843,0.0011223288544022,-0.0001515746247561,0.0001240125051557,5.3073589972426935e-05,0.0008860781273523,0.0011673048184423,0.4205644615926573,-0.0370468096434933,-0.0186323183624985,0.1358574982531134,0.000830141440559,0.1260565200963221,-0.0241086411159714,0.842572854130199,443.77019643664937,0.0449803744322836,0.0454756545896276,0.1260696128561784,0.3564793740007252,0.1954140582996917,1227.5926415399051,0.4334393960749335,0.8368533447790586,49.888830875085695,-1.2452138616826217e-06,-1.4929442300917826e-05,-0.284113494058223,0.8705152245625223,0.8020049755435885,-0.0124521386168262,-0.1492944230091782,287.40815189027705,760.4029601191341,327.02877012083206,11.500144866146218,83.66878077665504,16.57090231047732,2.818396660817569,10.072026512658052,0.3573870043175292,0.4209499011605208,0.0637764817572412,0.7877017459616618,0.2824148768018546,0.0131477748193053,0.0227810602553081,0.0223294024766171,0.0345768901004309,0.0330444774079529,0.705031146589012,0.0009428014451917,290.25527736517324,55.93359729370725,0.0370582326989166,53.11410054222941,0.008461046136175,0.0039360004844085,278.1491449115383,0.12327414686127278,0.00621484092476,0.43406815789,0.137312594077,0.106813041659,2150.75383838,495173.772983,417.697886297,8.37306354887,26529.6018854,7514.50029439,2131.62115229,8.07802818752,1864331.54424,2.48019636729e+16,-0.0018332942275000007,-0.00037438271568799995,-0.002918413247190001,-0.006890008735900002,5.78558062783,455.583795957,28.3181645796,3499.34369143,313.312878506,13.0166398309,52.5420700146,0.21342100572,0.820800210627,303.794927534,22.6635745723,225.138544796,20.3316991141,149.240370997,128.187327301,9.30830197796,0.052102288219533055
4.821641763397633,17.717564945645037,84.38174111080188,1.5477502118348636,0.7278515763115363,4.637297303951971,0.9252434769438064,-0.630223047209461,0.0135436853525172,-0.0051034288010112,1.047413075156181,0.9748554651796716,0.8477161565985702,1.2659461898363549,1.9851020523181364,1.0667641700144002,2.000353071685345,0.8597304582622067,0.9651856776274066,0.8681073560405256,0.0193215944798741,0.0002225178523746,0.0011073298835325,-6.454537699250129e-05,-8.69259714184196e-06,-2.269985694055372e-05,0.0015924195634968,0.0008436346964623,0.4516667284186026,-0.0263352329267348,-0.0155864997483935,0.1434783572888704,0.0011888188748903,0.1313270319753005,-0.0206352717796647,0.730030968740069,420.9573803798026,0.044645687705352,0.0421822068251848,0.0617716276236673,0.4177678640287615,0.0552769582626069,1319.0179687657328,0.4083651413048153,0.6783097180556154,13.242090129954311,-3.672739776532013e-06,-1.104165894767467e-05,-0.10558721544558,0.9162025037740968,0.9086970020441862,-0.0367273977653201,-0.1104165894767467,414.36090299681615,671.3436314599481,150.6057994505878,13.645351614457969,86.27741134731829,16.13995130107397,0.5857330011991828,7.0911854271273125,0.4426602797475848,0.4355185845670186,0.0981764693270169,0.5171510790077295,0.1956537000967882,0.0150357008228941,0.0230824302834743,0.0251843267723737,0.0340444630035608,0.0337228185629371,0.6832579122612701,0.0009066064809088,292.1104499618604,58.69279857284801,0.0661769091095689,68.69800071274419,0.0088005992293215,0.0048921628645345,278.3232961923597,0.1094664387382347,0.0704562838212,0.334049722085,0.188251695359,0.2336209689,2153.63031598,480959.034073,197.422176623,8.27224165238,26674.9681806,6237.41289486,3063.77225986,8.08930321854,1864358.26511,2.48027909743e+16,-0.0017895567976999975,-0.00028250871648899997,-0.00237781606168,-0.009939036393900001,6.30229906608,397.519535493,35.6771593028,3407.10209564,405.554474301,15.310003522,70.6636420748,0.300910005319,1.11786332944,316.092126466,32.2076704668,282.430991802,33.6981490431,193.734101303,175.094319964,2.41080822303,0.0533291339763149
3.801915566369335,20.487102926823688,189.88498989902715,0.7400296070355388,2.3710858494278053,2.6740812037129675,0.7973029624937543,-0.3917766576622244,0.0250078321572008,-9.89571855377477e-05,0.97908799945837,0.9088543311024246,1.0101072095219774,0.0261435459664044,-0.34262520564984,0.5032095870009159,1.066815723146729,0.9161787011341652,0.8864201561722715,1.1884912630758535,-0.0057439130412182,0.0001898940612966,0.001610061891272,-2.8724864669963883e-05,6.968863478374465e-05,0.0001217434197955,0.0010092699724338,0.0011930899579799,0.3934341665744089,-0.0249887488567636,-0.029627981618376,0.106010405088739,0.0009216733629639,0.140730733851059,-0.0109429128788556,0.6356283033421328,466.3050854728278,0.0446829854877501,0.0352964555689002,0.0568387300195084,0.2221850676944042,0.0881430090086536,1357.1806391345783,0.4414351010058713,0.7265236086795669,33.558733866250016,-1.051825315150471e-06,-1.8320729178198885e-05,-0.0831458142793948,0.70558027572436,0.3841456712423461,-0.0105182531515047,-0.1832072917819888,288.7875798250583,440.5652453058909,155.4016468932025,17.441035118232023,78.46372808230505,13.938191604332648,0.9045724849664992,8.376789908571947,0.1203736992148055,0.4345747861214454,0.0720606898256334,0.6550240660476323,0.1323601081770417,0.0150854772283024,0.0174721879026746,0.0223820889872478,0.0183502701474284,0.0319961971871507,0.7254518069606112,0.0008711956567942,299.6228152368652,57.981812561635294,0.0696198449105625,56.69863332628973,0.0059157544122072,0.0040489836453842,272.0397637992808,0.13330084112781665,0.0389296125295,0.448552090558,0.244198627193,0.296443511705,2146.36617597,506117.421512,199.148026599,8.35996743377,26606.9696809,4240.13811667,2138.55116881,8.08472739395,1864321.04255,2.48016385354e+16,-0.0018459089619999973,-0.000400095574077,-0.0030794531570200005,-0.010078753329899996,3.74692328054,493.010033878,25.7858929428,3509.54603621,303.110533722,13.1066340146,41.9773381262,0.250789443584,0.669481315043,213.253374372,14.593086729,166.288715285,14.1118629786,155.646370096,104.857375759,8.17943121104,0.04755171607279901
3.666746578945149,6.2134294544269935,95.158943297888,1.2297144685045076,2.121809211641464,0.7624392793132355,0.3510248461008243,-0.6823865495925253,0.0082866655385245,-0.0007789364497245,0.9965695959585844,1.0128254790023674,1.0061355587530252,1.5127652304520842,0.1983886809201257,1.713490042931434,1.3164327291071536,1.230599075871007,1.0598833089645971,0.9022886948142158,-0.0564754296177902,0.0002328057906586,0.001316239288038,-0.0001680267976653,0.0001552662370835,2.785997773493971e-05,0.0021296462843952,0.0011456079559123,0.4873131570250858,-0.0281065497058434,-0.0144857417352589,0.1260441801927587,0.0009999388263537,0.1264848639705569,-0.0472058396892851,0.8378382026848125,437.553136888578,0.0408047638987288,0.0274364730986527,0.0846103513317378,0.2755717171631038,0.1845229832213531,1357.7422224706577,0.3536705238676989,0.713613070843117,26.625666406935345,-1.4079403306571016e-06,-6.58585537186427e-06,-0.1351091617640581,0.9327138739711154,0.6646185226986221,-0.014079403306571,-0.0658585537186427,203.2079607955794,939.063856170056,467.99792709990754,27.345058620771542,75.58038338778002,10.39505921018593,0.722672577766948,6.462881002423528,0.4125163482286134,0.4350722667169828,0.0776760560627652,0.7454406707376431,0.5990647178556935,0.0186336837080094,0.0245103319855335,0.0169712892553356,0.0333903393250037,0.03489306558756,0.7136168614643897,0.000953317381417,292.84742071280203,55.08793436081177,0.063079323250087,62.67210295542601,0.0090283836304031,0.0039754748488285,278.4103523460824,0.11673591051769239,0.0354074424052,0.587222017297,0.120183766689,0.312847444393,2138.48380263,478944.184851,615.245412732,8.25762106322,24468.8195037,8751.71236807,1501.28853782,8.0891963397,1864251.60358,2.47994887281e+16,-0.0019320225828999976,-0.000616895207542,-0.00418943059009,-0.0031444998041000004,5.24344956007,450.446070394,33.4744145908,3460.74025003,351.916319903,9.96668197277,47.3635417032,0.20588714634,0.770178781418,294.615451176,25.2623374357,176.974267554,18.4332934652,139.060480045,125.787656204,4.1714501987,0.0643133287497502
3.627261345101726,22.55557594023076,110.8494698405744,1.000441168975704,1.4569904463927803,2.1240597224895525,0.9413361200715004,-0.3465073320633735,0.0131943652388129,-0.0013890124397982,0.8689979190505566,0.9930241911574652,1.0546933160070555,0.0985989333226943,2.5514299735855297,1.5129698282678563,1.23930607138595,1.050878211774722,0.967531684946114,0.512871548426562,-0.0314744703215654,0.0002077502197586,0.0009834574537103,-9.08730409708147e-05,6.007954456585504e-05,0.0002410369992654,0.0009988182989407,0.0011030072018192,0.4285595673555219,-0.0453750075437663,-0.0418997440771679,0.1335005363980344,0.0011773534793026,0.1298810330372096,-0.0217649519349388,0.7213692195517246,425.3178739623063,0.0388512141185625,0.0493241403250218,0.0964872549271224,0.4006131005555151,0.1625015209214863,924.2648820889916,0.3862751755537051,0.7630794031147027,38.18249462759133,-1.7274459863554916e-06,-1.3930054080559757e-05,-0.4229167923961054,0.5215038388424803,0.7690075095724813,-0.0172744598635549,-0.1393005408055975,387.0191476981078,672.7178520571772,106.61796657109056,24.91013415789776,88.07006214613513,29.89008018459719,2.050511712862311,4.726138883395527,0.1185689912178217,0.4240353103938741,0.0953751187833819,0.7216324688180693,0.0453114565275488,0.0242118143446459,0.0226131427083042,0.0242506575292172,0.0345770690412694,0.0255235566918644,0.6445177327394647,0.0009980546949013,297.9216970006303,59.54005744396319,0.0435709776238303,50.01161933578226,0.0069406507024923,0.003997564452007,277.2372405383034,0.1167644570606485,0.07790389155,0.579618205371,0.293892253605,0.333396344915,2137.78367658,478602.494777,141.248500511,8.21261513245,24362.0760244,6236.44378258,2855.6563034,8.09719265449,1864285.38259,2.48005345026e+16,-0.0019477939915999998,-0.000657371233283,-0.004407099031609999,-0.011525603560299996,5.86851409115,444.370289314,26.440677034,3491.70637846,320.950191481,22.1650119971,52.0692691625,0.372447991441,0.826894051097,349.158546661,26.8916203236,210.068543205,19.4004383527,217.955779784,131.672742356,9.02014499375,0.05822659910594059
3.3425829141550025,10.96619831270624,239.3693104676927,0.4868091172274903,2.400519005458902,2.552236981612386,0.6066518057107675,-0.2003058960550886,0.0234990950884504,-0.0008538220944471,1.0357512245929474,0.94997721139552,0.8990644716795191,1.343913740805883,-0.3911603745070746,0.697888027982187,1.4632269016664536,0.9636024336952504,0.863467388430045,1.0628477533115723,0.0075735638955409,0.0002920521368743,0.0012659386817519,-3.5431030047340314e-05,0.000145172879531,6.495481924302406e-05,0.0007816346790601,0.0011403787959588,0.4727452144440159,-0.0410733860121101,-0.0229860513739354,0.135928180556625,0.0008312855459705,0.1495586938785478,-0.0175180490203338,0.7377641792796367,441.3382080509585,0.0433819939332379,0.0418234159072989,0.0676338987505391,0.3275777286165887,0.1900686395425121,1377.8228954267945,0.4192536410180245,0.8453855890117397,32.573919815653724,-1.447159030308894e-06,-8.406848194498013e-06,-0.351223100201836,0.805209229390968,0.802994527792751,-0.0144715903030889,-0.0840684819449801,363.1231436037116,760.1078747765869,331.5202679912231,12.93219267432175,63.09898639867971,10.315063733326644,1.597939635523277,9.439601902245515,0.1678204019197862,0.4017745158975584,0.0794195898474124,0.683373640690391,0.4465518235806081,0.0261132265603095,0.0100672832388145,0.0311865413916219,0.0344405339315824,0.0268794597667978,0.6748518448501993,0.0009251591268394,293.5439303533839,55.75059369993751,0.0306536189627706,67.85372576821321,0.0076384105494146,0.0044896905429611,277.2915483113681,0.11596168085021613,0.0391242032909,0.55098943839,0.25654624875,0.431417171973,2139.05714404,480569.739069,421.558452152,8.39088255317,23915.9406322,7678.6792791,2690.78253309,8.07982301424,1864252.44843,2.47995148838e+16,-0.001920213041699998,-0.000583541396833,-0.004037697796519999,-0.008940105412299997,7.20447345132,440.118689045,34.8996118762,3429.27177134,383.3847986,18.8037705067,51.9481785942,0.335435319077,0.729375468133,332.202343303,31.6359654359,287.053010884,31.8183506109,216.474581954,94.520579211,5.77087544506,0.06770864914711
3.4284491380611195,4.241404037277013,99.0966058648622,1.2271750994242543,1.5599607206416417,1.998279156910592,0.5830731414964551,-0.8744588979932209,0.0220701893466285,-0.0029747472998747,1.0683943213739449,1.1609368626237615,1.0084629117142156,0.8363871543626566,0.0639595769562469,1.889616544205566,1.2132842869634108,1.060943704060652,1.09662017624056,1.1367023870263906,-0.0043651575365881,0.0001681616711999,0.0012418285899416,6.000205052638799e-05,0.0002540558292852,-2.93343682468632e-06,0.0014748292414463,0.0009922775518573,0.4454024249410518,-0.0367249164827372,-0.0474257153803839,0.1318736768590592,0.0011909710773352,0.1446268132716973,-0.0207400310706085,0.8259107708427451,479.7289697989487,0.0345695447667601,0.0403453706298265,0.188062663508236,0.3712701195163226,0.1797946678279878,1516.159972641787,0.4437490595070019,0.8037145002808508,27.88936426964152,-2.55791836106954e-06,-1.182469688236852e-05,-0.2787486080456205,0.4386142692942407,0.7462314760268298,-0.0255791836106954,-0.1182469688236852,389.2301246598125,959.2533166829794,417.14046531647153,15.193637529956018,60.80314349096082,23.07447970222113,2.515839247121341,4.682921606979195,0.1467255693048692,0.4076285680930153,0.05025459692917,0.7972017227185633,0.2185455118453025,0.0114260055566649,0.0118954421842094,0.0173460720470232,0.0238181939092985,0.0349414232214183,0.7579366687178627,0.0008669215514953,293.6342375495831,56.41683150357124,0.0160261937111265,59.169761538998536,0.0076801052615387,0.0039411467586506,278.0246847410753,0.12038357970441865,0.00915160403585,0.307872027318,0.0446984067331,0.192026079033,2160.92625491,489592.334491,554.399828857,8.21030175518,21661.8417123,9236.24556782,2875.81506805,8.09532704649,1864451.76291,2.48056858638e+16,-0.0017803974996999997,-0.00026669174394300003,-0.00227237959968,-0.005012449777469999,4.59754808327,426.660895905,29.2144141772,3470.98521873,341.671351205,11.3476404766,34.1282287424,0.171488738116,0.513383017036,242.670475535,19.7648081974,158.768576302,15.6896090321,135.353732506,74.9391823833,5.78473876621,0.02671387821381333
6.852398170636124,18.80442432187132,222.57572006840385,1.0307969707049414,1.576822707838021,0.3776772857313197,1.253371892525824,-0.4136303300755599,0.0081413481746575,-0.0041562223292574,0.8143308922267154,0.9050312369455944,0.98453981064593,1.7441114587303757,1.4649431431760114,0.0047671998621167,1.20143176534425,0.9624332738862096,0.8674658167829867,1.2315103693227012,-0.0171069290478927,0.0001538767126104,0.001156113641262,-2.268605438070756e-05,0.0002227953105257,2.931344497234285e-06,0.0020254694247395,0.0009097768011102,0.4856372679481867,-0.0299605691050324,-0.0237916714714412,0.1172994517705028,0.0008385949826716,0.1233381042451331,-0.0150949263474418,0.7058119946457274,467.9160826079469,0.0338423939003388,0.0470904929029878,0.1109234984502592,0.4190379497836869,0.0664187390668239,1553.1244379731152,0.3375539965802625,0.7021735992818819,45.7087804044955,-3.1766739916731724e-06,-6.795341506476664e-06,-0.1660094850838746,0.7931249279283806,0.5421923247870402,-0.0317667399167317,-0.0679534150647666,278.25692596486783,487.1526172955048,243.01346229267625,18.64851893177408,89.51182735393837,17.145959000281792,2.612787620654981,9.914505365184962,0.17297028117824,0.4163423782800198,0.0904555326907274,0.7425464352812212,0.170091464432882,0.0235770389254404,0.0101528621430461,0.0265142214755362,0.0235479143250698,0.0326269039563728,0.6903641312110301,0.000806768036988,291.5232563185244,59.28618017512055,0.0527947748759364,53.1811884868029,0.0062333108121604,0.0048264658610641,280.0472377347337,0.14590349243609776,0.0236610559566,0.630836052485,0.190015543681,0.117820618897,2134.6375037,484025.645433,309.206904907,8.3907489821,26537.7948529,4782.32983421,2062.75920198,8.07568241006,1864207.25046,2.47981156228e+16,-0.0020090460242,-0.0008372937800599999,-0.005212326365800001,-0.006035206759500002,4.83793040068,573.580386519,25.7035915636,3536.52684927,276.129720663,13.256401555,49.0915330441,0.286284635782,0.732628911628,231.413498854,14.2381646164,238.780302969,18.5809564786,194.133014544,101.276962618,11.1015503367,0.1076904697936451
4.4983852077491004,24.573944187765484,94.77071523504632,1.1134984487732469,0.952104520908914,2.8307462572923283,0.8268979095987706,-0.6360717623877149,0.0254036298178454,-0.0009139816724558,1.0752585204594824,1.1651889487521228,1.0484569644792847,1.3874639497662695,0.3157935775668546,1.7723822789112855,1.6896993299957686,1.1989534462884468,0.948328880185812,1.2404171600172622,-0.0974657962538813,0.0001897786147285,0.0012675502500314,-3.2879339558882925e-05,0.0001176723002825,0.0001720610000648,0.0008832422102915,0.0011361779366711,0.493472859369049,-0.0277910382213859,-0.0199305158497222,0.1381619866199011,0.0010533591727904,0.1037461478258677,-0.0229410721967298,0.7810229864879739,474.4053187261377,0.0381106062134599,0.032486978005904,0.1529149884050688,0.3017011959723508,0.0975881288023136,1436.5968555927652,0.3827819757703924,0.6870555672850848,46.08948932105267,-1.4786654749665466e-06,-5.815892578868877e-06,-0.1298506370230995,0.8510422622541667,0.8342678126786154,-0.0147866547496654,-0.0581589257886887,391.7714082243341,934.6433278495388,449.0331905636517,16.128000232040662,62.25839578979842,21.251092216001645,2.738299372266481,4.787140905078124,0.2395820661051236,0.4343457083973887,0.0846688500903411,0.6752261334290839,0.000248534751693,0.0250431162365233,0.0205122941376462,0.034190667913408,0.0277575716204892,0.0304822523578949,0.6286445479589353,0.0009809060145259,299.03113377920187,59.26280970574867,0.0840089402220744,61.86166116200032,0.0069335501682401,0.0038763358571144,280.16085170112365,0.11882097416720541,0.0253069005868,0.389064722401,0.148720705462,0.207159189054,2153.21817305,491372.130775,598.040431984,8.20122498342,22231.6262346,8993.20086624,2894.32159239,8.09295843681,1864441.18963,2.48053584836e+16,-0.0018213067317999973,-0.00034557574519299996,-0.0027680296462900002,-0.011204604320100002,6.42055112362,430.12138184,29.9160228524,3458.85893388,353.797636055,16.859253618,62.102570569,0.313862561321,0.934788773198,295.100498473,25.2423545102,297.75203836,29.8844443406,179.527452463,136.021085988,9.15836862649,0.026099648845903527
3.6100576128650097,20.43267754012579,353.578595319609,0.1643391509438329,2.639694352749857,2.979118435698421,0.6583950601709317,-0.184892106374896,0.0161350453799992,-0.0012926397069833,0.9007983511057968,0.9170532078493794,1.074393859537443,1.1501099043688403,0.7059718331051977,0.7929336620559904,1.6574432472496274,0.7865396503191416,0.907709944065356,1.53311968417008,0.0379504158670231,0.0002382102774751,0.0008765189973923,0.0001065423228798,0.0001480844560336,0.0001224166664274,0.0010196660973585,0.0011097367751162,0.4896195756747527,-0.0488647640625536,-0.0411065149226159,0.1304905118494406,0.0011740579070804,0.1250314934731459,-0.0106120717010523,0.6975961821181951,482.990854240035,0.0439150493370402,0.0401915613880344,0.0612067426659577,0.4998900591925282,0.1018074481004997,1219.4389441290584,0.3424115856757019,0.731087447145096,34.09557879016987,-1.6769741866281338e-06,-6.297553040655911e-06,-0.4810794010425607,0.5334022761607607,0.7268671658921686,-0.0167697418662813,-0.0629755304065591,281.97515224557014,640.455439201341,114.96573430869164,22.81214477322393,75.6036223539538,21.99960480202576,0.7217085428003039,7.554458088600273,0.1757028018632936,0.4230701443059989,0.0790544283902838,0.6944046999614142,0.7137969297804254,0.0209663887479496,0.013928832959463,0.0255575236466976,0.0300715961875258,0.0292144464095739,0.7126405715977792,0.0008523504648899,290.3926741124492,59.525619503899485,0.0927911783187606,61.35116581520931,0.006449819927129,0.0037419423090792,276.70524540296736,0.13690157553853,0.0309928364766,0.573407587412,0.356445911878,0.446131926421,2137.62631365,496040.802147,149.852112728,8.29508524553,25448.980128,6063.46281047,2087.07887725,8.08591141496,1864270.02175,2.48000589388e+16,-0.001951048000999999,-0.0006666498951349999,-0.0044583197024,-0.014102546397500006,5.30589509259,525.995188115,29.3228233833,3499.15937325,313.497196688,12.5398985389,45.7625567349,0.29751069386,0.689270695618,262.713848684,19.0102133064,219.821370343,19.6129536616,167.128908424,96.9752841252,7.62398409861,0.0631016451638804
6.071208914154837,21.621540466177407,94.0795159180738,1.3762342507493357,1.339284941195378,1.764964075834171,1.366131736834462,-2.1316368951813534,0.0022032705207297,-0.000952586720978,1.014084838947341,0.9120625721552996,0.8516761457401429,0.6170148651471555,0.9680515172626358,0.930478464994414,1.984827043959639,0.9838452417645656,0.9871336183724108,0.1961486526809798,0.0477024169587996,0.0002139589115055,0.0012987483959337,-7.344707474795712e-05,0.0002294029760876,0.0001803388789741,3.127584334873968e-05,0.0011334822000651,0.4557189162298055,-0.0408366066821902,-0.0334233385170454,0.1446169955519294,0.0009767366819141,0.1277935268413621,-0.0256596612195742,0.6203076179325193,483.0958026414349,0.0456700065613218,0.0343001059171105,0.0595320620895346,0.2036831072003486,0.1440325351277361,1303.9985779347608,0.3164873184873691,0.7181295087390738,33.45600497453437,-1.4988834995110835e-06,-1.0535135471274305e-05,-0.3472767780365037,0.6486499222443189,0.9246379377270116,-0.0149888349951108,-0.105351354712743,387.6967070311248,857.6527199908046,258.3570837680233,29.773015449447776,72.31364329233887,10.433963624679585,0.5167701485214047,7.1786210814141,0.4239909634884717,0.4073463375727417,0.0983629294066477,0.7075415708087158,0.3917014537877931,0.0140917866976557,0.0280558468175554,0.0221534803782216,0.0183200423501848,0.0314627518115547,0.6211758067975278,0.0010380238109395,292.76940686092223,55.188768371773655,0.0701687456926836,66.73626549202532,0.0072011696896925,0.0038630136365995,277.5561658654853,0.14945020444644747,0.116340652838,0.554132562523,0.326784362295,0.277124798509,2137.94517024,490696.035042,338.771706176,8.26335107673,24104.5282639,8033.37314557,2866.18327645,8.08962207814,1864227.34639,2.47987377574e+16,-0.0019384978690000013,-0.0006353119531109999,-0.004268096282719999,-0.010380011172199999,5.00161570619,580.587065908,31.9703949532,3511.97337216,300.683197778,13.066441316,51.27353066,0.268424822468,0.842523328068,294.675337478,20.3591062226,189.311933446,15.8651961376,167.07345649,141.928125711,6.95457814388,0.09753201798847354
5.486773278893889,19.855842876424,65.93790541962153,1.3374055711688253,1.8999051820067847,2.012152805706712,0.7625451260224838,-0.688464590045217,0.0113705430060829,-0.0012911608149759,0.9539147912766004,0.8446862510303749,1.0735714385706971,1.719796346921581,0.9495826118305096,1.6108491526283917,1.1218178271847696,0.8867996028415616,1.0814261202900934,0.4734833926142489,0.0145052082643333,0.0001061181678344,0.0009032107154442,-8.240780352015123e-05,8.653543605966004e-05,0.0002343997793911,0.0009496152195685,0.001109840044079,0.4402669801753624,-0.0416029767372019,-0.0103402341798858,0.1394123470421278,0.0011608374351321,0.1197783031583905,-0.0385909546409283,0.928807730391434,427.1303560414606,0.0372273018153678,0.03112025056149,0.1236868620957569,0.2341467023829103,0.1197498138672894,1063.5941183262198,0.3783738730536902,0.6937210887837355,39.37643749897942,-1.6761996694069808e-06,-1.2466627478079696e-05,-0.3600496122866998,0.9948964873017117,0.851772858589789,-0.0167619966940698,-0.1246662747807969,423.9829918731364,316.29255150482913,324.6745582301334,18.33636801439373,64.32464950615211,15.582091749418884,1.8344298043895324,9.468733855652776,0.3951346894732804,0.4123016856213796,0.0803577261925447,0.7517319695972404,0.2968896858244362,0.0209359214858797,0.0275335585284056,0.0296878670904659,0.023436439142958,0.0345851628858611,0.7994253677259144,0.000927527184301,294.3655939370245,56.41862797098476,0.0958729358439949,60.997431261744936,0.0083370325649328,0.0047036873877596,278.22593487464474,0.1414283659774508,0.0769850016984,0.427421112313,0.197726619676,0.244881135237,2147.65734156,495667.906073,420.730781483,8.31724094706,29599.1247021,3137.12566697,3139.70105296,8.08267651593,1864309.47823,2.4801280501e+16,-0.0018427028987000015,-0.000393433365725,-0.0030398154841200006,-0.008059518274100001,5.14375552615,532.877802742,30.1767943098,3519.34081544,293.315754503,10.744582099,64.8257027696,0.250712120643,1.03428472532,252.879830908,17.3966902144,264.894253051,21.6787178062,150.742911171,163.133895525,7.2354611291,0.05487397099860039
7.432865362369892,56.74346560174708,222.98974256513432,0.2654299886579342,1.5030637698663618,0.7537992842621628,0.2790124720141934,-0.3863011451837577,0.0133860387390148,-0.0019055164211814,0.9946925678121046,0.8754779945897218,0.9045625618956477,0.9834787660324512,1.2841284339760597,1.511595684224644,1.921183123797424,1.1760608034804538,0.8981942080888687,0.937254799563376,-0.0109811834033622,0.0002630028283834,0.0009538086464369,6.667022729434568e-06,0.0001206022844474,-0.0002201445392586,0.0014410457965892,0.0010669404503702,0.4828348908679011,-0.022222534521059,-0.0461740908330129,0.1471610006875073,0.0010965989955225,0.1328055668757156,-0.0475756420492701,0.7734407228340605,434.6601253119886,0.0361931951292727,0.0436440914532874,0.0978896241651257,0.3978019841513417,0.1078786260676859,1385.6062334022486,0.4456680604992014,0.7434298109603814,33.85995512673489,-1.9979466222233544e-06,-7.145638641512358e-06,-0.0370422420176504,0.4573886375048055,0.9602540096251032,-0.0199794662222335,-0.0714563864151235,269.7295409811202,985.7907975985607,66.69153947916553,24.271840908468263,69.26432252742126,20.192205429043945,0.9862528341876036,5.413427914373557,0.4836582099997272,0.4026414445221064,0.0922193183393328,0.5157320328558013,0.0544137667556239,0.0211084250316362,0.014747361494717,0.0306959917549465,0.028533088543555,0.0340540948135328,0.7131872712325786,0.0009693404968703,291.0677014770537,55.99905128382862,0.0624624449015639,57.11646086789485,0.0059124029450137,0.0048044940697361,276.6159039476608,0.14138374116604507,0.00579656387778,0.602925913704,0.262511114265,0.185649428721,2137.42832839,484558.637867,88.457004054,8.21263849917,23971.6146337,9121.07274086,1990.97190052,8.0960370431,1864247.58551,2.47993643333e+16,-0.0019795738089999973,-0.000746710748161,-0.004830364697379999,-0.009641079689699999,3.94857647733,544.519776688,26.4181015895,3520.81105915,291.845510789,14.5426759409,44.8958991425,0.263140464028,0.68703205886,197.491052971,12.8031933434,206.178733426,16.9153595711,173.483781182,102.699784047,8.28972528901,0.07526876597396352
4.19649540848672,19.092456248531228,398.1065399868711,0.025119916126976,2.027220173198066,1.2333231873698756,0.2635315054707318,-0.1284593016779429,0.0224155321440604,-0.0012850227427193,1.0706989124362534,1.153767701999134,0.950944244958224,1.2678034002362977,1.3546019792525237,0.9978490804776654,-0.2656812917049711,0.9614469621949692,0.9258362008593676,1.1622011604900029,-0.0246770896928336,0.0001912063880797,0.0009163937147469,2.6655672152061465e-05,-5.886401164108068e-06,-5.908834850527686e-05,0.0009649072704509,0.0011102686570896,0.44936914403784,-0.0454305747266574,-0.0124166564385467,0.1430773979921318,0.000861989839552,0.1005599647695314,-0.0367405373278324,0.8915786094687063,447.6022463918308,0.0326765041163137,0.0387121494290444,0.1817928522759695,0.4525720295655785,0.0814369148352855,1414.011537471507,0.3559609583184268,0.6658756926523505,13.56168576478728,-1.6729850718273632e-06,-1.1328856995269992e-05,-0.4238429121109577,0.9637501534217984,0.9030835718898458,-0.0167298507182736,-0.1132885699526999,157.14553331258304,843.9475451019406,416.4219141685383,14.90133204561361,79.72496381685146,20.22813144496809,0.5568554192693895,9.915691324829227,0.3159117685859136,0.4173164234516797,0.0762548870753098,0.5200697876776469,0.3173611575826438,0.0253473932511081,0.016934159456402,0.018876305601671,0.0149965359205664,0.0273447781685768,0.7715832654562542,0.0008014635921436,292.1344317364775,58.94634017117426,0.0915857576647111,57.286880972107554,0.0076029250682758,0.0035407506613825,274.8204135466026,0.1364927814897269,0.0118289437783,0.732031096825,0.276392011143,0.491798189874,2127.73276217,491129.600011,529.337989383,8.38274397242,25368.8184092,8102.54663908,1162.90477278,8.08015715392,1864211.90036,2.47982595747e+16,-0.0020740373736000024,-0.00103880673235,-0.006107006981499999,-0.009800435971099999,5.53334213722,538.327016139,29.869526763,3512.5831677,300.073402238,15.1041735136,43.9028551765,0.288125784848,0.68384192208,310.009568576,22.2249704353,188.261861205,16.1670217949,152.906053771,100.055802093,3.24417043046,0.0767337301003439
6.457307549514931,40.529902766796894,210.2778834186037,0.504408613344114,1.6928824727250622,0.8316545565721573,0.4626454986254791,-0.9614583733119312,0.0051819691727418,-0.0020503490743389,1.053665538566964,1.061877430993914,0.7110671911883464,0.9932363687579288,0.7403172308401107,2.1069597435295586,1.7714309516929871,0.8829983890254063,0.8984306809429182,1.6883192644754077,-0.058145425658282,0.0001311928978202,0.0009344696097233,2.236803371661121e-05,0.0001747217594472,-0.0002590308598694,0.001686142414702,0.0010568269885356,0.4708335730972475,-0.0284997523468739,-0.0186296523816379,0.1450126797116191,0.0009433586431787,0.1270568963529131,-0.0253658987113229,0.7895659773953656,479.0653323803815,0.0384985088844862,0.0326087262674376,0.1534803541341193,0.4053966026049939,0.0775059417324618,1158.512567139927,0.4335009319867084,0.8095171197717038,44.39847802714929,-2.0737975859828945e-06,-8.645803362844062e-06,-0.1416625391145661,0.8705552142754307,0.9301775159626676,-0.0207379758598289,-0.0864580336284406,278.5773595926988,864.2777849778561,424.7903778725037,22.371811739618263,75.39506268863461,28.864662153669272,2.6867317585651764,6.565845895967907,0.3102989149244084,0.4440435614919631,0.0610243708224855,0.6103108722706881,0.696034588026903,0.013788888826888,0.0294469290706127,0.0223770183431519,0.0229542144576347,0.0338835266149588,0.6879828627819786,0.0011124007019855,294.0603402413401,57.45919751362055,0.0996698872001765,53.16481797290263,0.009368972492294,0.0048692167680776,279.11922675204903,0.12591891197888086,0.00834747600559,0.456075248807,0.17966956527,0.159428371382,2147.31872979,496072.226643,560.722502593,8.238520286,23840.3110573,8265.17394217,2059.51408668,8.08890106378,1864333.17891,2.48020142832e+16,-0.001862053573800003,-0.00043685658441,-0.0032859705517199996,-0.007787762205599999,5.90510322948,478.022977521,29.0165064708,3511.33388998,301.322679965,12.5606439332,58.9369807616,0.314980380141,0.971734872163,340.068093061,24.663362476,220.705722159,18.8431227005,185.255463433,165.329621929,8.09437591679,0.03540191759637217
2.5759486884455685,23.72260375886892,155.26685768382197,0.4260278776128778,1.699471418730544,2.94961323362113,0.7344832862685233,-0.5624997554481234,0.0062797533888775,-0.002271134029811,1.2395798952446115,1.0314654392647562,1.129362258269118,1.323496379418733,1.381715579428448,1.3852017393282678,1.5307019080345925,1.0649485643053411,1.0328784079802085,0.8768656486255975,0.0785888003687536,0.0001829466170867,0.0015945652460331,-9.585706947166432e-05,0.0001652092387115,-2.273082972937476e-05,0.0009230374054404,0.0010414098835379,0.4808871572951049,-0.0448900427396817,-0.0247258927556486,0.1353094517093594,0.0009764577513613,0.1474047647976646,-0.0339981756749623,0.765089070004449,422.4877913677637,0.0392575194658199,0.0390798589636742,0.1425533675681601,0.3904350663528882,0.0761618855668889,1385.5666514207385,0.3047746784515099,0.7404328166433857,38.11063590237508,-2.189425873465462e-06,-7.38910533811188e-06,-0.414834045661363,0.7791116086652703,0.7943323239310328,-0.0218942587346546,-0.0738910533811188,371.7327508838643,570.5741791125522,325.5698300091844,25.63326561114779,65.53280080662566,25.456820713060143,0.8667422350131819,9.776442137573124,0.2409731033449516,0.4183990869332397,0.054099084998294,0.7120483144522072,0.3522386083726896,0.0286971947510548,0.0193955882862035,0.0247144773321422,0.0234565989814372,0.027575314464163,0.7168891764615886,0.0011004114880097,298.9370483487191,59.72938298016161,0.0699972086030304,65.29748655481022,0.005819722886729,0.0045453132491343,279.71011725761133,0.14003736690970328,0.0849309019674,0.649068096987,0.423506437773,0.482717029629,2131.75358711,464451.619025,419.52140277,8.33821504513,25420.6541078,5560.70912361,2750.30872989,8.08357931869,1864217.46364,2.47984318038e+16,-0.0020064944998000045,-0.00083030812029,-0.0051740137432999996,-0.014707136918599997,3.91889647021,546.357853204,29.7303657903,3496.20942454,316.44714539,15.2308984493,38.6206328141,0.35148206024,0.630870013079,244.757484595,17.8670532398,148.700368006,13.4188984965,207.185744778,103.358170683,8.17220085058,0.10011112008733528
3.5434691100846365,7.048369294578222,144.1677332905651,1.3381857400152573,1.0893013174577253,5.342285215997571,0.9488066429968895,-0.3384971524945035,0.015783799726184,-0.0034011727530982,0.8700021400928681,0.8958025491222792,0.9926878112316442,1.67600230862285,1.3380399029616932,0.8693502943347842,1.9257494422214565,1.0103490087965652,0.9481198094500712,1.424013394276904,0.0142370796216853,0.0002168017706149,0.0013594392875169,-6.836603774775958e-06,0.0001732686074278,0.0001580955715968,5.048252501888505e-05,0.0009625008581874,0.4939334466852235,-0.049508826743896,-0.0239871691950416,0.12764172116005,0.0010864376442187,0.1017347854494227,-0.0175549794244505,0.8477904442020109,445.1137609069384,0.0353049310103602,0.0340063040965659,0.0879846845095878,0.4713288451298625,0.1978488795007545,1302.423330284586,0.314294514779201,0.6964148514735788,14.1213071974511,-2.78124356359422e-06,-5.758319164347066e-06,-0.4918137790649345,0.7901924620743759,0.6869840962407002,-0.0278124356359421,-0.0575831916434706,407.2950947842966,650.9044087904545,472.6665272333989,26.502910186833493,60.808066202391366,16.14823004989942,0.9529088525068758,6.19131363354478,0.4083836064879073,0.4313967687050977,0.0950495109064321,0.6461901824820383,0.2660779746658147,0.0191337209434405,0.010243560061592,0.0248193133242305,0.0349597183432367,0.0300678786588824,0.6014415906585365,0.001176225038356,296.7360804362517,59.73049751971153,0.0808576278424826,60.58872156947076,0.0059263750709649,0.0039896665086387,277.2073307355207,0.11252824522245782,0.0806680855772,0.530424290479,0.264926834281,0.418427597495,2141.94213985,470377.92277,625.070672056,8.23283105007,25344.0076792,6132.19994478,3004.42904654,8.0958009478,1864273.20372,2.48001574507e+16,-0.0019326601905000004,-0.000617135969292,-0.00420828269077,-0.011139731335699999,4.90480610899,424.945893121,29.0236535598,3448.51245267,364.144117272,15.5076866279,30.6382114253,0.333009894951,0.450031368844,263.042419624,22.6193529127,162.317486444,17.1804459827,194.897559937,64.2105262964,3.51171523876,0.06624619954250588
4.342786137999343,27.010049076215388,135.65122529626285,1.4888996850207996,1.6860580857844163,2.5575553154041133,1.253538834103715,-0.8943295901580504,0.0104113764075216,-0.0005818365639456,0.9949601680141188,1.0297931028415963,0.9924702625328738,0.5077884768267263,1.1847680813860866,0.5999223346823468,-1.2912169456389402,1.1505258603804192,0.9926345093215376,1.2866950599589642,-0.0172511442646056,0.0002095829854362,0.0015505641193078,1.1186491953726992e-05,0.0003203143701045,-0.0002048774319036,0.0007092316620417,0.0011593711655821,0.4647365065345549,-0.0482337722597327,-0.0476479336066673,0.128720787310274,0.0010784030407731,0.1421974009562944,-0.032340565981644,0.8258854596070373,484.6640575171649,0.0444546912726592,0.0432140731671524,0.0536626541097574,0.4455542950719315,0.1574204749920129,1366.2396502648332,0.4296826109772109,0.6723713017962011,44.92225852513947,-1.3047162581341769e-06,-9.407936683180633e-06,-0.470562870995546,0.4352809958999904,0.7020910223438361,-0.0130471625813417,-0.0940793668318063,361.5841799131339,369.9316558869384,318.2482620251176,10.204100570309029,89.77576977166899,22.492657387220024,1.4493183471546205,7.19923601443893,0.2996785658255855,0.4084695838465054,0.0849804056156538,0.7675823202259775,0.4785726591275134,0.0294433989150339,0.0279475102146966,0.0168167629442126,0.0270404180308064,0.0307469487803771,0.7650890491830795,0.0008290117218596,291.34755960919824,57.77624486175819,0.0571435780652944,56.19547680216564,0.0093900005730218,0.0049656637847411,275.69721324080723,0.14714253797240498,0.075868467916,0.535908493302,0.322189052089,0.273858179202,2140.91632985,501289.051122,415.160857727,8.28967324655,28248.0565,3490.44281135,2676.32421947,8.08739070593,1864250.93583,2.47994680555e+16,-0.001911845664800002,-0.0005628674847119999,-0.003930123263709999,-0.011891010444199997,5.30842648348,571.442356645,30.5272470859,3534.42508245,278.23148748,14.7877764858,66.8249981336,0.299820173097,1.13116184151,344.534471943,22.5275671234,207.386927328,16.5067943322,191.873945302,188.802537219,8.40448821608,0.07230026494395259
4.03452176386904,20.86552121069976,110.9931891601698,1.0524442066816286,0.8416545976614102,2.906353095500296,0.9598663429498644,-0.8050512261010865,0.0287210691261403,-0.0003983848980961,0.9244711178950468,1.0177966142731545,0.8919349661185625,0.5117814716539518,0.8772854764773841,1.8269791415423744,1.123228024773526,1.034636700966413,1.0346068332315703,0.682155498769923,0.0253319402723841,0.0002977034348164,0.0018426229980671,-0.0001687997085125,7.576447397468269e-05,-0.0001829846886956,0.0012274400106748,0.0011721813391211,0.4759021638813724,-0.0410530569301714,-0.0224220340917491,0.1329705411968011,0.001000810713849,0.1405941632040959,-0.0197814782174062,0.654286769552321,468.5803826363425,0.0342585526676833,0.0271183135029761,0.1721856446264271,0.2660891017692394,0.0669594434013005,922.5969634180808,0.3303442545340561,0.8315474903262454,47.07468065500909,-1.2086399565915774e-06,-8.012229514828442e-06,-0.3508842821695249,0.8136694886237628,0.7615875767552154,-0.0120863995659157,-0.0801222951482844,157.14553331258304,843.9475451019406,416.4219141685383,14.90133204561361,79.72496381685146,20.22813144496809,0.5568554192693895,9.915691324829227,0.3159117685859136,0.4173164234516797,0.0762548870753098,0.5200697876776469,0.3173611575826438,0.0253473932511081,0.016934159456402,0.018876305601671,0.0149965359205664,0.0273447781685768,0.7715832654562542,0.0008014635921436,292.1344317364775,58.94634017117426,0.0915857576647111,57.286880972107554,0.0076029250682758,0.0035407506613825,274.8204135466026,0.1364927814897269,0.034066820167,0.35066564357,0.150455091857,0.198942047908,2154.8341166,520538.700947,530.620739408,8.38889657813,25375.3792872,8113.93067292,1166.24249147,8.07723737756,1864413.31448,2.48044953972e+16,-0.0017946959150000018,-0.00029203724176500004,-0.00243979306449,-0.010178753370599997,5.58222009737,501.320982302,27.544303406,3520.3369259,292.319644036,15.3236398098,43.9276268851,0.295156621954,0.684440819712,315.115815376,21.8603350312,188.674302412,15.4518955805,156.821225497,100.202333971,9.46563775564,0.05589067264477921
4.906519582128703,7.767052507210478,7.771652258244437,1.6475567878365105,1.8187137317992064,1.8200742864952328,0.791102191603489,-0.7641048419255438,0.0213682819411216,-0.000278464772499,1.1787797363540613,1.1380985361230422,0.9250429952504784,0.5175633617714829,1.358093020000812,0.7847325429375884,1.5797414571367223,0.9936134675526086,1.125014076767803,0.7977809541197066,-0.0163397474552968,0.0002747227176888,0.0012636544484928,-6.353286297364004e-05,8.162046621056653e-05,8.70643779333626e-06,0.0010096921985549,0.0011805551939596,0.4126851859909117,-0.0293413392972774,-0.0456843319849787,0.1445403425200391,0.0010815570220366,0.1212033309616108,-0.0217977329781971,0.7035940493278555,496.3791425617864,0.0403471108295115,0.0467269304735088,0.1651837444222488,0.4898540001733201,0.1034037939692475,1364.2718588929954,0.4307498409504715,0.8287713140797799,20.002114063074124,-1.1458360453022757e-06,-1.5914351751136035e-05,-0.155688988287957,0.4647350202253185,0.9235647952805484,-0.0114583604530227,-0.1591435175113603,268.9808911296865,815.1773685924599,220.13589086118805,23.854849457328804,79.92502277636044,21.122557940864507,1.0475835652437655,11.1267897827411,0.4327709440507452,0.4112781087950293,0.0630955266971918,0.6368129344470788,0.5178121111339191,0.0224974684561581,0.0143099582872312,0.0194252030770269,0.0342313094422106,0.0331243777776764,0.6167779785238051,0.0010192405644804,299.0306470591661,58.62199278970797,0.0128245168429173,62.10679880487929,0.0089142662756607,0.0046748004478706,281.3232447395896,0.10943648952449264,0.291232593781,0.524365198242,0.125815337098,0.383681957949,2142.62206092,475352.952255,281.575747779,8.36175186749,25828.531898,7875.09758088,1995.81542409,8.07829061804,1864294.5938,2.48008196792e+16,-0.001924109872600003,-0.000592969384725,-0.004105866573360001,-0.004845418341500001,6.72334952492,405.529879786,34.3873565801,3421.97999425,390.676575689,15.1000968513,46.6910056948,0.259120443263,0.707618677147,356.803274015,34.8590233634,214.20170186,25.1019696681,203.426437519,106.780311913,3.71583873455,0.056757290688033576
4.658557633212699,14.101416749745248,67.53083697006767,1.639656619018378,0.5577794809056241,7.464286045743403,1.1178575823706214,-1.3907184896437923,0.0144022347721849,-0.0006118053671484,1.015917245773946,0.8665530134483448,0.9988916171833192,0.5625168551606994,1.1394045424999704,1.0007180970700922,-1.0619307881939035,1.0299230546678262,1.0016306739821466,1.4257142094200446,0.0414302415170491,0.0002367439050571,0.0015857167136258,3.857907521918221e-05,5.593293199198721e-05,-0.0002358461481774,0.0014295463048863,0.0011572784859217,0.4887590414393769,-0.0347306812620524,-0.0158242252354945,0.1407571097649907,0.0009785928588498,0.1450552120855552,-0.029683599696559,0.6772987009113055,463.1828706531561,0.0347084020917369,0.0267989643266451,0.1994980030371193,0.4403199257630291,0.0948419061371938,1006.328184442624,0.3487397003393978,0.6667323529463876,48.41299906392338,-1.320411355586942e-06,-6.405119820077885e-06,-0.2455113543675406,0.9126366214675818,0.8705995367098704,-0.0132041135558694,-0.0640511982007788,331.60855487733244,572.1816328795641,280.6292517130183,13.968628766054623,76.71446518010285,13.111190219718898,0.8099574060656974,6.574920445357361,0.155182576822906,0.4232110243592618,0.072741856959446,0.7014014667854432,0.1972807079200244,0.029106694984267,0.0104129555317809,0.0258818938598724,0.0271311687309518,0.0297834487152263,0.701590071934048,0.0011733478062873,293.14230117668194,56.63880568000698,0.0264536717038168,66.0401208440048,0.0088733015282046,0.0041427372738889,277.3594427093354,0.12142212448324889,0.0920520236646,0.363805654916,0.190581464294,0.278600598438,2153.58902963,510651.844336,366.708439586,8.28843442308,25753.142007,5420.97178014,2456.1626883,8.08375057418,1864393.1275,2.48038703664e+16,-0.0018286292061,-0.00036352708874800004,-0.00286968437756,-0.0125643919896,7.05128536715,445.770233778,33.5519336432,3458.16790848,354.488661452,15.6485857341,36.8076938427,0.260928144803,0.510562237907,351.276304831,30.8988896,217.948992638,22.154544088,179.61108314,68.080581847,7.60195729672,0.053690300170278746
3.535958743614455,8.898182795845656,242.88718300432163,0.5251408189258511,1.9309325122520529,2.2740056545837968,0.8085313968090646,-0.7425581774664135,0.0036298447933228,-0.0024779398598632,0.9584979872238908,0.9683044893798106,0.8952646317219125,1.2371700920904916,0.626201667141671,1.1426998162673103,0.6257796716171018,0.8905873627302294,0.9457406116952471,1.243115676908208,-0.025544115724901,0.0002888040851465,0.0009658182630464,-5.8839693780134725e-06,0.0001779661237543,0.0001189486270827,0.0007740636865856,0.001026968921339,0.4621378950657259,-0.0288976441405872,-0.0357866241426971,0.1209178451956781,0.001025068906233,0.1335181183173459,-0.0202961462790231,0.9316731793055724,465.6660314729178,0.0350484136852889,0.0479760670562794,0.191396184385432,0.289237148110986,0.074478411716716,1447.8371075353143,0.3085638648421282,0.6696412040226112,28.333754088656068,-2.2977330899567907e-06,-9.732763116784266e-06,-0.148294069009788,0.6132006378595433,0.5928498327394933,-0.0229773308995679,-0.0973276311678426,380.5490312435746,895.8486020841256,152.71070314376323,21.902325511682594,61.6371550067494,19.89901914750048,0.8515964909008795,4.098468808319256,0.3099577363151795,0.4388205683559859,0.0754130084331091,0.711575787877607,0.5723037269373491,0.0248709489677223,0.0174264195648981,0.0234804507984555,0.0204459444057011,0.0329589002247668,0.7442457891703487,0.0008383620978031,293.7003223485357,58.76752795346842,0.0336634128602718,59.65283310360413,0.007793762434999,0.0047533771752413,278.0695349969158,0.11282308713640181,0.0476763879247,0.574894367833,0.28027451468,0.426962864689,2138.25143859,470505.690172,203.474340946,8.19174192886,23107.7794947,8256.719822,2805.31796502,8.09934223715,1864252.64279,2.47995209011e+16,-0.0019541722354999985,-0.0006755819787990002,-0.00449500590861,-0.011256826822999999,5.27135089511,430.269615959,32.2604341536,3443.36105184,369.295518099,11.225613197,56.0946822433,0.240376094738,0.876590480288,264.612213598,24.1059128394,232.294088141,24.7547982781,177.028111259,132.836392515,5.29195908584,0.06448660598491647
3.381024501581451,13.262429146798103,36.9660729472398,1.6088312734160226,0.8486181486442468,5.000735496055438,1.1100251485725643,-1.0692533389274903,0.0170701749709682,-0.0005368476204228,1.1077795189839332,1.0461578285798494,0.9936286181930744,1.3051710350210848,0.887620045036015,1.461129375655867,1.5003102652621891,1.261336470000237,0.9978738042680274,1.1452021649732311,0.016618097049917,0.0002101272787942,0.0006786367333997,-0.0001790416373842,7.661493756096031e-05,0.000330317911624,0.0017130445865743,0.0011625126806574,0.4473369479000174,-0.0329522519528414,-0.0117963868841554,0.1481100468254218,0.0011779565188477,0.1037275064182373,-0.0323502568948014,0.6486784439723431,476.6656961171973,0.0350727455588045,0.029610553104023,0.081360946168534,0.4145184821112933,0.0517347894003781,1298.8748798790389,0.3896801979344024,0.8188569911941794,44.13380036989356,-1.2811548950690807e-06,-1.158288151249782e-05,-0.2158708658806911,0.9730541967376688,0.9735406555559052,-0.0128115489506908,-0.1158288151249781,353.9443675793592,505.78858016168056,127.17253654035956,26.31866929050385,53.72845061590306,15.495804985057744,0.683782597850818,10.81075745794994,0.3481465702428689,0.4016506811827197,0.0823530348560616,0.597517084776128,0.2699862840195367,0.0109008345862303,0.0154213856667646,0.0300798533802428,0.0206549936360338,0.0308590763192505,0.6552816759180181,0.0010127469006273,297.7002183092719,58.42729315539009,0.0381549445884264,61.950741453005946,0.005800323382987,0.0049930970415121,276.7842614810589,0.11079728827916323,0.117296858398,0.355567822907,0.144216642217,0.257964275808,2154.33810466,483481.835331,163.709328124,8.34630927854,27764.6215329,5050.33846547,2621.65039852,8.08346701823,1864416.03225,2.48045795455e+16,-0.0017889932940000006,-0.00027980292473,-0.00236367472461,-0.007217307883999997,4.39890869615,396.46206874,28.7580700457,3434.84832804,377.808241888,15.9488121225,46.5510639673,0.317178228159,0.722238461096,233.617709459,21.1083940325,202.646996692,21.7484714387,217.867922322,112.712010885,9.05326145759,0.030628980506151177
4.614585813034354,16.46354975713725,19.351357031971865,1.7639011756583474,1.2566436975735462,2.349630733818436,1.3051012300907183,-0.0173725928577235,0.0336542170317369,-0.0024405874287792,0.7555213422102919,0.8055762152142204,0.8735933526783799,1.3659192402172633,1.322140374463391,0.637023007679951,2.3512480076613063,1.0247908711008649,0.953060202217997,1.013913807577963,-0.0576164633548753,0.0002282967758778,0.00143422781016,-5.786706137417861e-05,0.0001034253403965,-0.0002668833794674,-0.0005319884762016,0.0010295771894192,0.4756582379972343,-0.0212533989303635,-0.0221370845808326,0.1060114909580431,0.0011879572784451,0.1083753681462636,-0.0492223338831974,0.7471265439503584,433.2226095573975,0.0382588711930693,0.0267074213908019,0.1815616873772784,0.247253767058282,0.0970432051796951,1385.9082157359308,0.4297253253557791,0.7733038048966471,28.06932582802696,-2.2781710793554983e-06,-8.042720250345705e-06,-0.0208899821727257,0.8179437312875109,0.3841608734126033,-0.0227817107935549,-0.080427202503457,269.64949782968785,785.2045739635919,199.29172846994285,29.26630707662521,80.28154759276228,11.646249797177724,2.340745999340067,8.458212877828528,0.4506441945753804,0.400073741847781,0.057976405964804,0.5343774744602016,0.5568107426706064,0.0156154000489963,0.0147655300964095,0.0307776348378699,0.0180042493242253,0.0307437732361004,0.6081013627440718,0.0011937529109409,296.0644753920576,57.82474455663802,0.0592520218016893,57.85912162407206,0.007107069729653,0.0036408183419193,278.25542235675704,0.13744367695005963,0.345013718841,0.667097171903,0.27781357965,0.455809003349,2130.96739568,489245.252349,260.37367794,8.28428467035,26265.4109132,7544.94526144,1993.50644702,8.08571638172,1864243.30885,2.4799231933e+16,-0.002023897841899998,-0.00088059357903,-0.0054107143954,-0.008460433522300002,6.22858673093,546.378704216,28.2344062588,3523.93979926,288.716770683,14.2746832244,41.0949809948,0.270702312804,0.590281546809,301.828230723,20.3264881421,233.205526753,18.584701013,170.0775689,84.0186244897,6.39587804189,0.06657139799134
