Year,="Run 1: Energy Balance Model.Land & Ocean Surface Temperature[1]",="Run 2: Energy Balance Model.Land & Ocean Surface Temperature[1]",="Run 3: Energy Balance Model.Land & Ocean Surface Temperature[1]",="Run 4: Energy Balance Model.Land & Ocean Surface Temperature[1]",="Run 5: Energy Balance Model.Land & Ocean Surface Temperature[1]",="Run 6: Energy Balance Model.Land & Ocean Surface Temperature[1]",="Run 7: Energy Balance Model.Land & Ocean Surface Temperature[1]",="Run 8: Energy Balance Model.Land & Ocean Surface Temperature[1]",="Run 9: Energy Balance Model.Land & Ocean Surface Temperature[1]",="Run 10: Energy Balance Model.Land & Ocean Surface Temperature[1]",="Run 11: Energy Balance Model.Land & Ocean Surface Temperature[1]",="Run 12: Energy Balance Model.Land & Ocean Surface Temperature[1]",="Run 13: Energy Balance Model.Land & Ocean Surface Temperature[1]",="Run 14: Energy Balance Model.Land & Ocean Surface Temperature[1]",="Run 15: Energy Balance Model.Land & Ocean Surface Temperature[1]",="Run 16: Energy Balance Model.Land & Ocean Surface Temperature[1]",="Run 17: Energy Balance Model.Land & Ocean Surface Temperature[1]",="Run 18: Energy Balance Model.Land & Ocean Surface Temperature[1]",="Run 19: Energy Balance Model.Land & Ocean Surface Temperature[1]",="Run 20: Energy Balance Model.Land & Ocean Surface Temperature[1]",="Run 21: Energy Balance Model.Land & Ocean Surface Temperature[1]",="Run 22: Energy Balance Model.Land & Ocean Surface Temperature[1]",="Run 23: Energy Balance Model.Land & Ocean Surface Temperature[1]",="Run 24: Energy Balance Model.Land & Ocean Surface Temperature[1]",="Run 25: Energy Balance Model.Land & Ocean Surface Temperature[1]",="Run 26: Energy Balance Model.Land & Ocean Surface Temperature[1]",="Run 27: Energy Balance Model.Land & Ocean Surface Temperature[1]",="Run 28: Energy Balance Model.Land & Ocean Surface Temperature[1]",="Run 29: Energy Balance Model.Land & Ocean Surface Temperature[1]",="Run 30: Energy Balance Model.Land & Ocean Surface Temperature[1]",="Run 31: Energy Balance Model.Land & Ocean Surface Temperature[1]",="Run 32: Energy Balance Model.Land & Ocean Surface Temperature[1]",="Run 33: Energy Balance Model.Land & Ocean Surface Temperature[1]",="Run 34: Energy Balance Model.Land & Ocean Surface Temperature[1]",="Run 35: Energy Balance Model.Land & Ocean Surface Temperature[1]",="Run 36: Energy Balance Model.Land & Ocean Surface Temperature[1]",="Run 37: Energy Balance Model.Land & Ocean Surface Temperature[1]",="Run 38: Energy Balance Model.Land & Ocean Surface Temperature[1]",="Run 39: Energy Balance Model.Land & Ocean Surface Temperature[1]",="Run 40: Energy Balance Model.Land & Ocean Surface Temperature[1]",="Run 41: Energy Balance Model.Land & Ocean Surface Temperature[1]",="Run 42: Energy Balance Model.Land & Ocean Surface Temperature[1]",="Run 43: Energy Balance Model.Land & Ocean Surface Temperature[1]",="Run 44: Energy Balance Model.Land & Ocean Surface Temperature[1]",="Run 45: Energy Balance Model.Land & Ocean Surface Temperature[1]",="Run 46: Energy Balance Model.Land & Ocean Surface Temperature[1]",="Run 47: Energy Balance Model.Land & Ocean Surface Temperature[1]",="Run 48: Energy Balance Model.Land & Ocean Surface Temperature[1]",="Run 49: Energy Balance Model.Land & Ocean Surface Temperature[1]",="Run 50: Energy Balance Model.Land & Ocean Surface Temperature[1]",="Run 51: Energy Balance Model.Land & Ocean Surface Temperature[1]",="Run 52: Energy Balance Model.Land & Ocean Surface Temperature[1]",="Run 53: Energy Balance Model.Land & Ocean Surface Temperature[1]",="Run 54: Energy Balance Model.Land & Ocean Surface Temperature[1]",="Run 55: Energy Balance Model.Land & Ocean Surface Temperature[1]",="Run 56: Energy Balance Model.Land & Ocean Surface Temperature[1]",="Run 57: Energy Balance Model.Land & Ocean Surface Temperature[1]",="Run 58: Energy Balance Model.Land & Ocean Surface Temperature[1]",="Run 59: Energy Balance Model.Land & Ocean Surface Temperature[1]",="Run 60: Energy Balance Model.Land & Ocean Surface Temperature[1]",="Run 61: Energy Balance Model.Land & Ocean Surface Temperature[1]",="Run 62: Energy Balance Model.Land & Ocean Surface Temperature[1]",="Run 63: Energy Balance Model.Land & Ocean Surface Temperature[1]",="Run 64: Energy Balance Model.Land & Ocean Surface Temperature[1]",="Run 65: Energy Balance Model.Land & Ocean Surface Temperature[1]",="Run 66: Energy Balance Model.Land & Ocean Surface Temperature[1]",="Run 67: Energy Balance Model.Land & Ocean Surface Temperature[1]",="Run 68: Energy Balance Model.Land & Ocean Surface Temperature[1]",="Run 69: Energy Balance Model.Land & Ocean Surface Temperature[1]",="Run 70: Energy Balance Model.Land & Ocean Surface Temperature[1]",="Run 71: Energy Balance Model.Land & Ocean Surface Temperature[1]",="Run 72: Energy Balance Model.Land & Ocean Surface Temperature[1]",="Run 73: Energy Balance Model.Land & Ocean Surface Temperature[1]",="Run 74: Energy Balance Model.Land & Ocean Surface Temperature[1]",="Run 75: Energy Balance Model.Land & Ocean Surface Temperature[1]",="Run 76: Energy Balance Model.Land & Ocean Surface Temperature[1]",="Run 77: Energy Balance Model.Land & Ocean Surface Temperature[1]",="Run 78: Energy Balance Model.Land & Ocean Surface Temperature[1]",="Run 79: Energy Balance Model.Land & Ocean Surface Temperature[1]",="Run 80: Energy Balance Model.Land & Ocean Surface Temperature[1]",="Run 81: Energy Balance Model.Land & Ocean Surface Temperature[1]",="Run 82: Energy Balance Model.Land & Ocean Surface Temperature[1]",="Run 83: Energy Balance Model.Land & Ocean Surface Temperature[1]",="Run 84: Energy Balance Model.Land & Ocean Surface Temperature[1]",="Run 85: Energy Balance Model.Land & Ocean Surface Temperature[1]",="Run 86: Energy Balance Model.Land & Ocean Surface Temperature[1]",="Run 87: Energy Balance Model.Land & Ocean Surface Temperature[1]",="Run 88: Energy Balance Model.Land & Ocean Surface Temperature[1]",="Run 89: Energy Balance Model.Land & Ocean Surface Temperature[1]",="Run 90: Energy Balance Model.Land & Ocean Surface Temperature[1]",="Run 91: Energy Balance Model.Land & Ocean Surface Temperature[1]",="Run 92: Energy Balance Model.Land & Ocean Surface Temperature[1]",="Run 93: Energy Balance Model.Land & Ocean Surface Temperature[1]",="Run 94: Energy Balance Model.Land & Ocean Surface Temperature[1]",="Run 95: Energy Balance Model.Land & Ocean Surface Temperature[1]",="Run 96: Energy Balance Model.Land & Ocean Surface Temperature[1]",="Run 97: Energy Balance Model.Land & Ocean Surface Temperature[1]",="Run 98: Energy Balance Model.Land & Ocean Surface Temperature[1]",="Run 99: Energy Balance Model.Land & Ocean Surface Temperature[1]",="Run 100: Energy Balance Model.Land & Ocean Surface Temperature[1]"
1750,0,0,0,0,0,0,0,0,0,0,0,0,0,0,0,0,0,0,0,0,0,0,0,0,0,0,0,0,0,0,0,0,0,0,0,0,0,0,0,0,0,0,0,0,0,0,0,0,0,0,0,0,0,0,0,0,0,0,0,0,0,0,0,0,0,0,0,0,0,0,0,0,0,0,0,0,0,0,0,0,0,0,0,0,0,0,0,0,0,0,0,0,0,0,0,0,0,0,0,0
1751,0.0345086397629,0.0380162471457,0.033215505151,0.0302247658103,0.032193608942,0.0382209966032,0.0392455988771,0.0282474541693,0.0490893934378,0.0261708845462,0.0381542934571,0.0489282811752,0.0334609158435,0.0305835698439,0.0428203656352,0.0473900517515,0.0414436079676,0.0403575498175,0.027168317465,0.0293154020844,0.0375071853657,0.0295254817674,0.0345073874072,0.0237717187961,0.0330338707333,0.0238328902611,0.0451532533685,0.0497624715449,0.0555296569982,0.0531524431916,0.0232205041082,0.0329000093496,0.0425232296492,0.0317581749845,0.0249183439548,0.0287443719658,0.0532507426333,0.0325910609215,0.0449142521241,0.0386590135793,0.0375980175848,0.0282980472452,0.0308101244491,0.0402033598441,0.0268395865787,0.041073010544,0.0429355763824,0.0304929743259,0.0457768766215,0.0509316992232,0.0328920562242,0.0384618100332,0.0342231700242,0.0424717405827,0.0476939447488,0.0337228413639,0.0363335251096,0.0450145868811,0.0387869752906,0.0292783087901,0.0499442865119,0.0306788588005,0.0418033916544,0.04147692813,0.0402624185678,0.0378755149312,0.0217939708329,0.0315275320571,0.0344014675433,0.0287363305913,0.0310970480569,0.0360520948173,0.0462662951416,0.0414223075119,0.0279206327608,0.0303766075615,0.0486412562122,0.0261491516416,0.0349994363234,0.0490635519117,0.0350437138567,0.037291486456,0.0478624379346,0.0317217448499,0.0431482288598,0.0353715201457,0.0209193913949,0.0224458033776,0.029614204734,0.0402406736094,0.0355925227438,0.0424820953333,0.0405061973502,0.0415676173309,0.0345832526495,0.031330290628,0.0313608608454,0.0403453538262,0.0430598105134,0.036278293201
1752,0.0470354897229,0.0542951939264,0.0497314887293,0.0413567104687,0.0441262946517,0.0510163329688,0.0463101070985,0.0383905624216,0.0517793387953,0.0389029543821,0.0476536382761,0.0623496287983,0.0512069573997,0.0471185354747,0.0575735044026,0.0565407237487,0.0520273670444,0.0482509440265,0.0441422515949,0.0406539174884,0.0494757139662,0.038762096011,0.0483895807417,0.0378962537651,0.046069130777,0.0374073098087,0.0578510878201,0.0714308617173,0.065353369104,0.0704756352642,0.0301743538992,0.0494928552579,0.0613246015028,0.0435115643511,0.0402784212595,0.0443936468775,0.0714746855815,0.0455941547139,0.0554016441381,0.0491627762523,0.053968235789,0.0384152124463,0.0484197262426,0.0496208931308,0.0371357904529,0.047884407715,0.0568341381216,0.0421262562532,0.0623397269652,0.0678575981801,0.0481376160436,0.0522789121428,0.0506812882773,0.0567847690199,0.0605980502095,0.0543176049872,0.0439588578516,0.0623033059865,0.052112266352,0.0417775730684,0.0542635735956,0.0440266328319,0.0560263046464,0.0551446981596,0.0489886249468,0.0520575913939,0.0237387599662,0.0454123770943,0.0519527315884,0.0385311515635,0.0482139140232,0.047715485267,0.0617950067664,0.0491563617038,0.0444943495586,0.0364770130183,0.072209198957,0.0349570060652,0.04124833975,0.0675312126973,0.0466138130536,0.0441265317287,0.0646115137056,0.0516154546191,0.0586804308517,0.0390345051731,0.0330165962559,0.0322529504297,0.0486223180384,0.0541515406924,0.0541596472018,0.0477404503428,0.0536610500924,0.0534761271131,0.0471664737771,0.0445271091636,0.041161013562,0.050251454067,0.0543204133328,0.0503189385811
1753,0.0504688333002,0.0589642955777,0.0548609019585,0.0426615232535,0.0465013337133,0.0542938037279,0.0436241020473,0.0420108403684,0.0470751713502,0.0440717625968,0.0476149729266,0.0613122442682,0.0578495373697,0.0547462346445,0.0573088719776,0.0568870177687,0.054022642752,0.049068529301,0.0521631073681,0.0410825528365,0.0532676612257,0.0410248355095,0.051508202699,0.0446847840967,0.0503538671627,0.0435973923359,0.0572004381651,0.0760431994419,0.0583180119068,0.0721917377004,0.0315285370679,0.0562851976714,0.0647568527733,0.0445344643388,0.0485310058586,0.0502977053808,0.0746520615372,0.0486911858469,0.0545823154868,0.0498708363491,0.0583071332129,0.0394921511226,0.0563674758912,0.0483844973859,0.0398728976341,0.0462367514853,0.0567437513741,0.0429828957609,0.062949594365,0.0693709361202,0.0546179060179,0.0532724901599,0.0565175241958,0.057428459717,0.0582173046529,0.0649680218231,0.0453603217168,0.0651745668008,0.0566045525405,0.0453804232501,0.053241574934,0.0496230203482,0.0578263654103,0.0549353266222,0.0471534849764,0.0552599517141,0.0235818237723,0.0504334659883,0.0577201708135,0.0399053458894,0.0557079776189,0.0504467351195,0.0641518423631,0.0471853853057,0.0519422190756,0.0373424282699,0.0790080468044,0.0373841996913,0.0385499861883,0.0708902134286,0.0490120508392,0.0426175896655,0.0681592085582,0.0613378708033,0.0612416053942,0.034223037527,0.0398151104622,0.0355650682903,0.0589281320935,0.0545420854942,0.0594415504789,0.0456391405332,0.057831778431,0.0529023921561,0.0505881360363,0.0483596564284,0.044682714424,0.0492196899659,0.0576848892584,0.05320860889
1754,0.0301578611263,0.0383557557851,0.0364838847635,0.0232148208422,0.0275874309162,0.0323050968421,0.0199434387336,0.0270053114156,0.0139014079614,0.0277975226195,0.0239554446836,0.0327886878567,0.040502780921,0.0394797458022,0.0309128466309,0.0268374486928,0.027186014408,0.0227919958431,0.0418332683932,0.0235375832879,0.0275508058952,0.0195940318853,0.0297750194957,0.0348644018683,0.0294095736766,0.031620895698,0.0300744573222,0.04670365083,0.0200315653253,0.0400687674192,0.0186973989842,0.040660342047,0.0437169790643,0.0251736395029,0.0367390602899,0.0359783351638,0.0381100537954,0.029118928784,0.0242796926876,0.0228596657408,0.036147594848,0.0217524597189,0.0413094815589,0.0216355388799,0.0229593856509,0.0179227152326,0.0303367605054,0.0240084151301,0.0347757854094,0.0381320787395,0.0375361253289,0.0296133115464,0.0365262648589,0.0298617820879,0.0270637165951,0.0495407916973,0.0188536096314,0.0372679795707,0.0365290151815,0.0281885835535,0.0170020815662,0.0330682834499,0.0336596469159,0.0285885393313,0.0211069202789,0.0302375528731,0.00682620726768,0.0306779855286,0.0395311398653,0.0222783834486,0.0396383476799,0.0298403047287,0.0403388072141,0.0202780059105,0.0396171950355,0.0151432054066,0.0517099936354,0.0228102752647,0.0151400484657,0.0383687198899,0.024434740958,0.0177623400843,0.0398901963497,0.0492075710598,0.0352603150982,0.0117031370582,0.0284526991411,0.0214866432863,0.0470360652405,0.0287932973269,0.0422359976433,0.0146850392427,0.0365425211819,0.0256898356517,0.0289248916019,0.0296769034403,0.0290724504801,0.0243200570287,0.0318118336673,0.0314429623187
1755,0.0103600862968,0.0145576724384,0.0121108993136,0.00310353395406,0.00808065913555,0.0118894000333,0.00169334957817,0.0124672967731,-0.0024280595264,0.00866454006569,0.00479595084399,0.00588078736406,0.0161833029495,0.018647802477,0.00297060833373,0.00685270878096,0.00714866036124,0.00633944044664,0.0228917804081,0.00332594731919,0.00749153578952,0.00248740509978,0.00664606984004,0.0186619064273,0.00892725840542,0.013941555533,0.00533940239615,0.011845187559,-0.0104302252839,0.00963502343577,0.00703754060169,0.0195215464256,0.0165013551097,0.00439521345503,0.0179041626842,0.0150064069655,0.00476984026569,0.00824362229675,0.00112192568079,0.00155702325424,0.0106209190003,0.00372881246698,0.0187293258455,0.000397068548131,0.00615049624783,-0.000044049435297,0.00407590638055,0.00296846414699,0.0045723420955,0.00754810743208,0.0171215247637,0.00472454117734,0.0121729320857,0.00253576575228,-0.00137222886248,0.0247154549809,0.00342479257385,0.00765837323447,0.0172026246628,0.00916712283635,0.00349906314678,0.0147650613741,0.00947358798117,0.00202255216141,0.000691838178199,0.00569312629682,0.00120043816068,0.00921666622674,0.0147267138059,0.00512063158981,0.016939735523,0.0112032740943,0.0151998089683,0.000414329049747,0.019419908553,0.00218734705862,0.0163001163812,0.00937611194571,-0.00210948077755,0.00534329138685,0.00321480744665,0.000491925142448,0.0116871403458,0.0271781423884,0.00910199537747,-0.00378805831539,0.0131051172196,0.00615745944276,0.0257863812019,0.00241136560707,0.0167852888871,-0.00176141461357,0.0168978307481,0.00119314065183,0.00854477135906,0.00898930038714,0.0154536952405,0.00314828434704,0.013337573639,0.00831908428264
1756,0.0116052736104,0.0121077212636,0.00625797295812,0.00246478500529,0.00766535182646,0.0134218049834,0.00295780267633,0.0121336011065,0.00548796316036,0.00921859681576,0.00761855690314,0.00299425501804,0.0102453294583,0.0167267651105,-0.00161654023761,0.00899765761323,0.0101544376246,0.0123039100372,0.0142883722788,-0.0019103932739,0.0159815953759,0.00879128515141,0.00672103488968,0.0136324199753,0.0125193446488,0.0103168461303,0.0054993443439,0.00584070538008,-0.00824543857091,0.00258813270949,0.00401915479087,0.0151327691845,0.00659243920835,0.00192436275829,0.0144522592209,0.00864204061486,0.0108122839108,0.00807146129587,0.00708208395298,0.00787798072532,0.00845879820123,0.00337107844513,0.0134959541617,0.00428469969423,0.0079147860311,0.00744198324119,0.00221872314529,-0.000599641834553,0.000198703732053,0.00712927856801,0.0150171435813,0.00221784808483,0.0104656848587,0.00197146433401,-0.00164520356814,0.0192968318906,0.0133797014324,0.00629112899184,0.015988807335,0.00905875890887,0.0161482491488,0.0145641065246,0.0083939347263,-0.000202680562408,0.00397262020555,0.00838487930657,0.00785007966216,0.0106627931604,0.00828395188538,0.00564931114279,0.0130239305921,0.013260960252,0.00989766076555,0.00336400799379,0.0122985296006,0.010217179332,0.0081252244453,0.0108155230119,0.0012724403413,0.00640062039734,0.00885995359363,0.00528296526713,0.0104481344597,0.0181921492425,0.00933688728098,-0.00165045081271,0.0139422318629,0.0070458203051,0.0195956856753,0.000386954802984,0.00542975747195,0.00868109614061,0.014668226298,0.00263758029671,0.0119967564856,0.00827004118156,0.0153906219189,0.00407431872421,0.0184273391547,0.00736404842804
1757,0.0210132557447,0.0207336212914,0.012269567392,0.0109641016158,0.0158786457201,0.0230392324944,0.0113303027276,0.0176733295057,0.0175621126109,0.0187220791618,0.0176870812431,0.0115151355298,0.0163716653685,0.0254095725666,0.00679538758451,0.017899419555,0.0199839021863,0.0228649563773,0.0149087461733,0.00254705497929,0.0310523388771,0.0207196068714,0.0174146849402,0.0167417146144,0.0247371804506,0.0155982230397,0.0163906813493,0.0164991603579,0.00648395711628,0.00948881443965,0.00590563791012,0.0207653644158,0.00977550396133,0.00913922123333,0.0206550737199,0.0126492832164,0.0304296390644,0.0174108806532,0.0213435137289,0.0217360024883,0.0183784292277,0.011232677204,0.019648427311,0.0161692492323,0.0168981865179,0.020100103674,0.0122710041029,0.00569553410984,0.01003464659,0.019944429595,0.0220788315258,0.0111679811831,0.0205131870487,0.0135230922284,0.0105247234003,0.0266468787978,0.0264866063512,0.0184700705475,0.0224293054672,0.0179383622397,0.0300888711897,0.0222274274815,0.0179095479641,0.00961118601508,0.0150775855594,0.0215560901978,0.0144740145359,0.021584616937,0.0140873282678,0.0135714266392,0.0204854836368,0.0227920290745,0.0153043451797,0.0132058277907,0.0152024494715,0.0209064413168,0.0171432713806,0.0177041750973,0.0109619883333,0.0218403019797,0.0224976734397,0.0157006712984,0.0208353440324,0.0202077394305,0.0212425693022,0.00644991683809,0.0225493352043,0.0148637248016,0.0244015501005,0.0104058820758,0.00621294994722,0.0225297781035,0.0203274585279,0.0143416186015,0.0238661760893,0.016870500473,0.0206484646652,0.0134060789329,0.0295032746581,0.0168107995709
1758,0.0328537189007,0.0344030044416,0.0243227949111,0.0224771738807,0.0274288469993,0.0356270115113,0.0244479550194,0.0265584510063,0.0328957356319,0.0291050941604,0.0305334131076,0.0276450589806,0.0286215556475,0.0377086344662,0.02252901827,0.0320806448221,0.0327367210086,0.0350372618007,0.0227012898831,0.0132762482772,0.0438965833473,0.0306208124419,0.0308290965582,0.0247459730685,0.0371656181122,0.0245826459284,0.0326724057421,0.0350609228528,0.0269485507227,0.0272963323782,0.0126148878818,0.0318341381207,0.0237022265299,0.0210137232981,0.0301894997028,0.0227030657235,0.0503045580448,0.0296858683894,0.0368710831923,0.0351813354628,0.0327189985026,0.0220666970374,0.0310583448384,0.0301518090009,0.026895473931,0.0333146241618,0.0281523432515,0.0169977066488,0.0272748099782,0.0380438106822,0.0331731302106,0.0254497949798,0.0339574614283,0.0293328690154,0.0282525207824,0.0393536583201,0.0373467019313,0.0354334586551,0.0340179975606,0.0294813305188,0.0443883782537,0.0325605990334,0.0325413305401,0.024994718182,0.0291181898056,0.0358021390596,0.0204231986633,0.0333931390772,0.0266127355837,0.0239560094118,0.0323870399571,0.0350621525722,0.0292475743561,0.0263764479638,0.0243863527834,0.0299124875541,0.0349063036933,0.0266379671283,0.022997910673,0.0400589972306,0.0350934003171,0.0277995570238,0.0364481074809,0.0300769811727,0.0372582459229,0.0187465941285,0.0315825387564,0.023541907901,0.0349182765047,0.0255412768649,0.0169923902062,0.0355843216772,0.0323317249232,0.0294193982635,0.0365700141903,0.0282923328347,0.030149033985,0.026953791569,0.0429156569972,0.0300494307347
1759,0.0462694994518,0.0514449669088,0.0401312253228,0.0353632752244,0.0410762798554,0.0504775737492,0.0409394671874,0.0381481639646,0.050228311015,0.0387409977406,0.0453759888061,0.049410607399,0.0447204506199,0.0517066956461,0.0429856279486,0.0499738921598,0.0475449742685,0.0486546655032,0.0365770151355,0.0282997301344,0.0549433996742,0.0386874409509,0.0451557866401,0.0364146558824,0.0489301799757,0.0355129450574,0.0525868192301,0.0583212430902,0.0504433891114,0.052472155921,0.0229927464058,0.046934808464,0.0463536025499,0.0357250497448,0.0410397917417,0.0369344629244,0.06894185649,0.0434073306797,0.0530379767842,0.0479230301081,0.0493201820583,0.0344469379788,0.0455501717794,0.0453294233029,0.0370025476738,0.0470276798983,0.047680371914,0.0313403760684,0.0490937166366,0.0594031776074,0.047015498282,0.0429510148287,0.0485871266386,0.0472849892258,0.0491680544404,0.0548940849742,0.0470652591444,0.0548270962446,0.0499346947597,0.0422111431315,0.0592756903738,0.0446692882788,0.0507386723105,0.043668458452,0.0450347894067,0.0497258986179,0.0262067181046,0.0447111739267,0.0435595438113,0.0357865871551,0.0465073711205,0.0494307603356,0.0502381069852,0.04190373189,0.0382109648196,0.0381080475991,0.058097714246,0.0371823091142,0.0364557467229,0.0587632558301,0.0461959202151,0.0410992446689,0.0557567997353,0.046310039949,0.0556405803742,0.0336167749274,0.0394640461853,0.032002271942,0.0491730595706,0.0435006116302,0.0359957277218,0.0483829177574,0.0494565063381,0.0462894084477,0.0493238600792,0.0410994463056,0.0433093662047,0.0434574257245,0.0584244295333,0.0454413578699
1760,0.058411702862,0.0677012431167,0.0554815047009,0.0465300537021,0.053539306896,0.0641580323797,0.0553587194559,0.0494847417877,0.0638658652166,0.0465166078221,0.0583444605118,0.0696764332355,0.0606060677865,0.0648588130085,0.0617933584286,0.0659512053985,0.0605718917572,0.0603512936378,0.0526005075007,0.0427426453065,0.0636880892519,0.0446548153601,0.0575032781462,0.0488736307316,0.058675598552,0.0460277857751,0.0704127730337,0.0800393252433,0.0693391742748,0.0766618273324,0.0334820190319,0.0623481127695,0.070279539634,0.0491548836931,0.0512193166456,0.0514995867634,0.0836961126569,0.0556341436073,0.0662690390193,0.057993472141,0.0643882977758,0.0453427877235,0.0598216893592,0.057920284798,0.0455584438064,0.0580257170753,0.0652144876553,0.0445142694045,0.06904426313,0.0784519569724,0.0604882782221,0.05880628725,0.0615866213586,0.062800878691,0.0671008342405,0.0700794847971,0.0546762979481,0.0720095278956,0.06578028832,0.0535990048352,0.0711009314555,0.0561286142046,0.0675785849933,0.060263865507,0.0584647554227,0.061129071341,0.0307092115661,0.0540609627192,0.0603710314836,0.0462911221389,0.0598684619888,0.0626245810183,0.0714391897986,0.0550963447404,0.0529965638589,0.0445499698161,0.0804719404257,0.047001675154,0.0474463171294,0.0742741377079,0.0547565041654,0.0520814400316,0.0736926105175,0.0645575962937,0.0720852844698,0.0457382653823,0.0457474440622,0.0390512804526,0.0639850580628,0.0593425519972,0.0569960230827,0.0582197057781,0.0665905681526,0.0606086165618,0.0601709817274,0.0526120614446,0.0564908554432,0.0580265763769,0.0725013430848,0.0593488983109
1761,0.0664871720367,0.0790291342366,0.0661644744991,0.05317669052,0.0616832240967,0.0733506572884,0.0633838963797,0.0576821747992,0.0701317951714,0.0514777630695,0.0660741130462,0.0820810911915,0.0721417145669,0.0746479938316,0.073124493078,0.0755326057455,0.0685319614868,0.067355625614,0.0660297762418,0.051957144643,0.0692977091429,0.0480122481227,0.0652130892634,0.058896567764,0.0650109922763,0.0537790875705,0.0811355402195,0.0942293385358,0.077751356478,0.0923014308542,0.0408080540026,0.0740805190793,0.0877007914315,0.0574907847852,0.0588401361755,0.062352532286,0.0920803183219,0.0635750624964,0.0734891971393,0.0635318469504,0.0743117133144,0.051999551099,0.070502936629,0.0647210421844,0.0509594573398,0.0637362387895,0.0756860039037,0.0526073697165,0.0812090852746,0.0900689610198,0.070394538618,0.0685383219165,0.0703172406951,0.0717763170398,0.0767958487754,0.0816930622282,0.0590992342062,0.0826805548627,0.0772748101036,0.0612455826718,0.0773968511137,0.0644368850744,0.0784503260547,0.0699674303015,0.0658061651935,0.0679526090889,0.0331375942228,0.0600174269065,0.0724089438863,0.0528904136338,0.06954544647,0.0715247399925,0.0862214793711,0.0621649009138,0.0646596130163,0.0482480408887,0.0958399174278,0.0538312811605,0.0529089621087,0.0832271223126,0.0596522154814,0.0579037812757,0.0854088508328,0.0797027870103,0.0825719623589,0.051331435327,0.0501960548068,0.0435681276611,0.0759041389783,0.068623170876,0.0730581154673,0.0630167247214,0.0789163462875,0.0685832019035,0.0671744229969,0.0602288114607,0.0662729765164,0.0664559235834,0.0819919236518,0.0683120702883
1762,0.009341905616,0.0248293909511,0.0195658497272,0.00491672651093,0.0128424663721,0.0123355934558,0.0105737141661,0.015372783886,-0.0122019563552,-0.000573998621735,0.00616420957233,0.0205193938684,0.025342800534,0.0256048311566,0.017602596219,-0.00158273691359,-0.00526104188927,-0.00588564181145,0.0388121893291,0.0173404180263,-0.0111847596347,-0.0170965758353,0.00689284313915,0.0293665480502,0.0012176325661,0.0165135392799,0.0189781208137,0.0232407847752,-0.00359346941189,0.0217939470799,0.0116799346334,0.0298001097417,0.0485480805876,0.0131736068799,0.0160222485306,0.0252466757213,-0.0101990560489,0.0111437189153,-0.00506923578544,-0.0109695946122,0.0156920962837,0.00854363150455,0.0247811377762,-0.00193750512995,0.00248168861881,-0.0109428963764,0.0163310762416,0.0105286400021,0.0196839261761,0.0132677545715,0.0188044787639,0.0140168712211,0.0122366460593,0.00526995474028,0.00788059233598,0.0287529512304,-0.0207006331051,0.0122546077563,0.022417891394,0.0138481737059,-0.0255287223702,0.0131949047328,0.0196839647278,0.0107960938089,0.00315565541892,-0.00255818942892,-0.0161003655839,-0.000983438187849,0.0266655434885,0.00766419492711,0.0202299244745,0.0150275141361,0.0335604357764,-0.0032894732361,0.0302372555756,-0.0177501569842,0.0278257773541,0.0131280398297,-0.00248519140054,-0.00429510465632,-0.0120100122086,-0.0053975820623,0.011590277381,0.0452475191969,0.0161066038794,0.00348028878987,0.00593986432249,0.00127403280929,0.0342734836605,0.0092726961704,0.039718627652,-0.0210716769121,0.0233025556246,0.0028570915757,0.00411676627531,0.00829818417816,0.0234468007723,0.00778901515584,0.00667617139524,0.0119881790478
1763,-0.0447593510575,-0.0365718083979,-0.0406225988393,-0.0447311408502,-0.0369169662348,-0.0427694315196,-0.0288909185526,-0.0232446345599,-0.0478453499314,-0.0579306762813,-0.0414208983726,-0.0372680289497,-0.0372334710754,-0.0361333240473,-0.0428487168505,-0.0472693154085,-0.0566540490118,-0.0494050613717,-0.00724631807099,-0.0244963379847,-0.0735926039516,-0.0681423018352,-0.0540500542579,-0.0145996315198,-0.0595909508217,-0.0335004588405,-0.0380432165258,-0.0606859648999,-0.0680070957288,-0.0405049116723,-0.0118371291371,-0.0265189979369,-0.00579834556294,-0.0349676191114,-0.0425399240819,-0.0268527675782,-0.10176319692,-0.0439340000291,-0.0641518534096,-0.0688395001118,-0.0504677512398,-0.0356273642065,-0.0378285311928,-0.0540804126877,-0.0446107981367,-0.0567083991985,-0.0435067102948,-0.0368849932571,-0.0477245531448,-0.0615319430967,-0.0384727713708,-0.0439257497554,-0.0552498026917,-0.060602741023,-0.0556323275748,-0.0453047816238,-0.0667689494734,-0.0619143392784,-0.0271515356998,-0.0375180630971,-0.0609267404264,-0.0400942887979,-0.0389079860828,-0.0496201276401,-0.0452222072184,-0.0701995163319,-0.0318824762972,-0.0642072296972,-0.034185064489,-0.036070341102,-0.0438919666262,-0.0351344276968,-0.0209078549798,-0.0493294389565,-0.0217420524101,-0.055791422669,-0.0586795133568,-0.0236493709517,-0.0422798115189,-0.0912232197639,-0.0727530065851,-0.0477491212123,-0.0594915495127,-0.0111278931875,-0.0505049862433,-0.0278441791573,-0.0467415434005,-0.0429941902809,-0.0284698790877,-0.0520315875797,-0.0122307894177,-0.0637130155285,-0.0238236530214,-0.0560750947411,-0.054202930664,-0.0473979583157,-0.0113924564788,-0.0412212349702,-0.0450103085731,-0.0470118071474
1764,-0.037325342408,-0.0367699534227,-0.0469105696419,-0.0392157377535,-0.0323782707491,-0.0344226066154,-0.0176999688886,-0.0204785015403,-0.0195936874834,-0.0543909443709,-0.0279212117566,-0.031831357679,-0.045380458963,-0.0403714833258,-0.041405128915,-0.0320441898163,-0.041409013069,-0.0288092140054,-0.0218395259661,-0.0271936819557,-0.0495925558274,-0.0481707212805,-0.0475003570113,-0.0245687288165,-0.0480707004674,-0.0401948476214,-0.0283479211019,-0.0629203279986,-0.0478929161007,-0.0413090428361,-0.0123939261859,-0.0330887426045,-0.0156326405758,-0.0329205312431,-0.051860421453,-0.0358985579861,-0.0772275000818,-0.0392347764687,-0.0410867735761,-0.0462586258619,-0.0489340756171,-0.0303165165806,-0.0473152386687,-0.0363847275951,-0.0368327445909,-0.030920495207,-0.0375496221982,-0.0365315698902,-0.0455544307884,-0.0520836235163,-0.0403837330718,-0.0404349416954,-0.0548686070505,-0.0517084272344,-0.0439811681936,-0.0581660219381,-0.0370737049409,-0.0557756514748,-0.0246272549265,-0.0338105829413,-0.0226436810864,-0.0386285931494,-0.03351115859,-0.0439738500083,-0.0291116326553,-0.057358019122,-0.0122110935304,-0.0575788535582,-0.041841520938,-0.0297434760666,-0.0505869622904,-0.0261098990642,-0.0220862603736,-0.0330579161402,-0.0340515654844,-0.031493961143,-0.0665298718276,-0.0176867613075,-0.0264212096802,-0.0784041835332,-0.0532725820736,-0.0288150540553,-0.0530445488979,-0.0275365949772,-0.0425244337761,-0.0151275065039,-0.0474698782687,-0.0383320786332,-0.0434024408283,-0.0463553034967,-0.0258277124257,-0.030030805134,-0.0217672360755,-0.0431415981434,-0.0422078873281,-0.0442531465351,-0.00788266216811,-0.0303166139728,-0.0282440890036,-0.0425452494577
1765,-0.01425557746,-0.0157510522502,-0.0283934448783,-0.016259562894,-0.0121755745849,-0.0123945197112,-0.00181951575515,-0.00810567948178,0.00282477387492,-0.0269730964905,-0.00546393551384,-0.0133132911807,-0.0272144569537,-0.0188297175675,-0.0201648285262,-0.0129091806889,-0.0170341152949,-0.00545611113609,-0.0178005374749,-0.01503836883,-0.0108636863725,-0.0151116722943,-0.0185177371476,-0.0165369816969,-0.016362818738,-0.0249305855287,-0.00461565164003,-0.0328638389537,-0.0150046381884,-0.0240637545555,-0.00807006210281,-0.0188273093004,-0.00744322821848,-0.0143717725515,-0.0346355669044,-0.0230994075043,-0.023634904632,-0.0153840111848,-0.0067397584685,-0.0102492996105,-0.0222780311837,-0.0101779853378,-0.029575368697,-0.0081287766713,-0.0133896115734,-0.00187206538891,-0.0134386898912,-0.0191085239157,-0.0202743511998,-0.0205815181378,-0.0222164384891,-0.0175715594955,-0.026817360205,-0.0213809306081,-0.0149345572862,-0.0379616540023,-0.00406808349589,-0.0235750035947,-0.0110939033507,-0.0111079462015,0.00608043764046,-0.019785185703,-0.0114401841083,-0.0189998159045,-0.0042990412836,-0.0214501455378,0.00249907575475,-0.0272095698758,-0.0244188054736,-0.0103738497358,-0.0295665408681,-0.00516975847686,-0.010401477003,-0.010997668516,-0.0244208845937,-0.00471124042813,-0.0391316986997,-0.00279987259745,-0.00481665367312,-0.0349300589976,-0.0160545624048,-0.00515612800141,-0.0263064917397,-0.0205507443402,-0.0135312775113,-0.000782685675044,-0.024684995702,-0.0168537208189,-0.0306645636055,-0.0200848308509,-0.0197591854775,0.0023018971608,-0.00982875510805,-0.0141153911614,-0.012517999274,-0.0210607411805,0.00146038922168,-0.00953817367308,-0.00446240837999,-0.0181118681036
1766,0.0013917931931,0.000401475471983,-0.010458153186,0.000543825414056,0.00183642964706,0.00125642060412,0.00481676052612,0.000518310639938,0.0108020056741,-0.00365183277649,0.00648849298079,-0.00336948264449,-0.00870483831929,0.0015162091477,-0.00510952702221,-0.00229560917005,-0.00164240507153,0.00628209868771,-0.0107169169329,-0.00530391665744,0.0124615871986,0.00521976581551,0.00348556035532,-0.00691013557225,0.00594315465458,-0.00863610348893,0.00893650124956,-0.00749121309839,0.00224196173745,-0.0101313263671,-0.0049761412551,-0.00559112269946,-0.0010053300822,-0.000752846469468,-0.0149124612647,-0.0091466879333,0.0122766719587,0.0021723755615,0.0119169096562,0.0108075315914,-0.000687467880589,0.0040836947129,-0.0102838442223,0.00730688858959,0.00315468003735,0.011790396185,0.00244515760702,-0.00556152710731,-0.00165517143596,-0.0000236202101133,-0.00623735254469,-0.00121447769388,-0.00238335439308,-0.000457871378268,0.00282220431824,-0.0145618777321,0.0128359268088,0.000283411484038,-0.00251209692767,0.00647760006927,0.0177320343435,-0.00483484480209,0.00268216786931,-0.00187143672337,0.00854224557528,0.00398225743823,0.00862086935568,-0.0034089188018,-0.00709473736212,0.00231804451296,-0.00828376452116,0.00727003648731,-0.00406633694573,-0.000224202974367,-0.0122335123314,0.0087499257906,-0.0132702408749,0.0061989900371,0.00577205910438,-0.00317450068438,0.00784074150425,0.00637282461507,-0.00772986893213,-0.00991713292232,0.00618791216305,0.00460457154644,-0.00303414877808,-0.0000738280275869,-0.0138315743385,-0.00139681265717,-0.0123261895549,0.0166207405024,-0.00183287300739,0.00377461305898,0.00725618826638,-0.00295548637109,0.00658000614032,0.00152595406014,0.00887013562327,-0.000239647631316
1767,-0.0171138672297,-0.0165878688502,-0.0207307387026,-0.0125675320249,-0.0138076617328,-0.0207832005647,-0.0166953166495,-0.0146617395582,-0.0229160601767,-0.013791013289,-0.0159971889354,-0.0272050289616,-0.0187567768066,-0.00925296043011,-0.0224389227757,-0.0314892203604,-0.0267844054945,-0.0219715798138,-0.0200043693734,-0.0156176666547,-0.0146057350747,-0.0155057352777,-0.0114780386748,-0.0152459376548,-0.0124722637732,-0.0151106744335,-0.0137459280887,-0.0253767885677,-0.0255937463515,-0.0338287130115,-0.0167566442902,-0.0189074194145,-0.0176586358349,-0.0138572906167,-0.0208946198256,-0.017519808339,-0.0170178336351,-0.0130565548842,-0.0160767404496,-0.0140834381176,-0.0156689992122,-0.0085093105063,-0.0188379443807,-0.0163712266602,-0.0108402815218,-0.0169624298056,-0.0167899048184,-0.0171457659121,-0.0196766653537,-0.0253071262349,-0.0204573579628,-0.0176890760704,-0.0147000763791,-0.0200593700837,-0.0196344558635,-0.0230735434294,-0.0170158438239,-0.0194146719318,-0.024229311224,-0.00615045259497,-0.0248944204871,-0.0201745759017,-0.0179865617189,-0.0199562645988,-0.0145885108806,-0.0154076024359,-0.0117508028015,-0.0181942113871,-0.0175471677035,-0.0125768697656,-0.0174363738414,-0.0137209460028,-0.0266489260591,-0.0250217130443,-0.0205597495067,-0.0162847759704,-0.0286143754926,-0.00899963017715,-0.0147587135189,-0.0261938307561,-0.0139567936544,-0.0175693668017,-0.0316962784483,-0.0200370890595,-0.0150332185524,-0.0142283288662,-0.00969677108797,-0.0103703527021,-0.0217229236741,-0.01854507793,-0.024423887993,-0.0164199152562,-0.0236700344552,-0.0176330391129,-0.0125711259895,-0.0168917280025,-0.0118021289807,-0.0203640342834,-0.0197939203288,-0.0168662275996
1768,-0.0308639838973,-0.0321441165445,-0.0338425865268,-0.0244156227907,-0.0262264276586,-0.0349543496087,-0.022796937167,-0.0231890162995,-0.024357919871,-0.0293203635886,-0.0268470419091,-0.0377689988506,-0.0328845523766,-0.0254149522928,-0.0343237117852,-0.0362314769841,-0.0360250964064,-0.0303507363182,-0.0314879454924,-0.0231550604462,-0.0344241135887,-0.0314916070911,-0.0270418846782,-0.0265773010086,-0.0305102977246,-0.0267286860403,-0.0259617504165,-0.0439638037792,-0.0354954634642,-0.0412854387057,-0.0193937049683,-0.0328402157381,-0.0292870911149,-0.0244177857627,-0.0346691907141,-0.0288463628762,-0.0426610525029,-0.0275606601847,-0.0306340982361,-0.0302235721269,-0.0319172514571,-0.0189269894025,-0.0333053781508,-0.0284498144405,-0.0239377726075,-0.0271424032219,-0.0294335968382,-0.0269799860576,-0.0333609981506,-0.04314183706,-0.0338336694636,-0.03061301157,-0.0316511431684,-0.0355203502383,-0.0322325069113,-0.0403155476606,-0.0297889449754,-0.0374924478493,-0.0354401760083,-0.0195643484132,-0.0284059262715,-0.0338132267769,-0.0318164804075,-0.0328080358538,-0.0247993045193,-0.0341069540262,-0.0139915122504,-0.0356589615526,-0.0306919838261,-0.0238624024258,-0.0326821088041,-0.026825586513,-0.0377577409782,-0.0331707444144,-0.032544664595,-0.026865013094,-0.0473041051614,-0.0187720148932,-0.0223207684003,-0.048624755669,-0.0322309661036,-0.0261926281262,-0.0476300909551,-0.0337312153113,-0.0320858079323,-0.0165797078982,-0.0239418632138,-0.0226809927313,-0.0365942107395,-0.0319806411622,-0.0352689410856,-0.0254958400797,-0.032229280843,-0.0312033292225,-0.0294783596507,-0.0310191730066,-0.0192861716006,-0.0302476299612,-0.0312106759335,-0.0314603408632
1769,-0.00995874158784,-0.0109120785513,-0.0151649592674,-0.0057351265679,-0.00698142119661,-0.011976177097,0.00443652926029,-0.00615737370344,0.012884822559,-0.0159905323845,-0.00152725511291,-0.00535450431941,-0.0150961341019,-0.010890942877,-0.00657239046375,-0.00301947603289,-0.00760842864341,-0.00215512448564,-0.018871546823,-0.00416170477259,-0.0112884771662,-0.0128224789069,-0.00678963440919,-0.0159150628727,-0.0120214746446,-0.0149733110275,0.00353979137508,-0.014493701405,0.00578089023319,-0.00612756221146,-0.00448393736104,-0.0156390895897,-0.00452803184745,-0.00462292936428,-0.0235617154518,-0.0133479629412,-0.00952053505609,-0.00896513609804,0.000211075846744,-0.00446013356128,-0.0105251574705,-0.00122540201975,-0.0180226601178,-0.00085620255917,-0.00834187418986,0.00245087406993,-0.00156971032232,-0.00776644089043,-0.00397837828299,-0.0113139943909,-0.0154813706353,-0.00659860251345,-0.013375650405,-0.00859863074764,0.000434104804453,-0.0247042780131,-0.00385424837391,-0.0104658311877,-0.0126729556858,-0.0031113913663,0.0091143036886,-0.0169224997935,-0.0061008927372,-0.00591045829946,0.00307056550307,-0.0116373224842,0.0026680310001,-0.0184640047843,-0.0114405214748,-0.00646591379393,-0.0171358311624,-0.00508486297182,-0.00946067761243,-0.0038015930076,-0.0188277214872,-0.00533958500133,-0.0194430373921,-0.00329452457451,0.00287149053338,-0.0189832315401,-0.0106107082208,0.000419021428324,-0.0176689744624,-0.0189491972475,-0.00632312492908,0.00989939884257,-0.0149805179557,-0.0105439638951,-0.023578215431,-0.0062360026158,-0.0150180071213,0.00661939188917,-0.00737558789254,-0.00360302222483,-0.00938001167719,-0.0130766924568,-0.000759794859664,-0.00302422836489,-0.00319677510288,-0.00989947585442
1770,0.0189151568886,0.022228716701,0.0166058280798,0.02112053765,0.0204752770913,0.0184732304197,0.033661374102,0.0166210244557,0.044419833216,0.00755125769107,0.0280811881145,0.0348252390731,0.0167241908839,0.0165027310371,0.0317750383085,0.0314152945414,0.0244495964201,0.0266505871968,0.00732350828671,0.0233610090136,0.0181442351838,0.0111939639218,0.0238580894981,0.00592033537904,0.0156561915045,0.00764885790396,0.0403485876008,0.0316513874045,0.0509524201511,0.0392615766507,0.0141208822452,0.014080163302,0.0342581501055,0.0237334529265,-0.0000500296355606,0.0145781835879,0.0360103348803,0.0191374303806,0.0355019303319,0.0267519689222,0.0233354343375,0.0236436921449,0.0112862229295,0.0310662656238,0.0145334363409,0.0322648737305,0.0356173406715,0.0202565926846,0.037402482727,0.0317632659247,0.0135150521638,0.0273806837532,0.017823259888,0.0284344652106,0.0410291569841,0.00735161704459,0.0226264511955,0.0292872937904,0.0175187758016,0.022606020791,0.03971738539,0.00900178840594,0.0289277295803,0.0305899239755,0.0344860997338,0.0210958933491,0.0159755969749,0.00933618089322,0.0215763265011,0.0175249700485,0.012032597305,0.023217136617,0.0286194722991,0.0275782941639,0.00813067650664,0.016527184139,0.0269877334525,0.0172370875617,0.0297732846169,0.0243764187969,0.0184945599963,0.0283483637918,0.0229472053249,0.0116297296204,0.030100387818,0.0355534696887,0.00373681570938,0.00915752131275,0.00456593775426,0.0295030036791,0.0199290183026,0.0361979910887,0.0243235051991,0.0313414604547,0.0190540467473,0.0146745693859,0.0223775635242,0.0290752250293,0.0282855220147,0.0217670873619
1771,0.0393842618474,0.0474487591038,0.0425265719438,0.0396196519589,0.0398351580433,0.039565907935,0.0500696018322,0.0337741493174,0.0588688804283,0.0260106770122,0.0460752663115,0.0609461014677,0.0435779045092,0.039667607805,0.0579971818999,0.0532703754201,0.0455648086512,0.043810087443,0.0323818688404,0.0433061809856,0.0367529707637,0.0262509400988,0.0457870966788,0.0260263653934,0.0351283799605,0.0274825249569,0.0634284962474,0.066571145071,0.0747818401974,0.0722406728066,0.0281964783329,0.0392231254662,0.0648185992129,0.0435967287204,0.0215366443664,0.0387018333243,0.0657260214369,0.0393145675166,0.0557332187843,0.0453429013338,0.0487986799285,0.0406117505257,0.0370974839382,0.0495243040314,0.0305322908262,0.047807578307,0.06018503485,0.0402741563524,0.0660809581459,0.0606461380055,0.0371476931874,0.0508585429145,0.042377921723,0.0530473195744,0.0658151453122,0.0366739165624,0.0374731272413,0.0573671669302,0.0401356064976,0.0415964139452,0.0547118824282,0.0293442748436,0.0530155854298,0.0548777137937,0.0523554677673,0.043618158888,0.0224168377887,0.0302392552975,0.0488774697612,0.0337077069564,0.0370493589298,0.0423420866165,0.0563821471035,0.0454930591646,0.0327794161206,0.0286018673035,0.0643045352481,0.0314337762315,0.0441579351701,0.0544507613388,0.0371048146609,0.0437260940589,0.0519084115788,0.0407530839494,0.0550510621871,0.0480150131847,0.019936647036,0.0238395847617,0.0313669419316,0.0536184383057,0.0499060173951,0.0504776787336,0.0481979013136,0.0531189346271,0.0384234673992,0.0354167601539,0.039443152834,0.0486941991773,0.0489545672721,0.0444529306877
1772,0.0508825875723,0.0618806026264,0.0578981661877,0.0482560946312,0.0498802536361,0.0512785013541,0.0558443953428,0.0445551902744,0.0626083138594,0.0371835731422,0.0539782957493,0.0725974478252,0.060372444203,0.0548529714226,0.0694258847521,0.0644254839244,0.056886900369,0.0524190512843,0.0504549958677,0.0526936954236,0.0465113193205,0.0337319628727,0.0570292258388,0.0402264349592,0.0458340528838,0.0407655065954,0.072947308511,0.0851062003207,0.0800624699243,0.0891872433517,0.0365530795981,0.0558789250828,0.0816346840523,0.0529222292126,0.0370498037997,0.0541706264886,0.0796593389906,0.0498735511125,0.0635537744279,0.0532507613856,0.0626947131424,0.0485127555985,0.054395540578,0.0564619981909,0.0389877637935,0.0532410727753,0.070729658621,0.0497683544035,0.0789860902165,0.0741778356039,0.0526906412716,0.061707896256,0.0568180237887,0.0638401570442,0.0747123945489,0.0574892324161,0.0446142361703,0.0712260227616,0.0542631523758,0.0519420871926,0.0608251695375,0.0424733105082,0.0650056652176,0.0652484772713,0.0587747084833,0.0550003824299,0.0251660780035,0.0425049407947,0.0653421160788,0.0415371097593,0.0534122653963,0.0525723388234,0.071783657551,0.0525101678491,0.0497885509599,0.0341985251741,0.0859189901028,0.0393699949054,0.0485169787963,0.0692860213527,0.0459916780274,0.0495346463409,0.0677980412837,0.0618250606685,0.0671775405878,0.0505342462703,0.0313204116805,0.0321876046566,0.0511354961639,0.0641700900365,0.0682628142746,0.055068130026,0.0630313615434,0.0619513181398,0.0485621903129,0.0471389688279,0.0502768006859,0.0568942772497,0.0607860500376,0.0562783682996
1773,0.0557147219213,0.0675474055863,0.0636842303336,0.0495869129225,0.0529398846661,0.0561073304376,0.0545911632547,0.0499212836562,0.0599049225568,0.0425980009235,0.0551875025492,0.0734716806765,0.0677137920934,0.0629551908063,0.0694814039173,0.0671649966042,0.0607684200165,0.0552768491713,0.0604166056259,0.053355481289,0.0510165352009,0.0366629942234,0.0602677848674,0.0482087873314,0.0505018428887,0.0477256705326,0.0730779255482,0.0900011609931,0.0737281541623,0.0920101976821,0.0394748168231,0.0645988707911,0.0860337598258,0.0541293709847,0.0464198990812,0.0611540845969,0.0831328991048,0.0532123035209,0.0637558112707,0.0546480985398,0.0673228158118,0.0497773571764,0.0633620517077,0.0561329184681,0.0421024271579,0.0528150120182,0.0710234239066,0.0509049074768,0.0797006191169,0.0765802678628,0.0609444513398,0.0629797300627,0.0628874329371,0.0646659665437,0.07270689934,0.0696176085445,0.0474375513813,0.0743401459574,0.0610762916798,0.0556585508924,0.0616508450003,0.0495664975972,0.0679990648523,0.0653703836805,0.0579391907594,0.0585933620882,0.0258579670349,0.0482598774872,0.0717679213197,0.0434233408108,0.0617222919217,0.0564845544866,0.0767493864333,0.0523077817501,0.0586755748369,0.0361813596963,0.0935016427083,0.0427942023623,0.0467306095014,0.0730463225902,0.0487396256237,0.0494191093807,0.0734029738092,0.0737027578062,0.069994332645,0.0469589387932,0.0386014925101,0.0357812262127,0.0631292938893,0.0646526398251,0.0748607072518,0.0544071073057,0.069669154826,0.0620120016077,0.0524291872298,0.0517796331727,0.0557511538754,0.0572489632427,0.0662310830856,0.0598193833935
1774,0.0557039711655,0.0666527593235,0.06197079261,0.0460821222823,0.0510691540828,0.0558544181157,0.0485797534217,0.0507824358938,0.0531176173745,0.0440535790515,0.0519050487871,0.0664820927075,0.0674580458394,0.0656073644956,0.061665247339,0.0634081234687,0.0590791974781,0.0540134427808,0.0627071357305,0.0476613596862,0.0524596600262,0.0369820822809,0.0581762093242,0.0506657102847,0.0513208453427,0.0495312597872,0.0669617012788,0.084920032929,0.0606505168752,0.0839243604146,0.0377625818076,0.0666379202523,0.0804186897253,0.0497072492479,0.0506335276504,0.0610796776251,0.0802942874106,0.0516185934846,0.0593794769024,0.0522538797402,0.0653542990561,0.0466482730934,0.0654421097285,0.0513447363431,0.0417220643334,0.048884680492,0.0644149182567,0.0461693048578,0.07199160114,0.0713839863477,0.0631643573394,0.0576768030901,0.0629171429,0.0589795228451,0.0637997457555,0.0743559012033,0.0476844660169,0.0701477786103,0.0616569338868,0.054824157789,0.0590608810142,0.05184458025,0.0645964174891,0.0586505396761,0.0525715672454,0.0572557772455,0.0252940475888,0.0495829760113,0.0702044572278,0.0413360603542,0.063651298524,0.0558577438249,0.073116811161,0.0472116942976,0.0603711384745,0.0360211851201,0.0902653644494,0.0429204797933,0.0412288269295,0.0695582166809,0.0478977603018,0.0455296302609,0.0712249018413,0.0769977272032,0.0665339319232,0.0396141052537,0.042913145522,0.0361926297537,0.0681014461441,0.0584244391046,0.0713418838266,0.0507830508226,0.0692386962603,0.056510769078,0.0522779874832,0.0513450546585,0.0565778693667,0.0522341307839,0.0668137284371,0.0575408417113
1775,0.0528164205889,0.0617943326375,0.0555826266016,0.0402048116257,0.046464830448,0.0525522071362,0.0403859177821,0.0486092273013,0.0449502608883,0.0432343639494,0.0464029184868,0.0552040345596,0.0622785977277,0.0647818679109,0.049901449707,0.0559434509744,0.0541555909906,0.050524310359,0.0591107590562,0.0385467973042,0.052415416933,0.0360691370639,0.0533555748371,0.0490845636383,0.0501294438173,0.047866953396,0.0578785842112,0.074180432303,0.0454541046687,0.0695441797908,0.0330235565021,0.0640226328294,0.0684965334699,0.0423848526528,0.051182979353,0.056273878904,0.0745800239467,0.0473970579971,0.053123629877,0.0482698075428,0.0596905100871,0.0413773134134,0.0628422113689,0.0446929809734,0.0395205873841,0.04361334127,0.0544421282617,0.0383724110921,0.0600396172649,0.0622513128361,0.0612409133525,0.0490311724753,0.0594274443618,0.0501965250212,0.0519694413369,0.0738449661922,0.0467296920572,0.062174478926,0.0579686323425,0.0515369935311,0.0550990086403,0.0508880285013,0.0576803213638,0.0486477875845,0.0453188078305,0.0534847434408,0.0242551863822,0.0483663229335,0.0635728916911,0.0372184646022,0.0614124230794,0.0526236023022,0.0639067809536,0.039777026883,0.0568760865781,0.0348884566507,0.0804095983017,0.0410971996244,0.0343432267733,0.0624075990194,0.0454322041778,0.0400002118884,0.0643172960264,0.0737708607655,0.0598451427944,0.0310221634805,0.0453201574607,0.0348659634348,0.0678127572078,0.0489660500114,0.060936839585,0.0462109577803,0.0640075642628,0.0485195638168,0.050069305626,0.0479585343596,0.0542095845667,0.0445453075649,0.0644495084459,0.0520607172632
1776,0.0492320649506,0.0559276668091,0.0477426162218,0.034382580572,0.0414965936688,0.048576165132,0.0329435962773,0.0453420164302,0.0383587450171,0.0416633768438,0.0411603349495,0.0438332651143,0.0553102894574,0.0626380601311,0.038366272356,0.0481420901289,0.0486765451302,0.0469877041493,0.0524236095805,0.0292541801267,0.0522471895687,0.0350571480704,0.048329206763,0.0455255906268,0.0486086757087,0.0446894131637,0.0493506254867,0.0624314169763,0.0326767161371,0.0542886590699,0.0274251415737,0.0593976377033,0.0549602733138,0.0350278361838,0.0498122309655,0.0496149464705,0.0690352221781,0.0428908661696,0.0476424982037,0.0447058222488,0.0533469562738,0.036221836968,0.0582026891177,0.0387826696228,0.0371014701234,0.0391975455427,0.0448147510352,0.0304783343574,0.0482347536139,0.053052862,0.0575381643051,0.040420396223,0.054971346257,0.0417138300463,0.0412194094101,0.0707003304244,0.04588120651,0.0539927390765,0.0527273725056,0.0479081829869,0.0519821813882,0.0486050715437,0.0504726924049,0.0390217917626,0.0389208015698,0.04957772159,0.0235493439975,0.0463862754821,0.0552926130284,0.0330874331346,0.0574969264963,0.0489984509202,0.0531625257665,0.0328359450945,0.05091028336,0.0339131741138,0.0686740880737,0.0389038231345,0.0284532831747,0.0549961295027,0.0430215576789,0.0350844827432,0.0562484757256,0.0671401503703,0.0530784298549,0.0238898504244,0.0467483297357,0.0331448706859,0.0646829710471,0.0397996798297,0.047970706952,0.0426730995033,0.0571045942059,0.0411033617318,0.0476940507846,0.0438516248892,0.0507422004112,0.0371669456929,0.0614700372423,0.0461343174262
1777,0.0473932225522,0.0523552104585,0.0419203895015,0.0310514023096,0.0387503912772,0.0466740128772,0.0295656771119,0.0433372460362,0.0366321257501,0.0407601052339,0.0389397044374,0.0371527840929,0.049989586011,0.0614809503861,0.0314529267371,0.0438845970849,0.0456108562477,0.0459089462321,0.0462124545451,0.0232306484136,0.0532978940641,0.0350118696578,0.0456020101936,0.0425014524669,0.0484198134738,0.0421214409858,0.0452182410302,0.054544536308,0.026888434478,0.0441595455354,0.0235832995574,0.055924722159,0.0452988789117,0.0306398121865,0.0484088767814,0.0443479603058,0.0665631526081,0.0405403571495,0.0457032501318,0.0435661238057,0.0494501749396,0.0334917099526,0.0544446859277,0.0363460322387,0.0360915119461,0.0379923630037,0.0394495116908,0.0255600553519,0.0411485697331,0.0479442811296,0.0548009285456,0.0353842010848,0.0521256800835,0.0369783250163,0.0356688432929,0.0678459306684,0.0465124053212,0.0492691475898,0.0493312206247,0.0460999917866,0.0522218214011,0.0472057407965,0.0465651099321,0.0335579110686,0.0363173346034,0.0477631816952,0.0240746263874,0.0453814855737,0.0491051036357,0.0310872389761,0.0545597598142,0.0475409048589,0.0458396320405,0.0295274647029,0.0457071319725,0.0342818282371,0.060113772722,0.0381879295853,0.0260750511099,0.0506718793617,0.0422575111794,0.0332405804759,0.0510282547543,0.061022913784,0.0495704501739,0.0211610952485,0.0480181415532,0.0323354459538,0.0615987664459,0.0345215109347,0.0375447754774,0.0422641958854,0.0524005684461,0.0374283735301,0.0470911222373,0.0413771312098,0.0488697223191,0.0334214999568,0.0606283216767,0.042696469092
1778,0.05043982365,0.0553096287893,0.0422260464271,0.0331137487421,0.041510351871,0.0505311146466,0.0347804300565,0.0457424076962,0.0443714967327,0.0420873316933,0.043418488216,0.04144256591,0.0504214584626,0.0641113308191,0.03452926565,0.0483501175945,0.0487830767993,0.050686427688,0.0451063779257,0.0246115738133,0.0572848305178,0.0372199418328,0.0481486921574,0.0432370019166,0.0516041517695,0.0426689637152,0.0504887923261,0.0563287732591,0.033815121228,0.0466243470663,0.0249833929662,0.0576906048449,0.0465836678638,0.0328765964852,0.0491762085854,0.0443977973312,0.0706243276156,0.0433604254571,0.0508977039539,0.0473684747023,0.0517637782534,0.0359981916562,0.0550619573442,0.0409230707435,0.0384832438837,0.0431554747983,0.0432313307969,0.0272861255091,0.0442948414977,0.0521869507863,0.0564873091336,0.0382554327329,0.0538881263657,0.0401793710737,0.0404141067182,0.0687681055663,0.0504415830337,0.0524501719608,0.0524258622495,0.0487491244903,0.0593721721109,0.0495268469596,0.0506357924751,0.036887548074,0.0413601198073,0.0507188078389,0.0270929522772,0.0474092616978,0.049484904787,0.0339714830395,0.055745061272,0.0517056429477,0.0486073299359,0.0340119290851,0.0452821912034,0.0375966905701,0.0607402788624,0.0414656404261,0.0305019146224,0.053379115828,0.0450513088265,0.037733824922,0.0537998941966,0.0604466349403,0.0535403658593,0.0267746436881,0.0499772458895,0.0339678948979,0.0621399577674,0.0374573447917,0.0360077999702,0.0478069749451,0.0551185317199,0.0414532135664,0.0507356604232,0.0434233569686,0.0524182898893,0.0376698145105,0.0657102342001,0.0453772999713
1779,0.0599317886037,0.0672153281551,0.0511579318546,0.0418895793399,0.0514223464937,0.0619495057152,0.0500238814034,0.0542353154772,0.0619221385414,0.046495658943,0.0559588335426,0.0594838714934,0.0592290502976,0.0723227813612,0.0501103584041,0.0631624598565,0.0596169613775,0.0623241279823,0.0526829517999,0.0355352603998,0.0648660772756,0.0421404618338,0.0574123377642,0.0500907354451,0.0591357868263,0.0479949979167,0.0672158256412,0.0709542070625,0.0547932771418,0.0650023113414,0.033274964768,0.0674006520514,0.0632335429909,0.0435072229766,0.0536557352204,0.0523673606874,0.0825781905324,0.0528773053178,0.0643134749767,0.0569222759553,0.062316007418,0.0450143407512,0.0624044487792,0.053637303621,0.0452166961973,0.055361160624,0.0583168816565,0.0374688309326,0.0602811476541,0.0681777448649,0.0647039361228,0.0510910140365,0.0619507525245,0.0531256128378,0.0573069370679,0.0759098447452,0.0581101333987,0.0656934420318,0.0644995551984,0.057239851269,0.0736743546753,0.0572271318223,0.0649664337296,0.0510464410347,0.0552450574274,0.0596462421011,0.0326557618771,0.0535600242886,0.0592221053727,0.0430204813542,0.0630855095332,0.0631206610163,0.0650822747179,0.0475388787731,0.0525218033661,0.0442456795021,0.0741514864127,0.0499759178227,0.0425596212077,0.0648998682598,0.0521240405483,0.0494266789605,0.0671537578397,0.0692418296924,0.0669965403755,0.0414454733706,0.0531551497298,0.0388298286698,0.0689759799055,0.0505247097617,0.0476737796322,0.0596343865877,0.0679183715047,0.0546761062596,0.0597706676455,0.0515490803637,0.0633348687573,0.0515635606893,0.0782199583678,0.0560086928391
1780,0.0719236883325,0.0833986937096,0.064904710041,0.0533395527245,0.0642820237432,0.0761670576716,0.0674910700318,0.0653392794575,0.0793740098878,0.0523645267722,0.0706714432927,0.0823787299317,0.0729642039072,0.0836686809583,0.0708174299578,0.0803453656773,0.0726080814674,0.0751721616577,0.0665421753773,0.050946139529,0.0733479009624,0.0477046488422,0.0694971358898,0.0610080235301,0.0682877848646,0.0562366607208,0.0876680253275,0.0918600015943,0.0784592940089,0.0898804933374,0.0444062250136,0.0816728267734,0.088335791552,0.0576853699145,0.0605172657221,0.0652019271996,0.097069829658,0.0652464266202,0.0795289468467,0.0678503896369,0.0767410616526,0.0565679560053,0.0739183016016,0.0682717642654,0.0536038245826,0.068445835507,0.0776009503588,0.0513906397935,0.0816504287976,0.0885075324269,0.0763314395984,0.0680151493584,0.0731801812347,0.0696714212458,0.0779147690219,0.0870825956854,0.0661738749694,0.0831338799812,0.0804098747757,0.0683579944013,0.087666286592,0.0674922107081,0.0833173431726,0.0693052201983,0.0711506102787,0.0707678640661,0.0380318894942,0.0614618796204,0.0743321380126,0.0543666859183,0.074022860937,0.0771066081487,0.0876701758576,0.0629438558806,0.0648964106679,0.0512721967486,0.0945236902538,0.0604368573598,0.0559687312763,0.0798097747653,0.0604440354528,0.0623554445507,0.0848331948211,0.0847142143615,0.0841710744038,0.057129421267,0.0569577396018,0.0450797495364,0.0801864329185,0.0675321957656,0.0676904971336,0.0716888770741,0.0849417331878,0.0707167018516,0.0707209987699,0.062433702571,0.0771626968589,0.0682245434961,0.0927592090999,0.0700196467509
1781,0.0807028399533,0.0961316061904,0.0762587921215,0.0615034813498,0.0738171212139,0.0865747046861,0.078320335639,0.0739848084282,0.0882720202001,0.0569457601803,0.0803627596038,0.0981299168128,0.0847127810883,0.0934139919586,0.0856148572171,0.0914096546588,0.0812397183031,0.0832695498735,0.0799989033693,0.0626300650233,0.0793763626727,0.0513192731888,0.0784672598497,0.0710566146861,0.0751108231229,0.063421667604,0.101633492288,0.108022605944,0.0917107914377,0.108334065973,0.0530069190875,0.0938883128513,0.109178216559,0.0680278924215,0.0666056787489,0.0764474410389,0.106887502743,0.0745760635517,0.0890232717057,0.0748515512538,0.0878891138048,0.0648776984886,0.0840770692087,0.0774091548627,0.0597335305612,0.0760311025447,0.0910080116654,0.0616552990476,0.0971034609908,0.102695690009,0.0858744197285,0.0802356111605,0.0821429075426,0.0810930827399,0.0911914617684,0.097130329268,0.0711628376616,0.0958857924003,0.0927611497196,0.0770186371597,0.0953337307635,0.0756865509888,0.0966735108084,0.0820117402507,0.081056785219,0.0786816355319,0.0410595595744,0.0673578383305,0.0870741219686,0.062538286562,0.0833898842648,0.0873122372032,0.104949394509,0.0721959750867,0.0762940939489,0.0556336005193,0.111130105965,0.0683044665661,0.0637418292629,0.0901726457687,0.06605438162,0.0700281106102,0.0977094299083,0.099547764599,0.0966802655017,0.065614360804,0.0601776551432,0.0498149885383,0.0906781318654,0.0794605028575,0.085555875062,0.0782771745061,0.0980969793857,0.0812106706724,0.0787302443985,0.0707669372895,0.0879687576515,0.0790619322084,0.103011206774,0.0804163034351
1782,0.0842335303548,0.101967864095,0.0813490256558,0.0641050499176,0.0776398918591,0.0909518927155,0.0807969063862,0.0782144677671,0.0887267511605,0.0589763271702,0.0832964907495,0.102929396786,0.0905787387502,0.0990266192902,0.0901909659585,0.0945333528226,0.0837740644409,0.0856735485933,0.0884018966614,0.0668765731011,0.0821109853403,0.0523638444657,0.0819450322032,0.077131274199,0.0781922058575,0.0672259171849,0.106082181101,0.114257982855,0.091976388188,0.11509465387,0.0569692778619,0.100511375867,0.11924017457,0.0715788555731,0.0699662203767,0.0823011334869,0.1097762146,0.0785016095791,0.0912378487074,0.0766954616306,0.092552728991,0.0678111690623,0.0895941569018,0.0793910362596,0.0621885390335,0.0773694533621,0.0949996418176,0.0651223339833,0.102109032557,0.107130219235,0.0906614132328,0.0843318464517,0.0862297072803,0.0842997237259,0.0938968496493,0.102839775034,0.0726711284785,0.100420926801,0.0987396411768,0.0810655391271,0.0969019384791,0.07977255812,0.10180410423,0.0856804919367,0.0832921031915,0.0814685154976,0.0418680018776,0.0696931694937,0.0931805391451,0.0656341123153,0.0882781855029,0.0917332428059,0.112409768693,0.0737818034812,0.0827856684934,0.0569637373997,0.118329528049,0.0720786614495,0.0647074539226,0.0930245419445,0.0678330724531,0.0714140587667,0.10232096482,0.108745516957,0.101456086137,0.066057902341,0.0621983294436,0.0518392493199,0.0970523112678,0.0829535107586,0.0948965809077,0.0791802004607,0.104295004027,0.0837210349183,0.0821670774696,0.0742742326023,0.0937169611366,0.0818419550471,0.107429541283,0.084426382384
1783,-0.0398079284483,-0.0191051935145,-0.0235236495076,-0.0394337672944,-0.029086245073,-0.041941964364,-0.033347559329,-0.0161708524135,-0.0835108867279,-0.051254929226,-0.0453236429643,-0.0333072993389,-0.0159169425151,-0.0103424179781,-0.0320269007593,-0.0712499266065,-0.0737664298811,-0.0698027502436,0.0187185740851,-0.0113198430949,-0.0865499959162,-0.0827776280899,-0.0431165009023,0.00658341164649,-0.0572016173036,-0.0164136467474,-0.029431851979,-0.042883951237,-0.0787053185661,-0.0425999414538,-0.00920025437127,-0.00150809647176,0.023070265717,-0.0256522185209,-0.0252820459895,-0.00386120057888,-0.104885988919,-0.0350494095763,-0.0742491727288,-0.0790843462677,-0.0355697937782,-0.0260379320796,-0.0142028901069,-0.0614912033226,-0.0410976288774,-0.0790349389324,-0.0345554650096,-0.0270645820649,-0.0331390332793,-0.0593080590337,-0.0245664528349,-0.034739259634,-0.0398894825083,-0.0581442036172,-0.0537236969597,-0.0171729502138,-0.0934770207999,-0.0519226346722,-0.0246151397607,-0.0221219453235,-0.117967390381,-0.0329608490269,-0.0274375684887,-0.0424169641836,-0.0500049619806,-0.0674892236498,-0.0602393568485,-0.059814797841,-0.0114452497454,-0.0319778042032,-0.0215051571267,-0.0316857873763,-0.00911786892113,-0.0652173823148,0.00055489838296,-0.0803322373567,-0.0343643218131,-0.0171878742366,-0.0520152673664,-0.0923102650471,-0.0818131835205,-0.0620659996472,-0.0590664196293,0.0223952478161,-0.0430492956167,-0.0352705549755,-0.032288469098,-0.0381541051171,-0.000684184604227,-0.0451709093505,0.0112647648277,-0.0953407182774,-0.0214865608066,-0.0562825930238,-0.0522649944268,-0.0382932907445,-0.00329793003147,-0.0447403602109,-0.0551442103091,-0.0381661118754
1784,-0.153204870224,-0.148757297741,-0.149525278323,-0.14111491112,-0.132936451642,-0.157925870807,-0.114607780626,-0.0990600854357,-0.155508519107,-0.169393781542,-0.144001239268,-0.153398283353,-0.148112866539,-0.1411203891,-0.155945627924,-0.166671561436,-0.180524724397,-0.16065869626,-0.0832927430273,-0.0977397675797,-0.215920291755,-0.187286281435,-0.168683940265,-0.0889024548267,-0.18331043432,-0.121908072036,-0.147519568212,-0.217071273399,-0.206076482516,-0.172982430371,-0.0597311560882,-0.122378013427,-0.0944142417308,-0.124993676595,-0.148709655824,-0.114596792625,-0.29212245003,-0.149383606566,-0.195066310555,-0.197315663182,-0.173068461377,-0.116968672702,-0.146834430615,-0.16781712878,-0.138462821884,-0.172554288367,-0.157703499262,-0.124251947782,-0.171666679673,-0.213917224025,-0.146351954463,-0.154084680181,-0.180141380884,-0.192678446156,-0.18249165801,-0.174466550785,-0.188645457551,-0.20487026522,-0.131625645902,-0.129297263486,-0.191682135019,-0.145806753945,-0.14980274631,-0.165819123325,-0.148973336774,-0.20625926544,-0.092983795968,-0.190335125587,-0.13986729139,-0.122557786024,-0.156260582089,-0.13774242799,-0.126063429826,-0.159224746578,-0.111618801647,-0.158721447552,-0.215082736073,-0.095273678044,-0.132438862806,-0.269891522514,-0.206212406608,-0.148630867813,-0.207565956454,-0.101827307263,-0.181637236293,-0.0978093838132,-0.142027656837,-0.129596305028,-0.135977902978,-0.170386215918,-0.101388345589,-0.182069742681,-0.123711426185,-0.176472543953,-0.173378897441,-0.154039663018,-0.0798689581236,-0.14574759861,-0.165059702492,-0.160728649328
1785,-0.13731822476,-0.148266244605,-0.159924589839,-0.126686711581,-0.12206302617,-0.14019090838,-0.0875781384601,-0.0937127350703,-0.0926034658597,-0.16145224282,-0.11400673067,-0.136948585886,-0.163640880891,-0.150998033351,-0.146662577907,-0.131792538794,-0.146807134015,-0.117052636296,-0.114789440348,-0.0987301024773,-0.167485222994,-0.145778557745,-0.152975656559,-0.110688011312,-0.159677416592,-0.135574484658,-0.12371788052,-0.216876766684,-0.154371423376,-0.168093098712,-0.0591090763753,-0.136417382216,-0.111854563089,-0.117286647566,-0.168550664643,-0.132055836089,-0.238784650054,-0.138146644297,-0.144525546821,-0.148893436628,-0.167689714898,-0.103546079476,-0.166265146497,-0.127820844341,-0.121616244053,-0.116966738017,-0.14058324338,-0.119174611699,-0.161095369369,-0.190296335582,-0.150657845637,-0.14263702857,-0.17811803321,-0.169579241585,-0.15176801774,-0.201996180205,-0.127613841726,-0.188463596908,-0.126801954795,-0.120970210645,-0.111693658119,-0.143403177516,-0.136025560119,-0.148650705137,-0.112184354561,-0.177837955597,-0.0522721097181,-0.175921817585,-0.153624082893,-0.107821652904,-0.169599257311,-0.11917745677,-0.126164801803,-0.121479575838,-0.137274806357,-0.108511305923,-0.22711370697,-0.0833643240912,-0.0957779893623,-0.23921446037,-0.165072214254,-0.106705982854,-0.191510258817,-0.137593087587,-0.163071333848,-0.0662563386841,-0.144750518127,-0.119441038891,-0.16866170161,-0.1535196584,-0.127027207018,-0.110505288298,-0.119237840403,-0.145419446156,-0.148369126339,-0.146162382406,-0.0738699655673,-0.119494705552,-0.131168063497,-0.149348060215
1786,-0.0860870639567,-0.0997356388184,-0.114882223859,-0.0737736859605,-0.0757645361807,-0.0905636060247,-0.0469089620227,-0.0651789748668,-0.0380606987115,-0.103118188664,-0.0622080982424,-0.0874232491696,-0.120549348215,-0.104977850293,-0.0914622606676,-0.0838118839705,-0.0905070286399,-0.0645088780064,-0.102146827362,-0.0649387173133,-0.0872782560062,-0.0763072239389,-0.0884840166166,-0.0915961840023,-0.0927492311051,-0.101350538949,-0.0664844255601,-0.144376819777,-0.0718651242545,-0.118375455684,-0.0447315018028,-0.102929557995,-0.0843762242774,-0.0721142233835,-0.131363958759,-0.100113335461,-0.122921293061,-0.0846870187243,-0.0677654821423,-0.0707932587982,-0.106974924471,-0.0570816550024,-0.12580975725,-0.0630922976356,-0.0707536099373,-0.0520408966372,-0.0815380183064,-0.0754063114116,-0.0976764782946,-0.116289476662,-0.109785072217,-0.08720790557,-0.116334773879,-0.0986259748124,-0.0807964672131,-0.157551729305,-0.05807740347,-0.114291336924,-0.0942409318054,-0.0711500447224,-0.0482729971119,-0.10216136208,-0.0833572348872,-0.0874354850675,-0.0542082894502,-0.0997084808723,-0.02062587334,-0.110810228624,-0.110897921595,-0.0637045442816,-0.122597588733,-0.0726973732939,-0.092635345033,-0.0680591726094,-0.112986781743,-0.0517300857573,-0.160239048415,-0.0505962328175,-0.0445815639722,-0.141994558908,-0.0859474220219,-0.0522156041342,-0.128387866625,-0.118972621114,-0.0973503939066,-0.0282201880488,-0.0984791450484,-0.0733626156984,-0.140087449877,-0.0903103253449,-0.10468055155,-0.0394438617422,-0.088729366423,-0.0777810336154,-0.0847469906351,-0.0942145148142,-0.0517978752303,-0.0688705275896,-0.0790328293543,-0.0933782737052
1787,-0.0474093307994,-0.0575952789138,-0.0675951060587,-0.0315692429297,-0.0396091781761,-0.0550063603898,-0.0224023848426,-0.0414638189664,-0.0107982673856,-0.0519102802073,-0.0293819302774,-0.0509530467001,-0.0731276197984,-0.0588576614569,-0.0453749192478,-0.0495851545856,-0.0497713056054,-0.0332564829062,-0.0782321031383,-0.0331999134966,-0.0371898155455,-0.0318619994724,-0.0362427264747,-0.0658445429952,-0.0434416312469,-0.0626837256563,-0.0268296374853,-0.0770967484385,-0.0189166118491,-0.0699473930528,-0.0299889724931,-0.0675341013681,-0.0544342623521,-0.0345091770996,-0.0868182236125,-0.0622150388762,-0.041030265748,-0.0418604384025,-0.0209795985205,-0.0217082345116,-0.0537650900505,-0.0208051567556,-0.0788875617647,-0.0225175669673,-0.0324954154555,-0.0167906650337,-0.0361346980005,-0.0370822730101,-0.0442369403387,-0.0609239544453,-0.0700891985524,-0.0421383382874,-0.0595862020658,-0.0442662128438,-0.0300377337741,-0.103033402944,-0.0201363349227,-0.0540943082666,-0.0675355032011,-0.0298591441126,-0.0176685771527,-0.0661837030944,-0.0434421802072,-0.0393525946513,-0.0184758212927,-0.0411724692544,-0.00578172708332,-0.0574423608305,-0.0645428878013,-0.0313024089359,-0.0722347086588,-0.0408217874072,-0.0643220510632,-0.0351172771685,-0.079388155753,-0.0210794616406,-0.0916464120108,-0.0277908658782,-0.0141839288233,-0.0660591487088,-0.032760501349,-0.0205604564048,-0.077838668831,-0.0874315893347,-0.0475875728581,-0.00663620437904,-0.0536657521388,-0.0357036639571,-0.0992419497084,-0.0398710411912,-0.0736347523814,-0.00375820597019,-0.0616260091634,-0.0305122309567,-0.0395467326157,-0.0503854635183,-0.0349199274666,-0.0351941358631,-0.0452158386875,-0.0480867628404
1788,-0.0169036362728,-0.0220699537779,-0.0254291954262,-0.000187186731648,-0.0110545344217,-0.0259055787516,0.0001249776517,-0.0183354663662,0.0139211651325,-0.0148591418184,-0.00384171118637,-0.0164079750287,-0.0300585040846,-0.0206234159419,-0.00616580048198,-0.015293012062,-0.0146892497693,-0.00740246348957,-0.0490203421858,-0.00408885901949,-0.00703637921246,-0.00544988783405,0.00180308111516,-0.0391752341534,-0.0104654191673,-0.0282004591273,0.00520195564241,-0.0207246269633,0.0213959309663,-0.0204820447447,-0.0116732647385,-0.0334251743218,-0.0210207653588,-0.00395760869636,-0.0467184883565,-0.0256350414283,0.011904239567,-0.00977552382277,0.0106486971678,0.00912462399654,-0.011843612787,0.00647590970143,-0.0359086995799,0.00619959235876,-0.00578642831312,0.00743532931752,0.000462147060049,-0.00521722168725,0.0000532947059999,-0.0177682181351,-0.0337236990626,-0.00598961504996,-0.0154018011849,-0.00377891792131,0.00903183724747,-0.0524462061307,0.00340928148356,-0.00828192025446,-0.0394967271364,0.00106745628708,0.00664050893626,-0.0352440838247,-0.0103207962472,-0.00126767611744,0.00820925596594,-0.00141978256235,0.00472408117554,-0.0192354201876,-0.0219904410935,-0.00707901803983,-0.0286616037122,-0.0154155673729,-0.0325819851705,-0.0076883312511,-0.0444038159483,-0.00200885124395,-0.0310726380557,-0.00932539919691,0.00842616080659,-0.0121671332764,-0.0000240932877683,0.00316657172648,-0.0342980761509,-0.0510731528116,-0.0101441134901,0.0132696630383,-0.0197289366051,-0.00904097291215,-0.0577754376404,-0.000706199597104,-0.0378814303974,0.0194201961795,-0.0310696705588,0.00401580599253,-0.00879550118217,-0.0162323173034,-0.0155959651214,-0.00717920874629,-0.0160892835898,-0.0127387024775
1789,0.0118431554931,0.0126812246549,0.0138649441106,0.0263057308744,0.0159102024051,0.00365717002846,0.0268746008365,0.00700709101006,0.0420300844004,0.012189237171,0.0222214370813,0.0235356283594,0.0103130424632,0.0124819178838,0.0328855588725,0.0223751557357,0.0195437050127,0.0193390174518,-0.0143795038947,0.025850506952,0.0149676087699,0.0127391324581,0.0324836335511,-0.0108947418857,0.0145579679007,0.00256751064691,0.0384515630229,0.0309020432419,0.0608781726588,0.0325411454436,0.0107193221019,0.00221888892475,0.0204414253638,0.0248063555089,-0.0117443033086,0.0105392851685,0.0507946956512,0.0179224210274,0.0387504173322,0.0331973765823,0.0245678087755,0.0304128331575,0.00369116516257,0.0327664638748,0.0156369144211,0.0303684184953,0.0361888949804,0.0246368215079,0.0424220535316,0.0232409035721,0.00184428282465,0.0279553367397,0.0205970616602,0.0315919850997,0.0462150163132,-0.00636494890226,0.0226427268994,0.0315381275916,-0.0064188984726,0.0270034351529,0.031760150723,-0.005609813958,0.0235932306229,0.0344724550436,0.034703425514,0.028897017406,0.0147375472921,0.0101027693921,0.0188314615116,0.015117702805,0.00957934015681,0.0105281012352,0.00779013626042,0.0213766971527,-0.00799134381171,0.013819800064,0.0253140576326,0.0097526308266,0.0309152048516,0.0303969260301,0.0231131532587,0.0268129083954,0.00914729917089,-0.010008991136,0.023844011352,0.036671439751,0.00504263275214,0.0111872777015,-0.0168050980778,0.0346140017859,0.00433934493545,0.040513443359,0.00529658559865,0.035245840833,0.0161840532905,0.013481916119,0.0089248226022,0.022605069639,0.0145065828389,0.0192295984806
1790,0.036069605798,0.0427718395042,0.0465432619992,0.0463075718343,0.0383491007314,0.0294314428864,0.0490836870906,0.0299657071693,0.0626686933653,0.0311934801246,0.0437183371848,0.0585197578106,0.0443221218143,0.0394434404622,0.0650594566647,0.0535111987152,0.0472274201388,0.0413010060292,0.0201458721675,0.0512398310355,0.0311252722961,0.0252951126477,0.0553124670686,0.0156183243703,0.0331314438805,0.0278714505134,0.0660031796935,0.0727424847784,0.0900514036283,0.0774127182584,0.031116125571,0.0349788869748,0.0602795107156,0.0480847459821,0.0168018366869,0.0421965486907,0.0778229577907,0.0398030585133,0.0599987941002,0.0505344034667,0.0533896264672,0.0489734118916,0.0370419261443,0.0531969684254,0.031924126866,0.0476259324424,0.0652483050084,0.0486914846218,0.0766993469215,0.056761851839,0.032859166121,0.0553443016976,0.0479926962208,0.058685692398,0.0751123914534,0.0324464318903,0.0371506271575,0.0625857606939,0.0244409388161,0.047131706687,0.050534268011,0.020078304264,0.052705529002,0.0628802807857,0.0555001163729,0.0508028364845,0.022119244414,0.0319330977543,0.0535219350021,0.0330742786393,0.0406447526274,0.0330323055999,0.0460595577431,0.0448279229202,0.0253688651579,0.0257729456917,0.072008460255,0.0265725936749,0.0480642116714,0.0615653546336,0.0390117852243,0.0453418939309,0.0461865274169,0.0298409197622,0.0511491899399,0.0546277280046,0.0227342889247,0.0259479200493,0.0199145257117,0.0621091318751,0.0448655976797,0.0556129753433,0.038766638114,0.0593846619593,0.035444191369,0.0373053660306,0.0322037909688,0.0474250223437,0.0408225982012,0.0451180774929
1791,0.0522454127287,0.062983350423,0.0678485992272,0.0571370443809,0.0524222848331,0.0468737806675,0.0605678352844,0.0464419012295,0.0713393558791,0.0428020108528,0.0560948727405,0.0793515605041,0.0672743405729,0.0580785480586,0.0829551883084,0.0724821344877,0.0644212851253,0.0548614518953,0.0475229890284,0.066089489829,0.0413705221054,0.0326456109185,0.0682516811386,0.0359747885176,0.04473379713,0.0453951337145,0.081104687861,0.0981706172536,0.101279171551,0.104824258382,0.0450844288148,0.0593233801539,0.0872933730536,0.0613536382974,0.0373383646824,0.0642906413432,0.0920741929932,0.0530774905254,0.0707771352004,0.0596176709263,0.0710795703205,0.0592254128348,0.0604779552363,0.0635384368515,0.0418592930139,0.0560120927648,0.0812445937778,0.0623714671628,0.0957346413623,0.0764209030177,0.0551874512209,0.0708580020044,0.0650083744723,0.0731149377163,0.0891906163016,0.0606161225567,0.0459466445204,0.0804566481659,0.0468165364606,0.0593351636116,0.0603554707192,0.0386066245947,0.0708263160199,0.0781864034485,0.0658528857968,0.0632375049028,0.0261264149682,0.0458776753441,0.0765906939783,0.0437546847044,0.0618190829735,0.047846772103,0.0722721374053,0.0574877361995,0.050192994399,0.0328908422206,0.102016786301,0.0380178117003,0.0558394691289,0.0789810596281,0.0476798252501,0.0550180336259,0.0703847634181,0.0610647188,0.0671757864516,0.0618492589697,0.0347129264282,0.0349503259349,0.047945971045,0.0767935075833,0.07382046209,0.0623450647296,0.0625358229047,0.0719624582727,0.047337017629,0.0525928084392,0.0492351454859,0.0614477238064,0.058610900505,0.0610056613365
1792,0.0620339033274,0.0747240287767,0.0789133424613,0.061017962675,0.0598492009272,0.057776344796,0.0650188374888,0.0573713737104,0.0740006435808,0.0490755536676,0.0621586303551,0.0891364821359,0.0800767167519,0.0696711887519,0.0892562866724,0.0829265025125,0.073883289138,0.0629571737312,0.0662125570144,0.0717472672843,0.0478174668679,0.0366937933772,0.073771077217,0.0498144183098,0.0514342914074,0.0559361869368,0.0870960032163,0.109708842992,0.10068948386,0.117580068341,0.0535007929443,0.0754341913598,0.101642476009,0.0665819091628,0.0507399628699,0.0771012876129,0.0976984125742,0.0597061114339,0.0747735672925,0.0633698242835,0.0797754634186,0.0631769611082,0.0747466265628,0.0671621551918,0.0471621584017,0.0591865611784,0.0871317776017,0.0675155462777,0.102446247153,0.0854321965558,0.0696477663933,0.0769482048442,0.0737924276287,0.0780343046457,0.0925265393109,0.0788959494073,0.0512894827229,0.0880988840715,0.0619067770627,0.0654145561376,0.0658111493875,0.0509122841003,0.0802278254676,0.0833503814064,0.0693239737045,0.0689597687389,0.0285246641492,0.0539329885585,0.0889243935828,0.0489497674808,0.0743396894306,0.0568525467788,0.0879166438729,0.0629454270712,0.0660541933832,0.0371106841539,0.117126975241,0.0453300404243,0.0576885615307,0.0862806118085,0.0516624768815,0.0591037264102,0.0839754947301,0.0822897325498,0.0746040996556,0.0627587239489,0.0426258189694,0.039749935547,0.0670709430382,0.0815926339492,0.0902235071714,0.0646229439332,0.077992591745,0.0762649181848,0.0539689255888,0.0609819960656,0.0611819530992,0.0677239467639,0.0702809765186,0.0689387823277
1793,0.0671480948932,0.0802800606835,0.0823393959762,0.0604495881328,0.0626627642154,0.0638327606211,0.0648819149916,0.0637253668889,0.0725512842538,0.0518618661852,0.0640240068255,0.0911111644101,0.0851524535684,0.0761298597938,0.0878242121369,0.0864619389012,0.0774558029656,0.0669293662996,0.0770196663916,0.0709687004234,0.0518610322667,0.0387002717245,0.0745183099307,0.058139771041,0.0549846219247,0.0611308625798,0.0872536831879,0.111487776051,0.0933771325256,0.118865350816,0.0570265460703,0.0847978361924,0.106249365492,0.0664439422165,0.0585620446654,0.0825751066464,0.0981376291271,0.0619226574194,0.0746709305832,0.0639337015402,0.0823029857553,0.0630929035786,0.0818756193184,0.0666788757805,0.0494404495074,0.0591563744034,0.0864320936289,0.0668849540683,0.100967564607,0.0873094217103,0.0777726269812,0.0767948151086,0.0769261298279,0.0769042359055,0.0892565298934,0.0893041487501,0.0543195355884,0.0890039906604,0.0708352704725,0.0674457228861,0.0679227703095,0.0582926529724,0.0835808085768,0.0819543027768,0.0685766889179,0.0704741763259,0.0297146319387,0.0579814177897,0.0931250346119,0.0505413592713,0.0803864552677,0.0617091826193,0.0951331630332,0.0634915086965,0.0743831387023,0.0394139140945,0.121241132906,0.0496353137126,0.0559963869409,0.0870728162754,0.0528521995184,0.0595715845618,0.0896065428475,0.0946243715068,0.0763921244006,0.0598855386221,0.0478001511493,0.0418102645764,0.0786551402701,0.0800245135834,0.0962288374248,0.064214119816,0.0862479831332,0.0754066217493,0.0572022013647,0.0644905280008,0.0687013430321,0.0687923400431,0.0771439631197,0.0714004735261
1794,0.0682566916843,0.0806653629426,0.0797660124721,0.0566518487771,0.0617009264222,0.0655899805397,0.0608260392602,0.0659034469645,0.0676164151592,0.052185298887,0.0623261897582,0.0864086740976,0.0840573173587,0.0785385577763,0.0805243731076,0.0840533549471,0.0761393858261,0.067228825446,0.0805728938183,0.0652666877149,0.0539969538183,0.0391531125551,0.0718137137105,0.0615523819454,0.0561283021506,0.062078941802,0.0827280265525,0.105819824897,0.0813065519856,0.111016047205,0.0562248378717,0.0881751633378,0.102540767251,0.0622248218815,0.0619178654333,0.0820267466043,0.0948925897936,0.0607383848974,0.0713666215131,0.0620898831842,0.0801308187054,0.0600154588415,0.0832329610571,0.0629897100643,0.0493855052512,0.0564984913021,0.0806696181502,0.0619380267655,0.0933522048134,0.0834761281863,0.0804445162584,0.0718871510054,0.0758657023515,0.0713228271699,0.0810998218203,0.0932638540659,0.0554065564,0.0848532065603,0.073941133414,0.0664398484616,0.0671215690509,0.0613867818253,0.0818871252362,0.0756577420248,0.0644628073479,0.0689368673601,0.0298656156172,0.05898982237,0.0908461895716,0.0492831308739,0.0813694576808,0.0628890922842,0.0945601526049,0.0598920822079,0.0762088494418,0.0401164251828,0.116809904187,0.0512376961849,0.0515317736674,0.0830995506321,0.0520114109151,0.0570184267377,0.0885233042468,0.0989011983247,0.073765355155,0.0539570371561,0.0510326065704,0.0418587456792,0.0837251742447,0.0737753683613,0.0933009958801,0.061631262723,0.0878527968735,0.0706338073856,0.0577759855551,0.0641425747184,0.0718934227953,0.0654821278826,0.0796418527933,0.0695213318028
1795,0.0544861323917,0.065558739551,0.0630223678131,0.0410880629815,0.0478472146005,0.05126851716,0.0433528091287,0.055635880221,0.0442916029959,0.0403463185712,0.0459005616138,0.0640874094382,0.0683166025489,0.0673462071394,0.0580545019009,0.0616266481065,0.0563946687428,0.0499917598066,0.0712128617344,0.0490512247629,0.0385494952417,0.0256555662548,0.0550177916717,0.0540474864739,0.0425918532731,0.0518861480311,0.0622460704617,0.0803244887881,0.0510912022408,0.0820262701533,0.0457293847804,0.0768556251506,0.0833313851228,0.0461937030606,0.0527599996236,0.0687464142603,0.0690055457994,0.0463789152346,0.0503700865351,0.0439282600084,0.0625677305477,0.0461539553895,0.0703131261994,0.0439824494427,0.0378528039881,0.0373558081879,0.0594665934037,0.0455902516215,0.0691826124499,0.0599921165995,0.0678057009742,0.0526702553758,0.0599268071792,0.0495833254984,0.0562841492346,0.0807383748018,0.0392318922814,0.062977284879,0.060365712452,0.0534857874943,0.0438413048796,0.050259041117,0.0642281669566,0.0542860497423,0.0456354687634,0.051257270899,0.0195425755328,0.0454965180006,0.0739670995552,0.0367551011168,0.0681516910208,0.0493806315491,0.0761711852464,0.040397224807,0.0649682636169,0.0265665414647,0.0919828355233,0.0420865397952,0.0344627167696,0.0585806956433,0.0356177212486,0.0398512196662,0.0671704932795,0.0880577938871,0.0543706470835,0.0368424556658,0.0437750595252,0.0319470419024,0.0740926190832,0.0526231521443,0.0755328386225,0.0411871168913,0.0720215719276,0.0502391914987,0.0435875874825,0.0503092878863,0.0619774608522,0.0472006055793,0.0631032178461,0.0529563097819
1796,0.0400688578094,0.0475669195568,0.0422868521088,0.0251260320321,0.0329748244018,0.0366637247055,0.0279658094446,0.0444485235735,0.0300020954307,0.0270208647998,0.0312286320851,0.0410469366701,0.04788382356,0.0525191821836,0.0342137605579,0.0438350656359,0.0398181210781,0.0375459982547,0.0548896221211,0.0309529462182,0.0262060574438,0.0146226095414,0.037444237746,0.041636732673,0.0291674253786,0.0379219957496,0.042272247221,0.0511943229276,0.0250837139957,0.0530484505098,0.0349056618293,0.0607743119571,0.0588649308896,0.0290376613978,0.0388919456069,0.0507649285758,0.0451060714741,0.0309730969564,0.0330584483807,0.0289136079038,0.0427635531437,0.0319899227162,0.0522866088373,0.0276800981913,0.0261785789388,0.0237455351707,0.0377700295318,0.0278636219919,0.0435039090509,0.0359686379697,0.0520245679368,0.0323514744466,0.0414113716077,0.027802034451,0.032652329762,0.0617370395168,0.0292152196439,0.039848379887,0.0453700174068,0.0393417260924,0.0333259788988,0.0370768211793,0.0454666992352,0.0324537134338,0.029449666789,0.0338481501804,0.0156107255192,0.0308099326458,0.0525941669153,0.0240721391745,0.0506351349778,0.03599367217,0.054622407552,0.0240439775146,0.0478360998857,0.0181586414617,0.061797665862,0.0328033074983,0.0204941765174,0.0337141675576,0.0212144966018,0.0264305826784,0.0444399092171,0.0693853118843,0.0343282859382,0.0231142526618,0.0342683210043,0.0213033456303,0.0575830094935,0.0309537157328,0.051361952672,0.0289033197033,0.0552547999944,0.0310068615157,0.0298335072242,0.0348311978894,0.0517006624119,0.0300519308357,0.0496591150424,0.0350362444065
1797,0.0374789122792,0.0414084136534,0.0323244303811,0.020733100934,0.0289136767271,0.0341619810536,0.0232449127213,0.0408090518185,0.0293908436569,0.0256560319771,0.0289193448383,0.0309307235434,0.0380624750812,0.0487080352373,0.0238166166748,0.0382150128176,0.0364126893821,0.037681572163,0.0432743397728,0.0214941883525,0.0307600598825,0.0175384173073,0.0337123827681,0.0349778772269,0.0299703587611,0.0321442656657,0.0362935004579,0.0389541237298,0.0181782031164,0.0372100624376,0.0283965089042,0.0534956906767,0.0431727190774,0.0224976433324,0.0339528892591,0.0409873570566,0.0447675687855,0.0276293325817,0.0326839116054,0.0302155189847,0.0366536712496,0.0281994671805,0.0442255424959,0.0259035761867,0.0254073468878,0.0248753197803,0.0300510241966,0.0203817307919,0.0328849220452,0.0291124405024,0.046372342535,0.0249888002656,0.0364432066392,0.0217615792075,0.0253935972207,0.0537991984609,0.0340908236024,0.0332890450453,0.0396611706817,0.0363423875274,0.0377660021589,0.0339718012523,0.0395059984494,0.0247770346041,0.0268186690725,0.0326481925178,0.0188080765883,0.0296737839542,0.0417912780796,0.021522208793,0.0441232799011,0.0340707306466,0.0429163251697,0.0205186078045,0.0376293810216,0.0220514823378,0.0474903435293,0.0317054228712,0.0183958163503,0.0291257000186,0.0228631348151,0.0256043180135,0.0367577095109,0.0569961455811,0.0294886019096,0.019277545643,0.034601949467,0.0203389740414,0.0491623144817,0.023623383757,0.0344169433953,0.0323629758693,0.0473422480105,0.0268401832141,0.0300042425317,0.0309182004066,0.0481807259186,0.025203352925,0.0492584814832,0.0298702366359
1798,0.0387746105448,0.0406029459195,0.0288649996226,0.0213658711455,0.0291171855858,0.0351904640987,0.0214040953981,0.0395880321935,0.0299393429996,0.029516848445,0.0298200532144,0.0258330083312,0.0348028694825,0.0506280249593,0.0201916612506,0.0352295732499,0.0361792041888,0.0394200299049,0.0356780881193,0.0171980430184,0.038716234726,0.0234785651284,0.0358752111385,0.0321334262484,0.0354132573175,0.0313032400705,0.0353762482431,0.0357761329523,0.0177721675276,0.0283865568227,0.0238340598138,0.0508496196052,0.0333228927319,0.0210595469543,0.0343914400823,0.0367010185949,0.0519502205144,0.0292874851309,0.0363524823359,0.0354264564551,0.0370703523389,0.0288035095639,0.0423605417067,0.0280131291058,0.0284695039992,0.0282157089779,0.0283822810197,0.0182418552591,0.0298497282373,0.0288162081436,0.0452404142804,0.023618363791,0.0381185883112,0.0222174378932,0.0245909323715,0.05279670878,0.0402382588253,0.033995479776,0.0367675929681,0.0382036182525,0.0417920213041,0.0346615057006,0.0384884546202,0.0234337062108,0.0278537278971,0.0372030715637,0.0215581336923,0.0337489747037,0.0376143848956,0.0226505085988,0.0439147158143,0.0354016168776,0.0353341451021,0.0199654604258,0.0324335752052,0.0270080456997,0.0426014720296,0.0329371601968,0.0192601855686,0.0324867835328,0.0288959641741,0.0272111146042,0.0346581514556,0.0496310712983,0.0305802006259,0.018005416601,0.0395239003049,0.0232414735922,0.0463414345198,0.0227956039806,0.0233527490323,0.0370917578808,0.0423759806514,0.0279330448852,0.0345238636831,0.0319277452538,0.0462716044343,0.0241307217785,0.0510725401509,0.0300786526337
1799,0.0402295075803,0.0411085454437,0.0279936251988,0.0229701946018,0.0300628652138,0.0363423890623,0.0205622787853,0.0390387709735,0.0306377228645,0.0334960799081,0.0308636872359,0.0229183678345,0.034125129931,0.0537353235111,0.0193271139635,0.0335954936896,0.0364544102654,0.0406695992203,0.0306139888066,0.0155627016575,0.0445488521681,0.027662260388,0.0387848714404,0.0309032235915,0.0401596613054,0.0320236544763,0.0357494651296,0.0357435622626,0.019111226363,0.0240766286542,0.0209332597742,0.0497907234459,0.0272365007689,0.0212768446245,0.0362117091286,0.034968833115,0.0581605093622,0.0316199558185,0.0394137524994,0.0394454711396,0.0389563907522,0.0302973468274,0.0426818628086,0.0300605990843,0.031383557314,0.0306334442678,0.0285647541716,0.0181005316109,0.0296658629958,0.0297449923756,0.0452937758787,0.0240559043683,0.0410167572925,0.0239359222721,0.025511928118,0.0539824646581,0.0442125027117,0.0361580949167,0.0348433512944,0.0407779788178,0.0444917297625,0.0358023076776,0.0386522486968,0.0239990949132,0.0291809113005,0.0414974788956,0.0233416362726,0.0376215165307,0.0363033139523,0.0241794743842,0.0454995817064,0.0367932630383,0.0300675692885,0.0198585206826,0.0297193259379,0.030242050059,0.0414411120151,0.034200215517,0.0203385352625,0.036316511745,0.0336030477975,0.0285425707278,0.0338829228337,0.0451066439082,0.0325574519753,0.0178087610673,0.0444544104126,0.0261451920942,0.0457136017504,0.0237792031488,0.0164075357551,0.0402354114872,0.0390734602182,0.0296904665095,0.0385253316973,0.0336540190669,0.0450184708567,0.0238920160648,0.0525868034666,0.0312950629469
1800,0.0427978149657,0.0436385900861,0.0296975949297,0.0258336858919,0.0324719689167,0.0389676587168,0.0225483852553,0.040199140049,0.0341634397118,0.0371497753838,0.0336136294183,0.0241358425295,0.0359502429184,0.0577882899967,0.0220453971603,0.0353706410851,0.0387428055221,0.0434234354897,0.0287342888852,0.0170426563716,0.0494514764855,0.0309236224428,0.0426069903577,0.031523440246,0.0446125340422,0.0339897945303,0.0389152860377,0.0391096160339,0.0240536078786,0.0255339398415,0.0206619825912,0.0509470169199,0.0262768402224,0.0236334017199,0.0388019468315,0.0358812905905,0.0641979031527,0.0350168721711,0.0435954178086,0.0435185431355,0.0424753706171,0.0330966674356,0.0449108313938,0.0335293935495,0.0345128579709,0.0341511894634,0.0315966947269,0.0202983283612,0.033017431473,0.0331978841573,0.0470690841188,0.0269444046506,0.0448613773932,0.0275979294703,0.0293841833837,0.0568176427947,0.0478757770371,0.0402729928662,0.0355218342411,0.0442392199238,0.0487056386447,0.0380158946565,0.0412592194535,0.0272545647618,0.0324078056629,0.0459217104751,0.0254559216597,0.0413095258128,0.0379244053447,0.0268002455348,0.0485091901006,0.0395649588984,0.0292030677239,0.0220918379777,0.0296706137937,0.0333165077427,0.0440523028312,0.0364461707938,0.023114678073,0.0409852546717,0.0376996545639,0.031331919265,0.0358262631046,0.0439617380574,0.0362890275574,0.0203432689543,0.0486733036709,0.0290259645221,0.0470884772225,0.0271543646143,0.0144942550032,0.0441556788822,0.0391238571228,0.0332265943367,0.0427192373251,0.0364103966034,0.045912804909,0.0260888645956,0.0557110553399,0.0341130828867
1801,0.0475118862391,0.0492904908596,0.0346058163488,0.0306780876423,0.0372487008362,0.0442228344501,0.0283339620711,0.043847505471,0.0414122114774,0.0410359083463,0.0391752949824,0.0308249909985,0.0409119214114,0.0634384995317,0.0293370238394,0.0414632061136,0.043925467308,0.0487144299028,0.0309434613146,0.022226825079,0.054741186032,0.0343572811722,0.0482189269327,0.0346628126752,0.0497866107903,0.0375963289232,0.0461058424274,0.0468899427764,0.033781984719,0.0336263959913,0.0235951318714,0.055314753533,0.0317661431579,0.0288918877708,0.0424604286714,0.0400496022657,0.0716756209784,0.0403573562206,0.0502414214487,0.0488915936933,0.0485009325624,0.037921651622,0.0495757533406,0.0395579761239,0.0386421078751,0.0398991582201,0.0385525807177,0.0255109147899,0.0409140832833,0.0406152073748,0.0513628908759,0.0332248208926,0.0503562964314,0.034268300431,0.0373512100177,0.0618025187502,0.0524079164519,0.0474647477012,0.0399329234412,0.0493285118104,0.0554493288896,0.042136029524,0.0475617650594,0.0341976931426,0.0386425848197,0.0515860316723,0.028391855718,0.0456814931987,0.0431424823713,0.031351915999,0.0534965882435,0.0448312486246,0.0342191395678,0.0277104015207,0.0329483632972,0.0371850075709,0.051357911303,0.0404912389793,0.0284950724047,0.0477701755728,0.0423595040015,0.0365750491039,0.0417485869742,0.0471668509914,0.0429607877726,0.026300402424,0.0525180371132,0.0324942192052,0.051034741514,0.0338654653221,0.01860523105,0.0500267184259,0.0435726775189,0.0396930643321,0.0481896169181,0.0410114044457,0.0498792023856,0.0318155552575,0.0615413232274,0.03952619586
1802,0.0538289038733,0.057417552782,0.0420170328325,0.0369117255442,0.0437944857124,0.0514377121733,0.0364264123393,0.0493811916344,0.0503284399883,0.0451845714047,0.0465651736979,0.041291361986,0.0483933782437,0.0704494301874,0.0397806107765,0.0502136164212,0.0509610947043,0.0555050115393,0.0368498477052,0.0300600997962,0.0604120005115,0.0379723457981,0.0551615931264,0.0400306145992,0.0555926713757,0.0425567763775,0.0559929713806,0.0579590235173,0.0460821900988,0.0462790030642,0.0288565889244,0.0624026280549,0.0423905071021,0.036194760285,0.0470406894871,0.046874382989,0.0802280855866,0.0471785856759,0.0584021942089,0.0551314482752,0.0564406174264,0.0441636054166,0.0562595064512,0.0471711219507,0.0435511477506,0.0468604615318,0.0481857474124,0.032853685422,0.0519648603396,0.0508208485095,0.0576733500146,0.0418990882768,0.0571553070302,0.0430010752776,0.0478796688694,0.0686240765699,0.0574297981955,0.0568814915209,0.0472034960912,0.0556826959922,0.0632911820174,0.0477887701895,0.0565534019317,0.0436381298051,0.0466841964046,0.0582058042438,0.0316610365389,0.0506674182897,0.0512018730393,0.0373074189882,0.0601156588165,0.0519147086473,0.0437281008302,0.035354981343,0.0390824531423,0.0415162534779,0.0622991565577,0.045881409615,0.0353308953802,0.0560989693288,0.0474902821625,0.0432326608887,0.0506045098375,0.0542634564838,0.0517811835518,0.0339963673086,0.0561482074511,0.0364581982048,0.0572469956636,0.0428421300154,0.0276849759006,0.0568171558045,0.051316700436,0.0480684685918,0.054654528261,0.0470560300168,0.0561701260207,0.03984403885,0.0692007632821,0.0468698062633
1803,0.06018485698,0.0659083487915,0.0499380403201,0.0429346040893,0.0504019669965,0.0587285977407,0.0440736405868,0.0553163937475,0.0580504871796,0.0490520683647,0.0536740724658,0.0519588739093,0.0565075701353,0.0776349584897,0.0502109590821,0.0588341263838,0.0578152740513,0.0619511170984,0.0445868201045,0.0381674531486,0.0656502667027,0.0411922869109,0.0618951546306,0.0463139995686,0.0610937784846,0.0478257423698,0.0656265133298,0.0692829961523,0.0569648372442,0.0594816124863,0.0347154241221,0.0703861633438,0.0545309961643,0.0434878639038,0.0517655534803,0.054540534954,0.0880843847881,0.0539357229352,0.065902975482,0.0608291922609,0.064407954096,0.0502471233224,0.0634894035395,0.0542064988654,0.0482665077151,0.0531018950934,0.0576307052172,0.0402362261526,0.0629775747828,0.0608785805994,0.0644673199199,0.0505204753652,0.0639067136727,0.0513854390152,0.0577886387897,0.0759555281148,0.0619480759891,0.066127061163,0.0551681359118,0.0619831336697,0.0702106544349,0.0537036786236,0.0656711124205,0.0528399930536,0.0541631273749,0.064422725259,0.0345491995519,0.0553821610406,0.0599492783339,0.0431448620907,0.0670106317247,0.0590214028144,0.0543818657947,0.0425365398904,0.0463722731234,0.0454138388572,0.0738682847427,0.0513410898869,0.0415030022947,0.0639597838227,0.0521710864267,0.0493395682031,0.0597078216969,0.0632186381814,0.0604709098855,0.0408240401948,0.0594275112699,0.0402376568892,0.0643614397032,0.0515754127776,0.038673492633,0.0627573181408,0.0598960788262,0.0559835465485,0.0608439206759,0.0531281515209,0.0630119895944,0.0476371668849,0.0767683368342,0.0542545279136
1804,0.065063756491,0.0726502268889,0.0562458346765,0.0472378378468,0.0554236340266,0.0643692522411,0.0491460586398,0.060200384151,0.062669245793,0.0520114927774,0.0587238581936,0.0596442309044,0.0631811672718,0.0836956265223,0.0576867708336,0.0650354905235,0.0627743102044,0.0665550850158,0.0518434406108,0.044229679502,0.0697347122008,0.0434728487,0.0669349133995,0.0519418120286,0.0653760948154,0.0522227211811,0.0724486487027,0.0778186691751,0.0633792120853,0.0694300683804,0.039541493968,0.0772652081011,0.0644236022051,0.0488135045337,0.0557067484602,0.0610321003475,0.0936078162033,0.0591191485937,0.0709935673359,0.0647796878338,0.0705077477078,0.0547038477578,0.0695937957707,0.0589129239354,0.0518315606553,0.0571740233488,0.0642883766772,0.0456559495758,0.0709328816868,0.0680914677016,0.0701135599916,0.0567741146473,0.0691886016019,0.0572316745558,0.0643399896089,0.0822175649572,0.065190352437,0.072918396883,0.0616989872959,0.0669348363202,0.0748158680869,0.05856721362,0.0725545508297,0.0593189290225,0.0591631655007,0.0689746539179,0.0365638014641,0.0589307212355,0.0670670013203,0.0474956017793,0.0726977186939,0.0645228708879,0.0629074962123,0.0472764919914,0.0528119160494,0.0482222062683,0.0829554684352,0.0556952855221,0.0453865653957,0.0694071170094,0.0555250551117,0.053354475956,0.0665685696337,0.0715298138712,0.0669051440049,0.0448724746705,0.0621365758649,0.0431356377609,0.0707097443573,0.0577405792219,0.0481515573323,0.0665952204977,0.0669106236655,0.0613838179017,0.0656114200601,0.0578261541075,0.0687417739219,0.0530206482118,0.0826209602562,0.059834665292
1805,0.0677704622126,0.0765678199172,0.0597229744277,0.049187781361,0.0581059338854,0.0675982512832,0.0510100822844,0.0632741204663,0.0639710596795,0.0537674206365,0.0611089509983,0.0630162238709,0.0671649626298,0.0878982710481,0.0609113944732,0.0679624558626,0.0651619507806,0.0688626030351,0.0569421858002,0.0470975088499,0.0724504533048,0.0446536807844,0.069646890695,0.0558390822228,0.0680721969442,0.0550212331806,0.0755130674265,0.0820242998875,0.0646162282042,0.0742705322587,0.0424625248665,0.0818164298392,0.0699262137963,0.0512803040624,0.0582780369938,0.0650837417041,0.0962367470233,0.0620506805173,0.0731986537067,0.0666436781703,0.0738178827593,0.0569228478396,0.0735214801719,0.0607893446891,0.0538498140546,0.0587789626172,0.0671035358989,0.0481800057715,0.0744777756009,0.0713421562727,0.073670909506,0.0596428729473,0.0722713351905,0.0596736919533,0.0665847920672,0.0863734655359,0.0669979429896,0.0762484497269,0.0656760579133,0.0699437809735,0.0769497876044,0.0616728156683,0.0761719054129,0.0620633424491,0.0611365146612,0.0713840964102,0.037671130973,0.0609231563694,0.0711870475061,0.0498138498332,0.0763175543604,0.0677263253519,0.0676017230514,0.0489860420065,0.0570325435777,0.049806622688,0.0878559432925,0.0584287676832,0.0465911813666,0.0716374202277,0.0572740816639,0.0548795348335,0.070020693752,0.0773904785549,0.0701831823409,0.0457834363454,0.0641737357814,0.0448441867892,0.075121805465,0.0603651360108,0.0539011119258,0.0681819898489,0.0710912686255,0.0635550360156,0.068517049061,0.0604799571111,0.0725087595797,0.0552174345877,0.0861183409166,0.0627485611551
1806,0.0684132245023,0.0776408843996,0.0602598475234,0.049010134591,0.058582971177,0.0685061651246,0.0501516633329,0.0644752978995,0.0627519820553,0.0543887412413,0.0611716514742,0.0624016334929,0.0682768781719,0.0901444543908,0.0602256013822,0.0678751207766,0.0651704937618,0.0691731390675,0.0592057768852,0.0468976994816,0.0739616442062,0.0449059551059,0.0702055925487,0.0576698636561,0.0693078463835,0.0560884202336,0.0752656240133,0.0819941211302,0.0617606091773,0.0740801596587,0.0433567524728,0.0837641145466,0.0707596318641,0.0511010472916,0.0593449935399,0.066431762001,0.0963635121346,0.0628618120788,0.0730140812865,0.0667702730113,0.074430913775,0.057122324201,0.0750574415819,0.0603014713769,0.0544535466445,0.0584242602434,0.066459586472,0.047984253541,0.0739621655463,0.0709767250791,0.0750004656883,0.0593958823172,0.0732008897205,0.0590764514077,0.0651666486792,0.0881718253764,0.0676241415289,0.0763702978339,0.0669765013872,0.0710988407911,0.0771569040337,0.062957527181,0.0767122046792,0.0614510621093,0.0606028182683,0.0718566201252,0.0380806666287,0.0614314169324,0.0721407786613,0.0502576478872,0.0777323740024,0.0687694505469,0.0683548322909,0.0481207857239,0.0586173681081,0.0503784108977,0.088430876529,0.0596080992337,0.0456479594031,0.0709716959557,0.0576503994167,0.0543640122716,0.0701278609742,0.0801156754725,0.0705522049308,0.044268974751,0.0655669139685,0.0454358889182,0.0772037604356,0.059808897025,0.0553608379933,0.0680616519143,0.07227821838,0.0629433528005,0.0697068946857,0.0611401858405,0.0742143046606,0.0546233780896,0.0874101086785,0.0631510511722
1807,0.0671962698416,0.0761242705358,0.0581470780075,0.0470846575448,0.0571258546601,0.0672751989857,0.0469495886931,0.0638457149338,0.0593688445143,0.0540455278979,0.0592265544354,0.0582622298175,0.0667401809354,0.0905798337316,0.0562781427539,0.064969838733,0.0630215727273,0.0676682970328,0.0584899482568,0.0440880859348,0.0744446495644,0.0443950783408,0.0689670346796,0.0574184731171,0.0692891785718,0.0555396054907,0.0722247290973,0.07829655432,0.0558132919725,0.0693326639834,0.0422331327328,0.0831648626675,0.0672424179028,0.0486948097873,0.0589872744218,0.0652287727824,0.0944733297543,0.0618479215342,0.0708839055707,0.0654952283986,0.0727090523118,0.0556510431542,0.0743362631793,0.0578877588716,0.0538538607054,0.0564496749914,0.0629375520608,0.0455067099891,0.0700698146223,0.0675231441474,0.0741943992152,0.0565354085326,0.0722537678759,0.0559917126763,0.0608261260066,0.087707246753,0.0672445480049,0.0737879900895,0.0656055036144,0.0706562843085,0.0756249571575,0.0625114403771,0.0745383353896,0.0580781399416,0.0580113066752,0.0707234570301,0.0378699518742,0.0606573796111,0.0702032239031,0.0490940558361,0.0771152318888,0.0678390309169,0.0653060673257,0.045046857256,0.057588745109,0.0500851546931,0.0851382532867,0.0593470135239,0.0429820516279,0.0679198188588,0.0569129845131,0.0521362871877,0.0671934487421,0.0795858211674,0.0684318747501,0.0408037715795,0.0663958044937,0.045074463158,0.0769418056351,0.0566478077264,0.0526789911582,0.0665521341487,0.0704675713981,0.0600693622323,0.0694159419623,0.060043237993,0.0738060654115,0.0516337961694,0.08661458147,0.0613774065384
1808,0.0644492546685,0.0724435113298,0.0538929271417,0.0438684472568,0.0541170525803,0.0642402997433,0.041938015025,0.061620350602,0.0544520622948,0.0529539575198,0.0557042666245,0.0513009919562,0.0630069437994,0.0894771198152,0.0498846699339,0.059829970903,0.0591722994507,0.0647175919938,0.0549975903723,0.0392935137602,0.0741145976864,0.0433125602631,0.066369252714,0.0552750089488,0.0682754052478,0.0536312847847,0.0670311553095,0.0717403296688,0.0478393692792,0.0610258605069,0.039397756774,0.0803078328952,0.0600390000184,0.0445974641836,0.0574057347689,0.0618708975732,0.0911156080955,0.0593945489308,0.0673269507563,0.0631990410816,0.0691515596443,0.0529312991731,0.0716971559867,0.0540616227407,0.0523137048119,0.0532929374283,0.0572477337698,0.0413144760018,0.0636560484381,0.0616641794832,0.0715462671921,0.0516908124865,0.0698238421241,0.0510740611895,0.054403205421,0.0852831533344,0.066100271102,0.0691388956792,0.061857345287,0.0689543731929,0.0728066689604,0.0605696872255,0.0701699327009,0.052663079949,0.0538985420162,0.0683783954678,0.0372060169737,0.0588663321848,0.0658971985544,0.0466651841824,0.0748009715324,0.0652527287184,0.0589510991472,0.0402947591546,0.0542445534642,0.0491357593905,0.0787400779075,0.05785775557,0.039092137314,0.0630968084445,0.0553508875883,0.0486336556875,0.0617665878607,0.0760520681365,0.0643591854266,0.0359719051901,0.0667591727213,0.0439672246221,0.0745648816734,0.0515747632284,0.0464340295019,0.064070831363,0.0660311854202,0.0555362283733,0.0679448070834,0.0575352333211,0.0714855307636,0.0467844626374,0.0840682438577,0.057886486136
1809,-0.127212736787,-0.116649656025,-0.109937119784,-0.114892371866,-0.111088596894,-0.141737781042,-0.13254015799,-0.0860081712414,-0.206367778952,-0.116575440045,-0.141631849605,-0.158654147253,-0.104361226712,-0.0819355241812,-0.137856043114,-0.194550517309,-0.182424791544,-0.173630603119,-0.0601390481271,-0.0819793810683,-0.184794160797,-0.163268357507,-0.126039232866,-0.0583171281306,-0.14014271143,-0.0772498962475,-0.141428383071,-0.171729366498,-0.207657211607,-0.183622801299,-0.0646869401847,-0.0811872152833,-0.0951899815852,-0.105249367729,-0.0911060714287,-0.0745288412948,-0.236981712162,-0.116120481595,-0.184942019407,-0.174574093248,-0.129219490557,-0.0913337875789,-0.0915289834381,-0.160523007293,-0.106596252495,-0.184781982575,-0.141508127079,-0.100572623307,-0.144315621142,-0.194047441991,-0.108431839163,-0.131591488502,-0.125369862933,-0.166794840229,-0.169848862585,-0.103189030587,-0.187934977452,-0.16534127535,-0.131912299247,-0.0909966762009,-0.255088961988,-0.1148911923,-0.12995806206,-0.143413900625,-0.149285471311,-0.159961704283,-0.118733378073,-0.140187805434,-0.0985593225926,-0.103827654346,-0.0966855037799,-0.126255711846,-0.132618437394,-0.171238389294,-0.0775512783562,-0.16075240706,-0.159368028649,-0.0812235967732,-0.137668081832,-0.220462210807,-0.173509234973,-0.154569315251,-0.187491496741,-0.0650554232073,-0.158820080788,-0.116390486089,-0.0789601661854,-0.094536467092,-0.080941022873,-0.144562143758,-0.0896289562659,-0.201168388634,-0.131566398238,-0.157881753659,-0.139098594045,-0.116457344545,-0.0819575877845,-0.146953217402,-0.167375731409,-0.131419949099
1810,-0.297963028704,-0.311884006196,-0.298804986449,-0.26597513722,-0.266709713923,-0.316491995848,-0.250251750066,-0.211434855014,-0.308482918207,-0.2961354333,-0.287955431603,-0.333897532785,-0.303915737061,-0.281648313889,-0.318595774048,-0.334122427355,-0.341086733828,-0.308906987885,-0.216638245438,-0.208078750454,-0.381899324475,-0.321741050827,-0.314449979368,-0.204559082818,-0.331650163127,-0.237495602225,-0.315395013557,-0.430965565936,-0.387887889008,-0.373624067827,-0.13933348379,-0.26478295769,-0.270147394981,-0.251954417203,-0.279476735433,-0.241563338694,-0.518284711454,-0.288005274786,-0.363989335052,-0.351670883133,-0.33562643068,-0.22649221842,-0.293063485695,-0.317188633895,-0.253535784587,-0.322813429856,-0.322200108646,-0.243478050107,-0.347443284453,-0.423216610749,-0.293135348794,-0.307820971932,-0.337400139345,-0.365627020818,-0.356848057462,-0.343184312486,-0.331727989352,-0.393323051204,-0.293818375166,-0.252857160286,-0.363535251791,-0.286399548886,-0.312077743268,-0.324337195684,-0.294444209017,-0.368815258545,-0.16753739327,-0.337935451195,-0.291450642847,-0.239290118247,-0.301219201156,-0.286262626738,-0.306528882705,-0.30814054377,-0.248186424007,-0.279040398499,-0.429609242474,-0.199626379522,-0.2542861127,-0.485953972363,-0.361401698803,-0.281692262652,-0.409063210749,-0.255373985204,-0.36625462233,-0.20393548814,-0.247284914678,-0.233055427774,-0.288068250324,-0.328797362314,-0.258270707791,-0.329112236603,-0.285295676505,-0.334763597526,-0.322335583012,-0.290777865685,-0.198734436949,-0.295012346414,-0.333446599771,-0.314820205761
1811,-0.266674995236,-0.302083297775,-0.304785832426,-0.235670033964,-0.24248244681,-0.28173094639,-0.197399898834,-0.197508896482,-0.19982216344,-0.280644017396,-0.233055439545,-0.292453714208,-0.318880022659,-0.292307654312,-0.288560383754,-0.267970224943,-0.279870633086,-0.234255303938,-0.257754636765,-0.197764665343,-0.304487059108,-0.254984440415,-0.282775775889,-0.232976023378,-0.291263657029,-0.253576135053,-0.266341916775,-0.415263703872,-0.28834923703,-0.346456893367,-0.130975989999,-0.278828670853,-0.281704165439,-0.230063429253,-0.306170173312,-0.259923633062,-0.427028812886,-0.26372720777,-0.276733698265,-0.270698461614,-0.318244734939,-0.198418913231,-0.316190202216,-0.245950738353,-0.223064168794,-0.229223910772,-0.282155141243,-0.224975573592,-0.315203868676,-0.372969460519,-0.293073511593,-0.278275371493,-0.327578488004,-0.318013830319,-0.293885209481,-0.379431917003,-0.234023797951,-0.356291271922,-0.278168207152,-0.234476404637,-0.232676334048,-0.27754251872,-0.279833676253,-0.284328219854,-0.22764174844,-0.318359912948,-0.1023276527,-0.311085419866,-0.302293659653,-0.210114755863,-0.315386106955,-0.251128380888,-0.292615463442,-0.238752717902,-0.280180415719,-0.198435763857,-0.433009557202,-0.177043181105,-0.188321022309,-0.427563761842,-0.293468057928,-0.208569491156,-0.371927166274,-0.302277500445,-0.327811713529,-0.143830771169,-0.25072580202,-0.214043129593,-0.332645032023,-0.290141071892,-0.283869217747,-0.211771173201,-0.268577815213,-0.27549086223,-0.278751562177,-0.271986950679,-0.184038887322,-0.243189551925,-0.274574954886,-0.288451559352
1812,-0.179375641549,-0.215955732243,-0.222918378853,-0.145244002175,-0.162290287131,-0.196024034776,-0.122955647214,-0.145958558211,-0.104491868594,-0.186654466233,-0.143621219354,-0.198038731852,-0.240824169373,-0.214953168483,-0.186244204224,-0.180150405315,-0.182521938851,-0.144836075256,-0.226425856621,-0.132294273453,-0.177246349138,-0.14452373966,-0.174887673311,-0.195573070921,-0.183193879834,-0.194115778453,-0.164658544734,-0.285520046273,-0.142180390251,-0.247260677943,-0.09959625423,-0.216585932201,-0.21973145504,-0.149232417822,-0.243312934277,-0.199372146159,-0.238489265749,-0.173138756369,-0.148618771807,-0.14345744104,-0.213883842952,-0.118651136415,-0.244504031753,-0.136187064415,-0.139341423893,-0.121014368157,-0.176286180556,-0.145611546156,-0.199905448148,-0.24336918398,-0.221026975304,-0.179596327704,-0.224130640949,-0.195666885434,-0.168379548127,-0.302031140087,-0.122567870471,-0.228694900046,-0.216880221126,-0.151039421176,-0.127161216237,-0.206971728631,-0.185839764291,-0.175360605059,-0.127803225037,-0.190393535413,-0.0509584394866,-0.205053906853,-0.223328314147,-0.134743745185,-0.234489025972,-0.171427821151,-0.223172833336,-0.144557657215,-0.231856166363,-0.107205892517,-0.311494538998,-0.12108844136,-0.0999409655785,-0.265327849256,-0.166342055307,-0.115683702434,-0.259871104308,-0.26066080708,-0.215229496355,-0.0741657810853,-0.178041919851,-0.138945737511,-0.279643466578,-0.179003155795,-0.230754890358,-0.0951984188881,-0.208671932908,-0.159167342511,-0.174660963312,-0.183889066433,-0.142291134574,-0.152789396222,-0.185951413429,-0.191868481887
1813,-0.114104110109,-0.142828391968,-0.140400286359,-0.0745895901881,-0.100780632689,-0.135082231132,-0.0790861728462,-0.103900743156,-0.0584024238049,-0.104804762894,-0.0876543060334,-0.13020569744,-0.158489252405,-0.138963222526,-0.103949373799,-0.118993014669,-0.113029503535,-0.0920716834029,-0.178481638099,-0.0741225368589,-0.0982121939334,-0.0740696398107,-0.0889388651849,-0.148797663342,-0.104163364784,-0.129015022722,-0.0959171971544,-0.168947855088,-0.0511083409643,-0.157029782725,-0.0701471272533,-0.153273040983,-0.158610890295,-0.0839237536997,-0.169865046446,-0.13165130582,-0.106497412176,-0.101787877038,-0.0715817207746,-0.0642451518354,-0.124388647845,-0.0577507576174,-0.164459903651,-0.0684191706968,-0.0769989204396,-0.0631078852333,-0.0970760643328,-0.0784824663446,-0.106098937762,-0.148068940602,-0.152690506243,-0.101557292602,-0.13076710498,-0.10383578701,-0.0809442609663,-0.210329748301,-0.062106385589,-0.127231725274,-0.167522007813,-0.0831425887402,-0.0773985454911,-0.146201600297,-0.115958934484,-0.0921055183652,-0.0674615808444,-0.0954738206513,-0.0273780534466,-0.118779222671,-0.141635292283,-0.0802648848075,-0.15009990307,-0.117302569301,-0.166489040817,-0.0871862895485,-0.170494927433,-0.0582804489689,-0.191703216921,-0.0825715517632,-0.0484847494404,-0.140188115212,-0.0814544660308,-0.0623990206191,-0.171549536056,-0.200082748118,-0.13154673742,-0.0360760495139,-0.107908973535,-0.0781479009923,-0.208524343321,-0.0926112820557,-0.167274891985,-0.0376479216694,-0.157445308791,-0.0792994085687,-0.101379209759,-0.110711443191,-0.110956224969,-0.0935887333415,-0.128998187408,-0.115164240458
1814,-0.0705414244817,-0.091594804321,-0.0764891042503,-0.0299460392338,-0.0608367115616,-0.0947834621545,-0.0537934155208,-0.0710663739167,-0.0337859419684,-0.0488793273363,-0.055075902155,-0.0849876453715,-0.0930391595136,-0.0819748183065,-0.0494990909563,-0.0739277151156,-0.0639064608414,-0.0587099748218,-0.131617680704,-0.0326246517955,-0.0553957190124,-0.0356298190148,-0.0340313558978,-0.107533913648,-0.0564238832225,-0.076136646712,-0.0555571559764,-0.0859427539721,-0.0019418002221,-0.0872973542723,-0.044626329887,-0.10166742527,-0.110964706348,-0.0409633644183,-0.107815156138,-0.0753630933203,-0.0306864183076,-0.0560743852816,-0.0307198787801,-0.0220241360979,-0.0631683359429,-0.0197996101891,-0.0985232734703,-0.0314789709342,-0.0385641763398,-0.0338315992533,-0.0474399462735,-0.0327163070643,-0.0440265883023,-0.0882347918466,-0.0979665828159,-0.0510081637201,-0.0649129565515,-0.047188692413,-0.0295367829324,-0.132114599499,-0.0301387927661,-0.0617358094418,-0.128309508961,-0.0389841758505,-0.0504337894482,-0.100392004173,-0.07077982348,-0.0395332483395,-0.0347705459236,-0.0379271494612,-0.0152169478328,-0.0615727273491,-0.0772587290922,-0.0470286181258,-0.0836865546203,-0.0834563282944,-0.122755335525,-0.0525624209721,-0.115703402127,-0.0327669844838,-0.100271530672,-0.0580705263681,-0.0212561178257,-0.0614774096557,-0.034468691232,-0.0329334568779,-0.108727750852,-0.142238763976,-0.0800187076961,-0.0156725278975,-0.0562282155552,-0.0386848115703,-0.143622354347,-0.0377846694222,-0.111748049257,-0.0103116676265,-0.114711806184,-0.0326841032955,-0.057991437869,-0.0606194161022,-0.0859954002922,-0.0575493215008,-0.0905550300586,-0.0646710118722
1815,-0.396133516025,-0.404528895853,-0.330592285243,-0.296787829493,-0.340184090686,-0.448076901768,-0.356356191779,-0.317883201813,-0.501474737766,-0.331776353839,-0.399618808941,-0.434124908897,-0.352537777838,-0.362741079555,-0.355873732033,-0.508825125324,-0.476524356632,-0.478794423272,-0.298087376066,-0.223313492063,-0.520045754503,-0.403098445854,-0.359312728967,-0.28234469234,-0.419842480793,-0.279517545511,-0.413861676668,-0.476293771958,-0.443038937439,-0.480027888802,-0.212887902938,-0.358213143836,-0.350847773344,-0.288249960497,-0.336961467253,-0.281782024258,-0.602900592547,-0.353997705619,-0.477833245598,-0.444407504919,-0.390601457898,-0.264089383181,-0.350640946993,-0.408371369669,-0.312351883471,-0.461164008523,-0.380338128806,-0.262399864891,-0.384254668653,-0.520937907922,-0.388784490485,-0.355439045988,-0.385340857698,-0.415355532095,-0.410628287521,-0.421312321595,-0.489088998502,-0.45460811697,-0.452285375797,-0.310206318196,-0.647034398137,-0.392293216704,-0.408841444785,-0.366686386556,-0.391584901174,-0.431412231766,-0.301226108179,-0.397549465777,-0.331045891292,-0.305757549119,-0.35402330452,-0.416102208385,-0.433682240224,-0.419261717976,-0.31147304033,-0.412703451993,-0.47113463098,-0.300021872169,-0.33225844959,-0.540586639155,-0.438941935579,-0.391654145633,-0.521955058413,-0.348872799468,-0.461708166822,-0.281656917284,-0.297222280821,-0.273879979414,-0.377371917383,-0.364805434976,-0.30846201554,-0.492530065891,-0.441151305239,-0.399633141524,-0.420298545689,-0.35046147563,-0.348116472378,-0.389532298746,-0.530863024137,-0.382119874941
1816,-0.706989866189,-0.755393492872,-0.660604176771,-0.574759404494,-0.624353388477,-0.766753641253,-0.571940019757,-0.540232082783,-0.697706138494,-0.662697599873,-0.671527480615,-0.74407430682,-0.701549822278,-0.724394864232,-0.678707744729,-0.757022180842,-0.763297140378,-0.730545739599,-0.558025952567,-0.443678563892,-0.899998125067,-0.706918558235,-0.708101474173,-0.534807980206,-0.78078096259,-0.561142801208,-0.734371126599,-0.937548292932,-0.778306705851,-0.805700718772,-0.338203693493,-0.678344557659,-0.649250029331,-0.553198034308,-0.667112077837,-0.569093579642,-1.13513245527,-0.671215748277,-0.818429772849,-0.783442967019,-0.765224979896,-0.513540587837,-0.702965385938,-0.703430946634,-0.586452509121,-0.726945308625,-0.708367059237,-0.517806026358,-0.749054404752,-0.938949720911,-0.71366913308,-0.674864900701,-0.770890294462,-0.781254549504,-0.754392754671,-0.839668486949,-0.768464006149,-0.871822954073,-0.737160418428,-0.610024021043,-0.862452764235,-0.699903404233,-0.739096734646,-0.695552890233,-0.664274595548,-0.822645429175,-0.400820078205,-0.761819859751,-0.666883797391,-0.556759839776,-0.716368590047,-0.71166964945,-0.732821065806,-0.670454332134,-0.601243271105,-0.643219701989,-0.9442843112,-0.518990072762,-0.551862170304,-1.03022829877,-0.797917793151,-0.63068799716,-0.916240019515,-0.668187060793,-0.845260069711,-0.443673900705,-0.605964896688,-0.53099220987,-0.732923443303,-0.700747826548,-0.587580523958,-0.745027688527,-0.70715291139,-0.727651002428,-0.765643579865,-0.667213808674,-0.556296212023,-0.659289015048,-0.837699436585,-0.716342241341
1817,-0.634060534647,-0.720983391088,-0.654069694425,-0.512286392121,-0.568892021755,-0.685219817474,-0.460077909299,-0.497392552264,-0.478950298995,-0.628993554803,-0.557552275261,-0.643630516608,-0.71115716665,-0.734421788624,-0.60793306508,-0.60680023583,-0.627922541765,-0.573611386819,-0.60728529372,-0.412034173828,-0.751218873759,-0.578326254936,-0.64351077412,-0.569923217786,-0.701153290471,-0.57785179664,-0.631318130432,-0.888585608219,-0.581490492951,-0.723637470147,-0.305757339162,-0.682228785598,-0.645173596673,-0.502712586424,-0.700580440807,-0.584043689675,-0.959194797442,-0.618874998149,-0.647400597769,-0.627430184436,-0.721715168052,-0.455915701509,-0.727622940986,-0.561943399228,-0.524426916695,-0.543032722907,-0.620840378967,-0.47290454031,-0.674603725218,-0.828325218651,-0.692384874353,-0.608440516321,-0.743465263924,-0.683107730337,-0.625825369045,-0.884262838766,-0.576709838445,-0.791297977051,-0.682863652095,-0.571394307671,-0.599476455623,-0.667103460004,-0.663427878286,-0.609491053277,-0.530734134372,-0.723112646625,-0.271835432515,-0.703075033771,-0.668192043893,-0.49561406322,-0.727584274611,-0.633919922797,-0.676734444998,-0.524954589728,-0.637616333779,-0.485641777347,-0.925737891766,-0.46826227553,-0.420815072081,-0.909587613533,-0.668189379164,-0.483025968527,-0.821422337237,-0.725383019471,-0.7639798383,-0.321655678072,-0.60764626862,-0.491680331374,-0.790956095363,-0.61881712629,-0.606171465734,-0.517292343202,-0.647835933808,-0.607363988447,-0.679020795621,-0.621229762268,-0.511057985382,-0.54759763874,-0.708963864739,-0.655827467598
1818,-0.44539271353,-0.532854667349,-0.476391488745,-0.328027836426,-0.399266289937,-0.49711030982,-0.302039873315,-0.378532816324,-0.280600359358,-0.435973057776,-0.36917418193,-0.437127291067,-0.539415843252,-0.568418210366,-0.394319230913,-0.412784779317,-0.417687914817,-0.380800929552,-0.517841254982,-0.273780899943,-0.490432932034,-0.352766672938,-0.423760358343,-0.476352444127,-0.479094467171,-0.446620797274,-0.419594224908,-0.614721382885,-0.287269257877,-0.505708636757,-0.230345508044,-0.535334224786,-0.499590753584,-0.334583797038,-0.558390846427,-0.446451574872,-0.577810388125,-0.431046652708,-0.385580334721,-0.369176317533,-0.503716669109,-0.293210777838,-0.567090839726,-0.336805882632,-0.35158383619,-0.320651422207,-0.400579357913,-0.307893814697,-0.435641053474,-0.555248964436,-0.528108580116,-0.403378149621,-0.528557219403,-0.432789763564,-0.369606157757,-0.706662060605,-0.34574694835,-0.527445291613,-0.536208297519,-0.400454913489,-0.377517971954,-0.509286929162,-0.461745691489,-0.384840976736,-0.325499156746,-0.462257465064,-0.165069910128,-0.481818944567,-0.495092601954,-0.338790306897,-0.551520918091,-0.461931933477,-0.511224229061,-0.325474641514,-0.51914971743,-0.297158463865,-0.663510430549,-0.347064153631,-0.239926562204,-0.576149457324,-0.410698846019,-0.289503062653,-0.575472320103,-0.612350184964,-0.530329721022,-0.178121046283,-0.455478348934,-0.337263859281,-0.659275679439,-0.391201107881,-0.476068933768,-0.279757894071,-0.503517116656,-0.368485165191,-0.464336820705,-0.435018681305,-0.41020705704,-0.35545166908,-0.514660894886,-0.452978109414
1819,-0.305903527966,-0.377069044813,-0.305671898257,-0.187381683417,-0.271839632971,-0.364273511995,-0.212396554988,-0.284821774586,-0.189365945091,-0.269026537817,-0.253157929563,-0.294757206938,-0.367422629702,-0.409257845165,-0.229678920584,-0.283290944802,-0.271631653853,-0.267910520831,-0.404758990463,-0.157796146403,-0.326925988839,-0.207771413903,-0.251637761782,-0.370089784901,-0.316533384552,-0.309503348622,-0.280847193398,-0.377362488952,-0.11246763957,-0.321099144319,-0.165930351456,-0.393940769082,-0.367711074467,-0.203251456623,-0.400504668297,-0.302861752872,-0.312571826292,-0.285421741649,-0.230522797946,-0.209423103991,-0.321104890065,-0.17209455524,-0.397340511404,-0.20052078046,-0.223595491529,-0.203622802069,-0.241142912629,-0.173620896056,-0.248798796356,-0.358525947862,-0.378723586592,-0.246276560612,-0.338413923328,-0.249373409064,-0.197261102015,-0.508643552928,-0.219511810952,-0.322187513833,-0.422058000971,-0.263770433649,-0.274272939874,-0.376469985027,-0.3152684037,-0.21885954718,-0.204815687969,-0.270016957115,-0.116516934281,-0.302561701578,-0.325526689331,-0.227193675267,-0.374610337697,-0.345856903688,-0.383153295852,-0.207135850221,-0.383388323555,-0.195626825555,-0.416545224134,-0.2641415121,-0.137885124778,-0.322120443163,-0.238771771355,-0.1805104728,-0.386930701325,-0.47199171549,-0.359816086436,-0.104513533302,-0.309467416918,-0.212946624297,-0.499727558536,-0.219651687234,-0.338233693434,-0.164809061715,-0.387083566622,-0.208107927519,-0.31339630245,-0.283275318015,-0.336728005043,-0.232849115464,-0.390751241374,-0.295373597088
1820,-0.216696657022,-0.273496515901,-0.181194244094,-0.104109315072,-0.194013253694,-0.280376247156,-0.167951021458,-0.216563135705,-0.148969604114,-0.157097248872,-0.190824478535,-0.210012282364,-0.238364724437,-0.293685916997,-0.130868293676,-0.196696751138,-0.174944750683,-0.200909648294,-0.304770825903,-0.0833360181792,-0.239441428705,-0.129577690743,-0.147068569287,-0.282098801687,-0.220360064474,-0.202823544832,-0.207738366951,-0.218844404172,-0.0317573160886,-0.19265730327,-0.116544895475,-0.285311997449,-0.276484603672,-0.123488929129,-0.27150378601,-0.191187818182,-0.166115811502,-0.196588621716,-0.154430427266,-0.128406764046,-0.202379415441,-0.101970358522,-0.264136668645,-0.132422952854,-0.147223531998,-0.149726626379,-0.149951769398,-0.0891790455692,-0.135864667204,-0.242839136155,-0.265151424457,-0.152284084545,-0.209290717382,-0.144016087026,-0.106238989487,-0.346683642543,-0.154388477122,-0.197233643747,-0.3381142482,-0.179302058257,-0.223068913408,-0.280343885048,-0.227159473162,-0.122930952176,-0.146361045996,-0.157440034313,-0.0931912140107,-0.185925713089,-0.200386470702,-0.163103920761,-0.240765768343,-0.276952977393,-0.294595508567,-0.142550913316,-0.270433517879,-0.144426254409,-0.239339496534,-0.214056478498,-0.0902569341137,-0.168713441722,-0.146251037908,-0.12545822535,-0.260998887691,-0.349100877766,-0.261223675353,-0.0730806377236,-0.202462058051,-0.134179088927,-0.361993974596,-0.119218671927,-0.230289174489,-0.11556546718,-0.298824708857,-0.121619995467,-0.226733677628,-0.183909439141,-0.28347934425,-0.165008723008,-0.31188804516,-0.197413519864
1821,-0.157903580252,-0.206493465507,-0.0990198856823,-0.0596972789905,-0.147613794529,-0.223748370715,-0.144280804245,-0.165400533029,-0.128166538799,-0.0881129390946,-0.155106583307,-0.158112184394,-0.150799525361,-0.215934073535,-0.076941775507,-0.136030577565,-0.109090234366,-0.155430169475,-0.225154230291,-0.0407768457531,-0.190504846059,-0.0869605503048,-0.0893158604617,-0.214916100986,-0.164927356914,-0.12753937791,-0.170630872177,-0.122645267699,0.000289090061452,-0.110266578432,-0.0798481018509,-0.20481076424,-0.21799140265,-0.0792877321234,-0.17576390304,-0.112599183601,-0.0909366677138,-0.145634187747,-0.117151726418,-0.0881940703408,-0.131262061291,-0.0651131190049,-0.169342458703,-0.0987353854063,-0.10320058943,-0.123033794009,-0.101431434274,-0.0412955492981,-0.0745216514859,-0.176263569305,-0.181477005814,-0.100690816273,-0.129300689945,-0.0887289714368,-0.0627006124976,-0.226457987344,-0.115938764585,-0.127070127842,-0.273536997141,-0.131423699031,-0.191529505992,-0.21058371488,-0.173999621689,-0.0724204564859,-0.118348387117,-0.0954853104842,-0.0792189170569,-0.113187737465,-0.116969892514,-0.127321966752,-0.148359099851,-0.233021168482,-0.231087121178,-0.10416277297,-0.185435307153,-0.114955420947,-0.124187166859,-0.181433747161,-0.0683008727967,-0.0824915093336,-0.0986432475276,-0.0951212518832,-0.176156825596,-0.251953855392,-0.207271144969,-0.0598186898764,-0.129823642551,-0.0873905504324,-0.254523846995,-0.0662710604646,-0.154216433452,-0.0926467019672,-0.231232788013,-0.0773792022306,-0.177450836926,-0.121675719771,-0.241829823117,-0.125729715101,-0.256057340248,-0.139374457244
1822,-0.129428947406,-0.174003180362,-0.0583242161492,-0.0480956310379,-0.129765807451,-0.195758895343,-0.140980963957,-0.136061228264,-0.13273188862,-0.0585094712916,-0.144960959983,-0.137475156068,-0.105403015751,-0.175913984829,-0.0609497873559,-0.109629977635,-0.0798444513588,-0.137530415587,-0.171900458522,-0.0261603651846,-0.177401495668,-0.0758525525058,-0.0718384953768,-0.17213857526,-0.145501210613,-0.0855790634261,-0.164400280479,-0.0830110282724,-0.00624788052354,-0.0760253942356,-0.0598701981656,-0.155497468304,-0.190500286196,-0.0655414257892,-0.117747298116,-0.0688965481999,-0.0751299234975,-0.127854938008,-0.114064323301,-0.0830606034137,-0.102939318419,-0.0562645340673,-0.115768840692,-0.0949965492907,-0.0875547785607,-0.123567169082,-0.0887695959165,-0.0250311870449,-0.0569016974581,-0.152817674231,-0.132385776485,-0.0852170077617,-0.0949067961699,-0.0753264435402,-0.0577414840688,-0.153625411351,-0.106968145594,-0.104135783847,-0.235143492741,-0.115799927159,-0.190783930203,-0.170727479071,-0.152660448757,-0.059840362072,-0.117240261332,-0.0767155749937,-0.0798717104129,-0.080624659538,-0.0750725356115,-0.116261184226,-0.0984676059962,-0.214428349098,-0.195656698786,-0.0928404456804,-0.132918041189,-0.109500827785,-0.0688719080879,-0.16697704003,-0.0690807502838,-0.0538246052317,-0.0889908632597,-0.0894683785378,-0.133922951773,-0.187507334771,-0.1919406673,-0.063640913401,-0.091532057308,-0.0690476000369,-0.184590949376,-0.0530615437029,-0.111975844853,-0.0980377523105,-0.192282466457,-0.0684413964166,-0.161322266011,-0.094057862291,-0.217999321898,-0.113239000973,-0.230573689647,-0.117129161073
1823,-0.108570323448,-0.153075489376,-0.0383229196109,-0.046392592547,-0.119471044178,-0.172715317912,-0.135851437252,-0.11270420513,-0.127403117406,-0.0453357212442,-0.135585329901,-0.122063923185,-0.0820422436489,-0.153238942694,-0.0561234590458,-0.0850934933709,-0.0569038531093,-0.117765456715,-0.135688395611,-0.0221530977625,-0.16707434939,-0.0687411081851,-0.0673805806664,-0.143100100263,-0.134756504281,-0.0621312594281,-0.16139987248,-0.0666460406724,-0.0139613341859,-0.0563790413101,-0.0441079507564,-0.120880670289,-0.175020727703,-0.0611910336321,-0.0823479534118,-0.0444846123832,-0.0720764069103,-0.119727957502,-0.111359456599,-0.0806093091425,-0.090631331903,-0.054943567037,-0.0852925714288,-0.0923369394956,-0.0791715369481,-0.120002077956,-0.0843357483954,-0.0200032107913,-0.0530422623631,-0.138882941727,-0.098855889955,-0.0801928020158,-0.0800502149636,-0.0727087132,-0.0591212086657,-0.109081648947,-0.0949365392593,-0.0957732640424,-0.202638986317,-0.110726826488,-0.176572008174,-0.142043770411,-0.137992703795,-0.0571494122616,-0.115977669469,-0.069334599393,-0.0739090866334,-0.06237381246,-0.0542787900238,-0.110148313428,-0.0708059511759,-0.198692660647,-0.167357243631,-0.0816092857742,-0.100086845847,-0.101148243689,-0.0425463108611,-0.154684152852,-0.0686745272894,-0.0427114434309,-0.0856809272786,-0.0821885613315,-0.104818962136,-0.143941710841,-0.185494951444,-0.0639628807051,-0.0699562745027,-0.060450027713,-0.138616453602,-0.0511703877774,-0.0883611514694,-0.0960745340192,-0.160292926547,-0.0651604720154,-0.151514008311,-0.0789170713152,-0.195716569215,-0.102925690235,-0.206070103788,-0.105868344421
1824,-0.0780571277601,-0.122439884371,-0.015745031298,-0.0355979405711,-0.0996167349773,-0.138082350127,-0.117576487989,-0.0841106238914,-0.105681184411,-0.0265992992076,-0.112602245746,-0.0934739976815,-0.0568500567739,-0.125287375594,-0.0397549619209,-0.051369068828,-0.0254694608393,-0.0856814346128,-0.100717785566,-0.0123082400383,-0.139920507348,-0.0487394515906,-0.0526175782159,-0.112756062379,-0.111522476991,-0.038608714328,-0.142535473864,-0.0410386461837,-0.00108574275642,-0.0300795113252,-0.0259352574268,-0.0822553819227,-0.15132012152,-0.0480909040909,-0.0488070164755,-0.0196863259693,-0.0482468575303,-0.101265238892,-0.0902642830438,-0.0615978459368,-0.0693297706305,-0.0445866325176,-0.05474931246,-0.0739968270463,-0.0614326364042,-0.0997079555699,-0.0665313616896,-0.00781685005053,-0.0370795914264,-0.108774372187,-0.0621521868468,-0.0640506660233,-0.0587466479199,-0.0564347115415,-0.0441122890143,-0.0664026308681,-0.0677530856852,-0.0742266164201,-0.162313985414,-0.0969316912925,-0.145165952428,-0.107811691261,-0.110446148699,-0.041918446964,-0.0993634365787,-0.0485384735937,-0.059875937726,-0.0357243012023,-0.0310657961846,-0.093965520913,-0.0413693178174,-0.170634349367,-0.129435008003,-0.0573813867698,-0.0683615539467,-0.0800024342579,-0.01160363522,-0.133507548314,-0.0548866331985,-0.016651351614,-0.0674079432692,-0.0612709975984,-0.0657903663236,-0.101827244826,-0.164376904448,-0.0521188425272,-0.0457266987824,-0.0451875268097,-0.0951753255989,-0.037336612247,-0.0635412304428,-0.0761438060422,-0.122255579039,-0.0469996672453,-0.128282150489,-0.0563704628177,-0.166086738335,-0.0796063166811,-0.169379324525,-0.0845099472002
1825,-0.0455520882554,-0.0873418261883,0.00860402264226,-0.0205789324339,-0.0760462853088,-0.10065013835,-0.0945555074054,-0.0551510572407,-0.0814966993971,-0.00629761131811,-0.085673089342,-0.0595180480825,-0.0302641599161,-0.0946335294929,-0.0166545725485,-0.0177571854735,0.00518671227241,-0.0531301849638,-0.0657887757069,0.00183761080832,-0.109970682218,-0.0268713550606,-0.0333061469354,-0.0814068101316,-0.0845591918626,-0.0153534402023,-0.116605040587,-0.0100214795613,0.0197323935671,-0.000178814025345,-0.00708435369175,-0.0424250486998,-0.120475130505,-0.0302171217398,-0.0174280654869,0.0057910653183,-0.0181088553896,-0.0781739748238,-0.0642518503032,-0.0386575176326,-0.0436210918852,-0.0299732778356,-0.0243452666457,-0.0509715701915,-0.0406405324891,-0.0763606598423,-0.0421724243819,0.0086260997965,-0.0140814519528,-0.0722714349662,-0.0262286830628,-0.0421132796562,-0.0345504989726,-0.0340889871144,-0.0218094703948,-0.0256884539523,-0.0402610098575,-0.0465069346185,-0.120675736341,-0.078993769895,-0.113774830263,-0.0734563847818,-0.0774599876756,-0.0204122466049,-0.0777607261443,-0.0232418365329,-0.0462616009558,-0.00721174000928,-0.00586206688922,-0.0737100566119,-0.0112751200299,-0.138803180834,-0.0874511000833,-0.030571030746,-0.0370089791298,-0.0583261490834,0.0224305703137,-0.10955765541,-0.0371719095303,0.0145907307358,-0.0453866986695,-0.0376796035657,-0.0251737322231,-0.0599994752398,-0.136788434246,-0.036116893572,-0.0214906251511,-0.0276346818722,-0.0537519017801,-0.0174810467974,-0.0360875735312,-0.0542284232168,-0.0836321743087,-0.0232766216876,-0.100783950034,-0.0314638910219,-0.134567085315,-0.0521024086189,-0.131954160314,-0.0590805675727
1826,-0.0158157876882,-0.0529326787876,0.0314550897514,-0.00590984600829,-0.0533404522339,-0.0653711002113,-0.0711100929995,-0.0283417253806,-0.0587374533387,0.0112411876882,-0.0597739240036,-0.0256086793158,-0.00542549138146,-0.0653882661442,0.00770806401273,0.0128679188004,0.0317745290334,-0.0238152766781,-0.0323333230658,0.0171673775847,-0.0837998359422,-0.00858021423881,-0.0148763748071,-0.0512486488169,-0.0598510109867,0.0052945504583,-0.0897195132139,0.0203620058466,0.0406222529269,0.0298278706685,0.011379301601,-0.00491973224786,-0.0861735602539,-0.0118674906269,0.00928518989909,0.0296785885046,0.00876260790154,-0.055520045792,-0.0400268225269,-0.0182780654043,-0.0188090268609,-0.0153457321374,0.00307211762185,-0.0291358448326,-0.0213773074569,-0.0550900970411,-0.0172043998047,0.0254617691958,0.0100055535033,-0.036712764478,0.00570199662598,-0.0197105797728,-0.0122534918686,-0.0120956172676,0.000897683619853,0.00992940951751,-0.0170374273293,-0.0193071743245,-0.081068142418,-0.0613963553962,-0.0855185436348,-0.042613966783,-0.0446511962388,0.00155112463898,-0.0566671545109,-0.0000647262050448,-0.0343952927468,0.0177881004134,0.0181778350614,-0.0537461379452,0.0160654030582,-0.108020583548,-0.0455406135876,-0.00573411929558,-0.00795118949612,-0.0399117731967,0.0546402367677,-0.0863047976776,-0.0201951156869,0.0429450807569,-0.026152181007,-0.0159759447689,0.0117201266444,-0.0203560608715,-0.109248957305,-0.0198226390079,-0.000714581593791,-0.0116606671265,-0.0166761984295,0.00264790775026,-0.00794211257989,-0.0351078984676,-0.0470418709727,-0.000321878644585,-0.0749212628077,-0.00866891801624,-0.103592947823,-0.0254520346936,-0.0978234936196,-0.0348054674362
1827,0.0101692801983,-0.0212632188764,0.0513372526157,0.00686835238248,-0.0330043701131,-0.0334525804764,-0.0492313563121,-0.00438398025752,-0.0385830549652,0.0254732303532,-0.0362728097113,0.00545095496194,0.016329154404,-0.0387736872784,0.030287427952,0.0394781809338,0.0539930934875,0.00190645028685,-0.00156725198668,0.0315202543863,-0.0613133637822,0.0062400172923,0.00117198512447,-0.0234421065569,-0.0382276011911,0.0227369374634,-0.0644786898892,0.0473769608338,0.0583841765656,0.0570918980725,0.0284257999767,0.0288585537916,-0.0518479793422,0.00494829794172,0.0310820812375,0.0508014449983,0.0309790813321,-0.0348889652407,-0.0187961118752,-0.00111113610043,0.00325385055421,-0.00222539444155,0.0266161523386,-0.00990944087118,-0.00454424405656,-0.0364763149357,0.00565774550417,0.0407326421667,0.0321052887185,-0.00469130877453,0.0330384843984,0.000770153178937,0.00690544058206,0.00729721771277,0.0211327147138,0.0398129141767,0.00258285971798,0.00503356328856,-0.0447610062306,-0.0454877008311,-0.0602986605073,-0.0158373576856,-0.0142801925441,0.0213834229228,-0.0377201643995,0.0197803717931,-0.0239211746705,0.0385529958143,0.0394663680772,-0.0354395922739,0.0397041098164,-0.0795611612797,-0.00625988208587,0.0158681263006,0.0177840312878,-0.0242792905988,0.0827634989937,-0.0646710830032,-0.00529999741472,0.0665629382216,-0.0102191769081,0.0029601921721,0.0435111925,0.0157950004199,-0.083949499521,-0.00511774666743,0.0164276082821,0.00203273839595,0.0153545408843,0.0206418614153,0.0187237976733,-0.0187435868226,-0.0137972325407,0.0198740492764,-0.051720276828,0.0109242724953,-0.0742809704559,-0.00148745706179,-0.0674617915969,-0.0133685251158
1828,0.0315998053661,0.00587938329752,0.0668551492793,0.0166368203102,-0.0162705588372,-0.00612874095367,-0.0310908969863,0.0157517918403,-0.0228461288529,0.0365082322122,-0.0165606722005,0.0307412794162,0.0337210610727,-0.0156119500406,0.0483022353007,0.0603322400398,0.0710153421492,0.0231462960233,0.0248289347475,0.042750426641,-0.0421907050392,0.0180254892408,0.0138934025804,0.000811020340173,-0.0199235349365,0.0365455814927,-0.0432824838352,0.0686232462301,0.0702519006301,0.0782797025653,0.042603492495,0.057526936151,-0.021395581131,0.0185062889869,0.0480412995992,0.0678730099672,0.0480904063923,-0.017422106628,-0.00162521854574,0.012504885903,0.0211747816054,0.00821916926971,0.0455256156256,0.00544758107159,0.009404957219,-0.0213819009376,0.0240475877242,0.0527012710233,0.0494972528151,0.021618223706,0.0551312910177,0.0173041576324,0.0222152118772,0.0223590865124,0.0364832955884,0.0635982107692,0.0188072619439,0.0247397680382,-0.0134683673597,-0.0322009118314,-0.0390612188206,0.00637680229589,0.0115658074362,0.0368847033946,-0.0224668210518,0.0357547733162,-0.0150224507505,0.055011467074,0.0563998591795,-0.0199060697024,0.0589545752259,-0.0546968836616,0.0273724572547,0.0327308521022,0.0389837059086,-0.0113582768537,0.104620918189,-0.0455916892644,0.00620326662607,0.0844668870732,0.00246836939994,0.0180785678735,0.068686317383,0.0467592380484,-0.0626347947054,0.00607530159435,0.0304206760061,0.0132250694381,0.0416971197582,0.0345433304107,0.0410683460467,-0.00565449909305,0.0141852551647,0.0357351679564,-0.0317804030209,0.0265768423517,-0.048220329421,0.0179724325903,-0.041890127989,0.00394196540101
1829,0.0479349858724,0.0272645260559,0.076995112365,0.0227399288001,-0.00394335279269,0.0157545682561,-0.0179267527864,0.0313479999948,-0.0123180489874,0.0445387525806,-0.00150970651704,0.0483758712405,0.0457802952267,0.00353750643273,0.0599657485738,0.0744615907021,0.0823941497251,0.0393598640742,0.0453220257481,0.0493754311644,-0.0262528533092,0.0270651525058,0.0227552033017,0.0205077304506,-0.00502948851377,0.0464275384212,-0.0276225208726,0.0824957903579,0.0748984847438,0.0911486086013,0.0529066411856,0.0800247240165,0.00217377518607,0.0276905349015,0.0603119107583,0.0798682556906,0.059966914266,-0.00384473858776,0.0108941536859,0.0224029437449,0.0340661057422,0.0152792947066,0.0592336058985,0.0162400684273,0.0202165644996,-0.0102830994269,0.0364977561825,0.0602375075771,0.0604252925245,0.0408513615343,0.0714917244587,0.0285956046084,0.0332643702936,0.032086654028,0.0455729225662,0.0810528797079,0.0317071823534,0.0387230456668,0.0115178099671,-0.022111788615,-0.0222692673943,0.0236674343746,0.0315105728947,0.0467185683979,-0.0117949709792,0.0476364460821,-0.00780146109253,0.0672597160556,0.0677683063821,-0.00783372881427,0.0733627288882,-0.0343150867191,0.0531225834595,0.0440172132653,0.0546138399131,-0.00112218189426,0.118683104379,-0.029735559649,0.013631020396,0.0961802366479,0.0119963152824,0.0287914856578,0.0862711180166,0.0710062418721,-0.0464088010625,0.012790177417,0.0417455216987,0.0218415631982,0.0618264794596,0.0431593044001,0.0566981189235,0.00388631974826,0.035507211002,0.0463654048889,-0.0154410714649,0.0378590436349,-0.0265826218257,0.0318090676768,-0.0217708647217,0.016306501902
1830,0.0594153239512,0.0428443713061,0.081771175602,0.025397574899,0.00409076209281,0.0323238992785,-0.00948766053589,0.0424376942538,-0.00629864097324,0.0499909126372,0.00911358209323,0.0584327899701,0.0524836070965,0.0187504592116,0.0653070022075,0.0822969916197,0.088626337284,0.0509341059948,0.0593379516908,0.0512587813762,-0.0130666285068,0.0338019734353,0.0280551847427,0.0353518952652,0.00679516509287,0.0525738847315,-0.0173566503724,0.0890618957864,0.0731891982487,0.0955948293266,0.0592186589827,0.0962472181596,0.0179551498693,0.0325407702827,0.0683619084617,0.0866664993997,0.0673005426826,0.00596840333281,0.0192457326371,0.0290540128024,0.0420814262121,0.0191145886763,0.0678719491446,0.0228879019547,0.0281324048039,-0.00272028230304,0.043161750586,0.063390584323,0.0649417318457,0.0532500927461,0.0823448940367,0.0347325488018,0.040332217147,0.0367983059964,0.0487953264369,0.0925285583933,0.0417325730991,0.0472139426597,0.0300454067833,-0.0150781435259,-0.00939091599319,0.0362723622064,0.0455964459422,0.0510947514779,-0.00533521318202,0.0558819772141,-0.00202122790466,0.0758095818632,0.0734694248785,0.000920422917545,0.0831482444598,-0.0183680624619,0.070579958872,0.0501836280581,0.0644729208659,0.0068000983172,0.125018723584,-0.0170987111218,0.0174082395671,0.102262590306,0.0188257936501,0.0355046795337,0.0966239046449,0.088024478533,-0.0351325848831,0.0155025844399,0.0508937580437,0.0281463182712,0.0758460619625,0.0466995493846,0.0648190812789,0.0104326587071,0.0500415405822,0.0521412286534,-0.00241853970493,0.0450633683414,-0.00959723605783,0.0402681490926,-0.00683161452857,0.0239104229009
1831,-0.124460753816,-0.134204546712,-0.0791001381927,-0.13233062872,-0.155656787641,-0.16133189258,-0.176807093712,-0.0973858115026,-0.263748124255,-0.117502055486,-0.180370228984,-0.143080439403,-0.11051501889,-0.14189125779,-0.117887597399,-0.167735659857,-0.150504673058,-0.180067991454,-0.0444370945677,-0.0682520519443,-0.264879978392,-0.170000457293,-0.161999267875,-0.0663452316782,-0.194467645589,-0.0747907541891,-0.217387425675,-0.150091646529,-0.184636857981,-0.145767640196,-0.0401717672978,-0.0531246015499,-0.121917062154,-0.113561878825,-0.0757880532461,-0.045073467455,-0.258667614202,-0.162716952999,-0.228197848306,-0.205971625697,-0.15125854311,-0.12304091928,-0.0900036172519,-0.187693889742,-0.125935043002,-0.236493819644,-0.150353037363,-0.0762854720076,-0.139546988205,-0.193066149556,-0.0907282887158,-0.143896683499,-0.15115474337,-0.178404744814,-0.173303009498,-0.0890259480696,-0.207466213054,-0.181668870699,-0.14910590115,-0.171006770598,-0.329852775683,-0.130726983567,-0.143458904132,-0.142031528034,-0.204095417205,-0.168285815178,-0.155138994219,-0.118916952893,-0.0872209753526,-0.143280170497,-0.0821960841557,-0.197627711383,-0.105879299939,-0.157506869867,-0.0599484143694,-0.199544122582,-0.10943962458,-0.146646959252,-0.157108835563,-0.178863356381,-0.207263465416,-0.163609433249,-0.146103714672,-0.039492639022,-0.2500085792,-0.134453002944,-0.0899586901108,-0.106823400445,-0.0698279902057,-0.147281020628,-0.0637514374823,-0.252241657685,-0.13641926867,-0.15776069255,-0.200920422516,-0.124907971389,-0.149594550463,-0.146980751813,-0.248755532829,-0.160488788068
1832,-0.293232152797,-0.324390372145,-0.271242072219,-0.286780406112,-0.310952358935,-0.33011320505,-0.292042621034,-0.219903635963,-0.366579853328,-0.299458107274,-0.323909487296,-0.317363714761,-0.312087009709,-0.336650448258,-0.30072157379,-0.308945983637,-0.312282491052,-0.313079716002,-0.196420393836,-0.19735861069,-0.459872727512,-0.329684007508,-0.353189292051,-0.206276333936,-0.383899826682,-0.236324083442,-0.388889842615,-0.413624228379,-0.373517333918,-0.340520612861,-0.113784276864,-0.231689186666,-0.289415578432,-0.26140757724,-0.265387536346,-0.213293462849,-0.545057427822,-0.332882213355,-0.407736502835,-0.385111449401,-0.358968631748,-0.260107546379,-0.292493077886,-0.345320333027,-0.272224189848,-0.374466531023,-0.332157579559,-0.221849666252,-0.34615870044,-0.420790627358,-0.274895840606,-0.32135040279,-0.365257484413,-0.380705546351,-0.364441800995,-0.329588297076,-0.350574770721,-0.411048415985,-0.303276571746,-0.333307866808,-0.434893176338,-0.299496465774,-0.321185659522,-0.326113813841,-0.349562473354,-0.378600352669,-0.202771758726,-0.317921167517,-0.282833143817,-0.276741367926,-0.286803529467,-0.350846460071,-0.272877620148,-0.295823928451,-0.229550286511,-0.31765719492,-0.385187097182,-0.259562533753,-0.275400737788,-0.449591322606,-0.397041249042,-0.291060314628,-0.369274069467,-0.22397312105,-0.455494985231,-0.223163064567,-0.257489169636,-0.245486321002,-0.274289591661,-0.335215959027,-0.232303647313,-0.381342195943,-0.285800787904,-0.336834880741,-0.380759794647,-0.300533330996,-0.257930602685,-0.294191571103,-0.411262290165,-0.34475139934
1833,-0.257343547146,-0.307745102188,-0.279127854928,-0.256874448494,-0.284028414568,-0.286606202566,-0.233411297589,-0.201641685415,-0.252107715177,-0.283238463411,-0.262569671354,-0.272630687581,-0.327811946963,-0.340357293719,-0.270399896472,-0.23998415268,-0.24960288763,-0.231504751318,-0.234559729025,-0.188981560681,-0.374223257427,-0.25927440786,-0.320496327674,-0.228907722347,-0.337243440849,-0.25254897861,-0.33367091631,-0.399332172322,-0.276674591478,-0.31547641433,-0.103630433431,-0.240428732951,-0.293871657877,-0.238559760853,-0.292187576747,-0.232385980332,-0.451339982597,-0.303958882231,-0.315083570654,-0.300516870858,-0.340013581053,-0.231263697216,-0.315457476205,-0.270300892178,-0.238185417358,-0.274963771796,-0.290170193629,-0.204121032594,-0.314530775584,-0.365267455674,-0.272754810788,-0.29033301788,-0.354398647206,-0.332487002717,-0.301372158806,-0.365445613244,-0.245970478008,-0.37150775565,-0.278563621956,-0.312417942899,-0.292409192519,-0.285944130691,-0.28193503426,-0.286033032684,-0.278667529074,-0.324769337064,-0.132292269907,-0.288835581358,-0.295264564909,-0.242841653118,-0.299311236966,-0.305982151161,-0.251610522038,-0.223753740376,-0.26087738919,-0.231610839146,-0.391808657385,-0.229428392416,-0.207065738693,-0.391198210944,-0.32560819212,-0.213902685369,-0.330444757848,-0.266428380826,-0.411205049632,-0.16088055637,-0.257802966413,-0.224054725051,-0.316401223153,-0.296921006396,-0.258784176247,-0.257992659343,-0.263251506732,-0.275611506144,-0.329554539729,-0.280337674616,-0.233422049726,-0.2384219598,-0.344368334512,-0.316413863564
1834,-0.162557460523,-0.211546291389,-0.195499880147,-0.163113981538,-0.198061366428,-0.189529440059,-0.150570892699,-0.144206183121,-0.148457628821,-0.184548287766,-0.163731842654,-0.171724475348,-0.246796490741,-0.252372586162,-0.163673098053,-0.147145508588,-0.147873585095,-0.1330490913,-0.199099693046,-0.122628916338,-0.234592707451,-0.141672390744,-0.207001500271,-0.18422478908,-0.218843774113,-0.190282522769,-0.221764927184,-0.265503188954,-0.127620656109,-0.21485199897,-0.0696301776846,-0.170650179344,-0.222359107057,-0.153457121053,-0.226228679025,-0.169779111778,-0.253352407402,-0.205034135781,-0.177188859806,-0.165387151976,-0.229702369368,-0.147399951977,-0.240073463924,-0.152952841655,-0.147803203121,-0.157578030152,-0.178209272571,-0.122242385707,-0.195035117219,-0.225721378231,-0.195851365331,-0.186181166916,-0.245262168247,-0.20465865846,-0.170863242419,-0.283792587209,-0.12484692096,-0.236229080451,-0.20671871322,-0.222731584251,-0.173543445029,-0.208056938726,-0.177566575244,-0.172619749421,-0.171132416011,-0.188536674844,-0.0748795381081,-0.176526049507,-0.214258420091,-0.159825903446,-0.212940441067,-0.213859773435,-0.172978834998,-0.124020831924,-0.209680769774,-0.13259775772,-0.268092307375,-0.164012248305,-0.113272560921,-0.222887722589,-0.190514124166,-0.114212543704,-0.212788526122,-0.218644403099,-0.288181957941,-0.0865070198561,-0.17866381645,-0.143537463766,-0.258281173173,-0.181599357692,-0.204388698121,-0.132226433662,-0.195992979391,-0.153080221862,-0.213952223844,-0.187244945401,-0.180871656083,-0.141102504009,-0.245291286019,-0.214014617076
1835,-0.151492824158,-0.18797396583,-0.16151119305,-0.138870377071,-0.182980815898,-0.183563250662,-0.152152306575,-0.143406451735,-0.176767114329,-0.153023946673,-0.161200907792,-0.161536440445,-0.213122237137,-0.220673682463,-0.133718376341,-0.161264177904,-0.151346588773,-0.14861986918,-0.182021720083,-0.0993905334853,-0.229313511585,-0.132577491809,-0.176530523992,-0.165804774989,-0.197753276869,-0.163515034622,-0.207368502446,-0.219753582724,-0.112001619558,-0.196798291213,-0.0693114966039,-0.15078938918,-0.19691934377,-0.129948591331,-0.197026803318,-0.14174103623,-0.218252023406,-0.181171612153,-0.171504973247,-0.155787731071,-0.196677844314,-0.12758022982,-0.20739333733,-0.145970900857,-0.130288023969,-0.16750621183,-0.15406140121,-0.0958699424819,-0.160235227955,-0.200859804151,-0.179982389629,-0.159215488137,-0.208205223752,-0.175471292288,-0.14749665154,-0.247474086658,-0.139202869547,-0.200728070241,-0.208424687688,-0.199421825108,-0.217689122611,-0.196554039813,-0.160099166752,-0.145263485095,-0.167193471125,-0.159161030571,-0.0968394229804,-0.148697769247,-0.180769609202,-0.14549435587,-0.177252064975,-0.208863975466,-0.165772547269,-0.127951583179,-0.185907542315,-0.14556348366,-0.219043219646,-0.160887364163,-0.112115732825,-0.182222179575,-0.172714385319,-0.119247543588,-0.197483640252,-0.195228559083,-0.26446085737,-0.0902252307327,-0.150124436368,-0.122220729352,-0.230978749861,-0.151604551305,-0.179103597062,-0.152130238919,-0.199369381562,-0.134250604331,-0.19657509073,-0.164446586726,-0.187606058655,-0.135660787006,-0.259512346667,-0.191183440764
1836,-0.152872799418,-0.184936437014,-0.15066419464,-0.13536244999,-0.18341914932,-0.185211634593,-0.148990929365,-0.141916812233,-0.169206858275,-0.149875208953,-0.16190522831,-0.156483673337,-0.203254382438,-0.215257422889,-0.123929547107,-0.14858205309,-0.144355017036,-0.146683080135,-0.17596966992,-0.0901326355299,-0.239201573125,-0.139236388971,-0.173141882512,-0.161299489937,-0.201225520643,-0.156589468638,-0.204934638782,-0.207419691326,-0.107159226133,-0.173654991785,-0.0599120012988,-0.146830936168,-0.184766243382,-0.124201150255,-0.190829643203,-0.13173940693,-0.221391584054,-0.179209107939,-0.174596055845,-0.161250704619,-0.1913420217,-0.124972581808,-0.198530145277,-0.147425262926,-0.13134943579,-0.170110522468,-0.148750477519,-0.0875995278844,-0.149995329263,-0.198112523818,-0.176533493303,-0.153233309381,-0.201751165117,-0.171247197866,-0.142616134387,-0.238991914696,-0.14461916209,-0.195081009206,-0.206076941288,-0.198119254592,-0.208784904203,-0.196626822395,-0.157300372727,-0.139014128321,-0.167892896969,-0.158837670296,-0.0936801548038,-0.148407636227,-0.169854375427,-0.145067307065,-0.167992166207,-0.210975636469,-0.159869898101,-0.126043492414,-0.1781632228,-0.150687092317,-0.203475956711,-0.162957326239,-0.112000298504,-0.178997701902,-0.17818415464,-0.119985809376,-0.194153115515,-0.186772022843,-0.263874736479,-0.0858238328189,-0.147432212298,-0.121289075003,-0.224217759295,-0.144969272557,-0.166587135556,-0.154238248708,-0.192188005328,-0.13293866192,-0.199551845206,-0.162471184034,-0.185424832708,-0.134227938587,-0.260906997878,-0.189388398212
1837,-0.0998672872346,-0.128336876445,-0.0954993213956,-0.0889232368507,-0.137085141684,-0.128399517279,-0.0972800516255,-0.0996982691115,-0.101057953678,-0.102649148895,-0.107084175872,-0.0907422954917,-0.147826374809,-0.163509111047,-0.0619682998017,-0.0774533723568,-0.0772807344009,-0.0844135358512,-0.134878673849,-0.0472064428645,-0.177296221437,-0.0889820132304,-0.118045962377,-0.12391601728,-0.147393062602,-0.114450911815,-0.143008080225,-0.129333428177,-0.0313030709188,-0.0945388822033,-0.0260421762216,-0.0958290980608,-0.126593675064,-0.0771005885947,-0.144781740547,-0.0838062219859,-0.135298798948,-0.128899929335,-0.107402946411,-0.100767123984,-0.132306065541,-0.0826933940336,-0.145222818499,-0.0889096641688,-0.0886089087537,-0.108758034602,-0.0877346981374,-0.0407125805226,-0.0825152682709,-0.123382133038,-0.122667831326,-0.0965327936239,-0.143659211131,-0.107383484372,-0.0751518447972,-0.179093518939,-0.0833050853481,-0.125517829509,-0.150204977356,-0.15325829847,-0.130613819692,-0.147163438749,-0.0972157126367,-0.0785658176151,-0.1115470675,-0.0966389962308,-0.0576730399453,-0.0944177415368,-0.113961484426,-0.102403590888,-0.112940597071,-0.158525687953,-0.0975256156612,-0.0666214177996,-0.132657172209,-0.100733463695,-0.123751640989,-0.125246710852,-0.0628248083305,-0.0994708770124,-0.120828564623,-0.0653710838775,-0.12088245314,-0.136140940071,-0.200949596873,-0.0400457498624,-0.107016375857,-0.0832925186589,-0.173411175624,-0.0847046111804,-0.113748229075,-0.0880737058403,-0.133717987581,-0.0720364258048,-0.144953327827,-0.112442981368,-0.142277925991,-0.0778742928886,-0.196904568397,-0.134769039156
1838,-0.0390085634041,-0.0596867730557,-0.0278222722583,-0.0361791601363,-0.0831547448385,-0.064678536428,-0.0476461851896,-0.0521081856478,-0.0475904132506,-0.0445011879958,-0.0506378484231,-0.0208995267607,-0.0779219289018,-0.0968617074211,0.0068065491938,-0.0115586970857,-0.0110525587849,-0.0262171412175,-0.0780396184681,0.00145822101799,-0.109959167039,-0.0345485324925,-0.053794418728,-0.0730971835423,-0.0840129843188,-0.0598641866307,-0.0768871526739,-0.0369789247257,0.0411328255358,-0.0115982103475,0.00931818278936,-0.0303724797267,-0.0569428355438,-0.0235332735175,-0.082854713143,-0.0230569263433,-0.0393954391784,-0.069665794533,-0.039644587071,-0.0375466183519,-0.0616113309632,-0.0348860969547,-0.0759428261431,-0.029594115325,-0.0388363869528,-0.0523146358112,-0.0206003637093,0.0125311640614,-0.00683784257371,-0.0398970517852,-0.0567982901072,-0.0323799243846,-0.0724492598278,-0.0363685445883,-0.00437052353177,-0.0987599406822,-0.0257873546168,-0.0453136611645,-0.0876446729951,-0.0994116866724,-0.0697686324036,-0.0871742265346,-0.0294526676363,-0.0118879958803,-0.0553757945227,-0.0253040077474,-0.0299815088109,-0.0290451828532,-0.0447533421573,-0.0541569337803,-0.0427929324657,-0.100189432475,-0.0274801233429,-0.00978121373728,-0.0720159040485,-0.0540655148958,-0.0269200714398,-0.0826661487972,-0.0159410418072,-0.00838686561168,-0.0573375158283,-0.0136014519184,-0.0385176272787,-0.0667812543404,-0.12876223731,-0.0000496185789624,-0.0541606033573,-0.0375316052612,-0.103117188917,-0.0176141826295,-0.0476061931487,-0.031472570753,-0.070432909838,-0.00697103485234,-0.0822634406123,-0.0525342635089,-0.0955770719874,-0.0198278744881,-0.132297931729,-0.0708549386556
1839,0.00494554496176,-0.00753558902912,0.0246332667175,-0.000751909934663,-0.0450642400253,-0.01866950756,-0.0177195541369,-0.0155809206127,-0.0202052592902,-0.000871925001917,-0.0143284085603,0.0255737203634,-0.0220122501682,-0.0424352701717,0.0529702276668,0.032508518032,0.0338839883882,0.0112611271909,-0.0269332401973,0.0352856766937,-0.0655369348509,0.00028624297879,-0.00888808423874,-0.0284828014283,-0.0389942187472,-0.0147225891114,-0.0340234126448,0.0302488660631,0.0789490033618,0.0474890367526,0.036392664919,0.0238689193733,-0.00320154616147,0.0133157630435,-0.0296116935702,0.0265467579539,0.0227423753016,-0.027177183411,0.000987970579376,0.000994940761792,-0.00993340851354,-0.00275455788578,-0.0183217267813,0.00596691864921,-0.00392091810438,-0.0205822533399,0.0235984083851,0.0494052550001,0.0442866767739,0.0168335180321,-0.00400321214777,0.0113781559005,-0.0185865665204,0.0102912839651,0.0386746457723,-0.0297759529135,0.00883216962059,0.010541014898,-0.0392475922496,-0.0604261850158,-0.0352863630725,-0.0398900518147,0.0182391496823,0.0318323524697,-0.0220679469315,0.0235703288727,-0.0145071861906,0.0192124338981,0.0095266656559,-0.0208544515211,0.0143086611552,-0.0586764344962,0.0246495566696,0.024447355495,-0.0197911996267,-0.026315528859,0.0470966764546,-0.0517618457611,0.0101987572304,0.0534627693742,-0.0164081870042,0.016683347306,0.0207495644406,-0.00459137308987,-0.0788152039043,0.0205349424305,-0.0109788293081,-0.00412519202058,-0.0403324662294,0.0267594698078,0.00600609248865,-0.00168130509638,-0.0216791665673,0.0338873856536,-0.0383796160259,-0.00832724913026,-0.0593781683469,0.0170803152457,-0.0874000178453,-0.0254246913262
1840,0.0340228644827,0.0273710258908,0.0584169855992,0.0184739653147,-0.0215860748137,0.0125704984038,-0.00128624001172,0.0108087553887,-0.00648817587777,0.0271469825544,0.00736544945707,0.0525339879119,0.0156302543666,-0.00342397950321,0.0776409139467,0.0606750497177,0.0624530695209,0.035633767273,0.0122898870308,0.053669596756,-0.0377226140409,0.0205039361526,0.0173477999392,0.00565577681208,-0.0102645220491,0.0171901167016,-0.00986740287636,0.0702856001537,0.0917354947683,0.082581084305,0.0551822255413,0.0637007890988,0.031825991357,0.0340582286316,0.00990734637011,0.0606988429952,0.0566232526043,-0.00074000836403,0.0226223087612,0.0215541776289,0.0218729027121,0.0150517381336,0.0226331448943,0.0243890098096,0.0176449109101,-0.0038158797334,0.0474021920462,0.0698502359511,0.0717633468601,0.0500995925205,0.0340138149421,0.0358820632628,0.0160011967693,0.0351211957627,0.0589982145517,0.0212417869323,0.0298297320782,0.0430545858215,-0.00363532078304,-0.036269185733,-0.0137397587189,-0.00564071987216,0.04806090443,0.0547247248721,-0.00485794953474,0.052310277539,-0.00480365993579,0.0503574146709,0.0449742081136,-0.000593979434311,0.0541478939798,-0.0306500695372,0.0599099430542,0.0432145589878,0.0185428330136,-0.00975945392514,0.0937472722442,-0.0303710515505,0.0224031962483,0.0882540726278,0.00661373092457,0.0330538643566,0.058825359722,0.0433648478088,-0.0488719860508,0.0290846968407,0.0200997003823,0.0170203926903,0.00812703470858,0.0501645120144,0.0418736747203,0.0134596955044,0.0135698821137,0.0551020940463,-0.0104987681149,0.0199891789172,-0.0319126626086,0.0379701521817,-0.0562936422263,0.0023207455088
1841,0.0528537489681,0.0495090652219,0.0769681780444,0.0268374424556,-0.00809771421108,0.033749556673,0.00698438880315,0.0291702747016,-0.000276227356913,0.0438576896202,0.0202093947858,0.0660665920461,0.0379384657687,0.0232859840192,0.0873549631371,0.0770282880236,0.0793199317223,0.0517545694203,0.0393441487945,0.0605621406328,-0.0191397553848,0.0324535365079,0.030913300621,0.0300005936913,0.00811306901851,0.0377017077012,0.00259851021819,0.0898735256703,0.0903353426682,0.0984350818802,0.0666629998404,0.0912313706805,0.051606928626,0.0435986797429,0.0370441789219,0.081349335329,0.0733028767265,0.0147727859287,0.0336781390702,0.0320695809301,0.0392683953253,0.0233959232279,0.0490388396573,0.0329860019053,0.0305382686497,0.0051057537769,0.0576913499111,0.078510392426,0.0827499533061,0.067822421825,0.059778852813,0.0471874342468,0.0361621964277,0.045659417211,0.0652096423686,0.0559430589178,0.0436724714377,0.0595733846604,0.0216894274704,-0.0223699782623,0.000763347149272,0.0184763469485,0.0657298937718,0.0637215853591,0.00315806429809,0.0681131868909,0.00197152059367,0.0695310366277,0.0648045514604,0.0112248655218,0.0795709847942,-0.0114025395815,0.0819185957232,0.0524756115358,0.0437939845724,0.000974987127096,0.118374340331,-0.0152584229669,0.0268782907411,0.105020925697,0.0191948495855,0.0415316859577,0.0813735449666,0.0770048261141,-0.0320650490687,0.0309441753295,0.0417253323072,0.0297341375592,0.0426238956042,0.0594945339567,0.0617232627679,0.0214716764768,0.0373931207435,0.0642114661049,0.00738934656506,0.0368504323326,-0.0114750001146,0.0487535901651,-0.0345027022827,0.0177854361863
1842,0.0646492834199,0.0627456175847,0.0844677200766,0.0286388979233,-0.00112972428983,0.0479063573386,0.0101694562774,0.0411918921811,0.00162793901701,0.0532642900485,0.0275676511974,0.0703793339169,0.0488484445276,0.0412312473342,0.0875539666498,0.0847086587853,0.0878588238475,0.0622383346636,0.0556719341482,0.059754437765,-0.00560787696679,0.0398965259041,0.0367627617627,0.0462467840256,0.0203527669052,0.0495742371412,0.00801134675786,0.0956461708497,0.0815514744407,0.100476273038,0.0722737144637,0.109001004739,0.0599639266591,0.0460265441593,0.0544417710047,0.0915834356901,0.0804347003355,0.0234407051499,0.0389890497782,0.0372418237152,0.0472109090466,0.0260561517059,0.0642752881793,0.0361065836247,0.0381636750362,0.00979608618309,0.0596443279984,0.0795530821333,0.0833066177638,0.0757048414451,0.0759679099877,0.0501935952784,0.0466953891602,0.0476614342655,0.0633112737004,0.0776989628579,0.0534651058362,0.066106169906,0.0386649196795,-0.0148721537529,0.0110575835184,0.0349228227274,0.0753651242832,0.0642334002464,0.00600325622215,0.0763317654632,0.00709469146158,0.0809841856369,0.0731363127936,0.0178728903266,0.0943584665837,0.00197460312016,0.0935346459397,0.0556742235455,0.0582775444129,0.00847827902518,0.127247329367,-0.00441539200365,0.0271390193626,0.110825541398,0.026132092813,0.0453548623091,0.0927917636273,0.0982052911636,-0.0233175257303,0.02905729358,0.0568172007523,0.0371897000121,0.065375934301,0.0602595504128,0.0687639576133,0.0259091985373,0.051862847659,0.0663031729947,0.0193657861893,0.0460355293266,0.00317653788114,0.0530837921137,-0.0194246352185,0.0252741291911
1843,0.0719851635811,0.0704435405992,0.0850554145485,0.0272146067293,0.00211382275777,0.0575044769043,0.0108465275437,0.0487073227649,0.00180814495637,0.0584028932652,0.0319955730859,0.0693668750967,0.0523960303945,0.0535606224841,0.0829499156197,0.0869033319686,0.0911103837036,0.0692330829176,0.0637955536485,0.0548448915908,0.00522566898866,0.044994671998,0.0386586878345,0.0565511505741,0.0292396671839,0.0556287147852,0.0100342946991,0.0935354210189,0.0704179219911,0.0943537804717,0.073866320263,0.119782433752,0.0611645237523,0.0447832754128,0.0648944691273,0.0948409268329,0.0830516215099,0.028407098306,0.0417719788036,0.0400030740622,0.0498151971307,0.0259638246422,0.0719208282367,0.0367796330803,0.0429228470497,0.0126598357896,0.0574767233923,0.0766026379029,0.0786288658947,0.0782448102129,0.0853764934296,0.0489546672822,0.0515970979163,0.0455375950536,0.0579437671121,0.0902416798656,0.0610144823876,0.067397298587,0.049575715534,-0.0107830038888,0.019215858966,0.0459793935944,0.0803739413309,0.0606345515692,0.00661523267834,0.0806544852765,0.0114035926116,0.0878029868066,0.0741916038486,0.0217902710359,0.102154376656,0.0117508341687,0.0980755215991,0.055609878548,0.0650010421805,0.0142432231418,0.126433266196,0.00374554312718,0.0257194375092,0.110873282217,0.0303796667499,0.0468851996047,0.0970304317609,0.109974197975,-0.018752816464,0.0258723420987,0.0676668822012,0.0416966640748,0.0793263807062,0.0568911815305,0.067156769652,0.02901085422,0.0596449280356,0.0651214330937,0.0281505710178,0.0506050789595,0.0135916811553,0.0539455549592,-0.00882054077905,0.0282667357266
1844,0.0609709907296,0.0597742942931,0.0688736743504,0.0118461759937,-0.00984909665047,0.0474885269952,-0.00301534037903,0.0412827043873,-0.0192157515203,0.0470415154634,0.0191484808248,0.049491586235,0.0383652721042,0.0483789171384,0.0621000747611,0.0655960204036,0.0716078383823,0.054631067003,0.0573333761622,0.0391353007273,-0.00726694877813,0.031501430578,0.0231973663515,0.0537514050051,0.0189576665097,0.0474253103694,-0.00555717654155,0.0683878696005,0.0397311361285,0.0654152565468,0.0649497873449,0.112918666668,0.0470397015678,0.0302997023181,0.0584124611949,0.0831568362847,0.0567747382118,0.0173483662622,0.0231885293131,0.0222223871038,0.0337796241884,0.0133221342494,0.0616330288786,0.0193506250926,0.03311879906,-0.00448661475423,0.0382185930605,0.060956055249,0.0558791163669,0.0578456450819,0.0756435831157,0.0315915723952,0.0375613389464,0.0245280602047,0.0342133299899,0.0812576773888,0.0459744450303,0.0475675217442,0.0408364449261,-0.0213092808884,-0.000708426897395,0.0389982750603,0.0670644675776,0.0402106268707,-0.00961988093401,0.0643452855311,0.00230103236058,0.0753641267861,0.0582468359937,0.0122776117014,0.0917161129762,0.00383714797569,0.0834945694958,0.037153353503,0.0562454288952,0.00147914299688,0.101588618552,-0.00107045952915,0.00989850976735,0.0851767056397,0.0143872808757,0.0310426897303,0.0769770348829,0.104175105548,-0.0339823843016,0.0109747280528,0.063416047281,0.0331638307856,0.0745504793126,0.0366186578453,0.0504038585294,0.00999541531398,0.047356907589,0.0457362902339,0.0181338514165,0.0384179119719,0.00878593807304,0.037883592828,-0.0217329056107,0.013771388389
1845,0.0516750378325,0.0488288772903,0.0507131923975,-0.00140855724536,-0.0201887320574,0.0401280382156,-0.00972420704851,0.0352859583532,-0.0236696284124,0.0344084461752,0.0120667388088,0.0347091584548,0.0213158645866,0.0401205109854,0.0445826932384,0.0551213814119,0.0594653730604,0.0494225366779,0.0455260950595,0.0249752727179,-0.0143957896353,0.0221993296783,0.00923657135687,0.0468841686787,0.0102673969516,0.0357536350417,-0.0155886778356,0.0434324828069,0.0204079969986,0.0435385219705,0.0588383536931,0.102915718396,0.0328086346121,0.0177587893357,0.0464392128763,0.068375777203,0.0360456650854,0.00746891403261,0.0129191476819,0.0109259857082,0.0178950303977,0.0029322407181,0.0468861174413,0.00889217624366,0.0247044289398,-0.0112223424725,0.0229834077071,0.0468759050234,0.0364073076352,0.0414754724412,0.0642082777436,0.0168364975565,0.0222284813201,0.00732151204467,0.0170828682243,0.0654989266763,0.0406536374575,0.0299587795629,0.0342029485116,-0.0311521967533,-0.000232446436498,0.03127213,0.0565258079652,0.0235856302553,-0.0185368744347,0.0504718089265,0.00295775096556,0.0624875678388,0.0400549011328,0.00500969335971,0.077466828604,-0.000908445743624,0.0709776933382,0.0267893072315,0.0427785742961,-0.00306355194666,0.0745049349445,-0.00387278809574,0.00144897842139,0.0622135843805,0.00260298751236,0.0232861542735,0.0593601842701,0.0920015449175,-0.0462235208079,0.00454890579208,0.0558837063941,0.0246626671433,0.0627626574388,0.0197518438512,0.0311821074412,0.00467613809473,0.038479993234,0.0316324216457,0.0106172887394,0.0263004022374,0.00690858403397,0.0274781753566,-0.0272812099183,0.000695399485024
1846,0.0606472617649,0.0571193813282,0.0503126458165,0.00320619699686,-0.0133169523483,0.0517072207093,0.00116845647658,0.0418764001731,-0.00689091534169,0.0388577712386,0.0243427575643,0.0422646048732,0.0218430703454,0.0486507674499,0.0494325486785,0.0645185786356,0.0675444020558,0.0634070012166,0.0442031940679,0.0259109665314,0.00232988792929,0.0325363044986,0.0162303270756,0.0504300003417,0.0221401798689,0.0368879612001,-0.00285417673397,0.0457983227131,0.0307344715962,0.04512807681,0.0612640404133,0.107995085663,0.0366712079423,0.0224699538894,0.0477135970486,0.0678318098721,0.0496030024075,0.0161676188447,0.028026757803,0.0234350852399,0.0233829752739,0.00878471845874,0.0481529709245,0.0205321133443,0.0324346625092,0.00402250131322,0.0304039243033,0.0495042703884,0.0416669266664,0.0522152371183,0.0689379796195,0.0229997918869,0.0273576747627,0.014519390795,0.0258889640483,0.06698086076,0.0564897779072,0.0380818564125,0.0437021021967,-0.0238675344617,0.0224264770306,0.0391194207696,0.0668351288416,0.0296366786719,-0.00633794137743,0.0603047442641,0.0139387803973,0.0691074368535,0.0397441643673,0.0134584318547,0.0801666155193,0.0123760842607,0.0772758354207,0.0365775920149,0.0419625905517,0.00993459323948,0.0734395456413,0.0062694268936,0.0112898327279,0.0694569417107,0.013843434744,0.0347428194195,0.0657280563151,0.0926339257428,-0.0346554917496,0.0141044952029,0.0617685710528,0.0302494902942,0.0644566952247,0.0256149541885,0.02745359884,0.0223979328089,0.0456412380827,0.0407804196187,0.0235472687332,0.0318910040283,0.0171524800372,0.036909360431,-0.0126206084004,0.00770392609959
1847,0.0748816548745,0.073199519102,0.0593960793068,0.0146104247731,-0.000465488680584,0.0681269397367,0.0155260593073,0.0521172113402,0.00994490172954,0.0503458821392,0.0406306976419,0.056747599451,0.0321085359787,0.0653416873649,0.0634979640858,0.0770433894862,0.0795876382982,0.0789551546048,0.0503051353873,0.0341850387367,0.0233114256892,0.0466195035618,0.031311785825,0.0601629793292,0.0401743902915,0.0451631721302,0.0165984945952,0.0609930189277,0.0482922859001,0.0566309235972,0.0668433145529,0.120267700193,0.050283848129,0.0341975036674,0.0565190999387,0.0756769418587,0.0729612175513,0.031756037723,0.0479492579715,0.0407506338068,0.0380294202788,0.02061389041,0.0585483403802,0.0368611910422,0.0452574651824,0.0214078418537,0.0459285646408,0.0594899900805,0.0572768355219,0.0717095999431,0.0802410076513,0.037350394293,0.0417518244215,0.0303509787765,0.0428234217643,0.0784960378679,0.0734178923529,0.0561136541811,0.0576434604205,-0.0097191863723,0.0431785391211,0.0523359850971,0.0840260834634,0.0441573015789,0.0102482119619,0.0777865205788,0.0237607656825,0.0827001462103,0.049301809347,0.0269279673087,0.0918636691779,0.0301253552563,0.0902451466628,0.0497296505559,0.0491877475236,0.0239283636139,0.0860823298508,0.0197094175931,0.0243961915043,0.0872265472544,0.0307047351569,0.0487829856269,0.0799160757045,0.101997989831,-0.0149172995051,0.0260168907007,0.0736563563969,0.0410466108384,0.0746826830506,0.0401751332715,0.033757231581,0.040794085248,0.0575263350431,0.0566168824362,0.0422531233601,0.0443507890587,0.0302092395513,0.0511046296459,0.00494695392544,0.0221718423314
1848,0.0870633130662,0.0883815902319,0.06960821492,0.0249773773399,0.0110890087814,0.082084162945,0.0274057450486,0.0615211065943,0.02246666186,0.0608484256028,0.0540408570883,0.0695985542337,0.0437504692399,0.0820206570087,0.077013984427,0.0875696751881,0.0893712658021,0.0910147942805,0.0586403008417,0.0431020475449,0.0397093723704,0.0569803492667,0.0451448977159,0.0708645321085,0.0555357385078,0.0542922671608,0.0337390054474,0.0764864201831,0.0619016134812,0.0693364175167,0.0728370964492,0.13271284866,0.065435069472,0.0453601036346,0.0660833688672,0.085103322169,0.0918065444609,0.0460114617411,0.0635687471829,0.0539688890318,0.052072489881,0.0314142200629,0.070225692149,0.0497409105159,0.0562405432891,0.0343714804008,0.0599594621178,0.0693632188223,0.072396703655,0.0886380883932,0.091267047319,0.0507737088142,0.0558357875591,0.0443243322623,0.0573361551275,0.0913479518213,0.0854909636963,0.0726500085018,0.0704244649948,0.00360483575763,0.0586703069781,0.0644574230167,0.0994033659513,0.0574011556296,0.0236959237565,0.0926035084583,0.030984417447,0.0943924320296,0.0603201724061,0.0387876379638,0.104241688653,0.0454727310242,0.102697822812,0.059807937566,0.0582451054002,0.0339491174015,0.100193851342,0.0314956423007,0.0344964765232,0.102275596474,0.0439385505915,0.0593613195997,0.0923781845386,0.113698128542,0.0028197800631,0.0354085619927,0.0848737223915,0.0506496932374,0.0864962843085,0.0535796734258,0.042986597714,0.0540102577695,0.0689707541865,0.0697494630823,0.058158976564,0.0558017176765,0.0422538125154,0.0628199680551,0.019447099465,0.0353971998315
1849,0.0970370522078,0.101395872275,0.078738101786,0.0333000064117,0.0207538522481,0.0936928249913,0.0375085717358,0.0700006311561,0.0329758524174,0.0690089812396,0.0651564100938,0.0805921409892,0.054459630543,0.0968050710096,0.0884496556572,0.0968149127389,0.0973662718888,0.100987671321,0.0673147396764,0.0511568096705,0.0523927891475,0.0642184457824,0.0564307815781,0.0810182450389,0.0677723705736,0.0625122138305,0.048367014954,0.0896060481538,0.0719211018058,0.0813190425269,0.0788442721653,0.143950415612,0.0800112339843,0.0548225155846,0.0744572689375,0.0940569388496,0.105661408957,0.0579394447494,0.0757914748595,0.0637558670638,0.0637866482211,0.0403948907988,0.0809347501242,0.0597432969123,0.0649265629246,0.0445861549643,0.071533392413,0.0777192078727,0.0852551817824,0.102276269471,0.101021475523,0.062024863151,0.0676928454104,0.0553782430989,0.0688840702321,0.102995897294,0.0945774585793,0.0861612405225,0.082053468985,0.0149669161773,0.0717150661955,0.0749363964513,0.11238810782,0.0682040406629,0.034649232004,0.103952850846,0.0370006796591,0.103157260285,0.0704801433764,0.0486106196192,0.115078508266,0.0586234372208,0.11419278672,0.0677685144507,0.0671233147778,0.0415519276558,0.112534794066,0.041732633492,0.042387922737,0.113257637934,0.0536736154309,0.0676476066658,0.102537119692,0.125508962051,0.0176941120055,0.0432137401167,0.0940599770653,0.0582439584128,0.0976714400763,0.0645500094749,0.0527210747321,0.0643755120426,0.0797945857914,0.0799387979375,0.0710025195117,0.0651984561251,0.053526225939,0.0723974534288,0.0319223344163,0.0464272100268
1850,0.105627513476,0.112856920291,0.0866437102988,0.0401942556362,0.0292137443124,0.103938743437,0.0468902667839,0.0778977975082,0.0428010453021,0.0753144259371,0.0751136272758,0.0906457625698,0.0640013425625,0.109881697964,0.0983450018731,0.105408915403,0.104314047619,0.109938431029,0.0758564267215,0.0583765915299,0.0630521501877,0.0697002886766,0.0659394268808,0.0904154329604,0.0780132226433,0.0696756106912,0.0616251066183,0.10065656459,0.0801120184189,0.0924311508925,0.0848373255852,0.154136965933,0.093961191284,0.0630165890059,0.081476397606,0.102218224605,0.116481553664,0.0682561069307,0.0863196545707,0.071719300673,0.0736943146085,0.0481637105568,0.0904271944279,0.0682922777707,0.0721113329157,0.053572554012,0.0815245594997,0.084848637908,0.0963774341057,0.11384875409,0.109704650576,0.0717314036389,0.0776732021547,0.0645165003261,0.0786493586199,0.11311403983,0.102215959874,0.097522217851,0.092978613129,0.0249482319362,0.0836998538727,0.0842364913728,0.123925837147,0.0773732820299,0.0444054173631,0.113077215551,0.0424995131698,0.109869831922,0.0795441841521,0.0572197542698,0.124349440902,0.0705402087717,0.125199729997,0.0747682069918,0.075396936007,0.0480350846939,0.123067644259,0.0511099439397,0.049255536778,0.121440476101,0.0613725171766,0.0748671573776,0.111290276851,0.136881646525,0.0307510794286,0.0503919662193,0.101482933133,0.0643961087823,0.107791293107,0.0738022163808,0.0623447152677,0.0735664274509,0.0902200707002,0.0884148215338,0.0819937096985,0.0731586965308,0.0644228908521,0.0808777555299,0.0433787325553,0.0559491277387
1851,0.112028296003,0.121661651936,0.0922065869061,0.0450114040334,0.0355879986837,0.111708529506,0.0535686860222,0.0840975426797,0.0493821553008,0.0798474695796,0.0826206037405,0.0973580943513,0.0712618762179,0.120740506143,0.104997133149,0.110935065131,0.108773195331,0.116460874697,0.0828349761958,0.0633871021472,0.0717526495994,0.0736236709569,0.0731844344561,0.098161580664,0.0862020762285,0.0752252384976,0.0717809500209,0.108076486506,0.0842907132078,0.0996080570124,0.0893191409255,0.162147210851,0.104879430873,0.0688974349925,0.0867597054335,0.108453516745,0.124059848602,0.0763334872159,0.0941190439298,0.0774656543578,0.0809772709737,0.0540303236778,0.0978390472901,0.0742825706312,0.0775385688493,0.06013610254,0.0884207116588,0.0897038371224,0.104082293414,0.121865141572,0.116342345244,0.0786527193396,0.0853008408736,0.0706945240562,0.0849893377927,0.120916220132,0.108050388651,0.105706765093,0.101438910779,0.0330499094508,0.0927453276248,0.0916386281056,0.132587501599,0.0835551519945,0.0515784328272,0.1197680204,0.0468632432078,0.11451430758,0.08622717249,0.0639291210495,0.131404241614,0.0801509621666,0.133165965189,0.0790930852727,0.0818829393857,0.0530420348407,0.130164655269,0.0588547941162,0.0538363344652,0.126274830338,0.0670734557851,0.0797562489194,0.117039264776,0.146300039557,0.0409137012315,0.0549781188312,0.107391728479,0.0690532677365,0.115921452541,0.0801523675689,0.0697077748123,0.0804614063901,0.0981043942447,0.0940745498905,0.0908046773123,0.079109782674,0.073377568996,0.0866411005574,0.0523708552921,0.0630751789475
1852,0.116203157038,0.127703743503,0.0951039329317,0.0478281039433,0.0398772907584,0.117073820422,0.0581503912021,0.088543544916,0.0541205932507,0.0826393520979,0.0879481345877,0.100947230414,0.0758535492889,0.12923740934,0.108428403689,0.114152040829,0.111042061531,0.120949304088,0.0875131240175,0.0660130940664,0.0785778811765,0.0760563594317,0.0782339253279,0.103835887503,0.0924151881716,0.0789155771943,0.0791159145835,0.111707005526,0.0852993523308,0.103202067211,0.0924803178967,0.16762876572,0.112245895653,0.072445230851,0.0900932753391,0.112313708568,0.128668894269,0.0821874112563,0.0995518390987,0.0812207755571,0.0855854398532,0.0580505898938,0.102811529393,0.0780743175148,0.0812629266453,0.0647783476317,0.0923493137388,0.0922325166155,0.108348057678,0.126466211608,0.120671734622,0.0828100168042,0.0905091073161,0.0740947971448,0.0882352879072,0.1259907761,0.112204140281,0.110796316963,0.107430003791,0.039292616604,0.0998296135527,0.0969851819492,0.138442162085,0.086886040557,0.0565618175295,0.124195616362,0.0503900823992,0.117169522621,0.090130955442,0.0688358468646,0.136040778766,0.0875395468238,0.138001000507,0.0812586085413,0.0860161280078,0.0567390675181,0.133498669836,0.0649995238193,0.0565902143448,0.127901487936,0.0709123932111,0.0827422161917,0.119799112318,0.152948103406,0.0482807668413,0.057754987331,0.111813867482,0.0722522982402,0.121539024846,0.0836864287514,0.0739710796783,0.0856045125747,0.103556499044,0.0971752909697,0.0975608649483,0.0830308802848,0.080535551533,0.0899792813393,0.0591744999647,0.0677858637123
1853,0.119152832579,0.13197052811,0.0962881603057,0.0496430477948,0.0430068738886,0.120979648723,0.0613843361024,0.0918281021439,0.0578071200612,0.0846488605809,0.0920886232578,0.102517387983,0.078697384772,0.136233510686,0.109914644496,0.115805864054,0.112123153949,0.124407724385,0.0902814158963,0.0671226695109,0.0847837088429,0.0780814753356,0.0822096196631,0.107941600561,0.0977277141643,0.0814179405054,0.084816081004,0.113053596803,0.0847802072275,0.104114404249,0.0944532925914,0.171318720939,0.116924287848,0.07463972011,0.0922040784006,0.114508994919,0.132167730261,0.086816852797,0.103957318142,0.0842815580792,0.0886815287052,0.0611209173091,0.106169547961,0.0808321172692,0.0841731287154,0.0686410410233,0.0945787140475,0.0933815767064,0.110614029743,0.129133741614,0.123535864352,0.0853898623775,0.0944074796929,0.0760611575926,0.089874796463,0.129266327963,0.115908705421,0.11419592613,0.111657264365,0.0445616110002,0.106101717836,0.101093714613,0.142556340198,0.0886309271233,0.0604633619445,0.127600703638,0.0537104083598,0.118878515203,0.0921940550248,0.0727292656433,0.139140067744,0.0935964989203,0.140519035952,0.0822514756733,0.0883936166261,0.0600806031968,0.134415514653,0.0701695644254,0.0584706602225,0.128037783159,0.0741478007449,0.0848342442733,0.120739425725,0.157358366353,0.0541055846971,0.0594981967519,0.115509724512,0.0747542781274,0.125319535567,0.0857058007953,0.0758066909811,0.090236675511,0.107172821433,0.0990061977254,0.103282654071,0.0858416778826,0.0863065025294,0.0919382577816,0.0647593531828,0.0711827704113
1854,0.120629879968,0.134148455236,0.0957125981438,0.0503381443046,0.0447286794348,0.122983245696,0.0625619581189,0.0936024745235,0.0595114045525,0.0860420390049,0.0945336802919,0.101337534255,0.0797623143366,0.141719484098,0.109106830292,0.115144614513,0.11149590564,0.126217350946,0.0908309571715,0.0665201110177,0.0901129993178,0.0795778500614,0.0850134160969,0.110359429695,0.102039967703,0.0827945953435,0.088293081067,0.111934569555,0.0820499357762,0.101819934099,0.0948605815131,0.172967940825,0.118265488552,0.0752888490599,0.0932635574435,0.1149517856,0.134369404702,0.0900594028284,0.106815927565,0.0863397599903,0.0901546868196,0.0630778318234,0.107942104219,0.0820784794534,0.0861836478535,0.0711109098392,0.094716114786,0.0929952125652,0.110601991081,0.129420634347,0.124775629864,0.0861384530444,0.0970445427021,0.0763209744441,0.0894681109394,0.130893315988,0.118696561243,0.115682091759,0.113552937713,0.0487324939075,0.110526942757,0.103792535877,0.144446225846,0.0884645854487,0.0627498247876,0.129848084506,0.056353403265,0.119648682993,0.0923295762657,0.0753269257875,0.140734212786,0.097877191635,0.13994414604,0.0814525904646,0.0889044532077,0.0626399377145,0.132738708256,0.0740366822641,0.0589889238806,0.1266129804,0.0766546596278,0.085505117937,0.119356919672,0.159281881038,0.0580361823839,0.0596118847984,0.118729510329,0.0765745024752,0.127285563087,0.0859868836603,0.0748071407108,0.0936597008928,0.108331248908,0.0992023143063,0.107724693838,0.0874053834626,0.0901224558847,0.0919847444585,0.06848245964,0.0730695324687
1855,0.0986387266761,0.112591341049,0.0749959861843,0.0318141662971,0.0262293283592,0.0993288876589,0.042377130374,0.07707617065,0.0300728956957,0.0667359014734,0.0728831241952,0.0745297697252,0.0601530779028,0.125487432379,0.0854957391867,0.0836386511004,0.0814575481282,0.0991137114699,0.0763927766073,0.0512489158907,0.0635261350599,0.0559875802275,0.0642526931265,0.0982295001778,0.0805635046811,0.0679185219584,0.0662566484077,0.0809901689186,0.0489488509224,0.0698688059816,0.0822691838534,0.154152422886,0.0997932174561,0.0577502284451,0.075872182027,0.0983626833954,0.0967015798159,0.0716106909473,0.0790097176701,0.0595653142736,0.0672152423245,0.0474998050784,0.0893722626218,0.0572584283081,0.0687137748076,0.0448190674935,0.0706847220172,0.0753565646487,0.0854658416911,0.0984419831145,0.103753562181,0.0646187572404,0.0756950727184,0.0501104054867,0.0621969434161,0.109071528474,0.090571957932,0.0884479688915,0.091321848816,0.0331079382944,0.0754097525946,0.0847305484596,0.121467993682,0.0644988486867,0.0405101656404,0.103986785622,0.0401786710797,0.0958620610569,0.0721558216409,0.0592015938108,0.120832464955,0.0783330850407,0.115548788408,0.0551281150287,0.0728078829347,0.0395307189378,0.101516823729,0.0604968632658,0.0382701649663,0.0908690520285,0.0513713454589,0.061692485009,0.0871794118339,0.142987192529,0.0344794864856,0.0417360678242,0.103911291932,0.06135665319,0.109575770513,0.0626005927944,0.056589590001,0.0651735905273,0.0850637010656,0.073574485243,0.0863287399932,0.067485649556,0.0745781977972,0.0685819547934,0.0412155286284,0.051893766762
1856,0.0795109272257,0.0904293608918,0.0516642784282,0.0148097409787,0.00934330224624,0.0796310197557,0.029855281367,0.0634290778446,0.0210428482759,0.0464687286642,0.0579556986747,0.0528048737428,0.0369836775473,0.10569614328,0.0636100580543,0.0668228127549,0.0620698935798,0.0849633213293,0.0566854055485,0.036060894055,0.0445904032129,0.0385079676833,0.0444581211261,0.0819929348572,0.0612969335411,0.0496224431955,0.0491619799449,0.0488685436204,0.0266694336739,0.0454829487574,0.0734983717966,0.132626330322,0.0791223947951,0.0411931968864,0.0536948863854,0.0782716086748,0.0654684803717,0.0538938358772,0.0608163788771,0.0407206118827,0.0437433631465,0.0335654001701,0.0663175805717,0.0401900907437,0.0529436387344,0.0313564869636,0.0496509625334,0.0581871034825,0.0618923148334,0.0713734026138,0.0823465736265,0.044646003667,0.0526646888531,0.0270007297761,0.0406120602465,0.0811200649864,0.0761127655657,0.062627993105,0.0730818960579,0.0175692862809,0.0674752535903,0.0662537850372,0.101079827223,0.0432155571877,0.0261193176296,0.0808617712892,0.0371974266333,0.0724103914777,0.0489449549748,0.0451614698158,0.0969653687968,0.0628000278401,0.09371821927,0.0386698722342,0.052052019305,0.0278379530364,0.0668787946627,0.0495600761192,0.025660394368,0.0580972777926,0.0314559642011,0.0477967333535,0.0588581389182,0.120489092404,0.0133433065415,0.0327231034574,0.0863486491349,0.0463051409883,0.0854948454939,0.0415190962315,0.0346643396024,0.054050700839,0.0673988829703,0.0531760562514,0.0679439402386,0.047822711636,0.063533891706,0.0514497501259,0.0246819069384,0.0319893250706
1857,0.0850250352681,0.0935524992003,0.0511579498416,0.020339963057,0.014711381088,0.085499355325,0.0389609415792,0.0669003127125,0.0383670199518,0.0497318437207,0.0678663321647,0.0586507244192,0.0367326248083,0.108759506603,0.0685268967601,0.0756592610294,0.0696957967938,0.096380233373,0.0514089641079,0.0384252931707,0.0584423521764,0.0479903342754,0.0517616826287,0.0801665734806,0.069948379943,0.04898525845,0.0600431927815,0.0511606790153,0.0400638621795,0.0489539682467,0.0753378129494,0.13193166531,0.0795446542167,0.0457824003639,0.0511029437124,0.0767376157243,0.0795426143508,0.060229778089,0.0753079297553,0.0532500846115,0.0479218319519,0.0399485688737,0.0651821955173,0.0513209231878,0.0587096462162,0.0462341544645,0.0564126032906,0.0613841683782,0.0680720535813,0.0789554452896,0.0835116859852,0.0504583874954,0.0567643021399,0.0345919496107,0.0505456254867,0.0779738817886,0.0905390691811,0.0696028662804,0.0766607867444,0.0242065438913,0.088399549287,0.0696509362513,0.107342520803,0.0497700454714,0.0381238122064,0.0893160771303,0.0478406467713,0.0761278002938,0.0485192138218,0.0514373620727,0.0963705462661,0.0710674438542,0.0956607803639,0.0479661471199,0.0485166865957,0.0400315238713,0.065683706065,0.0558078346461,0.0358646199182,0.0650028821043,0.0423963464208,0.0585986576304,0.0625931389773,0.115738528937,0.022560084085,0.0426316503398,0.0883717324773,0.0503209480102,0.0811984775052,0.0483807123117,0.0312100621183,0.0727548640533,0.0709346911665,0.0621321943242,0.0770059513417,0.0518744142612,0.0686415140759,0.0593088841942,0.0355237425223,0.0380079277085
1858,0.098103037282,0.107060977545,0.0625923737242,0.034168474228,0.0279034471956,0.0984429222786,0.052542016332,0.0758264600418,0.0561324673575,0.0625418835607,0.0831736284123,0.0734368800321,0.0489261231619,0.122769389912,0.0843910675458,0.0891322450224,0.0829798951214,0.110621012967,0.0561740684138,0.0492197581073,0.0782290347383,0.0627409641757,0.0691332173415,0.0869903239378,0.0869236671262,0.0580096220827,0.0791669159351,0.069273896933,0.0619353191183,0.0642390823367,0.0813047442167,0.141468385736,0.0914530707267,0.0588669347268,0.0595606363637,0.0859332836111,0.106155918906,0.0753497253011,0.0959109092298,0.0720065091954,0.0637286996662,0.0535956148677,0.0763171218976,0.0683961381009,0.0712855760301,0.0639545712639,0.0730515030011,0.0733689382193,0.0865072711281,0.0978854216934,0.0941921605572,0.066238146971,0.0728381089054,0.0527589168169,0.0702197206763,0.0891506490983,0.106850522141,0.0889448953001,0.0870785675672,0.0394205291597,0.107420415522,0.081041971637,0.122597078098,0.0665269766297,0.0556172439669,0.107684658451,0.0571498517031,0.0896295895958,0.0604109058881,0.064110297133,0.107876542822,0.0855749983242,0.106695490546,0.0619186297026,0.0557879926624,0.0537871631446,0.081605219246,0.0666833656528,0.0501608154876,0.0855647785298,0.0607181124644,0.0729979801058,0.0770504138672,0.122949655395,0.0420243834304,0.0555621656597,0.0992042798662,0.0612978679925,0.0893206249409,0.0656888678785,0.0395929606579,0.0923135220216,0.0814033867319,0.0794668212253,0.0937335268754,0.0650636557758,0.0781146527502,0.0735019939735,0.0510174830171,0.0536665497828
1859,0.109252822719,0.120204079556,0.0754466210536,0.0465267387474,0.0397776084343,0.10926046638,0.0635666727656,0.0843892499525,0.0687231903341,0.0742065952206,0.0952820588156,0.0868580573838,0.062916894269,0.137210958329,0.0995715830936,0.100592688574,0.0938836258916,0.121049118814,0.0644984643227,0.060554889162,0.0924490840182,0.072878332848,0.084787674023,0.0957990522982,0.100789343962,0.0684223090023,0.0956559367417,0.0877414373108,0.078908651867,0.0806814659509,0.0880179297789,0.152285825539,0.105632591802,0.0711843267684,0.0698225577392,0.0972694801759,0.126898619119,0.0889354063712,0.111208052646,0.0855753059274,0.0789023312067,0.0658281025116,0.0894794307035,0.081336619561,0.0817357815301,0.076223418207,0.0879669618774,0.0850855122728,0.104098719894,0.114125980638,0.105321022396,0.0808438140645,0.0885212021726,0.0685579127228,0.0868109882919,0.102937925668,0.1172778102,0.106465930068,0.0971449958435,0.0535550612631,0.120018411943,0.091890371612,0.136242135419,0.0816861833293,0.0693024231853,0.122817209201,0.0631933870301,0.101291751895,0.0741043285955,0.0750428561237,0.12070357638,0.097716989742,0.118072965556,0.0724781773173,0.065889227835,0.0627598042776,0.099480692665,0.0759956447916,0.0608252204452,0.102792459168,0.0743598901144,0.0833367914961,0.0902313890724,0.133967231851,0.0591529368864,0.0655386586355,0.109675825803,0.0709016369361,0.100551073415,0.0813541183745,0.0514978774118,0.10523168103,0.092133042005,0.093542544735,0.107284528351,0.077336131281,0.0871746363387,0.0850525123785,0.0635024961863,0.067960797557
1860,0.117639403524,0.130466351712,0.0862891639468,0.0556446382829,0.048953028486,0.117171233363,0.0715859441297,0.0917757542533,0.0777277686977,0.0826748126065,0.104077699871,0.097219737972,0.075141130879,0.149097417706,0.111211544125,0.109671745966,0.102008544919,0.128680030432,0.0732194792763,0.0699956062072,0.101802853063,0.0789187118484,0.0964985735147,0.104092274543,0.110486655222,0.0774676954286,0.108154329516,0.102249885141,0.0899593529953,0.0947695982204,0.0941770347332,0.161736273714,0.118326381445,0.0807150749781,0.0787919120518,0.10751718308,0.140480313746,0.0991645688515,0.121496139573,0.0943183813689,0.0905842959309,0.0751469662329,0.101136825652,0.0900067550244,0.0891123998536,0.0844188707227,0.0990230342024,0.0941697651515,0.117792681036,0.1256917247,0.114894636045,0.0919910577436,0.100827940307,0.0798120522927,0.098650277274,0.115327994192,0.123825731987,0.119392857489,0.105867513879,0.0646451965602,0.129007907634,0.100829942505,0.146473758386,0.0928915707212,0.079110315036,0.133024626986,0.0675279070595,0.109204445304,0.0860062132078,0.0830166274409,0.131335950458,0.106944672301,0.127881681429,0.079783558579,0.0755900760921,0.0684698164018,0.1141399322,0.0832803784789,0.0680248660717,0.114268821454,0.0831782387057,0.0903392860032,0.100096341543,0.145123732912,0.0720100970269,0.0727360125771,0.117727175017,0.0777552320768,0.111272596811,0.0930461070301,0.0630904416986,0.113851900356,0.101829447199,0.103224931272,0.116655975316,0.0866929565973,0.0951858032131,0.0934397779822,0.0732965032203,0.079013357504
1861,0.116323584386,0.130196337573,0.0879321913156,0.0556596845408,0.0492793369929,0.114518612831,0.069815090541,0.0919907640389,0.0735304209456,0.081889325956,0.102485378969,0.0959320753978,0.0781982185009,0.151343821822,0.111518733267,0.106084812202,0.0981341677551,0.124899031374,0.0762432406649,0.0721307617036,0.0982478027853,0.0745880014136,0.0971300965666,0.106534110581,0.109013850247,0.0794286602541,0.10878237607,0.102727639436,0.0858889898868,0.0954099075537,0.0947288572823,0.16270670146,0.121696010335,0.0815334212365,0.0800601246997,0.11025481873,0.136272971433,0.0995188419163,0.118387456028,0.0907494101376,0.0910242915156,0.076178633542,0.104046385767,0.0870633963849,0.0879696966206,0.0806759851783,0.098534885475,0.0947135524677,0.119206610942,0.123061455883,0.115543809614,0.0925253186523,0.102178444731,0.0784782025621,0.09749763187,0.11805677562,0.118424090621,0.118861168199,0.105268631101,0.0666420353864,0.122881571301,0.101044991051,0.145427766655,0.0925009714084,0.0778893941044,0.130403513869,0.0648431057104,0.106246819417,0.0887507585579,0.0824311474649,0.13233661281,0.106242112994,0.127706467765,0.0760491921358,0.0785217679058,0.0642032129845,0.114976691739,0.0833736907676,0.0656052711548,0.110133484196,0.0800559898656,0.087026853874,0.0968229252546,0.149196037438,0.0724101047929,0.0713790112235,0.117926794708,0.0769121211323,0.114224868682,0.0932754927737,0.0672082315078,0.109556000099,0.101983268619,0.100932509243,0.114708535911,0.086479646553,0.0957026685844,0.0914888670595,0.0711196178308,0.0797086555822
1862,0.109452959008,0.122412294694,0.0817866100874,0.0498816220492,0.0439853293659,0.106162451293,0.0634351864762,0.088046055583,0.0668606397618,0.0751011842767,0.0959872871403,0.0873256596756,0.0732177720271,0.146081552938,0.103645867696,0.0982387693734,0.0895987905857,0.117766774335,0.0727338608108,0.0682407159795,0.0898482329246,0.0663008414016,0.0907862353875,0.103211812482,0.101596760737,0.0752893021781,0.10243326298,0.0925121370546,0.0743952005032,0.0877150826611,0.0920989363615,0.156642869167,0.116300382986,0.0762057556707,0.0746157797404,0.105987828639,0.123230664819,0.0935206629662,0.109752538464,0.0821661734512,0.083558505436,0.0719697275942,0.0991880657583,0.0789254096612,0.0820065973054,0.0733521124201,0.0905441545172,0.0889697082021,0.111736589129,0.111801447823,0.109805592392,0.0857822468636,0.0956796294934,0.0694555166492,0.0887018137203,0.112010842029,0.110408004152,0.109537113069,0.0992015709511,0.0626634881777,0.115872913326,0.0956431382549,0.137263598767,0.0845417180289,0.0715984632035,0.120780063179,0.0620850345998,0.0968252609233,0.0834499089781,0.0768731114054,0.125439926666,0.100236091563,0.120325212954,0.0678016316634,0.0745690077104,0.0577915276105,0.104470640188,0.0795611546307,0.0591823176642,0.096793092684,0.0715794693155,0.0799767986843,0.0857061807784,0.145429474718,0.0651442334009,0.0663946240828,0.112626729557,0.0713720739894,0.109426524663,0.0859358408527,0.0633062899835,0.102737975715,0.0967439431781,0.0921255703196,0.106870968577,0.0800181351676,0.0923164555421,0.0841086192376,0.0645927909476,0.0736158123758
1863,0.062620954762,0.0746715510865,0.0403120736304,0.011142041492,0.00423364256542,0.0550079021566,0.0217616546841,0.0528285627707,0.00747517961743,0.0325529430437,0.0490552140118,0.0354698503782,0.031810597863,0.103574287498,0.0565501159226,0.0375681030306,0.0309583038028,0.0615147012972,0.0433171040999,0.0385618724344,0.0283739087809,0.0159451961653,0.0442868868191,0.074607862439,0.0509226038056,0.0425630659835,0.0531657605613,0.0308105036619,0.0118760190178,0.0279757910221,0.0671663564577,0.115574665746,0.0773056122261,0.0394743635987,0.0366451400815,0.0717376747395,0.0430844599341,0.0507175958903,0.0499575659858,0.0252948665991,0.0342730100498,0.0377558687919,0.0585649049592,0.0273125702367,0.0430423569975,0.0178600399476,0.0414772892003,0.0533504051586,0.0606750979529,0.0477001577637,0.0654878646252,0.040778930465,0.047646540793,0.0155313598486,0.0340895201775,0.0644739938386,0.0505961447237,0.0513035243929,0.0521589945628,0.0250045191203,0.0413294999161,0.052951855031,0.0874465431436,0.0360221914319,0.0240446747208,0.0640978964306,0.0271397631579,0.0459504165765,0.0424682185697,0.0401959813163,0.0813183280937,0.0543873620014,0.0726080127313,0.0166338259567,0.0413473529575,0.00869570958216,0.0430141898045,0.0466880674462,0.0171706390773,0.0249448597862,0.0163409643692,0.0317350768797,0.0228413950185,0.109811589615,0.0115279821874,0.0308516597303,0.075943734762,0.0368417413698,0.0699368716648,0.037843531228,0.0293011126503,0.0422779472588,0.0495722762126,0.0397138433836,0.0561989107522,0.0370589578537,0.0564166149814,0.0371055574547,0.00584428125238,0.0278820403183
1864,0.0267452355682,0.0316312937493,-0.00144706407014,-0.0202539789268,-0.0278345316706,0.0172125365003,-0.00203485965391,0.0268265453901,-0.00907152673281,-0.00605639109275,0.0198004093468,-0.00214453917026,-0.0114676058359,0.060297434492,0.0172681704126,0.009505195614,-0.00204086979411,0.0353048865526,0.00755336334841,0.0117144222415,-0.0105822475856,-0.0163841726321,0.00549174042207,0.0419325738334,0.0112892910307,0.00751150320049,0.0183337792238,-0.0262117298035,-0.0249792139365,-0.0126945679635,0.0512968541476,0.0743850182271,0.0380886604074,0.00852652366814,-0.00537384569615,0.0347525022,-0.0147725709317,0.014699642647,0.0149273838593,-0.00975184420533,-0.0099839521673,0.0106111761869,0.0145429296077,-0.00419526109817,0.012331796256,-0.00777058472757,0.00316045767871,0.0222905690912,0.0177379681749,-0.00189137389423,0.0256382729381,0.00359485550283,0.00263164984061,-0.0265266101202,-0.00442745651271,0.0114175852265,0.0234263955482,0.00260798735524,0.0176262650556,-0.00756701617187,0.0248108773981,0.0166120096547,0.0480318429301,-0.00238590196606,-0.0038592262795,0.0198899428713,0.0204903514774,0.00243295140027,0.000331575216452,0.0118679907913,0.035405264252,0.0215038199854,0.0342245481661,-0.0112844575228,0.00321638404017,-0.0133968558397,-0.0178729054459,0.0227046317247,-0.00559447155259,-0.0326431076146,-0.0215358274562,0.00696293207641,-0.0260518159571,0.0668407034304,-0.0310730962047,0.0145698805669,0.0394126059661,0.00725845076062,0.0234763156238,-0.000764833444341,-0.00845304208915,0.0207096879505,0.0174759106567,0.00285265698622,0.0178108503136,-0.000087089723388,0.0326889768838,0.00653468353727,-0.0265635329014,-0.0100932168941
1865,0.0397763308964,0.0384726653461,0.002200133508,-0.00749927619711,-0.0162642718427,0.0295210975685,0.0138940323427,0.0343584343754,0.0224169755329,0.00357745244078,0.0382241249146,0.0118493755554,-0.00872217112813,0.0637852036493,0.0290924357264,0.0294537964996,0.0169864416322,0.0582452601454,0.000673371899499,0.0182580667771,0.015867196288,0.00526608222317,0.0202881318694,0.0387837623494,0.0277933104506,0.0085807865962,0.0366148910295,-0.0157070982593,0.00427427346814,-0.00115387425717,0.0549747145929,0.0749270714159,0.0384567973031,0.0186666534676,-0.0065756505364,0.0348224268305,0.0172066127667,0.0263427723738,0.0428615411537,0.0167013637705,0.000612465101332,0.0230684867593,0.0151986278273,0.0182455763562,0.0246901695368,0.0206911735418,0.0180684614582,0.0306262249485,0.0321212317184,0.0158715047035,0.0311850141672,0.0164183185775,0.0124056156855,-0.00901076677785,0.0170572030924,0.0097979936416,0.0528524235112,0.0183424322228,0.0256389051035,0.00380601629469,0.0626979329654,0.0242863177583,0.0600281596769,0.0125881058623,0.0183580114075,0.0383730350546,0.0397666010491,0.0137980807665,0.00342627997522,0.0230029865865,0.0368341049505,0.0351969409266,0.0408275218059,0.00924609954305,-0.0000828972740677,0.0109637501126,-0.0129718763309,0.0323876735507,0.0145816438007,-0.0113420702846,0.00213681494577,0.0292437035259,-0.0127925992051,0.0598804455411,-0.0143202695081,0.032636785507,0.0441023291225,0.0162453746245,0.0181428096309,0.0147683910557,-0.0108579734376,0.0559317111924,0.0260774954032,0.0226128285967,0.0338482339929,0.00982412727141,0.040006922401,0.0234878528308,-0.00595301209165,0.00305596336473
1866,0.0636921419228,0.0609908328552,0.0249674879808,0.0173382011865,0.00641342562365,0.0512130709042,0.0323163042144,0.0491813202951,0.0472948000714,0.029888562183,0.061991315794,0.035442607307,0.0144521586421,0.0862385770477,0.0554303180719,0.0516498066635,0.041719104008,0.0816994500429,0.00999131556826,0.036333717772,0.0504125574081,0.0343050386654,0.0505299759959,0.0502788224696,0.0574884357099,0.0264114509238,0.0641879648326,0.0188706344966,0.0405334274714,0.0247940045945,0.0629536576915,0.0918250295527,0.0541051413744,0.0407744918132,0.0123774810997,0.0522863919425,0.0674706222666,0.0513080753537,0.0766333928996,0.0505548742748,0.0293616072259,0.045763135576,0.0368893130966,0.0465590578438,0.0475263344133,0.0491083323286,0.0457269912164,0.0515110483048,0.0633700405692,0.0488692125128,0.0519970705726,0.0431258370928,0.0421210975622,0.0231030649458,0.0500158563966,0.0337446375298,0.0820355253455,0.0523522729251,0.0423159907275,0.0284779160381,0.0906212889577,0.0446708596776,0.0838062846078,0.0411076074674,0.0453327963359,0.0719784452658,0.0538616001102,0.0414459814414,0.0261211031301,0.0428828914442,0.0590741454795,0.0568347401913,0.0581443887147,0.0326910431511,0.0145990845527,0.0349353765289,0.0188291762998,0.0481082829153,0.0373652356828,0.0307842358243,0.0365058050746,0.0532979991149,0.0150626336041,0.0727561130125,0.016852020238,0.0506554269054,0.0654723109379,0.0367741920752,0.0348872695207,0.0447470233498,0.00392400176643,0.0871040670125,0.0428184356335,0.0527483783291,0.0612203808306,0.0339552865089,0.0519606946571,0.0468320629825,0.0187093266243,0.0304014987355
1867,0.0801597865875,0.077923022227,0.0455236527146,0.0352949940923,0.0225363060959,0.0647975531875,0.0415245471096,0.060198119242,0.0583970967422,0.051125638631,0.0755930720407,0.0500241090151,0.0362437435252,0.106031628087,0.0742263405656,0.0653067817962,0.0576592765776,0.0944252918337,0.0215355229946,0.0507664952293,0.0709398873326,0.0516545734337,0.0729832133048,0.0624035026175,0.0778205319945,0.0438215597447,0.0811556589297,0.0468446088892,0.0605699849453,0.0456007288989,0.0693000671389,0.106841510375,0.0669375132978,0.0570139171308,0.0320042406482,0.06945189797,0.100310669829,0.0693468982659,0.0955048027442,0.0703766104208,0.0518821902434,0.0619903467354,0.0583279976929,0.0624801093995,0.0633109945077,0.0633228472747,0.0642988705804,0.0673951801056,0.0864064800495,0.0704049723295,0.0698301891434,0.062318853493,0.0667745827366,0.0450391003741,0.0708720836236,0.0586468460159,0.0970572036457,0.0769558922018,0.0541116287273,0.0473158010693,0.103171466905,0.0607550884018,0.0992593402087,0.0607952762057,0.0605670090418,0.0949140339257,0.0604104570733,0.0620223407396,0.047048138869,0.0559207767839,0.0798327342911,0.0702212967204,0.0699019506206,0.045235988315,0.0304973758491,0.047229710359,0.0468591561403,0.0581352657368,0.0494140350485,0.0604315221558,0.0581922010173,0.0659141024349,0.0344827259696,0.0880323992781,0.0382223631017,0.0594205271872,0.0844619805378,0.0521496474205,0.0538915959347,0.0660386740062,0.0189065084371,0.10202554259,0.0554188786774,0.0715286779961,0.0788398158373,0.0523470549627,0.0598936656402,0.0604650530773,0.0337240094806,0.0504942827492
1868,0.0911540107546,0.0890270264436,0.0608745594967,0.0466349490096,0.0332239074718,0.0732018262101,0.046746888062,0.0688774443411,0.0655202939412,0.0652181748549,0.083717873558,0.0595274741894,0.0531324582037,0.120196945798,0.0862229294874,0.0755877150796,0.0686726811357,0.102831371653,0.0321016129215,0.0610753473129,0.082167698193,0.0608772675218,0.0872956066809,0.0725589848243,0.0899015551946,0.0574884117247,0.0913536969397,0.0659688407706,0.071257282955,0.061655152621,0.074781225999,0.118384654498,0.0762074094092,0.0676577768994,0.0478806046649,0.0831616793472,0.118817661086,0.0806688743083,0.105702318575,0.0810935110213,0.0669040814114,0.0724296279517,0.075392225756,0.0710887337982,0.072909421043,0.071014607789,0.0756934934217,0.0778707778948,0.101578041462,0.0831900260044,0.0838156533153,0.0746537039384,0.0838459357838,0.0581520005314,0.0832342484789,0.0790943340267,0.105191493045,0.0923052055816,0.0634396995535,0.0598330400595,0.111052772536,0.0727098393683,0.108562654217,0.0729526220606,0.0694563378253,0.10809115584,0.0644953956432,0.0747524521452,0.0630666869282,0.0635393167189,0.095213717508,0.0785570315892,0.078728335987,0.0527755709236,0.0440585429355,0.0538441217389,0.0670241444793,0.0646319264002,0.0560239988248,0.0781384092775,0.0702405606204,0.0731908423888,0.0474111244399,0.101739304312,0.0513987993841,0.0648057817065,0.0980413341058,0.0618013822976,0.07035017219,0.0794744173517,0.0314636578669,0.110152870563,0.0660425233394,0.0822757414491,0.0886304835702,0.0645871699747,0.0663023902613,0.0688417067358,0.0443106543838,0.0638765042636
1869,0.10022773707,0.097865181494,0.0730432444111,0.0548606011851,0.0419593370013,0.0803570050139,0.0523167189358,0.0771524061649,0.0732813975767,0.0745514599715,0.090865698326,0.0689416525371,0.0668283003599,0.130673291506,0.095963807468,0.0856928181625,0.0780793011792,0.110656638947,0.0422957126113,0.0699101554037,0.089562978276,0.066491609224,0.0973558298113,0.081595612315,0.0979416324738,0.0682763170117,0.100185880108,0.0805332224541,0.0800993097035,0.0762076226296,0.0805586173986,0.128478401507,0.0852927325409,0.0760778091507,0.0603585246425,0.0946643889122,0.130548753118,0.0888924553291,0.113456502309,0.0884217006784,0.0780074959881,0.0804094393765,0.089177230132,0.0777948556984,0.0796010734345,0.0774814131925,0.084862836324,0.0859691017241,0.113701388006,0.0931054441129,0.0958249002514,0.084336425174,0.096152667194,0.0676000747231,0.0931186977084,0.0957270253021,0.111213438411,0.103379650044,0.0729244255775,0.0691210500381,0.118685245699,0.0827901665467,0.11628646193,0.0823663837018,0.0771400750318,0.116411708299,0.0681980799416,0.0829961231227,0.0761510735364,0.0692084808573,0.10669995792,0.0857603138875,0.0883753402567,0.0598225024191,0.0560210580192,0.0588197717167,0.0825200620222,0.070358681981,0.0617491961144,0.0898280928168,0.0778667741796,0.079632227065,0.0582161604585,0.114525384939,0.0614456667997,0.0707004930278,0.107378694306,0.0681897643405,0.0844969054466,0.0896623645434,0.043420737391,0.116969415969,0.076940670133,0.090380071066,0.0950527656888,0.0737354904927,0.0732966839362,0.0765348323816,0.054216831069,0.074401855018
1870,0.107415493269,0.104482259834,0.0821026296063,0.0605805714045,0.048789088953,0.0858349682345,0.056323062155,0.0841552705981,0.0787773985956,0.0806380571752,0.0963609330921,0.0763943838355,0.0773713135153,0.138196559103,0.103024217646,0.0932173333153,0.0848733816255,0.11678431186,0.0512484872502,0.0767875874863,0.0947235646506,0.0701098271964,0.104313587035,0.0892010664779,0.103412621549,0.0764426293816,0.106831657488,0.0908431025873,0.0858458810135,0.0870767673704,0.0852363269114,0.136758792381,0.0928278762396,0.0822980680857,0.0697713899042,0.103726280564,0.137878884088,0.0946891222589,0.11886627466,0.0933920596069,0.0859007304125,0.0863089567219,0.0998007656493,0.0824127344162,0.0842763921232,0.0820939041602,0.0914880935839,0.0917590679787,0.122600214198,0.100124034147,0.105526503908,0.0914223521273,0.104793764768,0.0739201079901,0.100127959247,0.108674571554,0.115652874776,0.110941477108,0.0810148942876,0.0759540160282,0.124203934272,0.0909389931956,0.122011935393,0.0890261169035,0.0829422284919,0.121519323006,0.0710550763152,0.0882541531083,0.0861806081429,0.0731770129885,0.114839393017,0.0914414983752,0.0966508872401,0.0649937857128,0.0658907962251,0.0624558810331,0.0935310479255,0.0750315315484,0.0658102985414,0.0971597855029,0.0828499599449,0.0843972868058,0.0661982287363,0.125547043434,0.0687180650873,0.0750417923683,0.113799162946,0.0724218420192,0.0959983029426,0.0968684995075,0.0535683245029,0.121949504265,0.0860973505348,0.0960021584578,0.0991638415179,0.0803847065254,0.0793158164372,0.0824549991216,0.0622296042765,0.082430945976
1871,0.113728858376,0.109930621431,0.0890204341662,0.0650212057415,0.054619594971,0.0906704120507,0.0601473578095,0.0905789206208,0.0846548596639,0.0849698030475,0.101453242804,0.0830893226369,0.0856614841597,0.143955663476,0.108734328948,0.100288917655,0.0906699162833,0.122753517176,0.058888497457,0.0824177334839,0.0991438534393,0.0731639598385,0.109782959823,0.0957446529656,0.107815057861,0.0827953493175,0.112631833046,0.0984122685575,0.0905865736616,0.0962048494255,0.08987084781,0.143913842194,0.0992647898409,0.0873757135146,0.0769468801733,0.111014920127,0.143314342911,0.0992868560283,0.123635191343,0.0975433438676,0.0919623917484,0.0912184506307,0.10811041022,0.0863942809907,0.0880276173739,0.0863937025877,0.0968569678041,0.0963617870636,0.129685227407,0.10587956058,0.113693913158,0.0971660721081,0.111310272018,0.0787510154801,0.105872877564,0.118824075847,0.119890381345,0.116725524535,0.0885546464351,0.0815028191647,0.129998880489,0.0979827326485,0.127011360001,0.0943746942976,0.0882936177354,0.125305206356,0.074036481627,0.0921214780156,0.093984511288,0.0764804527007,0.120819643074,0.0966265031372,0.104362559255,0.0697906371621,0.0740159445521,0.0658975000695,0.101477945564,0.0793642526208,0.0695389696154,0.102302144193,0.0868229651652,0.0888161398767,0.0726362542885,0.134976510213,0.0745928035552,0.079271972173,0.118647292299,0.0757023607392,0.105316597582,0.102582272532,0.0619960808157,0.126876174021,0.0945620097148,0.100690762013,0.102390719434,0.0856921482865,0.0852173848136,0.0877843056529,0.069653174876,0.089225650944
1872,0.118455209323,0.113500809511,0.093659410714,0.0679176783682,0.0589008712418,0.0937588033683,0.0619971839815,0.0955066519705,0.0878975875951,0.0877707112935,0.104900154887,0.087376772111,0.0915952101579,0.147852124029,0.112313439848,0.104410621058,0.0939828585009,0.126880436919,0.0647228624432,0.0863952303305,0.102134134972,0.0751993195943,0.113512915484,0.100922719687,0.110772972354,0.0873449466211,0.116358761749,0.102889357704,0.0925853044145,0.101611820344,0.0930387454774,0.149292876193,0.103582282841,0.0908590306832,0.0820069773835,0.116320881314,0.14637364963,0.102326543717,0.126491224966,0.100180768643,0.0959380698481,0.0947623358382,0.114066413164,0.0886095584483,0.0906020508196,0.088933383029,0.100130718055,0.0993891640939,0.134361280039,0.10931244796,0.119796430972,0.101014846993,0.115728039144,0.081460381088,0.109337026716,0.126232548064,0.122799376426,0.120218153703,0.0941360266449,0.0855233550329,0.133361178852,0.103338531805,0.130169711427,0.0976702540414,0.0919071231567,0.127337794814,0.0760889460058,0.0943775915345,0.0993815535563,0.0784695758573,0.124621588064,0.100254189976,0.109869203428,0.0725635718117,0.0801312810258,0.0681205867868,0.10604860483,0.0825847317347,0.071692743569,0.104975194702,0.0894478962692,0.0915782782412,0.0762629481711,0.142340171341,0.0783524934225,0.0817746471945,0.122180586112,0.077923206285,0.112290457944,0.106281818517,0.068074820145,0.130068255377,0.100656910178,0.103542326658,0.104088845629,0.0892793559191,0.0895324035622,0.0912670911429,0.0748332499194,0.0942737860835
1873,0.11539222405,0.108305051822,0.0905340623913,0.0640517964243,0.0560526009605,0.0879825476142,0.0555248670346,0.0939938649188,0.0805661853391,0.0839704937602,0.100047602904,0.0815391868035,0.089615365991,0.144032690956,0.107005954283,0.0976325701675,0.0872277546362,0.121817871895,0.0641168075294,0.084394446139,0.095526260809,0.0699565364577,0.109044011598,0.10064245617,0.105520250211,0.085837377545,0.110558625626,0.0959269076709,0.082976716593,0.0953305542389,0.0910700735558,0.146980206879,0.0991109116961,0.0876420916942,0.0803059380836,0.11487904791,0.13668304441,0.0978497509781,0.119131993184,0.0938268809461,0.0911325796239,0.0920744563117,0.11228127261,0.0818469952102,0.0869089609628,0.0822367054279,0.0943078008415,0.0958812138215,0.129505823316,0.101622450672,0.117974194932,0.0966709663324,0.111805993851,0.074617084065,0.10291182645,0.124956344481,0.116696672404,0.113464181622,0.0911284124079,0.0825561488071,0.124896071309,0.101243663957,0.124148303159,0.0919922824185,0.0869527993662,0.11999093838,0.0727800357283,0.0885126837034,0.096781404869,0.0737165115969,0.120440233223,0.0957366003548,0.10599311538,0.0662735979286,0.0795885400624,0.0625985893679,0.0987452833286,0.0798235560631,0.0663920960113,0.0962468082101,0.083663595057,0.0862189517868,0.068328048824,0.142298223422,0.0723154595109,0.0774840824043,0.120083765127,0.0746235607485,0.111693135215,0.101381066448,0.0663995617041,0.123476423839,0.0977494947942,0.0973494265266,0.0971930780057,0.0852170919806,0.0868352041156,0.086331617156,0.0696422696574,0.0913014163602
1874,0.115894856137,0.10507951721,0.0882426987115,0.0627861348172,0.0558133194183,0.0861329936995,0.0532284061693,0.0950812986695,0.082864729426,0.0827673198282,0.0998657903721,0.0791210639763,0.0882521704552,0.141445096613,0.104053749415,0.0981274065065,0.086766840246,0.124058582188,0.0622255625932,0.0833364064396,0.0956784235332,0.0702397388806,0.107566804949,0.100237730498,0.104366464353,0.0848111739336,0.108643461039,0.0911338419996,0.0795867379755,0.0931365602941,0.0909808391335,0.145458172085,0.0943949931032,0.0864583450567,0.0790169098754,0.113524592187,0.134254128436,0.0960405574472,0.118372656154,0.0937357394868,0.0887024443364,0.0917739505077,0.110878748322,0.0804161043951,0.0862492597618,0.0829863979096,0.0915933160158,0.0940437280259,0.127325972937,0.0983383060013,0.118166783712,0.0949261405862,0.110142462706,0.071489604981,0.100877618642,0.124043622757,0.1189308292,0.110189337001,0.0914662124298,0.0817921901193,0.129517609945,0.101639919106,0.121232200495,0.0893212819711,0.0870607146842,0.116980453645,0.0758841132337,0.0858390893409,0.094739208468,0.071533163364,0.11710646837,0.0950353713728,0.104399190478,0.0655708540908,0.0785950421468,0.0639224777644,0.0924633603585,0.0797275956354,0.0659007006852,0.0927149572341,0.0834325285001,0.0867323634727,0.0642144902785,0.141184331731,0.0699047427752,0.0776067654929,0.119791358625,0.0736048935192,0.110666208065,0.0995847646589,0.0637642039677,0.126240366282,0.0983932202273,0.0955852213747,0.0943795987662,0.0834890253638,0.0871408967982,0.0856348145057,0.0710495028308,0.0912242419904
1875,0.11989512943,0.106380032424,0.0898026276034,0.0653898232513,0.0590437625628,0.088221377082,0.053583271125,0.0980732176161,0.0860424650919,0.0864707878668,0.102855123953,0.0799289740131,0.0907765321803,0.143721265457,0.105059204743,0.0998278658964,0.0891682633739,0.128140276131,0.0623598113567,0.0845455186085,0.101565010632,0.0749947674904,0.111349161508,0.10222715576,0.108709394275,0.0872051919302,0.110723991185,0.0922890342984,0.0810971892608,0.0928123841764,0.0914842211949,0.147424559599,0.0924619741034,0.0884484852107,0.0817792989607,0.115237939652,0.140134812169,0.0986718505622,0.122413887353,0.0985714286242,0.0914172371606,0.094869850228,0.113584153064,0.0831921403508,0.0894381736082,0.0868156273389,0.0930573974462,0.0954779613972,0.129431520058,0.10038457359,0.121674952522,0.0971290372897,0.113810460319,0.0736583383901,0.103200818901,0.127834569862,0.124455100685,0.112740416224,0.0938922563893,0.0853496760636,0.134047656447,0.105451890249,0.122651900624,0.0911434330823,0.0905016883927,0.120377252651,0.0789638367444,0.0888479680001,0.0964244212659,0.073155585889,0.11866533876,0.0978366979928,0.105013117156,0.0676021347863,0.0802702325669,0.0683207132873,0.0924740748703,0.0822914017943,0.0682004322487,0.0963040098716,0.0885677855755,0.0898390021198,0.0651910784126,0.142659024004,0.0727012004371,0.0790190666422,0.123955737623,0.0764362222574,0.11321019488,0.102146483082,0.0632126385796,0.131557023287,0.100375192036,0.0983163064791,0.096996200572,0.0862479810943,0.0889231068391,0.0878306014336,0.0753811157502,0.0952439882726
1876,0.119931206102,0.104250906391,0.0885613569242,0.0650863355457,0.059004223248,0.0861632291524,0.0502663440529,0.0980538544061,0.083975860513,0.0874168415406,0.101666983955,0.0763793203036,0.0904137654991,0.143370669945,0.102568392828,0.0967627628464,0.0868829230189,0.12732248826,0.0603414077744,0.0834392018615,0.102091540626,0.0754259886347,0.111843873126,0.102143053864,0.109157156637,0.0875388675952,0.108554733745,0.0892800179408,0.0774876381579,0.0885004174626,0.0901920840013,0.146407654453,0.0875880946241,0.0875504661391,0.082362624894,0.114610789751,0.139694212074,0.0981464051853,0.121121811496,0.0984615234237,0.0907409735273,0.0952496499015,0.113667329359,0.0815429914205,0.0896223012516,0.0854702109388,0.0906906852768,0.0943893324361,0.127568630952,0.0974168339163,0.121723281366,0.0958568139935,0.114261387753,0.0717999664622,0.1010136894,0.128587759939,0.124479898597,0.111065144422,0.092290655284,0.0861398437062,0.132214067913,0.105857970958,0.12023188712,0.0893516828082,0.0896488490596,0.119721346632,0.0790194790591,0.0884997143273,0.0952368249283,0.0720122227364,0.11776732806,0.0966597005581,0.101468921375,0.0652112110366,0.079549927468,0.0681774527784,0.0888709646113,0.082025406598,0.0667389852281,0.0946645253595,0.0891222867191,0.0885672192834,0.061377458526,0.141468712824,0.0712083841203,0.0772588164605,0.12595637716,0.0768802632766,0.113156394943,0.10100366711,0.0599148825689,0.131096991169,0.0983863182624,0.0967935155984,0.095728805435,0.0859626098561,0.0875294609636,0.0859290908409,0.0745008884008,0.0955687574281
1877,0.119500043164,0.101224312484,0.0866047939197,0.0643723002697,0.0584926152787,0.0836054886444,0.0471660592844,0.097826651416,0.0833483100254,0.0874739157244,0.100433943811,0.0728044459598,0.0891874598211,0.141891722767,0.0999076059535,0.0944853664045,0.0848731930507,0.127048836754,0.0573318119274,0.0822549632438,0.101845458471,0.0753592298588,0.111515721723,0.101249791457,0.108649868239,0.0870464465361,0.106177372293,0.0853834355646,0.0743595015065,0.0845357792861,0.089073118564,0.144463332263,0.0821247855595,0.0863894895287,0.081877215182,0.113265165887,0.138173440864,0.096916366942,0.119661212341,0.0980027444171,0.0892190247724,0.0952751473997,0.112732797807,0.0797862506735,0.0892283820535,0.0845449914621,0.0880537499677,0.0930407223496,0.125465779651,0.0939148331085,0.121056713989,0.0942256616775,0.113735932037,0.0694216077358,0.098865681918,0.128044861928,0.124717209481,0.108621821943,0.0904287157728,0.0861577605256,0.132106927614,0.105565160781,0.117304630693,0.0872452596482,0.0889044043766,0.118047123692,0.0798838233883,0.0870680100358,0.0932995322562,0.0703169730372,0.115816538986,0.0950597474234,0.0977017914845,0.0631476092003,0.0779230937142,0.0681274624828,0.0841269161401,0.0813838630486,0.0655595473363,0.0921330352992,0.0889837148761,0.0876601370294,0.0568632761757,0.139138654661,0.0689681499821,0.0762858674527,0.126971540756,0.0766286236821,0.1118733036,0.0995714722259,0.0559833755757,0.131398652526,0.0963407532548,0.0950228805024,0.0935558613424,0.0848758767149,0.0860068286238,0.0841292125398,0.0736647909409,0.095340302112
1878,0.120325901727,0.0996061080908,0.0859065740906,0.0649689904701,0.0591917968331,0.0825274053556,0.0454695165003,0.0984666667745,0.084307558485,0.088721197254,0.100644854073,0.0709081890781,0.0891334419231,0.141593517886,0.0989621547529,0.0936838799578,0.0844844055877,0.128200004533,0.0549784415189,0.0821860748134,0.103478587833,0.0767789038518,0.112735978363,0.100975432014,0.109666677821,0.0874158494637,0.105474925611,0.0835099631251,0.0736847416056,0.0822418851166,0.0886011353133,0.143578605052,0.0779768928703,0.0864530003869,0.0822861765106,0.112915239951,0.139213717016,0.0970409821042,0.120176833629,0.0993780980332,0.0892517814122,0.0964782979229,0.112887554612,0.0797930260693,0.0900043560045,0.0853406980456,0.0871115817675,0.0929655751642,0.12515393871,0.0924304711402,0.121473950896,0.0941067958357,0.114636446596,0.0689126452496,0.0986633934317,0.12859971551,0.12666661059,0.108089351277,0.0896182353208,0.0873944301835,0.133609732222,0.106355039639,0.116012653639,0.0868976652959,0.0897459868356,0.118217293072,0.0815381405984,0.0871238512854,0.0926020652741,0.0698742970675,0.115150585264,0.0947749857982,0.0951993724714,0.0626780991075,0.0770798340878,0.0695688701269,0.0814382304109,0.0817081314343,0.065816109681,0.0918258651275,0.0905425878475,0.0882253646515,0.0542890398046,0.137557023418,0.0684327490325,0.0764927642876,0.128879939074,0.0773892871319,0.111404689659,0.0998104107333,0.0531214889172,0.133510175598,0.095284688923,0.0950244610914,0.0929905706776,0.0851341059931,0.0852854392435,0.0837938208088,0.0743455761498,0.096503640913
1879,0.12162742596,0.0988946762191,0.0861214308782,0.0662727110542,0.0605211395665,0.0821601238905,0.0447004316037,0.0995503376623,0.086002813408,0.0904400166854,0.101491807481,0.0702152177855,0.0899203098431,0.142000822861,0.099244747384,0.0937807054372,0.0848046066887,0.129731574814,0.0533872871731,0.0830058120453,0.105476871178,0.0784416615051,0.114758122958,0.101209914693,0.111218481576,0.0883491054043,0.105763367495,0.0830282705304,0.074465860865,0.0815101995554,0.0888513953582,0.143466128558,0.0751716112092,0.0872831153932,0.0832314237994,0.113377610429,0.141165326736,0.0978756982702,0.121420012951,0.101279271685,0.0901997798856,0.0983229119935,0.113808551951,0.0805832293023,0.0912327687305,0.0866255268994,0.0872363474475,0.0937712628373,0.126035054582,0.0920474334147,0.122444216586,0.0949239011478,0.11629232911,0.0694631107392,0.0995778678297,0.129858090146,0.128756511563,0.108642173832,0.0894066303582,0.0892741629342,0.135308576544,0.107607316277,0.115751802151,0.0876785083869,0.0913069580941,0.119209114195,0.0831895182584,0.0878269414358,0.0928489994865,0.0701325107606,0.115354805465,0.0950671169987,0.0937362957154,0.0629929642335,0.0769280469178,0.0712359837774,0.0803322564337,0.0824759913626,0.066735567337,0.0925196991063,0.0925357672211,0.089319819787,0.052870035705,0.136749286556,0.0687908938332,0.0774289242759,0.131094082943,0.0785749847954,0.111561138913,0.10103737323,0.0514146133667,0.135935976204,0.0949295469055,0.0959165272791,0.0930936011414,0.0861274820951,0.0850890577903,0.0842365161648,0.0755399048402,0.0983842599082
1880,0.121444861945,0.0970008567475,0.0856904258367,0.0665689604441,0.0608426701181,0.0801703066212,0.0433644857798,0.0997303817737,0.0862104276011,0.0901382542435,0.101081609935,0.069407880259,0.0899300823789,0.14073790152,0.0994188731152,0.0925109008713,0.0831238000471,0.129354700791,0.0518162238972,0.084140667212,0.103947751321,0.0774301295162,0.115061044144,0.100962754437,0.110220116875,0.0882326695073,0.105257167893,0.0815234155254,0.0745191106894,0.0808235471924,0.089030560678,0.142483406068,0.073134969602,0.0876701052004,0.0826783294318,0.11342741742,0.139518443296,0.0973038108836,0.12042993369,0.10072182843,0.0897451933465,0.0992973111212,0.113612619831,0.0797704358884,0.0909139982031,0.0858725227986,0.086772039706,0.0942472978053,0.126621950622,0.090312926326,0.122107914487,0.0951308529579,0.116177996068,0.0686649331919,0.0998309474899,0.129565789432,0.127734304244,0.107652396567,0.0882709009619,0.0897204427963,0.133912454471,0.10730238397,0.1145118757,0.0877684278856,0.0917388272913,0.117630193888,0.0831829632795,0.0861284522075,0.0925708877784,0.0691773043834,0.114112628572,0.0938747773114,0.0924863686774,0.062195788462,0.076388383787,0.0702322501619,0.078159939061,0.0821205651054,0.0666781597615,0.090721881223,0.0918493015835,0.089026342083,0.0497355646933,0.135717535802,0.0675457268763,0.0783933583492,0.131243347023,0.0781973715845,0.110644926925,0.101499511653,0.0504375858519,0.135797602134,0.0939020723809,0.0955355312941,0.0908086206493,0.0856077015501,0.0840514597114,0.0839779538616,0.0743771202838,0.0990961309597
1881,0.122148622938,0.0952494030577,0.086057244667,0.0674840471665,0.0619415949296,0.0785688526274,0.0431771480723,0.100775368173,0.0888275496071,0.0891908897531,0.101807572124,0.0707720993213,0.0906258502374,0.138584589052,0.101433841171,0.0933054269865,0.082469222739,0.130650972121,0.0509632145629,0.0870840612079,0.101731356973,0.0763714342232,0.115054124949,0.1011505672,0.108430429539,0.0878837383974,0.106136419426,0.0810231955823,0.0767051914427,0.0831955516875,0.0901596692676,0.141765456001,0.0729947400468,0.0893459865793,0.0813845310398,0.114143915401,0.137631536237,0.0967681609976,0.120171383222,0.100675433073,0.089450134779,0.100863180157,0.113366672957,0.0797472990438,0.0906705164253,0.0865064119978,0.0878036431439,0.0957781796688,0.129374957113,0.089920052021,0.122343303881,0.0967217393873,0.115794393193,0.0685297502574,0.10217762449,0.129049902347,0.127407238809,0.107207285569,0.0885817197815,0.0898747593158,0.135178192728,0.107174438196,0.113946376481,0.089003166546,0.0935723614012,0.115095808135,0.0843732144868,0.0832992072243,0.0932327160364,0.0680169352281,0.112129982085,0.0932283257025,0.0937709873123,0.0629257831543,0.0765471965672,0.0694040939828,0.0761277347308,0.0819645128755,0.0679148189798,0.0893603436843,0.0911372153979,0.09025784278,0.0468895435709,0.135523560759,0.0667544300261,0.0815603785482,0.130189465743,0.0773228417066,0.109631906227,0.103394569983,0.0515756483492,0.137277916743,0.094746869926,0.0962604447364,0.0876567950955,0.0848048608592,0.0838207084696,0.0855209994132,0.0739720219431,0.100751936864
1882,0.12625407834,0.0965439173421,0.0895596524544,0.0712342859289,0.0658734994247,0.0802763261934,0.0448645864184,0.104158976649,0.0939977033459,0.0915985752195,0.105448927148,0.0748736440641,0.0945623349203,0.139318680844,0.106383070414,0.0971940257378,0.0855473484164,0.135401403131,0.0522652590506,0.0921493583369,0.104470925218,0.0794633738624,0.118368496454,0.103518291681,0.110481448422,0.0899574133497,0.109904997379,0.084798481166,0.0821447772478,0.088736489119,0.0924258407463,0.143805940107,0.075070103263,0.0936098759879,0.0828211216349,0.117464283264,0.141927310485,0.0992245508629,0.123979711278,0.104968469667,0.0926361037398,0.104884473744,0.116170451352,0.0830461205028,0.0933705949501,0.0907737484878,0.0918916651533,0.0997242385228,0.135651764962,0.093676125392,0.125853051885,0.101388417104,0.119036903782,0.072031205357,0.107928588928,0.132198134699,0.131678123633,0.11081332384,0.0917838576472,0.0927502819367,0.140682363589,0.110144398687,0.116366603668,0.0933064622222,0.0982798046702,0.116623388119,0.0878268450647,0.0840936727916,0.0970339155349,0.0691893348199,0.113107405642,0.0955869886106,0.0977905574904,0.0664880054951,0.0793180463545,0.0723412775777,0.0780946568948,0.0839545575964,0.0715904242327,0.0933512836306,0.0948677354313,0.0944871875549,0.0479670147881,0.138071599376,0.0696251576677,0.0859842467001,0.131915106357,0.0790217245011,0.111552719404,0.108627152876,0.0553863344901,0.14283138534,0.098327387529,0.100432153971,0.0880723805852,0.0870076491595,0.0855545316228,0.0898328550434,0.0773504053697,0.105810318022
1883,0.102373253363,0.0706972184394,0.0700099356074,0.0519738541453,0.045718674212,0.051872782744,0.0201630219007,0.0858592685402,0.0588183333408,0.0702369913832,0.0795819127851,0.047663516418,0.0750330631363,0.115960346397,0.0836935949621,0.0627680786573,0.0527714573849,0.10413140393,0.0377752517355,0.0794139057599,0.0694219166971,0.0524779205743,0.0941072213721,0.0900767741046,0.0826054743751,0.0738756856241,0.0825394310358,0.0538522334668,0.0489045809011,0.0581673365576,0.0792530201755,0.122953822687,0.0546390634792,0.0759413423674,0.0639319233328,0.101696813282,0.0987869493788,0.0763635602086,0.09020964419,0.0742162628283,0.0675045989507,0.0878179271317,0.0963201492142,0.0544100236988,0.0731368269255,0.059001309712,0.0666597889918,0.0830586032388,0.111347821428,0.0600016149566,0.103654167603,0.0792450672572,0.0947165290962,0.0438373932577,0.0801676628602,0.109406331931,0.0978762233496,0.0805840611205,0.0664909503155,0.0726442481332,0.0955051851352,0.0879035424989,0.0894847337263,0.0688661398721,0.0723802371736,0.0855060765567,0.0671763821937,0.0568377852292,0.0776503918879,0.0485187263469,0.0902783306204,0.0697037801984,0.0735449986944,0.0382306251914,0.0638833022151,0.0439077565921,0.0466642508051,0.0654734808056,0.0485096555458,0.0566363154055,0.0653779799277,0.0680008010631,0.0130079546309,0.121163475427,0.0399779172576,0.0666952861815,0.113437365834,0.0610717767853,0.0921515419089,0.0851066207267,0.0400033978514,0.107890172757,0.0727312150566,0.0730718034196,0.0586076961199,0.0644092966322,0.0644351809695,0.065106192907,0.0431679538835,0.083384686326
1884,-0.010253345633,-0.0458346341799,-0.0303768462167,-0.0419876974191,-0.0517057456539,-0.0703676395872,-0.0772125526143,0.000857631105613,-0.075765960503,-0.0355006715245,-0.0325944079857,-0.07129088801,-0.0283401646191,0.00530463146015,-0.0252564285602,-0.074270725892,-0.083111390579,-0.0259980464528,-0.035607072795,0.0102015284504,-0.0841782666282,-0.0688684004705,-0.0225141812457,0.0184357424229,-0.0448389608067,-0.00924464056581,-0.0377570507423,-0.0942394806889,-0.0928589923432,-0.0768391241485,0.0226452594773,0.0224312916604,-0.0384696532855,-0.0117300958153,-0.0324919867279,0.0174043784601,-0.0972403229399,-0.0303982649472,-0.0542051220869,-0.0631950117831,-0.0537050070917,0.00320147197241,-0.0070382355593,-0.0682872334862,-0.0224396118696,-0.0724055674042,-0.0491662879671,-0.000336584750768,-0.00954042809947,-0.090865096869,-0.0051212537503,-0.0282029697705,-0.0263577286887,-0.0852500275133,-0.0474781365321,-0.0113055282255,-0.0439701546071,-0.0606220494396,-0.0450500759668,-0.0251023780613,-0.074929574326,-0.018130529888,-0.0292987081823,-0.0456885763571,-0.0413681672015,-0.0538413177468,-0.0133374103633,-0.0672537604384,-0.0231705223564,-0.0420567079419,-0.0198253851456,-0.0431419880325,-0.0355938644996,-0.0787901721096,-0.0187839319515,-0.0737548817224,-0.101709107601,-0.0167018286315,-0.0493841742811,-0.113940722418,-0.0700907958709,-0.0440761461146,-0.136028135183,0.0316021445496,-0.0939519765391,-0.0132159826015,0.0195819206972,-0.0243919679604,-0.00874005781666,-0.029365028615,-0.0413384964876,-0.0350753566672,-0.0383946160876,-0.0504854124719,-0.0682626338667,-0.0419535150918,-0.0234576096958,-0.0438064384785,-0.0992166857513,-0.0284539447261
1885,-0.0664192945485,-0.118780749789,-0.102149569109,-0.0921932168274,-0.103923968643,-0.128577053847,-0.107901634112,-0.0400424627538,-0.0814584037788,-0.102360125184,-0.0737349881157,-0.124648996876,-0.105857734736,-0.0759558774159,-0.0847722038681,-0.10433774718,-0.125504719871,-0.0547561568596,-0.10177107949,-0.0317990002971,-0.143749762011,-0.115111354814,-0.0881782391669,-0.0416143700423,-0.111259314857,-0.0739144258055,-0.0913633391586,-0.189141034493,-0.136919269653,-0.134296927306,0.000964740917225,-0.0496209527086,-0.104387604326,-0.0608079811539,-0.111239648,-0.0481947316675,-0.186995802123,-0.0913498732142,-0.102239090347,-0.112376153139,-0.12885771852,-0.0408585848274,-0.0884359588364,-0.111172551264,-0.0721870492821,-0.100830078846,-0.107554951608,-0.048909458219,-0.0767881976392,-0.166267204799,-0.0732452356648,-0.0869037292072,-0.105959063196,-0.150533603513,-0.102299147998,-0.110388618544,-0.0737996535061,-0.139790229597,-0.0983515134897,-0.0833202160955,-0.0753988829374,-0.0801440246182,-0.0908041974571,-0.104317808067,-0.078984557109,-0.125334453241,-0.0112452928924,-0.139841196823,-0.0970968172844,-0.0880431962146,-0.102782953075,-0.0953039254479,-0.0928103245174,-0.111786592799,-0.0883993742438,-0.0985984713488,-0.206106228178,-0.0558684153771,-0.0767420987727,-0.203746422494,-0.127774090203,-0.0727213969211,-0.212007864147,-0.0481895239128,-0.164986683073,-0.0286383308608,-0.047786440562,-0.0744016438468,-0.0969029709821,-0.0892105999411,-0.106147629654,-0.0523853530309,-0.086558251258,-0.103779113811,-0.131657297823,-0.104854251802,-0.0609467513288,-0.0852955116281,-0.144915846569,-0.0904909949292
1886,-0.0288165224798,-0.0910862024935,-0.0798528145319,-0.0554503862805,-0.0710989051004,-0.0915200936046,-0.068890531484,-0.0181843108738,-0.0165949095729,-0.0700551439296,-0.0282381245782,-0.0823456453518,-0.0870978848224,-0.0584397839248,-0.0448160258325,-0.0564568615346,-0.0763475198576,-0.0018140708327,-0.104669736158,-0.00806148672588,-0.0800731511159,-0.0595829954267,-0.0463314939814,-0.0384727080417,-0.0665347966395,-0.0617254493406,-0.0452999172937,-0.147071210924,-0.0619953565919,-0.0969759556726,0.0137447239908,-0.0352742081563,-0.0898967192481,-0.0293797156864,-0.101870358566,-0.0355996513234,-0.102273975119,-0.0572076691563,-0.0353987824515,-0.04721105798,-0.0928953697329,-0.00745813281077,-0.0746853964997,-0.05515267674,-0.0372664099539,-0.0368309124,-0.0635633750015,-0.0193139007491,-0.0321186618434,-0.111977495313,-0.0505569407652,-0.0478525057103,-0.0727627857954,-0.0995923570135,-0.0446547686815,-0.0990293742959,-0.00659852930608,-0.090999950782,-0.0729923590339,-0.0528131865432,-0.000603485201116,-0.055025767786,-0.0526683303915,-0.0592805639143,-0.026396024747,-0.0723437056623,0.0265455155812,-0.101025361959,-0.0770322550771,-0.0567928191098,-0.0850166688338,-0.0596095857412,-0.0654279378617,-0.0603527737542,-0.0833467249883,-0.0435607013498,-0.173408889528,-0.0310882546403,-0.028367635593,-0.137867297919,-0.0674232647782,-0.0198970551722,-0.167591376153,-0.0495614286121,-0.119864275567,0.012377055723,-0.0281000739716,-0.046374883405,-0.0954724423385,-0.0436665127085,-0.0971363556569,0.022700907516,-0.0615564317284,-0.0500252586517,-0.0881789327626,-0.0728823078151,-0.0427668204265,-0.0404389919745,-0.097962281699,-0.0519830178189
1887,0.00994171855766,-0.0527643421546,-0.0381472439812,-0.0133494719053,-0.0347151040077,-0.0564875134758,-0.0419891921304,0.00459090159186,0.0159599647759,-0.0236509815985,0.00759101006785,-0.0434577677563,-0.046410589984,-0.0213002442085,0.00163795219545,-0.0224331148243,-0.0362770497883,0.032426534348,-0.0867701368713,0.0237236143256,-0.0271656916307,-0.011738035282,0.00425134403443,-0.0180517267072,-0.0184197074542,-0.0302445099993,-0.0037822851621,-0.0852584968083,-0.00245918026719,-0.0519532893986,0.0277800644833,-0.0051481547798,-0.0622743958433,0.00805310006624,-0.06774599812,-0.00340236875347,-0.0185128716321,-0.0162669236125,0.016294818002,0.00671257124998,-0.0434104415304,0.029433743733,-0.036566292536,-0.0105075804071,0.000661830974042,0.00431012418756,-0.0173444558996,0.0183525526477,0.0210374077523,-0.0560993711999,-0.0157278048674,-0.00275239481799,-0.0218818500528,-0.0448683538231,0.00940802190735,-0.0566733949916,0.0370175618515,-0.0328107597563,-0.0476919301813,-0.013883209448,0.0342372315294,-0.0223106223696,-0.0127852389093,-0.0102976991706,0.0139606913061,-0.0147820660567,0.0444862187157,-0.0515969538679,-0.0366132548276,-0.0245358998393,-0.0440063517325,-0.0275675675511,-0.0361378914061,-0.0235655042428,-0.0564931013174,-0.00824032925867,-0.113615868532,-0.00826507533189,0.00658051766384,-0.0633652429471,-0.0114075952091,0.0164822060731,-0.119512598623,-0.0257650521604,-0.0710957601611,0.0382157750962,0.00912755197975,-0.0109174991785,-0.0658684002614,0.00725354672578,-0.0692357339904,0.0662442828209,-0.0364874264053,0.00000135772956184,-0.0443352062449,-0.0316974533476,-0.0276279481837,-0.00345256055273,-0.0641143136359,-0.00686581890569
1888,0.0401781333082,-0.0214792600315,0.000855337377497,0.0187587850496,-0.00682732185143,-0.0302469291134,-0.0254250230692,0.0250966063749,0.0368922040941,0.0155752540049,0.0315770829395,-0.0150288787613,-0.00692851397381,0.0129530281145,0.0373867312634,0.00677481299124,-0.00338222080052,0.057705836255,-0.0640151885725,0.0502748601685,0.00792370742476,0.0207105918899,0.0434391366107,0.00460763534907,0.0168773398241,0.00149372518909,0.0240309690381,-0.0328966415943,0.0350596323361,-0.01027143943,0.0422579256058,0.0240659934959,-0.0379608689956,0.037224688414,-0.031164088529,0.0292120296352,0.0403853884039,0.0150899045665,0.0489870174973,0.0421041285307,-0.00273956745057,0.0570872339065,0.00237060262388,0.0181812719271,0.0290073815445,0.0294933271083,0.0163101557975,0.0487534827209,0.062471076312,-0.0153091529645,0.0175121079297,0.0318107723442,0.0219632767457,-0.00477733718367,0.0467773910949,-0.0110663249037,0.0655026756736,0.0119869166356,-0.0247906593945,0.0167243484715,0.0585760256567,0.0067876960241,0.0165577257203,0.0260572033637,0.0397828666571,0.0273950296503,0.0570937449093,-0.011948081529,0.00183620342473,-0.00155632620455,-0.00421847152537,-0.00476099749519,-0.0114840953234,0.00147530862289,-0.0265126848917,0.0143931823722,-0.0589035129455,0.00831468355205,0.0283338857359,-0.00676975751764,0.0271422569624,0.0400940657171,-0.080748693736,0.0035001741583,-0.0357237275989,0.0540145116194,0.0436419599311,0.0172470512196,-0.0308858302542,0.0457163766898,-0.0402569604189,0.0925480412297,-0.0120828397217,0.0345446695452,-0.0136014253218,0.00187749749299,-0.014065186262,0.0221297311294,-0.0380158273551,0.0285912966292
1889,0.0650326489204,0.00304322435413,0.034190333572,0.0423542509054,0.0147643216007,-0.0096683936277,-0.0151244039882,0.0437836192303,0.0503582101458,0.0465736887485,0.0487733234429,0.00663002387687,0.0277887968176,0.0413982172654,0.0640288600802,0.0302711166916,0.0229891698221,0.0778103310121,-0.0405983434677,0.0716025783965,0.0319474337165,0.0436177463339,0.0719120600276,0.0267853372963,0.0422124134257,0.0298771557783,0.0428359317795,0.00826738444977,0.0585194838428,0.0236235175256,0.054853988003,0.0506017522433,-0.01836832749,0.0594679118098,0.0029887049745,0.0586893019198,0.0807598965332,0.0381052493306,0.0701710720226,0.0660875997876,0.028661528829,0.0772406812488,0.0375634892352,0.0369609332483,0.050093644166,0.0461261821487,0.0404822631181,0.0720813586931,0.0938914874996,0.0146939106059,0.048075607642,0.0577079240766,0.0569744032303,0.0233923668171,0.0727837149133,0.0320009333997,0.0857974102013,0.0449452674874,-0.00358257713209,0.0393698209716,0.0750890337922,0.0326073572451,0.0380338848646,0.0520639708683,0.0572030692466,0.0565763237339,0.065886293619,0.0181891721748,0.0350737754148,0.014152107593,0.0299193119917,0.0125016017029,0.0103172222579,0.0195941468922,0.00253422119423,0.0297352935944,-0.0141683309369,0.0210032376611,0.0425834932925,0.0348690580065,0.0538865699321,0.056891772761,-0.0500275888203,0.0334307638796,-0.0106944467535,0.0647059433969,0.0729291438111,0.0385046687971,0.0039951187892,0.0740181079958,-0.013533477947,0.109644093159,0.0105161627701,0.0585254430376,0.00727644412189,0.0280380695401,-0.00203692857717,0.0411920082774,-0.0171443082058,0.0563687546844
1890,0.0731452305007,0.0100735748704,0.0500814016088,0.0488910017352,0.0209196808876,-0.00572173493188,-0.0179884266103,0.0512836155548,0.0453705967856,0.0584571645844,0.0496515404219,0.0110759096637,0.0450862824402,0.0523275148571,0.0716663957752,0.0349465891647,0.0295585650627,0.0799725340861,-0.0263808459438,0.0803251893838,0.0325045881149,0.0466519283281,0.0794231777039,0.0393191103676,0.0468869230253,0.0445981562826,0.0431342600395,0.0232702707362,0.058028510127,0.0358325228042,0.0600562293556,0.0633164893018,-0.0124848064533,0.0663812022529,0.022119674058,0.0744270996266,0.0867990418955,0.0433823586395,0.0688854825458,0.0675242832816,0.039089167761,0.082421250455,0.0560676108755,0.0365662002666,0.0552972727037,0.0433263653587,0.0452670408998,0.0802725861527,0.103633091957,0.0207062574445,0.0629851570708,0.0649730708601,0.0705060872951,0.0289862786298,0.0767945612699,0.0564788709289,0.0852806701271,0.0534509351311,0.00386220424588,0.0452158948077,0.0685684270924,0.0435078688345,0.0418105905346,0.0580623160834,0.0570384791192,0.0617871883437,0.0634493500369,0.0275721147917,0.0510942269554,0.015696951262,0.0458476975252,0.0142751585184,0.0180155577285,0.0207533076763,0.019515564354,0.0281341077532,0.00474478024806,0.022598902548,0.0417018277446,0.0461908974321,0.057516021348,0.0570972936665,-0.04105195839,0.0517529240183,-0.00723667491842,0.063506094096,0.0863290567981,0.0449628226953,0.0249569174165,0.0817063333543,0.000712214854991,0.105438531449,0.0190051835056,0.0618848303802,0.0084942992197,0.0367756891646,-0.000025535929894,0.0440512504222,-0.0148257520198,0.0655394988417
1891,0.0688127125807,0.00317049330431,0.0499994520412,0.042749782588,0.0156433569388,-0.0134117698535,-0.026863442568,0.0505209224647,0.0349932101214,0.0534322016098,0.0410961192001,0.0054798443964,0.0456316705183,0.0467561316342,0.0662260225733,0.0302443176154,0.0236235863554,0.073154132652,-0.0225455284079,0.0796620537456,0.016931440113,0.0360034216825,0.070788667318,0.0415059635902,0.0356591317192,0.04539456707,0.0323137246183,0.0168020352238,0.0453478569547,0.03402788837,0.0608715843053,0.0631401597098,-0.0166121443679,0.0620606300784,0.0247214039959,0.0766714890121,0.0682568275005,0.0351032309129,0.0545228638727,0.0546655035664,0.0324304085183,0.0768327204186,0.0574499574553,0.0250693070583,0.0485097151289,0.0309225987318,0.0372060138477,0.0771395970195,0.0977659817242,0.0103149974231,0.0637097744714,0.0588891081934,0.0651577246148,0.018660408602,0.0672812168792,0.0605151312178,0.0733515058907,0.0434880210158,0.00168827992605,0.0376878318292,0.0546029550171,0.0415840695746,0.0336138406813,0.050422695941,0.0474007519348,0.0491019953637,0.0572916937078,0.0197308489032,0.0511189316648,0.0074482748774,0.0440513129429,0.00565233313602,0.0166050134993,0.0132471551401,0.0234528830959,0.0171949592833,0.000878657848976,0.016621074275,0.033195025849,0.0343960838315,0.0449697699207,0.0488081831263,-0.0482863851052,0.0568811744546,-0.0193157190582,0.0582560214992,0.0840198605219,0.0393088200737,0.0296212085385,0.0747568803414,0.00346014728776,0.0919310308775,0.0181547009602,0.0520606008233,-0.00460959668603,0.0313499589732,-0.00427419784883,0.0376591975623,-0.0237873420109,0.0604463607206
1892,0.0694333710278,-0.000461351725842,0.0500168048773,0.0399928362341,0.0144377780233,-0.0152892683917,-0.0281308599229,0.0532873080215,0.0373892814856,0.0488435291911,0.0400418906737,0.00746870368905,0.0456357218492,0.0408291136181,0.0659299925681,0.0341694851241,0.0245135717554,0.0756985100962,-0.0196761961038,0.0817230348783,0.00915387251855,0.0317354159978,0.0650410703463,0.0434078041533,0.0286021761849,0.0446496600638,0.0290832319521,0.0128674422507,0.043825316813,0.0376285269629,0.0643356745131,0.0640741222159,-0.0172256220808,0.0614161360939,0.0244242072476,0.0782508603729,0.0579285261421,0.030127627699,0.0497865781283,0.0501179556189,0.028128113273,0.0747334329399,0.0570225794287,0.0217081151967,0.0452200299441,0.0290854637126,0.0351698639624,0.076812555175,0.0971102485349,0.00734421361054,0.0659728602736,0.0574189919079,0.0604877354037,0.0137644995074,0.0658758616743,0.0615238587189,0.071611145851,0.0381606127479,0.00480842079258,0.0324206112767,0.0559479395827,0.0420725811301,0.0311114384293,0.0480547513756,0.0461430275585,0.0407772439032,0.0584774181096,0.0138974627191,0.0511327372366,0.00304616292093,0.0407168032928,0.00304217206708,0.0214797730412,0.0142275629704,0.0261566194345,0.0145347772315,-0.00304378243775,0.0147347812664,0.0324951174238,0.0281250689341,0.0388580090575,0.0492570929093,-0.0504513174799,0.060725951163,-0.025769754648,0.0609339883795,0.080396534004,0.0352970734989,0.0315296809735,0.0728322847378,0.00704559927525,0.0908975758762,0.0225016693075,0.049332902375,-0.0128029996898,0.0281411656845,-0.00385135816207,0.0388191121495,-0.0246151635413,0.059496864914
1893,0.0858388440467,0.0126547009425,0.0634269519118,0.0513565887177,0.0275685386574,0.000125957117116,-0.0147442911104,0.0672623530563,0.0582083214596,0.0587405000746,0.0555303117115,0.027212676263,0.0590770566894,0.049553421314,0.0824162636612,0.0556174641305,0.0430881334034,0.095631646063,-0.0077738152753,0.0942966076466,0.0237970040464,0.0452876509379,0.0766065579806,0.0545133429336,0.0401978898445,0.0541274860433,0.0443614356707,0.0300063480367,0.0646864681316,0.059187398578,0.0752967437994,0.0783874420495,-0.00357565088857,0.0740005123546,0.0351283262986,0.0907019579982,0.0771044109315,0.0409350188239,0.0668589833937,0.0662576575524,0.0412614381942,0.0855638433424,0.0693560438528,0.0370047349273,0.055950879909,0.0463393036325,0.0508474584599,0.0890442081871,0.114762840482,0.0268056907245,0.0819510183149,0.0722017706554,0.0724983053338,0.0285128472793,0.084250684519,0.0765884596945,0.0897105094669,0.0538051908809,0.0226878433326,0.041487214855,0.079135467717,0.0564191186289,0.0464662951077,0.0633477959338,0.0621424268459,0.0532888776293,0.0700327801345,0.0255025464244,0.064560260212,0.0123612656576,0.0513961187008,0.0166999230898,0.0420598818637,0.0319937234145,0.0389466592202,0.0285655041264,0.0131062181652,0.0247268229226,0.0466211858992,0.0468487892965,0.0529969784707,0.0659362816446,-0.0321113030698,0.0754767427006,-0.0122132240662,0.0754850040965,0.0886706816451,0.0435508183397,0.0448628042219,0.0883111421167,0.0218617390785,0.110257758133,0.0410816963966,0.0654928180436,-0.00227093046812,0.0399891356206,0.00833402884458,0.0561001958113,-0.00649074952802,0.0749300739638
1894,0.10851489663,0.0352437358017,0.0853840893012,0.0693858296289,0.0473117776703,0.0227263651469,0.00340887884496,0.0858102980513,0.080204302386,0.0767325292543,0.0763442738815,0.0542402085381,0.0815223772639,0.068230412703,0.107150906859,0.0807361918633,0.066450647841,0.118509844305,0.0118673450506,0.112424415146,0.0458350707576,0.0642941588372,0.0972099770622,0.0725224005524,0.0603839506041,0.0709028608296,0.0672049122535,0.0593804825361,0.0922608374118,0.0884298547444,0.0895396160404,0.101318929501,0.019732990849,0.0929842411612,0.0540938670485,0.110873161924,0.108242416182,0.0599055906376,0.090498708374,0.088699320414,0.0641629449839,0.102440385702,0.0909357721553,0.0583026503164,0.0729298093401,0.0671092528145,0.0744789842632,0.107860865945,0.141238220159,0.0559958669034,0.105086889358,0.0947765310903,0.0943543003774,0.0523404968589,0.110040920179,0.102066275482,0.110923338026,0.0800064803469,0.0466414126507,0.0583426877675,0.102019100349,0.0775155343179,0.0703950703656,0.0869784883631,0.0832611441454,0.0757826597663,0.0811213635062,0.0462829703732,0.0868282270333,0.0282776208305,0.0720340376063,0.0368824506554,0.0699940053784,0.0540247327361,0.0594476122615,0.0456206426776,0.0426476346561,0.0397890575159,0.0645033145384,0.0769767242274,0.0744326642246,0.0860548722816,-0.00429523969912,0.0992266953731,0.0108090122723,0.0921905216038,0.104551302487,0.0582065898296,0.0673843276635,0.111748555894,0.0448677103163,0.131652820287,0.0651808915567,0.0888570629611,0.016760190294,0.0598661709049,0.0253397727031,0.0786465361848,0.0168811785018,0.0980653807152
1895,0.125050908204,0.0525201173162,0.103088024585,0.0820128840246,0.0615327177309,0.0386798779452,0.012884331788,0.0998239552507,0.0897066280507,0.0912346912831,0.0892221430781,0.0716955217741,0.100180375622,0.0841772232798,0.124177456635,0.0959218214826,0.0814097297067,0.13270133758,0.0298230996312,0.125589596386,0.0602596588029,0.0769269423716,0.112274961665,0.088779149531,0.0750341910605,0.0854243641004,0.0812006460193,0.0814052088866,0.106215200009,0.108384354788,0.0998837500693,0.120576840732,0.0377895487829,0.10642590319,0.0711747851907,0.127982079101,0.128855658548,0.0737964552554,0.103990719891,0.102604339813,0.081588792519,0.114222358148,0.109657897007,0.0706479634743,0.0852956334625,0.0779990723062,0.0900320091544,0.121529222971,0.15954569764,0.0757937273197,0.123717052493,0.110595418873,0.111750151998,0.0682064647464,0.125697264987,0.124773124928,0.123664423755,0.0986921014698,0.0645063732876,0.0708888326816,0.113034335234,0.0941975223528,0.0871261022459,0.102870072679,0.0954018856751,0.0916266551331,0.0870541312457,0.0623287084265,0.104890470525,0.039184540009,0.0897958668396,0.0506933665231,0.0902863937906,0.0666088553476,0.0775225843502,0.0555198340483,0.0661587345528,0.0504628727782,0.0740270225077,0.0982043551767,0.0887632623109,0.0974537481108,0.0151063825445,0.120862128396,0.0263811112873,0.100185904744,0.118581864821,0.0695154809112,0.0879823033749,0.127708750847,0.0638072343997,0.142280566738,0.0826949359609,0.103612532487,0.0298040388856,0.0749640567954,0.0374531479438,0.0927094195138,0.0319285386753,0.11504373208
1896,0.134347817077,0.0604631004904,0.1124476228,0.0871655914343,0.0682224233657,0.046231227341,0.0129328192921,0.108124319088,0.0900905785369,0.100001643882,0.0936796396621,0.0769013442074,0.110779587822,0.0932494456031,0.129841950335,0.101643619102,0.0878066320279,0.13971770737,0.0410131355759,0.130956235059,0.0670258680259,0.0836636228983,0.118609184061,0.0998009684307,0.0822454482897,0.0943981628113,0.0841179010781,0.0904628500177,0.105637441029,0.115576923783,0.104892353808,0.131993563812,0.0441481038984,0.111985077958,0.0829004604774,0.137891128806,0.136905931634,0.0797698514714,0.107169534221,0.108130075435,0.0897001562112,0.11896352463,0.12113691836,0.0734443646928,0.0916951094139,0.0807289290138,0.094641330699,0.127151903897,0.16618383404,0.0833147416677,0.135372684239,0.116781772487,0.121116292521,0.0730629751816,0.129411914936,0.140168672434,0.13007593131,0.106140700282,0.0745930452575,0.0763381574688,0.116717649524,0.104498585406,0.0933916267706,0.107748498585,0.0983640610033,0.0978914090442,0.0900543271259,0.070834858109,0.114284886266,0.0427614961022,0.100086738598,0.0567868088437,0.0997577080082,0.0699119584484,0.0889013222667,0.0596608936492,0.0765341592198,0.0554745250479,0.0755536716515,0.107646332274,0.0955501750616,0.101188869689,0.0226050282201,0.134945232215,0.0314975583474,0.100485067121,0.128615224949,0.0756358950584,0.102101345023,0.133537326204,0.0729731571184,0.145171419031,0.0919570466337,0.108184807063,0.0347249315448,0.0823431005728,0.0433477963271,0.0975687400934,0.0386959699957,0.123579090671
1897,0.13992919453,0.0631342850148,0.116184430403,0.0884153205483,0.0710669346167,0.0498960657911,0.0101709412147,0.113388257302,0.0889989858626,0.105013336054,0.0949842810447,0.0768338846697,0.115713624584,0.0976421278344,0.129770847955,0.103667883502,0.0903781927666,0.144211082205,0.0466714180717,0.131969759453,0.0704887122332,0.0876777175895,0.120132699758,0.106827972371,0.0856115757712,0.0992205357669,0.0825588465195,0.0917207815705,0.100249674796,0.115799160874,0.107129178876,0.138200980608,0.043512916801,0.113432609143,0.0902799427023,0.142598277373,0.138865731321,0.0815116413506,0.106656503937,0.11025088885,0.0923421529754,0.12017764489,0.127198355924,0.0727584483366,0.0949811710389,0.0811484911008,0.0941069952731,0.128357622971,0.166750389911,0.0849868105917,0.142509685409,0.118030883006,0.125353986082,0.0725393506252,0.128105305991,0.149735419894,0.13428084091,0.107614784385,0.0806774043342,0.077820678243,0.119004736301,0.110977750804,0.0947188035246,0.107276094067,0.0981708434006,0.0992264981206,0.0924608954972,0.0748678384991,0.11777068675,0.0429159170418,0.105004292948,0.0595348509153,0.103805749707,0.0700412155926,0.0950592681801,0.0619378659918,0.0782478264044,0.0579791579413,0.0746044207086,0.110751929707,0.098765684016,0.102479120524,0.0239841715283,0.142872743093,0.0315244505861,0.0990042734471,0.13562861024,0.0787166221739,0.110834666144,0.134278461446,0.0752399867597,0.146192644666,0.0968737215861,0.108360328125,0.0358010578738,0.0852965522109,0.0464426612978,0.0988377647138,0.0421605409175,0.12759433143
1898,0.144391350559,0.0642026880472,0.117620305328,0.088799473878,0.0729897224606,0.0526254673426,0.00794136805816,0.117500895343,0.0890567743784,0.108331278187,0.0961892807303,0.0762062822724,0.118141064687,0.100012966604,0.128803879859,0.104862002665,0.0917801337123,0.148407414065,0.0493619326384,0.132031369726,0.0731664332542,0.0909199769484,0.120330316402,0.111838537761,0.0878212393181,0.10192792129,0.0809484237034,0.0904988603334,0.0958287483697,0.113990528642,0.108341293992,0.142088453973,0.0409825663381,0.114057137882,0.0951211388774,0.144919934178,0.139404500814,0.0821785910024,0.106168214207,0.112000107439,0.093245007861,0.12072962062,0.130536272179,0.0721280922221,0.097422190851,0.0819826302942,0.0929625952252,0.128543416582,0.166214496732,0.0856759617445,0.147529105255,0.118375058914,0.127559326567,0.071074256987,0.126678972997,0.1560175978,0.138187015867,0.107654231924,0.0853393486803,0.078162758504,0.121805038651,0.115811834239,0.0952065487027,0.106023847372,0.0982861473277,0.0992406984929,0.0950664782374,0.0771356631147,0.118810252104,0.0425141797643,0.107383226529,0.061711832436,0.106468137613,0.0701928996753,0.0985099255256,0.0640353100564,0.0766145253952,0.0600055983258,0.0741113386042,0.112027350326,0.101153046197,0.103953315551,0.0234587206343,0.147466566699,0.0306098637004,0.0985951907539,0.140925273935,0.0807014438546,0.116430641957,0.134146613327,0.0746534776534,0.147791876113,0.100140844198,0.108151469645,0.036028189701,0.0867534493408,0.0486530527304,0.099971364331,0.044772036576,0.130403207844
1899,0.148148429366,0.0641394840864,0.117958497602,0.0889761770946,0.0743948059091,0.0543161389332,0.00536809636698,0.120582309776,0.0888277347052,0.110699433302,0.0970347238232,0.0748937693821,0.119285166453,0.101031817662,0.127743524807,0.104739753375,0.0919327805491,0.151945525667,0.0500320873068,0.132063105309,0.0750902728728,0.0937548649604,0.119804646924,0.115584183227,0.0891939816482,0.103319428239,0.0792027698589,0.088155742927,0.092014756071,0.110986097401,0.108510597181,0.144230991454,0.0373965599476,0.114585631831,0.098247777596,0.14591684574,0.13920956357,0.082203355817,0.105404315713,0.113565941165,0.0932519326842,0.121086979714,0.132182982763,0.0712960955042,0.0994369429712,0.0827436666018,0.0917116447867,0.128483115743,0.16568135586,0.0858667630342,0.151107679078,0.118560347999,0.128692117581,0.0692167737549,0.125572116662,0.160215130844,0.141661326352,0.107079425384,0.0885752671969,0.0778721659439,0.124130794534,0.11939218093,0.0948930832464,0.104529703235,0.098436199459,0.0982825897541,0.0975564636813,0.0781310663974,0.118638637543,0.0415648137807,0.108093065502,0.063197846595,0.107871513737,0.0698512390873,0.10031984245,0.0656334043229,0.0730574864095,0.0613967177976,0.073722885329,0.112501866893,0.103177951331,0.105282022501,0.0211416908291,0.149866749597,0.0291611681544,0.0985629599218,0.14507448217,0.0820341165016,0.119907526839,0.133981202831,0.0726197564441,0.14938840488,0.101807330653,0.107819891883,0.0354771673274,0.0871970729231,0.0495679885777,0.100862307877,0.046050343964,0.132717238945
1900,0.15135783775,0.0626135397067,0.117638215558,0.0890120266378,0.0752017437286,0.0545254114543,0.00161500040293,0.122688814816,0.0878582168339,0.112328763438,0.0971070331407,0.0723677575845,0.119625598117,0.100598651677,0.126488667932,0.1032349672,0.090754366562,0.154806884666,0.0489383880387,0.132343469285,0.075812578427,0.09623635713,0.118298275576,0.11835088243,0.0894005778366,0.103652616383,0.0766994864449,0.0848078736615,0.088016548618,0.107183338939,0.107582367688,0.14451894314,0.0323621940767,0.115152262591,0.100018555202,0.145949814782,0.137998381611,0.0812833239376,0.103705676285,0.114777730044,0.0923309386262,0.121155860373,0.132447640931,0.0696727925125,0.101013273915,0.08309863526,0.0901292278877,0.128243683539,0.165368217367,0.0853114227045,0.153590485248,0.118606132857,0.128933270436,0.0666222797375,0.124602002661,0.162916726458,0.144578505325,0.105745021408,0.0903703814256,0.0767825941999,0.12587621798,0.121780389571,0.0930941908602,0.102440552639,0.0981824156095,0.0957746398371,0.099946095139,0.0776232716223,0.11766186632,0.0394776812252,0.107188736849,0.0635801525239,0.107887044216,0.0685812146929,0.100950450106,0.0663436277139,0.0675874907537,0.0617283502456,0.0730735958751,0.112283557026,0.104815116273,0.106282669279,0.0164607550336,0.150487897705,0.0267975823625,0.0986449344281,0.148267604165,0.0826654707678,0.121715115992,0.133867017094,0.0695502746791,0.150711061837,0.102016941296,0.10707057873,0.0335501863498,0.086436822889,0.0488029781503,0.101277460795,0.0455655606343,0.134681587163
1901,0.153920210236,0.0599363047542,0.116838679668,0.0888904100915,0.0754194581486,0.0535863532787,-0.00289332037731,0.123958245923,0.0862791055195,0.113465626991,0.0964703401889,0.0687145486463,0.119350840045,0.0990982311239,0.124911614211,0.100699239917,0.0887523422585,0.156886170091,0.0464156564711,0.132676061331,0.0758220920999,0.0984273563339,0.116123261476,0.120301450012,0.0888640163393,0.103225195137,0.0735004702768,0.080664271005,0.0838401422829,0.102624461972,0.105929576372,0.143313430382,0.0259974533865,0.115599066368,0.100786092129,0.145270263418,0.136164740987,0.0796277899844,0.101403165338,0.115648114648,0.0907014440484,0.120961322559,0.131687829096,0.067505571748,0.102171763698,0.0830593455748,0.0881056868386,0.127809538447,0.164967627511,0.0839373089866,0.155140979534,0.118349169492,0.128550152319,0.0635121288368,0.123463157077,0.164488235906,0.147026704436,0.103808694473,0.0908384493137,0.0751289283661,0.126994416454,0.123173435482,0.090135064064,0.099832827592,0.0974436237825,0.0923795398932,0.102117074173,0.0761296905861,0.116079871746,0.0366437004686,0.105152931184,0.063045429842,0.106513169662,0.0665314921315,0.100655843374,0.0665988599747,0.0607963555436,0.0612216395473,0.0721449357001,0.111524126468,0.106092392685,0.106858037052,0.0101928255936,0.149656856919,0.0237178980151,0.098438646023,0.150780758562,0.0828137581872,0.122218151167,0.133626256131,0.0656590578093,0.151701743101,0.100929540908,0.105882865942,0.0307921009697,0.0848298805506,0.0467460334298,0.101072085027,0.0438637706027,0.136224004794
1902,0.14414006583,0.0456588233925,0.106027855313,0.0791521428882,0.065394563548,0.0398043649231,-0.0170758629958,0.115844778827,0.0694904191517,0.103624825987,0.0838524584232,0.0529631393701,0.108644608968,0.0866914167966,0.112590415585,0.0829558238422,0.0718910899673,0.143930016683,0.0365489517071,0.126097740619,0.0592526914665,0.0871618575354,0.102294039778,0.114864568742,0.075141385177,0.094402944006,0.058186677917,0.0619981885456,0.065496437074,0.0841420369012,0.0983507120509,0.131776689728,0.0110293936725,0.107083305508,0.0916876034608,0.136171942957,0.113913761012,0.0672279392464,0.0838824376284,0.101586080688,0.0769294708897,0.112097546704,0.120501953031,0.0525842140408,0.0932382042951,0.0684115356954,0.0744468561567,0.119109731826,0.152307503747,0.067055873304,0.145009809224,0.107165581558,0.115907209763,0.047551324185,0.109183952044,0.15359788186,0.133071554944,0.0877283677132,0.0790485584499,0.0636446973674,0.10761267121,0.113155323071,0.0753203226264,0.0859124541756,0.084614069292,0.0751039535436,0.0943379610439,0.0620341081527,0.104458398757,0.0249292659714,0.0923238968286,0.0506063112317,0.0936601561329,0.0519424467432,0.0919601101378,0.0536094709135,0.0399257300732,0.0520653003552,0.0608028564513,0.0930846057276,0.0927461581838,0.0949717651046,-0.0111003156316,0.139701219439,0.00714300874311,0.0896092835122,0.143493068898,0.074191725341,0.112375739384,0.12170515873,0.0539576706437,0.136227767357,0.0876084471733,0.0918919772103,0.0152937963613,0.0724805255996,0.0351502755563,0.0892249872454,0.0263666389223,0.125967063894
1903,0.0960819094115,-0.00677839720497,0.0610858108251,0.0379133994838,0.0226264440558,-0.0139062171223,-0.06079957833,0.0791661928723,0.0110465963686,0.0570481456416,0.0348830057563,-0.000309736336109,0.0622903077887,0.0368885523935,0.06498648516,0.021963952358,0.0110757117041,0.0884423796119,0.00196087481436,0.0964938315523,-0.00866308374227,0.0347119731518,0.0495145663876,0.0844382739515,0.0185719886184,0.0567298248495,0.00456791500425,-0.00560016675144,0.00303129552778,0.0227796542664,0.0730448150405,0.0863529647336,-0.0326970982468,0.0693293640184,0.0486645104632,0.0981882529372,0.0262313242649,0.0193909675156,0.0196983420482,0.0417791160162,0.0225474197473,0.0749160701913,0.0735081171909,-0.00173490837352,0.0519012496589,0.0113804162162,0.0233334393581,0.0828299198034,0.0996146533152,0.000918678859267,0.0974458565584,0.0604165779199,0.0618144221055,-0.0104857314226,0.053532801724,0.100008340502,0.072128315082,0.0249736602651,0.0304408081917,0.0192943012948,0.0341233827613,0.0668772306305,0.0223653532403,0.0348910353801,0.0350852209819,0.0119458817212,0.0605153680753,0.00624176767914,0.0585687728352,-0.0159067278996,0.0422325333564,0.00122736234846,0.045692789367,0.000241394801771,0.0546114245299,0.00212303719175,-0.0295470400335,0.0158926252155,0.0182609896225,0.0173782946099,0.0335764949034,0.0467630470833,-0.0802520511602,0.0988989092408,-0.0532706483901,0.0560049488372,0.102907760596,0.0365048864336,0.0671231759063,0.0718087117172,0.0156083710807,0.0745232702463,0.0380467510786,0.0375713341231,-0.0416306684687,0.0245849775386,-0.00469633752711,0.0421539350676,-0.037512588981,0.0776719985863
1904,0.0749170055414,-0.0377710237472,0.0315216401478,0.0181511788106,0.00193314015789,-0.0377487535565,-0.0719780884242,0.0637671294076,0.0132145376821,0.0277885609537,0.0196776927423,-0.0198836583323,0.0298874259331,0.00083859714861,0.0437215157937,0.0117311011059,-0.00651493177862,0.0799772670088,-0.0268612722695,0.0826984141772,-0.0356389665836,0.0155267823049,0.0206071017149,0.060834341478,-0.0109971874729,0.0281993727671,-0.0159090963377,-0.045793228265,-0.0111955276873,0.0018110170371,0.0655049960569,0.0552819429406,-0.0592649465835,0.0516782111583,0.0138446606147,0.0708540235071,-0.013324223484,-0.00678921859133,-0.0000671371523783,0.022285993372,-0.00936727407009,0.0576333865118,0.0377300444796,-0.0186599474594,0.0317577320799,0.0019851540708,0.00153854536286,0.0648589108633,0.0754818914728,-0.0281531858037,0.0695981296829,0.038701580342,0.0273765395221,-0.0376311183555,0.0346283772782,0.0571954509316,0.0610445113316,-0.00756585535976,0.0103152555957,-0.00632733408001,0.0380238010467,0.0411245291037,-0.00266453862039,0.011980255525,0.0221592990905,-0.0208949561038,0.0639803017564,-0.0268587103027,0.0274910651539,-0.0358925256361,0.00519307032874,-0.0196256138831,0.0255756500772,-0.0114445455929,0.0252985489968,-0.00845382444982,-0.076101686418,-0.000283096954735,0.0095614689877,-0.0204904418253,0.00939933266964,0.0379275034534,-0.114866760272,0.0651455161985,-0.0833857330769,0.0550313714911,0.0733574359328,0.0147892786407,0.0288400074889,0.0496664616446,-0.0107610471457,0.0702122469406,0.0197414853849,0.0171794283254,-0.0701740012384,-0.00293549198093,-0.0204655616692,0.0283510443528,-0.0573481604689,0.0539158123383
1905,0.100392149569,-0.0192476508664,0.0487126064854,0.0413110517328,0.0232779520496,-0.0143810440237,-0.0490606697436,0.0799725010772,0.0510863458553,0.0472254203012,0.0474066861614,0.00757038843312,0.0453460217596,0.0131820085216,0.071524693295,0.0414582330929,0.022529195643,0.113204923667,-0.0237454114888,0.10173047156,-0.00100221021546,0.0472545585327,0.0444300660761,0.0687988947799,0.014220652771,0.0375632554225,0.0125849521785,-0.0184060103988,0.0325873774137,0.0287772658356,0.0756169168445,0.0669113144563,-0.045766497306,0.0739238060694,0.022219930515,0.0825119438056,0.0333043274249,0.0137189173026,0.0371924477975,0.0597066309523,0.0133920196858,0.0785529318941,0.0489390612551,0.0132701382871,0.0533861178473,0.0391074265773,0.0301236621428,0.0855322544702,0.106766399536,0.00666759342903,0.0870511411187,0.0652343949518,0.0484604990701,-0.00762647243918,0.0710790710618,0.0688699914181,0.0997710979317,0.022890133095,0.029722861307,0.011668404116,0.082647370678,0.0586792708963,0.0212140130838,0.0399691632832,0.0537547055278,0.00734415367921,0.0870964436916,-0.0053767416393,0.0432015358884,-0.0180237409388,0.0175479484074,0.00311297282216,0.047564843628,0.0187550868087,0.0333619617371,0.0219481639305,-0.0551141081388,0.0151868683338,0.0382727616194,0.0184173360574,0.043775227046,0.0698098457726,-0.0898984088774,0.0708434965404,-0.0562533043553,0.0813459023711,0.0862529448388,0.0313958776361,0.0349218026278,0.0795843180406,0.00049639290889,0.11318150466,0.0385595557237,0.049498689179,-0.0460668025339,0.0161998203271,-0.00815386409791,0.0571956456872,-0.0300530497988,0.079957182762
1906,0.130673083167,0.00898464107006,0.0795172760682,0.0706769544014,0.050142905989,0.0125102050901,-0.0282734911059,0.0999654892656,0.0780225083745,0.0775633116238,0.0745832337132,0.0381933805712,0.075856390351,0.0394497519153,0.106749740566,0.069440883617,0.0517259269322,0.141745405286,-0.00694962617111,0.127541739828,0.0336326139675,0.079384516108,0.0770738346622,0.0883381355664,0.0457387389653,0.059745590542,0.0434803478973,0.0244714511002,0.0739383906054,0.0650957845705,0.088899150501,0.0903396049727,-0.0216844126082,0.102505115489,0.046544861093,0.107386730569,0.0865812619714,0.0416456635368,0.0721604745514,0.0965125979178,0.0474849055182,0.104443509688,0.0763389584859,0.0440759257836,0.0800809830629,0.0695376869326,0.0642287928812,0.113439646028,0.1468846001,0.0480076658362,0.114759667175,0.0989157887191,0.0829291474146,0.0290531286897,0.110491546111,0.100626987038,0.131354275481,0.0633321512074,0.0535777281308,0.0375877455657,0.112467100964,0.0840278662474,0.050551734836,0.0742990120125,0.0836416331289,0.0429816859354,0.10259310202,0.0258873904771,0.0730635360546,0.00377778954652,0.0456399628154,0.0282879389051,0.0753073437651,0.0461725317679,0.0557606908857,0.0463675072142,-0.014855070764,0.0328225467377,0.0639480675999,0.0677791372855,0.0809599522074,0.0975993997966,-0.0574950235682,0.0930290474267,-0.0222855537033,0.103453326243,0.111263768416,0.0548607264063,0.0590360482788,0.116493816138,0.0248824982572,0.145361498926,0.0620067163956,0.0845487467825,-0.017160188856,0.0439754180774,0.00611923779693,0.0863477951011,-0.00433010398057,0.113584367939
1907,0.141088118752,0.0179490917094,0.0962855239387,0.0820065165778,0.0590177229363,0.017265455998,-0.0291580013937,0.106505334842,0.0741169088709,0.0908221837936,0.0783592911147,0.0448161135747,0.0929625760257,0.0504707873766,0.120693622618,0.0718833206419,0.0562576850271,0.144858230008,0.00387565765875,0.140986382396,0.037272591445,0.0867795463146,0.0877656904291,0.100629023937,0.0533119283772,0.0719431312132,0.0490546840842,0.042750218257,0.0807813845807,0.0782492434993,0.0929174004092,0.100149979662,-0.0123345810447,0.1147236536,0.0608939179268,0.12199327034,0.0997903995927,0.0498567455975,0.0751234023179,0.103874091111,0.0609140107631,0.113561753431,0.0915049079657,0.0477480926692,0.0889305383817,0.070812229516,0.0751142031154,0.125963020875,0.164059831412,0.0602013354525,0.127503725264,0.112123138187,0.0982705704237,0.0397041131198,0.12221057483,0.119922788056,0.133553192988,0.077540276254,0.0598592020525,0.0460987946792,0.107229329884,0.0933317314153,0.056944700156,0.085272965016,0.0881303922799,0.051205749952,0.101607261608,0.0357228626065,0.089140377921,0.00765314921614,0.0594476500541,0.0323278692704,0.0843940846615,0.0484598006391,0.07000324887,0.0460355995726,0.00348773747127,0.0351617440972,0.0671270278974,0.0848689594993,0.0904456577429,0.10103908045,-0.0513865548014,0.10762660696,-0.0138778858657,0.106193620127,0.123494408848,0.063303479542,0.0743670877983,0.130900602256,0.0394512292301,0.145194838552,0.0681872762288,0.0934253921731,-0.0125903747472,0.0534954235425,0.0058866948043,0.0928324010293,-0.00465995451654,0.127034373621
1908,0.148276923046,0.019748126164,0.105759478043,0.0873107905283,0.0629112110436,0.0184907482535,-0.0320478470904,0.11212873436,0.0760409003034,0.0971733869074,0.0795656876894,0.0463577326069,0.10271668808,0.0538030251917,0.126724203691,0.0775780060683,0.0611683734654,0.151061209255,0.00979117022388,0.149114403802,0.0369903525155,0.0911284383258,0.0899913123349,0.108693297159,0.0542395113636,0.0783266685327,0.0487994153439,0.0497341087539,0.0814813934016,0.0879033166899,0.0967442058347,0.103869877818,-0.0113127723208,0.12127396562,0.0693750267139,0.130322286739,0.102704464025,0.0508991679214,0.0739091509029,0.107388510689,0.0658312838169,0.117141104865,0.0992924774696,0.0473928975944,0.0930561806869,0.0728060193817,0.079030554522,0.132155691711,0.172941947155,0.0649129442488,0.136538165793,0.118374451412,0.105115213495,0.0417873749237,0.127220683506,0.13182030156,0.137845478347,0.0824017876335,0.0653208941887,0.0480097197859,0.112749496274,0.099118561593,0.0565609967868,0.0880680408476,0.0896423292275,0.0503733057734,0.106085253626,0.0379734023796,0.0975948039527,0.00607067034348,0.0651487602291,0.0331516971381,0.0899425170842,0.0497584605363,0.0787993258337,0.0468603861072,0.00970940358035,0.0348101836576,0.0686199425801,0.0918395624267,0.0945714685341,0.104545227031,-0.0516705499501,0.116374628734,-0.0130807521663,0.109204469192,0.129905151676,0.0663445162952,0.0837337851296,0.137893966959,0.0471941826728,0.148333927294,0.0744974153674,0.0962976927346,-0.014265294762,0.0565140599629,0.00545855783516,0.0965678289774,-0.00401314419612,0.134477085803
1909,0.161468652127,0.0283483068449,0.119005020967,0.0970576290578,0.0722492605498,0.0278856751477,-0.027667891484,0.122395844956,0.0852902097629,0.108868957905,0.0881122548885,0.0551559604851,0.116439244071,0.0630391349401,0.137659362992,0.0894639576676,0.073453786615,0.163913253147,0.0188767422185,0.159294969718,0.0477324622406,0.10287641733,0.0989060303292,0.120029921992,0.0636625684705,0.0884686064466,0.056157451287,0.0631669983525,0.0910185329013,0.100981740352,0.103135869122,0.113430425874,-0.00600023095472,0.131543478569,0.0823011531124,0.141993093512,0.117649852363,0.0583358794375,0.0830486980009,0.119293810897,0.0768299046389,0.125257768146,0.111727823662,0.0554955765347,0.102485151893,0.0829746085297,0.0887802436897,0.141924402606,0.18643315113,0.0777711521176,0.150906343941,0.129507445454,0.117770555316,0.0513359927839,0.138605473588,0.148962631573,0.150788874197,0.0946529032012,0.0767926143415,0.0553554587982,0.125644353813,0.111033566005,0.064183394097,0.0972034797637,0.0983372353989,0.0591101852283,0.113770342217,0.047969519606,0.10989383047,0.0109498168441,0.0762788023485,0.0414799922876,0.101263028534,0.0584768398106,0.0908644999185,0.0559260599505,0.0226369894425,0.040292515468,0.0762243204236,0.10766587218,0.106666462686,0.114587619472,-0.042019370174,0.128910246483,-0.00433771569218,0.11616606967,0.141204805851,0.0742778284509,0.0976812246486,0.149948700717,0.0575663821114,0.159986162788,0.0858785802671,0.106305617416,-0.00699570249735,0.0658307752432,0.0106595909392,0.106532865827,0.00581256833899,0.147466933279
1910,0.171220683224,0.0351174440247,0.128991208507,0.103849118653,0.0790775451713,0.0349029116692,-0.0263512404142,0.130059621538,0.0884055441567,0.118734356861,0.0934389837105,0.0602305462404,0.127147168158,0.0714550495427,0.144672430622,0.0959990575079,0.0810128275263,0.171949248047,0.0266685037603,0.165866284194,0.0559231646388,0.111366303489,0.106229288184,0.129774760455,0.0715246865337,0.0971603271196,0.0602343963424,0.0727345423428,0.0951506228579,0.108476976235,0.107472847841,0.121777072643,-0.00273050576797,0.138357745728,0.0939576904902,0.151336285531,0.128482577252,0.0643755579057,0.0884999016478,0.127361616345,0.0853575010892,0.131050221032,0.12241448277,0.0603556295352,0.109905954931,0.0883347325657,0.094758223523,0.148814225896,0.194791249553,0.0865156831949,0.16236592178,0.137075700882,0.128028816257,0.0578407472754,0.144916473771,0.163778259954,0.159167642336,0.103568062205,0.0849941779576,0.0610679077492,0.131245230884,0.120901047347,0.0699234351155,0.103458873715,0.103353673133,0.0666585039656,0.118130633451,0.0568992804156,0.119069906948,0.0149461187026,0.0862603917271,0.047389709543,0.108718741345,0.0632746049841,0.100782543452,0.0617131406677,0.0329331712589,0.0445414671654,0.0800349332403,0.118972694321,0.115669315871,0.120193858456,-0.0350036431262,0.139668693041,0.00148922955774,0.118999976955,0.15168257325,0.0810189129614,0.110067518599,0.157764871394,0.0647174480192,0.166063487159,0.0934177053698,0.112620417906,-0.0010576711215,0.0736415079582,0.0136706687307,0.112518298518,0.011692205533,0.156988374667
1911,0.17640862633,0.0358199468775,0.133494805365,0.10610192952,0.0812464622445,0.0361224691203,-0.0308402056856,0.133930619941,0.0857094282109,0.123868829615,0.0932368054107,0.0580845546499,0.132320781003,0.0745097938668,0.145263426422,0.0962970238156,0.0825967686561,0.175098874512,0.0300567836936,0.168331915055,0.0577595293292,0.115409950413,0.107162584519,0.135926311463,0.0735711792087,0.101559479131,0.0576927980734,0.0741625487856,0.091399360919,0.108387317066,0.108288715024,0.124537775442,-0.00633439438803,0.140732913679,0.101243134254,0.155698161921,0.130352321318,0.064727322096,0.086734253268,0.129891688249,0.0876705412275,0.132406253303,0.127644935826,0.0589826628197,0.113234581749,0.0885278853624,0.0946245121163,0.150829276897,0.196789159269,0.087832830459,0.168949727482,0.139051400206,0.132347403302,0.0573250053646,0.144869762345,0.172910412037,0.162650462924,0.105255296306,0.0881256266966,0.0619102849689,0.131839118923,0.126034051949,0.0685875310309,0.102909717315,0.102709994097,0.0666829764087,0.120435244078,0.0598026143584,0.122546385941,0.013736963726,0.0904420583873,0.0480135605994,0.109852619816,0.062066495439,0.106076815102,0.0628638060431,0.0344495377639,0.0446332686714,0.0792643542114,0.122440365435,0.119223687094,0.121296039472,-0.0361904769271,0.145134897937,0.000775990095009,0.11807281454,0.158209176549,0.0836749771078,0.117556471052,0.159777286743,0.0660677446758,0.166848599637,0.0957117454174,0.112754818746,-0.00121840919982,0.076001198886,0.0122937059034,0.113253717237,0.011611026458,0.161299010527
1912,0.149005828487,0.00440417086707,0.109205932767,0.0813408716337,0.0555125785018,0.00308862258731,-0.0628149798845,0.112876435138,0.0420880542205,0.0992752758358,0.0606943448066,0.0217058415821,0.107881224717,0.0474903510243,0.114335458224,0.0552944880631,0.0441699859693,0.139050806615,0.0128669211732,0.150136636757,0.0161570205998,0.0844152588145,0.0751222117776,0.121878952713,0.0401639959995,0.0826146027883,0.0210072319056,0.0337634113497,0.0466624029652,0.0675455367554,0.0919924207346,0.099233915726,-0.0361340143954,0.117692278676,0.0818749817674,0.135770866409,0.076687032125,0.0352295278653,0.0436613331301,0.0926614462623,0.0558704517495,0.109340461886,0.103812305752,0.0225217968229,0.0894418831883,0.0500163618606,0.0613796365472,0.128617216529,0.163576073258,0.046306638056,0.144214377062,0.110058093865,0.102552733347,0.0202817012289,0.107784026428,0.148182695272,0.123995644779,0.0670872156313,0.0588925211213,0.0352912967538,0.0796405918798,0.101000922347,0.03397763796,0.0695862276671,0.0689387864172,0.0280020603188,0.0973365855746,0.0284349493281,0.0971068165731,-0.0125273211355,0.0642866965281,0.0168428466322,0.0791749141853,0.0266653058363,0.0877503412747,0.0295608317975,-0.00543983601682,0.0216221019401,0.0498992686666,0.0775409848694,0.0839484002911,0.0892572983484,-0.0789104865639,0.125142973111,-0.0373401527852,0.0931069894982,0.13873878036,0.06238876443,0.0970459697782,0.128625467053,0.0435523252176,0.124553156751,0.0651153134019,0.0774027913999,-0.0361910196486,0.0485475396949,-0.0141630354986,0.0822473650892,-0.0296810927789,0.133279240667
1913,0.120905727756,-0.0315802900257,0.0769563833418,0.0547512117338,0.0282267480247,-0.0286756846122,-0.0874598141251,0.0923269563813,0.0206292269721,0.0686267832433,0.033298481416,-0.0117336886163,0.0740379718712,0.0117640924848,0.0817386902619,0.0284382031073,0.0142767264881,0.115288631444,-0.0138711283976,0.129190433588,-0.0208716546869,0.0565743548447,0.0398824653381,0.0995821524802,0.00501351928423,0.0553195449135,-0.01291550563,-0.0140127683551,0.0112541461513,0.031365526822,0.0786731990726,0.0667248149659,-0.0709591746833,0.092489211327,0.051561900587,0.10744763082,0.0238182484811,0.00296341745129,0.00830645079856,0.0606930679832,0.0186537892792,0.0851481355503,0.069411230862,-0.00789792488995,0.0642412158568,0.0237783656723,0.0280484503927,0.103710585864,0.127629718763,0.00470089988688,0.114218761606,0.0790869800624,0.0653356421991,-0.0174213398865,0.0734749956797,0.109491449976,0.0980636043509,0.0255075009373,0.031082705048,0.00508478109879,0.0571608489483,0.0725135446926,-0.000817007516305,0.0357288910526,0.0416639218974,-0.0120922086295,0.088717185465,-0.0073330754639,0.0632078384963,-0.038800674928,0.0283910321178,-0.0126066054287,0.0484342127868,0.000229863667094,0.0595741696878,0.00704239146345,-0.0555979037523,-0.000456217982435,0.0277875511925,0.0294809754225,0.0504561987425,0.0662127662958,-0.121756729902,0.0933897597087,-0.0768433422249,0.0771872556971,0.111330726973,0.0379222784041,0.0635566170756,0.0959630920529,0.013100559484,0.100009354922,0.0378440869677,0.044455616372,-0.0713082954745,0.0173564430744,-0.0373311170682,0.0557270880591,-0.0619150176143,0.102362108992
1914,0.128501049517,-0.032020595262,0.0760878246682,0.0601673534169,0.0326235914504,-0.0235044488262,-0.080345478433,0.0966659422476,0.0405393010078,0.0705683507773,0.0423363889346,-0.00563278645715,0.0714960780461,0.00743473255561,0.0871376299217,0.0406209928915,0.024445258262,0.13067489981,-0.0212996385437,0.133125118797,-0.0101364624776,0.0682950101031,0.0422933004569,0.0970550681481,0.00949862203246,0.0517591062464,-0.0064448018112,-0.0140504555388,0.0277193917059,0.0358125520793,0.0809800021886,0.0627763231805,-0.076456653975,0.0975181810191,0.0473049633153,0.104223080266,0.0356752412779,0.00439816830511,0.0207061960387,0.0747448018143,0.0199658542917,0.0897508918093,0.064410727021,0.0027218477563,0.0698262952077,0.0405247931016,0.0345274540958,0.107424357546,0.134141854223,0.0128451113507,0.115890190284,0.0848529549054,0.0656064384949,-0.0117145107045,0.0848687044859,0.103975239074,0.116162947038,0.0302104908416,0.0352622433798,0.00588375301364,0.0821373511131,0.0749051031413,0.00207939547103,0.0410689841254,0.0531533247748,-0.00801817485433,0.102667385603,-0.00539959653681,0.0604862451723,-0.0364512986416,0.0238830646874,-0.00741096470926,0.0520019356511,0.0117471574229,0.0545274472209,0.0205408144774,-0.0603690738608,0.00220208848132,0.0395868387363,0.0376893013437,0.061641705609,0.0803999186618,-0.119480839555,0.0853653271864,-0.0730074635308,0.0900029625495,0.110629176448,0.0401374341432,0.0563603736673,0.103197373575,0.00788367387778,0.121536028528,0.041895998921,0.0538528419467,-0.0672936221943,0.0191317896957,-0.0365691052092,0.0659064155934,-0.0533062913885,0.108358651676
1915,0.154730975757,-0.00657980745519,0.0995390248926,0.0848157825943,0.0565247877823,0.0033972307657,-0.0547544974224,0.115619294996,0.0743662078529,0.0939838319153,0.0700968604027,0.0261998564665,0.0941539227485,0.0284059830423,0.118220103413,0.0715855919392,0.0540988259206,0.159888937705,-0.00830223248983,0.154383991008,0.0225662788037,0.0960682783297,0.0701310117759,0.112108669214,0.0375332807472,0.0682493493035,0.024539440647,0.021038919807,0.0709488095975,0.0690004512214,0.0955209388946,0.0829944785404,-0.0544527086444,0.12159686954,0.0650252034644,0.122912398207,0.0823259042885,0.0289555237215,0.0566194321687,0.108465511663,0.0482198003876,0.112381289201,0.0850091754771,0.0341922364326,0.0925038508555,0.0725609096295,0.0654892880927,0.130909067101,0.167611035431,0.0501201320655,0.138473959035,0.113801245855,0.0925388672951,0.0216072934418,0.121218934756,0.126633942166,0.147296636028,0.0649773111069,0.0586946339885,0.0275955360982,0.117403382622,0.0969298447567,0.031125819953,0.0726284247414,0.0834772661154,0.0245700942598,0.119909603739,0.0214651183203,0.0831670781771,-0.0147935079212,0.0459117543236,0.0175672778904,0.0792616960327,0.0414830839058,0.0707737860688,0.0464297470603,-0.0274339668942,0.0200680257951,0.0663491019034,0.0787756145769,0.0935564634293,0.108964110579,-0.0866064756747,0.1014738996,-0.0420265112222,0.114554347523,0.129120702118,0.05950851864,0.0737288452492,0.134531302056,0.0269512509475,0.155941823506,0.0653210961754,0.0863243709937,-0.0398467728265,0.0434532232759,-0.0199624049011,0.0949331432375,-0.0249123879757,0.136623561466
1916,0.179644801953,0.0234884590629,0.12825217949,0.109478518762,0.0812847746205,0.0308768958047,-0.0300491182728,0.135622241497,0.099873658262,0.118625628968,0.095786660674,0.0605949689824,0.123046571459,0.0554606837853,0.152255244061,0.100466499508,0.0812532338295,0.183689700307,0.0144242935468,0.178285318045,0.0499739413624,0.117717567772,0.100473445431,0.13293332646,0.0650089315898,0.0901210999679,0.055958803329,0.0624772537802,0.109700813208,0.107369663341,0.112914652566,0.110455030186,-0.0214704979494,0.146637258673,0.0885918207435,0.148383047878,0.12481449735,0.0561882467105,0.0878474715988,0.136099531653,0.0800904410143,0.13559832863,0.113211795706,0.0623975742572,0.114348469013,0.096971909761,0.0974645597085,0.156882627553,0.202867797094,0.087772566035,0.164038223591,0.144280784051,0.123030286905,0.0559455402616,0.155564734916,0.156983669729,0.169586402519,0.10184133489,0.0843227105344,0.0513872242123,0.140861467018,0.121059113775,0.0636581864941,0.106623343187,0.110535107616,0.0581974771486,0.131084632218,0.0501394633657,0.112342698538,0.00870518911267,0.0751855976471,0.0424605552805,0.111141375892,0.0682429250833,0.0946133341575,0.0657832840299,0.0158580574463,0.0388724425057,0.0887488560628,0.11862093795,0.120720456344,0.131887013394,-0.0499402165678,0.128199370106,-0.00998688328828,0.1352288501,0.150067931859,0.0797356677523,0.099723964498,0.166163598587,0.0558965925404,0.180063811561,0.0914617363667,0.11695305238,-0.0125720971343,0.0704806321019,-0.00101531978075,0.122097374955,0.00098747202367,0.16534573805
1917,0.197718904602,0.0444735494481,0.151393210603,0.126286788915,0.0983132033882,0.0484052694536,-0.0168875012125,0.151155544694,0.11266336111,0.135075254031,0.110865041387,0.0833576438329,0.14681729589,0.0750468892079,0.176492885872,0.119657785399,0.0984663370196,0.199088342509,0.0360694675345,0.197724995893,0.0630850592423,0.129765906804,0.119003515773,0.151816347425,0.0804407950876,0.107500041375,0.0749217428794,0.0924795246067,0.130868853341,0.137032744633,0.126520729377,0.131728331097,0.00473880366867,0.165160621476,0.107958593904,0.169823791949,0.147947010497,0.0730079021751,0.103027611674,0.151570393847,0.102154336869,0.150830424401,0.135973591253,0.0771617443406,0.128565514748,0.109882838529,0.119074837769,0.175774488578,0.229014729032,0.112814968499,0.184697529708,0.166000850388,0.144505718034,0.0768161342356,0.177913003144,0.182672968067,0.181435663853,0.126232328282,0.104265318985,0.066720684313,0.153291928041,0.138901388672,0.0838569910893,0.128351182888,0.126045846215,0.0760115095127,0.137756768173,0.0674453408542,0.135948155016,0.0220073541867,0.0972185922461,0.0580571890025,0.136178387569,0.0834764513301,0.116097136051,0.074738660191,0.0480364116987,0.050342682528,0.101334987876,0.143765876631,0.136187841627,0.145588526909,-0.0268759753444,0.153240648023,0.00996832348886,0.148286150158,0.164803019802,0.0924789271376,0.12289903665,0.188251034583,0.0818780315849,0.192060610087,0.112277591227,0.135532509684,0.00207809386912,0.0883881624984,0.0120748082246,0.139922121624,0.0162068070762,0.186053048184
1918,0.210665022912,0.0571176500708,0.167666492704,0.136503073971,0.109011800375,0.058977570113,-0.0110025514192,0.162972319048,0.119112083677,0.144794516637,0.11905930038,0.096439754558,0.163849013934,0.0869368891423,0.19113493873,0.13213516123,0.109214422018,0.209603160317,0.0532831592007,0.21165024866,0.0685922814514,0.136733169456,0.127646287308,0.167145556401,0.0877596702815,0.119352866202,0.0844699378721,0.110485553128,0.139811144207,0.156585442602,0.136345594907,0.145987305771,0.0212688285945,0.177550723723,0.12197005543,0.185280783691,0.158242225222,0.0811622170051,0.108815644676,0.15987190786,0.115102909188,0.159486375724,0.151596999124,0.0835039842239,0.137148975599,0.116833332326,0.131659480204,0.187585128427,0.246075247312,0.127577566389,0.200336008864,0.179605945918,0.157547849905,0.0869454981908,0.190722845421,0.201885173196,0.188582626775,0.139960654925,0.119262715964,0.0748886893252,0.161115372764,0.151410437493,0.0941180586538,0.139445334282,0.133994586555,0.0824166872945,0.142591205781,0.0759818011948,0.152283793998,0.0276621815163,0.11099803195,0.0673302371261,0.154190472317,0.0913684384124,0.132762650053,0.0791058989359,0.0671872467022,0.0567285586444,0.107895975629,0.157686054604,0.144398479163,0.153966731492,-0.0145170349884,0.1730058919,0.0205144496287,0.156009053209,0.174087972573,0.0993553680849,0.140829748925,0.201891481928,0.101214677264,0.198425839607,0.127959582798,0.145288882916,0.00830461487038,0.0985509052036,0.0209767959104,0.150964266404,0.0254067302776,0.199956211421
1919,0.217882962454,0.0634758335838,0.176189311466,0.140706472266,0.114246517343,0.064891070738,-0.010221575275,0.170438046302,0.119420174339,0.150402731794,0.122225176008,0.10088598031,0.173351652812,0.0938834362745,0.19616212592,0.137312470228,0.114379730748,0.214781021345,0.064472245419,0.217789326851,0.0719812432383,0.140655126753,0.130811734206,0.177644047216,0.0918286137252,0.126450074849,0.0867751310581,0.117711884296,0.138863998143,0.16390627174,0.141870605965,0.154738556499,0.0282847243712,0.182932628715,0.131231797439,0.194151188438,0.161839536658,0.0844703595826,0.109986453785,0.163257990417,0.1210211328,0.163004304097,0.160978677833,0.0848073167472,0.141630002731,0.11895758067,0.135570423859,0.19245582952,0.252342440393,0.133183842439,0.210084842597,0.185033099206,0.164335294776,0.0898134831924,0.193873384261,0.214319726813,0.192709931453,0.145490233426,0.128253966457,0.0783163086968,0.164001302437,0.159439780662,0.0983328894662,0.142681840186,0.136023733361,0.0847998347929,0.145263573509,0.0806776845861,0.160691944472,0.0298381257029,0.118926628903,0.0722625597044,0.163437454581,0.0934728876732,0.143129846076,0.0818149913012,0.0757281911503,0.0603642591707,0.109143543646,0.16321123885,0.148246568779,0.15698568779,-0.00875543073699,0.185825535981,0.0242849202281,0.15689672633,0.180471698184,0.103067230901,0.1528411037,0.206876933288,0.111415626371,0.200409419718,0.13673838264,0.14803309833,0.0112659097013,0.103823833212,0.0262693150266,0.155102055045,0.0304750587468,0.207000445006
1920,0.22095747308,0.0690784073974,0.178931071138,0.141552272455,0.11738768607,0.0718171771048,-0.00702549834236,0.175771124166,0.12168015894,0.155319327164,0.12589916134,0.10408441508,0.177324592309,0.100964585467,0.196220130361,0.142184745453,0.119285537723,0.21844000875,0.0713808510763,0.217185479704,0.0794100832802,0.143603697995,0.135361259787,0.18399848927,0.098601284016,0.131449603112,0.0887793121963,0.11994745897,0.136560429488,0.165557208199,0.147230449854,0.162998630873,0.0322848435287,0.183159429442,0.137879401139,0.198709588344,0.166626104892,0.0893121071057,0.114586739392,0.165631875335,0.124862600479,0.165033087455,0.167695823248,0.0878281371818,0.144778490112,0.120826604566,0.135421470763,0.193578695756,0.250572800718,0.135136121545,0.215528201663,0.185815068267,0.169057487812,0.0923594472245,0.191785622384,0.221880559552,0.197145549221,0.148654317882,0.134730070951,0.0813742649792,0.167733569165,0.166112764127,0.104803145714,0.144994107107,0.13771431274,0.0924728220792,0.147684217639,0.0878703342889,0.163734672526,0.0352299917701,0.126155014166,0.0778590558841,0.168360673625,0.0963014585499,0.148377974346,0.0873402882994,0.0812436140861,0.065963972525,0.109289174263,0.165593659327,0.15139162412,0.158129334699,-0.000531029907857,0.193634766768,0.0271961089272,0.154846058809,0.187014195789,0.107297682056,0.160675013899,0.206378512336,0.114649469312,0.202851456643,0.142538675513,0.149000004351,0.0178128155778,0.109326657244,0.0331059672109,0.156562348329,0.0377605671221,0.20963819293
1921,0.222811891734,0.0727772094463,0.178976324687,0.141313755976,0.119120324771,0.0765908604902,-0.00679866130979,0.179136260303,0.120941608527,0.159314413309,0.127808356258,0.104352544664,0.178582753737,0.106905546564,0.19429116833,0.143211166691,0.120880648745,0.220852939779,0.0752880500504,0.214655356086,0.0852275008736,0.146081288235,0.138939647466,0.187999018708,0.104091447532,0.134767472291,0.0887913541051,0.119416614354,0.13230004333,0.16265748065,0.149702893732,0.169059935437,0.0335704074374,0.181871931297,0.142845815793,0.200657964117,0.169590513337,0.0930050104405,0.116667687972,0.167371971408,0.127075859604,0.165952845876,0.172147327357,0.0889388781011,0.147399237207,0.121412042402,0.133731504066,0.193163014292,0.246787515725,0.13552671526,0.218756921236,0.185226155948,0.172195472163,0.0929952267129,0.188327468871,0.226602005623,0.200718365123,0.150031983203,0.138562079159,0.0834151621142,0.169100746574,0.171163257324,0.109091078461,0.145542081359,0.138144708354,0.0984782978655,0.149845744692,0.0939731386233,0.163860507865,0.0392582866065,0.131766782924,0.0816500210671,0.170026298708,0.0968903773972,0.150681090681,0.090981983742,0.0837811790645,0.0701641897145,0.108315590083,0.166028094923,0.154228335721,0.158218773196,0.00400244306605,0.198147460251,0.0282456410993,0.15261842201,0.193156845843,0.110906247843,0.165731938861,0.204400864378,0.113729009878,0.204228277413,0.145040300771,0.14869410515,0.022899018293,0.113451787815,0.0369519703754,0.156500240717,0.0415426387052,0.210780821311
1922,0.216369509156,0.0682298279114,0.171290615493,0.134658152613,0.113890405968,0.0729342631206,-0.0119771925908,0.176159202884,0.11246323192,0.155839766856,0.122214539099,0.0961965779529,0.17168917533,0.104965116414,0.184730760626,0.135080380956,0.113612763155,0.213744349022,0.0722689568867,0.207010050456,0.0807035634287,0.140343947475,0.13400153998,0.186064187686,0.10107016922,0.131745551541,0.0809784064808,0.107873989426,0.119722492055,0.149825174404,0.148615422051,0.167455799821,0.0270761910798,0.174628522324,0.140332943906,0.195753001951,0.159418265278,0.0890497371864,0.109627615202,0.159673403531,0.120516400419,0.161082866682,0.16849590872,0.082133286248,0.143098299483,0.113556824105,0.124072861505,0.186787340383,0.234627890838,0.125125152085,0.213396199072,0.176940875317,0.166644186562,0.0849841891369,0.176735275231,0.221770777881,0.194316294382,0.141602565843,0.133836213962,0.0786235792112,0.159481556961,0.168185905666,0.10510001098,0.138029106989,0.131006737773,0.0949091881917,0.146076161509,0.0913325003528,0.156114008022,0.0371043419884,0.129171015014,0.0778302474201,0.163027309246,0.0895614767888,0.145805267065,0.0869011631108,0.0747856663508,0.0686914611244,0.101393387799,0.154922234731,0.147436491159,0.15098474815,-0.00175788248177,0.194461834962,0.0204102003394,0.145361621233,0.192612163111,0.108493512663,0.162490665197,0.194680490478,0.105347109668,0.196084639093,0.139007570899,0.140137013816,0.0196445476697,0.109848541669,0.0353049703258,0.148974394565,0.0362688868415,0.203998739593
1923,0.212919174631,0.0674157927879,0.16495754016,0.131023327425,0.111884712774,0.0742388438034,-0.0108773033261,0.175690840982,0.114194491453,0.15429453256,0.122391324634,0.0943924174291,0.16582485757,0.105377866059,0.179794925738,0.134983839143,0.112353315369,0.213838217665,0.0694040840673,0.201497765833,0.082623907288,0.138567967151,0.133823093,0.183900936519,0.102309763286,0.129448303249,0.0794249208607,0.100708573911,0.116035328401,0.143421428016,0.150194824348,0.168151898316,0.0251128601695,0.169944459642,0.137936089582,0.191719734095,0.156418087726,0.0894231392259,0.110217674808,0.157955641046,0.117560649242,0.159432547189,0.165857381868,0.0819526014868,0.141917878627,0.113011949868,0.11943781878,0.18337783776,0.226563371747,0.12086450628,0.209716939746,0.172692461717,0.163597175131,0.0823955175438,0.170920963321,0.21671791373,0.195228796087,0.138054317708,0.132959037934,0.0770246598601,0.161641389814,0.167833548823,0.10704702514,0.136074073595,0.130326276479,0.0971966695867,0.148214048032,0.092455669178,0.149774333223,0.0395842519009,0.128587853853,0.0786970938634,0.160214967164,0.089368981995,0.140903355316,0.0892731661391,0.070023875052,0.0711100051793,0.0998694912984,0.148694797775,0.145738293285,0.149496650188,-0.0013941699547,0.190825090801,0.0175461055335,0.143855995066,0.193136253188,0.108547693856,0.158783668946,0.189024266092,0.0981671988804,0.197012201835,0.137195820778,0.137211725502,0.0215566960014,0.109721258976,0.0376361996235,0.146679850579,0.0377031126507,0.200190108992
1924,0.219315745615,0.0727027822179,0.167706322989,0.135876837476,0.117046740584,0.0810398559761,-0.00675630745845,0.180720880845,0.122051511524,0.159866192608,0.128755549151,0.0990440298674,0.168827042258,0.111025162439,0.184467252225,0.14113304599,0.118021172479,0.222355779577,0.0708027730234,0.204863280807,0.0913420708903,0.146108415024,0.139194847241,0.187337003019,0.109322930282,0.132449286253,0.084870041704,0.104523535957,0.122574573268,0.146495969643,0.153467678262,0.173073712388,0.0275434558384,0.174423296802,0.141835874863,0.194133340665,0.16536466285,0.0945811125131,0.117328864766,0.166466893849,0.12267726856,0.164106912243,0.169506707123,0.0879759810554,0.147795714915,0.121177069347,0.124509954732,0.187399390978,0.231871767146,0.127940375024,0.214447390003,0.178301101278,0.1688478208,0.0875553572384,0.177419098413,0.220625191745,0.205029370927,0.144328790215,0.138609562369,0.0812611023276,0.172420105924,0.173881101992,0.113030482981,0.141070074544,0.137063997262,0.103416135333,0.155053381512,0.0986344394343,0.151859811963,0.0443613900189,0.133330011251,0.085167928156,0.164728789546,0.0950123653262,0.142460114687,0.0965558204847,0.0733094722731,0.0762664965079,0.105588051811,0.155710723619,0.153967100243,0.156670019015,0.00360671653143,0.192943059073,0.0230347139078,0.149930280346,0.199166795477,0.113362293334,0.161731903168,0.19469278044,0.0978089967239,0.206999052197,0.14182257619,0.143437241122,0.0280170541079,0.114934853867,0.0421886917973,0.152858041272,0.0445205182982,0.206498872861
1925,0.228104706152,0.0807777989016,0.175041712234,0.143624241824,0.124674935973,0.089459323795,-0.000170023484595,0.187606371741,0.131076025117,0.167220109002,0.136806865219,0.107359326189,0.176343465265,0.11877228145,0.193808643172,0.149266051857,0.125251230843,0.231329760529,0.0755632477126,0.212798945217,0.0998813104519,0.154081038616,0.146290063077,0.19405157922,0.117300147886,0.137962877975,0.0934365719156,0.113469010976,0.132998839229,0.155010721252,0.158695305654,0.180359301617,0.034238121725,0.182703419353,0.148398553482,0.200330064198,0.17639299804,0.101390828096,0.125790669102,0.176011509374,0.130936587759,0.171102401875,0.176349896123,0.0956002299299,0.155165080897,0.130022019955,0.133481352561,0.194906147677,0.242867689266,0.138700969536,0.222197859334,0.187791311855,0.177097525909,0.0956945879054,0.188209372946,0.228792667492,0.213937909249,0.154222581153,0.146660516345,0.0875291837316,0.182100376313,0.181736795245,0.121284775942,0.14928347129,0.145743567604,0.110443383514,0.160740366982,0.105717585952,0.158510184955,0.0502576928942,0.140462238159,0.0933014358109,0.173335916494,0.102294878577,0.147980199972,0.103274981861,0.0810080827817,0.0823748704716,0.11307308112,0.166355575593,0.163118362497,0.165112963221,0.0108442134389,0.199099803545,0.0315551808861,0.158092347457,0.206389360464,0.119275036817,0.168368484258,0.204644374654,0.102782170111,0.21659257818,0.149245391115,0.152351192763,0.0354281831856,0.121956645555,0.0483778132594,0.161646793244,0.0523682441562,0.216235604284
1926,0.237181642322,0.0912452632023,0.1844766592,0.152152511485,0.133586392488,0.0996399428001,0.00984591843657,0.195874263629,0.142384793431,0.174301065222,0.146567872806,0.119843046739,0.185987350853,0.127913168645,0.206223418329,0.160257893723,0.133960037881,0.240926933599,0.0835180749682,0.222982205769,0.108003079929,0.160475675872,0.154940642439,0.202605025329,0.125625846112,0.144658672321,0.10503561773,0.125549613025,0.146347897602,0.168463978101,0.166506861552,0.190158507052,0.0466750130631,0.192407858235,0.155636014691,0.208928785338,0.18746224497,0.109929315194,0.135830982368,0.184982148173,0.140902225241,0.179310022897,0.185073899963,0.104858679963,0.162585202566,0.139164422571,0.144776137955,0.204377310082,0.256189546898,0.151531363119,0.231163545413,0.199155809718,0.186308453074,0.105981848517,0.200802333848,0.23837361041,0.221746731593,0.166028002205,0.157069022532,0.0949511321411,0.192249942768,0.19051448409,0.132903394985,0.160407523404,0.156064441895,0.118975624503,0.166122640824,0.113257123742,0.167704894919,0.0582452029133,0.149216859839,0.103078626605,0.186066075414,0.111760535044,0.155963687181,0.109934228972,0.0925448698336,0.0900663590603,0.121592327148,0.177341580943,0.171287940928,0.173996250762,0.0213004752233,0.208600596163,0.0420072328057,0.167775580873,0.213044049,0.125414617636,0.17690291755,0.216148122337,0.112413833302,0.226007092561,0.159615913782,0.162641331459,0.0439684137694,0.130323728393,0.0571933432995,0.172175261345,0.0619350024368,0.226940172693
1927,0.246828511267,0.10278298909,0.195192981047,0.161063183794,0.143180477651,0.110431753964,0.0205902954379,0.205085460655,0.153873622986,0.181057298501,0.156836210618,0.133947717585,0.196998446611,0.137620200657,0.220069505978,0.172227876923,0.143144442937,0.251021260687,0.0937787209046,0.234507765787,0.115600796979,0.16636967696,0.163948476369,0.212536795009,0.133733317279,0.151978904434,0.117665144743,0.139173217492,0.160114865809,0.18429566901,0.175446684991,0.201243033144,0.0622714130904,0.202961728603,0.163236497612,0.219024748455,0.198125796082,0.118946814084,0.1458648557,0.193750305437,0.151605414355,0.187975149195,0.194855810225,0.11430784478,0.170064264943,0.148361432009,0.157121012645,0.214775028356,0.27083144,0.165375800655,0.241168657101,0.211481742225,0.195909665034,0.116845010409,0.214157797497,0.248901585223,0.229304760738,0.178598648983,0.168964378187,0.102810629772,0.202464773638,0.199880817104,0.145583595938,0.172522166555,0.166847941178,0.127420497753,0.17154304165,0.120556351544,0.178433960957,0.0666842423354,0.158633418713,0.113506440801,0.201182781818,0.121745122634,0.165694790832,0.116343597226,0.105909602276,0.0982550718989,0.130344699925,0.188327347866,0.179059753023,0.183129296912,0.0326639373689,0.220503951123,0.0531887883423,0.177956669166,0.219167427597,0.131460036355,0.186758749531,0.228456873254,0.12513500391,0.235310881704,0.171710746139,0.173356215294,0.0525618308199,0.139142874522,0.0670649493594,0.183499061205,0.0719703075729,0.238334918463
1928,0.251671329714,0.10786437885,0.201362402085,0.16521284552,0.147535042884,0.114372473385,0.0225861247889,0.209919081375,0.154521132663,0.183977809072,0.159885965237,0.138396244702,0.203552118639,0.142447380721,0.226378889571,0.174846540366,0.144860850681,0.25426095051,0.100752100495,0.241703455677,0.116893149213,0.168159023241,0.166696271463,0.219701914735,0.136092029131,0.155888117088,0.121582431134,0.144679192718,0.162290180577,0.190347722385,0.179704229308,0.206866682751,0.0703355678899,0.208581008587,0.167615007266,0.225152411374,0.199726257462,0.121960909024,0.147042198946,0.196383071625,0.156186322652,0.191751366721,0.200120676559,0.115874523002,0.173492436155,0.15014041979,0.161998096057,0.220112453316,0.27832214936,0.170609684016,0.246867635081,0.217581804609,0.200247841563,0.119808835701,0.219047777451,0.255287520797,0.231307067801,0.183519107361,0.174601716701,0.105825311101,0.203190017284,0.204675318384,0.149900486361,0.176648195512,0.169909768465,0.128359992399,0.173324589493,0.12231231619,0.184270917423,0.0692628385869,0.163086725657,0.117464902518,0.208443397408,0.123368478574,0.172061035582,0.117347638911,0.111112867291,0.101452916874,0.132410296057,0.19152615258,0.181601134661,0.185722145474,0.03469663053,0.228570331786,0.0568811005649,0.181023991785,0.222341742843,0.133832964307,0.19301587464,0.234235305592,0.132961076047,0.237001655682,0.177087092753,0.176661024744,0.054745387299,0.142592584036,0.0708726315903,0.187620956552,0.073985994414,0.244332485941
1929,0.243425664759,0.0985159544345,0.194584017273,0.157736433363,0.139855295555,0.104213672108,0.0124718066916,0.204661680384,0.140445025401,0.175604252403,0.149601176291,0.126541240985,0.196923410144,0.1345916231,0.217229170598,0.161933960406,0.131626241659,0.243157633865,0.0975010485764,0.238341856538,0.102783459692,0.157647643771,0.15564242015,0.217778176803,0.124919572224,0.149926000556,0.1099274322,0.13092558115,0.145789501292,0.178238962446,0.176745193727,0.19974923228,0.0634789563731,0.202490610136,0.161279397244,0.220092127574,0.179994763471,0.112191042269,0.131996913491,0.183983461218,0.14595062509,0.184852448537,0.192767265255,0.103087386909,0.16616457195,0.137435066535,0.151391629934,0.214031194806,0.268998219079,0.157025882792,0.239834027154,0.209394016616,0.190545014965,0.106765043737,0.206977922012,0.247667804437,0.218893961251,0.171098127742,0.166778335529,0.0972888714437,0.186665264098,0.197388023533,0.139114402268,0.165522796517,0.159063287099,0.114013511232,0.166930877493,0.110749578104,0.176772650122,0.0610618762869,0.154559185183,0.108353837897,0.200500302108,0.111081614133,0.167609452973,0.106630220645,0.0970625583306,0.0950976560884,0.122616542273,0.175150327001,0.169749029831,0.17535390051,0.0189912938417,0.22448217964,0.0444197463979,0.173322515951,0.215959778369,0.126832401296,0.187213413877,0.225017422038,0.127963419751,0.223494931716,0.168860175328,0.164721650224,0.0432835845784,0.133601496907,0.0644016410235,0.177926446024,0.0606641485414,0.23654318044
1930,0.246426800242,0.097937555604,0.194121962782,0.158902315856,0.141090960739,0.106044545089,0.0144358338336,0.207924050589,0.148939004349,0.175469981842,0.152414382739,0.12694084088,0.196304636146,0.133452963527,0.217700169202,0.167792657028,0.134995166646,0.250344917503,0.0964129680989,0.24047632262,0.105684147684,0.161035740649,0.154595039896,0.219174940159,0.125435930975,0.148491697036,0.110878989284,0.127902184091,0.147268225894,0.179987929279,0.179845913424,0.19862534738,0.0617734900627,0.204136960417,0.159927362209,0.219392891372,0.180149747912,0.111343032503,0.134231798272,0.187854804756,0.14509967146,0.185839465965,0.190770598897,0.104789301846,0.167914242538,0.143151045389,0.151918636127,0.214861744351,0.270342544764,0.158114405728,0.241454147168,0.21089528427,0.189668465224,0.105802329241,0.208776518683,0.246116067625,0.226194357451,0.170866693863,0.170121941969,0.0967729755599,0.199183024171,0.199062086081,0.139054465539,0.164994218371,0.162315019871,0.112365780584,0.174707060969,0.109375899309,0.175167459328,0.0611826152106,0.152269102341,0.110677836074,0.202637864984,0.113948305167,0.166726502769,0.111931478495,0.0920865432142,0.0967614351367,0.125791746045,0.174443432312,0.172564220741,0.180225598066,0.0166593058019,0.223391327202,0.0441620999764,0.177917144901,0.215921330386,0.126997378269,0.185547873827,0.226540165587,0.126324554039,0.232005263813,0.172401993987,0.166055145433,0.0437719443391,0.133282577639,0.0669749585686,0.180968556411,0.0644539880017,0.238836700564
1931,0.256545244803,0.107469214165,0.202340532136,0.167633027046,0.14985561869,0.116519897611,0.0225545772607,0.215841588244,0.159052048605,0.185577068628,0.162438590782,0.135548723661,0.204771126486,0.143204140167,0.226857070745,0.176705421773,0.144758736867,0.260947270097,0.101381919695,0.247519309454,0.120163319042,0.172725793602,0.1649198922,0.226668795978,0.137646036008,0.155242635625,0.120890378592,0.137695548312,0.15852340696,0.187098672225,0.18543873897,0.206901835075,0.067839049388,0.212425723502,0.167777102087,0.226468329649,0.197032543096,0.120591577931,0.147257677457,0.20056514564,0.155093309422,0.194161093059,0.198858471991,0.115278280642,0.177094946836,0.154418934928,0.160930769671,0.222855769427,0.280504564367,0.169971355246,0.250715000591,0.220597596554,0.200233978745,0.116383282665,0.219304463606,0.255702120292,0.239201737352,0.182780838428,0.17879218925,0.105196966154,0.210955711328,0.208731751351,0.149447102562,0.174616225026,0.172600148571,0.124896336765,0.181543374952,0.120182783601,0.182474480222,0.0698377717689,0.161142777104,0.120868099538,0.210956570406,0.122865942055,0.172958272549,0.12294043928,0.10118998171,0.104617262263,0.134362831078,0.18811286231,0.185288819694,0.189906770187,0.0265867183564,0.230036270748,0.0549369364334,0.184651562322,0.225464863377,0.135332211925,0.193099431335,0.236838081263,0.131159611523,0.244877457032,0.180124747437,0.176617303117,0.0554820084755,0.142665832636,0.0740637127637,0.190210125994,0.075044296414,0.249765679404
1932,0.251278910427,0.107331488993,0.199230310765,0.164637219954,0.147667358046,0.115629135366,0.0221527223896,0.213859018279,0.152514924804,0.185795467345,0.160395485414,0.132668262292,0.202199926787,0.145671259836,0.223421526898,0.170668255381,0.139731078893,0.25416650383,0.100570899759,0.243962919096,0.119476957524,0.168322724544,0.166640822064,0.226616042116,0.139181228549,0.155370272592,0.118932928976,0.132928142018,0.152779735304,0.180019779216,0.186917010148,0.208854211485,0.0682009318649,0.208672108498,0.167441218963,0.22575981035,0.193685521758,0.122275119673,0.146158286804,0.195425677879,0.153725042874,0.193461731917,0.199147414902,0.1131620237,0.17527546861,0.148034136574,0.155997684472,0.221433079899,0.273654932944,0.164271436397,0.2472448345,0.216989737092,0.199592100216,0.115015955344,0.212309603125,0.253818664203,0.233226214168,0.180393542177,0.174912010356,0.10487841233,0.200058804982,0.207811169869,0.151813165087,0.174059189148,0.169403333789,0.128985897613,0.176760280064,0.122158920812,0.179401616959,0.0731416036749,0.163096913223,0.119973011277,0.2069110366,0.118996285915,0.171003991639,0.120585579085,0.0997253454254,0.106005401279,0.12995819022,0.182387635712,0.181415846839,0.183726075785,0.0260133073185,0.229411956202,0.0523566887034,0.17889358208,0.227542132618,0.136335993571,0.19205048027,0.232036067493,0.127798787889,0.237967571435,0.175457628702,0.17274129045,0.0573808694966,0.143379780983,0.0742234175309,0.185351421455,0.0713427869337,0.246399898726
1933,0.251027161161,0.114114967812,0.19841020149,0.165597295154,0.150632880629,0.123954224356,0.032316819443,0.217478067309,0.163522740449,0.190006980791,0.167658123608,0.139794929306,0.201840602899,0.153719311712,0.225760194641,0.179865284531,0.147033026722,0.259710198005,0.102105955797,0.242010877544,0.13020555583,0.17064752192,0.176082325606,0.227465683962,0.148767114503,0.158268537081,0.126369259887,0.134782061464,0.159151075837,0.183913240928,0.195000130722,0.21698187159,0.0757845551331,0.207930549156,0.169293686796,0.227570744252,0.202087881186,0.131238721505,0.157484600318,0.199283423397,0.158288713592,0.197473735453,0.20320262413,0.121428228434,0.17811290966,0.153617185518,0.157646203141,0.223770621058,0.271042111387,0.167244406564,0.247819472857,0.218262021738,0.203761577685,0.121986835841,0.21259020781,0.253860920054,0.239706670941,0.185383228272,0.178988799864,0.109945020884,0.210571242136,0.212547054181,0.164208848458,0.181451669428,0.175634047747,0.143701109082,0.181988045024,0.131735190035,0.179150571427,0.0842669962119,0.170458176777,0.127471265841,0.21028741395,0.126557185954,0.170426222394,0.12968063782,0.106382271219,0.114355122371,0.133841267562,0.18436447589,0.185051487601,0.186922469377,0.0378913968844,0.231249226672,0.0578167703216,0.181105927541,0.232849611984,0.141801412296,0.192901765868,0.232117029971,0.127056410299,0.245713316003,0.179697011368,0.176904288673,0.0685737210044,0.150545491264,0.0833878319718,0.188403024853,0.0813641313534,0.247371970423
1934,0.260836994861,0.130205190708,0.2075782079,0.175424793032,0.161951540918,0.140160154147,0.0469577025431,0.227326303963,0.178919882205,0.202818032207,0.182209549869,0.155784840534,0.211651369838,0.17077412511,0.238800755665,0.194926762199,0.16123082898,0.273009399189,0.111108866786,0.248387187912,0.149421068586,0.182104390289,0.194240643337,0.235190091442,0.166586377425,0.168601942101,0.142665385455,0.150334659053,0.176072253433,0.197385230859,0.205705597483,0.233340186106,0.0923785394881,0.216249321775,0.179788407456,0.23767078955,0.224445464008,0.147941155441,0.176519398478,0.213621446928,0.173367402791,0.208760717566,0.216602186561,0.137138585453,0.189045075196,0.167179326986,0.170142095549,0.234250991204,0.281568319855,0.183416512092,0.257891543155,0.230107412855,0.218362480883,0.138699528343,0.225091299912,0.265091906638,0.254214308781,0.202299301437,0.190972548271,0.122981436621,0.225781288591,0.225554734093,0.184417574056,0.198044029651,0.189991622668,0.166259141671,0.190001381397,0.149731799952,0.188800718922,0.100652270325,0.1870369674,0.142464931631,0.22298512618,0.140896171494,0.178069298926,0.143715651561,0.126150760831,0.127677333628,0.144764327136,0.200667505452,0.199363377669,0.198055142922,0.0587717060072,0.242134539381,0.0736868227405,0.190272451139,0.245680663925,0.153709175367,0.203166387611,0.243696921302,0.135148953372,0.261008007004,0.191181426728,0.191155467826,0.0873186460558,0.165874753421,0.0967680688079,0.200308516795,0.097791165711,0.258906714578
1935,0.270732297823,0.142332546246,0.217991488042,0.184719770358,0.171554788545,0.150979402904,0.0555410928714,0.236224849557,0.188616985789,0.21278529684,0.192156098824,0.167600313639,0.222573053009,0.183758193737,0.251352211144,0.205881476477,0.170681671444,0.283371165382,0.12069752711,0.257929574641,0.15945892581,0.190356764027,0.205978609111,0.244237381103,0.177303188203,0.177830477829,0.154271570474,0.163769693451,0.187810399933,0.210804088129,0.214658721747,0.246246480262,0.106282879809,0.225957979769,0.189706992953,0.248151856471,0.23814877265,0.15889642031,0.186790267528,0.223844664935,0.185440321154,0.217987732289,0.228497402088,0.146277593211,0.197865956528,0.176191351555,0.181495415522,0.244393588529,0.29469041475,0.196970254145,0.268238087581,0.241873816788,0.230379860583,0.149941739546,0.237295557933,0.277056316139,0.263374035189,0.21554287369,0.201432454233,0.132553123999,0.235400809692,0.236250818768,0.197366963274,0.209998182104,0.200265574065,0.177746407465,0.195698997724,0.160564485112,0.199127611907,0.110096693387,0.19977706565,0.15291375283,0.235036374976,0.149968464289,0.187153421309,0.150830722101,0.14118598682,0.136306903994,0.152924462465,0.213554378694,0.209552663733,0.20685424878,0.0708556084741,0.254004370622,0.0851295012267,0.199316279151,0.255738710677,0.161974058298,0.214037299647,0.255823147335,0.145032064054,0.270734506337,0.20160721228,0.202088663299,0.0978437995178,0.17659843035,0.106265997152,0.21053292638,0.107574609031,0.270528381511
1936,0.283210414689,0.154973107667,0.231339189912,0.195679926552,0.182689726053,0.162311749438,0.0670382140887,0.247521008026,0.203249589377,0.220939034616,0.203777157274,0.18337641962,0.236083850887,0.194833556961,0.267915694234,0.22111345854,0.181923701764,0.296669616633,0.132869045,0.272563764761,0.166327349276,0.197760003855,0.215496137799,0.255846673643,0.185146012212,0.186888799095,0.168396807185,0.179234217332,0.203584459659,0.230536512635,0.225986905752,0.259048084258,0.123524589945,0.239259585025,0.199281616589,0.260694744452,0.249335361341,0.168314094455,0.19680892767,0.234270314801,0.197758538967,0.228108678493,0.240304711298,0.156054173707,0.206692583145,0.187272247445,0.1963843203,0.2569035711,0.313505109866,0.21343690364,0.28098460924,0.256847200733,0.241789978304,0.161303045082,0.25403386686,0.290268277613,0.272480384464,0.229590465128,0.215499682188,0.141575403449,0.248642360367,0.247394811069,0.210310348076,0.222999798694,0.212821267025,0.184541277035,0.20265320912,0.167716058768,0.212143158922,0.118040257436,0.21061438287,0.164300586119,0.252855223213,0.161514086289,0.199038436828,0.157223968818,0.155920218764,0.144825122992,0.163732814888,0.22672573911,0.218657238043,0.218505515347,0.0822196917559,0.268738419325,0.0974409359342,0.213352572027,0.263172543963,0.168560618437,0.226316979753,0.271549467781,0.159990437771,0.282203351365,0.216523119822,0.214821063256,0.105796609927,0.186231478321,0.117799780878,0.224445980858,0.1186322399,0.284740531917
1937,0.295056176968,0.166066886082,0.244637359617,0.205672152723,0.192690674408,0.171755483026,0.0757546238612,0.258036964493,0.213092567016,0.227639300017,0.213268182983,0.196528105874,0.249463337266,0.204020445957,0.283083963675,0.232748856951,0.190698650361,0.307804254052,0.14555664225,0.287460964216,0.171346219974,0.204077800627,0.222700440969,0.268080403874,0.190952459433,0.195018423839,0.180172290199,0.192951517212,0.215571513685,0.24736373148,0.23563203555,0.270223568784,0.139647314801,0.25202146615,0.208060377625,0.273043385654,0.257562816928,0.175624070395,0.204105084418,0.242991573003,0.208518834807,0.236985145614,0.2508465038,0.16345742877,0.214532162181,0.195898931373,0.20972041757,0.268567144523,0.331545597272,0.227949938693,0.29348551133,0.270752865047,0.251624667764,0.170280095716,0.268612926799,0.30313857246,0.280139746882,0.241617486533,0.228312332479,0.149205471046,0.257907632804,0.257485061571,0.220694954657,0.233674948017,0.222996676716,0.188291955764,0.208251191046,0.172487708991,0.224827270199,0.124054975345,0.219407612362,0.173959398036,0.269402075551,0.170282199761,0.211400583417,0.162251426761,0.168202497083,0.151872000826,0.172374783389,0.237786438283,0.226256405055,0.228051616231,0.090416701466,0.283919507217,0.107859038465,0.224481184208,0.269053600244,0.173795014976,0.238486250879,0.286102956244,0.175686189987,0.29101705466,0.229834379181,0.225532123174,0.111648544386,0.194168516997,0.127438595805,0.236445837528,0.127174678346,0.298117430299
1938,0.30291273268,0.171027663298,0.253162752725,0.211293045302,0.197879835434,0.175460934428,0.0770157322462,0.264848146111,0.215316182063,0.23164017884,0.216669240883,0.200056696469,0.258113773004,0.208813282536,0.290247313444,0.237178401534,0.193929852374,0.314033673785,0.153883906667,0.297158961766,0.172871635071,0.20825505844,0.224609396845,0.277408405938,0.192919714422,0.199830550838,0.183812209524,0.198366748787,0.217016524966,0.254740104993,0.24106858693,0.275603373928,0.146432459441,0.259738566404,0.214104578472,0.280905964163,0.259475344791,0.177608281015,0.204717097138,0.247371823276,0.213658106429,0.241374312672,0.256729863163,0.164554903174,0.219247142144,0.199171222389,0.215596936521,0.274924678303,0.341771792842,0.234447604554,0.302209993696,0.278268043056,0.256943378107,0.172183713249,0.274871963284,0.312180145989,0.284700173575,0.246685486012,0.235526294381,0.152712218447,0.261769264248,0.263671461868,0.223306946077,0.236608402527,0.226539501836,0.186654324288,0.211961733663,0.173270529078,0.232122735021,0.125154348119,0.223384005971,0.178262870847,0.277612603056,0.172090944405,0.219857537531,0.164348406161,0.171872284806,0.154755993047,0.175413114509,0.2425168341,0.230440857414,0.232419926834,0.0903050176364,0.29417073723,0.11169893685,0.228956177867,0.273069003056,0.176310999751,0.246961949157,0.294183696602,0.184763775409,0.294799507509,0.237083858297,0.22963585433,0.113018664825,0.197543390464,0.131846287007,0.241772002687,0.129922222133,0.306487233545
1939,0.309207880354,0.176107480329,0.259236554906,0.215546856348,0.20260382101,0.180608505552,0.08138660573,0.271430110139,0.221336552126,0.23585275207,0.221624073311,0.204478184284,0.264421071152,0.21394827308,0.29549286085,0.2435661517,0.198652623658,0.32073541455,0.160242556112,0.303626438149,0.177462329139,0.212362117289,0.227975955698,0.285076593539,0.197106750146,0.203963141226,0.188531182823,0.201810019319,0.219475829156,0.260797346458,0.247534615882,0.281125964671,0.15195670031,0.265199002787,0.219187473658,0.287041016095,0.263315503411,0.181132536592,0.208983391215,0.251847450943,0.21827636311,0.24559644751,0.261726015044,0.167902592388,0.223572003434,0.203603071932,0.219957285027,0.279815945218,0.34821429314,0.239731044167,0.309387434685,0.283808866403,0.261797489235,0.174987649524,0.279182713457,0.319331318254,0.290216335015,0.251252247096,0.242554034915,0.156488750208,0.268353067028,0.269721295323,0.228167228714,0.240068842727,0.231142958709,0.189076497785,0.216146658532,0.176008060722,0.237199061855,0.128750651611,0.227372659588,0.183847039513,0.284883222262,0.175912564335,0.226149197668,0.168958172342,0.174553176873,0.159332299894,0.178950782082,0.246539286054,0.234655213652,0.236914804004,0.0928592878885,0.302181050636,0.115937683869,0.233011349248,0.277476070614,0.17951828268,0.253756030356,0.299910606814,0.190800711085,0.300249300069,0.244193438769,0.233656243061,0.117039295186,0.201602163535,0.138226781278,0.246824001545,0.135457336719,0.313113172783
1940,0.314125521968,0.180618365204,0.263463450467,0.218748861598,0.206548835446,0.185091930424,0.0841956526192,0.2765889698,0.224454804986,0.240311059603,0.225690695129,0.207295589611,0.269105841601,0.219486685094,0.298988048976,0.247121926273,0.201283454302,0.325951063417,0.165224217957,0.307700935302,0.182615092871,0.216015993472,0.232357031605,0.291314709814,0.201888505135,0.207682320748,0.192233505407,0.204022540551,0.220036954173,0.263198431629,0.252122088231,0.286199718927,0.156537322426,0.268790278647,0.22391986147,0.291841355113,0.267367776374,0.185406809506,0.212747768072,0.255881276469,0.222555665688,0.249288080669,0.26631418678,0.170688717094,0.2278130316,0.206650850486,0.222826204575,0.283471537026,0.351896817331,0.243835216309,0.315140034725,0.287967286424,0.266412950814,0.177398338748,0.281303907868,0.325290930268,0.295111073304,0.255122525266,0.247756768638,0.160323341433,0.272064718814,0.275211304307,0.233004660254,0.243231267267,0.234838497201,0.193125632506,0.219577035933,0.179766034554,0.240579175465,0.132997186135,0.231599612064,0.188748888283,0.28973147871,0.178546144438,0.230857231447,0.173240556721,0.176898202854,0.163884907361,0.181026127551,0.249510765609,0.239031527783,0.239761515757,0.0948630587409,0.308674047701,0.119458684047,0.235218256055,0.28250932793,0.183120674058,0.259432640328,0.303807012439,0.194346122098,0.304413846457,0.248818531489,0.236704074109,0.121665715968,0.205867288569,0.143027536707,0.250247683866,0.139357347962,0.318250159739
1941,0.316526618361,0.178209122847,0.263996290085,0.219105109027,0.206209635477,0.182421327771,0.078523849277,0.278077305771,0.220429586435,0.241500530011,0.223022444282,0.200372239409,0.269788163149,0.219422783548,0.296364161853,0.243464893318,0.197938120717,0.326938852897,0.165227439997,0.309198374381,0.181149842062,0.217645524191,0.229684893433,0.294569618492,0.200440549764,0.207748846007,0.187831735746,0.199139628182,0.212354840033,0.257724947374,0.251691817962,0.283759330339,0.151164973286,0.269544077593,0.225813797872,0.292149917614,0.263726554651,0.182502731705,0.207406723564,0.256331244747,0.221322969429,0.248807613483,0.265789241768,0.166195547021,0.229261777806,0.205270220905,0.220341312945,0.282832467654,0.351496940265,0.241386401118,0.31758711833,0.287671007145,0.266354768627,0.172289603675,0.278577303001,0.327546093382,0.296498842918,0.252431877301,0.247320187672,0.15963044143,0.270875104368,0.276126879473,0.227573914035,0.238365203385,0.232274679304,0.187557542336,0.221664565625,0.177082310006,0.239318842111,0.12977168715,0.229956950778,0.187203113445,0.286774653825,0.173825367735,0.231649030441,0.172753282288,0.170293900008,0.16248669871,0.178918457759,0.24705587314,0.240098285153,0.239150269041,0.0859830009616,0.309375316671,0.11644332421,0.234156950276,0.284707987248,0.182937542,0.26106334586,0.303856110261,0.191597557017,0.303961364908,0.24751135547,0.234093485586,0.119083047347,0.204514692975,0.141012885028,0.248563278789,0.135846267096,0.319896603103
1942,0.317485033241,0.172550799225,0.262359017565,0.218182877486,0.203933976972,0.177119802821,0.0711046666353,0.277840085176,0.215833336513,0.241110466122,0.218365735655,0.189851485311,0.26792164646,0.216304262923,0.290938381224,0.237845914418,0.193054347292,0.326544971281,0.161662889877,0.309227155125,0.178014934332,0.21857677501,0.224037120898,0.295709708501,0.196835974809,0.205631882971,0.180706069218,0.190625474239,0.203039194642,0.248572666848,0.249344110641,0.277176423605,0.140210818983,0.268867908103,0.225824672543,0.289655957182,0.257666335732,0.176535027746,0.200156751405,0.255650857167,0.217445252634,0.246655027433,0.262126498814,0.159955045528,0.229397053652,0.203087459538,0.215587161761,0.280121280586,0.348935298631,0.235987779486,0.317993240484,0.285182907657,0.263888943484,0.164497724897,0.274043316776,0.327240680727,0.29712005938,0.246839723558,0.244146022738,0.156939029775,0.269245425898,0.274719167814,0.218183772399,0.230345893913,0.227945533753,0.178766581761,0.223502969594,0.171766013829,0.23531531791,0.123966938764,0.225020469713,0.183311677043,0.279918933942,0.167313931416,0.229673726172,0.171647917984,0.158954354539,0.15892689327,0.175941718984,0.242409094085,0.239857284025,0.237686086486,0.0733287169083,0.305819588482,0.110953614685,0.232255771404,0.285290056759,0.181108975555,0.259814271431,0.302121913939,0.184831339737,0.30288845937,0.243428226282,0.229555854233,0.114135482373,0.200711685128,0.136602062523,0.245087385204,0.130499208022,0.319721353139
1943,0.317709195275,0.166992492282,0.25994244171,0.217152570902,0.201675443641,0.172363899934,0.065153890561,0.277062929317,0.212576764446,0.241146509703,0.214659079273,0.180022089972,0.265164758051,0.213351657732,0.285425587456,0.232565789601,0.188636926704,0.326151406408,0.156602117246,0.308333038768,0.176621416021,0.219633814073,0.219766740537,0.295643846136,0.194570969274,0.203279996449,0.174508831141,0.182057365346,0.195535250486,0.238921880586,0.246819389669,0.270279883436,0.128673852085,0.267604052864,0.22544025693,0.286388845221,0.253410842351,0.171795483883,0.195275190044,0.255451919637,0.213875126215,0.2449480258,0.258181786136,0.155297322263,0.22967618949,0.201565271166,0.210839503241,0.277271911032,0.345430439881,0.230600758787,0.317497442577,0.282412796527,0.261617502256,0.15794582725,0.269459362988,0.326010705748,0.298289279637,0.241653083975,0.240149428183,0.154718674598,0.268184820868,0.273098566178,0.210096821854,0.223538204835,0.224595913355,0.172587422189,0.225393021087,0.16773775554,0.230593797346,0.119718600517,0.220194516663,0.179929073583,0.2719995408,0.162055399296,0.226455286371,0.171846682054,0.1478717393,0.156094657076,0.173495731994,0.238170038107,0.240130935367,0.236324683306,0.0622570419381,0.30052214508,0.106090044053,0.230362996982,0.286131258986,0.179876500092,0.257468972034,0.30007011854,0.176614238163,0.302739281246,0.238459895659,0.225668024506,0.110659837883,0.197555164829,0.132193637324,0.24170783921,0.125941227441,0.3189941017
1944,0.319279881198,0.163896125239,0.259182855246,0.217892463133,0.201340672584,0.16996986828,0.0629082794016,0.277580176875,0.213488869619,0.242497143115,0.213831579735,0.174380914728,0.263867402516,0.212111123969,0.283221338739,0.230769957625,0.186890439129,0.328011501173,0.152534214052,0.309265325152,0.177256697104,0.221610753239,0.218392107564,0.296090356758,0.194428660033,0.2021298169,0.17205136789,0.176829478502,0.193543675115,0.233589046603,0.24620196279,0.265333728091,0.120563973759,0.268159527142,0.225880528625,0.284607593485,0.25262397651,0.169805220105,0.194227616118,0.257301373455,0.212788941879,0.245365588753,0.255928776439,0.153974538653,0.231287716416,0.202725607032,0.209237572457,0.276613668313,0.344708672835,0.228458442221,0.318111368105,0.28216384559,0.261232786158,0.154953301147,0.268332884759,0.325757706584,0.301051391263,0.239438066728,0.237978712395,0.154415609119,0.270142498425,0.272812807227,0.205581116182,0.220553824531,0.224426670599,0.16990016896,0.228370428344,0.165918838504,0.227741512749,0.118181962359,0.217286615832,0.178757621485,0.266877784525,0.160264660103,0.22417843824,0.173739512172,0.140470375225,0.155019031648,0.173794127437,0.236729086263,0.242012037879,0.237405310217,0.0552255140304,0.296267107019,0.104220867072,0.231644829991,0.287749038274,0.180042205451,0.255959409957,0.30059085914,0.170514127144,0.305275328275,0.23574170164,0.224901781202,0.109554486701,0.196555761353,0.129658703331,0.24125240773,0.12390721665,0.320018906989
1945,0.32492300718,0.167797074557,0.263656033075,0.223133928367,0.206325192999,0.174146356268,0.0697178065952,0.282494866088,0.223532075066,0.246810754939,0.220064896042,0.179825170579,0.267674638136,0.215663957955,0.289686567605,0.237603975729,0.191909342548,0.335262355314,0.153665198009,0.315642825935,0.182305944399,0.225767335396,0.223320931091,0.299870348605,0.199106917876,0.204662919938,0.178906209417,0.180570220903,0.203412984208,0.23964765504,0.251129577102,0.266993633322,0.123195473996,0.273949742111,0.229037267687,0.287993237064,0.259311227083,0.174201006852,0.201636424875,0.263689480947,0.217961638654,0.250912277004,0.258883079587,0.160159753467,0.236068564964,0.209914133527,0.215580801857,0.28178040312,0.351864325081,0.234658477048,0.322790271114,0.288577197953,0.265762146924,0.160271568267,0.275838316868,0.32947666783,0.307213906609,0.244824709177,0.242178921135,0.158818878126,0.278883174805,0.276741363729,0.210250483797,0.226550078196,0.231689694659,0.174442057905,0.233487301442,0.168896255917,0.230911984919,0.122851917209,0.219680128303,0.183740212168,0.271217582534,0.166435938404,0.226354397655,0.179293258942,0.1427830505,0.158781427285,0.180365572698,0.242135603723,0.247288765472,0.244231618617,0.0582897013181,0.297723149845,0.109913805517,0.239877473554,0.291102561675,0.183339298949,0.258473272591,0.30776815579,0.172440386763,0.313507283171,0.240274117116,0.231389859483,0.113985961704,0.200822811153,0.133429339564,0.248158560609,0.12888170188,0.326199057961
1946,0.333126157263,0.180653115591,0.272940148234,0.231990751265,0.216961264288,0.186949995899,0.0863711194781,0.29171410295,0.240633806214,0.255496355334,0.234254048544,0.197527392942,0.276842722889,0.22684065571,0.304124434906,0.25251074485,0.203905738243,0.346486073771,0.161740017425,0.325310607388,0.19504002304,0.231767016274,0.237650518935,0.307208182746,0.211681252934,0.212353143575,0.195839143387,0.194205401082,0.223203338951,0.256403746156,0.262417072352,0.278886812764,0.139701008972,0.283330630748,0.23589632341,0.29756957469,0.275762516623,0.188368169333,0.220004131738,0.274047701705,0.230628384233,0.262043066915,0.269422799406,0.175002276577,0.244134300732,0.221761139514,0.228738057506,0.292516149188,0.364278413213,0.248640575571,0.331192830902,0.300691664928,0.276664031739,0.175556766375,0.289484021001,0.33803650868,0.316602211468,0.258754392117,0.25293427945,0.169277492365,0.29228742148,0.286175590395,0.227883351846,0.243315863168,0.246230738488,0.191526179645,0.239508217307,0.180164811803,0.240641815324,0.137090142899,0.230324580122,0.196477017891,0.285132029157,0.180912084068,0.233715830606,0.189959589776,0.157927860682,0.169844261644,0.19157193286,0.254563126378,0.256207547209,0.254704223591,0.0756694553749,0.307057466252,0.124177963356,0.251296389879,0.297933222823,0.191384987275,0.266374034136,0.31985080471,0.183514371013,0.326214753076,0.251882470508,0.244750857041,0.127187042549,0.212416616527,0.145598130135,0.261101991047,0.142655378307,0.33654368007
1947,0.344514102354,0.200334811574,0.286853813783,0.244074621067,0.23195998245,0.20558663207,0.108316521117,0.304629800215,0.262087544043,0.26740893242,0.253306110122,0.223598508255,0.291071529037,0.244014418656,0.324893142325,0.273764774438,0.220328112246,0.36171462184,0.176742358717,0.338705029636,0.211652338773,0.23924274807,0.2583743464,0.318164034985,0.228701556665,0.22434615443,0.21926986791,0.216005201436,0.248850218726,0.28245673132,0.278488173692,0.298590510542,0.167603030382,0.296082105103,0.246450935402,0.312564301378,0.297824230839,0.208865313393,0.243422852387,0.287702297243,0.249240139047,0.277012322092,0.28616829105,0.194647272507,0.255312506598,0.236750908449,0.247661117501,0.307809604796,0.382083752669,0.269428846841,0.343642510413,0.318064909386,0.292458868558,0.197027245031,0.308070203666,0.351361130256,0.328489564153,0.278992563994,0.269609437156,0.184223720485,0.308847025927,0.300216050823,0.253684430493,0.267101589577,0.265478072638,0.215280624475,0.247072310329,0.196742397649,0.25603092643,0.156970887668,0.247538797604,0.2142384906,0.30723946087,0.200687096428,0.246203524274,0.203081842418,0.183438064093,0.185507723463,0.20588655985,0.272067934577,0.26835994665,0.268232111736,0.101984132661,0.324107893891,0.144335745578,0.266349557005,0.307627441722,0.202745517025,0.279509769452,0.33636957164,0.20270312733,0.341916064648,0.269977419491,0.263067708541,0.14544011898,0.229360287021,0.163445988196,0.27884359015,0.161596855259,0.350751208164
1948,0.356235330204,0.21600225823,0.301312786964,0.255325653523,0.244592937046,0.218562413924,0.121400640025,0.316294161738,0.274466604803,0.276883237252,0.266112798584,0.242242764482,0.305621899619,0.257791159404,0.342945205745,0.28873004594,0.23162747865,0.37392735917,0.192742256508,0.353577397249,0.220736690435,0.245593859745,0.272579276606,0.330171301084,0.239371123772,0.235201875321,0.235666997428,0.234810396559,0.265863148187,0.304451566672,0.291397843759,0.314518330034,0.191417936828,0.309072542406,0.256774929347,0.327244107546,0.312016186414,0.222671999607,0.256243454372,0.298497833817,0.264729608149,0.289000262643,0.301112492262,0.20646624572,0.265020097572,0.247200947778,0.264023807711,0.321550811489,0.400423892019,0.286856686578,0.356426347692,0.334104856489,0.305659662418,0.21174364741,0.324262232047,0.365070421854,0.337191169117,0.294992726053,0.28410210874,0.195951543627,0.319186319698,0.312091454143,0.270457484749,0.284046713985,0.27883580936,0.228058092868,0.253211658102,0.207158398596,0.271039553993,0.169271862535,0.261483269569,0.226837503255,0.326506869831,0.213186434819,0.259639959352,0.210656093451,0.204414649468,0.195931309193,0.216364328715,0.286105315632,0.278029275758,0.279063580601,0.11884720484,0.34193771873,0.15958882349,0.27884560051,0.31525373537,0.210957998318,0.293082504808,0.352165931886,0.222346084682,0.35241951594,0.285652954799,0.277057837912,0.156374278781,0.242145266175,0.17635009301,0.293217551025,0.173569030359,0.36444807935
1949,0.364048863644,0.223017672838,0.310949226816,0.261793132646,0.251087520439,0.2233285341,0.124184568049,0.323769821314,0.277283695625,0.282107138906,0.27036835446,0.24786877664,0.31509542672,0.264690531267,0.351296668513,0.294769142989,0.236060002723,0.380204123684,0.2037703473,0.363914443666,0.223002605159,0.249484771166,0.277180176561,0.339349690464,0.242922809598,0.241717656277,0.240653862294,0.242963044802,0.26917979625,0.314839633238,0.299044454932,0.322075702825,0.202048139009,0.317271749562,0.263925688353,0.336588357892,0.315978616171,0.226971959746,0.258200217244,0.303664640269,0.272385973097,0.294835086665,0.309710777381,0.208735939779,0.270574529005,0.251059591351,0.27148571625,0.328865162412,0.411225760862,0.294257448535,0.365340586813,0.342728176245,0.312562428146,0.215750467121,0.331403445005,0.374703847665,0.341720415646,0.301493233707,0.292021389956,0.201475096026,0.323047394537,0.318766295005,0.27467131038,0.28924978384,0.283186071281,0.229268680688,0.257037446979,0.209944935995,0.279908484784,0.172525211224,0.268088547377,0.23188504983,0.335838543854,0.216148208602,0.268924896288,0.213569077928,0.212998575483,0.199796940205,0.220163604952,0.292124377156,0.282830450936,0.284101740889,0.123082180292,0.353902160128,0.165720989521,0.284080997943,0.319625408405,0.214492423811,0.302551380023,0.361205507417,0.234347194686,0.356451353851,0.294300019062,0.282422092045,0.159102765399,0.247785715454,0.182661399874,0.29964399083,0.177891679765,0.372837092549
1950,0.367938111807,0.226608271228,0.315515055547,0.264421090133,0.254401047603,0.226640616947,0.125496441022,0.328644135811,0.278763855381,0.286508102162,0.273023118444,0.248894296708,0.319728840079,0.269636459639,0.352969721334,0.2980494293,0.238570902188,0.384017500986,0.210117245825,0.368021525992,0.227096739915,0.252322938253,0.280331415038,0.345049300217,0.246867477543,0.245968760717,0.241856569563,0.244306857835,0.267024946115,0.317485639642,0.304715643888,0.326966607679,0.205491059754,0.320271385864,0.269085189345,0.341678649816,0.318527312568,0.230139447315,0.260552241381,0.306545935592,0.276321997041,0.297971682306,0.315118192482,0.209745188979,0.274160461228,0.252739840806,0.272904417417,0.331695922763,0.4138250733,0.295829886182,0.370630444961,0.345769402932,0.316693498955,0.216518382308,0.331637469788,0.380771319176,0.345816151025,0.303492729516,0.296293833792,0.204846807417,0.325803600002,0.323543892248,0.277014784438,0.290562194783,0.284926097465,0.231684659761,0.260044473349,0.212883955813,0.283526891867,0.175663455709,0.272232502333,0.235387774306,0.339022472699,0.217362827738,0.273830762292,0.217689236288,0.215417783405,0.203447979919,0.220875397081,0.294089458864,0.286134155435,0.285900617033,0.125620376236,0.36080911078,0.168272888205,0.284441158874,0.32407278839,0.217462836795,0.308520337586,0.36421243968,0.238974333527,0.359311739104,0.298813449782,0.283957831454,0.162042869763,0.25161122152,0.187989065196,0.301809339293,0.181802272051,0.376675564631
1951,0.368856960099,0.225982714488,0.315580227019,0.263976581017,0.254305491202,0.226346114806,0.121611318836,0.330209208341,0.275029882249,0.290067239311,0.272014124695,0.243154257854,0.319964987484,0.272333705602,0.348797914776,0.295573496711,0.236687456276,0.384867348533,0.211390007577,0.367168110338,0.23019540659,0.254487237,0.281458783244,0.34733770223,0.249441643192,0.247944034455,0.237656651354,0.239346832493,0.258501877319,0.311124659969,0.306397900069,0.327955093979,0.201237884579,0.319077653569,0.272594202952,0.342608458792,0.318146687668,0.230882843917,0.259268645218,0.307325515675,0.27663824917,0.298280240814,0.317181889151,0.20716452288,0.276283609622,0.251096060649,0.268988812039,0.33075026129,0.409996767933,0.292325643496,0.372649784944,0.344298510223,0.318195209846,0.213018538325,0.326049188596,0.383539456463,0.348772892281,0.301091236938,0.295664708201,0.205830155101,0.324363586285,0.325955643512,0.274981686663,0.287321738957,0.282918079182,0.232520750678,0.262124072967,0.214875052725,0.282044944824,0.176562923723,0.273749050393,0.235460038288,0.334891650331,0.214417381365,0.274436151297,0.220487235276,0.211705832988,0.204819038369,0.2179973975,0.292100786635,0.288413144118,0.28421384944,0.12270567333,0.362492932714,0.166283832428,0.280744530201,0.3288427354,0.219647653578,0.310975663805,0.362495486639,0.235921358834,0.359592918532,0.297459921417,0.281562457196,0.163114975917,0.253069647108,0.188806752097,0.299332458393,0.181243437474,0.376775699066
1952,0.370382633227,0.222630094117,0.314660340271,0.263591247936,0.253051362664,0.223526897083,0.116282987752,0.331166192124,0.272914207565,0.292294252379,0.269448934051,0.234722370576,0.318523408929,0.272026987625,0.343773381014,0.292935205384,0.234117617124,0.386490936489,0.209293847024,0.366868715722,0.230414580742,0.257006477035,0.279371514817,0.348372140567,0.249199559019,0.248046463662,0.231523393491,0.231600120253,0.250660075063,0.303280068678,0.307023244225,0.324739157378,0.191713723391,0.318314518715,0.274806955032,0.341368495556,0.315161248041,0.227922528187,0.255242066742,0.308303843261,0.274894515789,0.297539671386,0.316032943685,0.203018812374,0.277956247547,0.250183105592,0.264770728956,0.329228325464,0.406872632158,0.287929626756,0.374048429436,0.342520185812,0.317719547606,0.207075736391,0.321454810244,0.384467156806,0.351942683457,0.296738337343,0.293574856776,0.205061783947,0.324787941236,0.326658875082,0.268621306542,0.281294823456,0.280318889267,0.228429489819,0.265385240159,0.213696372289,0.278414145782,0.174075282899,0.272068502006,0.233334013002,0.32852360524,0.210341741522,0.272869535038,0.22214454624,0.203368078075,0.203566661476,0.216063161634,0.289189849439,0.290262098161,0.283860429465,0.114805303896,0.360444135089,0.162328048137,0.279663219569,0.332362559535,0.22032068003,0.311051044991,0.361208304296,0.229154443044,0.36080489219,0.29476975224,0.278662751839,0.161158240588,0.252180467708,0.187130990922,0.296989393627,0.178700173699,0.37676779578
1953,0.373525160596,0.220846543254,0.315444316543,0.265092288528,0.253364760001,0.222146765915,0.113776425203,0.333176659874,0.273554316161,0.29529060362,0.268964138351,0.229246404795,0.318292118462,0.272253032906,0.341957255391,0.292111093801,0.233328708105,0.389725423025,0.207375185441,0.369019693769,0.231752302077,0.260598523762,0.278778356422,0.350133636783,0.25008785566,0.248735193538,0.228255467522,0.226209079674,0.247779594343,0.297676923824,0.308561858473,0.321912110357,0.183880408847,0.319833365978,0.277520772971,0.341156944186,0.31459342701,0.22616032164,0.253993542803,0.31121528715,0.274903529331,0.298564527278,0.315273103234,0.201493755656,0.280799138187,0.251430161672,0.263600457935,0.329962552717,0.407148210916,0.286355375416,0.376573865336,0.343243213738,0.318455318629,0.203641338467,0.320564361865,0.386080306685,0.356448463531,0.294685925241,0.292460144547,0.205547473257,0.326987356433,0.328119370267,0.264313426749,0.27793841971,0.280372914367,0.225804833482,0.26927540201,0.21330124828,0.276133216665,0.173036122699,0.27096661774,0.232636218556,0.323987817394,0.208650406132,0.271920490957,0.225131171305,0.196786001299,0.203266277533,0.216651673674,0.288898878219,0.293453340889,0.285645037131,0.108692860227,0.358603953334,0.160614097447,0.281245509117,0.336018575311,0.221745408848,0.311486023595,0.36283471749,0.223651441195,0.36414397914,0.292984388334,0.278431940613,0.160606340829,0.252508187703,0.186196589186,0.297153580461,0.177711008197,0.378629695189
1954,0.377987007636,0.221600882391,0.318131166121,0.268286412507,0.255546225446,0.223138586766,0.114437462176,0.336551293914,0.277290053588,0.299914183633,0.271138379878,0.227549841863,0.319744892645,0.274400820338,0.343371606697,0.294226594313,0.234962466606,0.394879693024,0.206784835416,0.373033317895,0.235427987201,0.265162133581,0.281297731509,0.35285075664,0.25338886636,0.250891174629,0.228321143613,0.224024768767,0.249308390111,0.296068809435,0.312095284114,0.321193373582,0.179532279385,0.323113190998,0.281410368119,0.342795278186,0.317564309326,0.227362422342,0.256581142206,0.316034447198,0.277518887104,0.301742653589,0.316332655897,0.203142388637,0.285055862358,0.254677875714,0.265320432271,0.333073386603,0.410055898453,0.287731897117,0.380454823257,0.346369804651,0.321298009568,0.20358582928,0.322566427864,0.389104721954,0.362527933149,0.295517695535,0.292935931863,0.208003866247,0.331493603642,0.331098693225,0.26372901985,0.278327182748,0.283244716663,0.22698017643,0.27400424994,0.215321706108,0.275856953798,0.174917238802,0.271995370508,0.234084700311,0.321846611519,0.20991630928,0.272249825159,0.229946839665,0.193867891023,0.204913114485,0.219332713957,0.291564275662,0.298301647912,0.289190054717,0.1063650313,0.358383563864,0.161693261445,0.284796569877,0.340703193313,0.224733371177,0.313205533937,0.366915876612,0.220517356128,0.369636120836,0.293031231029,0.2809516119,0.16268407007,0.255097085359,0.187032897644,0.299708081524,0.1791435188,0.382148144237
1955,0.386162759996,0.227415065776,0.325330680361,0.275168694099,0.261708012199,0.228642989759,0.120979647135,0.343413539323,0.287525438813,0.30694415263,0.278192576569,0.233589362555,0.325425592772,0.280008745824,0.351564073369,0.302865598052,0.241372445648,0.404626738114,0.210443264162,0.381848355053,0.24189498741,0.271588591577,0.288419639857,0.358521071757,0.259851376302,0.255935769831,0.234814921229,0.228669203909,0.259134904108,0.303335359873,0.319805252765,0.324880281896,0.183084736495,0.330719386567,0.287771091881,0.348653396026,0.325764367946,0.23300075642,0.264590300856,0.32458253914,0.285029555933,0.30877183688,0.321229831227,0.209943154531,0.292105286632,0.26227479376,0.273333681819,0.340910789066,0.419532421066,0.295732503745,0.388017926797,0.354908826927,0.327952925993,0.209217746367,0.331156714716,0.395621375251,0.371474920379,0.301935129107,0.298210623612,0.213952353445,0.340943811016,0.337344699194,0.269316830498,0.285116156029,0.291475100886,0.232684681178,0.280748827344,0.220559146088,0.280331743807,0.180926498949,0.276868053719,0.239709890942,0.326652320667,0.216837935079,0.276330022116,0.237327421399,0.198146353505,0.209814618072,0.226532291002,0.299584029088,0.306115464244,0.29707537352,0.11049400146,0.3629318238,0.168118857039,0.29380615252,0.346771363259,0.230033366542,0.318375234724,0.376496193052,0.223723292473,0.379400576097,0.298509583782,0.288847250034,0.168416471358,0.261553898331,0.191945921036,0.307805693661,0.185171947822,0.389830025947
1956,0.400328023466,0.239220860744,0.339643799255,0.287425854928,0.272880171535,0.238648401362,0.133339295797,0.355092095896,0.304386975045,0.316013609141,0.289971854954,0.248289388366,0.337551864931,0.288972903286,0.368940887226,0.318955876218,0.25307279102,0.420118199381,0.220923279619,0.398858969561,0.249279080153,0.280382548304,0.299108922538,0.369310772591,0.268018430584,0.264411690288,0.248420916282,0.242354545318,0.27863345845,0.322080546151,0.332378732112,0.333018095144,0.19663016309,0.34519257784,0.297459667916,0.360440072786,0.338257228089,0.241684750781,0.276219895236,0.337731797156,0.298375737217,0.320139666197,0.330435669958,0.221463405846,0.302727424081,0.275005559551,0.290095583481,0.355154076038,0.439555664355,0.312653412626,0.401368713236,0.371235196953,0.33881450328,0.220546520962,0.349108256169,0.407307852794,0.383467731032,0.3150183378,0.3101229434,0.223682752607,0.355547177381,0.347415372976,0.280122198647,0.298283752934,0.305432769419,0.239869215745,0.290027876998,0.227479200113,0.291677249219,0.189604361711,0.285581155391,0.249478284558,0.341170972265,0.229425793363,0.286438532164,0.246400910913,0.210978118891,0.21718997555,0.239448803269,0.314085540839,0.317285983514,0.310838722454,0.120160350444,0.374635758869,0.180769125297,0.310529028079,0.353525459339,0.237178828444,0.328678008555,0.394218570696,0.236571308127,0.393690599293,0.31147588081,0.303268546063,0.17653974613,0.271883939609,0.201057715165,0.323172354185,0.195485903243,0.403815141026
1957,0.418958442026,0.255155800324,0.359882466917,0.303525105686,0.287385726853,0.251207446839,0.148912100743,0.37047931556,0.324075101846,0.32596654472,0.304072046622,0.268144873067,0.35492085268,0.299990205449,0.392695610691,0.339333201332,0.268170493401,0.43877304798,0.237712776634,0.422399194634,0.256260133948,0.290751803104,0.311093582224,0.384969831968,0.276608968972,0.275428287611,0.26610616877,0.262454246697,0.303285521475,0.348635348943,0.348593622558,0.343985733454,0.217457017237,0.364991091602,0.309776939131,0.377072502709,0.35268041463,0.251129086236,0.288891292656,0.353425483442,0.315612047827,0.334173070586,0.342653662178,0.235124110234,0.31556690211,0.290436306542,0.312764062198,0.373933320656,0.467343612082,0.335361142351,0.419404779016,0.39286023808,0.352419432665,0.235007228346,0.37322952545,0.423288681551,0.39682444577,0.332390458256,0.326865956526,0.235757460159,0.372478721099,0.359947128956,0.29340112871,0.314831416292,0.322262629808,0.246481519976,0.300397977034,0.234555081973,0.308512526743,0.199059889068,0.296657656827,0.261661923303,0.362742741621,0.244709722412,0.301891605363,0.256075973052,0.229762789603,0.225654084222,0.25568637459,0.332794360354,0.330114485222,0.328081443939,0.132838518456,0.392543344424,0.197466571399,0.331371416101,0.360056995007,0.245091292446,0.343485663424,0.417787917889,0.257721185656,0.409876400323,0.329831121755,0.321509104223,0.185607759266,0.284546369053,0.21309827033,0.343014653623,0.208344313314,0.422448451064
1958,0.436629815347,0.27070531198,0.380221436211,0.318434978482,0.300924194315,0.262972565581,0.161868818198,0.385501861195,0.338917500244,0.336026698053,0.316388515118,0.285514753159,0.372436959553,0.311317509159,0.414352381208,0.356936555657,0.281846142944,0.455231310252,0.256351503128,0.444803260162,0.263201674291,0.300567007754,0.322598901862,0.401675744641,0.285221352681,0.286900078006,0.281320128935,0.281364706976,0.32274565726,0.372702093515,0.364484164764,0.355221035213,0.238001004208,0.383449664854,0.322790026848,0.394268549919,0.365960353536,0.260053185818,0.299983530173,0.367485233759,0.332308454086,0.34723535552,0.355319934513,0.24682830882,0.327828320878,0.30309290397,0.333105577763,0.391711985608,0.492672640288,0.355733651122,0.437518915239,0.412727162154,0.365848878245,0.247868322405,0.393778099238,0.440052652499,0.409087851565,0.348314517293,0.342745783598,0.247377517044,0.385858112323,0.372388920382,0.305607209007,0.329596055769,0.336489855535,0.253105808622,0.309385521448,0.241783231607,0.325358214898,0.208094237747,0.308129272324,0.272858599009,0.382804598614,0.257421844081,0.318306003108,0.265221568542,0.248387895232,0.23372162225,0.269072247291,0.350211768599,0.342044928497,0.342620978611,0.14486310811,0.412105860724,0.212842232341,0.347747080603,0.366824591592,0.252962098666,0.359523816171,0.439338781789,0.279771181563,0.423287222018,0.347090543359,0.337462105868,0.194435364423,0.297043322315,0.224628928636,0.360326086632,0.220079556752,0.439900761763
1959,0.449179596963,0.280667234195,0.394811463538,0.327961787224,0.309392677736,0.269961454453,0.167002462031,0.396506941081,0.344717644436,0.344772549257,0.322842576931,0.293025639703,0.384691741334,0.3201095117,0.426400266818,0.366692436513,0.289899369883,0.466067967966,0.271023493234,0.459545897594,0.268688832039,0.30823128178,0.33066007912,0.415074634572,0.291977697958,0.296036061087,0.287854122825,0.291430971254,0.329309589083,0.385532688367,0.376363786611,0.362571589335,0.249477564331,0.395077901404,0.334082448121,0.407026700148,0.374185021215,0.265647046184,0.30555866106,0.376774511943,0.34373470149,0.355720576785,0.364816362226,0.252408697968,0.337042455585,0.309377293943,0.344279708903,0.403334614861,0.507200668443,0.366952978229,0.451386403034,0.424789867664,0.37567021762,0.253942260116,0.403478424898,0.453462510763,0.418389751745,0.35712591994,0.35263989924,0.255360975165,0.392650213951,0.381757629807,0.311705525861,0.337011573213,0.343612386246,0.257656535697,0.316013130281,0.247589584039,0.336287642784,0.213971585836,0.316818954809,0.27930137051,0.393441868829,0.263103902631,0.330542452403,0.272266281124,0.259561470801,0.238950696921,0.27540008387,0.361119047772,0.350895885221,0.350508244635,0.1508050777,0.427342164444,0.221476838155,0.355008281899,0.373620831726,0.259308947317,0.372596994002,0.452517525381,0.294224901724,0.431022989165,0.357584925081,0.345938534743,0.200502150944,0.306162161885,0.231787982427,0.369678974981,0.226832247225,0.451199290325
1960,0.458505607847,0.285708863906,0.404332239986,0.333700267873,0.313907459044,0.273147593648,0.167253604944,0.404497998761,0.346988273427,0.352072482788,0.325188711664,0.293177081076,0.391887938809,0.325938849205,0.431142519057,0.372125239591,0.294377961135,0.474266487224,0.280839023927,0.468675578033,0.272538249388,0.314617040672,0.335244880699,0.424974571446,0.296508971282,0.302474628032,0.288227582632,0.29383797462,0.328492189731,0.389850763374,0.385142908081,0.365345310309,0.252055887938,0.401751488786,0.343450916076,0.415094186087,0.378131068182,0.267583788209,0.30690309183,0.38344703472,0.35057709734,0.36052972792,0.370384711296,0.253919556131,0.344186335833,0.312651402209,0.349166833639,0.410103794885,0.51411756452,0.371826697172,0.461798025893,0.431277558036,0.381907593844,0.254495373774,0.406280001202,0.463213048784,0.426423621392,0.360114285078,0.358120094773,0.260150946143,0.397109175634,0.388407061707,0.312196371851,0.338225883899,0.346278509655,0.259115301431,0.322251390035,0.251403123858,0.34149668947,0.216645696869,0.322207053122,0.281886968064,0.396777930624,0.264542550206,0.338177773004,0.278041843223,0.263340776998,0.241468232576,0.27806127572,0.367069616488,0.357832423373,0.355258589013,0.151130437613,0.437166537485,0.22492007558,0.358506056282,0.380126220542,0.264079185906,0.382045592363,0.459810634948,0.30064560798,0.436401816458,0.363268714279,0.349487172623,0.203834352934,0.312153383888,0.235424722401,0.374248244921,0.230181605657,0.457995861504
1961,0.463568029218,0.284304138552,0.408110191247,0.335234393516,0.31352087873,0.270055583579,0.160473804269,0.408023712472,0.341761006959,0.356425633018,0.321213148083,0.283336664699,0.393120513522,0.32703899453,0.428059917441,0.369621273163,0.292540558326,0.476968745995,0.284471706255,0.472326691398,0.27195041396,0.318588137589,0.333904844457,0.430632530855,0.296622788261,0.305134178544,0.280460806745,0.287521637333,0.318904258785,0.38239040104,0.389077561904,0.36144646893,0.243795002305,0.403551788028,0.349765266637,0.417555785015,0.375410569013,0.263445966101,0.300941900911,0.38609437282,0.351655943722,0.360744804518,0.370467837443,0.249064261315,0.348511134764,0.310823040114,0.347098365017,0.411470696989,0.513846433223,0.368899834907,0.467624477102,0.431631190954,0.383122862942,0.247930646607,0.401789941619,0.467991800066,0.430708405647,0.355991754721,0.356840057028,0.260823834831,0.395228127379,0.390249250445,0.304096665463,0.331410927323,0.342449211982,0.254210915013,0.326106585785,0.250720965422,0.340175443562,0.213778152688,0.322295122787,0.278445455253,0.390554223992,0.259271312972,0.340228210187,0.280792366239,0.257762981944,0.239113054469,0.276000701856,0.36658287616,0.361278663608,0.355291526336,0.142552452597,0.439719056734,0.221688897837,0.356842903927,0.384483298922,0.265833693324,0.386459618801,0.461351701344,0.297975084266,0.436661452912,0.361126986716,0.347210523679,0.202332167463,0.313334235202,0.233252713081,0.372511981585,0.227003606558,0.459405570793
1962,0.456198456751,0.269756572351,0.399457884345,0.326360429992,0.302268916133,0.254136209473,0.143627385051,0.401787877048,0.323555678133,0.350638512478,0.305617747702,0.25935418981,0.381553960183,0.316691913062,0.41151696099,0.352201407183,0.276693141209,0.466115306312,0.277175214875,0.466067641802,0.257281453818,0.311111926535,0.320600910953,0.427013601427,0.284936853092,0.298656564857,0.259276140945,0.26373596378,0.294396357094,0.357820852402,0.386008612362,0.345629876202,0.221478424917,0.394864787843,0.346099193483,0.409185449708,0.35397328788,0.248298248029,0.281272812334,0.375005367369,0.33949214107,0.351738774034,0.358910036788,0.231902241684,0.34306448746,0.295964769999,0.331418620902,0.402668249498,0.498312011318,0.349051980859,0.460956341039,0.419080059563,0.371717354956,0.227684471988,0.382811102408,0.45921958344,0.421222894628,0.336521622324,0.342249006958,0.251225146981,0.376878065415,0.380595389634,0.283005796285,0.311858533306,0.32680511621,0.236466259694,0.321964800169,0.238417223017,0.326124305955,0.201835132028,0.310521286219,0.263305135384,0.369558670091,0.24187572954,0.33117657617,0.272570778924,0.234586520391,0.228326457874,0.263762451214,0.348621268274,0.351497372239,0.343583663931,0.118388580608,0.429386186964,0.204173958184,0.346183772348,0.380162450671,0.259277461452,0.378968197206,0.449728097871,0.282075951564,0.423032592517,0.345268132663,0.331614323968,0.188920459271,0.303438391067,0.221246517048,0.358488782464,0.209503952992,0.44804773718
1963,0.401692158651,0.20825285138,0.348669354445,0.278790313059,0.250751549579,0.189094183126,0.0893986863415,0.359709249456,0.251147858062,0.301196080787,0.245096158519,0.188651348717,0.326171915242,0.261594306711,0.351092685615,0.278410620091,0.205106003583,0.401449835486,0.238480872445,0.430563001158,0.180016523517,0.253251285443,0.260862855291,0.392492886832,0.221933627747,0.25752345917,0.190661264074,0.179645900206,0.214972906649,0.277714579207,0.359353164866,0.28846101864,0.162621806425,0.34983455489,0.302180989017,0.365093676403,0.253151571409,0.190907227696,0.204488557392,0.307446219515,0.277917667476,0.308287370798,0.304470615842,0.166214555765,0.29814728466,0.227691004501,0.269273574266,0.359730754113,0.432297502822,0.268488929579,0.408082783816,0.362369518425,0.310556105396,0.155990036109,0.312460053469,0.399143593213,0.352929526375,0.259908322955,0.281029029357,0.201543387908,0.287571432675,0.326958153196,0.215618568656,0.247322170669,0.265906614005,0.164090518979,0.283903112882,0.176638858375,0.269704950839,0.154921813441,0.254061026885,0.202874565708,0.303492599953,0.177900580052,0.286582048924,0.215940015523,0.151664798228,0.184830626471,0.212296720575,0.261095740064,0.285988139885,0.286013454213,0.0355747599076,0.380691500498,0.13289770989,0.303994099285,0.337073696493,0.218074726156,0.328861702424,0.390970688867,0.231637776337,0.350730755727,0.28275981051,0.26598173658,0.125286817194,0.250563285584,0.173184768115,0.300395076731,0.133651627184,0.389971865138
1964,0.359409668548,0.152418996407,0.298469131881,0.240210808035,0.207957435163,0.138642924581,0.0563115433608,0.327677883996,0.226103748436,0.255058367673,0.204486729779,0.135520352228,0.268933842463,0.205153410012,0.301751906184,0.240306099539,0.161546072915,0.369588743978,0.193202675885,0.400412700136,0.126144400885,0.214607877217,0.209992221448,0.35334259092,0.170357835148,0.213431999342,0.139573997874,0.102052050708,0.167140146409,0.220265273225,0.34329138987,0.23076082054,0.106368593085,0.312609951596,0.252748955094,0.318478668835,0.176463797998,0.141029520012,0.155365534567,0.264112665783,0.222408911824,0.273412146895,0.245866468218,0.123571906042,0.262235327113,0.192755879284,0.221180181097,0.323341243998,0.377441579809,0.20537102512,0.359676255918,0.315737461297,0.252423216071,0.0984323163045,0.262288199401,0.331698689914,0.319861011121,0.194562011486,0.233227864084,0.157522108437,0.260291192327,0.27968347517,0.160639094391,0.195581188528,0.227749761311,0.105044522854,0.276203251107,0.12214705134,0.212717617388,0.117680068592,0.19525786244,0.156744039346,0.248765854339,0.140278373206,0.236603534354,0.188367251553,0.0706582793835,0.151011322499,0.183394268004,0.189568123569,0.239193971754,0.255033461122,-0.0312327561265,0.324095012373,0.0746237226554,0.285086667617,0.292573322124,0.18195335807,0.270296929968,0.344408529051,0.179181156863,0.32121198268,0.236670772094,0.218625757411,0.0749490352288,0.2041991808,0.138144582513,0.261654000066,0.0859374219869,0.340965631813
1965,0.367695691524,0.148127642975,0.296057624619,0.248085764726,0.210056835395,0.139112007232,0.0648740330087,0.330031975889,0.250935856207,0.257509876491,0.212666646466,0.136275172584,0.259232970598,0.196118845418,0.306995562204,0.252024643733,0.171603219749,0.388242714844,0.178165756037,0.406772948612,0.138026503794,0.23135587264,0.21418512524,0.344477103777,0.175595760805,0.205996393316,0.14384416903,0.0952001592731,0.189800706806,0.218634870775,0.348257751815,0.214906486869,0.0928158441181,0.31908653547,0.244364956954,0.310354663982,0.191854702365,0.139327525452,0.170493768855,0.284444655516,0.223797917982,0.279730989345,0.232431045691,0.136733390044,0.270721776869,0.213887333784,0.229749744281,0.328782935764,0.383688241586,0.212797185465,0.357668376025,0.321789831649,0.250304557539,0.102730880013,0.275919834732,0.315862380513,0.344580700372,0.196106763647,0.228736673367,0.158755110238,0.288449628935,0.276745752346,0.158421438814,0.199525422192,0.241594268436,0.109492813296,0.295156300476,0.123117809967,0.202858296557,0.120796837206,0.184560157379,0.158017614452,0.24080015335,0.152791665475,0.222490889851,0.208163642028,0.0585416642819,0.151131437756,0.199783289961,0.199618847164,0.255643112043,0.273115488844,-0.0341772138489,0.304503045364,0.0779498117716,0.30312526418,0.288760326008,0.185082875747,0.253155884937,0.355317143142,0.164963892188,0.350215494797,0.232395564809,0.230412202809,0.0802281111078,0.206247647097,0.134468600692,0.272553746182,0.0918511310639,0.345039051072
1966,0.410359527162,0.183447605835,0.334210981153,0.288346722933,0.243801048367,0.174205256847,0.0991439755563,0.358023712713,0.302399725602,0.296645669188,0.250944518095,0.174514751466,0.29110286952,0.226809919617,0.35202963388,0.298476795124,0.217422816377,0.436554085973,0.194734825912,0.441843602388,0.188165778772,0.279750777073,0.25767607153,0.364528317782,0.218864723435,0.231322122268,0.184457467483,0.143752805788,0.253683242757,0.264618276123,0.372098736277,0.235245719934,0.116440395846,0.357276784641,0.273706701246,0.337347395175,0.265294234731,0.172443457342,0.22294821411,0.34106734553,0.26832673942,0.314709115316,0.259900490618,0.182859204984,0.309028991754,0.264344360739,0.277340434497,0.365733366313,0.434559395242,0.267877985071,0.392885957324,0.365602353846,0.291914996213,0.149401078794,0.330469572476,0.347948359134,0.39904038192,0.245398482163,0.25689511971,0.193112888131,0.346343347025,0.307438386421,0.193484317455,0.242482693048,0.285979231063,0.15673516759,0.327543731441,0.164056115563,0.233899117571,0.151557907168,0.21566922555,0.190687770518,0.268773903527,0.195225728433,0.243125212163,0.252513220431,0.104187432036,0.174215583156,0.241575752531,0.265531926346,0.310090421077,0.31847319397,0.00903886474979,0.322923058417,0.123830512939,0.341728629053,0.318061328498,0.216431265806,0.276878336626,0.406354728611,0.187294871983,0.407545561175,0.261477351579,0.279829330659,0.121900350296,0.244054141425,0.154794062747,0.314865404653,0.132283150254,0.386993856176
1967,0.440673390576,0.213175562091,0.372949318207,0.319653826569,0.268689962,0.195844705353,0.118188335848,0.378402825238,0.319549875263,0.329075669896,0.272174295121,0.201420429292,0.324711718321,0.256128792118,0.389785775086,0.32158924738,0.242337548661,0.459124175807,0.21967703742,0.475255914036,0.212068922871,0.306349341744,0.291621375902,0.38850910487,0.247592018383,0.258511756399,0.210572987769,0.187097434478,0.292978704013,0.300810779723,0.392005804886,0.25609714886,0.14338841132,0.388985686608,0.306032965783,0.368005985501,0.311245950507,0.197476880091,0.250267818092,0.37284470537,0.306289481598,0.341627006409,0.290596187126,0.208501783497,0.336625272491,0.285920630419,0.313781105579,0.39834502225,0.476938491206,0.306989032757,0.423652574549,0.400922993409,0.328190023321,0.182978592109,0.368133098467,0.384432089372,0.421556438274,0.282976160149,0.275295685169,0.220229064782,0.357934350068,0.331207611468,0.218439428516,0.275487066105,0.310930161651,0.188863461256,0.336969113824,0.19505008744,0.266637974795,0.173398500333,0.24775890143,0.209799790559,0.29064369952,0.217444177113,0.269571960847,0.270741649458,0.149956085076,0.188173699138,0.264544805818,0.313598438882,0.342978062127,0.341453502779,0.0401526072826,0.35046151752,0.156549861866,0.363823363352,0.34430056365,0.240744913947,0.307466657405,0.446785459968,0.216799653173,0.428775659641,0.280968858046,0.312533310952,0.148191961135,0.274682987875,0.166345060564,0.341785096296,0.149837463932,0.419380227217
1968,0.460867140733,0.232386978532,0.40133427044,0.338966364407,0.283900890733,0.209527381544,0.131880128789,0.39538873329,0.336180509544,0.348921849027,0.285592032007,0.220276729227,0.348410318492,0.275118869578,0.415163099888,0.344871476878,0.262589160939,0.478246097133,0.242078760312,0.500355022516,0.222512974165,0.320118169001,0.312252737176,0.407670359774,0.263164965822,0.278272517722,0.225418607151,0.213999551109,0.316306755307,0.333176881499,0.413258192574,0.270943888324,0.16472358509,0.410157377614,0.329967960453,0.391898599207,0.334046589383,0.212070095368,0.265453653875,0.38998125065,0.330783004293,0.35873202228,0.313065290491,0.222881500398,0.353383850158,0.299097666798,0.336985852991,0.421163688618,0.504054215436,0.330430856385,0.446766383703,0.423517882563,0.350878456964,0.201774117237,0.390377309807,0.410627546291,0.436438067734,0.304343790026,0.290487355622,0.236278730852,0.373256861741,0.34772876922,0.23391322757,0.296213112546,0.326135114189,0.206197372638,0.347910111476,0.213187520836,0.289847054411,0.18717203281,0.269783817766,0.221425138407,0.307557544821,0.233391848901,0.290615807734,0.283368205719,0.181202103543,0.197231891214,0.278823675238,0.340660774681,0.360076941769,0.356587683303,0.0617704461298,0.374356225933,0.17508284047,0.380155016628,0.360328642356,0.25539116,0.33160125191,0.472906579784,0.241823498175,0.443375749031,0.299360660387,0.331474402758,0.162116137894,0.294733216514,0.177754748799,0.359902870636,0.163591670673,0.439346525017
1969,0.489087902302,0.258397845139,0.434523230492,0.362709211831,0.304812816124,0.231714579866,0.150861758308,0.418606844543,0.360028867871,0.374073697226,0.30602305965,0.245576818319,0.377401272511,0.300454675595,0.444949584048,0.375514350214,0.29091554197,0.506659939918,0.270222279399,0.528053869295,0.243792234105,0.342580627472,0.338518295219,0.431950192215,0.286526148986,0.302554215082,0.246451264567,0.247367622537,0.345457867918,0.369777655958,0.437475929332,0.292627598371,0.190994995088,0.435361473718,0.35982359468,0.420393248753,0.367548699969,0.232147444449,0.288828497851,0.416197906418,0.36131224621,0.379761693591,0.341567780111,0.244166117713,0.376186524769,0.321300734405,0.365679029312,0.447292747876,0.535915434347,0.362622938078,0.477571335863,0.451062536585,0.37952515081,0.226272885854,0.41830673511,0.444038547836,0.462174809009,0.332547003738,0.314169923274,0.257419567791,0.398168776315,0.371931068176,0.256024336806,0.321754266123,0.347891297881,0.230676183682,0.364138362269,0.238500935335,0.31787570567,0.205838421918,0.297560383529,0.240947575366,0.331856786757,0.256626590788,0.317076271595,0.304963613066,0.219056255318,0.212097709446,0.298815491928,0.376040593481,0.386024025741,0.379166151541,0.0925642667372,0.405066902518,0.200838234993,0.400828005437,0.381781825571,0.274800619016,0.36273480112,0.504147928685,0.27133304755,0.467802509098,0.32526974749,0.356948182632,0.183891607899,0.321012773715,0.19560393014,0.384604275415,0.187230103689,0.465677762869
1970,0.514462009559,0.280501557929,0.464465799003,0.382785786788,0.321858700457,0.249566741242,0.164360918372,0.439002532727,0.375957815615,0.395215141406,0.3207547432,0.263822004165,0.402967176034,0.322725116079,0.468871260639,0.399278535975,0.31318617145,0.529474480564,0.297421906027,0.552781268189,0.259584630457,0.361505653178,0.358709049597,0.455750720377,0.305108696271,0.324123700628,0.261321978232,0.274240192747,0.366059161108,0.398305350449,0.458948611354,0.310863110915,0.212012054682,0.456990163273,0.388030234456,0.445799794493,0.392374127764,0.246176749201,0.303995831543,0.437297571728,0.386884865517,0.396248230869,0.36642872392,0.258950232784,0.396215779215,0.337882432906,0.388881333248,0.469188380386,0.562211087582,0.388977850192,0.505985038439,0.473869254385,0.403352575369,0.244102107737,0.439670411524,0.474864506582,0.482393873044,0.354676372234,0.334733700399,0.274742261498,0.414156520098,0.393299101617,0.271674032019,0.339984275587,0.363262382355,0.247806472416,0.376699843846,0.259181781027,0.341868692276,0.219440054814,0.321563143225,0.256157707346,0.351683182831,0.27368343862,0.341787309355,0.32186723488,0.250233400463,0.223319233476,0.314064835399,0.404256481636,0.407411115444,0.397041197227,0.116491301003,0.43386123283,0.221375177165,0.417101439541,0.40106439767,0.291149539688,0.39243546532,0.530223272637,0.296938455507,0.485180579894,0.347501067908,0.3767732863,0.20096742099,0.343487654627,0.210405618629,0.404333178745,0.20515830973,0.488418271783
1971,0.525380268095,0.286004256989,0.480207107394,0.38990076368,0.325080746973,0.251067132689,0.161956313788,0.446835927627,0.37153527397,0.401658269564,0.318426268506,0.261064931825,0.414137723577,0.330778649261,0.474995194978,0.402324669869,0.316506718218,0.534091685062,0.313714104584,0.566428558902,0.257379636457,0.366686919024,0.360391279534,0.471376586407,0.306728421307,0.333524823768,0.257641981331,0.279720699419,0.364149234861,0.402406017297,0.469944704378,0.314498447637,0.215022325805,0.465590736947,0.404384745929,0.457838758535,0.390022772099,0.24251173494,0.296546180517,0.440619148082,0.394289737609,0.398743304622,0.376345684883,0.254609260204,0.404382384866,0.337594771105,0.393159934044,0.47763304325,0.569803138432,0.394167964317,0.52055077208,0.480686991676,0.409982072553,0.242923843396,0.441053907792,0.490088936866,0.485109254803,0.357339797884,0.340856671147,0.278229912348,0.407090099774,0.401461302198,0.267603606675,0.338745134325,0.360385494381,0.244122791596,0.379357798689,0.263470230259,0.350593792253,0.217923840877,0.330364447973,0.255942114697,0.354495156293,0.273287160553,0.355178445955,0.324764966052,0.258650686265,0.222079258296,0.314705291228,0.407782263513,0.412013893294,0.399504722921,0.117491415815,0.448441137391,0.223250762011,0.419863757299,0.409753434384,0.296165162551,0.409005566844,0.539049310814,0.30700313883,0.483452768917,0.354252979507,0.378617694103,0.201460408758,0.351370171562,0.212519188274,0.407440109861,0.203782204557,0.496940630255
1972,0.539312547226,0.292803850863,0.49404214442,0.398227258745,0.330473777148,0.257693701492,0.166976635838,0.457865259151,0.382517673159,0.409025903461,0.323014991032,0.263283143588,0.423049602057,0.338762203012,0.482089034933,0.415869222211,0.327758311487,0.548807484871,0.326666783218,0.578950319084,0.263157921694,0.377410126477,0.364216204219,0.485656370063,0.312998167301,0.341404279648,0.258803423258,0.28424383778,0.369600987251,0.410771964691,0.484413861592,0.318161213555,0.216523235368,0.474971181005,0.418929061925,0.467576229088,0.394835003066,0.241552237475,0.299011963447,0.450361205252,0.402368847172,0.403286332653,0.384512554018,0.257371647818,0.41482848972,0.346947203081,0.399641665334,0.486232763744,0.577307273087,0.402855874699,0.535735224302,0.488378786162,0.416882217132,0.244927116846,0.44628672684,0.502413334653,0.498142842271,0.362018789224,0.351287201586,0.283061630133,0.41987104096,0.411636061803,0.267724593915,0.340356777229,0.364610175418,0.245464270649,0.390737469887,0.270481273919,0.357146182652,0.220100852081,0.337808308372,0.261280465225,0.360011467106,0.280990799057,0.36580384459,0.336785283199,0.264567821004,0.225053440017,0.321618422966,0.414716938863,0.421608374716,0.409369559299,0.12350806156,0.45906786011,0.228584663383,0.428945495887,0.418681785826,0.302850738031,0.422714562107,0.549481341658,0.313260598814,0.494473882898,0.36571803288,0.384725273913,0.206859869349,0.360888504657,0.220241491931,0.415829530425,0.212046835172,0.507003476022
1973,0.565029337837,0.312994318139,0.517845210922,0.416901721886,0.347122844509,0.278364218519,0.18293378869,0.47712364485,0.404923452328,0.429659693699,0.341420401881,0.279821580268,0.442429302545,0.359637486682,0.501638241064,0.440494695055,0.351201938208,0.576181978989,0.346239701809,0.598318635463,0.287337398365,0.401420852718,0.383847284007,0.50669637133,0.335561639257,0.358432795761,0.274355157111,0.304537432053,0.391098049555,0.430631657155,0.503606558811,0.333692570973,0.229408653688,0.49370766193,0.443477667012,0.486271734652,0.423875839393,0.256093861714,0.320434361485,0.475839752158,0.424923902453,0.418806847333,0.404612464093,0.275289611036,0.436557291384,0.369625024639,0.419526102558,0.504505310694,0.597423479357,0.428504796537,0.561430268733,0.508238973202,0.438079012692,0.262520182826,0.465565406682,0.526810392188,0.526103600414,0.382813072632,0.372134013569,0.29973414883,0.445689908531,0.433389638315,0.283584764953,0.357195687033,0.382812183597,0.2659848837,0.408539686163,0.293296401571,0.374150313284,0.235195993351,0.357642767716,0.28001455942,0.376496301058,0.301780745428,0.384279888788,0.361533407569,0.286371037883,0.238651623769,0.339025796268,0.441576707757,0.44739513941,0.430400522878,0.147031765228,0.478775722293,0.249479538575,0.446138883648,0.438900430524,0.320360928596,0.446408269587,0.572789273144,0.327449508681,0.520028941011,0.386514297466,0.405350939114,0.227768416543,0.383017975497,0.236645743572,0.436389791198,0.234149019076,0.528990404819
1974,0.582439492199,0.325259023997,0.535964004563,0.42894777854,0.355627690565,0.287761739348,0.187841717703,0.489145734274,0.409451100549,0.444198319614,0.347777675973,0.283368653864,0.45539935484,0.374752522661,0.512249143098,0.449491180603,0.361109836106,0.589801356771,0.362092387303,0.612882357747,0.297095398875,0.415522236665,0.395241432214,0.523989367576,0.348724791896,0.371319817826,0.278124594194,0.31423319457,0.397367860952,0.437637844817,0.517496946778,0.341528593284,0.235123553956,0.506248746887,0.464062709811,0.50019523885,0.437307627892,0.26204909957,0.326442993553,0.489393173165,0.440037754334,0.427771007348,0.418768942042,0.280961466931,0.451797364364,0.378073518218,0.43081968851,0.516605685262,0.608389832928,0.442067008748,0.579840537756,0.519690808199,0.451895974758,0.268816678681,0.473480080867,0.545237503958,0.539429820783,0.392533052988,0.382331482193,0.310017603337,0.450091986372,0.446736732184,0.288424593684,0.36344706771,0.388824443959,0.275069965133,0.416667202458,0.30752423,0.384693347391,0.242476431536,0.371276847985,0.288253179973,0.381327359444,0.308945554087,0.398048852767,0.373768679489,0.298599790623,0.244496055689,0.346569716932,0.456605580565,0.462643670343,0.439881283173,0.15740295665,0.493791863059,0.26016611373,0.454537233174,0.454299683094,0.332381551562,0.465642310578,0.587779822916,0.335862724337,0.528626604012,0.396135052536,0.415180249925,0.238874584298,0.397834017618,0.244340196535,0.446100795313,0.241598316757,0.542255501754
1975,0.581618660804,0.319948698587,0.537242292316,0.425680589093,0.34920415087,0.280338887787,0.181999671739,0.48876325779,0.399883292314,0.441268416562,0.339755771299,0.271785056791,0.451077015353,0.372780518328,0.506485913521,0.441841455737,0.352738505968,0.5857556041,0.365934418139,0.615947133168,0.284174007407,0.410067370537,0.388513427202,0.52949589625,0.342723688424,0.370559496625,0.265823454965,0.3001772938,0.384707833618,0.427421045401,0.524909928798,0.334783530344,0.228274048828,0.504851889211,0.468264941589,0.500448233723,0.420225065338,0.25290833097,0.313521772537,0.481094426199,0.435774076978,0.423886457061,0.416765538221,0.269454936515,0.451308271732,0.368922502634,0.424152170271,0.51550542679,0.599543468181,0.432361581658,0.580384803144,0.513936588668,0.446208064646,0.256171588206,0.462226429903,0.542990883623,0.531863305993,0.380466517706,0.377337783205,0.304886374936,0.435314061424,0.443787305131,0.277381101798,0.35364009714,0.379475579241,0.263932392571,0.414465866249,0.302683838735,0.378886514133,0.237463083691,0.36740973754,0.281627273776,0.371579454937,0.301533092444,0.397974305938,0.369689361059,0.287071531731,0.239517528206,0.340605636928,0.443927070087,0.455585570475,0.433647990103,0.147557032637,0.494303856434,0.250987167888,0.452843679565,0.454073347293,0.330836103295,0.468198278183,0.584586176754,0.331601952862,0.518269158725,0.391351405301,0.406384351506,0.231274006244,0.396000811592,0.241976511936,0.44066516771,0.230445472861,0.537673926377
1976,0.595190107387,0.329483518369,0.54761264477,0.434460031499,0.357299082965,0.293609667741,0.196649652822,0.500456959565,0.422770619918,0.450778707442,0.354347076105,0.283462238652,0.456894168207,0.382636988919,0.517077872465,0.461617629553,0.367905917628,0.606793702996,0.374615680427,0.627050617487,0.298191605367,0.42256755037,0.399214628504,0.540246837092,0.355669755228,0.377195058018,0.275617980681,0.304180246434,0.399934511904,0.440639070867,0.542388751204,0.342185314186,0.23580010663,0.514407890673,0.479004772359,0.508908758485,0.433008233525,0.262527262797,0.330013313164,0.494879277019,0.446170036309,0.433109679115,0.426259833369,0.280882163072,0.46342085808,0.385868335983,0.433739142496,0.525750812388,0.606207348032,0.444767688095,0.592331975884,0.523322793629,0.454678745584,0.264598153009,0.471213675237,0.549578367675,0.551075795738,0.388499127397,0.390198567999,0.312437706465,0.459580293401,0.45548826068,0.287880824695,0.364636356464,0.392734829809,0.276121059239,0.430456016033,0.315225151898,0.383797861893,0.248851985701,0.375050155366,0.295021456909,0.380750834664,0.318940346875,0.404545601634,0.388957877202,0.291942437152,0.24965636374,0.352741785351,0.453068740272,0.468637702839,0.448037856921,0.162281570199,0.502334952281,0.261226669676,0.467796661553,0.463637325858,0.340608098889,0.477524586015,0.596856551205,0.336301184391,0.538781539639,0.405292189489,0.417769113656,0.242783214128,0.408079986142,0.255693786368,0.454825525921,0.245100459532,0.548149975165
1977,0.627108232137,0.359306949853,0.577368169879,0.460462852349,0.381814242534,0.324215620704,0.225171485778,0.524628832866,0.458040566656,0.477698278874,0.384384215513,0.314587620503,0.482307447654,0.411573137859,0.549022459706,0.496057804244,0.399148619649,0.642727379866,0.397925844817,0.653379692833,0.331352352882,0.45218943163,0.4299193844,0.564403264115,0.387705915149,0.398731230469,0.305270156201,0.335925645872,0.438406077844,0.474620678585,0.567991439743,0.366737434802,0.263533045622,0.540999291458,0.506382220413,0.533856844288,0.476038618999,0.289553657634,0.365253893987,0.529188038316,0.478587691494,0.457364410754,0.454609309107,0.310123642355,0.491557345306,0.419085659882,0.465363567347,0.552149248643,0.636937642965,0.483492742262,0.622081803303,0.552929219686,0.48431424178,0.294654786823,0.5032763393,0.577498526004,0.585804837804,0.421073943442,0.418830288312,0.33711427252,0.494989660834,0.483155139153,0.31758913005,0.39569147886,0.422745054752,0.309077917983,0.452012361982,0.346882110026,0.40819787568,0.274335753539,0.401851783203,0.324686060981,0.408396275911,0.351514917956,0.427046502369,0.420638831618,0.324579727697,0.271528418299,0.379766307117,0.490924421166,0.502535138517,0.477753095836,0.199316231645,0.528142869782,0.294130376661,0.495843185535,0.488188536718,0.364336542288,0.505032913357,0.6309648256,0.358943205232,0.5741773813,0.43422539442,0.449895162522,0.273208445947,0.438081947347,0.280765906127,0.486204195173,0.275808074344,0.578280783084
1978,0.660293756163,0.392825998,0.612720196314,0.488698218732,0.407952668459,0.355348036301,0.255391742002,0.550592319072,0.491625728172,0.504644768882,0.414041858511,0.348879486332,0.513079168722,0.443674179795,0.585849327601,0.531600848132,0.430464724501,0.676814302415,0.428165064112,0.685128021157,0.35980254395,0.478799299096,0.460880234247,0.593654481103,0.41841664184,0.423426298717,0.337363111607,0.373530997022,0.478262081761,0.515690517276,0.596947545303,0.395066103402,0.299426342507,0.571400253002,0.537125383143,0.564026122983,0.516602046758,0.316627187844,0.397562037697,0.560951301323,0.514110856026,0.482861827438,0.487182021532,0.338102038508,0.519927799588,0.449979904171,0.500761443778,0.581825389091,0.673313458803,0.525027225056,0.654958908331,0.585946262516,0.516206000625,0.326262271209,0.538185605687,0.610536466348,0.615222854693,0.456306850347,0.450523477777,0.363516754322,0.525917407147,0.511959911714,0.348957349291,0.428574922291,0.452036939248,0.339926351494,0.470543133566,0.377771686328,0.438277952759,0.299700822096,0.432062017698,0.354980645199,0.441566240003,0.383613753068,0.455408150678,0.448110354768,0.363767952003,0.293394969644,0.406875411374,0.529661785407,0.53381520552,0.506664514461,0.238276361172,0.561040063608,0.329534231987,0.525372429923,0.512937372087,0.388060127706,0.53821919111,0.668760890093,0.390021037777,0.60469027422,0.467232064917,0.483115206173,0.302753376471,0.469633230132,0.308568142569,0.519077984148,0.30566027178,0.61116626109
1979,0.691707048165,0.427029897963,0.648437029462,0.515318324832,0.433759708987,0.386797073819,0.286651792212,0.577131489337,0.523983825362,0.529603361881,0.443992006294,0.385741597716,0.544840488463,0.475937211631,0.623277373201,0.567384969078,0.460474686819,0.709467766442,0.462230824308,0.717567657432,0.38480875394,0.500882039383,0.49102002425,0.624548941798,0.447104152149,0.448465831314,0.370057826442,0.411176665656,0.515697600286,0.559611801102,0.627948141902,0.426044422053,0.341248133557,0.601342395236,0.567436500648,0.596056316936,0.552404016665,0.344607455225,0.428756564916,0.588556984719,0.549085669218,0.508011747205,0.521300859326,0.364664934615,0.5462462136,0.477947837612,0.535688969269,0.611560460524,0.709175521718,0.565382690678,0.687600287683,0.618532015686,0.54709678047,0.356830722464,0.571371891676,0.643972979781,0.64074855839,0.490366872308,0.48388950253,0.389147301155,0.55415129362,0.540711922054,0.382226644762,0.462161961378,0.48072688715,0.369239460019,0.487178144098,0.406861826587,0.469773433857,0.325845584118,0.462590897033,0.385923407139,0.478464609823,0.415479287375,0.486056027451,0.472855748552,0.404122263599,0.316394041715,0.432073006422,0.564709583528,0.560867890296,0.533198102248,0.278395869148,0.598264846378,0.364068429518,0.553997737416,0.53583994133,0.410378522851,0.573164833392,0.705309294324,0.426044083913,0.631812265365,0.50248254664,0.514526216736,0.330547341245,0.500460397997,0.338946189799,0.551657095243,0.335084205658,0.642918872001
1980,0.715552957241,0.453407799688,0.677065701722,0.534788843311,0.45266781418,0.410661413313,0.308726368804,0.597907840322,0.544101502296,0.547968848759,0.465252024775,0.411648149816,0.570136063336,0.502158872532,0.650778876091,0.592227798814,0.481104604195,0.732827937274,0.49259158445,0.743565307729,0.402025065883,0.516195254721,0.512698256228,0.651927178613,0.46814790127,0.468382114704,0.392777092842,0.438020894071,0.538602383775,0.591245093554,0.653807489685,0.451445283666,0.375658588377,0.623950271169,0.592433719185,0.622457491301,0.574776429836,0.365013152199,0.448705850557,0.60695597816,0.575260022537,0.526147761429,0.549426921313,0.381242697518,0.566455759313,0.496670812862,0.560123064557,0.634178078361,0.734503894158,0.594269552626,0.713761234185,0.642474548825,0.570064895483,0.377496424061,0.592731210791,0.670759006929,0.658227953502,0.514465722966,0.510532754774,0.408191856968,0.570617830992,0.563728602094,0.406417510013,0.485801632973,0.499589027824,0.389148624043,0.499088761574,0.428543193628,0.494336951605,0.345235416605,0.486741178068,0.409668296085,0.507096895523,0.437547519217,0.512151248565,0.491110635178,0.43406815789,0.334049722085,0.448552090558,0.587222017297,0.579618205371,0.55098943839,0.307872027318,0.630836052485,0.389064722401,0.573407587412,0.554132562523,0.427421112313,0.602925913704,0.732031096825,0.456075248807,0.649068096987,0.530424290479,0.535908493302,0.35066564357,0.524365198242,0.363805654916,0.574894367833,0.355567822907,0.667097171903
1981,0.733252028817,0.472469143913,0.697838590006,0.548380063713,0.466265403487,0.429552017589,0.326166736357,0.614169676512,0.560865213342,0.560682988732,0.481703275475,0.429933078966,0.588382578434,0.522616243821,0.669594376995,0.611395882165,0.496231247928,0.751220785256,0.516467701303,0.762605243959,0.415394285911,0.527756433946,0.52736953374,0.674864882907,0.484113083707,0.482631021674,0.408906339101,0.45472213938,0.552821273187,0.613529384792,0.675857776427,0.471433696664,0.401213706551,0.640102655918,0.6114296497,0.641972848016,0.588277952645,0.37946699987,0.462594824272,0.619441539244,0.593132826097,0.538661323678,0.571254466095,0.391658990663,0.581684625205,0.511419247039,0.575354704157,0.650116912725,0.749923016055,0.614033753808,0.733541636474,0.658708126541,0.586101113746,0.391066417133,0.605567514594,0.689928487277,0.671530383558,0.530916375003,0.53257673144,0.421609635456,0.584109077799,0.582160036303,0.42391748173,0.501961288788,0.51286160518,0.402837476627,0.509378594794,0.444716254579,0.511307035217,0.359659261,0.504446968849,0.429294729967,0.529414326761,0.454490811316,0.532167266217,0.506401943746,0.453061776015,0.348385387175,0.460107739586,0.599670547943,0.592723755416,0.564083608656,0.329292171841,0.655907522654,0.406819389182,0.587840492575,0.568694346184,0.440293579235,0.625937242141,0.750383299146,0.47753817983,0.662530327258,0.553468567289,0.549977354873,0.365695671616,0.542407693196,0.385542364303,0.59191029543,0.371362935959,0.685443563582
1982,0.728854895755,0.470162558348,0.697282882464,0.543426476961,0.462180348643,0.428069874453,0.325138959233,0.613775856465,0.550333924564,0.556729721026,0.479347636113,0.425654518915,0.586475355531,0.524977363121,0.665343238339,0.602197063371,0.485446292691,0.744647670966,0.524033588693,0.763969969196,0.406104287446,0.519027812233,0.523094959103,0.683283509477,0.481014112972,0.48192262045,0.402832227781,0.442531043566,0.537991556396,0.605795028257,0.684754964822,0.475079024843,0.407200097499,0.637574703784,0.613033224269,0.644439676322,0.570163059733,0.378568042611,0.454066959675,0.607459107809,0.588581060358,0.536000004808,0.57580126447,0.3807279103,0.579658433497,0.501785688446,0.566254700673,0.648749102187,0.738470726346,0.604578881097,0.731809721564,0.652984480305,0.581680963625,0.382021323548,0.592111340318,0.686996130759,0.660352718531,0.522170806154,0.53304277419,0.417943101228,0.565387900318,0.582533573309,0.421979039478,0.498127943271,0.505868660976,0.396743725545,0.503947466037,0.442403890349,0.508162331716,0.360528301966,0.503691391373,0.430696248319,0.529498642264,0.44967081599,0.535338100673,0.502016145107,0.443595148862,0.350239715445,0.452069490379,0.581720343108,0.582973165574,0.554964076851,0.325367838113,0.662879002994,0.400466805705,0.583540721141,0.569380540395,0.43952239344,0.630038084773,0.744999108323,0.479962721951,0.650169200088,0.553669989613,0.540514974036,0.360930696181,0.541895318088,0.391332324882,0.587331010982,0.361907922779,0.682442634289
1983,0.696554313616,0.438950582727,0.667135003273,0.514546368662,0.434544204946,0.400071665527,0.305622424932,0.593199441201,0.518946148855,0.52755746443,0.454731556375,0.395558036424,0.554722325365,0.499031387187,0.632972940039,0.567154347572,0.44659448346,0.713311832159,0.507698186829,0.744301412975,0.365604090929,0.483580472829,0.492636071983,0.669109909588,0.450125198522,0.458353166952,0.370424064577,0.390820865162,0.493277747529,0.567352228734,0.681150046307,0.453494233836,0.388477498877,0.611576377009,0.587139569235,0.622275144161,0.509396061627,0.355428076337,0.418718746369,0.566140102495,0.553602238397,0.513705078227,0.552492004443,0.345597361282,0.554707753318,0.466840345153,0.529098207549,0.625457065657,0.69455956207,0.559127915214,0.700693392712,0.61994475785,0.54674824591,0.343197879145,0.548576494759,0.649082249501,0.622447003664,0.478915318077,0.507185831593,0.390515802107,0.520903804603,0.557072575763,0.394813090501,0.468473256742,0.476380318209,0.361711520923,0.485965885187,0.412085642031,0.476180016124,0.343304439221,0.47412960045,0.408094840291,0.502740103715,0.422046583433,0.512878863773,0.475714609532,0.394148613415,0.335410116507,0.424095452447,0.523557321367,0.543392247233,0.523066310951,0.288740664979,0.64261764915,0.36258863012,0.563962976717,0.54662627811,0.418760852367,0.603985078705,0.710406019566,0.456882489353,0.612855727063,0.528216887531,0.503136319261,0.328794007225,0.515420925197,0.378858376995,0.558924280439,0.324206084122,0.650487261887
1984,0.692947624184,0.432396533949,0.65483300763,0.509395254786,0.430677942525,0.403383273944,0.315027620694,0.593690362997,0.538216311917,0.523072959139,0.46322182001,0.396089630141,0.540239372034,0.493405807247,0.62632615216,0.575263889655,0.4487929855,0.725539056547,0.497909756365,0.739090719709,0.371317883116,0.485503148169,0.491912982303,0.663322962431,0.452862428672,0.448839757042,0.370359477103,0.369687067671,0.493110075269,0.562708439997,0.69149328392,0.449612362535,0.385608417672,0.606295812338,0.575866962272,0.613353332583,0.50469110758,0.358877248895,0.429077940597,0.567978136075,0.54604237446,0.51368414613,0.545949742872,0.348523168709,0.554505197661,0.477027955362,0.522022602267,0.621289979743,0.679212270272,0.552232596952,0.691675826169,0.612821305172,0.53797733667,0.337624048473,0.541034986181,0.628886287265,0.634705075757,0.469343668164,0.507520650569,0.386152339834,0.543563976877,0.555264270514,0.397460133507,0.468108808137,0.482426401592,0.363858223897,0.501025087566,0.411632403407,0.4615856922,0.350096574108,0.46387428391,0.415328817594,0.499435132734,0.430896096523,0.500531744043,0.490517588247,0.372277226532,0.342407556674,0.428067420377,0.510151657139,0.544055306789,0.528061902533,0.288937069729,0.632214567435,0.358100930908,0.571696522677,0.542608869308,0.418827462559,0.590184928619,0.704867216767,0.444548617732,0.629218536799,0.529571484982,0.500633776281,0.330237185086,0.51350846866,0.388497499053,0.561660544808,0.329311578433,0.644970401293
1985,0.724167060615,0.462774038194,0.678837624894,0.537341913843,0.457921869229,0.440645880391,0.348196871674,0.616518462846,0.581694210842,0.556031538115,0.50167217631,0.429303141972,0.562838492908,0.52554973394,0.656333036958,0.610776440012,0.483723167748,0.766209271793,0.511403436577,0.759254720047,0.42132316619,0.52496626257,0.530531548539,0.68168645401,0.496038726094,0.468758392219,0.406011959994,0.400349930725,0.535998880782,0.592904999842,0.713485567294,0.477095767193,0.410913532783,0.631384547983,0.599217286473,0.633876531476,0.563392053105,0.396053239687,0.478494080638,0.611467721161,0.580028989103,0.541744523844,0.575489201514,0.385898550808,0.58609454075,0.520279120465,0.552600781078,0.646210792078,0.706282412717,0.593244835134,0.716918462275,0.642330524092,0.571885181398,0.374522940782,0.574921642925,0.651769961323,0.680967365007,0.507486573333,0.536220595648,0.414957390938,0.591126483187,0.585936114159,0.434786020526,0.504588142545,0.519801044625,0.410141815296,0.52830369245,0.452249897444,0.482679804938,0.383656291517,0.492021433752,0.453827511952,0.525710595284,0.468993438861,0.516658883056,0.533156065664,0.40194639566,0.37162884082,0.459112740525,0.554523413405,0.588454615045,0.562192448133,0.33147488429,0.651063004155,0.396470876789,0.599882070706,0.572693755105,0.448117473902,0.611044846058,0.738905817486,0.458806197403,0.677520458057,0.557446838672,0.537193087706,0.370328185059,0.546806452174,0.41736313373,0.595085723543,0.366772130645,0.677603472583
1986,0.752855134347,0.4940780011,0.709166827071,0.565627204162,0.483974554149,0.473362635412,0.375516307506,0.637227645566,0.610288369103,0.589300503089,0.532942746525,0.45883362041,0.592243702434,0.561838462518,0.687831975372,0.637697780404,0.51119078691,0.795374045239,0.531612350816,0.783475803466,0.460233774069,0.556541227852,0.567310879484,0.70604945801,0.534653580521,0.49337496511,0.437894839525,0.436169540332,0.571927550498,0.623992548434,0.734692430559,0.507446845788,0.440137067616,0.657944519684,0.629356052149,0.660075423046,0.613143799716,0.430533308097,0.515939685034,0.645547228051,0.615391097751,0.568250016488,0.611134918596,0.414558806446,0.615687529951,0.551423515662,0.58192381153,0.672938654731,0.735927540436,0.631643286905,0.744287593517,0.672591717595,0.608320496254,0.409504506867,0.605857600102,0.683450122262,0.711923451412,0.545948325473,0.562887577448,0.443855372267,0.617410781131,0.616356154402,0.468624380445,0.539238805205,0.549186628849,0.450861335933,0.544867079073,0.491163916556,0.509944535864,0.413395256019,0.525556233043,0.487653928451,0.551742244575,0.498656331777,0.540028287584,0.563386044726,0.438602680493,0.396899468874,0.483216400239,0.595867433351,0.625604400758,0.587450985871,0.370173019476,0.677305941673,0.432976613049,0.622422325479,0.605759499024,0.476719789671,0.640314472385,0.773313480895,0.479518213397,0.708807806689,0.583684721914,0.569362773766,0.405395566766,0.580150390434,0.443063809787,0.623409743814,0.394531212291,0.711009988257
1987,0.779202736454,0.524188462533,0.739615515454,0.591020809947,0.508018747967,0.504749457832,0.403079975163,0.658601438509,0.639934408152,0.618862420778,0.562740645005,0.488740290072,0.621873292838,0.596890169443,0.718124772565,0.667330455487,0.538627294801,0.82432273001,0.554796427499,0.808287624424,0.492974357719,0.581865765212,0.600553931619,0.731740673412,0.568568404851,0.517867792787,0.46801155458,0.469962241165,0.604160936363,0.658819917563,0.758654322831,0.53842506766,0.472000486965,0.682949328778,0.659577693186,0.687367951042,0.653933325327,0.462697826189,0.54972154868,0.673625581276,0.648287324693,0.592593474072,0.646972096397,0.440022303343,0.641866093452,0.579161030441,0.609227159961,0.698682513559,0.763849834759,0.666505895637,0.771693464813,0.700892637074,0.641810158627,0.440739967945,0.6333781124,0.715603595348,0.738985416908,0.580528225923,0.590911353292,0.47021357472,0.645199965158,0.646000371028,0.501286230827,0.571644072438,0.576266820609,0.486278332359,0.561600791822,0.525898987557,0.537601472681,0.441488808344,0.558348290471,0.520109722972,0.579543192905,0.527390061162,0.565308392636,0.590646095904,0.474638389237,0.42157430245,0.50494328336,0.630854198968,0.656149093901,0.610323009144,0.408043206795,0.706578648338,0.466231751968,0.644821304418,0.636294996579,0.502388464007,0.671368021149,0.804981126726,0.503331050612,0.736936920141,0.612712999267,0.597895944478,0.436164164741,0.611190804211,0.470960567057,0.650422359547,0.422368228127,0.741714653826
1988,0.811101858084,0.560366925639,0.775677453746,0.620025844183,0.536583187931,0.541854790117,0.437839416126,0.685680097443,0.677916855853,0.649798482434,0.598159715245,0.527466025483,0.656832061855,0.635895919692,0.755408540042,0.705544973374,0.572287543203,0.860143292197,0.585159398341,0.838883950274,0.528062697021,0.609204879876,0.637252673295,0.762463262456,0.605124899152,0.545911239219,0.5050476688,0.510587199762,0.643962367285,0.703717760412,0.788184504492,0.574883153026,0.513744097884,0.713020021633,0.693576591377,0.720170188102,0.698437902175,0.498477236075,0.588455840116,0.705596433713,0.686265975326,0.620600314741,0.68739907412,0.470623008457,0.671031530209,0.612451129673,0.643726143761,0.729031925124,0.7989694477,0.70899447806,0.805181983496,0.734796670892,0.678777946446,0.476378552493,0.667821608226,0.753067761417,0.770042066852,0.620193569757,0.626712427919,0.500100639253,0.680190417203,0.68016499231,0.540328420646,0.609468530068,0.609315886069,0.52403298496,0.58132601983,0.562652524124,0.570968118513,0.473354528697,0.594886033205,0.558274039904,0.616914654933,0.562615181918,0.596505376742,0.621396611486,0.517928591833,0.450543478076,0.532037705531,0.670410706032,0.689332945139,0.638819284125,0.453222827552,0.743583954986,0.505247933366,0.674158183313,0.667561025065,0.529779097396,0.708439573117,0.84254670684,0.535794948115,0.770408146598,0.650026979499,0.631812390504,0.470444924542,0.646212182639,0.505570018457,0.684144809554,0.457215855668,0.777129291722
1989,0.847226085586,0.602123053168,0.817001803594,0.652261920149,0.569174418387,0.583702906604,0.478871170738,0.717053765363,0.721372567592,0.680516333748,0.637873185269,0.574284773474,0.696729063588,0.677751930515,0.799611035431,0.749946257105,0.61011427903,0.899733446355,0.622822214539,0.875782440335,0.563933087643,0.63688833386,0.675645535331,0.798449767973,0.642617284908,0.576344866175,0.548856055957,0.557756052746,0.691054210104,0.757602503786,0.822358776786,0.616332205942,0.565501273322,0.747947537273,0.72981308354,0.757859813367,0.744213950038,0.536268556249,0.630262352899,0.739692831797,0.728016364423,0.651307571569,0.731026355363,0.50490920405,0.702155593851,0.649589296398,0.684500301935,0.763820430213,0.841587609744,0.758047481854,0.843478090335,0.774293410695,0.717724261868,0.516258685386,0.708676306764,0.794405944904,0.802297480993,0.664517466841,0.669500847866,0.532619533507,0.718596853453,0.717804718456,0.584676669919,0.651899989593,0.646725437378,0.56225063401,0.602175014232,0.599799944348,0.609688115682,0.507666669404,0.634117166347,0.600836426251,0.664158428121,0.602726209129,0.633367905198,0.653353229334,0.567614300169,0.482376248248,0.563381701539,0.712750485715,0.723316577456,0.67159684669,0.503852759603,0.787699495395,0.549466335352,0.709146714531,0.69826142005,0.557848741645,0.750341799609,0.885338815381,0.577200097726,0.806606720794,0.69499142109,0.670412703299,0.506802600189,0.684135629239,0.545849561187,0.723778002815,0.49677485312,0.817207187027
1990,0.87830342936,0.639713511912,0.854245432434,0.679558509352,0.597780573731,0.621168039816,0.51293724043,0.744854495925,0.753270487128,0.707420044696,0.671949897457,0.614131848375,0.733276347356,0.716573563995,0.837316317586,0.785153119329,0.640636034442,0.931760406022,0.660066331287,0.908504954432,0.595476026705,0.659677868999,0.709068167499,0.833438126295,0.675900413298,0.604169599307,0.586152035884,0.598373472346,0.726513244101,0.802534875784,0.852778061329,0.655663951383,0.613985789277,0.777971560544,0.763278934686,0.792900550692,0.781459088311,0.570387615066,0.665113285733,0.767102294519,0.764536943055,0.677750664968,0.771747583577,0.53236797047,0.729304882439,0.678941270633,0.71804898455,0.794127507369,0.877153877642,0.799292132753,0.878094580466,0.808233845071,0.752022844051,0.549931692296,0.740831957591,0.832594980755,0.828368984273,0.702609281202,0.708057676617,0.561298946911,0.746334158984,0.752396956561,0.624041851071,0.688324344099,0.677233061876,0.595354459037,0.61838113124,0.632721464848,0.644753621755,0.538478850083,0.670020062013,0.639167670711,0.706568567199,0.635340845453,0.66860210898,0.680451198978,0.611441771392,0.5114823496,0.58753334179,0.746973945667,0.751589828479,0.697128200444,0.548140172407,0.830750213843,0.587818376608,0.735477578651,0.726312819485,0.582770061047,0.790317657642,0.92132247317,0.616476121876,0.834432720769,0.734921602655,0.701998186457,0.53874211099,0.718043342588,0.582735135871,0.756706224976,0.530208175481,0.852441765147
1991,0.863925381007,0.631407338011,0.850420251886,0.668185316264,0.587325571596,0.61099637705,0.50488006237,0.737851882712,0.725995008059,0.694344809738,0.659472703131,0.602281097144,0.729111372946,0.714657936872,0.827320596558,0.761834536507,0.61518199186,0.908886138857,0.668583211539,0.909229803286,0.569692441221,0.635787688522,0.69588103752,0.841361847858,0.66105593104,0.60005479828,0.572967225789,0.579528573785,0.698464675547,0.787748449985,0.857656864182,0.656616108214,0.621979356705,0.770520508271,0.761170014565,0.793564784552,0.742036716818,0.562502932834,0.640526451842,0.739402159464,0.752415234338,0.668637606228,0.773216270618,0.508594881727,0.719085584988,0.653908053919,0.701259187106,0.788424834738,0.860163002203,0.778682268636,0.870078562294,0.796932192453,0.739591054318,0.531311503536,0.717436898517,0.825787062748,0.797290863721,0.684771897346,0.702301916897,0.551598959535,0.702058493899,0.746551218068,0.614895348953,0.676418788758,0.659214730695,0.574913776103,0.600460489986,0.61917116892,0.6390201565,0.533040254959,0.664673563949,0.633187655599,0.703148812937,0.618030940839,0.671667060768,0.660813676939,0.596316784577,0.508268457587,0.569100171436,0.713120600586,0.727173472633,0.675152095988,0.532632453571,0.838448207254,0.572824956225,0.723800195261,0.720865757529,0.574998910312,0.792771437853,0.908288525973,0.620255312746,0.802318688269,0.729280078788,0.681786296975,0.522866640432,0.710469403793,0.584496445702,0.742803144841,0.506893001462,0.842690301072
1992,0.773991848586,0.543192244295,0.771045343037,0.591507271225,0.510488588782,0.52262684873,0.437369039356,0.674931550186,0.624941519676,0.609081267631,0.57683941776,0.511489412643,0.647089765528,0.635003832578,0.7393870142,0.657180392026,0.507013120936,0.809582627309,0.619581101816,0.856115412289,0.450491352795,0.536608153809,0.604149201244,0.794171847949,0.564410961083,0.534900370107,0.480644092203,0.454538458973,0.579027655294,0.681498872511,0.82528857325,0.585766303425,0.560983363612,0.700467251248,0.687902222208,0.729760343644,0.577417073512,0.483717805187,0.528844616244,0.626175412403,0.655827623306,0.601800980736,0.698026558495,0.409292488475,0.644976783906,0.551294839699,0.605327463429,0.722419145741,0.755879358873,0.656800006667,0.785409971051,0.709905774926,0.642262561393,0.426017657524,0.608339109131,0.728636571058,0.685010066985,0.570236852324,0.622873731345,0.474911962605,0.570144000238,0.668514952773,0.527704705749,0.586340928532,0.570408180084,0.465218595828,0.540901175501,0.523522717133,0.557424055861,0.469758474649,0.580341168196,0.555290732561,0.623979994762,0.528634119588,0.610425996749,0.573977503461,0.473987908642,0.453088816748,0.490239442743,0.565995066175,0.616590909051,0.585110556059,0.420196370001,0.776113140626,0.468577582098,0.66229542361,0.649484574181,0.509709112805,0.718674432335,0.81499056683,0.5594475332,0.690086463324,0.650381443699,0.580124334612,0.427163821417,0.630288436971,0.531313833673,0.658224281853,0.398888866969,0.754335501956
1993,0.740590578776,0.501228535175,0.721409071534,0.55988982885,0.481067481112,0.499445977461,0.433454441691,0.65525976373,0.641783492262,0.569366288578,0.565223160096,0.485777725325,0.593999620393,0.590426211937,0.700784197382,0.650036501068,0.487145403622,0.805234093202,0.578282168924,0.828146199835,0.42890709907,0.514008159671,0.569184881335,0.759855887069,0.534538945082,0.492573046868,0.455232446599,0.385853210026,0.553987049946,0.646719769975,0.823541865338,0.547307538981,0.527006531085,0.66919862758,0.637128029942,0.686772925157,0.525360757979,0.456798037436,0.515389139809,0.601815684339,0.609251824301,0.578160195849,0.650112711575,0.390334642064,0.618808727161,0.546898429901,0.566847665927,0.692230250048,0.705183461841,0.610965942561,0.742208005345,0.672724248051,0.592465301394,0.387703018702,0.57172574659,0.659020635514,0.680906431045,0.521415390396,0.599138745522,0.441439696569,0.592873920759,0.637083118685,0.501028594755,0.555161288327,0.557670013062,0.430580085506,0.556257445428,0.485526324291,0.505133312662,0.454840742482,0.528922387897,0.539263909774,0.594577875527,0.519480935044,0.563959946544,0.576530997558,0.399935541806,0.44304379047,0.479116169657,0.505251202125,0.586826605451,0.574511572313,0.382196522688,0.726008018787,0.429743717414,0.659849875264,0.611174271049,0.483960165038,0.661508291262,0.776768975699,0.514735794437,0.69718187104,0.629621821279,0.54893563091,0.399174300516,0.596730844658,0.526002073605,0.639123331978,0.38422071843,0.717277053688
1994,0.796203962999,0.555032351196,0.760097357735,0.610985904926,0.533370365976,0.567687566396,0.496661930272,0.696084584733,0.729565115,0.624833623736,0.636768911834,0.552533006752,0.632571763986,0.640365194887,0.756932586605,0.719915255418,0.55552525549,0.880075846879,0.59569658646,0.861895333121,0.525363942716,0.588025060021,0.637694815483,0.78498660699,0.611013979668,0.523814948163,0.525636676564,0.447787176935,0.64330980568,0.704823464757,0.854770359557,0.591561611815,0.569199205467,0.714352738151,0.670140345479,0.717528165152,0.639448427623,0.521484166881,0.612142845664,0.686529538129,0.668421700587,0.628718208041,0.692934291432,0.466511528289,0.673022196565,0.631329065267,0.625952286353,0.736686713767,0.761416792418,0.688723519292,0.785113241189,0.729277817157,0.650725741109,0.460949704862,0.643313688606,0.694880670503,0.770046731689,0.595183070916,0.651158225882,0.492684721777,0.692566857593,0.689498196491,0.570468151554,0.623687328401,0.632328824748,0.515174095062,0.60822260534,0.553776886703,0.54196636141,0.514265873101,0.574103681366,0.607414808483,0.646472920246,0.591082235963,0.587798186842,0.655339406572,0.456438499035,0.494854862876,0.540638697516,0.593333517098,0.669563592097,0.642251485086,0.458417637233,0.749951390445,0.501791080781,0.712359593019,0.656763552273,0.532829533662,0.689230322368,0.838423081187,0.539191548558,0.794213614267,0.679648460452,0.6196098974,0.473466055073,0.65336331529,0.574491372654,0.702693897193,0.45998839068,0.776103622776
1995,0.856735500367,0.624030623626,0.821132239009,0.670918502926,0.593351971102,0.638275029818,0.55281047414,0.741575937644,0.790311656388,0.697055997133,0.702918513055,0.622645715837,0.696517881751,0.713079009555,0.824924351813,0.780287324268,0.61862234432,0.940184216106,0.636272604531,0.907299626535,0.614624657336,0.656973542246,0.719325989894,0.829495355311,0.694513437873,0.577097586934,0.597186969052,0.535032782865,0.724755422933,0.776163499951,0.889176258184,0.655011014108,0.629877770584,0.769492264228,0.73000806108,0.770678917906,0.758001023815,0.59663694345,0.699228793762,0.764389865711,0.745405469478,0.68644470941,0.76258503877,0.536783756365,0.732847849882,0.697109020838,0.693286002214,0.793337868102,0.832618660592,0.773879803518,0.843369645538,0.797112458607,0.730323751606,0.543094534649,0.718287430149,0.765028782363,0.839151203854,0.683645506546,0.707054398953,0.555763592229,0.756916969274,0.752836625824,0.647222184109,0.701305857355,0.700432040626,0.608085137378,0.642196313073,0.635201889256,0.602628497668,0.578520679936,0.645832351024,0.675802248128,0.705832104913,0.651857308558,0.635832146731,0.716949639869,0.545496419328,0.54816152146,0.593332951097,0.696181272771,0.751570498021,0.697996054001,0.543015164973,0.802346603944,0.582686578768,0.754562242169,0.721651555339,0.591395165262,0.747700128642,0.910110829485,0.586619647818,0.864465401278,0.733309177588,0.691392706761,0.552197872068,0.722417721307,0.62322903451,0.763338239931,0.527931073692,0.845366959036
1996,0.899760029128,0.67879522641,0.872071083167,0.713765694891,0.638095697518,0.691406786682,0.591549214761,0.7789510843,0.827098265336,0.754426866422,0.748575470673,0.674567783352,0.752127080411,0.775627773395,0.874767467889,0.824463762226,0.66332363139,0.979937962551,0.677601180024,0.942773603544,0.674126456794,0.700007766711,0.782042598604,0.871193312375,0.756108277513,0.625463044804,0.646493942608,0.602704149538,0.773291635513,0.83470507509,0.91992046814,0.711279621509,0.682932966563,0.810089478114,0.785450165955,0.818871390593,0.836592430711,0.655328963755,0.756723914848,0.81267192725,0.805506571849,0.729215347952,0.825641658081,0.582340824194,0.775696910764,0.735257368018,0.74047667841,0.837495299994,0.884340313034,0.832655684716,0.891896540477,0.847340089514,0.794289022858,0.601529741549,0.767389422364,0.830048995254,0.880967553493,0.748760144146,0.751903552128,0.604032670629,0.795514791456,0.804783304298,0.706176725476,0.758587935034,0.745639393125,0.675705073694,0.663476363209,0.69756414521,0.65447082786,0.628164479183,0.709268462552,0.72647340282,0.752973948981,0.690826298246,0.681372237886,0.755955011863,0.620349975363,0.589896376044,0.624922057367,0.768908461479,0.805267494401,0.731392604916,0.607767960441,0.855345263614,0.6408301402,0.779701116708,0.776618709609,0.636448908913,0.804713065483,0.960850444705,0.630997360353,0.904954498629,0.777298683799,0.73846346879,0.609172345818,0.776366956929,0.66413904909,0.804107156489,0.577615845621,0.896067344
1997,0.933423748778,0.724228872698,0.912613513674,0.745065110718,0.674239341116,0.737337809469,0.625656655932,0.812975100794,0.860028061769,0.798698477219,0.786591463411,0.719681965123,0.798224742903,0.828053771797,0.913230943869,0.864435349319,0.700451206643,1.01350764212,0.716622076576,0.970993086293,0.719922537651,0.729486003165,0.830958586604,0.908659221998,0.80417317394,0.66659129261,0.686101575197,0.654539941358,0.808131493007,0.885280556877,0.949492438035,0.762062241723,0.730591010796,0.840962730103,0.832821006409,0.860237961977,0.891060129383,0.703181785088,0.801813310845,0.846553995173,0.852339079667,0.762315888465,0.879659092891,0.617255299737,0.808025202056,0.764375528876,0.775912321049,0.872521425818,0.923162178888,0.877027531105,0.933371497837,0.886490558274,0.844244869081,0.645701143956,0.802946930374,0.885642204245,0.912825243746,0.798373480237,0.793508335271,0.641663677981,0.82896347695,0.850089213757,0.756293271704,0.80364334462,0.781893117543,0.727050227444,0.681748685239,0.746071459887,0.696822907791,0.669772554855,0.762686007484,0.769827383336,0.796572154136,0.722911894602,0.721715218996,0.787157134835,0.68080527548,0.626959633601,0.648628602363,0.820791389236,0.842982862803,0.757177893764,0.662255346811,0.904987114309,0.685763258785,0.80041968411,0.821270065386,0.671460628828,0.855724233956,0.998022005643,0.670789184064,0.936577988482,0.818599647555,0.772911109894,0.654027617034,0.819781425837,0.703899480001,0.837204506973,0.622051085062,0.935188856057
1998,0.964347725531,0.766539493424,0.948086146247,0.772141293695,0.708117247961,0.781806009733,0.662056573311,0.846433305526,0.896103139561,0.833575232281,0.823782376054,0.766061513702,0.839514968163,0.874245115826,0.94990783805,0.904885827434,0.734829478406,1.04632570726,0.755219096442,0.998243908742,0.759506168802,0.753108400558,0.87215361787,0.944824181456,0.844946432536,0.702122489466,0.725752611698,0.700369356941,0.842812598614,0.934440773004,0.979628922378,0.810808931677,0.779847979881,0.869485615314,0.873339378208,0.89778701156,0.934041195816,0.745469515686,0.842491720423,0.8753316177,0.892647688575,0.79149669949,0.927693834372,0.649202871468,0.835893536072,0.793251696819,0.808833513763,0.904191307803,0.959059319411,0.918597807519,0.971687053263,0.92273036476,0.885862769722,0.684917626058,0.836493930581,0.934097265924,0.94072506561,0.842471317205,0.836778729218,0.674371165614,0.862426972182,0.89240658369,0.804385867683,0.845070261884,0.817162932124,0.769174016959,0.69933208195,0.785978621257,0.734717225714,0.707816625266,0.808925410352,0.812363658578,0.844041755303,0.755546631439,0.759630340672,0.815767909013,0.733804902789,0.663052046091,0.67224761643,0.861853549585,0.873468959825,0.782765975051,0.712855575162,0.952838677754,0.726843201684,0.824075798667,0.857728129136,0.700490356307,0.902149815213,1.0313897744,0.710486540364,0.966825793298,0.861561983883,0.804421835709,0.693569319655,0.858178509111,0.745565766519,0.870512797024,0.665671247608,0.971165450172
1999,0.994130425459,0.80811055077,0.980528563498,0.797434665984,0.741658070029,0.826396860003,0.700422931965,0.880074749615,0.933282763308,0.862992445265,0.861295333638,0.814417462915,0.877916580632,0.916969783667,0.986517288251,0.944998656399,0.767539436026,1.07855246038,0.793829351758,1.02539750188,0.797036290012,0.774459795741,0.909736736197,0.980581270599,0.882845992682,0.73396446346,0.76660534492,0.743350259199,0.878263995979,0.98283642315,1.01013422094,0.858818868892,0.831524176684,0.897483037571,0.908725891767,0.933021666706,0.972298677611,0.785354710922,0.882510352926,0.902400597293,0.929777908779,0.819305795897,0.971663596728,0.68090998329,0.861646035955,0.822276804587,0.841397573963,0.934637976189,0.994319160431,0.959427179486,1.00789577787,0.95817673863,0.92287380593,0.722573112415,0.870305701839,0.977349369668,0.967260123373,0.884597793013,0.881295841413,0.70498351407,0.896523691731,0.933046157318,0.852786561424,0.885520923585,0.853103850672,0.807297948115,0.716882166592,0.821281068867,0.770101720349,0.744969464513,0.850629368446,0.855350418794,0.894722016555,0.788188702598,0.79597319469,0.84349228268,0.782609279552,0.699515916166,0.696428779958,0.898144658601,0.900865779474,0.808672858571,0.761670230122,0.999540593311,0.767104109916,0.848844541717,0.888744120595,0.726472644176,0.945125494442,1.06338177912,0.750942624756,0.997142281114,0.905329710027,0.835125330045,0.731543819527,0.894121957978,0.788858438175,0.90451795643,0.70979656133,1.00603849552
2000,1.02238312199,0.850027966106,1.01017988245,0.821291007717,0.775633753674,0.872762764041,0.740503184265,0.913466240228,0.971306910013,0.890747221516,0.900675584782,0.865250154107,0.914391798788,0.958861484342,1.02265002,0.984923141114,0.799105939691,1.11034173485,0.831904054932,1.05107938386,0.836564422499,0.794821545133,0.947632617552,1.01565589431,0.92145537077,0.763860881962,0.809203633318,0.78462464321,0.913724346425,1.03060824881,1.04076824408,0.908274264894,0.885460846997,0.924140396629,0.940718550341,0.966692799762,1.01012587502,0.827065492471,0.92535119167,0.928930716696,0.965512664162,0.847097209638,1.01403282462,0.713970553811,0.886501962491,0.851378712654,0.872934082798,0.96446952039,1.02791021697,0.99959297705,1.04199485492,0.993190012892,0.958132178605,0.760945059377,0.903252286407,1.01710451634,0.993848953371,0.926542138881,0.926728005252,0.735186018522,0.93114540833,0.973702334669,0.904086482743,0.927316135182,0.890545866639,0.847035193287,0.73433834983,0.856347061663,0.803724767937,0.784232331567,0.890874737826,0.900029372752,0.947723484498,0.82180655359,0.830900746643,0.871860678751,0.829344329838,0.738073152817,0.720261384369,0.932341048235,0.927593097306,0.834106924616,0.811223451775,1.04559057635,0.807584127736,0.872803762614,0.918126035926,0.752062702033,0.985522801879,1.09355803103,0.791273326503,1.02822507428,0.949633939086,0.865626577985,0.770607611355,0.929549268054,0.834020414371,0.938866554912,0.755143840674,1.04011465152
2001,1.04669039454,0.887793394374,1.03475104413,0.841464063381,0.806061406197,0.915087205355,0.774572903682,0.943301567788,1.00164669079,0.915806230594,0.935080331041,0.909117312592,0.946184277965,0.99760552817,1.05269477681,1.01747230163,0.824503686178,1.13706598268,0.866332259078,1.07236503694,0.873735195523,0.812988622938,0.982285867323,1.04790291654,0.957321893509,0.79031144919,0.846018263499,0.819197310664,0.940500130368,1.06926437957,1.06741243574,0.953947657199,0.934201987667,0.94646087917,0.968830723873,0.995998932213,1.04264477256,0.865438039757,0.962794566977,0.952112929262,0.996737971014,0.871448854787,1.05180782146,0.74232041048,0.908942733524,0.875465586204,0.898843264902,0.990335850364,1.05534922485,1.03373636286,1.07171870854,1.02370063151,0.989274186504,0.79411273014,0.929651758323,1.05174360871,1.01751761341,0.963379819853,0.9674868732,0.762420938037,0.959405973376,1.0110865858,0.950715163513,0.963632300449,0.92307201627,0.883064851509,0.749925287599,0.888268728047,0.832135764049,0.820630552751,0.927249752619,0.940635211315,0.994753129862,0.849120791392,0.861738598059,0.897493945374,0.869260217454,0.774144483294,0.739255266968,0.960975248349,0.951884810804,0.85475795431,0.853816692718,1.08738001229,0.843215620333,0.891007668828,0.945656792698,0.775666499913,1.0213604528,1.11822466872,0.826143406015,1.05477146052,0.988184420644,0.890972824268,0.806915545941,0.96151038893,0.875258705333,0.967660154759,0.7955990317,1.06994855046
2002,1.06790322195,0.919960347947,1.05445954133,0.858655099832,0.8323941296,0.951920217221,0.803366159653,0.969804763097,1.02840370222,0.936945544504,0.963617053321,0.944532427083,0.972686451098,1.03163415853,1.07643513093,1.04478007535,0.845089482929,1.16011024513,0.895549853533,1.08994184206,0.906672143467,0.829613909341,1.01113335571,1.076991548,0.988634064729,0.812381312393,0.876443415551,0.846473932137,0.960322413554,1.09968400232,1.09040967129,0.992527830042,0.974461082915,0.965389507623,0.992813526084,1.01972882468,1.06880013155,0.896860889893,0.992908735854,0.972473729585,1.02259090718,0.89155430175,1.08301155256,0.76522881008,0.928871257272,0.896558232466,0.919580330162,1.01166343482,1.07752124673,1.06198838891,1.09734609076,1.04943484378,1.01534353936,0.820757360454,0.950997657729,1.08067726916,1.03850974003,0.994383817872,1.00366884474,0.785941214185,0.98518677857,1.04391546705,0.989500641538,0.99223363327,0.950499605022,0.911725335859,0.764905366939,0.914650556072,0.854534756775,0.851394922444,0.957822204839,0.976210932523,1.03498542348,0.870491847885,0.887493258107,0.920449133176,0.900518835828,0.805997029172,0.755126191097,0.983957808512,0.973493187906,0.872569995965,0.887201932237,1.12225837053,0.873668210646,0.906317222117,0.970039683988,0.796068752508,1.05168968214,1.13835953618,0.853619919294,1.0783157274,1.02156303388,0.911211106328,0.839047801995,0.988865063845,0.912390289651,0.991468866072,0.831567508408,1.09589056649
2003,1.08262249768,0.943528616743,1.06665014544,0.870195782856,0.851849078842,0.980411337504,0.822553689578,0.98991915426,1.04412387482,0.953984977306,0.983872467241,0.966673341445,0.991350268299,1.05960561817,1.0897086638,1.06020041026,0.856825664527,1.17526472108,0.916714995957,1.10020493593,0.934648162184,0.842983151816,1.0332927725,1.10056494341,1.01480634764,0.829048685061,0.896467113616,0.862191965641,0.967206565797,1.11450509295,1.10641164414,1.02199123324,1.00192690336,0.977628967849,1.0117232224,1.03591176512,1.08678942992,0.921072673831,1.01439299657,0.986924673523,1.04082185238,0.905858936352,1.106490648,0.78000307919,0.944418881659,0.910181834442,0.930784189835,1.0256978008,1.08915372347,1.07954486773,1.11595943666,1.06650106763,1.03500766249,0.838077655673,0.961888847833,1.10217818213,1.05461891005,1.01611652941,1.03030870318,0.804081344755,1.00172421405,1.07018927647,1.01820112129,1.01075004131,0.969516063778,0.933286846003,0.776337140807,0.935318241214,0.868296681703,0.875907751231,0.981253786585,1.00433452629,1.06226410109,0.882298668431,0.905772331488,0.939121532247,0.919625626635,0.83241322711,0.763766376993,0.998294435095,0.990489293463,0.882920699155,0.90884198911,1.14756500114,0.895488874966,0.912989044552,0.99138698755,0.812736119877,1.07476436134,1.15021797073,0.869946018259,1.09479859966,1.04406079493,0.922894959824,0.865515137779,1.00996351718,0.941767011955,1.00594377431,0.858909978617,1.1146450453
2004,1.09439085469,0.961024370638,1.07371998802,0.878693431342,0.866527531802,1.0032038547,0.83641807649,1.00640956056,1.05764665766,0.968902104418,0.999053222384,0.979605066107,1.00375067668,1.08274747853,1.09594254818,1.07144895352,0.864801512326,1.18863780294,0.930749710812,1.10611399283,0.959847960671,0.855426164777,1.05142826076,1.11915599933,1.0375833054,0.841623032459,0.90978828589,0.869253472969,0.96787471272,1.12071245101,1.11876399715,1.0428120041,1.01848138069,0.98575160539,1.02723600162,1.04602669786,1.10043394034,0.939849512621,1.0311530258,0.999817126539,1.05438431934,0.916626061889,1.12293784208,0.791060582046,0.95808139984,0.921386863935,0.937215373979,1.03503831604,1.09468904176,1.09109026255,1.13029406434,1.07846576279,1.05011329369,0.848814137795,0.967188754508,1.11794884616,1.07054207852,1.03116209619,1.05049258627,0.818822131441,1.01789387982,1.09176505023,1.039388797,1.02185423995,0.984387467287,0.949560356886,0.788726275324,0.951941467279,0.875074780632,0.896171315255,0.998940737356,1.02699965124,1.07955797569,0.889183848911,0.917480960156,0.956668871712,0.929379047443,0.854845234763,0.769784523851,1.00836009831,1.00628679409,0.890958510681,0.922036915155,1.16438991041,0.911743826077,0.917574909873,1.01084735981,0.82716654666,1.09175432242,1.1574595358,0.876456894582,1.11024203524,1.05988954644,0.93018049159,0.888427470284,1.02692797885,0.96582279678,1.01563780393,0.882106232187,1.12855757822
2005,1.10481873608,0.974144596381,1.07893992625,0.886379690354,0.87785535655,1.02026162765,0.846658707465,1.02012645957,1.0681601144,0.980973467175,1.00927624747,0.985791230254,1.01231162897,1.10133668692,1.09919408145,1.07789668274,0.869082948866,1.19924929873,0.94050670899,1.11180547304,0.979799551631,0.866466642736,1.06520410109,1.13479346056,1.05590863299,0.850983093496,0.918716260885,0.871524535206,0.966509235317,1.12069998279,1.12788872119,1.05513703607,1.02802470527,0.993079038671,1.04019893713,1.05226411565,1.1095437857,0.952287804611,1.04222772816,1.01135987515,1.06504991317,0.925025293604,1.13316488088,0.798720593434,0.970370516775,0.930621185417,0.942529660622,1.04212528895,1.09893205289,1.09951055916,1.14196465219,1.08813280745,1.06141997204,0.854682812371,0.971146746525,1.12951667973,1.08407165908,1.04163744883,1.0652334639,0.831014839103,1.03051279005,1.10848151712,1.05343995055,1.02727533129,0.995973320854,0.95877833733,0.800102450366,0.963190102518,0.877767619141,0.911633271966,1.01126109667,1.04446073767,1.08976957229,0.891622963492,0.924937378842,0.971419463684,0.933012242479,0.87272657629,0.774978537468,1.01583574874,1.02031875012,0.897793133517,0.927532067192,1.17485720003,0.924642067933,0.922354360897,1.02687217692,0.838868398191,1.1043891227,1.16371524283,0.877662482076,1.12325425788,1.0700377349,0.934968471694,0.907344736027,1.04039776756,0.984662197298,1.02257678967,0.900429350344,1.13980643767
2006,1.11432948365,0.984386454967,1.08341735915,0.894113542357,0.88747800282,1.03380275165,0.856033154034,1.03213151135,1.07923083821,0.990231941992,1.01690691834,0.989012319712,1.01865416357,1.11641251962,1.10206344692,1.08290690468,0.871802845824,1.20838450551,0.947299358446,1.11847826015,0.996358693225,0.876547938528,1.07598601441,1.14868444318,1.07089866587,0.857764296527,0.926097283545,0.871876492619,0.966700662877,1.11889018932,1.13566415654,1.0613492894,1.03371167972,1.00074378345,1.050804347,1.0559375774,1.11559473471,0.960044878552,1.05017397084,1.02210646372,1.07370962824,0.932099142218,1.13879587739,0.804815573767,0.981600737322,0.939650092617,0.947733911534,1.04862027235,1.10369330688,1.10669457297,1.1518473745,1.09724137491,1.07000567444,0.858689605871,0.975926888676,1.13763756256,1.09598043647,1.05024138399,1.07703659543,0.841510981076,1.04248368304,1.12184821666,1.06328357174,1.03026923299,1.00648928186,0.963337107458,0.81143481285,0.97032428465,0.87818732924,0.923854816421,1.01961749147,1.05880325422,1.09656686127,0.892462239891,0.929630403694,0.984751019883,0.933288696393,0.887505931138,0.780621052753,1.02143911839,1.0329000157,0.904653904498,0.9280669298,1.180365493,0.935868033395,0.928381595293,1.03965048135,0.848448506611,1.11349321545,1.17025355785,0.876043407551,1.13588303751,1.07737052712,0.938916922553,0.923683229757,1.0515983334,1.0003102427,1.02855283446,0.916141811065,1.15012969152
2007,1.12444149619,0.995663164959,1.08931574773,0.903483952939,0.898488139261,1.04855281145,0.868259766645,1.04459784157,1.09344498714,1.00020264774,1.02687909822,0.9952308027,1.02594172435,1.13181437656,1.10793787726,1.08975153003,0.876399439828,1.21865449079,0.953766452275,1.12711386283,1.01488797682,0.887587946095,1.08879570276,1.16270982557,1.08738614629,0.864828949557,0.936512647766,0.874677650452,0.97231048219,1.11995377129,1.14433706986,1.06729940351,1.04077427851,1.01020370177,1.06123614123,1.06026783514,1.12462768046,0.969448134679,1.06210465831,1.03440125017,1.08377192493,0.941018128243,1.14456660969,0.813777433957,0.99350087365,0.950861856425,0.955098175927,1.05726641549,1.1110602824,1.11592489587,1.16198104583,1.10849249238,1.0797905593,0.866100984801,0.984029097181,1.14550876493,1.10917627385,1.06143296907,1.08904983415,0.853176980264,1.056720503,1.13555759507,1.07547120669,1.0367758114,1.01996510319,0.970630575426,0.823386676954,0.978598213278,0.879837966028,0.938001237769,1.0285149452,1.07443287341,1.10451015981,0.895981870696,0.934363611385,0.999557786319,0.935614800085,0.903156312145,0.78847464934,1.02931830111,1.04662801496,0.913284947588,0.930722860389,1.18488325615,0.949252709111,0.936380394845,1.05232530584,0.858911251188,1.12203096805,1.17913707125,0.875580678016,1.15112184632,1.08522058563,0.94533197799,0.941725927425,1.06402223156,1.01620262547,1.03665456305,0.933268049459,1.16207791249
2008,1.1374257853,1.0118614602,1.09874120752,0.916171276326,0.913849255861,1.0687498113,0.886435936107,1.06031498506,1.11420379906,1.01491458158,1.04339349441,1.00969547396,1.03724009442,1.15164334423,1.11988833808,1.10272912346,0.886364879125,1.23365879217,0.962801961664,1.13840951294,1.03974342433,0.901848696021,1.10899749066,1.17850518568,1.110008963,0.875477266659,0.953682576471,0.883896475559,0.986042261058,1.12938298298,1.15671276485,1.07853597958,1.05457660787,1.02300632135,1.07434752455,1.06869768614,1.1426110713,0.98675462081,1.08346055753,1.05111393094,1.09924318285,0.955030937201,1.15562000996,0.82951032486,1.00831029705,0.966656957318,0.967522640167,1.07053860817,1.12300347391,1.13099606151,1.17498040532,1.12445767319,1.09513466854,0.880980488046,0.99793426106,1.15692891941,1.12682760018,1.07918778162,1.10473691549,0.86912284961,1.07706789776,1.15326084754,1.09596245244,1.05199610963,1.04022056838,0.987279100468,0.837567754468,0.993126669587,0.886041751415,0.958880124388,1.04251385178,1.09546898572,1.1178395815,0.905937823008,0.941977826151,1.01859841059,0.945288467254,0.923622594724,0.800409089997,1.04402469263,1.06473820971,0.925698527401,0.941867197649,1.19324078381,0.968281949348,0.947884787192,1.06830698089,0.873336338043,1.13360699399,1.1927258452,0.880163821439,1.17205312295,1.09721850396,0.957285745388,0.965551843869,1.08127223796,1.03589351791,1.04983070527,0.955961691331,1.17792698197
2009,1.15034758356,1.03079395639,1.11030340394,0.930253607456,0.931829712706,1.09231619052,0.907504708628,1.07641671903,1.13614638145,1.03174342422,1.063217501,1.02953694957,1.05200571712,1.17454925581,1.13590582428,1.11732075029,0.897839739229,1.2480521791,0.973727057358,1.15147497521,1.06777015097,0.916119571837,1.1329018296,1.19612094821,1.13515707755,0.888259891936,0.975313090076,0.897966739816,1.00486725575,1.14344217613,1.17043990191,1.09527372935,1.07342880815,1.03716730807,1.08871925756,1.08010600265,1.1634369251,1.0089112916,1.10876450395,1.06805219184,1.11675159402,0.971249516289,1.17133218899,0.847536988248,1.02375939738,0.983587293968,0.98099739494,1.08692178763,1.1375619565,1.14857495546,1.18886943715,1.14347536679,1.11352028344,0.901411132929,1.01433971473,1.17072154015,1.14385732622,1.10163665423,1.12287250595,0.886985855236,1.09561667522,1.17402096298,1.12165699685,1.07328416271,1.06302907358,1.00930953118,0.850457580351,1.01152632331,0.895896967015,0.983184146805,1.06084271147,1.11932754677,1.13610202939,0.919284757008,0.952327532121,1.03803329179,0.960396614257,0.946187073101,0.813245276055,1.06030552902,1.08334322702,0.938698694301,0.957895464069,1.204715292,0.99009068431,0.960007595457,1.08703052742,0.88982661132,1.1472000649,1.20811669238,0.888744559906,1.19352844448,1.11210163923,0.971911435581,0.991729548691,1.1011465408,1.05720468985,1.06530531571,0.97971403945,1.19675310049
2010,1.16753588114,1.0579214395,1.12719461361,0.948912973947,0.956924808712,1.12603915521,0.939233434458,1.09787033195,1.17041696017,1.0544184312,1.0939501374,1.06394519506,1.07390049008,1.20489555272,1.16166137593,1.14381169021,0.918551428959,1.27038038028,0.98976737073,1.16889451969,1.10538437037,0.93441339026,1.16635778782,1.21807874432,1.16854343863,0.906311254992,1.00858718385,0.922492120783,1.03649170057,1.17190284862,1.19125108104,1.12393495248,1.10452097232,1.05622654084,1.10686248086,1.09829228325,1.19533411351,1.04258151504,1.14742377461,1.09059817176,1.1412366236,0.994128080053,1.19655917531,0.875090023292,1.0431420144,1.00835642747,1.00114044873,1.110272086,1.15929006102,1.17553725902,1.20760282268,1.16997627438,1.13959222146,0.933413198886,1.03924484529,1.19051215202,1.16717093136,1.13455121509,1.14998963979,0.910716018485,1.12513733664,1.2027117792,1.16098739143,1.10765874188,1.09587560649,1.04422380572,0.867096486705,1.03921400758,0.913422702106,1.01703512344,1.0879491608,1.15288072483,1.16710223205,0.944167793366,0.968666963202,1.06391089747,0.987044407276,0.976724240957,0.832480006808,1.0844900348,1.10714005806,0.958089827693,0.988133615945,1.22399825966,1.02056852354,0.978561384255,1.111421439,0.911797916619,1.16632480502,1.23008885448,0.906099045983,1.22386413616,1.13703151525,0.995058264698,1.02610323032,1.12826433786,1.0873100359,1.0894994285,1.01334938924,1.22268902093
2011,1.18856596437,1.09257070301,1.14969032768,0.971314483683,0.98730209934,1.1660393081,0.977115967666,1.12407451181,1.20812693472,1.08198670337,1.13061658064,1.10907746391,1.10211935988,1.24136728049,1.19520114017,1.17643218092,0.943747013764,1.29702504364,1.01341377641,1.19115096606,1.14607440896,0.953435703103,1.20798250186,1.24394933842,1.20712799751,0.929855288828,1.04932399273,0.955755546762,1.07453492959,1.21141364903,1.21753816727,1.16170718808,1.14909418622,1.07967656001,1.12934690818,1.123621593,1.23420385329,1.08531085784,1.1932066228,1.11682348938,1.17317054553,1.02265489001,1.23002548288,0.909025674493,1.0658954246,1.03542861252,1.02915260422,1.13941022386,1.18779388039,1.21008368361,1.23092584785,1.20276504168,1.17194033976,0.972168563117,1.07047677458,1.21652272465,1.19247244336,1.17403828336,1.18285462743,0.939547590807,1.15657013952,1.23648786772,1.21047756486,1.1510663248,1.13495145682,1.08695142395,0.884372205415,1.07272074686,0.938175760392,1.05840872734,1.12224693578,1.19206445202,1.20743764054,0.974557651359,0.99128354655,1.09151995014,1.02473050811,1.01312969797,0.855402642295,1.11589590529,1.13435158435,0.980600111459,1.02908216042,1.25330322527,1.05766288595,1.00154557689,1.13894949252,0.93750737072,1.19197909461,1.25784838203,0.934234683844,1.25639368868,1.16840350184,1.02383173087,1.06574007177,1.16121139012,1.12342575112,1.11970922504,1.05258362075,1.2525904566
2012,1.21142581168,1.12726739634,1.17448101788,0.994640547316,1.01704545371,1.20371748834,1.011198798,1.15133834187,1.24212884042,1.10888511435,1.16318962427,1.15032198734,1.13178720094,1.27767190568,1.2284928528,1.20816442464,0.968628732621,1.32359881785,1.04058043494,1.21561414954,1.18298543665,0.972947403045,1.24747124154,1.27171801564,1.24319228469,0.954311251911,1.08676826572,0.989503489324,1.10851708073,1.25120834008,1.24438080973,1.19833589927,1.19435352278,1.10453950359,1.15345409915,1.1506162425,1.27025423378,1.1239651235,1.23223445158,1.14315531545,1.20578046899,1.05013185142,1.26366022004,0.939561896159,1.08919885288,1.06113132045,1.05835479912,1.16863407946,1.21820107025,1.24486601428,1.25643337228,1.23585508321,1.20406742647,1.00761151278,1.10153556534,1.24453335439,1.21746610701,1.21218687201,1.21595089753,0.968202148424,1.18669622292,1.26980510574,1.25583748127,1.1904407646,1.17063144538,1.12398286185,0.902372585319,1.10358192995,0.964179549901,1.09618774404,1.1563479931,1.22870166698,1.24704995986,1.00108827805,1.01610102771,1.11771374174,1.06334408506,1.04711765605,0.877519154223,1.14752152833,1.16152826151,1.00290128645,1.06698681901,1.28587382074,1.09380373948,1.02393481624,1.16542422818,0.962134136565,1.22003573727,1.28679758363,0.965367596912,1.28683846203,1.20021034253,1.05133811955,1.10326435932,1.19380731595,1.15863705688,1.14860543057,1.09047423717,1.28282208166
2013,1.23569257298,1.1623689351,1.2006954172,1.01857613867,1.04686735511,1.24161441025,1.04438512424,1.17987133733,1.27581491474,1.13650562571,1.19498857783,1.18975549995,1.16236783906,1.31454841768,1.26063712426,1.24035237463,0.994805122649,1.35080884226,1.06965811345,1.24050964355,1.22070505779,0.994101808868,1.28588462889,1.30102194968,1.2796089846,0.979737198988,1.12285044328,1.02302385013,1.1404332424,1.29048717426,1.27185846057,1.23477121849,1.23792653686,1.12993468426,1.17943052843,1.17843301679,1.30667796961,1.16075961375,1.27026246067,1.17031009043,1.23883474681,1.0771285967,1.29750974773,0.969393580364,1.11315984327,1.08725990381,1.08736339498,1.19741991738,1.24884402565,1.27936910641,1.28377849234,1.2686035855,1.2366508223,1.04182448857,1.13203775708,1.27463177177,1.24367879615,1.24988637569,1.24996935632,0.997156530628,1.21801649865,1.30387940611,1.29952071434,1.22726487147,1.2052282452,1.15935227872,0.920823980828,1.13428229253,0.990754316488,1.13269112535,1.190774887,1.26527165907,1.28636090813,1.02670824654,1.04218780167,1.14473359854,1.10187415213,1.080812332,0.899538158976,1.18033721102,1.18956818486,1.02574201111,1.10472200076,1.3199254139,1.13011056413,1.04536038089,1.19250947074,0.98689150922,1.2501373188,1.31594352915,0.997006344102,1.31771280924,1.23307517881,1.07840877628,1.14106294871,1.22676343522,1.19482673661,1.17719169628,1.1298186401,1.31368112604
2014,1.25835009501,1.19776236516,1.2257226683,1.04113309886,1.07689495025,1.28099699319,1.07907438566,1.20840287308,1.30984165247,1.16410792555,1.22835549819,1.23130932077,1.19266468545,1.35213183331,1.29204612488,1.27250830615,1.02033038734,1.37700944484,1.09930895134,1.26357186649,1.25950531614,1.01376618959,1.32511754209,1.33045902711,1.31691406614,1.00537624536,1.15987237757,1.05572859249,1.17146090859,1.32942277114,1.3000192495,1.27372051273,1.28300871268,1.15390297395,1.20530094825,1.2063777117,1.34264180568,1.19969269744,1.31011979129,1.19558794595,1.27131807194,1.10405964545,1.33256633494,0.999476085136,1.13619340763,1.11234672815,1.11455905094,1.22551451196,1.27709681952,1.31278561262,1.31040813427,1.30027151119,1.2692686909,1.07659866163,1.16069776006,1.30474267565,1.26819323282,1.28756195287,1.28489506352,1.02598527968,1.24774980915,1.3387843089,1.34593306047,1.26544242842,1.24045972092,1.19695361683,0.937686235201,1.16613218028,1.01702251878,1.17109080095,1.22593002932,1.30347466538,1.32751854949,1.05353122274,1.06849380267,1.17147648588,1.14024933238,1.11649609065,0.920365565744,1.21133526506,1.2162104078,1.04706768148,1.14443847268,1.35513351462,1.16608296867,1.06535095494,1.22012497456,1.01188028477,1.28071852078,1.3432503029,1.02884287667,1.34752602938,1.2667051564,1.10466922909,1.17963817226,1.2600748391,1.23301585579,1.20549135841,1.16986776572,1.34389472376
2015,1.27494709146,1.22782217023,1.24462769679,1.0582437638,1.10240296119,1.31589222866,1.10792614489,1.23263871937,1.33542490338,1.18850623974,1.25679431997,1.26599592298,1.21768518634,1.38616026729,1.31575650711,1.29677312396,1.03940900303,1.39672652641,1.12506455259,1.28025192744,1.29471054372,1.028739874,1.36025359827,1.35614647423,1.35073490933,1.02777643372,1.1904791428,1.08040845302,1.19248327404,1.35895364507,1.32418647215,1.3097463786,1.32240304901,1.17168670265,1.22765204088,1.22988998701,1.37149499485,1.23591942293,1.34466045272,1.21469689697,1.29811427257,1.12675938311,1.3643434206,1.02383164867,1.15505755904,1.1309203608,1.13386793555,1.24799120334,1.29618779859,1.33772443117,1.33169442016,1.32513436441,1.29719198224,1.10540681099,1.18036155199,1.33010897888,1.28737898998,1.31848928815,1.31435319274,1.05076241516,1.26967801584,1.3699502079,1.38786110318,1.29805482654,1.26969323262,1.23110947548,0.951052921342,1.19478762138,1.03784692449,1.20677742637,1.25729833601,1.33749216552,1.3619743732,1.07429413841,1.09059470853,1.19436600342,1.17125265642,1.14984442662,0.934923227179,1.23430926802,1.23763090946,1.06190744656,1.17866736118,1.38628721114,1.19577794398,1.07822876914,1.24566605849,1.03406270262,1.30736532521,1.36289216324,1.05493776683,1.37065543089,1.2943352259,1.12411378024,1.21424202257,1.28927793192,1.26773812138,1.22719917872,1.20456794354,1.36810401295
2016,1.28819627577,1.25392633444,1.2584379118,1.07195705621,1.12496315524,1.34866656435,1.13343734846,1.25413200407,1.35915481052,1.21194012907,1.28304314309,1.29515201851,1.23821124546,1.41815072163,1.33313509429,1.31797356494,1.05623106511,1.41471892556,1.14589885756,1.29116823496,1.33084615293,1.04321323299,1.39333477699,1.37815677071,1.38400990352,1.0477049755,1.2168845935,1.0987816661,1.20755525687,1.38154325414,1.34561443007,1.34327246697,1.35494769547,1.1847791919,1.24771209527,1.24913176243,1.39838660067,1.27085080352,1.37761674934,1.23193118312,1.3210998537,1.14671591578,1.39358296277,1.04558369075,1.17213397597,1.14791761815,1.1473163067,1.26581977621,1.30790461969,1.35733533551,1.34939755291,1.34485838261,1.32244631003,1.13056687004,1.19386596952,1.35189374275,1.30660101607,1.34513320947,1.34039065914,1.07326687331,1.29160200139,1.39928873724,1.42672537836,1.3265659645,1.29587182803,1.26462501965,0.964598003122,1.22287805002,1.05378836109,1.24106842758,1.28604104312,1.36970877017,1.39045808029,1.0926139032,1.10837672781,1.217747435,1.19595611192,1.18228680949,0.946463221822,1.25303796612,1.25791701735,1.07416239066,1.20984147401,1.41245868308,1.22173130257,1.08717878116,1.27130017597,1.05532515246,1.3304624752,1.37719789593,1.07393505399,1.39301647712,1.31820949679,1.13980429154,1.24775898981,1.31626478074,1.30080226789,1.24489163328,1.2379151487,1.38858696497
2017,1.30365439398,1.28208026174,1.27299109541,1.08759988145,1.14966411446,1.38434539009,1.16208590702,1.27717731647,1.3878504238,1.23752842909,1.31220302296,1.32716819434,1.25969341605,1.45224295564,1.35239633915,1.34253736641,1.07589532382,1.43605759222,1.16616676014,1.30258635288,1.37093790102,1.06067179003,1.42922943192,1.40036467542,1.42037830006,1.06865610371,1.24638600656,1.11941249182,1.22709182739,1.4059491567,1.3678383908,1.37843375707,1.38824716366,1.19933155748,1.26906714853,1.26875430747,1.42996300467,1.3082432025,1.4143363774,1.2528027023,1.34629443104,1.16847746564,1.42426162226,1.0707530011,1.1913951125,1.16869778175,1.1632132755,1.28487354911,1.3215629941,1.38034738789,1.36855481199,1.36665596231,1.34993912152,1.15864939304,1.21061653195,1.37498984078,1.32934208138,1.37477968241,1.3685680995,1.09787976042,1.31827458557,1.43071330093,1.46858252648,1.35762883004,1.32550815825,1.30143025552,0.980399112632,1.25376388503,1.0704952873,1.2776934434,1.31647200504,1.40474083501,1.42081131797,1.11415121637,1.12627863095,1.24415630033,1.22245990504,1.21702404801,0.961029499416,1.27528948531,1.2816686532,1.08962189604,1.24403385635,1.43843192936,1.25065181984,1.09928927909,1.29913975768,1.07851897519,1.35429684621,1.39370930817,1.09214473513,1.41967935928,1.34397449967,1.15854457686,1.2845253411,1.34551007537,1.33608351216,1.26532945409,1.2749762483,1.41128969392
2018,1.31969447982,1.31114638974,1.28846818099,1.10422757453,1.17502596526,1.42020019997,1.19177626608,1.30055618307,1.41664632282,1.26288344652,1.34146464767,1.36047380124,1.28182974208,1.48666034386,1.37340126898,1.36695919841,1.09524780984,1.45717559605,1.18690226656,1.3157259247,1.40988103523,1.07768786892,1.46551003506,1.42302302224,1.45640166537,1.08985177873,1.27705035926,1.14138095236,1.24879732391,1.43127596003,1.39026630747,1.41367979283,1.42327542695,1.21526421785,1.29064315731,1.28886603647,1.46121399173,1.34549429119,1.45076878623,1.27388783576,1.37234924462,1.19088085123,1.4549054947,1.09648478133,1.21095039568,1.18941959521,1.1810976862,1.30513031158,1.33752661915,1.40475197072,1.38804699496,1.38998028132,1.37768577033,1.1874331627,1.22953141216,1.39834938201,1.35117253851,1.40536619075,1.39694006717,1.12302927407,1.34369251603,1.4620963351,1.51118364764,1.38950011825,1.35598016917,1.33740153971,0.995598873891,1.284111596,1.08788206543,1.31459731228,1.34709529479,1.43989992913,1.45218153265,1.13572969519,1.14455996783,1.26961340161,1.25006551414,1.25194474937,0.976599800188,1.2983834901,1.30533630398,1.10562611807,1.27826105183,1.46473371793,1.28053594507,1.11308886123,1.32663816795,1.10168219541,1.37841230155,1.41176384247,1.11127784473,1.44585717482,1.36984921814,1.17826249671,1.32134442607,1.3751328311,1.37164705567,1.28675682435,1.31189806369,1.43481029721
2019,1.33289607589,1.33719157731,1.30186862075,1.118741386,1.19770808282,1.4522746714,1.21879411724,1.32171141639,1.44161203237,1.28461228961,1.36706777061,1.39044720878,1.30141754963,1.51774526774,1.39221761246,1.38756220038,1.11058637432,1.47458416594,1.20613037052,1.32832310144,1.44337702943,1.09089955286,1.49810766483,1.44405516533,1.4879848231,1.10859301021,1.30446930512,1.15978741443,1.26712023972,1.45359128101,1.41121180191,1.44543762434,1.45664723453,1.22961574604,1.3094738654,1.30682766509,1.48594908392,1.37886617001,1.48211540048,1.29100490683,1.39525321758,1.21094272267,1.48203372501,1.11852461259,1.22781570277,1.20627130254,1.19681546225,1.32364214408,1.35160282671,1.4255228149,1.40473613865,1.41108991347,1.40172215029,1.21235690929,1.24587950395,1.41827117652,1.36858095269,1.43210298018,1.42219980152,1.14544818829,1.36411268505,1.49016232611,1.55013374146,1.41792929059,1.38323706497,1.36783229154,1.00857488364,1.30988260572,1.1027609344,1.34853915387,1.37423446358,1.47154144005,1.48071412327,1.15358065042,1.16079646988,1.29119271114,1.27389206487,1.28427766345,0.989718711054,1.31674161092,1.32488062007,1.11864454176,1.30756666534,1.48869196487,1.30685329145,1.12533951112,1.35073270841,1.12202620399,1.39977319681,1.42746593724,1.12893185775,1.46768674712,1.39269304213,1.19470236161,1.35414339283,1.4016297484,1.40474904577,1.30535449057,1.34464563949,1.45552185385
2020,1.34411778416,1.36051299036,1.31339968043,1.13179995975,1.2184314717,1.48157636588,1.24466138051,1.34134964714,1.46585110862,1.30297247747,1.39047235299,1.41803414946,1.31870846245,1.54562643737,1.40948708137,1.40633399581,1.12395595241,1.49013899825,1.22356498999,1.34041922358,1.47333979854,1.10197349282,1.52726842714,1.46359722502,1.51614151226,1.12476844856,1.32998879437,1.17532983444,1.28397692901,1.47406825994,1.43117526358,1.47393603877,1.48825291112,1.24299195424,1.32532738772,1.32261549137,1.5062895569,1.4088300142,1.51018130214,1.30559887213,1.4153223868,1.22918369562,1.50587540584,1.13806400506,1.24250547498,1.22183241223,1.21079231628,1.3404663894,1.36416027624,1.44376829952,1.419125274,1.43026435107,1.42257719589,1.23454782514,1.26083933358,1.43472672518,1.38354370574,1.45605169141,1.44557836279,1.16560005241,1.38331718318,1.51543988468,1.58608831002,1.44374962531,1.40856301246,1.39382163282,1.02069160098,1.33170823511,1.11545012517,1.37986848391,1.39781337325,1.50106281116,1.50747567278,1.16957103778,1.17501404193,1.31078674443,1.29406065153,1.31465539065,1.00187823369,1.33131646837,1.3414307716,1.13048035817,1.33316755152,1.50984948909,1.33071486515,1.13725672526,1.37147055696,1.13986858946,1.41822017986,1.44164344883,1.14515952845,1.48775146668,1.41388294344,1.20902421253,1.38394659525,1.4254638586,1.43651139173,1.32232218255,1.37510537372,1.47446864381
2021,1.36243324155,1.39498022384,1.33184097508,1.15197698404,1.24859956289,1.52409523713,1.2863923231,1.36863822735,1.5092013783,1.32806454584,1.42810218123,1.46371393241,1.3436279297,1.58216872602,1.43887183948,1.44163327277,1.15065944095,1.5175196044,1.24714786006,1.35838681421,1.51713631136,1.12007818218,1.56834620138,1.48787179019,1.55573353893,1.14669579527,1.37149091687,1.20437469042,1.31936967992,1.51185643188,1.45956923643,1.5136885811,1.5343839514,1.26353918208,1.34570517362,1.34537656977,1.5435291163,1.45156337927,1.55672794254,1.3302855618,1.44549876886,1.25607623043,1.53834754417,1.17217686992,1.26351404308,1.25033065164,1.23588298812,1.36522006454,1.38685856801,1.47577404114,1.44030769246,1.45912975758,1.45257650199,1.27134480011,1.28857551175,1.45777712209,1.40889325731,1.49324887674,1.48058034548,1.19416972561,1.42020862102,1.54937401287,1.63888158959,1.48469374371,1.44801920446,1.43564258183,1.03910284046,1.36413070337,1.1366862131,1.42323343835,1.43008662843,1.54342846534,1.54901672311,1.20115115201,1.19531884811,1.34120426391,1.3280856713,1.35555643082,1.02461874689,1.35847244878,1.36685640227,1.15281439534,1.37684979171,1.53839106335,1.36773336954,1.1591036913,1.3972471167,1.16436143767,1.44269969755,1.46541309385,1.17098810114,1.52187137731,1.44761800908,1.23569070976,1.4259819529,1.45876850174,1.4806293213,1.35143605104,1.42122815521,1.50231599936
2022,1.38463369879,1.43563192516,1.35610482371,1.17616061614,1.28290718043,1.569834504,1.33061274837,1.3991160679,1.55086927704,1.35623601479,1.46817009032,1.51595084501,1.37451730984,1.62366339253,1.47547493856,1.47821693445,1.17816019925,1.54645214872,1.27799334308,1.38189867614,1.5610931519,1.13894801205,1.61528528703,1.51638137717,1.59798522616,1.1729509724,1.41799142746,1.24197367022,1.35896607402,1.55642211828,1.49036616438,1.55884516769,1.59218074458,1.28893505874,1.37005912947,1.37410575852,1.58501568937,1.49937333298,1.60496904177,1.35767978756,1.48219197749,1.28711494052,1.57636217479,1.20942531178,1.28771497291,1.2790235429,1.26835698419,1.39520291545,1.41718918483,1.51509971065,1.46589903652,1.49421857585,1.48761825512,1.31292194703,1.32229729284,1.48636599087,1.43406012007,1.53640540286,1.51932610002,1.22711739308,1.45318997271,1.58646950261,1.69784082724,1.53189191885,1.49105912014,1.48103565084,1.05638692139,1.3997167843,1.16428171348,1.47074968272,1.4675984589,1.58877313635,1.5972837076,1.23455225386,1.22144831174,1.37067329073,1.37192291249,1.39940140561,1.04957307257,1.39154397701,1.39530101921,1.17662507145,1.42571911765,1.57514298359,1.41005251574,1.18408321124,1.4248339814,1.19151648899,1.47294182161,1.49515065161,1.20619724578,1.55516484583,1.48477199798,1.26686447578,1.47115636371,1.49652022805,1.52709281041,1.38447375903,1.46833908276,1.53437628962
