Year,="Run 1: Sea Level.Total global sea level anomaly[1]",="Run 2: Sea Level.Total global sea level anomaly[1]",="Run 3: Sea Level.Total global sea level anomaly[1]",="Run 4: Sea Level.Total global sea level anomaly[1]",="Run 5: Sea Level.Total global sea level anomaly[1]",="Run 6: Sea Level.Total global sea level anomaly[1]",="Run 7: Sea Level.Total global sea level anomaly[1]",="Run 8: Sea Level.Total global sea level anomaly[1]",="Run 9: Sea Level.Total global sea level anomaly[1]",="Run 10: Sea Level.Total global sea level anomaly[1]",="Run 11: Sea Level.Total global sea level anomaly[1]",="Run 12: Sea Level.Total global sea level anomaly[1]",="Run 13: Sea Level.Total global sea level anomaly[1]",="Run 14: Sea Level.Total global sea level anomaly[1]",="Run 15: Sea Level.Total global sea level anomaly[1]",="Run 16: Sea Level.Total global sea level anomaly[1]",="Run 17: Sea Level.Total global sea level anomaly[1]",="Run 18: Sea Level.Total global sea level anomaly[1]",="Run 19: Sea Level.Total global sea level anomaly[1]",="Run 20: Sea Level.Total global sea level anomaly[1]",="Run 21: Sea Level.Total global sea level anomaly[1]",="Run 22: Sea Level.Total global sea level anomaly[1]",="Run 23: Sea Level.Total global sea level anomaly[1]",="Run 24: Sea Level.Total global sea level anomaly[1]",="Run 25: Sea Level.Total global sea level anomaly[1]",="Run 26: Sea Level.Total global sea level anomaly[1]",="Run 27: Sea Level.Total global sea level anomaly[1]",="Run 28: Sea Level.Total global sea level anomaly[1]",="Run 29: Sea Level.Total global sea level anomaly[1]",="Run 30: Sea Level.Total global sea level anomaly[1]",="Run 31: Sea Level.Total global sea level anomaly[1]",="Run 32: Sea Level.Total global sea level anomaly[1]",="Run 33: Sea Level.Total global sea level anomaly[1]",="Run 34: Sea Level.Total global sea level anomaly[1]",="Run 35: Sea Level.Total global sea level anomaly[1]",="Run 36: Sea Level.Total global sea level anomaly[1]",="Run 37: Sea Level.Total global sea level anomaly[1]",="Run 38: Sea Level.Total global sea level anomaly[1]",="Run 39: Sea Level.Total global sea level anomaly[1]",="Run 40: Sea Level.Total global sea level anomaly[1]",="Run 41: Sea Level.Total global sea level anomaly[1]",="Run 42: Sea Level.Total global sea level anomaly[1]",="Run 43: Sea Level.Total global sea level anomaly[1]",="Run 44: Sea Level.Total global sea level anomaly[1]",="Run 45: Sea Level.Total global sea level anomaly[1]",="Run 46: Sea Level.Total global sea level anomaly[1]",="Run 47: Sea Level.Total global sea level anomaly[1]",="Run 48: Sea Level.Total global sea level anomaly[1]",="Run 49: Sea Level.Total global sea level anomaly[1]",="Run 50: Sea Level.Total global sea level anomaly[1]",="Run 51: Sea Level.Total global sea level anomaly[1]",="Run 52: Sea Level.Total global sea level anomaly[1]",="Run 53: Sea Level.Total global sea level anomaly[1]",="Run 54: Sea Level.Total global sea level anomaly[1]",="Run 55: Sea Level.Total global sea level anomaly[1]",="Run 56: Sea Level.Total global sea level anomaly[1]",="Run 57: Sea Level.Total global sea level anomaly[1]",="Run 58: Sea Level.Total global sea level anomaly[1]",="Run 59: Sea Level.Total global sea level anomaly[1]",="Run 60: Sea Level.Total global sea level anomaly[1]",="Run 61: Sea Level.Total global sea level anomaly[1]",="Run 62: Sea Level.Total global sea level anomaly[1]",="Run 63: Sea Level.Total global sea level anomaly[1]",="Run 64: Sea Level.Total global sea level anomaly[1]",="Run 65: Sea Level.Total global sea level anomaly[1]",="Run 66: Sea Level.Total global sea level anomaly[1]",="Run 67: Sea Level.Total global sea level anomaly[1]",="Run 68: Sea Level.Total global sea level anomaly[1]",="Run 69: Sea Level.Total global sea level anomaly[1]",="Run 70: Sea Level.Total global sea level anomaly[1]",="Run 71: Sea Level.Total global sea level anomaly[1]",="Run 72: Sea Level.Total global sea level anomaly[1]",="Run 73: Sea Level.Total global sea level anomaly[1]",="Run 74: Sea Level.Total global sea level anomaly[1]",="Run 75: Sea Level.Total global sea level anomaly[1]",="Run 76: Sea Level.Total global sea level anomaly[1]",="Run 77: Sea Level.Total global sea level anomaly[1]",="Run 78: Sea Level.Total global sea level anomaly[1]",="Run 79: Sea Level.Total global sea level anomaly[1]",="Run 80: Sea Level.Total global sea level anomaly[1]",="Run 81: Sea Level.Total global sea level anomaly[1]",="Run 82: Sea Level.Total global sea level anomaly[1]",="Run 83: Sea Level.Total global sea level anomaly[1]",="Run 84: Sea Level.Total global sea level anomaly[1]",="Run 85: Sea Level.Total global sea level anomaly[1]",="Run 86: Sea Level.Total global sea level anomaly[1]",="Run 87: Sea Level.Total global sea level anomaly[1]",="Run 88: Sea Level.Total global sea level anomaly[1]",="Run 89: Sea Level.Total global sea level anomaly[1]",="Run 90: Sea Level.Total global sea level anomaly[1]",="Run 91: Sea Level.Total global sea level anomaly[1]",="Run 92: Sea Level.Total global sea level anomaly[1]",="Run 93: Sea Level.Total global sea level anomaly[1]",="Run 94: Sea Level.Total global sea level anomaly[1]",="Run 95: Sea Level.Total global sea level anomaly[1]",="Run 96: Sea Level.Total global sea level anomaly[1]",="Run 97: Sea Level.Total global sea level anomaly[1]",="Run 98: Sea Level.Total global sea level anomaly[1]",="Run 99: Sea Level.Total global sea level anomaly[1]",="Run 100: Sea Level.Total global sea level anomaly[1]"
1750,0,0,0,0,0,0,0,0,0,0,0,0,0,0,0,0,0,0,0,0,0,0,0,0,0,0,0,0,0,0,0,0,0,0,0,0,0,0,0,0,0,0,0,0,0,0,0,0,0,0,0,0,0,0,0,0,0,0,0,0,0,0,0,0,0,0,0,0,0,0,0,0,0,0,0,0,0,0,0,0,0,0,0,0,0,0,0,0,0,0,0,0,0,0,0,0,0,0,0,0
1751,0.00031313481348,0.000371279938414,0.000254525687923,0.00029525116576,0.000387263962275,0.00034626077067,0.000376867642846,0.000303348769706,0.000406799357819,0.000232090207846,0.00036260356581,0.00038492551159,0.000387253383477,0.000356197401624,0.000380585037276,0.000407748588053,0.000333110780267,0.000365125352301,0.000326780745053,0.000234602187351,0.000328226709503,0.000185039161956,0.000278540747752,0.000241568084692,0.000297435287914,0.000204047587891,0.00045801706814,0.000457554655286,0.000315954798993,0.000419511421508,0.000108058446009,0.000373413141631,0.000458193080805,0.000295898783019,0.000173913176858,0.000296653392111,0.000431890991365,0.00033873350672,0.000377193647176,0.000343804036132,0.000401374116655,0.000280612622348,0.00027796298895,0.000372536360748,0.000256702216846,0.000369310805389,0.000421119208065,0.000207219497739,0.000457191283304,0.000464422091109,0.000359799923518,0.000347245992388,0.000347890394025,0.000348213369709,0.00037195005093,0.000371030438474,0.000248997908154,0.000379144019164,0.000408849315379,0.00037047452432,0.000478930501365,0.000246411816321,0.000356268976263,0.000334108888083,0.000345893940734,0.000262229708385,0.000115254484674,0.000211339499719,0.000406802011335,0.000217994026833,0.000277316957674,0.000324615664813,0.000427967286572,0.000330684292668,0.000309172856125,0.000267377339501,0.000380337415219,0.000247776727296,0.000314910260496,0.000348531143386,0.000263340021014,0.000300658152733,0.000368163955105,0.000332716827058,0.000447046854257,0.000321775724473,0.000111817048612,0.000135784776387,0.00033830230074,0.000330974710394,0.000390445880557,0.000342272075645,0.000426251711721,0.000409470020261,0.000308828667669,0.00026058429337,0.00042259479044,0.000335090063236,0.000464628098384,0.000340929430566
1752,0.000616816739808,0.000745367292026,0.000510183422155,0.000616521898072,0.000789066707609,0.000697562338517,0.000735441341658,0.00065052442767,0.000775995140961,0.000539503471449,0.000721761338902,0.000721122069577,0.00078472445999,0.000778735613829,0.000691827343204,0.00076795121017,0.000631440098959,0.00069226518636,0.000686539043672,0.000477632868677,0.000694399857533,0.00042869592641,0.000591096714569,0.000585666070674,0.000643121349609,0.000491533281039,0.000881600661524,0.000858587753508,0.000541737891922,0.000742945574157,0.000315935335248,0.000759225090361,0.000866136888872,0.000607299155521,0.000439470948053,0.000621841324351,0.000820438255285,0.000713624767694,0.000748706077803,0.000685207715901,0.000804397702315,0.000600340888726,0.000600661316856,0.000716123670335,0.000587570376824,0.000707715421454,0.000782817351089,0.000434243361563,0.000835703012619,0.000864564146335,0.000730127441885,0.000692499970214,0.000718495442011,0.000685629566938,0.000686981754545,0.000762909721416,0.000508994887344,0.000736614440075,0.000809936113211,0.000786618673849,0.00090018153122,0.000539205279522,0.000714353520506,0.000658490173721,0.000682210029356,0.000533345170805,0.000358877567317,0.000483474143389,0.000779602274086,0.000504175479502,0.000599691658141,0.000681539236195,0.000818736623221,0.000630704622939,0.000648512430198,0.00057971910807,0.000709780800755,0.000589181601236,0.000595450943301,0.000627390877054,0.000557205408149,0.000570588272004,0.000690454663197,0.000677983212919,0.000889538527089,0.000596762479692,0.000381521059278,0.000387012603004,0.000715694348268,0.00061532964275,0.00074831336634,0.000660078789223,0.000822949015132,0.00078041560242,0.000664036632814,0.000546075325497,0.000868921422846,0.00062967022077,0.000910141341308,0.000688349699759
1753,0.000848916399476,0.00103435369068,0.000679357666702,0.000863068572239,0.00109981757232,0.000976895203255,0.00100581387176,0.000917858181729,0.00106583046545,0.000792472103289,0.00100405613443,0.000959981240947,0.0010870246436,0.00114042242799,0.000891241674507,0.00103891321961,0.000851056224445,0.000940201486326,0.000933174965417,0.000629065603161,0.00102277547569,0.000635738386961,0.000846062600742,0.000852985885632,0.000939963651257,0.00070574433533,0.00120597926759,0.00115117686046,0.000691789858647,0.000947681538914,0.000457300758846,0.001045119106,0.00114333951275,0.000837271796052,0.000640171456304,0.000855572296843,0.00114107355574,0.00101957307598,0.00105271745384,0.000967469310498,0.00112031424949,0.000846385377443,0.00084760299963,0.000982484051688,0.000856693118691,0.000979928575563,0.00104164896773,0.000586840674775,0.0010970808101,0.0011638401614,0.00101089895817,0.000951327490453,0.00101919784165,0.000947617460211,0.000912115658245,0.00106611230026,0.000729482239311,0.00101612654234,0.00111808127538,0.00112595106184,0.00124565593601,0.000765808200919,0.000992963132083,0.0009035554388,0.000947391394055,0.000746937183448,0.000567206794584,0.000707676868488,0.00103592184376,0.000734570494861,0.00085438910541,0.000972757233778,0.00109888733716,0.000856588410574,0.000882173387341,0.000848286148268,0.000941203671962,0.000869286508171,0.000802208899472,0.000818436032351,0.000806140745849,0.000772887039509,0.000920420630207,0.000918006836491,0.00124713431656,0.000789806167427,0.000624798819956,0.000590618811509,0.00100633516797,0.000811290735265,0.000977070758907,0.00092697746509,0.00111632502656,0.00105743979674,0.000969883150441,0.000755429486602,0.00121520878593,0.000844366058265,0.00126924349791,0.000953442060138
1754,0.000839332583859,0.00105488374117,0.000632410575936,0.000870586550848,0.00112068115456,0.00100850605106,0.00103809083391,0.000939012554499,0.00108100342003,0.000797570718363,0.00103809189514,0.000963785065282,0.0010924873846,0.00121434711846,0.000838457141018,0.00105335138719,0.000827040339036,0.000925310697259,0.000907033176416,0.000590969399647,0.00109590962635,0.00064595583351,0.000879228278104,0.000880258069389,0.000988001008654,0.000686092703141,0.00124268216724,0.00113406074995,0.000655836521861,0.00089541890857,0.00043332015596,0.00103953894771,0.0011391207336,0.000843168130196,0.00061411109635,0.000841133540831,0.00115982175041,0.00106603138712,0.00109896113163,0.000994309273471,0.00113889301005,0.000861333603366,0.000846537440162,0.000996473020303,0.000878651695089,0.000979010201761,0.00102890087344,0.000562072544278,0.00106489852988,0.00116189747155,0.00100397013722,0.000963466453619,0.00104262522971,0.000967820793613,0.00089950959523,0.00105273669856,0.000743125233218,0.00103600121645,0.00114732132762,0.0011673854418,0.00125942496084,0.000766452528568,0.00103030798753,0.000922831465807,0.000986138525439,0.000742307153258,0.000454120428315,0.000723419682439,0.000988407688869,0.000772289954578,0.000865493420363,0.00102579540283,0.00111128844749,0.000858751468237,0.000841854854688,0.000863329548449,0.000907911386886,0.000926056036581,0.000766726870435,0.000745163471927,0.000833475522932,0.000741051883633,0.000889212920307,0.000891879340758,0.00130112335808,0.000730170936449,0.000662589658379,0.000599990809891,0.00100580829251,0.000777804834215,0.000936924192791,0.000937168861484,0.00112834876532,0.0010522273086,0.00103560049747,0.000729692703604,0.00126559500774,0.000840427468931,0.00131134603119,0.00096005032092
1755,0.000571449448325,0.000837129914236,0.000395838241642,0.000573799369626,0.000805802209765,0.000756122667596,0.000722081565361,0.000659910188346,0.000772361272068,0.000521023461897,0.000739607373687,0.000678874702748,0.000873044384811,0.00105947167228,0.000524326527494,0.00074247523886,0.000517504051093,0.000584972874799,0.000721834532566,0.000289923538462,0.000835173781091,0.000374478913724,0.000642177309135,0.000705484101598,0.000740222597874,0.000445235404844,0.000945119862087,0.000879581254624,0.000367822085106,0.000621163179887,0.000148722532737,0.000840055833813,0.000912210467271,0.000555332032564,0.000434236424046,0.000620697586686,0.000896768639189,0.000800198320783,0.000810347060612,0.000690048354441,0.00087786164721,0.000553832748352,0.000680854306956,0.000677822478569,0.000571840189436,0.000674611793248,0.000724013130701,0.000280591696626,0.000757641967375,0.000869754900183,0.000778773401704,0.000678908374113,0.000813484133892,0.000697289654612,0.000604904626972,0.000868752056864,0.000469943270903,0.000788326030231,0.00092417428531,0.000882982869469,0.00091962720766,0.000546128602596,0.000790864513028,0.00065571885972,0.000691611251469,0.000486531300996,0.000200561281477,0.000481905653909,0.000718481743938,0.000495437289568,0.000686590024811,0.000776293137007,0.000880864435249,0.000551575075624,0.000635805800196,0.000574833650901,0.000700319524668,0.000649684353778,0.000464750236985,0.000452955387769,0.000567857760056,0.000439435968256,0.000632022628909,0.000715293566183,0.00103762564083,0.000433273988192,0.000454714353401,0.000315725272225,0.000837950638628,0.00049128005429,0.000699799711266,0.000661141583099,0.000893505606228,0.00071752830879,0.000790877370871,0.000443134107528,0.000987460303523,0.00054807685566,0.00101971699808,0.00068746102707
1756,0.000400250964284,0.000636854069829,0.00019823802915,0.000400552049365,0.000590096647576,0.000556381914336,0.000492596890086,0.000447722737201,0.000561871890296,0.000372606099513,0.000538643999701,0.000437478208396,0.000672742501151,0.000898153531752,0.0003014244141,0.000522344295274,0.000324881846589,0.000386073931759,0.000492825013563,0.0000821399352437,0.000703724493554,0.000240903815705,0.000486421567688,0.000487477236679,0.000591437048517,0.000261748101853,0.000728262912999,0.000670735542403,0.000200082878546,0.000381284838253,-0.0000708209043862,0.000608909480138,0.000630450070384,0.000359726330011,0.000256690032157,0.000409914649016,0.000762561316415,0.000615524804261,0.000636375533635,0.000540276698723,0.000685829336295,0.000374515523019,0.000492374431655,0.000491629889213,0.00040260991277,0.000510937231665,0.000523063427049,0.0000913588962894,0.000545748298055,0.00065645386026,0.000571930894712,0.000475448938045,0.00065140853484,0.000513828983361,0.00041882289278,0.00073837575677,0.000328555549723,0.000607855590524,0.000691578616199,0.000713511296247,0.00073611533918,0.000354087908859,0.000579608367219,0.000455857885662,0.000500534834653,0.000336897095368,0.0000426296909908,0.000325041780409,0.000501060489049,0.000314548815069,0.000509784555571,0.000586135174839,0.000618321728046,0.000355990027844,0.000403459516737,0.00041864919745,0.000501840538819,0.000456264840922,0.000281228949216,0.00028746322451,0.000430207847061,0.000261370924727,0.000420666349915,0.000570292924661,0.000843461650515,0.000227587699521,0.000323390736882,0.000160243503371,0.000726159926122,0.000305352620875,0.000429274460162,0.000512119380209,0.000650898990107,0.000518606801299,0.000634747824035,0.000252503371397,0.000745006075505,0.000349686585064,0.000816120519098,0.000484667369263
1757,0.000335615687889,0.000561331692824,0.00010781630288,0.000338443354749,0.000510337036556,0.000499969639048,0.000360556675106,0.000352892040781,0.000453594290134,0.000343640857634,0.000447837617465,0.000299098115692,0.000618026144991,0.000961933927244,0.000194776315413,0.000419306123391,0.000242673304038,0.000329641954759,0.00036585034059,-0.0000323086418599,0.000831226071996,0.000189796184647,0.000436021717071,0.000384144184094,0.000617842227138,0.000194457872285,0.00063735055133,0.00060842177382,0.000105645293918,0.000266807511709,-0.00022257787629,0.000517918261173,0.000473741387825,0.000267579101195,0.000191142156504,0.000321973704012,0.000864296174423,0.000552964609592,0.000581993249984,0.000508948146686,0.000635224564414,0.000301890959171,0.000426447910452,0.000414473768884,0.000349823622623,0.000450967235571,0.000444665829803,-0.0000139825305462,0.000470317648858,0.000578057220136,0.000528531246383,0.000384378140602,0.000624129329418,0.000439359357527,0.000336563543702,0.000843494036241,0.000369695441817,0.000547102158689,0.000616358825773,0.000687075516246,0.000819592082716,0.0002995438058,0.000476764039717,0.000357324252796,0.000407670978438,0.000288283878953,-0.0000420220114618,0.000271358488541,0.000434077995801,0.000220767954423,0.000452800642673,0.000535143910682,0.000472723887741,0.000251968124127,0.000307065384761,0.000366561169522,0.00043333477867,0.000367493379064,0.00018475058314,0.000240782962768,0.000414113898694,0.000169002234324,0.000328912120974,0.000457359708427,0.000793594083601,0.000100371789322,0.000326609475199,0.0000953690114054,0.000776510877805,0.000223731757016,0.000289752565165,0.000478928053076,0.000538537490879,0.00044519487652,0.000640914418753,0.000172138334552,0.000638203574446,0.000243881064794,0.000922006791086,0.000403196315945
1758,0.00053798160822,0.000781693193798,0.000128794201748,0.000370082469319,0.000640040836633,0.000704760368395,0.000379143922717,0.000455830101561,0.000595401992032,0.00051959185341,0.000597757665068,0.000335376608019,0.000770389011672,0.00124264375833,0.000201833923112,0.000566461860102,0.000416625672019,0.000528876104935,0.000381397402925,-0.000071061138272,0.00109696966139,0.000370131328374,0.000599232456916,0.000451098689934,0.00085822036879,0.000260701982461,0.000795910785926,0.000800200174485,0.000123691656294,0.000313101671966,-0.000309431082542,0.000732863758343,0.000485041297498,0.000255952660665,0.000374413012453,0.000351342892364,0.00114606134282,0.00070813680173,0.000814181477391,0.000744698691299,0.000838319129608,0.000325745786581,0.000609634914001,0.00054287511374,0.000486404678095,0.000650617616991,0.000546305099311,-0.0000611908779246,0.000574482805261,0.000787222162116,0.000760606051865,0.000438179859582,0.000874031289719,0.00054186770639,0.000409045135854,0.0011085502582,0.000560417233231,0.000744629696103,0.000828293105569,0.000903257878881,0.0010773472481,0.000485211558701,0.000617660822195,0.000388897510516,0.000506007381016,0.000486430555538,-0.0000810529215437,0.000464288495624,0.000551010197234,0.000246640788458,0.000665557159911,0.00074656740655,0.000548780767853,0.000298020551129,0.000361794393834,0.000573148738488,0.000599931321093,0.000484744944818,0.00018814047244,0.000445096364844,0.000629222296746,0.000246524294228,0.000522095910414,0.000622636212126,0.00105388461943,0.0000571137523521,0.000541309737842,0.000125972088126,0.0010167013003,0.000267523976782,0.000275495949978,0.000696833843186,0.000727726185133,0.000570860949849,0.000878291426407,0.000277159433453,0.000842688578743,0.0002975082448,0.00118724032093,0.000538919400777
1759,0.000804864568876,0.00109924124231,0.000361293431592,0.000653254999172,0.000967414377835,0.000991550169056,0.000672911422746,0.000744616705487,0.000902814484738,0.000771930242129,0.000897218122926,0.000614691642698,0.00111313994569,0.00160281307617,0.00048237084785,0.000870977919911,0.000675467558699,0.00080117146184,0.000680586258717,0.0000580049716302,0.00140916667136,0.000576007125236,0.000877057488967,0.000727774269766,0.0011485604992,0.000506076313006,0.00115438044685,0.00114726297309,0.000351832078063,0.00061055001884,-0.000303321966981,0.00104921116535,0.00082334182362,0.000524884605552,0.000591449557153,0.000635109906709,0.00148761036037,0.00101742514883,0.00113083595475,0.00103894322272,0.00117717004612,0.000605942576604,0.000884665084102,0.000835189029148,0.000759726977295,0.000947737163294,0.00087332820407,0.0000933257541869,0.000917645700104,0.00112071247144,0.00106955179773,0.00073259575145,0.00119202551181,0.000830421830003,0.000699584452629,0.00143810842635,0.000783689783553,0.00105272139104,0.00115283679509,0.00126063003943,0.00142879086027,0.000723832947495,0.000913078176485,0.000665195713411,0.000792926042279,0.000722082324511,0.000103146939632,0.000690176162941,0.000883365405735,0.000486443641532,0.000939060712075,0.00104412869872,0.000867272765292,0.000557617367003,0.000650235256484,0.000830466747169,0.000899171595161,0.000765038610397,0.000439159419555,0.000687883636978,0.000881176129254,0.000485978635617,0.0007966322908,0.000913671754616,0.00142329528385,0.000280096028963,0.000771527279666,0.000336038163291,0.00133121007082,0.000527356028299,0.000543174114528,0.000979949927128,0.00105804376218,0.000886378581651,0.00117936337606,0.000514500668952,0.00120266937512,0.000557117604452,0.00155493979876,0.00082687734397
1760,0.00110126532902,0.00147055333392,0.000613385567354,0.000973741744062,0.00135218243194,0.00132642749492,0.00104316986383,0.00108332754429,0.00128070906104,0.00103399206961,0.00125370235904,0.000960406736216,0.00150553658478,0.00201092981511,0.00080566465286,0.00123484900839,0.000962858790995,0.00110985637669,0.00103771527576,0.000325475499132,0.00174705616275,0.000790032311035,0.00118809802527,0.00105450447656,0.00146592240563,0.000769791970788,0.00159312797543,0.00154687654988,0.000607686217419,0.000956961511058,-0.0000882349333641,0.00141734095474,0.00125484492388,0.000843844713263,0.000815240893256,0.000959136063287,0.00186123568174,0.00137525127509,0.00149893325191,0.00136498712325,0.00156539947653,0.000927577470198,0.00118913800823,0.00117463584121,0.00106146256235,0.00128842348483,0.00125607091636,0.000327366461358,0.00131649102433,0.00151182979788,0.00141615204666,0.00108026235206,0.00154333266049,0.00116487976489,0.00103641438275,0.00179646048177,0.00102232666715,0.00140665684149,0.00154603704156,0.0016674621589,0.00183533301387,0.00098715730176,0.00126981689751,0.00099363516406,0.00113616564994,0.000974040937635,0.000331441957619,0.000930009751161,0.00125764246883,0.000765478241585,0.00123996154419,0.00139546142068,0.00126996529509,0.000863599994656,0.000977652603302,0.00111220732277,0.00123418865624,0.00109648618846,0.000729691664094,0.000940104466579,0.00115145412504,0.00075775351794,0.00110796070439,0.00125274648243,0.00186090814823,0.00058575981921,0.00100496661019,0.00055889630336,0.0016825370559,0.000817868032329,0.000925040690804,0.00130178612687,0.00145907717916,0.00125197945114,0.00151875401344,0.000772787934525,0.00164852886979,0.000862104065901,0.00198370132783,0.0011577241738
1761,0.00138780013077,0.0018400832164,0.000843512720574,0.00128736303631,0.00173420317272,0.0016609260831,0.00142183295828,0.00141898735513,0.00166688899463,0.00128493336435,0.00161249721337,0.00130453564724,0.00189016185798,0.00242343414903,0.00110725678379,0.00159702031402,0.00123584953682,0.00140731716342,0.00138142902064,0.000572552466571,0.00208557802611,0.000997638070103,0.0014975905467,0.00137957374067,0.00178133530646,0.00101791255501,0.00203885091883,0.00193505493346,0.000847633182678,0.00128179416566,0.000118497540684,0.00177608083383,0.00168611917722,0.00115666076128,0.00102229655554,0.00127018227234,0.00223014253953,0.00173453910992,0.00187044040122,0.00168767714577,0.00194909693435,0.0012443424566,0.00148273294668,0.00151067573764,0.00135673840787,0.00162756155872,0.0016297763476,0.000545254132269,0.00170053158065,0.00189664425781,0.00175070436086,0.00142459747471,0.00188897043316,0.00149687521158,0.00136397491526,0.00214031894677,0.00125537936426,0.00175776914443,0.00194202912133,0.00207386379924,0.00224217600722,0.00124015010767,0.00163062369121,0.00132088328191,0.00148364517548,0.00121634454323,0.000557432992826,0.00116207798148,0.0016103196971,0.00104542781745,0.00153224506612,0.00175211853346,0.00167623370739,0.0011656716013,0.00128553393479,0.00139147447798,0.0015528484371,0.00143323420094,0.0010121311187,0.00116834236953,0.00141729935858,0.00102022183638,0.00140435531123,0.00157701901409,0.00230515851059,0.000885154660319,0.00123167882083,0.00077307219661,0.00202279465361,0.00109146151659,0.0012905538005,0.00162543505919,0.00185920040453,0.00160954863736,0.00186148250589,0.00101532063049,0.00210441350696,0.0011603247233,0.00241392758743,0.00148154080753
1762,0.0010353135285,0.00156160620829,0.000545032125531,0.000956572647552,0.0014028263656,0.00137180757111,0.00127056845115,0.0011518305032,0.00143797124,0.000820733239532,0.00135011660721,0.00113428418321,0.00155148419044,0.00208948114454,0.000819428055534,0.00132031858329,0.000859602064439,0.00100776421511,0.00111898244796,0.000380835066266,0.00166323922617,0.000590834090813,0.00120544121324,0.00114138868828,0.00140002499129,0.000663807642206,0.00181932664725,0.00157737968111,0.000599312279095,0.00102990837489,-0.0000293973910878,0.00144780166806,0.00154069630725,0.000916418048926,0.000631766277405,0.000992913461972,0.00176032118024,0.00142749646526,0.00155075759028,0.00128206150605,0.00159258568763,0.000962166507621,0.00115774188408,0.00117898104576,0.000966930963581,0.00126864098042,0.00135392395977,0.000308294426719,0.00138800512413,0.00155503246172,0.00137523171622,0.00116513523788,0.0014939841487,0.00120651738322,0.00109740187993,0.00167673429669,0.000865167057879,0.0014433984378,0.0016962935594,0.00170146020237,0.00179556118327,0.000906997099001,0.00142774861453,0.001097755898,0.00126331591717,0.000832819861168,0.000207938939974,0.000793764082663,0.0012362344524,0.000823325197618,0.00120071965557,0.0015253271876,0.00151440825573,0.00089700531719,0.000950462863284,0.000996046966263,0.00122911582886,0.00121025356157,0.000720451300123,0.000679892452065,0.00102529926987,0.000695287285544,0.0010485810354,0.00129338684195,0.00200514320857,0.00068944794333,0.000832765373831,0.000417101867922,0.0016411180126,0.000781310289427,0.00108355976708,0.00128570960744,0.00162573457678,0.00125147827677,0.0015459063031,0.000640044889584,0.00189703076922,0.000909298906051,0.00204511463984,0.00115708154422
1763,0.00024690388163,0.00071474483573,-0.000161176247604,0.000178423580085,0.000473052453175,0.000546864993826,0.00061729602889,0.000351325048479,0.000731758475787,-0.000110197134198,0.000571104104644,0.000468062229332,0.000608290630183,0.00107026514354,0.0000841402172266,0.000554016328906,0.0000828014844503,0.000175447618062,0.000359695212604,-0.000191886239154,0.00067809582353,-0.000139220834761,0.000442104713686,0.000366013017365,0.000473458275577,-0.000155654444222,0.00100133205995,0.000640848222929,0.0000754214222136,0.000308053470432,-0.000498493004077,0.000537776841088,0.000899168015689,0.000218939787211,-0.000202582007747,0.000205125844863,0.000753375614176,0.000543829894444,0.000714817213713,0.00040909417857,0.000623688124927,0.000214718321541,0.000309891954741,0.000385593570553,0.0000841054634835,0.000481835320228,0.000572350031213,-0.000269605701462,0.000550392359128,0.000637463009184,0.000415619027154,0.000405284643743,0.000533841603674,0.000433319948337,0.000406913183119,0.000614171133928,0.000139158848575,0.000608363828752,0.000842509245677,0.000707365372749,0.000821646487891,0.000103727191421,0.000677641770133,0.000401230893373,0.000564945122851,0.0000717975153628,-0.000427578190328,0.00000735995046282,0.000321590148019,0.000156879513471,0.000342916746625,0.000735944982331,0.000815382317412,0.000233365099719,0.000109083835561,0.000155306251658,0.000413827752296,0.000446375253507,0.0000761369372634,-0.0001665044919,0.000211914510046,0.0000327330749882,0.000229313154231,0.000535112203087,0.00104452824006,0.000152845984974,-0.0000233983292015,-0.000317801406645,0.000680598527708,0.0000715676736659,0.000400363574279,0.000549157615964,0.000803515558341,0.000384711691417,0.000672997679223,-0.000166262219878,0.00102264243503,0.000254029846216,0.00101488134009,0.000308708376542
1764,-0.0000559062521261,0.000329163813673,-0.000420367805343,-0.000143154647754,0.0000315764703597,0.000144987541136,0.000260452199948,-0.0000404172362717,0.000358604550296,-0.000468732745331,0.00018856596894,0.000126106308573,0.000206981135142,0.000585766822724,-0.000211944189008,0.000182780645155,-0.000226867032001,-0.000181271211923,-0.0000357453322547,-0.000435854731061,0.000219095902581,-0.000423188449222,0.000116853542357,-0.0000452976632619,0.0000578345615876,-0.000475037284594,0.000606468722313,0.000267329183587,-0.000105673101924,0.00000216247417267,-0.000765548727953,0.000113158801589,0.000515204116042,-0.0000941662624211,-0.000509412284029,-0.000134831511239,0.000391329102154,0.00011734209353,0.000326491546639,0.0000491221186699,0.000203280204392,-0.000112252439073,-0.0000448150114882,0.0000341400990044,-0.000304078364788,0.000146954879712,0.000257013642645,-0.000508498579203,0.000225490740005,0.000240821952889,0.00000898083804406,0.000057105974912,0.000138892126087,0.0000906074385751,0.000136389964254,0.00019988613404,-0.000157717696968,0.000252023144938,0.000406525662096,0.000269519230349,0.000367598262311,-0.00025081147944,0.000297437916878,0.000072231182426,0.000221159267254,-0.000202583880593,-0.000747562552189,-0.000317623718755,-0.0000298350412966,-0.000178447987672,-0.0000171074389674,0.00033590712323,0.000428432078188,-0.0000730463973301,-0.000258526291177,-0.000245098175231,0.00011696561083,0.0000404244520555,-0.000199254295567,-0.000393347474648,-0.000118975429248,-0.000240725252589,-0.000100972210695,0.000156059553687,0.000587929349099,-0.000104896247762,-0.000384412220238,-0.000621872596997,0.000260679491302,-0.000191736071284,0.0000447423331742,0.000222249906939,0.000394296543798,0.000020339074301,0.000251681882213,-0.000485314434698,0.000553296534292,-0.0000379908554857,0.000526279786799,-0.0000726256938493
1765,-0.000107005780889,0.000229449930817,-0.00044669276019,-0.000210040449675,-0.0000874236925148,0.0000175092984886,0.0000860334063197,-0.000157761678216,0.000196198055986,-0.000485700826017,0.0000538531558242,-0.0000263675747275,0.00014683863013,0.000485241395938,-0.000294874336031,0.0000612589496201,-0.00028016806342,-0.000271599378206,-0.000155548542017,-0.00052104901556,0.000120380830209,-0.000473407011317,0.0000494620652399,-0.00018057419324,-0.0000264497540542,-0.000499578236017,0.000467371122091,0.000216187140691,-0.000171816635966,-0.0000796080118825,-0.000912064117371,0.000019012586789,0.000335979765283,-0.000192085093736,-0.000506268518426,-0.000201588083875,0.000382484387708,-0.0000049067583185,0.000214027030648,-0.000017539033808,0.000126599579276,-0.000199201049988,-0.0000934844624888,-0.0000714366565442,-0.000383632153293,0.0000494739499888,0.000181374272302,-0.000583418767946,0.000165616266817,0.000143561507477,-0.0000419135176325,-0.0000520418225666,0.0000920823472547,-0.00000681929440029,0.0000629427779479,0.000203827749262,-0.000226098669784,0.00017244906909,0.000256511490455,0.0001889252243,0.000242172330155,-0.000326997580918,0.000154584398682,-0.0000448400304168,0.0000883907458978,-0.00023131276855,-0.0008737331475,-0.000367917490831,-0.0000538774334375,-0.000308750588151,-0.0000681861469998,0.000196459215312,0.000255490834706,-0.000192610052565,-0.000319476277534,-0.000354638778259,0.000102031120908,-0.000109955653804,-0.000301981808938,-0.000348203884078,-0.000177240838625,-0.000332230418637,-0.000163888082013,0.0000632265064269,0.000461882148087,-0.000243165864654,-0.000422894560735,-0.000679823035426,0.000213046931527,-0.000243729008732,-0.0000843244783068,0.000121591740443,0.000259503571054,-0.0000655251073772,0.00013638371433,-0.000531500552489,0.000381749251637,-0.000149295656062,0.000411613670916,-0.000165889752449
1766,-0.000129617256304,0.000182111590479,-0.000458424370322,-0.000245731537478,-0.000133504885535,-0.000046890576816,-0.0000564775165094,-0.000210035816039,0.00008083671357,-0.000443771612349,-0.0000289657761302,-0.000150324949254,0.000148174218381,0.000488488419877,-0.000372296629015,-0.00000818288895299,-0.000295035548728,-0.000311463409525,-0.000221577001092,-0.000605103279877,0.000121164037702,-0.000493094118915,0.0000229391082985,-0.000246705270938,-0.0000327473770246,-0.000479896286888,0.000371128374707,0.000205468797198,-0.000262471677383,-0.000143242961916,-0.0010388529312,-0.0000033377628497,0.000181981267653,-0.000264924309624,-0.00045638369089,-0.000224800066321,0.000421224008209,-0.000056892847745,0.000159643008322,-0.0000323842375329,0.000116737581939,-0.000252810717281,-0.0000881296345644,-0.000139278147772,-0.000398678397074,-0.0000114612677146,0.000122619571582,-0.00065576867112,0.000122140572361,0.0000920287009219,-0.0000174733609649,-0.000127400299741,0.000109431517648,-0.0000703522071457,-0.00000711821938836,0.00028695355481,-0.000253654105448,0.000133216196228,0.000174634629467,0.00018385420116,0.00020173087889,-0.00034665981996,0.0000603780995392,-0.000132804304399,-0.00000643868113597,-0.000241929016507,-0.000949664492958,-0.000369198480171,-0.0000384558990519,-0.000399183635372,-0.00006183467877,0.000119932481864,0.000120462965624,-0.000287602330512,-0.000329081561516,-0.000386728109354,0.000111345698239,-0.000191424514889,-0.000393998497011,-0.000313613460021,-0.000191151286446,-0.00040817364066,-0.000191263760346,0.0000246886236196,0.000408408272662,-0.000380623295749,-0.000386962602733,-0.000700887628883,0.000245364798107,-0.000293645576859,-0.000184144341599,0.0000653292881911,0.000184761874846,-0.000113593214508,0.0000990847084224,-0.000541177135603,0.000287305548669,-0.000244935793684,0.000395016192878,-0.000204707852826
1767,-0.000426617911926,-0.000136263652119,-0.000713548050821,-0.000547315002137,-0.000461550624844,-0.000355643076229,-0.000394040191701,-0.000496241323692,-0.000250266546431,-0.000716425729374,-0.0003494146566,-0.000470023865358,-0.000163799210521,0.000182137249556,-0.000699103359937,-0.000312756289042,-0.000572014662328,-0.000621286108109,-0.000528648591334,-0.000874672611932,-0.000174217422599,-0.000762785489684,-0.000258262489752,-0.000538237119043,-0.000326477627599,-0.000733683659501,0.00000956587142007,-0.000129935160666,-0.000551808894933,-0.000443706324323,-0.00128226034036,-0.000307486169468,-0.000189007967719,-0.000564718660724,-0.000688022648087,-0.000501650679969,0.0000919335017981,-0.000376599679376,-0.000160375235985,-0.000341282287809,-0.000207447965161,-0.000553101577893,-0.000358767335258,-0.000467460074138,-0.00069044400873,-0.000343974261103,-0.000211718538751,-0.000919192019903,-0.000220259719686,-0.000261282699748,-0.000295700045982,-0.000447253251462,-0.000194700009753,-0.000388672522415,-0.000325450214555,0.0000041819856682,-0.000524198446467,-0.000185784896907,-0.00015854892604,-0.000145263094375,-0.000152377560734,-0.000610930705002,-0.000256820834599,-0.000441140470061,-0.000319223894417,-0.000526688919324,-0.00121287152374,-0.000623653192715,-0.000344528210875,-0.00068659286802,-0.000332298515881,-0.000189193811808,-0.000228285707395,-0.000597204838975,-0.000614215017076,-0.000666859741935,-0.000170798090944,-0.000485733514348,-0.000705303930908,-0.000620223544036,-0.000478408292877,-0.000710798964882,-0.000489391638603,-0.000262738442583,0.0000513889546885,-0.000694442770873,-0.000618016611703,-0.00096123532117,-0.0000355312774202,-0.00059852550557,-0.000506544081043,-0.000238603268925,-0.000137091833878,-0.000452732192043,-0.000199816615328,-0.000817266968354,-0.000060842650638,-0.000555572634621,0.0000661585959619,-0.000508285736354
1768,-0.000778145370394,-0.000531194525773,-0.0010140635592,-0.000917846406179,-0.000884601899585,-0.000744432182089,-0.000759495611306,-0.0008595107538,-0.000624227629336,-0.00111669033435,-0.00073324040226,-0.00080743038272,-0.000578669803039,-0.000274822752361,-0.00103651164547,-0.000671158805296,-0.000901085070091,-0.000980508738011,-0.000887960789313,-0.00114734911193,-0.000619081466204,-0.00110820916077,-0.000624329698261,-0.000912848902944,-0.000746205807404,-0.00107938862537,-0.00040720874045,-0.000541000443866,-0.000815843373283,-0.000757774481956,-0.00153113783194,-0.000699390335082,-0.00056779727813,-0.000909022301946,-0.00102407714575,-0.000846109725449,-0.000351081919555,-0.00080026382485,-0.000563266026108,-0.000741327803598,-0.000637858497288,-0.000915580448006,-0.000725388198052,-0.000850386747238,-0.00108582591401,-0.000725893487821,-0.000579455260853,-0.00120165028716,-0.000599909502023,-0.000680694240948,-0.000682985501933,-0.000820858507611,-0.000621250409997,-0.000770852577448,-0.000661818396167,-0.000420696863431,-0.00085631909311,-0.000582005159866,-0.00056658344948,-0.000598342371014,-0.000593661634722,-0.000959106072632,-0.000633909439938,-0.000795001437042,-0.000681550409286,-0.000879732571559,-0.00152968430137,-0.000974073631573,-0.000724069580804,-0.00103463093224,-0.00070574661333,-0.000580315648187,-0.000600885281865,-0.000930113578827,-0.000971311845192,-0.00105297460396,-0.000514162872318,-0.000866337672226,-0.00102905186534,-0.000976337982558,-0.000859619297784,-0.00102887811101,-0.000837805593545,-0.000610163074823,-0.000412276233,-0.000986837012017,-0.000984982745103,-0.00130400500316,-0.000437509221053,-0.000931811455521,-0.000844154243984,-0.000599358985587,-0.000517620729772,-0.000851288316166,-0.000615912866925,-0.00116534937074,-0.000493688237937,-0.000881456972852,-0.000384961391088,-0.000892017365896
1769,-0.000810521706804,-0.000572370452665,-0.00102790540127,-0.000970161792118,-0.000934445299334,-0.00081674131431,-0.000811977594128,-0.000907121706523,-0.000684153777018,-0.00120744646718,-0.000793822550391,-0.00083094213211,-0.000607814349652,-0.000368522961633,-0.00102510676862,-0.00070229950597,-0.000923663141423,-0.00100902312896,-0.000887645285052,-0.00115394182351,-0.000753459001436,-0.00121016691708,-0.000700878214154,-0.000979468695676,-0.000854627166907,-0.00112731584225,-0.000438172550118,-0.000541259724142,-0.000821900075951,-0.000727653354216,-0.00158949438939,-0.000715655488272,-0.000557422491399,-0.000950497231742,-0.00107901895701,-0.000865086360225,-0.000403095602809,-0.000891320778682,-0.000634216091,-0.000813285086569,-0.000682873713482,-0.000968970849292,-0.00077503506572,-0.000900838543647,-0.00116668286323,-0.000780872272203,-0.000573489166887,-0.00124050245169,-0.000576530974994,-0.00070347065063,-0.000707320473557,-0.000864921198521,-0.000692599598231,-0.000833593617982,-0.00066945519292,-0.000447380560334,-0.000938267663598,-0.000636505188355,-0.000614840470455,-0.000665370099025,-0.000654747789873,-0.00102422950427,-0.000694619245315,-0.00084759436579,-0.00074537870153,-0.000945946424959,-0.00163803129231,-0.00106339112593,-0.00070088155075,-0.00113124808019,-0.000768836953504,-0.000665150828376,-0.000614226780059,-0.000974521062084,-0.000972656853565,-0.00116689045078,-0.00050630135015,-0.000961536093971,-0.00106442990022,-0.000978162981576,-0.000958878423879,-0.00106546612089,-0.00084788743358,-0.00060927357553,-0.00048209215388,-0.00100362851169,-0.00110299310773,-0.0013980454604,-0.000471700529358,-0.000950429209545,-0.000815119522723,-0.000672702825622,-0.000532156371664,-0.000874638057391,-0.000730172687518,-0.00121069164717,-0.000540399557432,-0.000911737528594,-0.000438446820442,-0.000942509189544
1770,-0.000670297715057,-0.000382435286473,-0.000896091630546,-0.000829844723599,-0.000732125144026,-0.000678024442354,-0.000549907272849,-0.000740646368405,-0.00036474229483,-0.00111341556589,-0.000583709005521,-0.00058268921362,-0.000391226972137,-0.000200257487549,-0.000776801139299,-0.000445391215061,-0.000755349458422,-0.000799108534051,-0.000658372131093,-0.00100464709436,-0.000672886381596,-0.00118226062621,-0.000576817928174,-0.000830866821925,-0.000757466016567,-0.00100222268246,-0.000103402377852,-0.000251232279325,-0.000571597071339,-0.00042794506635,-0.00153221941518,-0.000487595663893,-0.000218908404979,-0.00078830869095,-0.000974998070466,-0.000686379593135,-0.000156867385383,-0.000753685449105,-0.000387618466238,-0.000641044471841,-0.000457496145951,-0.000812278548324,-0.000630149048328,-0.000677442929734,-0.00104747627232,-0.000564094481758,-0.000273289533171,-0.00115673507796,-0.000245645111829,-0.000429037752303,-0.000500803338306,-0.000656536956211,-0.000539592853747,-0.00065351272226,-0.000393975172987,-0.000228676215849,-0.000861831318869,-0.000434209588317,-0.000413576841254,-0.000470342062522,-0.000328950328026,-0.000915541730957,-0.000493650397619,-0.000655954759345,-0.000514753233781,-0.000862231694511,-0.00161356981786,-0.000997113694452,-0.000443030657876,-0.00106299727785,-0.000638402028778,-0.000515283777125,-0.000340276522455,-0.000804618608561,-0.000761525590283,-0.00109871750746,-0.000277640617836,-0.000848602784355,-0.000872822756268,-0.000804257937398,-0.000893459029188,-0.000900948979403,-0.000666540092066,-0.000392623852136,-0.000224441833308,-0.000745371463532,-0.00106016405107,-0.00134784660404,-0.000269432996811,-0.000754508771075,-0.000565042684961,-0.000446669045278,-0.000278828048219,-0.000602120408308,-0.000634372897734,-0.0010869129933,-0.000296179073994,-0.000721838712159,-0.000161935916324,-0.000778309335656
1771,-0.000335599199975,0.0000480225372057,-0.000605097443321,-0.000467530832255,-0.00027901525166,-0.000311252748877,-0.000128866561627,-0.000375960523165,0.0000607389663414,-0.000942525355119,-0.000175545682748,-0.000169576485783,0.0000337675509285,0.000214134204714,-0.000385528808377,-0.0000147329179291,-0.000393684704505,-0.000406537590794,-0.000312528386051,-0.000686870262868,-0.000348144713271,-0.00106051884984,-0.000237357685692,-0.000584665573496,-0.000455328046786,-0.000798866266308,0.000388107408877,0.000222022096534,-0.00028245407607,-0.00000747611824081,-0.00136303672286,-0.0000668881075488,0.000292466011598,-0.000421578151767,-0.000866398151297,-0.000335865444189,0.00025925876011,-0.000378709929123,0.0000201303660354,-0.000273820057594,-0.00000335151340432,-0.000445065915422,-0.000334193962704,-0.000287209194351,-0.00076095178853,-0.000189041339107,0.00016893060549,-0.000882230747211,0.000220950338369,0.0000313449964811,-0.000116345516166,-0.00025811294115,-0.000165409669154,-0.000282740910758,-0.0000103330126123,0.000137825698973,-0.000579820770224,-0.0000388141649975,0.0000164903973243,-0.0000189593956517,0.000134730415763,-0.000689688593597,-0.0000848377764499,-0.000282415166093,-0.000132234299702,-0.000569853451865,-0.0015034666838,-0.000813582017088,0.0000201527401775,-0.000785728610885,-0.000350712111291,-0.000127045394529,0.000137868098652,-0.000453740035792,-0.000437809592746,-0.000836535488369,0.000127333439266,-0.000521986402715,-0.000537236953683,-0.000470953282774,-0.000617718901592,-0.000577440354165,-0.000276654738675,-0.0000120368995482,0.000251043408815,-0.00039436998999,-0.000986593228631,-0.00123646341394,0.0000427713926249,-0.000414058105267,-0.000106419031261,-0.0000983667585947,0.000203975998185,-0.000167087660774,-0.000298563168101,-0.000808477791528,0.000223884646605,-0.000367370978777,0.000337098419532,-0.000381337112118
1772,-0.0000190745538037,0.000441356129228,-0.000347727678115,-0.000143228889701,0.000139410686866,0.0000502404417329,0.000258426396586,-5.58467342686e-7,0.000459259206286,-0.000649202096622,0.000203996202591,0.000194770992435,0.000440105950969,0.000648985901572,-0.0000676617688729,0.000373732912565,-0.0000809164520454,-0.0000560164040163,0.000071299571829,-0.000434059319637,-3.1996341856e-7,-0.000830811248988,0.0000793422349671,-0.000222573266712,-0.000116708205771,-0.000510960832005,0.000841312399584,0.000635832669219,-0.0000451466755499,0.000332457007117,-0.00113690433425,0.000348916762228,0.000737229804022,-0.000097312338958,-0.000604048492854,0.00000690788319061,0.000648398518981,-0.0000028739137982,0.000407739296349,0.0000718644743533,0.000413150368951,-0.000113097049489,-0.000007996590836,0.0000691930952623,-0.000426578527852,0.000159509889437,0.000553881415951,-0.000653795090624,0.000617813652588,0.000442926869649,0.000274373805098,0.0000994971284911,0.000201172443839,0.0000551294640184,0.000321989998601,0.000534902481254,-0.000312868292191,0.000322572592936,0.000439377121508,0.000405907719161,0.000574859394749,-0.0003930468567,0.000294709080799,0.0000553652415177,0.000224392550025,-0.000304384809173,-0.00125351677061,-0.000545652430715,0.000406909252556,-0.000497642946312,-0.0000238717995854,0.000242449907981,0.000564911066013,-0.000139167896053,-0.0000855639815122,-0.000527656878111,0.000468964053534,-0.00016389852538,-0.000242039292671,-0.000202333753878,-0.000336143144317,-0.000291671759328,0.0000566110906926,0.000359174568414,0.000700867420217,-0.0000888760245736,-0.000739402900799,-0.000991483369767,0.00043103801329,-0.000130980317688,0.000274716218053,0.000235190453168,0.000637253780034,0.000220978660937,0.0000517756730733,-0.000521795649208,0.000709973819533,-0.0000558099257348,0.000806030537207,-0.0000245878741067
1773,0.000243295709002,0.000769054868938,-0.000160662268803,0.000125829724979,0.000484299048264,0.00035549572971,0.000575058459727,0.000308580676187,0.000793795771437,-0.00039395651009,0.000523692357282,0.000478730128212,0.000771080137346,0.00104095648111,0.00016288913026,0.000688386525431,0.000166157508943,0.000229064888849,0.000357480624184,-0.000253752113101,0.000325015705612,-0.000624214337177,0.000355559200612,0.0000765940147002,0.000189417644708,-0.000282039655723,0.00121779808748,0.00096521376863,0.000137041011913,0.000573829402536,-0.000968188531631,0.000681562843464,0.00107444293043,0.000164486373136,-0.000394365602436,0.000274836561601,0.000992204137862,0.000322198198058,0.000745975384253,0.000376401456462,0.000762955195528,0.000163939119436,0.000257779102962,0.000367573593281,-0.000137827819183,0.000459305121044,0.000860351199517,-0.000482438035757,0.000924613331364,0.000775839242739,0.000590461367427,0.000390967646823,0.000517291675808,0.000337406588452,0.000587379192299,0.000860950909178,-0.0000739344852179,0.000626700552418,0.000786414399328,0.000774743678821,0.00095552703468,-0.000150186705292,0.000612148810822,0.000332647650744,0.000526840276517,-0.0000785839050527,-0.00102980294125,-0.00031248401118,0.000698526587088,-0.000250361582861,0.000251214160036,0.000561766019582,0.000900172494084,0.000116960629245,0.000176842100884,-0.000249484383057,0.000733072908862,0.000146959099155,-0.00000315551257325,0.00000107163305143,-0.0000837269215345,-0.0000584034700962,0.000313955271554,0.000639831303192,0.00108695326682,0.000151355012728,-0.000489421281726,-0.000779749418631,0.000747828936757,0.0000857788446841,0.000546235704976,0.000532508120439,0.000983431831981,0.000537287839123,0.000368603808314,-0.000295671644969,0.00111448026045,0.000193514527875,0.00120568650845,0.000266428891717
1774,0.000447993699499,0.00102012981319,-0.0000381731193349,0.000335195834307,0.000742402980124,0.000592280445224,0.00080218898907,0.000540733292468,0.00104567558566,-0.000177718809929,0.000769219899217,0.000668914435605,0.00101958453329,0.00137581702934,0.000305895064422,0.000917272510343,0.000345767156016,0.000441269383813,0.000538923155048,-0.000142443515702,0.000618136088003,-0.000442361803101,0.000585510749727,0.000300459986173,0.000454865240868,-0.000110639333854,0.00149858867615,0.00120367473705,0.000264957429887,0.000716536473527,-0.000860372898871,0.000921830217274,0.00128632943377,0.000357382511224,-0.000234443957855,0.000465194744342,0.00128484902415,0.000583675615687,0.00102110307607,0.000632346909402,0.00103591058713,0.000379441677352,0.000460449852526,0.000597643956001,0.0000985280321751,0.000699932446627,0.00108141956347,-0.000365605245241,0.00113701967899,0.00101860279514,0.000826762165072,0.000606467465244,0.000777053376233,0.000555109577444,0.000780794305637,0.00111400623932,0.000132693786821,0.000864882215506,0.00104090496976,0.00107631757202,0.00126040743677,0.0000348297194147,0.000852314934565,0.000539156099978,0.000761269014403,0.000107530895824,-0.000839911853475,-0.000116485681718,0.000895869031481,-0.000053170346587,0.000470873440468,0.000816227045494,0.00112495598642,0.000305357135006,0.000348439781411,-0.0000104441872254,0.000920647929073,0.000396084749931,0.000173136527883,0.000146669211043,0.000135509956218,0.000117089336274,0.000492243222794,0.000825027313778,0.00139140650494,0.000316853901564,-0.000260594230708,-0.000602782407543,0.00098775501643,0.000237280126235,0.000702576178222,0.000783115812509,0.00122789644648,0.00077290462959,0.000640400610669,-0.000130011034075,0.00141532857396,0.000372911850035,0.00152004589275,0.00048362075418
1775,0.000602956280619,0.00120096487134,0.0000357245349587,0.000492741837339,0.000920593085674,0.000764758275176,0.000943118294443,0.000702961821741,0.00121747555184,0.00000583348395854,0.000944460653093,0.000773595434007,0.00119616352457,0.00165486549459,0.000377629166064,0.00106844129455,0.000469361372729,0.000588980073559,0.000630476422134,-0.0000842379620088,0.000879044977537,-0.000282100863232,0.000773899462579,0.000454695011536,0.000681680984325,0.0000148991314375,0.00168816719202,0.00136343714847,0.000349618092402,0.000779721974097,-0.000803843975783,0.00108050371833,0.00138354099299,0.000489693677468,-0.000113330064525,0.000590827873677,0.00153157751838,0.000784592988246,0.00123554223599,0.000843523889852,0.00123910161191,0.000540152660072,0.000609833111395,0.000764824634218,0.000287363062276,0.000885304686124,0.0012280473105,-0.000291260907555,0.00126974492328,0.00117971304702,0.000994583047673,0.000753246511746,0.000986823669161,0.000713897793091,0.000912129439966,0.0013060533818,0.000309912603598,0.00104323702093,0.00120843335285,0.00131536192646,0.00149263290557,0.000169835440002,0.00101899468619,0.000680923235829,0.000930781601138,0.00026061027128,-0.000682187687032,0.0000472766820358,0.0010172334564,0.0000967324201614,0.000642790571394,0.0010077468651,0.00124670699515,0.000432372442917,0.000445693698531,0.000191158374514,0.001046617068,0.000585056223224,0.000294078701091,0.000248898818846,0.000324733651027,0.000241878495915,0.000603800302972,0.00092922076395,0.00161693700309,0.000415359394748,-0.0000502258837559,-0.000455349712886,0.00116140827883,0.000336220341446,0.000762001998626,0.000988942830207,0.00137955656664,0.000936407800145,0.000867942708011,-0.0000140380237491,0.00161630393711,0.000490066498411,0.0017539833397,0.000635011309874
1776,0.000726721906049,0.00133447593943,0.0000853071894503,0.000617927329741,0.00104394428032,0.000892252734565,0.00102302966379,0.000818093984161,0.00133212319157,0.000168225236976,0.00107052903967,0.000821581851854,0.00132704188037,0.00189348365951,0.000409649762004,0.00116820917098,0.000559464566377,0.000694322126473,0.000666119381886,-0.0000522245471463,0.00111594859144,-0.00013634131163,0.000935313908102,0.000560757873173,0.000880880667142,0.000113923753431,0.00181412240626,0.00147405110273,0.000412264422506,0.000799481272676,-0.000777650066039,0.00118589126375,0.00140454074905,0.000583710074737,-0.0000150369992221,0.000677983368714,0.00174805896984,0.000942720797991,0.00140703719105,0.00102420864356,0.00139540151134,0.00066549331869,0.000726222049785,0.00088959126396,0.000443674376033,0.00103307652518,0.00132861479895,-0.000238800552665,0.00135545197976,0.00128646962122,0.0011187894568,0.000854834149562,0.00116384805515,0.000833535895296,0.00100597652728,0.00146016538753,0.000466859982321,0.00118202998484,0.00131529787739,0.00151149980593,0.00167289858831,0.000272327873075,0.00113419438644,0.000779698787775,0.00105490691823,0.000393699419536,-0.000547381093852,0.000189682849171,0.00109578025225,0.000213821427436,0.000784345256207,0.00115396779511,0.00129803977404,0.000519172517165,0.000499334698696,0.000365603882062,0.00113842829533,0.00073041073282,0.000380044157398,0.000328581615531,0.000493607381191,0.000334621181295,0.000674669437719,0.000983561364099,0.00178602434833,0.000471361113323,0.000147138459425,-0.000326878567964,0.00129244504089,0.000406238542898,0.000764281017862,0.00116359610904,0.00146893868468,0.00105287774073,0.00106335964096,0.0000719999021835,0.00174580781724,0.000567449097017,0.00193118875763,0.000742982882683
1777,0.000848001434462,0.00145932763586,0.00014212397202,0.000741528179826,0.00115447114653,0.0010082638734,0.00108826217933,0.000923449604298,0.00143213730658,0.000325770571375,0.0011850120133,0.000860819656417,0.00145318493897,0.00212034565436,0.000447767031124,0.00125978435535,0.000648304080675,0.000791866013812,0.000696891360373,-0.00000925955039453,0.00134455665728,0.00000584615661969,0.00109398283586,0.000654726432298,0.00107186671529,0.000212539334844,0.00192660765864,0.00158135933496,0.000483961870224,0.000826961314072,-0.000750862344006,0.00128208509518,0.00141429083214,0.000675280957835,0.0000805584186536,0.000765088852771,0.00196016457364,0.0010898964111,0.00156805851139,0.00119872516605,0.00154255999479,0.000787261816633,0.000839457378684,0.00100683403255,0.000591908965131,0.0011742712407,0.00142845495974,-0.000179558628651,0.0014440836852,0.00138392736275,0.00123626731061,0.000950462473876,0.00133574902127,0.000947438268566,0.00110134800024,0.00160936356244,0.000618443823341,0.00131521155514,0.00140736535402,0.00169864322755,0.00183848115247,0.000368365160009,0.00123730554587,0.000872327619862,0.00116914974002,0.000526092902341,-0.000419145555602,0.000326965834593,0.00117814564671,0.000323798955849,0.000921767278228,0.00128763296812,0.00133549630747,0.000600975243715,0.000552586252788,0.000530945410576,0.00123491803687,0.000862895966951,0.000464086186042,0.000412715914899,0.000658118932433,0.000424971173325,0.000743057416795,0.00103405541959,0.0019402589684,0.000525657283852,0.00033925444063,-0.000201737577216,0.00141625108349,0.000481557674975,0.000768690698195,0.00133204187883,0.00154670419949,0.00116308977415,0.00124949992998,0.000155790358264,0.0018556995329,0.000641718558759,0.00209278212907,0.000843199443538
1778,0.00100965507758,0.00163555024416,0.000248799830661,0.000910392853807,0.00131626648872,0.00116495880271,0.00121328318367,0.00107523800397,0.00158583036431,0.000501767994947,0.00134718626556,0.000964243121474,0.00163563683579,0.0023817186803,0.000558256005447,0.00140869033749,0.000781701048813,0.000932645096006,0.00079643496232,0.0000970936601032,0.00159043910649,0.000160887252486,0.00128770431394,0.000791457997928,0.00128534227536,0.000346752423177,0.00210596345879,0.00175370042736,0.000610956915445,0.000934255420308,-0.000679115875228,0.00143392204316,0.00151282434435,0.000819003402134,0.000199920878062,0.000907368293772,0.00220819866477,0.00127656882621,0.00177066802667,0.00140510857775,0.00173838866806,0.000954488573579,0.000992629368713,0.00117106425079,0.000769169459918,0.0013582234804,0.00159679687085,-0.0000727077990316,0.00161002275258,0.00154089449766,0.00139984005658,0.00110059740425,0.00154458439271,0.00110775262072,0.00125781532426,0.00180044439943,0.000787395715589,0.00149555889244,0.00155585688044,0.00193030424546,0.00204835817188,0.000495407390708,0.00139058381115,0.00101603558371,0.00133029819186,0.000686639766529,-0.000271848720511,0.000482970942797,0.0013302083624,0.000467652047887,0.00109373398654,0.00146132471198,0.00144659925123,0.000732071387007,0.000665711511352,0.000715457330286,0.00139156702731,0.00103174171084,0.00059708775877,0.00053843922279,0.00084304999798,0.000557862082493,0.000863993928092,0.00114633510248,0.00214659511403,0.000641726001183,0.000537155293848,-0.000056911364846,0.00158392941598,0.000612126924793,0.000860686727956,0.00153457715369,0.00168972237147,0.00132921568242,0.00146359478597,0.000276412062296,0.00202832727129,0.000768974890101,0.00230264800336,0.000988892161924
1779,0.00124893551672,0.00191961960665,0.000438955000046,0.00116670341667,0.00158969643726,0.00141219057217,0.00147058392306,0.00132597976347,0.00185975747604,0.000716785825588,0.00161373101944,0.00119929004868,0.00193004707045,0.00272369650343,0.000796019780456,0.00167590008936,0.000998481539587,0.00116139294388,0.00103024279903,0.000308773626457,0.00187908049998,0.000343274221686,0.00155190989673,0.00102299996554,0.00155093231059,0.000546960298208,0.00242976493912,0.00205218618531,0.000829684108561,0.00118129318306,-0.00052401322487,0.00170052952619,0.00179364914666,0.0010641873415,0.000364861172219,0.00115313188714,0.00252930841827,0.00155171627307,0.00206520526777,0.0016786726299,0.00203692102952,0.00121200173876,0.00122402060778,0.00143262567698,0.00100976867765,0.00163027465198,0.00189521394261,0.000114861870334,0.00191794327861,0.00182051187205,0.00165670571209,0.00136114051084,0.00182932134026,0.00136303581995,0.00152740360783,0.00207470417041,0.000994036345997,0.00177224155589,0.00182912666215,0.00225772317885,0.00235842571264,0.000686796104076,0.00165429467956,0.00126423193753,0.00159287699341,0.000900426973139,-0.0000817597886606,0.000679280532774,0.001607640463,0.000684798121023,0.0013353635767,0.00172671829166,0.0017141928562,0.000961471915828,0.000890038288583,0.000946287653331,0.00165559129241,0.00128575059357,0.000823408402511,0.000734260197968,0.00107123702033,0.00077181995082,0.00108489081259,0.00137805156164,0.00247076511846,0.000875002306256,0.000750999094088,0.000127943510292,0.00184156718611,0.000839382515628,0.00111451757694,0.00180911373465,0.0019699765499,0.00160745428604,0.00174272267743,0.00046708194273,0.00234516310557,0.000998912279033,0.00262251463349,0.00122870383646
1780,0.00155000624706,0.00229821540895,0.000689863947937,0.00149518426862,0.00196267225335,0.00174100561181,0.00184913003842,0.00166456275297,0.00224451330342,0.000963563743736,0.0019741466937,0.00154924484492,0.00232001893032,0.00314134605864,0.00112946692169,0.0020472837226,0.00128113275208,0.00146193357494,0.00137673327711,0.000597041878925,0.00220763009515,0.000547340443348,0.00187709240048,0.0013403161407,0.00186330633511,0.000799100137199,0.00288421435222,0.00245506450894,0.00111226309708,0.00153636360916,-0.000301137061598,0.00206619082647,0.00223432889622,0.00139383997829,0.000565086156486,0.00148361326896,0.00291205080324,0.00190759596008,0.00244296010247,0.0020097711957,0.00242506725929,0.00154537917546,0.00152053569479,0.00177714566635,0.00130482585438,0.00197677793104,0.00229930454147,0.000361704752973,0.00233885453652,0.0022047970103,0.00199271028115,0.00171650445542,0.00217929191516,0.00170005967062,0.00188669633766,0.0024182652735,0.00123145625472,0.00213196977357,0.00221636070183,0.00267023093645,0.00275782590099,0.000932133122322,0.00201890412473,0.00160321687912,0.001946611221,0.00115572919328,0.000145276810007,0.000909274516143,0.00198327374774,0.000967413742917,0.00163585706273,0.00207727202493,0.00212238509032,0.00127309189762,0.00120336239426,0.00121882308046,0.00200410582607,0.00161996935332,0.00112347671432,0.000977779774324,0.00133585613216,0.00104901493031,0.00138577552303,0.0017088834352,0.00290376488424,0.00120152709294,0.0009785337627,0.000344843668772,0.00217607513505,0.00113894454815,0.00150008963736,0.00214644065872,0.00237236983645,0.00197910550584,0.00208245201678,0.000712563678888,0.0027980584723,0.00131244943516,0.00304344848617,0.0015493612519
1781,0.00185721324021,0.00269785763258,0.000939266047187,0.00183478520594,0.00235863890365,0.00208990999423,0.00226245030191,0.00202338281809,0.00266160978989,0.00121245498257,0.0023583622106,0.00192512651531,0.00272815243091,0.00358125342251,0.00146514382984,0.00244337681432,0.001569836029,0.00177078293425,0.0017416932109,0.000884412840671,0.00254670767718,0.000752073512636,0.00221575604278,0.00167855252388,0.00218596634221,0.00105470974288,0.00337416856435,0.00287361592884,0.00139170858333,0.00189918175654,-0.0000690003843563,0.00245068821293,0.0027118180162,0.00173729731557,0.00076596302992,0.00182582953474,0.00330546338256,0.00228467160447,0.00284256883118,0.00235167793449,0.00283177265177,0.00189184982047,0.00182680443721,0.00213732139167,0.00160881445665,0.00233754978007,0.00271820149375,0.000608351883478,0.0027722398519,0.00260809715857,0.00234184527974,0.0020909519642,0.00254162691647,0.00205376079239,0.00225623797595,0.00277178338897,0.00147178096488,0.00250877541313,0.00263432144618,0.00310272055239,0.00317795725507,0.00118476812859,0.00241120005152,0.00196216677954,0.00232419934272,0.00141358965987,0.00037912065012,0.00114321420612,0.00236655258111,0.00126624140984,0.00194602482968,0.00245239826616,0.00256724988179,0.00159962407309,0.00152527904173,0.00150028310602,0.00236113520444,0.00197830776441,0.00143128731806,0.00121411631478,0.00160587987011,0.00133154431635,0.00169493338943,0.00205412501485,0.00336771328062,0.0015402628505,0.00120667875519,0.000563546645633,0.00252397732329,0.00144002818312,0.0019036925393,0.0024985367419,0.00280461709026,0.00236512685918,0.00243965709442,0.000960829277256,0.00329297498978,0.00163806242387,0.00349148044391,0.00188487457612
1782,0.00213057398311,0.00305862066447,0.00114537798284,0.00213967044101,0.00271337905268,0.00240668312852,0.00263604667863,0.00234594161871,0.00304284976348,0.00144114285134,0.00270747844481,0.00225400005063,0.00309305400108,0.00399599143223,0.00173911302966,0.00279834216647,0.00182070663354,0.00203984140058,0.00205044141328,0.00111990631035,0.00287044285663,0.000942495714843,0.00253026622689,0.00198223399284,0.00248831234701,0.00127847921326,0.00381942727567,0.00323982560517,0.00162746479065,0.00219763716318,0.000127714075004,0.00278891443089,0.00312505579643,0.00204083790042,0.000942529547763,0.002124330592,0.00367025667493,0.0026318601204,0.00321215165089,0.00266765025317,0.00319919421472,0.00220320571645,0.00209992460992,0.00246027752208,0.00188535134781,0.00266625875619,0.00308502576936,0.000815382125437,0.0031454491067,0.00296262153033,0.00265169774445,0.00242442389695,0.00287430784023,0.0023724875615,0.00257958720537,0.00308925553372,0.00169420210595,0.00285020089448,0.00301109504453,0.00350135078698,0.0035613050777,0.00140815323492,0.00276817329757,0.00228415085045,0.0026695371726,0.00164649474761,0.000595464013863,0.00135812899626,0.00269186405295,0.00154030087444,0.00222711778452,0.00279908519208,0.00296074705612,0.00188951176887,0.00179554832233,0.00176297660162,0.00267167312514,0.00231061442915,0.00169999411981,0.0014093003517,0.00185742303171,0.00157860574176,0.00195892272889,0.00234766515584,0.00379490932672,0.00183353173035,0.00142512574757,0.000761837570871,0.00283449218951,0.00169506627003,0.0022387719569,0.0028270684006,0.00318913339233,0.00270501012409,0.00277645914359,0.00117406819459,0.00374536342178,0.00192284507406,0.00390217397482,0.00218243130668
1783,0.00111102392337,0.00207660505732,0.000269810053455,0.00117325668363,0.00163256416387,0.00146480060104,0.00191746690469,0.00146293754269,0.00220439328252,0.000248125470099,0.00180081402513,0.00151632988753,0.00197000078614,0.00287511235218,0.000812167337497,0.00189734445196,0.000803321865394,0.000940028405837,0.0011616753009,0.000454170223565,0.00168703192594,-0.0000473612200674,0.00162634355,0.00114025068778,0.00137199588961,0.000280627478095,0.00289087070541,0.00207920767421,0.000901390258145,0.0013162164985,-0.000332101540768,0.00173784072703,0.00239329942596,0.00123208363163,-0.0000923190907427,0.00122980877421,0.00233604888792,0.00162168205042,0.00220846298085,0.00153930816704,0.00204147654399,0.00130611813886,0.00109699002662,0.00146439175035,0.000806852921973,0.00161170790866,0.00211535662006,0.000117063766447,0.00210303958162,0.00182646083984,0.00151477137494,0.0015423698563,0.00171283039874,0.00143718947611,0.00169530845078,0.00177098041802,0.000718857918756,0.00184971971594,0.00205805462869,0.00232333872828,0.00228502652559,0.000456211357679,0.00195734201183,0.00147942574314,0.00186379804386,0.000646364039959,-0.000225347098351,0.000389911169421,0.00155512915175,0.000796047642883,0.00122676852322,0.00192576496877,0.00219197742026,0.00105860422587,0.000771615517463,0.000731025025429,0.00166715617193,0.001504433793,0.000850419145525,0.000173040985474,0.000805965532097,0.000681605609714,0.000907690382059,0.00144323722677,0.0026789125181,0.00115883158831,0.000410837010463,-0.000164014492841,0.00168777750151,0.000769700190702,0.0014405561501,0.00187171228122,0.00226540430844,0.00160964624061,0.00177656713119,0.000153787176577,0.00283456898966,0.00110555163488,0.00269189468557,0.00117848963559
1784,-0.000506549183952,0.000259837697058,-0.00110799584634,-0.000454162382062,-0.000371142273704,-0.000278788239586,0.000483495805955,-0.000227844251771,0.000651898158828,-0.00164766736506,0.000127295367483,0.000111461054895,-0.0000569968808784,0.000648900209654,-0.000681252122924,0.000270619566596,-0.000767164899825,-0.000778204474158,-0.000564204990177,-0.000663809158824,-0.000412632025067,-0.00150456210666,0.0000328945942091,-0.000559528883543,-0.000577147904123,-0.00136769834562,0.0010711987433,0.0000844356913851,-0.000111582802197,-0.000161064868881,-0.00122361991191,-0.000221057231806,0.000801588099294,-0.000224090347529,-0.00173572701679,-0.000400047516759,0.000200734937201,-0.000272425087751,0.000407082556384,-0.000296585410842,-0.0000326072224286,-0.000263739017409,-0.000655020665016,-0.000214688722297,-0.0010300808178,-0.0000656991032144,0.000452027637546,-0.000997707958678,0.000330497688459,-0.000135269335416,-0.000486361404623,-0.0000666912273623,-0.000316974468417,-0.000195642276175,0.000257466315968,-0.000490490374264,-0.000743048769708,0.0000810388481401,0.000197355704875,0.000160557069741,0.000161475225269,-0.00116995987641,0.000351374469288,0.0000156379988674,0.000363194652479,-0.000878613189438,-0.00150880438908,-0.00118948272594,-0.000377391279747,-0.000585094369322,-0.000535721019599,0.000223384184359,0.000603812950961,-0.000320515264882,-0.00101814703278,-0.001017267379,9.01726756081e-7,-0.000130405603589,-0.000475968437247,-0.00148996041865,-0.000868698519802,-0.000662423804008,-0.000762243719254,-0.000272166143708,0.000549984837466,0.0000443996905664,-0.00131708746757,-0.00162951450798,-0.00038859586633,-0.000661788192008,-0.000114356549088,0.000311154086139,0.000479517379152,-0.000226736296405,-0.0000876495280308,-0.00146038262808,0.000873650827061,-0.000247893724219,0.000442106526055,-0.000600057319802
1785,-0.00108561695172,-0.000540844168835,-0.00152156437355,-0.00110171789092,-0.00130620422853,-0.00110001108604,-0.000269264113727,-0.00101999184555,-0.000152452852068,-0.00234762774625,-0.000674379007976,-0.000550977865952,-0.00090132265557,-0.000427252726819,-0.00120295489337,-0.000478689605572,-0.00133093811872,-0.00146570665144,-0.00132208344571,-0.00105106652123,-0.0014107585852,-0.0020334108623,-0.000629080580533,-0.00138865579415,-0.00144950129948,-0.00195157252681,0.00019637005048,-0.000677179320136,-0.000380543403386,-0.000696813529531,-0.00164961794486,-0.0010662589841,0.0000136136314889,-0.000838092609387,-0.00226759529982,-0.00104211004509,-0.000578363634898,-0.00117889030071,-0.000428315948244,-0.00104634471442,-0.000923716955998,-0.000924468664621,-0.00134019861764,-0.000934532425957,-0.0018150029006,-0.000771391655889,-0.000187987866913,-0.00137477391788,-0.000316450604935,-0.000957804141644,-0.00129486151675,-0.000771517630603,-0.00114812720726,-0.000896193650693,-0.00026376947494,-0.00132788424524,-0.00130384673176,-0.000655799249457,-0.000721681296587,-0.000811492042587,-0.000837849275417,-0.0018335262369,-0.000432587730248,-0.000638457411568,-0.000356908552785,-0.00137954297672,-0.00211998243531,-0.00179901824952,-0.00105696007281,-0.00124712028281,-0.00123692934035,-0.000628373006081,-0.000188119135927,-0.000913602874897,-0.00170335288379,-0.00183501594335,-0.000535895444395,-0.000981521797142,-0.000996680244958,-0.00184551868919,-0.00153263024734,-0.00116401363358,-0.00136890367847,-0.000982101487874,-0.000481333410111,-0.000436532180351,-0.00202039687085,-0.0021891742458,-0.00123619052503,-0.00112816840145,-0.000782973103742,-0.000374979060245,-0.000367646361025,-0.000970595357604,-0.000991233791025,-0.00203220624481,-0.00016216278584,-0.000800290119739,-0.000631663542809,-0.00136476816016
1786,-0.00109999958887,-0.000685214796122,-0.00141178599878,-0.00117573994773,-0.00150217865671,-0.00129489404833,-0.000559807389731,-0.00118122484032,-0.000445077110489,-0.0023205609098,-0.000897646780069,-0.000739187187863,-0.000976794082119,-0.000661427381253,-0.00121361396493,-0.000639955101547,-0.00131714172717,-0.00154490416709,-0.00142369373418,-0.00105650658239,-0.00164005535029,-0.00206449320839,-0.000722189705395,-0.00158292770991,-0.00160614931232,-0.001890211757,-0.0000613739825626,-0.000701621633257,-0.000370152854467,-0.00069394890808,-0.00177525086181,-0.00115405234543,-0.000234651598465,-0.000949530060195,-0.00213377745338,-0.00106058960215,-0.000591170208637,-0.00140104893293,-0.000638540261223,-0.00115188069331,-0.00104273923493,-0.00103778446659,-0.00134830352062,-0.00108701620763,-0.00192215052394,-0.000934587946328,-0.000260666565239,-0.00137193919824,-0.000338951467273,-0.0010860357763,-0.00131104591033,-0.000917132991325,-0.00121842457438,-0.00103549616752,-0.000318318781776,-0.00125395295242,-0.00136956696318,-0.000766520991704,-0.000967209150917,-0.00098941582286,-0.00109231969838,-0.00188053336053,-0.000655888340639,-0.000793416566732,-0.000579486056692,-0.00134577367401,-0.00230208181368,-0.0018178583142,-0.000991328391749,-0.00144052166173,-0.00126014495506,-0.000882989304111,-0.000435766166641,-0.00106171115885,-0.00168792187628,-0.00202174244839,-0.00043664152707,-0.00124832853045,-0.00110609271559,-0.00160484302649,-0.00161008229389,-0.00124131121005,-0.00136383793539,-0.00102445485878,-0.0007568261969,-0.000601340403677,-0.0020498382795,-0.00221743958201,-0.00125905480609,-0.00110803982403,-0.000886638692339,-0.000552867831343,-0.000559714221692,-0.0010715146601,-0.00122368483183,-0.00199854176468,-0.000485847016717,-0.000918478297384,-0.000861666253348,-0.00147580704316
1787,-0.00100807389339,-0.000651849057041,-0.00123250728073,-0.0011338155318,-0.00147016638928,-0.00129594674849,-0.00069458316874,-0.0011414642951,-0.000559374814345,-0.00214416756207,-0.000942486135466,-0.000785966785642,-0.000857926590171,-0.000624017676294,-0.00114513101279,-0.000619878030581,-0.00117628321545,-0.00146043427155,-0.00133123136708,-0.00100985450234,-0.00163135530161,-0.00201243452675,-0.000689521748645,-0.00156703468758,-0.00156339967836,-0.00169986001738,-0.000136005234483,-0.000569682542707,-0.0003696897192,-0.000584519969742,-0.00181228155524,-0.00101825718808,-0.000315293902021,-0.000948694932573,-0.00187605307423,-0.00093053091855,-0.000461662651762,-0.00141577157273,-0.000667397105594,-0.00110607036746,-0.000956584360078,-0.00102653028338,-0.00119797403315,-0.0010979048688,-0.00185043440772,-0.000965454879126,-0.000224314997644,-0.00132422382137,-0.000250138811861,-0.00104075154065,-0.00111254347708,-0.000924215967969,-0.00110825103089,-0.00104574386247,-0.000304487144416,-0.00096563279323,-0.00132423927617,-0.00073490394831,-0.000985575480462,-0.000947655912326,-0.00110020183993,-0.00176736058599,-0.000704315454135,-0.000823834862732,-0.000657199672425,-0.00124336893085,-0.00234824896758,-0.00170800213621,-0.000776849058283,-0.00150220132142,-0.00112166532235,-0.000943161732802,-0.000502138241738,-0.00109795417956,-0.00150205864876,-0.00201275404869,-0.000235506916939,-0.00131088447169,-0.00113688429122,-0.00135054476094,-0.00156658670053,-0.00123660730897,-0.0012275020312,-0.000882129413743,-0.000801511382369,-0.00069428535378,-0.00191133522627,-0.00214225895898,-0.00105895761185,-0.00103346954488,-0.000839372302711,-0.000593780778261,-0.00053838891212,-0.0010233057529,-0.00124895418899,-0.00184683414112,-0.000547758725248,-0.000942117901323,-0.00081205087706,-0.00141297054603
1788,-0.000868728646409,-0.000518488874235,-0.00105465309879,-0.00103945008744,-0.0013122362019,-0.00118821021909,-0.000689780766308,-0.000992041111087,-0.000532876212329,-0.00195621547699,-0.000868287495361,-0.000715221037572,-0.000658407348324,-0.000462784748903,-0.0010191539408,-0.000486636821928,-0.000988304363434,-0.00128652382581,-0.00112742785016,-0.000926730256482,-0.00152801440024,-0.00194924428709,-0.000608117315239,-0.00143764585764,-0.00144467666672,-0.00149581673076,-0.0000667786668751,-0.000366377031337,-0.000342553910162,-0.000411416979469,-0.00178477112672,-0.00077269044637,-0.000238816260863,-0.000877731759304,-0.00163073582414,-0.000740244136161,-0.000290929313872,-0.00132197544003,-0.00058706921874,-0.00099235455211,-0.000775391656817,-0.000946946395906,-0.00100467176427,-0.00101580889979,-0.00170814169603,-0.000904603017571,-0.000106849173041,-0.00125870773885,-0.0000889270694084,-0.000890839760547,-0.000837876561801,-0.000842876560743,-0.000941304288955,-0.000982364997553,-0.000231666254101,-0.000635181786966,-0.00123603141963,-0.000632474565578,-0.000859479874592,-0.000802011650359,-0.000961794685644,-0.00160007461762,-0.000634704962032,-0.000769804220648,-0.000628171818688,-0.00113803656969,-0.00232256302079,-0.00157471792938,-0.000512662008619,-0.00148577591528,-0.00093904577587,-0.000885311720348,-0.000415599884648,-0.00104639708986,-0.00125258266699,-0.00191857276781,-0.0000137986245868,-0.0012523653214,-0.00109666581117,-0.00114279277826,-0.00148857028722,-0.00116887849857,-0.00103350908124,-0.00065030160989,-0.000708473070651,-0.000689283206129,-0.00175194980273,-0.00205006050446,-0.000785816615379,-0.000934817735625,-0.000681138552459,-0.00054624401161,-0.000378229689773,-0.000884341745629,-0.0011754886609,-0.0016685864618,-0.000430484914989,-0.000885705320281,-0.000615235669945,-0.00126673677311
1789,-0.000668040075265,-0.000271526956399,-0.000861940274826,-0.000823510147903,-0.00102651736696,-0.000972481399857,-0.000466438401789,-0.000735701137259,-0.000194253439821,-0.00176653948064,-0.000658756782541,-0.000496573661652,-0.000370827216241,-0.000195762399747,-0.000739921961973,-0.000227192501639,-0.000752240368623,-0.00102556076748,-0.000803987908669,-0.000744756011757,-0.00135801579474,-0.00187278312713,-0.000383307289577,-0.0011997748284,-0.00126370250545,-0.00128060017686,0.000289389437674,-0.0000188676370665,-0.0000389696932665,-0.0000988306474104,-0.00168201312755,-0.000420925653831,0.0000419791434586,-0.000680438260084,-0.00141037869152,-0.000481104787207,0.000100603240178,-0.00111865844663,-0.00025335388167,-0.000696555697967,-0.000471143323855,-0.000695525326885,-0.000771207104689,-0.000721906601926,-0.00150102569215,-0.000653973080144,0.000215204736698,-0.00112706163767,0.000297631179822,-0.000610973530991,-0.000500255153817,-0.00060058032598,-0.000716655038138,-0.000766470803818,0.0000786218737762,-0.000278135824419,-0.00108859318576,-0.000383023796213,-0.000583337513935,-0.000500307197233,-0.000603409285372,-0.00138984103885,-0.000410064865197,-0.000523403038802,-0.000363516035173,-0.000954561943844,-0.00223543213348,-0.00142526468602,-0.000180370415534,-0.00138122196857,-0.000716616048942,-0.000706480573985,-0.00014645919415,-0.000883744270862,-0.000937461635476,-0.00175969434182,0.000272008530149,-0.00107527719705,-0.00087509439745,-0.000896866624363,-0.00135185156024,-0.00097193741949,-0.000772870613993,-0.0003268972409,-0.00044423862947,-0.000415461239192,-0.00159908606503,-0.00193934770158,-0.000455307677092,-0.00069339753642,-0.000382180197791,-0.00021638713234,-0.0000690221971793,-0.00053060747885,-0.00101294513436,-0.00145954437039,-0.000121948676582,-0.000718628996419,-0.000284092619349,-0.0010325697433
1790,-0.000312865327188,0.000185419953273,-0.000527113199501,-0.000408429403402,-0.000516525880512,-0.000629656031221,0.0000241215707812,-0.000348694148963,0.000302815774321,-0.00146473856091,-0.000171291261934,0.00000347737288697,0.000103492652487,0.000281395032212,-0.000268610987367,0.000297771176625,-0.000308204439027,-0.000548000135958,-0.000439046924013,-0.000364078152826,-0.00102011323153,-0.00171345411659,0.00000506061326751,-0.000911521382501,-0.000900852463257,-0.00102745727531,0.000859141943901,0.00053724457975,0.000298868413869,0.000406772142284,-0.00144275917494,0.0000686832516216,0.00064216586379,-0.000254446705256,-0.0012342614335,-0.000051889281901,0.00057949585584,-0.00066703682418,0.00022901169626,-0.000258909200497,0.0000725363246895,-0.000267689765481,-0.000427070503534,-0.000255272614342,-0.00111499570969,-0.000216827897672,0.000729948111834,-0.000796941375377,0.000845244887673,-0.000062789714623,-0.0000715358912777,-0.000132899682945,-0.000262065698853,-0.000340731244996,0.000520954537193,0.000136741748497,-0.000742180327191,0.0000724505065547,-0.000208059436306,0.0000246194719277,-0.0000427146715292,-0.00117665127716,0.0000803092101606,-0.0000838529423033,0.0000807069972118,-0.000610384303501,-0.00208886341274,-0.00117110928952,0.000367980219635,-0.00107539302221,-0.000352363318483,-0.00033339319712,0.000357001936289,-0.000464031471196,-0.000588016082248,-0.00147252892814,0.000751292841185,-0.000756605061566,-0.000477112943171,-0.000511514969735,-0.00101055090047,-0.000578108364321,-0.000347842022126,0.0000659001779198,0.0000981464889729,0.00000435476956368,-0.00144100170554,-0.00175390511468,-0.000120014648271,-0.000300467996355,0.0000976301305355,0.000193477429122,0.00042112388235,-0.00000574048893256,-0.000639289528781,-0.00110268955714,0.000406962465984,-0.000295715715777,0.000274959591997,-0.000556463574239
1791,0.0000831720097035,0.000678043973655,-0.000206421997742,-0.0000166338271441,0.0000154510616851,-0.000171082676523,0.000513686415437,0.000134117613187,0.000798788219121,-0.00111387561083,0.000306742473483,0.000480898473323,0.000595252949975,0.000811263548243,0.000150521067795,0.000796876310591,0.0000907272833416,-0.0000872321327469,0.000065623901627,-0.0000334240891354,-0.000611207702085,-0.00144602850877,0.000381098497373,-0.000493682831045,-0.000491373921501,-0.000678335869278,0.00142422803592,0.00105361798527,0.000602732802302,0.000849753579445,-0.00113671560766,0.000618591509692,0.00122287059224,0.000148259523357,-0.000947222748273,0.000385128855897,0.00104230960032,-0.000200767710941,0.000707388012364,0.000165528714561,0.000592053502137,0.000141491009239,-0.0000271224445356,0.000195421191726,-0.000694463560212,0.000209391577558,0.00121350473555,-0.000505873696379,0.00134937623952,0.000457100260618,0.000426786931695,0.000315819666668,0.000174352159767,0.0000713043312214,0.000935757343858,0.000623042240054,-0.000412302726964,0.000511676886225,0.000329599109445,0.000537169237393,0.000506208256114,-0.000806304516394,0.000563333724787,0.000341736611006,0.000520449262627,-0.000290077646301,-0.00177533331003,-0.00084492638503,0.000853592494966,-0.000719073794377,0.0000517439596051,0.000117659357935,0.000915047032875,-0.0000642085512384,-0.000134463586895,-0.00108959089892,0.00117710255209,-0.000307999405594,-0.000102330583647,-0.000183225324708,-0.000681050867022,-0.000210385232613,0.0000810879621654,0.000554732897559,0.000638348545312,0.000402078348579,-0.00112187777475,-0.0014590134143,0.000358740926439,0.0000517424230243,0.000600209765246,0.000599668424145,0.000979235140281,0.000491215837724,-0.000218333652407,-0.000737613675862,0.00102855448815,0.000103247250788,0.000860884585441,-0.000107550332874
1792,0.000431283842772,0.00111795399004,0.0000465147159046,0.000331762056556,0.000484050472491,0.000240571973074,0.000954726727676,0.00055759102774,0.0012497096675,-0.000800483767429,0.000738607683792,0.000893786160221,0.00102199478806,0.00130742558422,0.000494461182885,0.00123356242015,0.000424826513173,0.000310982332391,0.000483540385298,0.00023275981024,-0.000222281808391,-0.0011998508819,0.000726665867469,-0.0000846182349983,-0.000109632929695,-0.000388191121723,0.00193617134678,0.00150052955921,0.000862534180807,0.00120434561619,-0.000883569833809,0.00108973371298,0.00172206054568,0.000501899712283,-0.000688367118313,0.000753040031179,0.00147091362318,0.000226624890156,0.00114939256521,0.000556814889499,0.0010562613234,0.000508337067582,0.000316246562465,0.000600888788438,-0.000314963006831,0.000599353373628,0.00163588049686,-0.000264689889634,0.00178084589014,0.000912351494815,0.000850245829633,0.000713720754426,0.000569224369734,0.000442220294612,0.00129957132448,0.00103812302243,-0.000109831175439,0.00090790385217,0.000805991731588,0.00100685625142,0.00100703011611,-0.000486268950356,0.000999573860767,0.000722073256294,0.000921571051536,-0.00000233993611536,-0.00148456194699,-0.000553541599583,0.00125144870803,-0.000392751224245,0.000408115213924,0.000531395200816,0.00140289460156,0.000288582863928,0.000230651410056,-0.000735685948058,0.00153375750274,0.000104782152263,0.000227604701698,0.0000862042123069,-0.000375306688042,0.000112798619754,0.000437745790447,0.000956436725137,0.00113337748761,0.000750544651213,-0.000825302028361,-0.00119434984949,0.000770703720383,0.000348948052463,0.00100617404419,0.000979696309768,0.00146362768104,0.000929293843111,0.000177402226517,-0.000432102246917,0.0015888136059,0.000452301895425,0.00138663002628,0.000282270726503
1793,0.000730977889004,0.00149818309418,0.000241842142126,0.000635301578548,0.000880885134144,0.000596809277029,0.00133169768603,0.000915613307576,0.00164033832288,-0.000521646463557,0.00111374199562,0.00123237975157,0.0013827023864,0.00176053133538,0.000766396322553,0.00160053736161,0.000697147665019,0.000643144355587,0.000808549835099,0.000441537267206,0.000140882337642,-0.00097521059109,0.00103878236577,0.000260775542389,0.000239535754497,-0.000150258695318,0.00238031730097,0.00187613573406,0.00108102182973,0.00147544247814,-0.000684447684292,0.00147865387742,0.00212647157859,0.000803359794238,-0.000478737120837,0.00105455597271,0.00186201694716,0.000606184715148,0.00154486064068,0.000910232981404,0.00145940386889,0.000829137979793,0.000605687104505,0.0009537571434,0.0000201006940221,0.000945556959348,0.00199387036678,-0.0000682611014545,0.00213969709204,0.00129573582182,0.00120044210318,0.0010544814408,0.000920859043788,0.000766030346905,0.00161033761077,0.00138754619939,0.000163363227567,0.0012558640006,0.00120905915775,0.00142655535107,0.00144779556097,-0.000220464483492,0.001377554501,0.00104996115668,0.001273546139,0.000254073044763,-0.00122212432147,-0.000296217415388,0.00156867461456,-0.000103319895564,0.000717629858961,0.000896979908117,0.00180629099041,0.000588133815331,0.000512614837413,-0.000415873258678,0.00182715196292,0.000470589822802,0.000508789846682,0.000305702874348,-0.0000953464389313,0.000388447062168,0.000723791896709,0.00127195823061,0.00157001185205,0.00104299617687,-0.000549876034918,-0.000959267478871,0.00111314211491,0.000594888687611,0.00131549557205,0.00132587843777,0.00186490331706,0.00130296184939,0.000539892094685,-0.000182152294602,0.00207045450785,0.000746726113014,0.0018421277379,0.000609450655886
1794,0.00097808667909,0.00180908192796,0.000383611311017,0.000888143165022,0.00119630313551,0.000888590651229,0.00162758228387,0.00120132132652,0.00195482749413,-0.000277068949051,0.00142010784207,0.00148466167437,0.00167196460647,0.00216063872484,0.00096210747515,0.00188892696415,0.000907837127237,0.000904343177016,0.00103703096216,0.00059274593453,0.000472627549666,-0.000773632066136,0.00131154345985,0.000534606941061,0.000550480600252,0.0000384940320937,0.00273891288241,0.00217308596934,0.00125353397322,0.00166146638318,-0.000541498379823,0.00178028100311,0.00241878853535,0.00104503415935,-0.000312476258096,0.00128816463451,0.00220896504682,0.000927638639418,0.00188218051351,0.00121902093498,0.00179300573398,0.00109638037471,0.000840341632406,0.00124401123336,0.000305799959224,0.00123794757557,0.00227786733294,0.0000827849167706,0.00241817331692,0.00159653943066,0.00147660454718,0.00132800968461,0.00122420121457,0.00103336602354,0.00185948467979,0.00167270593488,0.000404449618797,0.00154663914555,0.00152625710128,0.00178670116049,0.00181633926907,-0.00000954125355403,0.0016844116347,0.00131505122471,0.00156377326687,0.00047690769912,-0.000992964256992,-0.0000736295372641,0.00180561527983,0.000140944628424,0.000978362909039,0.00120282332357,0.00210883424892,0.000825571869232,0.000712998922356,-0.000134922065994,0.00205685549311,0.000778583285178,0.000733267717293,0.000477270122473,0.000154919922136,0.000610426538178,0.000937429202183,0.00149949567899,0.00193320664356,0.00126798677044,-0.000294775243361,-0.000755069383326,0.00138524578272,0.000786441000523,0.00152303367438,0.00162904351997,0.00217224391016,0.00160291529851,0.000860748833387,0.0000130387780695,0.00245631502619,0.000977799189976,0.00221693149221,0.000868116270341
1795,0.00106081541194,0.00193152254479,0.000386153391965,0.00098101604844,0.00130482661671,0.00100468993858,0.00174667343022,0.00131095081438,0.00208687451793,-0.000189832630881,0.00154739350099,0.0015606089126,0.00176027876441,0.00236499522661,0.000983626142446,0.0019928366569,0.000953014400364,0.000979010224903,0.00106933500687,0.00061707617568,0.000637257085342,-0.000695625993823,0.00143750010627,0.000635516515118,0.000696634243493,0.000076386104656,0.00288726828582,0.00225822485783,0.00130139584678,0.00166984201383,-0.000503385124742,0.00187501932594,0.00249755569458,0.0011311703478,-0.00029037177415,0.00135347883992,0.00235848786368,0.00106939474895,0.00203866597591,0.00135620774774,0.00192178855585,0.00120543124708,0.000910853812824,0.00135654000235,0.000424213409319,0.00135524338039,0.00237205902327,0.000116982728612,0.00249489570492,0.0016837975216,0.00155591206668,0.0014279200144,0.00134562520525,0.00113404407078,0.00194371041968,0.00175059363337,0.000510015179412,0.001660411603,0.00164023125455,0.00194483953885,0.00196529705761,0.0000471952208584,0.001815708633,0.00142000096466,0.00169050328636,0.000559246247808,-0.000903857615947,0.0000126269762713,0.00184001992417,0.00025114523221,0.00107838006356,0.00133908015393,0.00220826220998,0.000905667233717,0.000726180944754,-0.00000491004668842,0.00211234574678,0.000926842932271,0.00080707741975,0.000480433603629,0.000261371085433,0.000682632173753,0.000970407732002,0.00153844933565,0.00208212443601,0.00134525541883,-0.000168680761889,-0.000676469584109,0.00146008803874,0.000825535357702,0.00153738962245,0.00177569300407,0.00227331196444,0.00170470765615,0.00101939685418,0.0000515744722738,0.00262268720528,0.00105213489289,0.00236718160027,0.00094614707463
1796,0.00105511867416,0.00192703627661,0.000319778434764,0.000978496461126,0.00126995901914,0.000999466558234,0.0017339579047,0.00129903020615,0.00208741504403,-0.000188561506632,0.00155024116283,0.00151254666447,0.00171881128493,0.00242797536669,0.000907391581536,0.00197149887133,0.000909946272539,0.000947713848973,0.000971159189136,0.000573717955408,0.000689934749519,-0.000834839159769,0.00147170906149,0.000612314754447,0.000736191314656,0.0000321638427008,0.00288430993719,0.00221112464995,0.00129401867811,0.00157402629979,-0.000532318005867,0.00183158265702,0.00241820899007,0.00111854867688,-0.000341830148176,0.00131517207406,0.00239537044498,0.0010847792219,0.00207232045086,0.0013918869919,0.00191511387217,0.00121552529664,0.000881668450189,0.00135771786675,0.000438227970777,0.00137126781925,0.00235062555522,0.000090783711981,0.00245110770667,0.00163277406707,0.00151132814162,0.0014124493047,0.00135375728754,0.00112699969822,0.00193297719082,0.00170560997999,0.00054728921199,0.00166024643295,0.00160659936487,0.00196801900357,0.00197426461671,0.0000104218908878,0.00181913793751,0.00141665136786,0.00170385197928,0.000570959651356,-0.00106652778921,0.0000205908473794,0.00175843275153,0.000269963918974,0.00107942516992,0.0013526420623,0.00215742698278,0.000890087666118,0.000627382343336,-0.000103751597183,0.00206956364742,0.000955873353835,0.000775793738915,0.000415692145832,0.000287395619378,0.000676802141987,0.00089966283713,0.00145566121194,0.00207660534297,0.00133416449023,-0.000117847135963,-0.00066622953377,0.00140978138303,0.000785351509048,0.00142457297121,0.00182995069615,0.00222846262381,0.00168375651861,0.00106467574703,0.00000465758919834,0.00261921562389,0.00103271834726,0.00235867168704,0.000906913436362
1797,0.00111972054436,0.00197522946233,0.000326785135878,0.000976242216522,0.00128820091195,0.00104082018849,0.0017306463977,0.00133179801582,0.00210835518667,-0.000092377376929,0.00159130589742,0.00148460008431,0.00175043667219,0.00256098893747,0.000888412969878,0.00199011814764,0.000936331112627,0.000977502281973,0.000918429653839,0.000578288350686,0.000824496230618,-0.000946864530054,0.00156915023228,0.000628404639656,0.000851659375845,0.0000687599432704,0.00291253262874,0.00223718208116,0.00120434152303,0.00153320702831,-0.000541667982903,0.00184719809392,0.00234654475644,0.00115153214162,-0.00030490582111,0.00133887768982,0.00253239402228,0.00115434618077,0.00215816302645,0.00150262643016,0.00197793925846,0.00127979560305,0.000925838587426,0.00141114615632,0.000522370199933,0.00144556571175,0.00238445904831,0.0000860439885634,0.00247239487155,0.00164063154998,0.00154407518816,0.00144162630737,0.00144600258041,0.00117250842531,0.00197487453621,0.00176413011501,0.000651696698299,0.00172140244882,0.0016084563248,0.00206506510287,0.00204457039201,0.0000373491935525,0.0018527747657,0.00145068134128,0.00174977585274,0.000660972127627,-0.00118677936421,0.000100922519853,0.00176181081834,0.00032651142357,0.00115388594837,0.00140540896733,0.00211901077283,0.000815127931479,0.000599234631647,-0.000182380935606,0.00210484973927,0.00101938278283,0.000605245795751,0.000455610263879,0.000261854716371,0.000722156330189,0.000895770720471,0.00142665547734,0.00212344339363,0.00121173732225,0.0000172164678536,-0.00078853715285,0.00143985074477,0.00081136455431,0.00134903536294,0.00193919042549,0.00221894402566,0.00172379598912,0.00117085458182,0.0000318397752632,0.00263979645617,0.0010533007372,0.00241208526638,0.000925869290228
1798,0.00122691632669,0.00206475754369,0.000383272713658,0.000921635603172,0.00135255537026,0.00112089271522,0.00174085066445,0.00140512581538,0.00215033038986,0.0000651962029117,0.00166424746174,0.00147897588668,0.00183916117644,0.00275284949848,0.000835194596424,0.00204545352927,0.00101034809186,0.00104873227689,0.000910055103055,0.000432742051087,0.00102106769047,-0.000936893945175,0.00171040089948,0.000682536175323,0.00102200490322,0.000161407930797,0.00296865266599,0.00231660480286,0.00106454889407,0.00153714188448,-0.000530495662631,0.00191434810691,0.00229249672377,0.00119604432874,-0.000208888201598,0.00141155007585,0.00273221652624,0.00126813773915,0.00228350964042,0.00166187141674,0.00209392156344,0.00138136554273,0.00102457691343,0.00149965867796,0.000656003974628,0.00155482360961,0.00245501129389,-0.0000615124251128,0.00253838389044,0.00169202895315,0.00163843594918,0.00150488439933,0.00159790677628,0.00125496478987,0.00204836229257,0.00189834339588,0.00079518992889,0.00182610537479,0.00164650906559,0.00221757195939,0.00216116437935,0.000111585875394,0.00191518389112,0.00151391622241,0.00182154405151,0.000795901275263,-0.00123157489178,0.00022958858416,0.00182744440945,0.000411770576898,0.00128195164207,0.00149256635282,0.00210101856531,0.000658561928414,0.000627668129537,-0.000038521639981,0.00219520951294,0.00111597446941,0.000459055941373,0.000550361504553,0.000412542328893,0.00079584400394,0.000939354855826,0.00144589206563,0.00221450242644,0.00102789096376,0.0002101403424,-0.000723616577609,0.00153354590805,0.000877060575933,0.00131217195959,0.0020833096753,0.00224636999549,0.00180557990358,0.001325095176,0.000108509836911,0.00269240087407,0.00109957139449,0.00252018225144,0.000990332597942
1799,0.00134742215294,0.00217104342799,0.000459965031908,0.0010397830564,0.00143720236647,0.00121685578476,0.00160230769936,0.00149813487816,0.00220398703708,0.000237427196227,0.00175116707714,0.00148933806505,0.0019513136438,0.00296610677051,0.000667389702829,0.00212087080254,0.00110415739639,0.00113646756272,0.000928996534456,0.000283828828635,0.00123747846599,-0.000794481154615,0.0018657452379,0.000754875633824,0.00120874574318,0.000273435290662,0.00303828751254,0.0024172604034,0.000933106218944,0.00156810222871,-0.000524857675079,0.00200620453034,0.00225577059792,0.0011167581223,-0.0000953959853886,0.0015070905269,0.00294832512393,0.00139831555972,0.00242319561494,0.0018349556473,0.00222937205418,0.00149609297495,0.00114390622243,0.00160066795544,0.000804656203002,0.00167539509503,0.00254098232574,-0.000195913302255,0.00262406110414,0.00176093565801,0.00175853711358,0.00158248493596,0.00176861850963,0.00135036833584,0.00213399518483,0.00205914862006,0.000948152546043,0.00194591660138,0.00170352902885,0.00238907346847,0.00229554955776,0.000203308939248,0.00199138822675,0.00158988882259,0.0019043179751,0.000940668078293,-0.0011079682101,0.000371331233294,0.001920533898,0.000507546976861,0.00142839805848,0.00159387247895,0.00209982935609,0.000514035973652,0.00068363793326,0.000120910097384,0.00230844598631,0.00122678322104,0.00032228308205,0.000656158536975,0.000575255201065,0.000879634165437,0.00100361073096,0.00149178227204,0.00232269666323,0.00085303127663,0.000417352084121,-0.000592087842527,0.00165272381475,0.000956747722239,0.00115464923369,0.00223903178256,0.00229586498382,0.00190292728333,0.00149593305455,0.000201878521806,0.00276336958434,0.00115753831671,0.00265145172478,0.00107337506188
1800,0.00148772396802,0.00230504872435,0.000560042260185,0.00117961335904,0.00155249277428,0.00133704864769,0.0015543303805,0.00161986321445,0.00228752376199,0.000417652989866,0.00186498672289,0.00153562138366,0.00209364160271,0.00320178725603,0.000579792150465,0.00222980139128,0.00122254159197,0.00124905138561,0.000989490149911,0.000164272911913,0.00146756551418,-0.000646631342359,0.0020385281113,0.000854266263099,0.00140938808289,0.000403463719501,0.00314251777414,0.00254996397268,0.000921483590584,0.00164022262814,-0.000677101999601,0.00213221399391,0.00226629438005,0.00122098342491,0.0000296982379456,0.00163255392648,0.00318153000209,0.00155123854564,0.00258612644481,0.00202470010325,0.00239120945624,0.0016327530037,0.00128501836124,0.00172563918585,0.000969280417167,0.00181770077397,0.00265890000069,-0.000309574097874,0.00274556969437,0.00186121875285,0.00190690656732,0.00168741892743,0.0019584086422,0.00146841606946,0.00224663637402,0.00224353688282,0.00111043429441,0.00208913752023,0.00179455358335,0.00258482342344,0.00245666297039,0.000313647084135,0.00209569913835,0.00169165382467,0.00201190213377,0.00109630581215,-0.000972377674897,0.000523009999537,0.00204880273824,0.000621320622002,0.00159328314395,0.00171882150614,0.00214045953788,0.00045072128389,0.000773770219831,0.000293459668805,0.00245079215685,0.0013600397766,0.000332528275111,0.000775331619646,0.000747992782649,0.00098428492184,0.00109669125245,0.00157492019055,0.00245999940629,0.00070758959252,0.000628319870632,-0.000452242834963,0.00179862769728,0.00105989432489,0.000990073011785,0.00241339971612,0.00238441342333,0.00202845775572,0.00168459309044,0.000313868256186,0.00287220476367,0.00124186870284,0.00281363451953,0.0011823095849
1801,0.001660705113,0.00248549015404,0.000693249118107,0.001354877123,0.001717056803,0.00149704109562,0.00166333710185,0.00178641643577,0.00242421827807,0.000611076601072,0.00202487113954,0.0016408485907,0.00228289389923,0.00347300406123,0.000704186545866,0.00239175362535,0.00137681476903,0.00140088997398,0.00111100605939,0.000117127425854,0.00171664141303,-0.000488754974824,0.00224050883696,0.000996788720318,0.00163189547461,0.000559641158957,0.00330867219104,0.00273429510248,0.0010541454452,0.00177165996281,-0.000641354230699,0.00231047496271,0.00235697149825,0.00136822867177,0.0001709906792,0.00180252921666,0.00344387165964,0.00174224422012,0.0027889619188,0.00224231857005,0.0025962980733,0.00180689246718,0.00145838978525,0.00189193673592,0.00116001200708,0.00199745960705,0.00283075341378,-0.000232708214348,0.00292554749207,0.00201430746306,0.00209631318916,0.00183894965183,0.00217890755313,0.00162574145098,0.00240548325773,0.00246166364451,0.00128833456432,0.0022722853071,0.00194150355026,0.00282090252971,0.0026620363248,0.000451795400938,0.0022487604718,0.00183782617737,0.00216347388514,0.00127184871347,-0.000818351884935,0.000690642274783,0.00222874694824,0.000766318572171,0.00178659917685,0.00188412349157,0.00225144762691,0.00058079300463,0.000912320397384,0.000486000533985,0.00263653564167,0.00153108474389,0.000464788140629,0.00091862033021,0.000937780576524,0.00112357402161,0.00123287491493,0.0017123816048,0.00264765974116,0.00078791603105,0.000844184047579,-0.000297563886275,0.00198337536949,0.00120148229506,0.000896785676191,0.00261931226492,0.00253490057751,0.00220182487546,0.00190182650775,0.000454266771517,0.0030458761423,0.00137027387121,0.0030246998136,0.00133240459477
1802,0.0018673131376,0.00271631442813,0.000857727806274,0.00156777343921,0.00193470767447,0.00170047322077,0.00183721348762,0.00200056474739,0.00262031542593,0.000818849676437,0.00223533113422,0.00180874843766,0.00252144151545,0.00378381218687,0.000881587055393,0.00260999691984,0.00156664702068,0.00159282686187,0.00129434547623,0.000286872291559,0.00198639397992,-0.000320131910137,0.00247433757618,0.00118571212309,0.0018783734307,0.000741811857146,0.00354391997902,0.0029726591681,0.00122253223258,0.00196058366412,-0.000510129662092,0.00254317055572,0.00253383871091,0.00156028789997,0.000328308531175,0.00201749609466,0.00373792656581,0.00197553992107,0.0030360785141,0.00249012057389,0.00284814463673,0.00202117790977,0.00166489409832,0.00210283624084,0.00137883450703,0.00221743600277,0.00305913717312,-0.0000759499540625,0.00316567209213,0.00222361793101,0.00232765669881,0.00204070330262,0.00243246337419,0.00182580447178,0.00261232830243,0.00271435016321,0.00148259055841,0.00249873790347,0.00214944411256,0.00310134861866,0.00291543963684,0.000618448544761,0.00245587848673,0.00203216071826,0.00236370927471,0.00146857541777,-0.000644667233132,0.000875298297561,0.00245982780123,0.00094590877458,0.00200989817279,0.00209442429846,0.00243867173403,0.000756568944476,0.00109837600983,0.000700175817251,0.00286573012864,0.00174445920413,0.000638283195874,0.00108559526613,0.00114609952273,0.00129825932121,0.00141222891086,0.00190435372478,0.0028918339814,0.000951788754965,0.00106550671975,-0.000127033364896,0.00220807848338,0.00138150081634,0.00100635067123,0.00285943831251,0.00275143022396,0.00242589760395,0.00215089799847,0.000623171616133,0.00329220372095,0.00154463992897,0.00328914166649,0.00152584094011
1803,0.00209481483703,0.00298144392033,0.00103809800367,0.0018050205123,0.00218865435557,0.00193394006951,0.0020577901517,0.002247069867,0.00285969684763,0.00103485741848,0.00248148086812,0.00201929014304,0.00279212786794,0.00412310260438,0.00108904717396,0.00286664855272,0.00177739067687,0.0018098709892,0.00151643185663,0.000479620507033,0.00227050688992,-0.000145292154988,0.00273002494362,0.00140663944803,0.00214101933357,0.000938582835994,0.00382869231235,0.00324519944685,0.00141032138028,0.00218232195023,-0.0003547937499,0.00281148115297,0.00276966318786,0.00178164049896,0.000493662236215,0.00226023850376,0.00405290030739,0.00223876534726,0.00331468379002,0.00275808171154,0.00313136380515,0.00226201405855,0.00189190300917,0.00234359578801,0.00161586679426,0.00246453299491,0.0033237554616,0.0000984285110697,0.00344323128362,0.00247012010087,0.00258549982365,0.00227639311312,0.00270782337035,0.00205473522999,0.00284946011473,0.00298819090522,0.0016868992897,0.00275442039952,0.00240038979084,0.00341236117984,0.00320211064702,0.000802672412268,0.00270163821326,0.00225950844211,0.00259864127139,0.00167781853898,-0.000457929596357,0.00107031444029,0.00272045202178,0.00114963211129,0.00225212924959,0.00233716249938,0.00267941592394,0.000962339298699,0.00131210317133,0.000928787413554,0.00312038226277,0.00198857168552,0.000837677309109,0.00126347835561,0.00136639741445,0.00149481764061,0.00161716322692,0.00213006443473,0.0031765827643,0.00114990052488,0.00128973150884,0.0000527174016727,0.00245805451472,0.00158355197379,0.00123308332572,0.0031235882119,0.00301325277275,0.00268302533526,0.00242273425385,0.000808083522191,0.00359159404201,0.00174873913153,0.00359092997926,0.00174775746707
1804,0.00232481427583,0.00325548301305,0.00121467083767,0.00204660432408,0.00245174927039,0.0021755791085,0.00229448758041,0.00250183329892,0.00311434858207,0.00124967109786,0.0027385948656,0.00224116234384,0.00306869411188,0.00447175372781,0.00129657026636,0.00313362426059,0.00198897048452,0.00203003467566,0.00174397825882,0.000670239418837,0.00255840215182,0.0000290567045327,0.00299169776276,0.00163619348064,0.00240714028621,0.00113420895473,0.00412988017467,0.00352240302021,0.00159729663871,0.0024038153673,-0.000195905235426,0.0030870479576,0.00302155139434,0.00200880514686,0.000656086241945,0.00250615201475,0.00437194834324,0.0025109288996,0.00360323418657,0.00303035199648,0.0034215143495,0.00250847281936,0.00212085652389,0.00259125953,0.00185549640512,0.00271838594132,0.00359478802637,0.000271723216834,0.0037255720576,0.00272443177411,0.00284691433372,0.0025203093209,0.00298730724097,0.00229063705056,0.00309132342314,0.00326333731095,0.00189187047827,0.00301712918414,0.00266439809065,0.00373152219587,0.00349766089673,0.000988345529123,0.00296005820794,0.00249574507155,0.00284481010618,0.0018873017362,-0.000268735680003,0.00126581106727,0.00298091759867,0.00136039667746,0.0024967929931,0.00259069008983,0.00293662600725,0.00117516974248,0.00152610699749,0.00116022562451,0.00337595677309,0.00224308103125,0.00104129369047,0.00143584082789,0.00158833024685,0.00169408481838,0.00182341767128,0.00235981351617,0.00347441704556,0.00135542062955,0.00151272671711,0.000231926510283,0.00271133981942,0.00178542411873,0.00146447376224,0.00339520957195,0.00328734242985,0.0029465086452,0.00270196853277,0.000991830288893,0.00390976339839,0.00195862804142,0.00390341796577,0.00197527369908
1805,0.00254240512614,0.00351657537981,0.00137316061528,0.00227596672023,0.00269991441441,0.00240608278084,0.00251951686104,0.00274364635201,0.00335841411635,0.00145565943885,0.00298446417079,0.00244707100621,0.0033288299488,0.00481243144465,0.0014812373372,0.00338652881447,0.00218558899171,0.00223506459919,0.00194964043471,0.000840840024074,0.00284070299455,0.000197472382602,0.00324588633053,0.00185342906982,0.00266566102949,0.0013164695998,0.00441757435286,0.00377990344487,0.00176901133584,0.00259955621451,-0.0000498972199877,0.00334576790741,0.00325223593733,0.00222200192676,0.000807385804349,0.0027352631113,0.00468085903429,0.00277315293835,0.00388234652493,0.00329336827204,0.00369752620618,0.00274286259933,0.00233645468216,0.00282624341307,0.0020844014186,0.0029614783916,0.00384789445037,0.000430161016998,0.00398640831363,0.00296144509558,0.00309268680671,0.00275028703068,0.00325580857269,0.00251466998517,0.0033172688459,0.00352344959565,0.00208978240026,0.00326776553915,0.00291434396576,0.00403934010747,0.00378007790635,0.00116212710517,0.00320769011367,0.00271990013288,0.00308105600226,0.00208757441776,-0.0000863837951031,0.00145388626997,0.00321799171888,0.00156333160244,0.00273038270253,0.00283513115853,0.00317703207404,0.00137572858678,0.00171863491416,0.00138443514905,0.00361367613713,0.00248925105846,0.00123157706474,0.00159114816612,0.0018031990776,0.0018806247566,0.00201188735467,0.00256924980584,0.00376024294659,0.00154630950072,0.00173114803853,0.00040283481115,0.00294948166092,0.00197020341055,0.00166890055171,0.00365966411643,0.00354455846773,0.00319393277809,0.00297489419783,0.00116119373789,0.00421502364239,0.00215446683208,0.00420271992565,0.00218868838198
1806,0.00274012993912,0.00375177897137,0.00150813529632,0.00248440220304,0.00291919608557,0.00261363654597,0.00271535365907,0.00296034934538,0.00357564821326,0.00164891405588,0.00320569131753,0.00262135604386,0.00356061320195,0.00513378121352,0.00163286151798,0.00361121006549,0.00235940784117,0.00241525503268,0.00211892403433,0.000984534181038,0.00311116560825,0.000357162038921,0.00348472316415,0.00204605711379,0.00290968598954,0.00147974775825,0.00467352045866,0.00400488736215,0.00191952122255,0.0027580990607,0.0000747301601823,0.00357422718284,0.00344017063552,0.00241087524146,0.000943971690854,0.00293766314374,0.00497155074989,0.00301377748261,0.00414001905256,0.00353931855302,0.00394724056854,0.00295553753613,0.00253082198248,0.00303721653974,0.00229506402942,0.00318370575788,0.00407042273023,0.000568090888378,0.00421301047596,0.00316707813417,0.0033127949093,0.00295398182726,0.00350483554189,0.00271604626393,0.00351702887397,0.00376029682095,0.00227634531562,0.00349540869555,0.00313391497173,0.00432393628416,0.0040360427536,0.00131697784789,0.00342998660363,0.00291994268536,0.00329457516328,0.00227368200297,0.0000836532962033,0.00163003444183,0.00342111839924,0.00174915657122,0.00294534212948,0.00305796365928,0.00338096714472,0.00155317503587,0.00187946487089,0.00159512007696,0.00382450830734,0.00271508051324,0.00139935450808,0.00172529568318,0.00200609669431,0.002046546538,0.00217274098217,0.00274592551701,0.00401831140082,0.00171090394851,0.00194305981094,0.000561375491684,0.00316266507675,0.00213052708299,0.0018309086079,0.00390815944385,0.00376805581189,0.00341308150729,0.00323237031768,0.0013096922141,0.0044872291584,0.00232572665019,0.00447409426249,0.00237725007173
1807,0.00291373545564,0.00395332611227,0.00161800331994,0.00266686562932,0.00310136730696,0.00279105993006,0.00287061316244,0.00314495802149,0.00375537000296,0.00182749516474,0.00339380808279,0.00275472581479,0.00375742935167,0.00542857317751,0.00174653750889,0.00379941855484,0.00250665402625,0.0025651818503,0.00224471441832,0.00109867499917,0.00336582914019,0.000506512911173,0.00370341613576,0.00220687863436,0.00313498300024,0.00162172931922,0.00488586279645,0.00419032993097,0.0020454680118,0.00287449968439,0.000173880485938,0.00376522975091,0.00357252965074,0.00256935366209,0.00106470715492,0.00310852494757,0.00523906378478,0.00322549989943,0.00436850780749,0.00376337364702,0.00416353758618,0.00314071946991,0.00269994034752,0.00321718011956,0.00248316816876,0.00337842821905,0.00425496032983,0.000683109509395,0.00439841741391,0.00333298825982,0.00350219015962,0.00312395821296,0.00372941248339,0.00288812303636,0.00368443700301,0.00396984443062,0.00244901779886,0.00369337454288,0.00331311589471,0.00457800431817,0.00425698582496,0.00144931862338,0.00361778470928,0.00308847897116,0.00347701113277,0.00244297683469,0.000237915011794,0.00179191183129,0.00358565878715,0.00191206617223,0.00313767455374,0.00325109773348,0.00353634095872,0.00170082081837,0.00200422263211,0.00178849620736,0.00400434975885,0.00291294604402,0.001538974738,0.00183693708625,0.0021940502386,0.0021871047586,0.0023011581426,0.00288385467348,0.00423845152581,0.00184163256286,0.00214749439394,0.000705440438921,0.00334582522981,0.00226270417547,0.00194306679446,0.00413478234009,0.00394800484551,0.00359678116407,0.0034685342249,0.00143443761139,0.00471372878868,0.00246600572535,0.00470861022528,0.00253487777219
1808,0.00306163085453,0.00411726423362,0.00170366445656,0.00282105363366,0.00324259281905,0.00293467504683,0.00297885276591,0.00329442885053,0.00389159399418,0.00199082107858,0.00354432070161,0.00284293116115,0.00391651010618,0.00569256347915,0.00182129824508,0.00394740737225,0.00262661854265,0.00268303747827,0.00232505027105,0.00118351833481,0.00360234152262,0.000644890266518,0.00389938077655,0.00233255575482,0.0033392737015,0.00174230055125,0.0050478708314,0.00433341978838,0.0021459008794,0.00294839555939,0.000246639830103,0.00391608960269,0.0036430661795,0.00269470360422,0.00116999441291,0.00324657661011,0.00548084317771,0.00340430267161,0.00456346481432,0.00396307903955,0.00434300999568,0.0032956114681,0.00284251460244,0.00336262162126,0.00264678667232,0.00354215358624,0.00439816965807,0.000775074535055,0.00454001664913,0.00345532431529,0.00365939962894,0.00325656698492,0.00392713660182,0.00302745199535,0.00381675011362,0.00415099766315,0.00260672605532,0.00385819933882,0.00344688111598,0.00479754590217,0.00443851372333,0.00155807265131,0.00376607211312,0.00322172184928,0.00362369602081,0.00259441690096,0.000374744380477,0.00193860716189,0.00371103493876,0.00204881856532,0.00330576758006,0.00340993503974,0.00363712574398,0.00181553106213,0.00209257187115,0.00196263338401,0.00415232251711,0.00307855594541,0.00164795271895,0.00192672419749,0.00236557055094,0.00230047201954,0.00239594516718,0.00298163073206,0.00441481045814,0.00193495889811,0.00234407854118,0.000834279949309,0.00349728388788,0.00236582082176,0.00200364553413,0.0043362374993,0.00407994282904,0.00374182588772,0.00367987906302,0.00153498676427,0.00488752863814,0.00257246739996,0.00490169091978,0.0026590570885
1809,0.00127991548568,0.00227471315465,0.000174646597847,0.0010888626311,0.00123325509662,0.00118668111151,0.00146942968937,0.00163875251812,0.00225085676212,0.0000302978907361,0.00183032386473,0.00135857137737,0.00185067713008,0.00362740959261,0.000123636996711,0.00226115593734,0.000875563318589,0.000778076922195,0.000586829401677,-0.0000691752556018,0.00158452401326,-0.000966525794279,0.0022886115618,0.000710050617341,0.00143490237184,0.0000302431438739,0.00315664205154,0.00219684530139,0.000834245020568,0.00130038282827,-0.000664709807557,0.0019901000957,0.00198684814501,0.00114845190371,-0.000553619928393,0.00158878064322,0.00318843995351,0.0015542694154,0.00272800356776,0.00203413125964,0.00224836933499,0.00166362099748,0.00107170533392,0.0015588231964,0.000790135166651,0.0016671573394,0.0025593041442,-0.000468667742463,0.00257807693395,0.00135542504721,0.00164676153928,0.00156720016104,0.0018782721476,0.00130340257441,0.00217235230347,0.00185690451707,0.000987460366901,0.00200928511569,0.00158840642289,0.00265919414594,0.00218304385492,-0.000101939175157,0.00217481518802,0.00169030564517,0.00206164116513,0.000909497482864,-0.000988287800105,0.00031560343778,0.00164337197307,0.00066871596612,0.00154529000271,0.0017394644753,0.00199816418398,0.000268713772472,0.000234626448853,0.000218412244933,0.0023499473225,0.00153841991281,0.000107536770165,-0.00010375546573,0.00060130062877,0.000728199800214,0.000552722222955,0.00126276424455,0.00227827624545,0.000607286736253,0.000685790275182,-0.000693040639568,0.00144470661653,0.000726894520812,0.00035512393126,0.00264547422102,0.0022637503034,0.00176076897632,0.00189113829202,-0.000199163581262,0.00301734709833,0.00105456387871,0.00269224907778,0.000831585241846
1810,-0.00121490625961,-0.000589638399442,-0.00188924305478,-0.00146207078479,-0.00193248928308,-0.00154642174642,-0.000864909244138,-0.00101151002094,-0.000265232617389,-0.00287320365883,-0.000827433737449,-0.000854462952975,-0.00134382978029,0.0000978210827923,-0.00215989145816,-0.000305512465166,-0.00152330091528,-0.00186706281464,-0.00208616262125,-0.00176054377892,-0.00169766061438,-0.00318616781762,-0.000208311611859,-0.00194906728953,-0.00160056626164,-0.00248107901933,0.000200870360142,-0.000924554853691,-0.000701107943105,-0.000957751056404,-0.00199878542484,-0.00105046452199,-0.000577666042551,-0.00113885549674,-0.00302827352212,-0.000929399500253,-0.000150473332759,-0.00143738440169,-0.000133411713793,-0.000834886557817,-0.00101591227862,-0.000804377846984,-0.00162712710872,-0.00108335911948,-0.00205825819488,-0.000984030126055,-0.0000718482516727,-0.00214457801951,-0.000205637259349,-0.00172525000738,-0.00144763547458,-0.000972996961255,-0.00129509499856,-0.00126836554087,-0.0000854416465275,-0.00163770487341,-0.00124808270006,-0.000771671121563,-0.00136925910555,-0.000776010038127,-0.00118158611337,-0.00258389816808,-0.000375611310347,-0.000620110316453,-0.000340060095532,-0.00141839431156,-0.00296605562992,-0.00209229131845,-0.00134738281861,-0.00149606377885,-0.00117298453,-0.000967379531687,-0.000542331410834,-0.00189400021076,-0.00250779510084,-0.00249265645194,-0.000206245250246,-0.00105711839195,-0.00195990723263,-0.00259815385633,-0.00198551779469,-0.00134131788208,-0.00200001101863,-0.00137282377057,-0.00114445104469,-0.00115836382324,-0.00195125427432,-0.00292563985641,-0.0017728164827,-0.00146562357368,-0.00206930407691,0.000181184025018,-0.000569639401666,-0.00111862947929,-0.00104454952623,-0.00264887033396,-0.000157440258917,-0.00105662894451,-0.000878954570427,-0.0019383540493
1811,-0.0020565421449,-0.00180589502463,-0.00241573888942,-0.00244433975314,-0.00336190739897,-0.00278513036119,-0.0020409050905,-0.00219787504169,-0.00153153375827,-0.00391138997849,-0.00205888147621,-0.00181931015502,-0.00263498211357,-0.00159806174264,-0.00285870061665,-0.00142995869181,-0.00231383272892,-0.00285555698894,-0.00315968033727,-0.00225851946365,-0.00325393820686,-0.00396038164156,-0.00122411223086,-0.00318653659397,-0.00294016077418,-0.00330949778388,-0.00118585617884,-0.00205618605336,-0.00103985494855,-0.00166935034199,-0.00255100231003,-0.00228346398328,-0.00174680623969,-0.00205527695386,-0.00376304468386,-0.0018513105176,-0.00135444502687,-0.00283801262024,-0.0014369947021,-0.00198477315655,-0.00238038978254,-0.00180695468863,-0.00262744586789,-0.00217446965956,-0.00323846260674,-0.0020744183392,-0.00103549361852,-0.00263299363991,-0.0011578520913,-0.00295684449295,-0.00263534870897,-0.00203737681843,-0.00257006891319,-0.00233553596724,-0.000856646655589,-0.00288187321753,-0.00206994328975,-0.00189409076415,-0.00277233635577,-0.0023059412462,-0.0027328100542,-0.003534484642,-0.00157026907536,-0.00160548058193,-0.00146118987974,-0.00213679776562,-0.00387434908932,-0.00297995125586,-0.00232150425883,-0.00249681454356,-0.00220759000639,-0.00228950873666,-0.00172607977746,-0.00277328211494,-0.00346622381206,-0.00373552302638,-0.000954675897047,-0.00237437132096,-0.00271955403066,-0.00303909000029,-0.00298802741398,-0.00205517695837,-0.00284282252137,-0.00235832267748,-0.00278340960111,-0.00186163454632,-0.0030033061666,-0.00373654804692,-0.0030300405294,-0.00210997293851,-0.00300483574694,-0.000885197978281,-0.00184577378663,-0.00223119859277,-0.00245213127626,-0.00344381716563,-0.00178344436356,-0.00185874757061,-0.00255023918339,-0.00307442148524
1812,-0.00198489953593,-0.00194340144913,-0.00210274351618,-0.00249435316478,-0.00357719361937,-0.00299687482562,-0.00241489090418,-0.00234714044655,-0.00192710983931,-0.00380422726193,-0.00232887693042,-0.00197432690938,-0.00267619304675,-0.00193829003901,-0.0027105365668,-0.00157720607741,-0.00217169625844,-0.00285165914803,-0.00314326766356,-0.00212591848098,-0.00359303330003,-0.00394961134038,-0.00132318156226,-0.00337949290759,-0.00313975205948,-0.00310968531914,-0.00152772443349,-0.0019839888211,-0.000916818308144,-0.00148989592083,-0.00259553617935,-0.00227732038737,-0.00197099177383,-0.002140011641,-0.00344872169,-0.00175728296231,-0.00133577436157,-0.00312269534095,-0.00171604458212,-0.00209945168566,-0.00249022359429,-0.00191244436132,-0.00254054305908,-0.00233034995755,-0.00333091248756,-0.00227379366323,-0.00105612243633,-0.00250220561079,-0.00107706013324,-0.0030439053887,-0.00254667391658,-0.00217421012206,-0.00262641273298,-0.00248179502174,-0.000853413676614,-0.00267451941799,-0.00210387618223,-0.00199528882952,-0.00305226951901,-0.00254873204225,-0.00306443046707,-0.00349531849851,-0.00182730989378,-0.00176000190746,-0.00174980334811,-0.00200365536128,-0.00408978114698,-0.00293261844584,-0.00208584111927,-0.00272731135992,-0.00215676142918,-0.00262680826372,-0.00196991472701,-0.00290975033365,-0.00328593760688,-0.00397143732003,-0.00067745917912,-0.00272862576612,-0.00279331396265,-0.00253377620485,-0.00305911593465,-0.00206989516481,-0.00269119904884,-0.00224728038658,-0.00317700788182,-0.00201228163148,-0.00300367373826,-0.00370363777147,-0.00296168284577,-0.00196129590118,-0.00298517395434,-0.00112253288386,-0.00202523556607,-0.00228588828758,-0.00277963835155,-0.00326781503204,-0.00220775919355,-0.00193433117359,-0.00284505362718,-0.00314493151442
1813,-0.00174948003248,-0.00179677272846,-0.0016963855456,-0.00236304726989,-0.00342641917401,-0.00289683061641,-0.0025261141005,-0.00217538491493,-0.00202614223732,-0.00346484226267,-0.00230829223809,-0.00190188734128,-0.00241293022086,-0.00184368284345,-0.0024502199268,-0.00143564284956,-0.00183721320084,-0.00259070193273,-0.00282424373692,-0.00192773974297,-0.00355563267424,-0.0038090399891,-0.00122402655959,-0.00323481938113,-0.00302322527846,-0.00271429665381,-0.00156659411215,-0.00167072095585,-0.000824691050889,-0.00116099257934,-0.00250406807724,-0.001918600275,-0.00192005476137,-0.00204795159811,-0.00294736795743,-0.00143591110645,-0.00109435045556,-0.00307269330322,-0.00170144503903,-0.00197417422626,-0.00227417052843,-0.00181977980625,-0.00220892834218,-0.00225851642169,-0.00313999196501,-0.00226042215396,-0.000908067079664,-0.00231201706054,-0.00082904258823,-0.00285499385213,-0.00212418348481,-0.00208974358433,-0.00239887317846,-0.0024221815895,-0.000747966265728,-0.00213668275778,-0.00196346150898,-0.00187094237323,-0.00296351825989,-0.0024393754435,-0.00299789949931,-0.00320660664894,-0.00179845131279,-0.00171490273617,-0.00180093194473,-0.00176598358733,-0.00408800300499,-0.00268518306589,-0.00162835526371,-0.00274446820169,-0.00185408581607,-0.00264735431406,-0.00191603517105,-0.00286843948562,-0.00284712147761,-0.0038967901005,-0.000255204717305,-0.0027498679094,-0.00274358244444,-0.00202066564985,-0.00293996120929,-0.00195742709439,-0.00234126346696,-0.00185167455215,-0.00319475136981,-0.00204808988211,-0.00274228373644,-0.00350929426121,-0.00254600231221,-0.00173717073127,-0.0027368723411,-0.00113958593591,-0.00186214169662,-0.0021040012176,-0.00277508698201,-0.00291209572809,-0.00219919097784,-0.00186153655685,-0.00269112500605,-0.00294075503715
1814,-0.00151810468657,-0.00159274345563,-0.00138276905242,-0.00223336080315,-0.00318057334769,-0.00270782933188,-0.00253167921602,-0.00192289131335,-0.00200645887394,-0.0031464058671,-0.00219370302515,-0.00176701155707,-0.00212987655951,-0.00162398166755,-0.00223198461196,-0.00122491238975,-0.00151370490903,-0.00227693332529,-0.00246220003722,-0.00178532704494,-0.00340718546894,-0.00367869776437,-0.0011126905673,-0.00299905430086,-0.00283489697641,-0.00236497290495,-0.00150593458889,-0.00136894868349,-0.000797582997788,-0.000877252811589,-0.00239310431692,-0.00149745344973,-0.00178944208286,-0.00194301552391,-0.0025143045292,-0.00112257513238,-0.000856958757053,-0.00293015158646,-0.00159618071399,-0.00180518930061,-0.00200472858778,-0.00170467701481,-0.00188690046645,-0.00213122341259,-0.00289866771845,-0.00218534434484,-0.000759777807569,-0.00217904431904,-0.00060881653192,-0.00261798483897,-0.00167404348278,-0.00196955070264,-0.00215304712693,-0.00233484358833,-0.000662317494086,-0.00161600306628,-0.00179332691665,-0.00172489906859,-0.00275957741765,-0.00225252826002,-0.00279141165951,-0.0028970536809,-0.00168082140614,-0.00163357103659,-0.00177405787346,-0.00157641988368,-0.00401352178384,-0.00244096112179,-0.00122108992723,-0.00270398109542,-0.00154899883417,-0.00256177891886,-0.00176314771686,-0.00278303846834,-0.00242245706524,-0.00373119018076,0.0000887652863209,-0.00265355104603,-0.00267460935338,-0.00165883906942,-0.00280773588461,-0.00182781553373,-0.00200279540424,-0.00143520215159,-0.00309862711892,-0.00204496425455,-0.00246439242367,-0.00332800000375,-0.00210427169605,-0.00157545342198,-0.0024761866712,-0.00108345668862,-0.00160733925969,-0.00188695123078,-0.00267106903904,-0.00258674135602,-0.00203138900487,-0.00176344763499,-0.00240413352471,-0.0026953249825
1815,-0.0046815459171,-0.0048872894458,-0.00394450575622,-0.00538778606067,-0.00666664656383,-0.00575850662214,-0.00516454085458,-0.00479737262312,-0.00491037814155,-0.00663385984371,-0.0052347860462,-0.00424743555851,-0.00581320162251,-0.00553542442781,-0.00508928271698,-0.00413927005248,-0.00447087657489,-0.00546772600544,-0.0052985923825,-0.00392711772638,-0.00719222217695,-0.0065699505937,-0.00417025961886,-0.00579700165249,-0.00636061141772,-0.00532095295584,-0.00493408175738,-0.00509865224814,-0.00313818804361,-0.00358552121364,-0.00385480173017,-0.00477802145769,-0.00457106473291,-0.00469425508554,-0.0054125305374,-0.00400668239025,-0.00512052087492,-0.00630300534565,-0.00497494819156,-0.00535806508507,-0.0057571259443,-0.00468998405644,-0.00499354260032,-0.00534531778357,-0.00619266985377,-0.00560111939525,-0.00405502684881,-0.00433280084613,-0.00408282615759,-0.00623887150734,-0.00510272350261,-0.00496524280934,-0.00591681384153,-0.00545107756593,-0.00363017120473,-0.00562471340498,-0.00468532769174,-0.00508196376099,-0.00595709404117,-0.00624444904467,-0.00678990456125,-0.00569444948944,-0.00452337466336,-0.00436805392829,-0.00461155976389,-0.00462088270409,-0.0064288621847,-0.00530631307408,-0.00477120356902,-0.00521950486326,-0.00468947937498,-0.00559209815111,-0.00451675013741,-0.00548022209794,-0.00548360208046,-0.00685631096603,-0.00307487872355,-0.00546013942842,-0.00537612980116,-0.00512639588182,-0.00605258451206,-0.00456123573557,-0.00505844953441,-0.00426293011889,-0.00699983360055,-0.00435071662006,-0.00551317583209,-0.00604630938268,-0.00566023944113,-0.00445379968805,-0.00515889104123,-0.00425206295243,-0.00468514537975,-0.00536001993514,-0.00602873078629,-0.00550619997536,-0.00536164939255,-0.00441306186357,-0.0063211349809,-0.00584773917646
1816,-0.00917779912848,-0.0100497733288,-0.00756054009578,-0.0100961223028,-0.0123251980977,-0.0106273000427,-0.00929076636436,-0.00948949185584,-0.00942012614706,-0.0119647816077,-0.0100130616683,-0.00804454612721,-0.0116318212338,-0.0121141131876,-0.00906195917461,-0.00870043118906,-0.00870012469158,-0.0100746702253,-0.00985546528727,-0.00688667713696,-0.0133586729607,-0.0106548301291,-0.0088454921877,-0.0104664261379,-0.011985169914,-0.00981179464573,-0.0102943397552,-0.0107196669368,-0.00589897042331,-0.00747644196407,-0.00605092525159,-0.0100943741769,-0.0089416985465,-0.00881899520065,-0.0097822169255,-0.00848465858941,-0.0113927906519,-0.0117797331367,-0.0102410390712,-0.0106803240717,-0.0116968213542,-0.0092018632383,-0.00983691554343,-0.0101177174374,-0.0113619333021,-0.0104769596351,-0.0088223105882,-0.00729178420795,-0.00911306664919,-0.0117193979023,-0.0105996962358,-0.00954033083865,-0.0118024244184,-0.0101484444567,-0.00773504086867,-0.0119464561268,-0.0087379857414,-0.0101779363422,-0.0111835863052,-0.0126360276208,-0.0128765722641,-0.0100416029139,-0.00906668797198,-0.00852889101745,-0.00897034695023,-0.00888349583702,-0.00999384123886,-0.0096665208304,-0.0101060334059,-0.00914459117483,-0.00961247533621,-0.0104949594149,-0.00888594090032,-0.00933518614811,-0.0102403660169,-0.0118224269471,-0.00768269138467,-0.0101523618767,-0.00906710506089,-0.00956883549413,-0.0108620696163,-0.00822698915259,-0.00949822336806,-0.0087553653718,-0.0132913052242,-0.00743528344687,-0.0103878509564,-0.0100936302283,-0.0113987960702,-0.00839126468683,-0.00929321969356,-0.00884489851959,-0.00964918139968,-0.0105330311876,-0.0114979971983,-0.00980856136301,-0.0110277156944,-0.00814313960088,-0.0127734734618,-0.0107762726225
1817,-0.0105690057024,-0.0121198585803,-0.00833336123878,-0.0118564104647,-0.0147416358291,-0.0126947150754,-0.0112166593129,-0.0114609677288,-0.0115601942506,-0.0138185056761,-0.0121050009405,-0.00949980964356,-0.0139066562725,-0.0152599851931,-0.0100631323951,-0.0105718632263,-0.00993971417503,-0.0115797384597,-0.0114626349936,-0.00762232809391,-0.0162875364927,-0.0120174621475,-0.0107364370044,-0.0124930497137,-0.0144289664364,-0.0111908859387,-0.0126819598393,-0.0126180703226,-0.00638433291996,-0.0085013362827,-0.00680226081986,-0.0120602314856,-0.0106844195676,-0.0103654016898,-0.0109476492919,-0.0100054763722,-0.0136357720269,-0.0142669636431,-0.0125646973185,-0.0127628202196,-0.0140804570161,-0.0109535605317,-0.0115308118385,-0.0119586644813,-0.0134087853416,-0.0123897286387,-0.0104438762963,-0.0080297469135,-0.0107012106661,-0.0137243452807,-0.0125741929919,-0.0113369131487,-0.0141361003822,-0.0120084037598,-0.00902687758487,-0.0141070016183,-0.0101264388973,-0.0121501323631,-0.0135028380454,-0.0154487331373,-0.0155383208649,-0.0115515024719,-0.0110559907799,-0.0101912248475,-0.0109043452247,-0.0101148895657,-0.0115401195387,-0.0111925568725,-0.0117014706671,-0.010874539137,-0.0114047501799,-0.0127915239724,-0.0107055301617,-0.0107685692148,-0.0117110018488,-0.0140406822408,-0.00893418978096,-0.0124454630604,-0.0102783165831,-0.0101559888166,-0.0126863825005,-0.00932880504191,-0.0107567131495,-0.0102080795979,-0.0162199190654,-0.00849321088833,-0.0123153929762,-0.0114784757286,-0.0135156227394,-0.00941775813973,-0.0106726148852,-0.0107836994938,-0.0117135396629,-0.0123780273485,-0.0140955266671,-0.011031953675,-0.0137882520769,-0.009400603226,-0.0156807632837,-0.012656127905
1818,-0.0101247643606,-0.012027518698,-0.0074536666759,-0.0117318001717,-0.0147379801914,-0.0127075267216,-0.0115320423704,-0.0113795302032,-0.0119501066578,-0.0133620558861,-0.012266203933,-0.00935828638001,-0.0136869058118,-0.0156679217617,-0.00938151873955,-0.0105117472995,-0.00933823947348,-0.0111146208207,-0.0109472275633,-0.00711517387059,-0.0167449757924,-0.0117784031028,-0.0107673954948,-0.0124498589867,-0.0145632479122,-0.0105297881635,-0.0129615855387,-0.0121104914801,-0.00592993398079,-0.00778940731517,-0.00657269654008,-0.0115837767057,-0.0105612561613,-0.0102402783479,-0.0100397431009,-0.00951998003509,-0.0133854387234,-0.0145014220614,-0.0128130786241,-0.0127426052676,-0.0139455996443,-0.010890754398,-0.011063134321,-0.0119092465602,-0.0132650981559,-0.0124883164968,-0.0101678796528,-0.00753297054171,-0.0102195966578,-0.0134377357983,-0.0120301342695,-0.0112689753907,-0.014009037369,-0.0120050712458,-0.00875234580503,-0.0133858310586,-0.00991869459021,-0.0120575751627,-0.0135913993642,-0.0156553983149,-0.0157438104894,-0.0111022405827,-0.0111657955386,-0.0101821532347,-0.0111557703982,-0.00961364406749,-0.0116856186702,-0.0108408996065,-0.0109049772283,-0.0110463439715,-0.0110270647049,-0.0131051046361,-0.0106700459625,-0.0107141209538,-0.0109538988822,-0.0142290735669,-0.00815530532287,-0.0128039578929,-0.0101024268328,-0.00883551338,-0.0126113011236,-0.00902270803694,-0.0100546675884,-0.00952462454897,-0.0166312353792,-0.00844014241052,-0.0121206882825,-0.0111559667575,-0.0130107821947,-0.00884803405721,-0.01019652161,-0.011031536075,-0.0116174314285,-0.0120951091301,-0.0145029972343,-0.0103240863717,-0.0141529362087,-0.00920193403038,-0.0158420211204,-0.0124129367463
1819,-0.00940761886335,-0.0114310415755,-0.00645288078722,-0.0112842725581,-0.0140793123334,-0.0121571001258,-0.011392404988,-0.0107322829433,-0.011810618773,-0.012462472309,-0.0119067110976,-0.00885488624301,-0.0129255426541,-0.0152378388047,-0.00855737449731,-0.00995761498115,-0.00842533571786,-0.0102139663097,-0.00994430950327,-0.00654446723897,-0.0164598202011,-0.011292224962,-0.0104272225522,-0.0118048095237,-0.0140864818554,-0.00953009038026,-0.0127052627682,-0.011195834969,-0.00558426492642,-0.00688187461863,-0.00614048068544,-0.0105009576972,-0.0100032371682,-0.00981503095777,-0.00880978009705,-0.00865578985832,-0.0127145691647,-0.0141074259231,-0.0125162009174,-0.0122731847363,-0.0132180474229,-0.0104726918211,-0.0101628431914,-0.0114567584861,-0.0125930143148,-0.0122038531299,-0.00962410205456,-0.00696565817388,-0.00948130181364,-0.0126772947676,-0.010903859575,-0.0108172745864,-0.0133463925239,-0.0116326763831,-0.00832946336909,-0.0120742307689,-0.00938961979096,-0.0115579581417,-0.0130297016067,-0.0151948576382,-0.0152114246929,-0.010215023053,-0.0107668102133,-0.00982813933484,-0.0109819567229,-0.00892620804981,-0.0114213372692,-0.0101191053895,-0.00975377617213,-0.0108248210642,-0.0101901627919,-0.0128331272737,-0.0101466912483,-0.0103668244664,-0.00977997312557,-0.0138243265631,-0.00716027707609,-0.0125426766713,-0.00973309828383,-0.00754809677042,-0.0121702198528,-0.00851762887038,-0.00904344542569,-0.00838333853048,-0.016343287511,-0.00822546373393,-0.0114104021267,-0.0105303104635,-0.0118907378183,-0.00817885776655,-0.00938571446082,-0.0108689732499,-0.0109396156301,-0.011405504533,-0.0142684807495,-0.00931494195791,-0.0137396308027,-0.00877182079843,-0.0151813249187,-0.0116874144811
1820,-0.00878031218105,-0.0108236256659,-0.0057182290371,-0.0109124306499,-0.0133487663182,-0.0115240990624,-0.011159811003,-0.0100319925606,-0.0115409654332,-0.0116478321342,-0.0114591571433,-0.0083574007149,-0.0122274138813,-0.0146283834806,-0.00793120124903,-0.00938260572999,-0.00762651994972,-0.00931324646392,-0.00900556641529,-0.00617405345426,-0.0159904261204,-0.0108571023029,-0.0101171919533,-0.0110846239719,-0.0135165813239,-0.00869287201851,-0.0123732458805,-0.0104179044574,-0.00543724171805,-0.00619273896935,-0.00575584051937,-0.00942662408881,-0.0094560100974,-0.0094512775094,-0.00778003793531,-0.00790984961812,-0.0121118051171,-0.0136080798668,-0.0121185905531,-0.0117786094227,-0.0124828478945,-0.0100851879592,-0.00936180668742,-0.0109832290648,-0.0118882814038,-0.0118732482726,-0.00919089111986,-0.00658064086756,-0.00891716676602,-0.0119409003659,-0.00983420266968,-0.0103914413447,-0.0127115047462,-0.0112832186568,-0.00803707205883,-0.0108926778985,-0.00884640264347,-0.011095393654,-0.0123679883226,-0.0146594405847,-0.014498099511,-0.00936684868634,-0.0102937946866,-0.00949206488506,-0.0107403160942,-0.0083818475158,-0.0110557782222,-0.00945263046099,-0.0088217675891,-0.0105519399456,-0.009417425106,-0.0124345639519,-0.0095808574648,-0.0100246800598,-0.00875866354537,-0.0132898716504,-0.0064194352431,-0.0121289605801,-0.00940982474329,-0.00663423929388,-0.0117421477408,-0.00805968654421,-0.00816684452035,-0.00733852721157,-0.0159296205785,-0.00803525085693,-0.0106905787298,-0.00997105412647,-0.01082515839,-0.00771358702556,-0.00870696767556,-0.0106198671997,-0.0102225591669,-0.0107525423073,-0.0138897558626,-0.00844623864618,-0.0131504613458,-0.00838816025021,-0.0143720750806,-0.0109781269237
1821,-0.00828265180316,-0.0103073379808,-0.00526057561961,-0.0106574378678,-0.0127004269907,-0.0109398828677,-0.0109354578237,-0.00942241312464,-0.0112653075299,-0.0109986923676,-0.0110377735077,-0.00794930116811,-0.0117079081228,-0.0140251250773,-0.00749893852527,-0.00891043433316,-0.00701870485653,-0.00852147986896,-0.00826280719353,-0.00599111627641,-0.0154950491359,-0.0105006757703,-0.00989251831086,-0.0104423512339,-0.0129764627399,-0.0080916483514,-0.0120700469048,-0.00984214416029,-0.0054129638064,-0.00575509424309,-0.00547334551437,-0.00851577050841,-0.00901361010002,-0.00919280906953,-0.00703009756003,-0.00736742959637,-0.0116217089054,-0.013135567472,-0.0117287523147,-0.0113345078277,-0.0118606015015,-0.00978107804146,-0.00875681089506,-0.0105593794864,-0.0112590939921,-0.0115633963082,-0.00889125316121,-0.00636383818654,-0.00854382353642,-0.0113172841003,-0.00897160698353,-0.0100569356878,-0.0122022154385,-0.0110114237647,-0.00786493209029,-0.00998182976905,-0.00835323821529,-0.0107321008404,-0.0117692041697,-0.0141784487172,-0.0137793366537,-0.00866711883668,-0.0098577578377,-0.00923173164808,-0.010514537485,-0.00798007955109,-0.0106849984447,-0.00891348827031,-0.00817604125728,-0.0103030668773,-0.00880628695285,-0.0120405461685,-0.0090918970803,-0.0097459518635,-0.00799714695371,-0.0127625808758,-0.00595956012084,-0.0117085803044,-0.00915168213717,-0.00602671751776,-0.0113786824511,-0.00767776435892,-0.00749409947321,-0.00651401847373,-0.0155341634887,-0.00788965049262,-0.0100714159317,-0.00952393466109,-0.00997117051586,-0.00742963183482,-0.00824002905406,-0.0103631055799,-0.00961692480097,-0.0102028611429,-0.0135004404911,-0.00777619425992,-0.0125784213516,-0.0080854514449,-0.0136178030861,-0.0103908279688
1822,-0.00801987387674,-0.0100136891995,-0.0051118621426,-0.0106094064595,-0.0122990917527,-0.0105536031547,-0.010842243063,-0.00904453965485,-0.0111291061196,-0.0106295411357,-0.0107857871187,-0.0077325247283,-0.0114930780218,-0.0136239282548,-0.00731211181255,-0.00867027851725,-0.00670408024979,-0.0079853166699,-0.00783217158177,-0.00601650081357,-0.0151657067374,-0.0103202941701,-0.0098506572084,-0.0100211277145,-0.0126253676518,-0.0078076248653,-0.0119394904271,-0.00957222487455,-0.00553595542364,-0.00561802737466,-0.00534493004293,-0.00791861467811,-0.0087794313194,-0.00912052825354,-0.00664027645542,-0.00711678548195,-0.0113791997018,-0.0128437392896,-0.0114999864598,-0.0110824161977,-0.0114991328452,-0.00965720265872,-0.00844987052448,-0.0103133801994,-0.0108461531895,-0.011415647256,-0.00881292091511,-0.00634120665808,-0.00843676245596,-0.010943448368,-0.00845984692989,-0.00991519497652,-0.0119492258365,-0.0109198418355,-0.00787957814675,-0.00948272911355,-0.00803482806384,-0.010577092961,-0.0113963118887,-0.013916356378,-0.0132659759774,-0.00823328852622,-0.00958873160473,-0.00914005507999,-0.0104267945873,-0.00779266630358,-0.0104321841217,-0.00860438375218,-0.00790088768975,-0.0101824513274,-0.00846601675095,-0.0118013763359,-0.00880671610471,-0.00963673095984,-0.00759492765494,-0.0124047572991,-0.00583579496094,-0.011432362026,-0.00904847326685,-0.00575771821024,-0.0111951573692,-0.00747066833318,-0.00712637211616,-0.00601958549474,-0.0153321748838,-0.00786783561323,-0.00967880149135,-0.00927395261324,-0.00947543277283,-0.00737134301061,-0.0080613373215,-0.0102402519453,-0.00926879406979,-0.00988109445074,-0.0132622501879,-0.00739221901209,-0.0122070134244,-0.00795471127264,-0.0131252489253,-0.0100514618704
1823,-0.00787646158942,-0.0098473066455,-0.00512275993047,-0.0106570476221,-0.0120588911682,-0.0102947645978,-0.0108224608823,-0.00882288747494,-0.0110720739405,-0.0104165335562,-0.0106339513164,-0.00762866814788,-0.011452355363,-0.0133529278671,-0.00723192278182,-0.00857284605418,-0.00655600029958,-0.00760022992075,-0.00760575943599,-0.00613183187203,-0.0149403130627,-0.0102228898765,-0.00989528837769,-0.00975496059146,-0.0123857484389,-0.00770726213615,-0.0118972101961,-0.0094583239648,-0.00568856052429,-0.00563450393162,-0.0053096645545,-0.00753043883568,-0.00866022279164,-0.00913671097383,-0.00647043092675,-0.00703540358618,-0.0112450366274,-0.0126592572035,-0.0113576378405,-0.0109259763638,-0.0112879983807,-0.00961734134952,-0.00831873451499,-0.0101548485088,-0.0105617671316,-0.0113365513821,-0.00882994439116,-0.0064009147952,-0.0084448857638,-0.0107052625069,-0.0081779454334,-0.00987017523447,-0.0118325582785,-0.0109115706081,-0.00796115916423,-0.00923754137184,-0.00780580230002,-0.0105217654944,-0.0111756593462,-0.0137735095474,-0.0128705543317,-0.00797065715244,-0.00941943255569,-0.00913136099039,-0.0104101920561,-0.00769656970538,-0.010243626206,-0.00842956883731,-0.00782605244175,-0.0101301803794,-0.00828341040207,-0.011659152981,-0.00864820485302,-0.00961213559772,-0.00741470920328,-0.0121565450183,-0.00588398909353,-0.0112554545717,-0.00900709119505,-0.00563242771008,-0.0110973975696,-0.0073415022999,-0.00693464608808,-0.00573899600294,-0.0152409502541,-0.00788935605506,-0.00942670992229,-0.00912626403082,-0.00921383592099,-0.00740116923627,-0.00804758685922,-0.0101737595603,-0.00908992940598,-0.00967484978415,-0.0131144762132,-0.00717061101748,-0.0119776579478,-0.00790438351178,-0.0128124124004,-0.00986179270992
1824,-0.00766053096828,-0.00959353060168,-0.00509051145749,-0.0106014951446,-0.0117474266786,-0.00997042105617,-0.0107160693216,-0.00855703411667,-0.0109268270421,-0.0101290263467,-0.0103977690254,-0.00746919883874,-0.0113227573881,-0.0129657055582,-0.00706140899549,-0.00841980449574,-0.00637282914126,-0.00717203998749,-0.0073561916806,-0.00617953104757,-0.0146045097123,-0.0100511176163,-0.00983706708034,-0.00944703842723,-0.0120483063179,-0.00756619473199,-0.0117330735489,-0.00924018724759,-0.00574635918238,-0.00559140481306,-0.00525700383828,-0.0071067266565,-0.00845406694049,-0.00906268329602,-0.00629225598805,-0.00690162389678,-0.0109695785356,-0.0123723301347,-0.0111066332334,-0.0106635616576,-0.0109791771969,-0.00947531867139,-0.00813396919602,-0.00989732120174,-0.0101998846305,-0.0111477025355,-0.00873352124484,-0.00639353002376,-0.00833252569308,-0.0103713708076,-0.00786758232062,-0.00972898673649,-0.0116059776235,-0.0107961087034,-0.00793164195638,-0.00894399684234,-0.00751468420313,-0.0103549856499,-0.010892607667,-0.0135008236436,-0.0123731202731,-0.00768250887063,-0.00916823501572,-0.00903225320586,-0.0102999883446,-0.00750827492378,-0.00999614346827,-0.00820330922413,-0.00767765211864,-0.00999696459523,-0.00803588182556,-0.0114306447042,-0.00842506161836,-0.00951648095817,-0.00720964622774,-0.0118386823713,-0.00586290499515,-0.011003736406,-0.00887933897527,-0.00542270583872,-0.010902258514,-0.00714211769136,-0.00670417171927,-0.00544225011877,-0.0150227648363,-0.0078288342308,-0.00911712659643,-0.0089105349145,-0.00891829167504,-0.00733231210289,-0.00798075546131,-0.0100028616887,-0.00886152322672,-0.00936808432653,-0.0128606570512,-0.00690518231238,-0.0116662539088,-0.00777853335279,-0.0124246932408,-0.00960874473287
1825,-0.00739710186372,-0.00926008810356,-0.00501859151943,-0.0104595982062,-0.0113654622507,-0.00958667857486,-0.0105168224598,-0.00824117739225,-0.010691474682,-0.00979180284424,-0.0100834498757,-0.00724750714313,-0.0111030546317,-0.0124726278596,-0.0068133946228,-0.00820310230266,-0.00616091493695,-0.00671631761412,-0.00706504752648,-0.00616262202561,-0.0141842170927,-0.00984063471803,-0.00969293797003,-0.0090904617538,-0.0116372974515,-0.00738766675595,-0.0114494462967,-0.00892780968175,-0.0057387473309,-0.00548057961833,-0.00517625105894,-0.00664087836206,-0.00814334083841,-0.0089063685167,-0.00610945282646,-0.00670922530081,-0.0105951711095,-0.0119925991478,-0.0107633617209,-0.0103257589843,-0.0105839347908,-0.00924542894011,-0.00789679425992,-0.00956035209915,-0.00978006293883,-0.0108764587005,-0.00853886472037,-0.00632954229663,-0.0081120305176,-0.00995590816424,-0.00752415228643,-0.0094991666601,-0.0112868805845,-0.0105886616081,-0.0078118622435,-0.00860444864668,-0.00719302826698,-0.0100930310618,-0.010539224722,-0.0131141114048,-0.0117909876263,-0.00737352940052,-0.008835633788,-0.00884909951591,-0.010104007767,-0.00726128865079,-0.00970584936368,-0.00794462426252,-0.00745447759885,-0.00979235167122,-0.00773065188657,-0.0111209084223,-0.00812281081563,-0.00936056195504,-0.00696903777067,-0.0114699737709,-0.00577156179029,-0.0106778424933,-0.00868646732676,-0.00517119189181,-0.0106426364351,-0.00689698297132,-0.00644165463419,-0.0051148328739,-0.0146861897857,-0.00769549089368,-0.00877089797386,-0.00864961955985,-0.00858372340954,-0.00718627382364,-0.00783986983234,-0.00975258913697,-0.00856971373555,-0.00897979526513,-0.0125169292548,-0.00660831957536,-0.011257915645,-0.00759107659825,-0.0119629395712,-0.00929783848913
1826,-0.00712417203925,-0.00888487809673,-0.00483547302759,-0.0102710804034,-0.0109502603444,-0.00917713790707,-0.0102447329152,-0.00790261427998,-0.0103896025926,-0.00945401106331,-0.00972277013757,-0.0069836478035,-0.0108332519612,-0.0119242911409,-0.00652392116775,-0.0079463066736,-0.00586410400845,-0.00626587605366,-0.00675479090857,-0.00610525403002,-0.0137320173781,-0.0096314751135,-0.00950226167422,-0.00871321212528,-0.0112020255845,-0.0072050880721,-0.0110799642204,-0.00856632169196,-0.0055065645765,-0.00527077089674,-0.00507647575641,-0.00616562559201,-0.00774958464257,-0.00869968797475,-0.00595372986318,-0.006412338756,-0.0101824412973,-0.0115615206827,-0.0103675635391,-0.00995932652157,-0.0101488304785,-0.00896471480679,-0.00764193844057,-0.00918171384489,-0.00934645409952,-0.0105608077831,-0.00828463798696,-0.00617922000672,-0.00782537545161,-0.00950131268652,-0.00718218149387,-0.00921513769337,-0.0109250784127,-0.0103273872892,-0.00763775831066,-0.00826402221969,-0.00687621278911,-0.00977821340143,-0.0101443758705,-0.0126643096748,-0.0111674757227,-0.00707392365752,-0.00845074085167,-0.00861223000997,-0.00985124385039,-0.00699958212835,-0.00940002142114,-0.00769089434442,-0.00719504542477,-0.00954576003817,-0.00740593740069,-0.0107628483626,-0.00776120136095,-0.00916956253301,-0.00672150704998,-0.0110899758016,-0.00544030158705,-0.010308214707,-0.00845820371752,-0.00476514198031,-0.0103642630643,-0.0066358952023,-0.00617752097025,-0.00478139175983,-0.014275881299,-0.00750890010378,-0.00843266895794,-0.00838238374549,-0.00824668678702,-0.00700136613525,-0.00764505952474,-0.00945806734209,-0.00823886954897,-0.0085524239027,-0.0121267269522,-0.00631493842131,-0.0107812318258,-0.00736957509313,-0.0114683933458,-0.0089643134607
1827,-0.00685771805411,-0.00849170436148,-0.00454144304589,-0.0100573830107,-0.0105255819948,-0.00876205373275,-0.00992242755263,-0.00755985315193,-0.010043123895,-0.00905744566183,-0.00933774729182,-0.00669874741059,-0.0105370826847,-0.0113478264686,-0.00613615805582,-0.00751462764699,-0.00544473820279,-0.00583751651339,-0.00644619357526,-0.00587608651001,-0.0132695416122,-0.0094344244702,-0.00928437170939,-0.0083346467176,-0.0107635089462,-0.00700935326995,-0.0106528478668,-0.00797634984019,-0.00522547092327,-0.00488301803172,-0.00486944944284,-0.00565310963773,-0.00730420079513,-0.0084646606403,-0.00573139540167,-0.00596299197211,-0.00965442590598,-0.0111035472149,-0.00994213913689,-0.00958423071447,-0.00970004515194,-0.00865520738738,-0.00732904493042,-0.00878354445081,-0.00891888226249,-0.0102208561092,-0.00799748214435,-0.00586116215031,-0.00739279868213,-0.00903399791376,-0.00675701719029,-0.00890100186313,-0.0105439653183,-0.0100350596098,-0.00742733869338,-0.00780329528185,-0.00657550450503,-0.00943457736448,-0.00973133551621,-0.0121792209614,-0.0105285598353,-0.00679615149586,-0.00803600083324,-0.00833825576449,-0.00956248169926,-0.00673842151578,-0.00909226196737,-0.00727447230875,-0.00674375125554,-0.00927520458997,-0.00691672352801,-0.0103780112974,-0.00736514940614,-0.00896018861569,-0.00648458763779,-0.0107155328797,-0.00508446669493,-0.00991561059492,-0.00821290726931,-0.00432521632456,-0.0100836747246,-0.00637444381749,-0.00577260736555,-0.00446039038391,-0.0138208260667,-0.00728874535214,-0.00811492383442,-0.00812335126701,-0.00792387110219,-0.00679853459549,-0.00742188981027,-0.00913709930367,-0.00789131886139,-0.00811030361521,-0.0117119138666,-0.00603914238319,-0.0102634204615,-0.00713287879579,-0.0109655808364,-0.00862796797469
1828,-0.00650437774185,-0.0081079660751,-0.00426007711749,-0.0098399928217,-0.0101190400482,-0.00836459399535,-0.00958444790012,-0.00723531608762,-0.00968327253658,-0.00854744572268,-0.00895569591877,-0.00634029219628,-0.0100797339721,-0.0107683778683,-0.00563246618669,-0.00702231831886,-0.00504229775238,-0.00542793912832,-0.00613756590006,-0.00559089281828,-0.0128119472532,-0.00925455379916,-0.00905712160066,-0.00797795408476,-0.0103379301552,-0.00664598065935,-0.0102061054558,-0.00738145364726,-0.00493948443163,-0.00449714024904,-0.00456062067385,-0.00500712805896,-0.00685448444956,-0.00822624497759,-0.00543158511149,-0.00551602060557,-0.00901599860009,-0.010644204194,-0.00951242304062,-0.0092180351816,-0.00925922448429,-0.00834072019002,-0.00687427270287,-0.00839140931541,-0.00851413763566,-0.00987984365324,-0.00767826418651,-0.00554369869045,-0.0068519893169,-0.00857950026818,-0.0062495322526,-0.00858464786333,-0.0101414763678,-0.00971430353975,-0.0070072037121,-0.00728878909004,-0.00629877651593,-0.00903908250117,-0.00933094922196,-0.0116865629405,-0.00990281445144,-0.00655201796051,-0.00762005656188,-0.00785305249475,-0.00926425665586,-0.00630278957119,-0.00879559228601,-0.00684450874654,-0.00626949517523,-0.00900105705521,-0.00638522453306,-0.00999162843089,-0.00692465475352,-0.00860263017042,-0.00610010485935,-0.0103603030392,-0.00472822732536,-0.00952417945315,-0.0079735108954,-0.00391255111947,-0.00981272336014,-0.0061306007344,-0.0053320304182,-0.00399456300342,-0.0133541775992,-0.00706387857605,-0.00766966319925,-0.00788228019947,-0.00746883036005,-0.00639653610013,-0.00701912560548,-0.008809242376,-0.00755845267906,-0.00749414627337,-0.0112926952883,-0.00571134493124,-0.00974247867498,-0.0069046795002,-0.0104819708667,-0.00831045822552
1829,-0.0060826459317,-0.00768603648528,-0.00400754636227,-0.00956722761855,-0.00975831789297,-0.00800728042649,-0.00926763166156,-0.0067996855727,-0.00934313353585,-0.00806417592913,-0.00860452720612,-0.00589084322719,-0.00959531711375,-0.0102098103427,-0.00516672905624,-0.00655501678827,-0.00467348963554,-0.00488807325829,-0.00570609985926,-0.00532997301981,-0.0123722335466,-0.0089459298312,-0.00879017940388,-0.00766557561379,-0.00993963348868,-0.00630896777332,-0.00977934329076,-0.00681875782564,-0.00466953180746,-0.00414566726975,-0.00427631751047,-0.00440839791339,-0.00644899178056,-0.00784998860057,-0.00516514650397,-0.0050953111734,-0.00839318390852,-0.0102086395956,-0.00910346530623,-0.00884684116169,-0.0086521213821,-0.00804401069638,-0.006442800798,-0.00802979839989,-0.00814684548422,-0.00956086313277,-0.00720875734201,-0.0052456960661,-0.0063365881815,-0.0079654795175,-0.0057842921945,-0.00814273737074,-0.00957105626684,-0.0092244484524,-0.00660351390681,-0.00680873650349,-0.00587584060977,-0.00850043772167,-0.0089749836921,-0.0112130786075,-0.00931829524307,-0.00632131838512,-0.00712273364943,-0.00738306245427,-0.00898399039465,-0.00586370291653,-0.00852224932225,-0.00643952374143,-0.00583072166274,-0.0087435265278,-0.00587565605584,-0.00962935548249,-0.00635978584868,-0.00821085323248,-0.00573051220106,-0.0100364644571,-0.00439504408132,-0.00915853671117,-0.0077618612541,-0.00353936176619,-0.00956154365054,-0.0057623115659,-0.00493207142739,-0.00354637652339,-0.012909445691,-0.0068628486969,-0.00718964311004,-0.0076458605255,-0.00700333444558,-0.00601178114778,-0.00663302012849,-0.0084939320295,-0.00711949056464,-0.00689192313682,-0.0108882383864,-0.00529709627709,-0.00925874432107,-0.00654791864311,-0.0100449012765,-0.00803215920332
1830,-0.00570079690354,-0.00717736842892,-0.00379190038843,-0.00919112789511,-0.00946107212571,-0.00755185876497,-0.00899792132934,-0.00635824400546,-0.00904614799913,-0.00761199332368,-0.0083027992562,-0.00549659538137,-0.00915002441742,-0.0096872133891,-0.00475709828589,-0.00613301913784,-0.00434747461479,-0.00441060127487,-0.00534257841338,-0.00510669335422,-0.011958605608,-0.00860287383708,-0.00838166768521,-0.00720748713135,-0.00957733087685,-0.00600519389757,-0.0094001631968,-0.00630923349154,-0.00442761287783,-0.00384789280171,-0.00402844928931,-0.00387313774013,-0.00611857675033,-0.00746164954377,-0.00493283063954,-0.00471553474671,-0.00779905331598,-0.00981375549805,-0.00873176195153,-0.00833405618286,-0.00809485287142,-0.0077801414101,-0.00604556683045,-0.00764182181229,-0.0076409126332,-0.00927916279432,-0.00678376036264,-0.00497755216034,-0.00586938850247,-0.007409652713,-0.0053722431517,-0.00768582561066,-0.00902818518431,-0.00876568809982,-0.00623535710449,-0.00637221416023,-0.00545351053729,-0.00799305926419,-0.00857519153177,-0.0107764123772,-0.00879386875369,-0.00595985453797,-0.00656766594107,-0.00694869966349,-0.00874059442347,-0.00545030830333,-0.00828014115274,-0.00606340486733,-0.00544375784757,-0.00851592490031,-0.00539823803225,-0.00930884795772,-0.00585498607165,-0.00785765918933,-0.00541896463448,-0.00975097642169,-0.0040988716495,-0.00883570485075,-0.00759155933336,-0.0032111049978,-0.00933602102498,-0.0053892324555,-0.00458450710376,-0.00316107614115,-0.0125099005151,-0.0067042757977,-0.00673175620632,-0.00725431532519,-0.00658557928336,-0.00566273657783,-0.00631029258971,-0.00820398479345,-0.00668496990737,-0.00634485895343,-0.010511299998,-0.0049267726499,-0.00884047374035,-0.00618621577277,-0.00967180482686,-0.00770656297314
1831,-0.00730917082549,-0.00874921659738,-0.00520085130791,-0.0107806751896,-0.0112470261208,-0.00901476663785,-0.0102329453893,-0.00779892492099,-0.0104068224303,-0.00933613235012,-0.00977445361311,-0.00672237148067,-0.0109949615294,-0.0114482101238,-0.00615825081937,-0.00759535049248,-0.00593093913998,-0.00603231691763,-0.00685037267844,-0.00623675426914,-0.0137056216825,-0.0100564255508,-0.00986109034173,-0.00857160932787,-0.0112557877765,-0.00758083072534,-0.0109835766045,-0.00812408953306,-0.00561484171638,-0.00531214793894,-0.00475352647695,-0.00546440386122,-0.0074607014231,-0.0088000354459,-0.00655702049737,-0.00614295612522,-0.00979461614273,-0.0113711195768,-0.0102997707849,-0.010042416108,-0.0099030873223,-0.00921985297081,-0.00760856158157,-0.00917514242411,-0.00921996922125,-0.0109317370102,-0.00840600275859,-0.00605242648862,-0.00755199311073,-0.00914171094819,-0.00717212596947,-0.00911056416229,-0.0108146413154,-0.0102302188294,-0.00768429809118,-0.00846791180723,-0.00686624065064,-0.00954676908983,-0.0101555986058,-0.0126380682552,-0.010624788605,-0.00744814335344,-0.00781810020952,-0.00822005084927,-0.0101016882607,-0.0069233263509,-0.00942236639885,-0.00748365865327,-0.00730433911538,-0.0097101211376,-0.00688422456265,-0.01073535955,-0.00712513089844,-0.00919709401092,-0.0070938491584,-0.0112864806261,-0.00578332294338,-0.0101489353125,-0.00896168917471,-0.00504489657849,-0.0109465847566,-0.00676665728925,-0.00621491044243,-0.00463456255706,-0.014339058758,-0.00785182558625,-0.00817873061549,-0.00859250655412,-0.00843386452174,-0.00709863964622,-0.00771675546723,-0.00969656736614,-0.0082644286883,-0.00798791530686,-0.0120477579225,-0.00645285479146,-0.0104171554529,-0.00751184329757,-0.0116452280662,-0.00933110563956
1832,-0.00969205222521,-0.0113962961435,-0.0072517500398,-0.0132053047307,-0.0141959726463,-0.0115078570739,-0.0123051680792,-0.0102852801197,-0.0126521894012,-0.0120730110211,-0.0121893486853,-0.00876458271976,-0.0140273140992,-0.014621114599,-0.00825078275807,-0.0100269834874,-0.00826311916673,-0.00847339005474,-0.00940590108398,-0.00788347742378,-0.016700028478,-0.0121612595112,-0.012213814361,-0.0110265361378,-0.01403539127,-0.0100180018663,-0.0136225669218,-0.0110453414367,-0.00709699838741,-0.00749219043126,-0.0060045038728,-0.00830257261926,-0.00970060053513,-0.010921991732,-0.00902390850123,-0.00855100704645,-0.0129024853245,-0.0140516594057,-0.0128795836731,-0.0127081747114,-0.0129341927703,-0.0114617827817,-0.0101670706215,-0.0115597959897,-0.0118335040625,-0.013360007926,-0.0108761956754,-0.00764512738913,-0.0101432581738,-0.0119493905676,-0.0101711199301,-0.0114377345088,-0.0137505439706,-0.0125843466071,-0.00980577283392,-0.011864350291,-0.00893618922528,-0.0120903585082,-0.0128892384158,-0.0157626766747,-0.013582744124,-0.00979121073172,-0.0100736925409,-0.0103336679319,-0.0122874945095,-0.00908797364951,-0.0111749136736,-0.00978152752151,-0.0101815036881,-0.0116600200416,-0.00941966509631,-0.0131737186226,-0.00941606979059,-0.0112341450708,-0.00976553478407,-0.0137931297151,-0.0083403803462,-0.0124857505385,-0.0108616646131,-0.00745893751878,-0.0133622656379,-0.00868752533088,-0.00867892219713,-0.00714608051674,-0.0174530499453,-0.00943502034677,-0.0106543376472,-0.0106575608953,-0.0115357324073,-0.00914605319243,-0.0100288338495,-0.0119412062568,-0.0109410169962,-0.0106172080043,-0.0147026864854,-0.00875456836963,-0.0132809527272,-0.00947836433223,-0.0149737739754,-0.0119106954216
1833,-0.0104205494202,-0.0124051420869,-0.00775725237337,-0.0140551450695,-0.0154249219646,-0.0125223019607,-0.0132368361008,-0.0113220377396,-0.0136602440778,-0.0129354843364,-0.0131918523403,-0.00957928563358,-0.0151524588198,-0.0159632360697,-0.00876618172462,-0.0110256313987,-0.00898345227037,-0.00927258028237,-0.0103822036343,-0.00833547568059,-0.0179632883795,-0.0128112839951,-0.0130735684579,-0.0120795668045,-0.0151200234323,-0.0107629688459,-0.0147032503475,-0.0119815580723,-0.00737056268564,-0.00812942042037,-0.00648366540802,-0.00935148883042,-0.0105763237815,-0.0116757079668,-0.00974005139665,-0.00936329502217,-0.0138624159398,-0.0151486791633,-0.013906077959,-0.0136526990427,-0.014073596534,-0.0122366416428,-0.0110221727658,-0.0124010915673,-0.0127860331321,-0.0142265492409,-0.0116807227575,-0.00804622767454,-0.0109029016345,-0.0129220934447,-0.011268260289,-0.01229632574,-0.0147794996858,-0.0134332572864,-0.0104366119843,-0.0130029355817,-0.00959093415482,-0.0129734328882,-0.0140911904077,-0.0169792947779,-0.014742620805,-0.0106065069703,-0.0109879938122,-0.0111271935644,-0.0131991459923,-0.00963288928852,-0.0118634625279,-0.0105544522679,-0.0110385322351,-0.012449631163,-0.0102687839177,-0.0142380093181,-0.0103794746928,-0.0119923057347,-0.0106592212243,-0.0148367175647,-0.00907967378939,-0.0135594192989,-0.0114569911906,-0.00780682907183,-0.0141857520556,-0.00925727517526,-0.00943652677039,-0.00802407019595,-0.0187908904322,-0.00996425785276,-0.0115382961138,-0.0112976943669,-0.0126788663901,-0.0096384573501,-0.0108679901865,-0.0127829613348,-0.0120807924564,-0.0114902620991,-0.0158287782777,-0.00939975441951,-0.0146235034734,-0.0101431945021,-0.0164173548446,-0.0128626369946
1834,-0.0102085669089,-0.0123093290019,-0.00739035481927,-0.0139387968433,-0.0154141198989,-0.0124913902204,-0.0133536928423,-0.0112994849138,-0.0137790453292,-0.012614276746,-0.0132139196053,-0.00957259342533,-0.0149836139334,-0.0159106107661,-0.00841320982102,-0.0110215500687,-0.0087407647363,-0.00906399083393,-0.0102474674496,-0.00813260253367,-0.017969888903,-0.0126494040937,-0.0129787813024,-0.0120703384717,-0.015033402138,-0.0104416485027,-0.0147129615473,-0.0116799656366,-0.00715806658864,-0.00784655157931,-0.0064449696817,-0.0091361809065,-0.0104986323526,-0.0115725014104,-0.00936902658479,-0.00912620406163,-0.0135557643238,-0.0151016294136,-0.0138806308166,-0.0135315875112,-0.0139266731745,-0.0120851767442,-0.0107527191903,-0.0122861488359,-0.0126257686663,-0.0141764440717,-0.0115127472207,-0.0078046854281,-0.0105946679813,-0.0127262968113,-0.0110525735142,-0.012203145622,-0.014546735845,-0.0133320684948,-0.0102644489577,-0.0126402524957,-0.00943770265356,-0.0128022061382,-0.0141515948238,-0.0168672467819,-0.0146617203898,-0.0104056462789,-0.0109460346501,-0.0110664292688,-0.0132566653447,-0.00929635871596,-0.011845858267,-0.0103624612383,-0.0106435982511,-0.0124485203847,-0.00999833131316,-0.0142952184409,-0.0103932574694,-0.011987795927,-0.0103817010514,-0.0148492395211,-0.0087520529743,-0.013652138967,-0.011348950361,-0.0071746606398,-0.0140466610687,-0.00911261680223,-0.00917192277799,-0.00778229421133,-0.0188500201461,-0.00992923439034,-0.0113369051688,-0.0110691826582,-0.0124560776622,-0.00930792874524,-0.0107285936318,-0.0127682888579,-0.0121028380568,-0.0112821167941,-0.0158417950918,-0.00904515045364,-0.0147463009911,-0.0100645861741,-0.016453423041,-0.0127205259043
1835,-0.010407342017,-0.0125221436414,-0.00739219638324,-0.0141887799554,-0.0156725381113,-0.0127068035711,-0.0136553018119,-0.0114847208511,-0.0140995191869,-0.0127045939022,-0.0134869288352,-0.00977881762129,-0.0151641247035,-0.01612996458,-0.00845692762045,-0.0112495000582,-0.00884956281303,-0.00920210621159,-0.0103392993853,-0.00822834487282,-0.0182783047213,-0.0128766559639,-0.0132138542294,-0.012241112645,-0.015271687216,-0.0104668582405,-0.0150094487243,-0.0118093005979,-0.00736359636162,-0.00789288290087,-0.00652709972177,-0.0091919193141,-0.0106347437154,-0.0117682590869,-0.00935809392829,-0.00918422199873,-0.0137914914161,-0.0153218525178,-0.0141590745102,-0.0138099496573,-0.0141364818852,-0.0122560714704,-0.0108048004698,-0.0125171077707,-0.0127910408186,-0.0145127335521,-0.0117488014078,-0.00787551472184,-0.0107266466221,-0.0129111201738,-0.0111486823817,-0.0124127649675,-0.0147034845715,-0.0135642339706,-0.0104960069789,-0.0126969326707,-0.00964192649297,-0.0129941613476,-0.0144239000068,-0.0171107376732,-0.0149151886215,-0.0104780577844,-0.0111230217488,-0.0112779768739,-0.013563751371,-0.00940241336819,-0.01204650192,-0.0104965273664,-0.0106707687576,-0.0126700530834,-0.0100526657711,-0.0145705363825,-0.0106017405056,-0.0122752222794,-0.0104160070993,-0.0151226235388,-0.00884540314233,-0.0139136487023,-0.0115884647413,-0.00717281766959,-0.0142960709984,-0.00933161060128,-0.00927319162031,-0.0077923532224,-0.0192143142598,-0.0101681046181,-0.0114420384911,-0.0111734213317,-0.0125498606442,-0.00940264958473,-0.0108349910392,-0.0130863848901,-0.0123417554468,-0.0114665227184,-0.016116464397,-0.0090530037457,-0.0150355576044,-0.0103023388809,-0.0167589543852,-0.0128753028529
1836,-0.0107762746832,-0.0129258427418,-0.00759417668375,-0.0146381330652,-0.0161322279673,-0.0130876505791,-0.0140352381013,-0.0118320510391,-0.0145051354638,-0.0130809634376,-0.0138996935826,-0.0100742991253,-0.0155987920937,-0.0166175746584,-0.00865394098949,-0.0116104953125,-0.00911572723209,-0.00946922946973,-0.0105934199451,-0.00844623932593,-0.0188385235581,-0.013283983412,-0.0136525987884,-0.0125789862504,-0.015752488346,-0.0107327725833,-0.0154507346456,-0.0121859944863,-0.00764286033151,-0.00809120775336,-0.00666351369707,-0.00945343272858,-0.0108690234604,-0.0121176708764,-0.00960595104466,-0.00944184839536,-0.0143111965185,-0.0157494485811,-0.0146089460032,-0.0142941698054,-0.0145939573691,-0.0126009789335,-0.0110925952061,-0.0128983239164,-0.0131776669914,-0.0149758313678,-0.0121509165968,-0.00808207644647,-0.0110564075975,-0.0132889345794,-0.0114902925753,-0.0127862786229,-0.0151367285192,-0.0139737802264,-0.0108658231892,-0.0130801610148,-0.00997949264806,-0.0133929725464,-0.0148525484994,-0.0176130405138,-0.0153228212867,-0.0107377271724,-0.0114375726707,-0.0116306550056,-0.0139898124301,-0.00971737196181,-0.0123396538267,-0.0108451262696,-0.0109533553634,-0.0130270341921,-0.0103482295767,-0.015001784822,-0.0109037963961,-0.0126517934612,-0.0106661484518,-0.015580405331,-0.00917547199043,-0.0143284731581,-0.0119184481168,-0.00742433245853,-0.0147579192358,-0.00963917355514,-0.00954686290851,-0.00798229906134,-0.0197959803046,-0.0104340354576,-0.0118092747129,-0.0114794526682,-0.0129087766622,-0.0096700799485,-0.0110745267331,-0.0135209989804,-0.0127249170974,-0.0118355163731,-0.016602123918,-0.00926704388453,-0.0154832421252,-0.0106356220059,-0.0172875129386,-0.0132227692082
1837,-0.0105990733647,-0.012736968178,-0.00736771074724,-0.0145551570381,-0.015952694562,-0.0129183880028,-0.0139154842624,-0.0116461918643,-0.0143817488597,-0.012892507653,-0.0137596003353,-0.00988766299506,-0.0153938027355,-0.016428916115,-0.00833548166405,-0.0114384571237,-0.00887716728505,-0.00916875408707,-0.010296974441,-0.00828812257994,-0.0187762629098,-0.013231675032,-0.0135844215434,-0.0123941032688,-0.0156444011302,-0.0105059640289,-0.0152576628024,-0.0119091919012,-0.00753103362026,-0.00780098395767,-0.0065232544648,-0.00909421704097,-0.010539573837,-0.0119822687063,-0.00937866523155,-0.00918610969259,-0.0141275772515,-0.0155858808028,-0.0144669982608,-0.0141802384869,-0.0143919383274,-0.0124276813622,-0.0108501647856,-0.0127122976508,-0.0129968812017,-0.0148600421922,-0.0119648013733,-0.00792486952553,-0.0107668364034,-0.0130104017889,-0.0112169103834,-0.0126247801504,-0.0149425181869,-0.0138470540414,-0.0107180573429,-0.0127799759809,-0.00984514635937,-0.0132151471122,-0.0146803779066,-0.0174280553429,-0.0150415741721,-0.010506143103,-0.0112242225764,-0.0114947094759,-0.0139088222926,-0.00953730395067,-0.0122408457695,-0.0107204341177,-0.0106134564052,-0.0129482889436,-0.0101127617624,-0.0148923486998,-0.0106546004838,-0.0125515268034,-0.0103608019549,-0.0155142874983,-0.0089698154458,-0.0142368512954,-0.0117757836808,-0.00710990881173,-0.0146946841751,-0.00947406791604,-0.00927635226811,-0.00763223389908,-0.019688947861,-0.0102768020298,-0.0116898293139,-0.0113428792753,-0.0126394073795,-0.00944926801522,-0.010793263479,-0.0134273775418,-0.0125198434918,-0.0115816694376,-0.0165197421843,-0.00897843419792,-0.0152867621969,-0.0104930646813,-0.0171085964066,-0.0130056105311
1838,-0.0101587055298,-0.0122070042523,-0.00696316195884,-0.0141860918904,-0.0153854965243,-0.0124202137928,-0.0134963913288,-0.0111396456327,-0.0139357923504,-0.0123914956874,-0.0132913203957,-0.0094412908677,-0.0148234643066,-0.0157894279436,-0.00779382047865,-0.0109613000982,-0.00840093486059,-0.00858325998922,-0.00970184085051,-0.00797541717676,-0.0183081213047,-0.0129489501123,-0.0132262114035,-0.011883416086,-0.0151730559215,-0.0100276836545,-0.0146889161982,-0.0112921275232,-0.00721924054548,-0.00729609857576,-0.00624448842682,-0.00838023477838,-0.00989691261126,-0.0115873733281,-0.00891844463612,-0.00865939045713,-0.0135685009949,-0.0150501502724,-0.013971628419,-0.0137350942537,-0.0138037950738,-0.011967766276,-0.0103182638366,-0.0122201680566,-0.0124847477569,-0.0144419954836,-0.0114861412767,-0.0076135724329,-0.0101766545099,-0.0123775450105,-0.0105980766004,-0.0121660947752,-0.0143828061709,-0.0134229105765,-0.0103308507628,-0.0121041621723,-0.0094749603809,-0.0127164083699,-0.0141394272722,-0.0168199733362,-0.0143510210493,-0.0100067062432,-0.0106923763463,-0.0110866897139,-0.013531771051,-0.00912150989304,-0.0119150637505,-0.0103364885023,-0.00996776789975,-0.0126095111667,-0.00957912306719,-0.0144422850476,-0.0100893932012,-0.0122106971559,-0.0097725894771,-0.0151246887018,-0.00851741284822,-0.0138113594959,-0.0114140070968,-0.00658868910033,-0.0143436947468,-0.00909808202308,-0.0087496039199,-0.00699772761514,-0.019149346937,-0.00992819559433,-0.0112748306592,-0.0109698167656,-0.0120108682379,-0.00901610452355,-0.0102516242986,-0.0130433557269,-0.0119697414589,-0.0109991027128,-0.0160701547571,-0.00844400499215,-0.0146659715665,-0.0101218204005,-0.0164839694529,-0.0124693691355
1839,-0.00972979430005,-0.0116452378791,-0.00661135832457,-0.0138062153999,-0.0147681924817,-0.0118766829915,-0.0130264879972,-0.0105989276936,-0.0134231699946,-0.0118799068121,-0.0127720413249,-0.00896802081556,-0.0142375842312,-0.015045646967,-0.00715220956379,-0.0104028066489,-0.00788039259802,-0.00799724696592,-0.00912548235132,-0.00761909224404,-0.0177381201984,-0.012657605321,-0.0128361126268,-0.0113313643494,-0.0146351617238,-0.00957984052987,-0.0140618001557,-0.0106595890092,-0.00681356189567,-0.006748757172,-0.00585652364094,-0.00765093825375,-0.00924837658534,-0.0111872868778,-0.00850417859472,-0.00812251032477,-0.0129780424184,-0.0144450915824,-0.0134118558137,-0.0132502465934,-0.0131777730529,-0.0114866365963,-0.00979404722662,-0.0117008010807,-0.0119348989058,-0.0139884835819,-0.0109953966271,-0.00718300193024,-0.00950497708046,-0.0117303235447,-0.00997883075873,-0.0116890716454,-0.0137877184642,-0.0129741551215,-0.0098618547476,-0.0114389245311,-0.00908842343585,-0.0121937282131,-0.0135464197076,-0.0161392276143,-0.0135818058294,-0.00950774282923,-0.0101132251171,-0.0106012058985,-0.0131069289931,-0.0086998229479,-0.0115458713124,-0.00994294264171,-0.00937195781791,-0.0122292597027,-0.00903879937996,-0.0139234805843,-0.00947893494128,-0.0118295707001,-0.00922641664005,-0.0146693461648,-0.00803904997792,-0.0133105785478,-0.0110579286693,-0.00603399722321,-0.013963082025,-0.00873377159083,-0.00826049300393,-0.00639363901607,-0.0185249725957,-0.00958515340453,-0.0108226258327,-0.0105921692325,-0.0113769832489,-0.00859763423531,-0.00975237502637,-0.0126072286926,-0.011391913158,-0.0103224382687,-0.0155350301268,-0.00794019257564,-0.0139578707052,-0.00975655520798,-0.0157801419399,-0.0119154384958
1840,-0.00927383168329,-0.0110997619127,-0.00618838931973,-0.0134846002286,-0.0142160133645,-0.0113840386426,-0.012596283044,-0.0101239539617,-0.0129380611754,-0.0113786528884,-0.0122943823228,-0.00837797374143,-0.0137395977539,-0.0143221025761,-0.00655341055562,-0.00975264871812,-0.00731289515263,-0.00735615417929,-0.00867226828483,-0.00724277441566,-0.0171680636025,-0.0124039272393,-0.0124836353309,-0.0108415716059,-0.0141236462475,-0.00923390098443,-0.0134810963196,-0.00994479201751,-0.00646632239823,-0.00621859946343,-0.00544544574182,-0.00681159315597,-0.00862378285042,-0.0106968240813,-0.00820473335448,-0.00750049720755,-0.0122313914598,-0.0138734492624,-0.0128570362013,-0.012798470965,-0.0126160774306,-0.0110562651206,-0.0093563440779,-0.0111840793706,-0.0114351100263,-0.0135698879729,-0.0103949125883,-0.00677458965939,-0.0088240151827,-0.010974624855,-0.00938241521513,-0.0111377212228,-0.013250848075,-0.0124396993704,-0.00934576543614,-0.0108887036218,-0.00863858749983,-0.0115735292046,-0.0130170483765,-0.0154974108453,-0.0128483963333,-0.00908926586345,-0.0093891761861,-0.0100078947607,-0.0127133289265,-0.0081505356423,-0.0111934554835,-0.00939780357855,-0.0087592406078,-0.0118774641786,-0.00839204046354,-0.0134324700739,-0.00875310797574,-0.0113192154094,-0.00881424310506,-0.0142342743969,-0.0075391013297,-0.0128329626368,-0.0107267030008,-0.00551110147013,-0.0136168258473,-0.00826803389016,-0.00767257079894,-0.00580713147624,-0.0179346041274,-0.00909159013873,-0.0104082346612,-0.0102672163555,-0.0108480630476,-0.00808631744639,-0.00924726125992,-0.0121857526479,-0.0108983041099,-0.00958588915939,-0.0150108832573,-0.00753516170748,-0.013297738688,-0.0092750107404,-0.0151299340835,-0.0114353661374
1841,-0.00878090061415,-0.0104733859392,-0.00586284894495,-0.0130685207999,-0.013760776076,-0.0108345150071,-0.0122384146736,-0.00964127444462,-0.0125160687221,-0.0107933825037,-0.0118862542603,-0.00787635848963,-0.0131818952728,-0.0136343897447,-0.00605624921768,-0.00918653453365,-0.00683839138445,-0.0067339032854,-0.00820699509519,-0.00694812665265,-0.0166290504098,-0.0119870902622,-0.0120178382096,-0.0103603228757,-0.0136620768743,-0.00880962656548,-0.0129790350701,-0.00933074464885,-0.00617359314237,-0.00580520036213,-0.00510383383198,-0.00608307243235,-0.00798222290114,-0.0102166834528,-0.00788019297362,-0.00697379010874,-0.0115362980123,-0.0133642753198,-0.0121686814494,-0.0121963554156,-0.0119390171609,-0.0106065811522,-0.00880807954041,-0.0105747520267,-0.010843941771,-0.0132054645365,-0.00987610667842,-0.00643318733348,-0.00823997317547,-0.0102887244089,-0.00877357981703,-0.0105836856427,-0.012624021974,-0.0118892240901,-0.00889618683512,-0.0102567966198,-0.00812344927616,-0.0109575672636,-0.0125825355306,-0.0149222250175,-0.0121910425695,-0.00876412960748,-0.00870726532275,-0.00947520592166,-0.0123753881601,-0.00765334410361,-0.0108782719112,-0.00890174937075,-0.00821544574894,-0.0115729420668,-0.00778693812377,-0.013001144262,-0.00812471424731,-0.0108712548279,-0.00835248785443,-0.0138458653079,-0.00713677213664,-0.0124128796312,-0.0102818236331,-0.00508472310535,-0.0133132552282,-0.00781782676862,-0.00718353521769,-0.00524703889235,-0.0174143382921,-0.00865704209507,-0.00983707356056,-0.00984733855249,-0.0103044382982,-0.00765082165243,-0.00879762868158,-0.0117950135635,-0.0103659453491,-0.00893350265462,-0.0145272494312,-0.0070254127741,-0.0127339852613,-0.0088306537166,-0.0145746868226,-0.0110467067008
1842,-0.00835504059943,-0.00992717864389,-0.00561714944577,-0.0126640486047,-0.0134083403758,-0.0102901698418,-0.0119660602761,-0.00914146407468,-0.0121715949098,-0.0102658259759,-0.0113717056688,-0.00747186071802,-0.0126652715368,-0.0128248011619,-0.00565301768006,-0.00871131746431,-0.0064504470529,-0.00620611634304,-0.00781095857853,-0.00672348610437,-0.0161307908532,-0.0115992963076,-0.0115462727825,-0.0098439286956,-0.0132541222146,-0.00843290022144,-0.0125668949897,-0.00881552776943,-0.00593000921832,-0.0054972853861,-0.00483003810078,-0.00546767042544,-0.00746403331698,-0.00980405189939,-0.00756424572885,-0.00653596590595,-0.0108950347585,-0.0128519605292,-0.0115409906252,-0.0116475325471,-0.0113477180212,-0.0100929494365,-0.00833706976561,-0.0100373597473,-0.0102721295379,-0.0129012904451,-0.00943971048713,-0.0061494990716,-0.00774861808175,-0.00970077731213,-0.00826959677591,-0.0101050292272,-0.0120112808677,-0.0114008294154,-0.0085127207686,-0.00972420242178,-0.00765254890818,-0.0104057209164,-0.012050257833,-0.0144187798979,-0.0116232752827,-0.00834746877285,-0.00810222731231,-0.00901019865823,-0.0121018083338,-0.00720326773246,-0.0106068903736,-0.00845772301866,-0.0077814041821,-0.0113203811077,-0.00725061806581,-0.0126405125764,-0.00760738814729,-0.0104921816983,-0.00798416669979,-0.0135111423825,-0.00681969020491,-0.0120626021077,-0.00990030853914,-0.00473598816975,-0.0128918394294,-0.00743268417936,-0.00679238559241,-0.004803558896,-0.0169759157176,-0.00829271780048,-0.00929915079241,-0.00941864461973,-0.00978862070376,-0.00728262085625,-0.00846994917748,-0.011245585481,-0.0098883021746,-0.00836992693362,-0.0140925846697,-0.00659393292439,-0.0122834756454,-0.00845764456563,-0.01412448932,-0.0106140944193
1843,-0.00798513277197,-0.00945234911887,-0.00542798181012,-0.0123083002194,-0.0131461745694,-0.00981765373441,-0.011773606545,-0.00872015605408,-0.0118999774456,-0.00978506290595,-0.0109055443883,-0.00715361361599,-0.0122206257085,-0.0120715729322,-0.00532431936104,-0.00831532499403,-0.00613158442588,-0.00576067002183,-0.00751792431465,-0.00654924082438,-0.0156722759992,-0.0112406544601,-0.0111098116501,-0.00940638382452,-0.0127093382522,-0.0081145465466,-0.0122367109868,-0.00838246783238,-0.00572384431956,-0.00526992425716,-0.00461150219496,-0.00494903570374,-0.00705550424369,-0.00944826931587,-0.00730861073328,-0.00616813585844,-0.0103004396384,-0.0122686795699,-0.0109717380657,-0.0111477053987,-0.0108322347327,-0.00963082112668,-0.00792752790367,-0.00956579895561,-0.00976026682077,-0.0126518390011,-0.00907214782837,-0.0059084463688,-0.00733166612281,-0.00919963210948,-0.00785147944595,-0.00969245906115,-0.0114502018915,-0.0109674900152,-0.00818376744741,-0.00926954306713,-0.0072216814879,-0.00990991915849,-0.0116083208201,-0.0139784047488,-0.0111393189825,-0.00796638299317,-0.00756907187518,-0.00860541601936,-0.0118872371715,-0.00679089574778,-0.0103768206096,-0.00805739308843,-0.0074303613108,-0.0110678895898,-0.00677077280325,-0.0123454573638,-0.00719114004099,-0.0101740554765,-0.00770577636505,-0.0132262458482,-0.00656664503077,-0.0117783749908,-0.00957438765244,-0.00444437517986,-0.0124563726671,-0.00710394849869,-0.00648103740284,-0.00445481290058,-0.016612958396,-0.00799023262836,-0.00879327894134,-0.00902925783116,-0.00935420871069,-0.00696565047806,-0.00823985898001,-0.0107355282833,-0.00950751386779,-0.00788434418176,-0.0135276115015,-0.00622871831413,-0.0119374063462,-0.00814664259785,-0.0137687575907,-0.0101815344265
1844,-0.00780895789294,-0.0091903811663,-0.00539785662592,-0.0122141838768,-0.0131194161982,-0.00955056157813,-0.0117624610631,-0.00849927622246,-0.0118174849454,-0.00950974085978,-0.0106605273964,-0.00701886061909,-0.0120022442483,-0.0115536369166,-0.00518234599176,-0.00812057021573,-0.00600846502456,-0.005538050051,-0.00743927166028,-0.00650323277508,-0.0154259964767,-0.0110424904595,-0.0108410266166,-0.00916694798988,-0.0123708712839,-0.00797983171325,-0.0121263595563,-0.00818910301921,-0.00564724107502,-0.0052257338952,-0.00450092059375,-0.00466893918068,-0.0068595947739,-0.00926066541022,-0.00723994704255,-0.00598863794087,-0.00994710554169,-0.0119246061332,-0.0106095510861,-0.0108564337642,-0.0105560515062,-0.00942657502189,-0.00771284583324,-0.00930213806776,-0.00945615282917,-0.0126025080513,-0.00890730302253,-0.0057943681665,-0.00712910100973,-0.00894023707271,-0.00766822239102,-0.00946944548544,-0.0111073856925,-0.0107207461874,-0.00802939474815,-0.00907013067141,-0.00696438230377,-0.00961475997965,-0.0113917261769,-0.0137733320291,-0.0109151711797,-0.00777359709952,-0.0072284968241,-0.00837331594196,-0.0118471244869,-0.00655210892057,-0.0102942141623,-0.00783146436158,-0.007306298089,-0.0109412800296,-0.0064867840317,-0.0122434428856,-0.00698472572924,-0.0100282522625,-0.00764083856006,-0.0131320173574,-0.00650970189026,-0.0116790307059,-0.00952107654808,-0.00436138078294,-0.0122481299106,-0.00694750750639,-0.00637921404367,-0.00431634194037,-0.0164891690772,-0.00794352289987,-0.00846317912692,-0.00879994152935,-0.00915598311009,-0.00681656541799,-0.00820378487181,-0.0104867894103,-0.00934941430421,-0.00762507649277,-0.0131566137282,-0.00605498530456,-0.0118313274323,-0.00800573916721,-0.0136755796388,-0.0100114239127
1845,-0.00770905792258,-0.00903640503368,-0.00541859050639,-0.0123168693069,-0.0132133352138,-0.00939640243585,-0.0118402519561,-0.00838467122677,-0.0118254518331,-0.00933385840943,-0.0107017271565,-0.00697140262123,-0.0118907573369,-0.011179130707,-0.0051034813384,-0.00802433123065,-0.00596197886905,-0.00541206189871,-0.00746190837868,-0.00648958876362,-0.0152997675102,-0.0109119192749,-0.0108326325173,-0.00903997309075,-0.0123307856093,-0.00792266673594,-0.0121201990386,-0.00810363064339,-0.00562162067413,-0.00524295084421,-0.00443408274693,-0.00451358392576,-0.00676560914998,-0.00924312454845,-0.00725240954993,-0.00589195581967,-0.00970464662609,-0.0118719882331,-0.0105384612786,-0.0108635435649,-0.0104840575657,-0.00942256517864,-0.00759010241789,-0.0093313508756,-0.00926077329349,-0.0126302928498,-0.00882035421061,-0.00571870482718,-0.00700580682411,-0.00879700421054,-0.00760280570623,-0.0094416620015,-0.0108732193738,-0.0107435364733,-0.00803206159757,-0.00899427169755,-0.00678143892397,-0.00941536994612,-0.0112986918343,-0.0136868884631,-0.0108161779598,-0.00767334924407,-0.00699362376507,-0.00822287804511,-0.0118873707475,-0.00638261894764,-0.0102792972102,-0.0076936663953,-0.00727004176269,-0.0109642235258,-0.00630196514608,-0.0122459019972,-0.00688608962813,-0.00995256502263,-0.00766784659838,-0.0131397577418,-0.00652817522132,-0.0116867527548,-0.0096214565885,-0.00433999136681,-0.0122796947196,-0.00685091867493,-0.00636546295993,-0.00427704658667,-0.0164908497094,-0.00804037980333,-0.00823137552954,-0.00864453099496,-0.0090780204485,-0.00676661451137,-0.00824493169822,-0.0104372543637,-0.00930464598044,-0.00746839043323,-0.013073659884,-0.00596263459738,-0.011863011627,-0.0079303929916,-0.0137240107329,-0.0100895772601
1846,-0.00746475551081,-0.00873875212259,-0.00529499457923,-0.0122730679786,-0.013158172161,-0.00911960320575,-0.011811639395,-0.00814297977865,-0.0117190034164,-0.00900721240917,-0.0105809281964,-0.00680798897603,-0.011783331507,-0.0106532158275,-0.00487388959588,-0.00779366624912,-0.00577323818645,-0.00514979839017,-0.00734055797916,-0.00634982618376,-0.0150348756013,-0.0106634554443,-0.0107093887408,-0.00879534255719,-0.0121514638893,-0.00771791217565,-0.0119681505297,-0.00784048309553,-0.00550025635075,-0.00510297403382,-0.00429024543247,-0.00420671148472,-0.00653789267908,-0.00917340912253,-0.0071222426042,-0.0056473765751,-0.00927918765422,-0.0116856373206,-0.0102818946849,-0.0107093315708,-0.0103446727501,-0.00928382630542,-0.00731913867193,-0.00922783176071,-0.00893150924232,-0.0125215939971,-0.00857334033477,-0.00552737644432,-0.00670380153676,-0.00849428552315,-0.00737480069132,-0.00934755385638,-0.010474195645,-0.0106520104835,-0.00793282003905,-0.00872771882077,-0.00648480455912,-0.00906769629487,-0.0110703831064,-0.0134336464936,-0.0105674497861,-0.00744775188661,-0.00664045111207,-0.00794962340254,-0.0118102229839,-0.00607665478934,-0.0101807266849,-0.00743474578733,-0.00704388873754,-0.0108864355038,-0.00597664316178,-0.0121306398365,-0.00666225840769,-0.00975826846582,-0.00753395699081,-0.0130331664981,-0.00637835732222,-0.0115890012848,-0.00960250612843,-0.0041427021829,-0.0121795449865,-0.00663498815185,-0.00620357258838,-0.00409249143865,-0.0163357231707,-0.0080317884308,-0.00787744684595,-0.00837375369875,-0.00883423076223,-0.00664674862726,-0.00813438252862,-0.010259566661,-0.00911776182689,-0.00715780805248,-0.0128346999089,-0.00573204489903,-0.0117599876446,-0.00773368291574,-0.0136146313023,-0.0100255810057
1847,-0.00712946281957,-0.00833123380018,-0.00507849248025,-0.0121332481751,-0.012989058798,-0.00874568252513,-0.0116959956691,-0.00779779780781,-0.0115210965211,-0.00858273569008,-0.0101954374059,-0.00655038548578,-0.0113651072992,-0.0100034038691,-0.00454730900781,-0.00745348876796,-0.00548802328343,-0.00479571060687,-0.00710357902284,-0.00612810520536,-0.0146485350374,-0.0103467792704,-0.0103585812909,-0.00845164778637,-0.0116732497098,-0.00741282449919,-0.011705543226,-0.00745172126236,-0.00525821982705,-0.0048511269768,-0.00408457403571,-0.0037789222364,-0.00619717489294,-0.00883597175268,-0.00689808832249,-0.00529291304868,-0.00873491379817,-0.0112635076766,-0.00978955274931,-0.0102750121115,-0.00990949830016,-0.00905395277182,-0.00694084169081,-0.00883218125777,-0.00850829456384,-0.0123240696991,-0.00821768815711,-0.00526306917001,-0.00628075740083,-0.00807590445096,-0.00702333882234,-0.00897840096944,-0.00995821896532,-0.0103423940917,-0.00759897972347,-0.00832433250346,-0.0061193268727,-0.00861362772304,-0.0107274768889,-0.0130603672112,-0.0100088887446,-0.00713189607018,-0.00618855864272,-0.00758388001827,-0.0116475887274,-0.00568875860248,-0.00997090161557,-0.00709302456634,-0.00668603007544,-0.0106532544845,-0.00554914263452,-0.0118148977256,-0.00632984267972,-0.00948100957168,-0.00728226238964,-0.0127981292099,-0.00611212683751,-0.0114035568602,-0.00945696406792,-0.00385253891768,-0.0118741874992,-0.00634776256368,-0.00593911983453,-0.00379428420465,-0.0160613181631,-0.0078662968495,-0.00743920206721,-0.00803039707325,-0.00846440438081,-0.00631298904399,-0.0079051356728,-0.00979639252999,-0.00881179126575,-0.0067411171631,-0.0123205597734,-0.00541122259603,-0.0113855374189,-0.00745563662387,-0.0133808948535,-0.00983821671725
1848,-0.00676918505994,-0.00788339088808,-0.00483696656299,-0.0118840089346,-0.012780332768,-0.00833644018758,-0.0114343025392,-0.00741158500183,-0.0112607248039,-0.00813773832356,-0.00977058789915,-0.00625179349189,-0.0108983877016,-0.00930767784669,-0.00419372922097,-0.00706606768481,-0.00517259500142,-0.00441451310179,-0.00682099578901,-0.00588025793337,-0.014045247317,-0.0100182266414,-0.0099003905306,-0.00806890582309,-0.0111654359771,-0.0070798162424,-0.0112392231566,-0.00702353966509,-0.00500064153074,-0.00455884376616,-0.00385208877322,-0.00330630800878,-0.00580592196646,-0.00846558091789,-0.00665202738454,-0.00489890477395,-0.00815909467385,-0.0107300772867,-0.009258379237,-0.00981270321251,-0.00943387321298,-0.00859377867176,-0.00652809191344,-0.00840227904316,-0.00806009363055,-0.0118984560136,-0.00782531189501,-0.00497864079626,-0.0058178011207,-0.00761885819727,-0.00662921698844,-0.00857250402183,-0.00940652169761,-0.00991850165958,-0.00723479896176,-0.00787906686106,-0.00573847591886,-0.00812370645376,-0.0103358778424,-0.012650356061,-0.00941105158842,-0.00678873884126,-0.00569524970525,-0.00718265916102,-0.0114049952385,-0.00528442988326,-0.00959437965121,-0.00673027629612,-0.0062865527447,-0.0102678440681,-0.00509066715538,-0.011361175026,-0.00594695172096,-0.0091725338066,-0.00699086574496,-0.012379419045,-0.00580829715482,-0.0109989225359,-0.00913991788337,-0.00355283666406,-0.0114666021518,-0.00604142416094,-0.00564271594266,-0.00345314677643,-0.0157453364204,-0.00755784018681,-0.0069816135448,-0.00767319134589,-0.00805132714232,-0.00595646252736,-0.00762672797449,-0.00930115581086,-0.00845375452635,-0.00629198542413,-0.0117696364922,-0.00506904823216,-0.010898019253,-0.00714955978028,-0.0131020021307,-0.00943180941332
1849,-0.0064003753412,-0.007418404371,-0.00459057351218,-0.0114984914162,-0.0125562258681,-0.00791370549083,-0.0110487953278,-0.00700702390326,-0.0107901816295,-0.00769530616944,-0.00932650477006,-0.00593031113232,-0.0104119078909,-0.00859539942133,-0.00383177513323,-0.00665433476916,-0.0048478849665,-0.00402557904856,-0.00651932271549,-0.00562158191528,-0.013431901251,-0.0096912117841,-0.00942774191493,-0.00766936386817,-0.0106519210584,-0.00674208086905,-0.0106976222931,-0.00658263654831,-0.0047352102108,-0.0042494811436,-0.00360630210315,-0.00281654303911,-0.00538655086248,-0.00808022724992,-0.00640689753238,-0.00448930649032,-0.00757567365912,-0.0101824441554,-0.00870965127072,-0.00934262814013,-0.00894506319662,-0.00811642049441,-0.00610525244364,-0.00796148443465,-0.0076085287317,-0.0114590255336,-0.00741544953943,-0.0046881885657,-0.0053371207274,-0.00714676249935,-0.00622065405366,-0.00814987945972,-0.00884495271187,-0.00948124703137,-0.00685543214549,-0.00742346771063,-0.00535635850314,-0.00761939918273,-0.00991973365847,-0.012230120581,-0.00879908202073,-0.00643913128296,-0.00518124651244,-0.00676368985739,-0.0109837918092,-0.00488051096048,-0.00921397734298,-0.0063660596369,-0.00587401567208,-0.00987083078914,-0.00462565850723,-0.0108886041138,-0.00553439088794,-0.00884748222346,-0.00668657318828,-0.0119549922977,-0.00549189205617,-0.0105557130727,-0.00881244518659,-0.00326143247095,-0.011055967138,-0.00572766056639,-0.00533673905247,-0.00309476715049,-0.0154125967329,-0.00723154394715,-0.00652590881591,-0.00731881131753,-0.00762410687577,-0.00559373228546,-0.007324048218,-0.00878999960864,-0.00806831035122,-0.00583139876657,-0.0112058673707,-0.00472641419335,-0.010380718463,-0.00682896506954,-0.012629197371,-0.0090108792457
1850,-0.00602538327631,-0.00694065910232,-0.00434235145952,-0.0111036324393,-0.0121202848144,-0.0074827074085,-0.0106422178107,-0.00659049352989,-0.0102973481298,-0.00725908747149,-0.00886804138664,-0.00559052182841,-0.00991240152712,-0.00787414190778,-0.00346345246816,-0.00622442980026,-0.0045182862468,-0.00363349899675,-0.00620543955044,-0.00535409729596,-0.0128156449113,-0.00936716121048,-0.00894379694521,-0.00725952005957,-0.010137549567,-0.00640390847825,-0.0101332477041,-0.0061336608922,-0.00446008448955,-0.00392800442233,-0.00335064686667,-0.00231674833982,-0.00494390495967,-0.0076830744778,-0.00616637403876,-0.0040697908362,-0.00698804400477,-0.00962639725524,-0.0081482341966,-0.00886823469035,-0.00844839152594,-0.00763007121286,-0.0056777716808,-0.00751279886233,-0.00715796720999,-0.0110095472951,-0.00699022779401,-0.00439298208763,-0.00484197082946,-0.00666435595307,-0.00580498931132,-0.00771432483481,-0.00827869105663,-0.00903398264697,-0.00646198297572,-0.00696473209314,-0.00497551569118,-0.00710455435471,-0.00948607072993,-0.0117224564027,-0.008180047253,-0.00608789044271,-0.00465164280995,-0.00633036531343,-0.0105452600855,-0.00447763744391,-0.00883388055599,-0.00600343236948,-0.00545420152466,-0.00946538820747,-0.00415887697868,-0.0104027153126,-0.00509829687963,-0.00850876878899,-0.00637602127553,-0.0115301568765,-0.00516637336176,-0.0101017380629,-0.00847609476041,-0.00297750635203,-0.0106450498324,-0.00540800296186,-0.00502511836328,-0.0027260143247,-0.0149167660347,-0.00688906856458,-0.00607639870694,-0.00696913711694,-0.00719013603909,-0.00522579175511,-0.00700387835205,-0.00826661355893,-0.00766264519926,-0.00536283768024,-0.0106346386091,-0.00438620667728,-0.00984108082308,-0.00649601702092,-0.0121127746376,-0.00858147315596
1851,-0.00565698006726,-0.00646802830108,-0.0041045801511,-0.0107134326001,-0.01168679753,-0.00705933323988,-0.0102371371642,-0.0061788440921,-0.00980394841074,-0.00683480548146,-0.00841324887177,-0.00525465987716,-0.00941826239212,-0.00715865463637,-0.00310890864304,-0.00579659500079,-0.00419779733786,-0.00325391308054,-0.00590164335527,-0.0050940198422,-0.0122053819195,-0.00905027417463,-0.00845959879586,-0.00685577166777,-0.00963159627978,-0.00607515980667,-0.00957044156048,-0.00569688397519,-0.00419029592337,-0.00361690057788,-0.00309880406508,-0.00182626937704,-0.00450770287758,-0.00729040671987,-0.0059367758152,-0.00365692816057,-0.00640810989973,-0.00907730542885,-0.00759029473888,-0.00840108812631,-0.00796075526917,-0.00714925620518,-0.00525833895314,-0.00707284280819,-0.00671926511877,-0.0105657696574,-0.00657052311222,-0.00410510540804,-0.00435488883546,-0.00619246787446,-0.00539786013283,-0.00728394965393,-0.00772014210546,-0.00859235224448,-0.00607267063844,-0.00651636188951,-0.00460280980994,-0.00659504515309,-0.0090565287173,-0.0110975475643,-0.00757283055342,-0.00574591870224,-0.00412531231309,-0.00589985236082,-0.0101071792178,-0.00408343287145,-0.00846243434271,-0.0056487957621,-0.00504678717574,-0.00906372415925,-0.00370157219027,-0.00991960026328,-0.00466536135446,-0.00817357227145,-0.00607725030188,-0.011113654083,-0.00484794512168,-0.00965186913078,-0.00814674088903,-0.00271021234412,-0.010241036817,-0.00509663688703,-0.00472446889108,-0.0023666303783,-0.0143687694324,-0.00655109725585,-0.00563581691189,-0.00662996324409,-0.00676460575727,-0.00486737399482,-0.0066927370519,-0.00774420128444,-0.007260198613,-0.00490491115564,-0.0100678364041,-0.00405923877265,-0.00930353037454,-0.00616826584119,-0.0116028663399,-0.00815937695578
1852,-0.00530461993598,-0.00601392697183,-0.00388456177106,-0.0103379041618,-0.0112758182587,-0.00665595477146,-0.00984915059969,-0.00578528878399,-0.00932528314481,-0.00642889662458,-0.00797604421219,-0.00493807855717,-0.00894355227505,-0.00646213379817,-0.00277955615058,-0.00538539941786,-0.00389539671947,-0.00289770557173,-0.00562284224178,-0.00484991169138,-0.011610222417,-0.00874556606218,-0.00798439792954,-0.00647130844011,-0.00914300463503,-0.00576334103052,-0.00902704355583,-0.00528632685861,-0.00393218145449,-0.00332912916056,-0.00285910273305,-0.00135960037249,-0.00409806199638,-0.0069138202175,-0.00572333627452,-0.00326250528283,-0.00584664159488,-0.00854819148956,-0.00704912771043,-0.00795105016125,-0.00749553245965,-0.00668487391768,-0.00485673041034,-0.00665351668914,-0.006301776554,-0.0101387237952,-0.00616989366512,-0.00383159252868,-0.00389049235537,-0.00574635106716,-0.00501162065685,-0.00687209321661,-0.00718009825775,-0.00816799374007,-0.00569886347773,-0.00608961420267,-0.00424454880898,-0.00610304754333,-0.00864786067007,-0.0104926035642,-0.00699218770827,-0.00542182920483,-0.00361701966896,-0.0054846708114,-0.00968261215621,-0.00370408108947,-0.0081064517588,-0.00530807126762,-0.00466453252087,-0.008675250746,-0.00326266937478,-0.00945237032739,-0.00425490891942,-0.00785287438654,-0.00580234832991,-0.0107132795782,-0.00454674939918,-0.0092184258047,-0.00783372463521,-0.00246572839882,-0.00985114364898,-0.00480210594001,-0.00444535410244,-0.00203061513763,-0.0138413052452,-0.00622849415296,-0.00520864655277,-0.00630671844958,-0.00635972772439,-0.00452743459171,-0.00640728564202,-0.00723313542148,-0.00687811707474,-0.004470849167,-0.00951589549638,-0.00375295283677,-0.00878725907423,-0.00585679890573,-0.0111148603207,-0.00775672959679
1853,-0.00496433990634,-0.00557668474362,-0.00367715875692,-0.00997374281296,-0.0108849513012,-0.00627109758224,-0.00947978489493,-0.0054080847479,-0.00886223460377,-0.00603568717642,-0.00755557266973,-0.00464086436134,-0.00848473252361,-0.00578277730642,-0.00247161651536,-0.00498997814435,-0.00360722074435,-0.00256125498865,-0.00536677402577,-0.00461803223248,-0.0110269649438,-0.00844874158147,-0.00751571031591,-0.00610475455173,-0.00866843707675,-0.0054634861027,-0.00850332971478,-0.00489813498311,-0.00368294027438,-0.00306120479031,-0.00263103119381,-0.000914175184664,-0.00371607435562,-0.00655117620307,-0.00552020640256,-0.00288322002615,-0.00529902048462,-0.00803740754407,-0.00652342394066,-0.00751448388004,-0.00704946683696,-0.00623451069958,-0.00446907662578,-0.00625272435145,-0.00590164278784,-0.009726142486,-0.00578573016013,-0.00356907803823,-0.00344510374617,-0.00532361633177,-0.00464195617748,-0.00647696363848,-0.00665470079117,-0.00775898283872,-0.00533797385985,-0.0056785497577,-0.00389680595786,-0.0056263106216,-0.00825953241926,-0.00990515521722,-0.00643589623615,-0.00511194868785,-0.00312695396644,-0.00508379119493,-0.00927110658492,-0.00333548476522,-0.00776369618304,-0.00497742714278,-0.00430201970894,-0.0082990531564,-0.00283864774549,-0.009000471888,-0.0038681494932,-0.00754543243429,-0.00554677781086,-0.010325838745,-0.00425851825969,-0.00880084339676,-0.0075349408745,-0.00223676129736,-0.00947138601743,-0.00452160510271,-0.00418430711459,-0.00171514521202,-0.0133333537321,-0.00592096162003,-0.00479012988186,-0.00599538045115,-0.00597130927155,-0.00420182347358,-0.00614548848512,-0.00673158187305,-0.00651563889815,-0.00405763144686,-0.00897728630511,-0.00346282926006,-0.00829302777068,-0.00555990968512,-0.0106464520675,-0.00737056706215
1854,-0.00464016315645,-0.00516405728839,-0.00348534428359,-0.00962604176209,-0.0105207209556,-0.00591088427299,-0.00914119917921,-0.00505308299864,-0.0084250423167,-0.00565440199039,-0.00715951454589,-0.00437339389973,-0.00804769582437,-0.00512537965617,-0.00219313763575,-0.00461874645616,-0.00333735734999,-0.0022491549323,-0.00514160315444,-0.00440419104996,-0.0104564331484,-0.00815973774559,-0.00705776183232,-0.00576183567321,-0.00820965403498,-0.00517717135804,-0.00801148869705,-0.00453985958674,-0.00344966142509,-0.00282133856222,-0.00242038572447,-0.000496598999558,-0.00337726103694,-0.00620922129933,-0.00532686515212,-0.00252437478764,-0.00476857322209,-0.00755064181284,-0.00601976146847,-0.00709462880111,-0.00662834701144,-0.00580403784634,-0.00409853100653,-0.00587740167305,-0.00552110194578,-0.00933444437252,-0.00542742716635,-0.00332203593392,-0.00302791620764,-0.00493264476442,-0.00429224145566,-0.00610619924288,-0.00614727850962,-0.00737204258637,-0.00499823159547,-0.00528490190782,-0.00356060273546,-0.00517137274529,-0.00790048780716,-0.00934114939237,-0.00591042005591,-0.00481846884819,-0.00266413957486,-0.00470509396713,-0.00888065712268,-0.00298012385708,-0.00743623024491,-0.00465765943759,-0.00396502637055,-0.00794077596777,-0.00243257389746,-0.00857076032707,-0.00351807106061,-0.00725874487294,-0.00531524251184,-0.00995276733608,-0.00398914051014,-0.00840516905406,-0.00725737119932,-0.00202530917562,-0.00910285889344,-0.00426054122818,-0.00394718000237,-0.00142671732562,-0.0128536294012,-0.0056383693306,-0.00437787779466,-0.00569674528758,-0.0056027331889,-0.00389619351498,-0.00591777253997,-0.00624462746837,-0.00618234769298,-0.00367250355149,-0.00845624042966,-0.0031916091732,-0.0078324410545,-0.00528518998748,-0.0102042227877,-0.00700586280052
1855,-0.00454878264853,-0.00500478738479,-0.00348537300307,-0.00950380475752,-0.0104226884484,-0.00578896476492,-0.00900863506071,-0.00492160633475,-0.0082086052895,-0.00552695856144,-0.00699491788213,-0.00430587779591,-0.00788338838557,-0.00476276355764,-0.00213633881886,-0.00447654807742,-0.00329569469673,-0.00218738997452,-0.00514867923648,-0.00434697200457,-0.0101598509177,-0.00807396485128,-0.00681653741935,-0.00563769606706,-0.00801062134943,-0.00511049107003,-0.00778106342994,-0.00446859823727,-0.00338338512125,-0.00279594123098,-0.00232745725054,-0.000344566092257,-0.00327062577135,-0.0060694224936,-0.00535062252466,-0.00238635711244,-0.0045498263312,-0.00731803918444,-0.00576918973618,-0.00693398657967,-0.00649166625598,-0.00559207652556,-0.00396207139882,-0.00574566510448,-0.00538770297484,-0.00919178858336,-0.00531496479039,-0.00323256196135,-0.00287144743105,-0.00482380026363,-0.00420800577555,-0.00595997630542,-0.00591576329221,-0.0072153909958,-0.00487456479088,-0.00519389452428,-0.00343707382562,-0.00496632469255,-0.00779289644,-0.0090720885282,-0.00569441268206,-0.00473959988581,-0.00242534423096,-0.00453156016589,-0.00869922797241,-0.00284796287151,-0.00728642289852,-0.00455055705145,-0.00389872547514,-0.00776930753154,-0.00226615248849,-0.00836964346935,-0.00339464000507,-0.00717371482985,-0.00532328710254,-0.00981059426285,-0.0039607200469,-0.00822310431491,-0.00717898082481,-0.00207175665253,-0.00896485208552,-0.00420302240981,-0.0039520794092,-0.00136901171769,-0.0126647799671,-0.00552807692329,-0.00418572596411,-0.00559613298099,-0.0055070653838,-0.00380121398639,-0.00590617425936,-0.00598579684149,-0.00609376334236,-0.00355308978236,-0.00818394473619,-0.00314494464051,-0.00763698336866,-0.00520933365794,-0.0100638533448,-0.00687955412715
1856,-0.00454849460981,-0.00498164519158,-0.0035519002371,-0.0096055398175,-0.0106434978741,-0.0058025863412,-0.00899062148423,-0.00491266188214,-0.00824303185204,-0.00551933372131,-0.00695584348298,-0.00434017235252,-0.00785728243065,-0.00458888221238,-0.00216117097457,-0.00445344465338,-0.00334254174335,-0.00222860970993,-0.00527192855311,-0.00433936795453,-0.0100300589192,-0.00806995864895,-0.00668491892759,-0.00564202079817,-0.00795926849631,-0.00513892138523,-0.00769343852958,-0.00453326815082,-0.00335213909754,-0.00285357048944,-0.00228693373716,-0.000335612335366,-0.00328952940344,-0.00602293470712,-0.0054651642919,-0.00235252760129,-0.00447918215134,-0.00723537577278,-0.00565814362049,-0.00689695668633,-0.00650597404036,-0.00548345885611,-0.00394115495694,-0.00572887799734,-0.0053823805838,-0.00915383291568,-0.00530604245467,-0.0031975244109,-0.00282283497417,-0.00485557809348,-0.00425885493117,-0.0059259101003,-0.00582829813674,-0.00717333436083,-0.00483235200884,-0.00525169462129,-0.00340006415058,-0.00488931727263,-0.0078308527126,-0.00905439622845,-0.00563432922721,-0.00476615517311,-0.0023189042631,-0.00446242799674,-0.00862660225811,-0.00280743209114,-0.00721725525705,-0.00454910274874,-0.00394576476158,-0.0077008479579,-0.00222524275336,-0.00830473797728,-0.00339723461117,-0.00717306109658,-0.00543840565791,-0.00979462066999,-0.00403360570443,-0.00817442342907,-0.00717110911548,-0.00219075128602,-0.00893526965422,-0.00421362094858,-0.00405952412615,-0.00142594713939,-0.0127684006937,-0.00547555771995,-0.00411356822988,-0.00558540903881,-0.00555410806346,-0.00377971226284,-0.00599261646634,-0.00583004993809,-0.00613757208612,-0.00355610492915,-0.0080651416273,-0.00319315184334,-0.00760822748746,-0.00521284586236,-0.0100976506284,-0.00687318938466
1857,-0.00435016024338,-0.00476477385106,-0.00343262094783,-0.00959848681867,-0.0106851885072,-0.0056422776389,-0.00883229051917,-0.00472686250287,-0.00799483648397,-0.00529481101177,-0.00674540186766,-0.00422256638631,-0.00760257574278,-0.00420712490108,-0.00199442985228,-0.0042522057124,-0.00319429010652,-0.00207082779583,-0.00520252818677,-0.00418109297366,-0.00970053061054,-0.00789601892532,-0.00637555374428,-0.00547979001694,-0.00771240900698,-0.00496696309289,-0.00741744984632,-0.0043628682259,-0.00317054537034,-0.0027195372875,-0.00214873650254,-0.00011440346054,-0.00314223654034,-0.00581003522877,-0.00537483212039,-0.00212684076268,-0.00415905977975,-0.00696852415999,-0.00536225985613,-0.00665600628627,-0.00629594602755,-0.00519925784602,-0.00372101640314,-0.00552793238175,-0.00518248375906,-0.0089281959646,-0.00509342019491,-0.00301772729427,-0.00255122244069,-0.00466996817147,-0.00408181629339,-0.0057148323214,-0.00551951087517,-0.00695304657412,-0.00460726005062,-0.00504530927398,-0.00319539458319,-0.00461785688381,-0.00768324283185,-0.00888178492798,-0.00535876090521,-0.00461257247486,-0.00205472185991,-0.0042339055092,-0.00839787963827,-0.00257933824714,-0.00702221375328,-0.00437139108274,-0.00374884777745,-0.0074957891318,-0.00199085518733,-0.00807710018578,-0.00323771573319,-0.00701460695067,-0.00533844031998,-0.00960492495402,-0.00388964903617,-0.00797535131877,-0.00700344559126,-0.00206777462757,-0.00871983902946,-0.00405960314518,-0.00396334088395,-0.0012881742652,-0.0127223647956,-0.00528940910869,-0.0038601547407,-0.00540964122466,-0.00537121158222,-0.00357119147186,-0.00589505743542,-0.00550382291928,-0.00599121627673,-0.00334824675637,-0.00777092125702,-0.00304668130174,-0.00739349943596,-0.00505649785215,-0.0099034800133,-0.00667126100703
1858,-0.00402689353337,-0.0044022024315,-0.00319634497179,-0.00926399098304,-0.0104595056615,-0.00534660395971,-0.0085566508446,-0.00440028948411,-0.00761403232807,-0.00493058297786,-0.00640136347267,-0.00398281847702,-0.00718029258285,-0.00365871597226,-0.00170286456296,-0.00390982540707,-0.00291702249416,-0.00177754184987,-0.00498254923964,-0.00392458837262,-0.00922176435196,-0.00762288540025,-0.00594243965426,-0.00518029259319,-0.00732421725884,-0.00466227865423,-0.00699236968776,-0.00402803337745,-0.002909298179,-0.0024505753751,-0.00193392599035,0.00027195239275,-0.00285398810736,-0.00547887343461,-0.00515275584111,-0.00176184686535,-0.00367807797203,-0.00655860175793,-0.00492709718964,-0.00627933041162,-0.00592083106874,-0.00479370067966,-0.00336000514157,-0.00519968232142,-0.00484585863336,-0.00858027951183,-0.00474261492829,-0.002747184352,-0.00212815326601,-0.0043270361758,-0.00373585839967,-0.00537330448856,-0.00505603281378,-0.00660720509255,-0.00426440184341,-0.00465384424696,-0.00288731029655,-0.00420804744678,-0.0073814165161,-0.0083876059517,-0.00492244038816,-0.00433094937284,-0.00166114625852,-0.00388618742649,-0.00804997782407,-0.00223949617371,-0.00674034062583,-0.0040755378751,-0.00338582924971,-0.00718874002729,-0.00161929661288,-0.00771824453876,-0.00293925701674,-0.00674692483736,-0.00508427160285,-0.0092888565453,-0.00360088570749,-0.00765051979069,-0.0067359674478,-0.00181650402248,-0.00838598059816,-0.00380516668747,-0.00372989142012,-0.00100113684577,-0.0123286289268,-0.00501355630886,-0.00348240416523,-0.00512975840366,-0.0050181880111,-0.00324897356099,-0.00565484568906,-0.00506161137831,-0.00568882853087,-0.0029944583358,-0.00734136807396,-0.00277450888007,-0.00701438830925,-0.00479229688747,-0.00952804833883,-0.00632556788403
1859,-0.00366478579031,-0.00398050296109,-0.00292828865322,-0.0088823332499,-0.0100669242421,-0.00499447462893,-0.008220840972,-0.00401295801442,-0.00716979099815,-0.00453077675444,-0.00599862380174,-0.00368445020715,-0.00669635498161,-0.00304375943397,-0.00137031387978,-0.00350345398059,-0.00259606344619,-0.00143430950961,-0.00469787710725,-0.0036355779091,-0.00868985848603,-0.0073268189173,-0.00546570950581,-0.0048204339975,-0.00688729355488,-0.00431929948796,-0.00649903352141,-0.00363554961815,-0.00262682857489,-0.00213098753913,-0.00168338623772,0.000726367002065,-0.00249417568583,-0.00510332662681,-0.00489626157371,-0.00134550274447,-0.00314978364586,-0.00609174739372,-0.00443506459287,-0.00585811522685,-0.00548348891688,-0.00434569336391,-0.00295201301693,-0.00482383936493,-0.00446362615286,-0.00818833358404,-0.00434088058195,-0.00245007941583,-0.00165190432139,-0.0039236670371,-0.0033273615796,-0.00497987398145,-0.00454264207966,-0.00621537023369,-0.00388080593196,-0.00420306756875,-0.00254838278392,-0.00374805872164,-0.00700811161261,-0.00783352343853,-0.00442134331339,-0.0040050104291,-0.0012083308853,-0.00348872640252,-0.00764927565752,-0.00187228337302,-0.00642738420379,-0.00374392817122,-0.00296892760583,-0.00684049411298,-0.00120209090437,-0.00730184122873,-0.00257043418979,-0.00643431829815,-0.00477511399189,-0.0089262745975,-0.0032645051072,-0.00726876671159,-0.006433504697,-0.00154518671075,-0.00801874181694,-0.00351715987303,-0.00344840128302,-0.000653465913614,-0.0118649183174,-0.00469874658806,-0.00306965926373,-0.00482320991069,-0.00460365087879,-0.00289568713169,-0.0053525908451,-0.00457502497434,-0.00531350061696,-0.0025875055334,-0.00685921669499,-0.00246589247123,-0.00655298820971,-0.00448627536349,-0.00907499975221,-0.00592526138141
1860,-0.00329226324612,-0.00353908069582,-0.00266002255165,-0.0084898130218,-0.00964891733452,-0.00462274297782,-0.00785767701902,-0.00360287015096,-0.00669560149035,-0.00413021143279,-0.00557154449452,-0.00336078333035,-0.00619466482429,-0.00240802316909,-0.00103017163933,-0.00307181398889,-0.00226639047639,-0.0010754882904,-0.00439279423483,-0.00333985380503,-0.00814337413946,-0.00702927025306,-0.00497635925008,-0.00443752313662,-0.00643809760573,-0.00397393240035,-0.00597642885535,-0.00322896695211,-0.00234071963512,-0.00179904535222,-0.00142082238584,0.00120228496804,-0.00210418832127,-0.00471305921992,-0.00464068821636,-0.000916017311683,-0.00261214811628,-0.00560608268672,-0.00392161415106,-0.00542419987472,-0.00502723769194,-0.00388581018532,-0.00253497125639,-0.00443260708764,-0.00407042041876,-0.00778055270283,-0.00392275248092,-0.00215014885139,-0.00116045254057,-0.00350088856211,-0.00290156686066,-0.00456761682353,-0.00401921249389,-0.0058096801232,-0.00348395052503,-0.00374143262782,-0.00220222499735,-0.00327341462613,-0.00660462829104,-0.00726347608627,-0.00389696411022,-0.00366897773652,-0.000732127156751,-0.00307240659931,-0.00722530572269,-0.00150535748583,-0.0061049110939,-0.00340767318621,-0.00254324506704,-0.00647882333737,-0.000777384594879,-0.00686266709525,-0.00216912603373,-0.00610396064738,-0.00445402317377,-0.00854989216305,-0.00292051456169,-0.00686431421879,-0.00611961731407,-0.0012831717209,-0.00764519719777,-0.00321835399257,-0.0031571158123,-0.000287521877086,-0.0113750212323,-0.00436624384997,-0.00265343341907,-0.00451635437093,-0.00417362107895,-0.00253920353383,-0.00502970713185,-0.00407063797217,-0.0049075365113,-0.00216422963805,-0.00636158593777,-0.00215529637626,-0.00605546556661,-0.0041642504119,-0.00859338043677,-0.00550755413885
1861,-0.00299264345538,-0.00317501779736,-0.00246271509742,-0.00816869860127,-0.00930722581542,-0.00432185932612,-0.00755078810067,-0.00325781084825,-0.00628014465993,-0.00381610554832,-0.00520928859762,-0.00309296117112,-0.0057782838724,-0.00186229361466,-0.000766442831442,-0.00270716513293,-0.00201412852992,-0.000794419223745,-0.00416139183406,-0.0030988132649,-0.007681220633,-0.00679850741712,-0.00455537841285,-0.0041172241998,-0.00607001635359,-0.00370684620726,-0.00552649641445,-0.00291428153829,-0.00211206760284,-0.00154019152571,-0.00119774295384,0.00159495292458,-0.00178059590755,-0.0043844207218,-0.0044639125903,-0.000559306971325,-0.00217357169475,-0.00519634033537,-0.00348156016254,-0.00506907521408,-0.00465790773611,-0.0034945494929,-0.00219564131558,-0.00411549575418,-0.00375439131462,-0.00744665737613,-0.00358091585311,-0.00190670939191,-0.000751856035549,-0.00316436469182,-0.00255980029841,-0.00422157131363,-0.00358519083137,-0.00547523307829,-0.00315396530341,-0.00337944975424,-0.00192306636685,-0.00287645692225,-0.00626972364028,-0.00678622322831,-0.00346300777569,-0.00340308576218,-0.000320926628404,-0.00271649679603,-0.0068588476491,-0.00121625059494,-0.00583611795915,-0.00314357561042,-0.00221063045008,-0.00617478646844,-0.000433949257768,-0.00648832292929,-0.00182733595404,-0.00583344175951,-0.00421384337665,-0.00824403054523,-0.00266067062586,-0.0065198236833,-0.00586775797765,-0.00111562423817,-0.00734453021237,-0.00298216325679,-0.00294772703362,0.00000457718250913,-0.0109683058946,-0.00408360509159,-0.00231092571799,-0.00427806621258,-0.00383110727114,-0.00225551264755,-0.00477519766949,-0.00363220213481,-0.00456929885569,-0.00182297053519,-0.0059414354548,-0.0019245134363,-0.00562903397248,-0.00390106027317,-0.00819917254927,-0.00516274398586
1862,-0.00277375157662,-0.00291264316344,-0.00234071839008,-0.00793148774421,-0.0090702343615,-0.00411631660167,-0.00733042129265,-0.00300303337237,-0.00595268468988,-0.00359378136389,-0.00493783879774,-0.002908609888,-0.00547051148231,-0.00143776945633,-0.000592085703599,-0.0024359616112,-0.00184733211425,-0.000603764424051,-0.00402976074157,-0.00292161060454,-0.00732444753107,-0.0066341735152,-0.0042172809442,-0.00388699157549,-0.00580051302984,-0.00352507172011,-0.00518309631552,-0.00271244170553,-0.00194078328615,-0.00137220579558,-0.00102781731723,0.00187701526774,-0.00156145831817,-0.00413477496481,-0.00436827667337,-0.000293340500575,-0.00184632602492,-0.00488888092755,-0.00313941200659,-0.00480544681983,-0.00439926847228,-0.00318739124403,-0.00194885487248,-0.00388972976407,-0.00353065264138,-0.00719904060897,-0.0033334061625,-0.00172541528116,-0.00044558705193,-0.00293899889228,-0.00232326217451,-0.00396403342368,-0.003257634691,-0.00523040270314,-0.00290376006721,-0.00313353463069,-0.00171390453775,-0.00257726241895,-0.00603709641287,-0.00642522920392,-0.00314342811533,-0.00322091799322,-0.0000045359315491,-0.00244269508283,-0.00657332077277,-0.0010067927897,-0.00562873704018,-0.00295930265751,-0.00198669798431,-0.00594576797962,-0.000186399920008,-0.00620616792018,-0.00158168058794,-0.00563762882313,-0.00407212914319,-0.00802358264612,-0.00249662723365,-0.00626262986066,-0.00568642043512,-0.00103450833318,-0.00712403050985,-0.00281423764455,-0.00283259875316,0.000198850655325,-0.010677488529,-0.00386470293633,-0.0020497590398,-0.00411218784952,-0.0035973228196,-0.00205109870856,-0.00461647771942,-0.00327310159383,-0.00433142279573,-0.00158262351428,-0.00562223000901,-0.00178016623181,-0.00531530764207,-0.00371085706383,-0.00792465534476,-0.00491177158345
1863,-0.00297302424329,-0.00310069807106,-0.00256183643969,-0.00812948655166,-0.00936457683549,-0.00433338594169,-0.00746681002412,-0.00315033946135,-0.00604864776416,-0.00383085892467,-0.00507965097953,-0.00307287361669,-0.00565822148219,-0.00155022545445,-0.000804175891125,-0.00257431072147,-0.0020872347019,-0.000858028241127,-0.00430583113422,-0.00302411308293,-0.00747202914642,-0.00685813230701,-0.00427611315541,-0.00404976367988,-0.0060015238,-0.00374046119516,-0.0053034630222,-0.00301656575669,-0.00208156131337,-0.00158249608831,-0.00106438728592,0.00168462881411,-0.0017394232708,-0.00424672855787,-0.00466488408269,-0.000425782186403,-0.00208053410012,-0.00503773723253,-0.0032523158262,-0.00500789310913,-0.0046486140316,-0.00327113937401,-0.00212544918047,-0.00409215246715,-0.00374927765643,-0.00739958869979,-0.00352056485929,-0.00182420767202,-0.000603821940018,-0.0032114167513,-0.00256934276372,-0.00410647362905,-0.00343059727769,-0.00541608409322,-0.00303720428056,-0.00343934832238,-0.00188756249319,-0.00272560607931,-0.00625259945618,-0.00659431440621,-0.00337679322452,-0.00342632708353,-0.0000856021494574,-0.00253372144918,-0.00666262751659,-0.00119332307443,-0.00573980996897,-0.00315810380239,-0.00224721479948,-0.0060483385721,-0.000368730367324,-0.00633506842793,-0.00173080711201,-0.00580304648868,-0.00435984730472,-0.00824972393496,-0.00276102359054,-0.00638777008115,-0.00585810955319,-0.00140424732848,-0.00732509951939,-0.00300424678544,-0.00314096770256,-0.0000187121235028,-0.0109283247685,-0.00394594530442,-0.00219459770787,-0.00429972452012,-0.0038596461957,-0.00222014769456,-0.00483696992864,-0.00332925940811,-0.00452978406239,-0.00181082321296,-0.00575427220582,-0.00203232242688,-0.00547049696488,-0.00387102060105,-0.00822203083881,-0.00509096996497
1864,-0.00328925033336,-0.00348200674854,-0.00299259560791,-0.00863319007598,-0.0100081008999,-0.00479741282954,-0.0079656431426,-0.00347725758842,-0.00648645232981,-0.00439851075734,-0.00545875206302,-0.00353464114257,-0.00621585567267,-0.00194699244376,-0.00116387842824,-0.00303953565633,-0.0026172913476,-0.00124424408151,-0.00484136981242,-0.00329634533584,-0.00804359519512,-0.00736001120408,-0.00461667822939,-0.00440287139361,-0.00651150531156,-0.00418809446507,-0.0056893316298,-0.00367583096332,-0.00242512800268,-0.00207815768943,-0.00117523902693,0.00128690531855,-0.0020966464232,-0.00461280209991,-0.00522195494715,-0.000705635132018,-0.00266350440002,-0.00547801003542,-0.00367303586821,-0.00557331416023,-0.00528091319539,-0.00362309614172,-0.00251829065839,-0.00462834957636,-0.00425078444591,-0.00793392174412,-0.00397698352313,-0.00199065215901,-0.000954490464129,-0.00380373737196,-0.00300717311352,-0.00453797515678,-0.00392992533657,-0.00593465397942,-0.00344793630214,-0.00400609834845,-0.00216958073153,-0.00317517351059,-0.00673628799666,-0.00718586288586,-0.00392038943719,-0.00383235635494,-0.00036057273004,-0.00292813126464,-0.00710755074167,-0.00151397508543,-0.00613417349799,-0.00362842194444,-0.00278922602132,-0.00642163840599,-0.000724943275181,-0.00666584389649,-0.00206167391,-0.00627463807589,-0.004915890787,-0.00882170196827,-0.00330681218499,-0.00671155633683,-0.00631286504539,-0.00202548538141,-0.00786359331761,-0.00344714295578,-0.00376735233402,-0.00039859250928,-0.0116002781218,-0.00425850749429,-0.00250989718626,-0.00473509480359,-0.00432537450806,-0.00263429702574,-0.00536668618422,-0.00365401310346,-0.00497639843691,-0.00234996721657,-0.00616853183968,-0.00255073847486,-0.00587558794454,-0.00428243823925,-0.00893723609045,-0.00561998009596
1865,-0.00318937364259,-0.0034533899163,-0.00311263152761,-0.00873759726651,-0.0102037945855,-0.00495366491807,-0.00818114926797,-0.0034300794757,-0.00660246397663,-0.00451927469197,-0.0054662365773,-0.00373257000953,-0.00631671214227,-0.00188251556414,-0.00122147587889,-0.0031302203322,-0.00276485515426,-0.00120876629927,-0.00508444236033,-0.0033709940371,-0.00819042042189,-0.0074940718247,-0.00466492474186,-0.00439747482197,-0.00664873153375,-0.00430972595668,-0.00570898408741,-0.0038547600321,-0.00247714071016,-0.00221059765359,-0.00109512211355,0.00133812139746,-0.00211872413362,-0.00471502144654,-0.00539312297866,-0.000587942359704,-0.00275377216513,-0.00560148361483,-0.00367158192614,-0.00570363616435,-0.00545862507125,-0.00366642793423,-0.00263490243332,-0.00479627945236,-0.00439504102326,-0.00807381833002,-0.00409012743305,-0.00186512720601,-0.000926979051953,-0.00400554978568,-0.00296048877952,-0.00467029559113,-0.00402949907185,-0.00607395713796,-0.00351766221204,-0.00415165822079,-0.00208858322956,-0.00329115027912,-0.00692778301565,-0.00730588872129,-0.00389839186878,-0.00397236357523,-0.000300380548704,-0.00303731205279,-0.00723127347462,-0.00148807786095,-0.00607974221089,-0.00378798033853,-0.00289709336624,-0.00656446129055,-0.000663641094674,-0.00664497430321,-0.00205702360365,-0.0064239691239,-0.00510334622957,-0.00901372191785,-0.00344841403221,-0.00670791962172,-0.00644197956947,-0.00214063169163,-0.00799713722579,-0.00352471191607,-0.00397126127085,-0.000373802994889,-0.0118163707174,-0.00424831429158,-0.00242058681976,-0.00488466289826,-0.00448131102795,-0.0027119489714,-0.00555488825637,-0.00349784880144,-0.00512251060055,-0.00249621826738,-0.00623988902471,-0.00271221724018,-0.00588689225521,-0.00440110482715,-0.00916219962368,-0.0057542076128
1866,-0.00287122479463,-0.00317267947976,-0.00301356230097,-0.00862873061916,-0.0101176855566,-0.00474256814431,-0.00808384127265,-0.00313693471948,-0.00631138549323,-0.00430089429122,-0.00519496811614,-0.00361298151635,-0.006129458866,-0.00149828919263,-0.000952453363912,-0.00283838087651,-0.0025205019802,-0.000933742525036,-0.00508122580899,-0.00312626823973,-0.00786102934974,-0.0073376829974,-0.00429559774816,-0.0041475040947,-0.00635289924627,-0.00413981398362,-0.00540217947893,-0.00376138908306,-0.00230422422211,-0.00211444012743,-0.000900118214671,0.00167786543588,-0.00193124660033,-0.00443949169214,-0.00532336685374,-0.000234394891924,-0.00236947750864,-0.00530323436098,-0.00333801346829,-0.00540285440042,-0.00529056370094,-0.00331648541039,-0.00235042811643,-0.00456267912856,-0.00410464985746,-0.00780206512169,-0.00380223405104,-0.00159610326422,-0.000533227843134,-0.0037668905134,-0.00261064112455,-0.00441095207155,-0.00369559012895,-0.0059840142586,-0.00322349418682,-0.00386040064493,-0.00181018042381,-0.002985002374,-0.00669590829107,-0.00707565231938,-0.00357709272163,-0.00370367390105,-0.0000200141812721,-0.00280486720213,-0.00697407708925,-0.00118653076823,-0.00585151243847,-0.00357871946321,-0.00268319123912,-0.00634419666619,-0.000349266284772,-0.00638945367326,-0.00183471235834,-0.0062960068906,-0.00503077635343,-0.00883334836707,-0.00335990974189,-0.00647562213171,-0.00625631776696,-0.00199965160614,-0.00781401308831,-0.00328540866786,-0.00395263223412,-0.0000977409203463,-0.0117471001276,-0.00401045020315,-0.00207721612561,-0.00467985520265,-0.00419227035058,-0.00245125799614,-0.00552997081891,-0.00312817462855,-0.00486074005352,-0.00219327490081,-0.00595531961664,-0.00254662462086,-0.00561866543635,-0.00416505095394,-0.00906680342718,-0.00556928691044
1867,-0.00252139289899,-0.00283800371953,-0.0027282919525,-0.00831546262568,-0.00994392346467,-0.00446939741983,-0.00786870606631,-0.00278075065289,-0.00596249375409,-0.00390386481915,-0.0048653462083,-0.00337895826198,-0.00574005462963,-0.00102461128067,-0.00067015140593,-0.0024900280635,-0.00221023148278,-0.000608241675253,-0.00502552762762,-0.00284439463046,-0.00742514855097,-0.00705466927578,-0.00387963587928,-0.0038312188633,-0.0059872752065,-0.00378638815636,-0.00504040989812,-0.00344601187039,-0.00206036366659,-0.00182320382538,-0.000683607235258,0.00208494957003,-0.00170267841451,-0.00410988117199,-0.00510020750122,0.00015999104069,-0.00191121778014,-0.00493767092076,-0.00294148206973,-0.00502753864303,-0.00490885896943,-0.00293051261588,-0.00196313789229,-0.00426401759166,-0.00375572879558,-0.0074839680256,-0.00346474335349,-0.00132057851963,-0.0001119468625,-0.00344560916033,-0.00219387088426,-0.00407853777758,-0.00324890896026,-0.00567483661245,-0.00288998240792,-0.00339681325793,-0.00149141514756,-0.00261192394439,-0.0063919606606,-0.00663039102164,-0.00317480366191,-0.0033854056518,0.00031485540028,-0.00247770760677,-0.00664692826726,-0.000863814077774,-0.00557924236505,-0.00327052644519,-0.00227715281221,-0.00608305001926,0.0000141502682814,-0.00607066048697,-0.00155970584205,-0.00603694526839,-0.00479356727218,-0.00851241957363,-0.00306808812644,-0.00617669521393,-0.00600378591016,-0.00170854972263,-0.00748163210363,-0.00302272890688,-0.00375546099592,0.000229412127094,-0.0114337794841,-0.00375722568619,-0.00167473954273,-0.00439658648951,-0.00378820956944,-0.00213451222253,-0.00547552878885,-0.00270957647859,-0.00453331908094,-0.00184508074162,-0.00560207697087,-0.00225195721958,-0.00526988233914,-0.0039022224739,-0.00870041939342,-0.00519843044529
1868,-0.00217165999742,-0.00249535553634,-0.00246307963485,-0.00797328798511,-0.00957054349747,-0.00418218693211,-0.00763833140301,-0.00241070685729,-0.005592547906,-0.00351506736685,-0.00451811514856,-0.00313307449919,-0.00529279000721,-0.000530782730988,-0.000398134286911,-0.00212943858961,-0.00190568696072,-0.00027394044241,-0.0047666719898,-0.00257265372442,-0.0069694144084,-0.00677465284944,-0.003461664702,-0.00349870159124,-0.00560883222644,-0.00344707795811,-0.00466317357658,-0.00311195165595,-0.00182661249596,-0.00154085934669,-0.000465808926537,0.00250028054918,-0.00146410613978,-0.00377785140994,-0.0048143318688,0.0005505551447,-0.00145168633663,-0.00455760427486,-0.0025277715561,-0.00464311265085,-0.00451774326473,-0.00254308463506,-0.00158057244918,-0.00395726255154,-0.00339939709711,-0.00715490205366,-0.00312796356756,-0.00105728203043,0.000304424530952,-0.00311711946373,-0.0017735000898,-0.00373868040356,-0.00280157539757,-0.0053616784363,-0.00255813724125,-0.0029391529707,-0.00116644458106,-0.00223546873872,-0.00606714980896,-0.00617671924536,-0.00274839239802,-0.00306643600209,0.000663124736697,-0.00214326524455,-0.00630408138191,-0.000552994784731,-0.00529478748546,-0.00296536424318,-0.0018852929753,-0.00581474344879,0.000374077671051,-0.00573390532891,-0.00126687122779,-0.00576953081271,-0.00448193299484,-0.00817552794215,-0.00277063253934,-0.00585779022607,-0.00574877465708,-0.00144988325326,-0.0071460068396,-0.00275635299529,-0.00350860103558,0.00055822859578,-0.011070739306,-0.00349598089725,-0.0012697690332,-0.00412003397508,-0.00338270788568,-0.00183152972652,-0.00524823966983,-0.00227526540764,-0.00418897380952,-0.00149149439378,-0.00523464915021,-0.00196932574935,-0.00489612804406,-0.00363363867715,-0.00828977552322,-0.00482063135198
1869,-0.00181383617353,-0.00213861086741,-0.00220627481134,-0.00762279206985,-0.00917809416106,-0.00388086937659,-0.00738145098507,-0.00202590112255,-0.00519525796068,-0.00313714437088,-0.00414884586207,-0.00286338156765,-0.00483751811407,-0.0000252935234039,-0.000115536299636,-0.00175131897682,-0.00160252930566,0.0000710357511378,-0.00449620407541,-0.00229265611113,-0.00650678859177,-0.00649708127776,-0.00303771793801,-0.0031504566796,-0.00522403888677,-0.0031190779896,-0.0042580720445,-0.00276806953992,-0.00158157919782,-0.00124972062408,-0.000239597925676,0.00292538419924,-0.00119499209994,-0.00343121385497,-0.00454795772612,0.0009448999668,-0.000986757480127,-0.00416360269958,-0.00209526154339,-0.00424809398519,-0.00411426853962,-0.00214490377561,-0.00120044931289,-0.00363464340583,-0.00303737622675,-0.00680814452768,-0.00277313569512,-0.000791940613549,0.000737099243058,-0.0027718754247,-0.00135081784828,-0.00338055159874,-0.00235235022583,-0.00503612640485,-0.00220895097772,-0.00248879689803,-0.000837573269351,-0.00184785367056,-0.00571795160101,-0.00571340195007,-0.00230070925925,-0.00274851440705,0.00102987330127,-0.00179153250493,-0.00593839914176,-0.000246888875238,-0.00500163327334,-0.00266598147833,-0.0014944185082,-0.00553604502835,0.000730603156182,-0.00537872104597,-0.000942709009337,-0.00548480820733,-0.00417080625185,-0.00783113884954,-0.00247627189897,-0.00552083240183,-0.00547811164183,-0.00120562333021,-0.00680723350238,-0.00247656871064,-0.00326057718196,0.000894766138154,-0.0106851966329,-0.00320954524879,-0.000872619724516,-0.00384856389364,-0.00297765178094,-0.00152438871059,-0.00497261360951,-0.00182354084385,-0.00382110294857,-0.0011218000017,-0.00485905026093,-0.00169421167939,-0.00449347465681,-0.00334642946915,-0.00786141454949,-0.0044327836834
1870,-0.00145557579381,-0.00177844391239,-0.001961076738,-0.00727034735216,-0.00878104743414,-0.00357668249249,-0.0071123662631,-0.00163807254412,-0.00478514083238,-0.00277120053079,-0.00377017940861,-0.00258421688358,-0.00438354549624,0.000481137079781,0.000167091528779,-0.00136826949102,-0.00130866137317,0.000414658234142,-0.00422841384535,-0.00201232383268,-0.00604565909837,-0.00622353633842,-0.00261271894397,-0.00279814985786,-0.00483997103533,-0.00280492373051,-0.00384053480645,-0.00242428769885,-0.00133425208665,-0.000961281596454,-0.00001279612296,0.0033479647194,-0.000912628943148,-0.00307889797138,-0.00430129600044,0.00133508805078,-0.000522317144341,-0.00376601269359,-0.00165542970592,-0.00385037312841,-0.00370864850023,-0.00174380854797,-0.000828543345354,-0.00330729224034,-0.00267708404903,-0.00645529468381,-0.00241191444167,-0.000529105353953,0.00117452751877,-0.00242285428325,-0.000935324316694,-0.00301464867087,-0.00190702511465,-0.00470678760895,-0.00185275470158,-0.00205168690622,-0.000510377392697,-0.00145749709511,-0.00535931021578,-0.00524972457622,-0.00184745052758,-0.00243852568952,0.00140325217801,-0.00143245274376,-0.00556148819972,0.0000530761307262,-0.0047072394576,-0.00237509566954,-0.0011128944627,-0.00525434923081,0.00107897836585,-0.00501655622477,-0.000604249742118,-0.0051943759198,-0.00386958583576,-0.00748718534108,-0.00219007457797,-0.0051766627465,-0.00520264419005,-0.00097546125932,-0.00646919032614,-0.00219386949216,-0.00302084372221,0.00122744225421,-0.0102908415156,-0.00291294567657,-0.000484569353133,-0.00358350959997,-0.00258183300177,-0.00121924998279,-0.00469471160805,-0.00136442489891,-0.00344521464255,-0.000747485996006,-0.00448383228106,-0.00143109329724,-0.00407818820624,-0.00305248304344,-0.00743003582719,-0.00404501612441
1871,-0.00109575199873,-0.00141706587067,-0.00172340962373,-0.00691518967551,-0.00838402194834,-0.00327288119597,-0.0068364407873,-0.0012496520917,-0.00436627000108,-0.00241281170035,-0.00338546393322,-0.00230018105186,-0.00393089421665,0.000986406717076,0.000451027309107,-0.000982703124275,-0.00102170308342,0.000757290524416,-0.00396713612068,-0.00173033793618,-0.00558752446315,-0.0059506706627,-0.00218546107898,-0.00244449367434,-0.00445687925066,-0.00250006457631,-0.00341596298139,-0.00208180198454,-0.00108266685436,-0.000676081164695,0.000214935912521,0.00376719944175,-0.000623618186614,-0.00272128582693,-0.00406876528731,0.0017225927264,-0.0000574714168925,-0.00336768529406,-0.00121123745331,-0.00345084084728,-0.00330278440114,-0.00133995565511,-0.000463352342016,-0.00297743303933,-0.0023190836133,-0.00609791951462,-0.0020456954443,-0.000265579369089,0.00161653882482,-0.00207234790653,-0.000526436875039,-0.0026429414713,-0.00146395919544,-0.00437472400052,-0.0014898337335,-0.00162494535486,-0.000183321359927,-0.00106504738088,-0.0049965251512,-0.00478723666209,-0.00139160647605,-0.00213531765606,0.00178006295722,-0.00106790131969,-0.0051762593879,0.000350601943085,-0.00441191533761,-0.00208966233211,-0.000739003945963,-0.00497120787273,0.00142165930593,-0.00465108398218,-0.000257874534838,-0.00489934454361,-0.00357741647686,-0.00714460607017,-0.00190944090097,-0.00482937232228,-0.00492249126203,-0.000753307398816,-0.00613080092001,-0.00190851765133,-0.00278930492505,0.00155520401185,-0.00989330240552,-0.00260724187038,-0.000100848696424,-0.00332100729195,-0.00219476152441,-0.000913587430378,-0.00441864596112,-0.000898657842825,-0.00306657245057,-0.000369543200004,-0.00411084111161,-0.00117730975545,-0.00365788805382,-0.00275349692118,-0.00700096355602,-0.00365805995361
1872,-0.000741754427194,-0.00106424649493,-0.0014969951398,-0.00656437685537,-0.00799681310467,-0.00297821474311,-0.00656566259813,-0.000868701399081,-0.00395012350909,-0.00206514252652,-0.00300461122614,-0.00202198898189,-0.00348710469825,0.00148169130274,0.000726853005898,-0.000604079692259,-0.000748206463143,0.0010899946624,-0.00372137747416,-0.00145287384417,-0.00513916144009,-0.00568270001182,-0.00176213706214,-0.00209745671465,-0.00408163331978,-0.00220780068886,-0.00299691447191,-0.0017500903512,-0.000835857969823,-0.000402604658118,0.000437455208863,0.00417406094823,-0.000341657557808,-0.00236637719846,-0.00385150733971,0.0021012094672,0.000399494704417,-0.00297694211953,-0.000772407803586,-0.00305706546888,-0.00290572395534,-0.000941119902109,-0.000109942331487,-0.00265490885328,-0.00196971037348,-0.00574618555599,-0.00168515477885,-0.00000656701062786,0.00205301508978,-0.00173131945136,-0.000130272950536,-0.0022743212114,-0.00102969872625,-0.00404855961491,-0.00112989123432,-0.0012132058226,0.000138042905259,-0.000679068548128,-0.00464020802949,-0.00433521591758,-0.000945065218018,-0.00184388424461,0.00215076135478,-0.000706628813397,-0.00479226324015,0.000640048362327,-0.00412130894282,-0.00181393047359,-0.000379760797342,-0.00469379426365,0.00175338928384,-0.00429138651788,0.000084025368159,-0.00460919394133,-0.00330043379967,-0.00680968236115,-0.00164079740332,-0.00448715137395,-0.00464741580323,-0.000544132799486,-0.00579734342952,-0.00162939790684,-0.00257420110518,0.00187038443307,-0.00950421468415,-0.00230379907871,0.000276273133244,-0.00306509442907,-0.00182245634328,-0.000614532033359,-0.0041545383248,-0.000434900182156,-0.00269601053068,0.00000166394502531,-0.00374781885164,-0.000938008507984,-0.003245040218,-0.00245899622591,-0.00658493367329,-0.00327960047147
1873,-0.000460757200933,-0.000801262351607,-0.00133788653978,-0.00628613042586,-0.00770086258517,-0.00276643974424,-0.00637360835219,-0.000564230582765,-0.00361084871094,-0.00179559097535,-0.00270109964069,-0.00181796969803,-0.00313387530024,0.00187782504425,0.000923983861601,-0.000307010460258,-0.000555464568129,0.0013402666473,-0.00356666096126,-0.00123045852479,-0.00477853624194,-0.00547385209705,-0.00140995269472,-0.00182414855557,-0.00378919741537,-0.00199025303565,-0.0026708422553,-0.00151739907278,-0.000648794720879,-0.00021055199564,0.000613005842397,0.00448581926249,-0.000151530131939,-0.00207730032203,-0.00370776885851,0.00240351385806,0.000758936955929,-0.00267104858417,-0.000417419532214,-0.00274346954279,-0.0026039628352,-0.000614387224611,0.000163756318898,-0.00241520986936,-0.00169882838466,-0.00547470144294,-0.00140973094597,0.000198899031188,0.00240211779175,-0.00148678022608,0.000176538683526,-0.00197947002504,-0.000683911420262,-0.00380019395585,-0.00084181826495,-0.000900248778232,0.000395486811816,-0.00037653795918,-0.00437037804188,-0.00398389762986,-0.000597875854787,-0.00162559222887,0.00244156480043,-0.000415602550216,-0.00447726883303,0.000855766160033,-0.00388421206097,-0.00160875908692,-0.000116085778986,-0.00448260254238,0.00200343131169,-0.00400953318086,0.000344240470573,-0.00438851155964,-0.00310988576259,-0.00654903273022,-0.00146020879866,-0.00421792028141,-0.00443996371292,-0.000418708480198,-0.00553269093758,-0.00141718892759,-0.00245047059898,0.00210120587683,-0.00921552051945,-0.00206032239288,0.00058906343558,-0.00287120238307,-0.00154355266495,-0.000385893115904,-0.00397511277477,-0.0000411308461364,-0.00241315409988,0.00028447002991,-0.00347088403569,-0.000778818363894,-0.00292997320202,-0.00223186628743,-0.00627558082485,-0.00298075047412
1874,-0.000177027030116,-0.000558624465823,-0.00117938412325,-0.00601098131875,-0.00742356948823,-0.00257444777686,-0.00620940617109,-0.00027517633075,-0.0032913890399,-0.00152486936827,-0.00241327988644,-0.0016346598954,-0.00279199392511,0.00224837023538,0.00111424249195,-0.0000283941855533,-0.000367935196161,0.00158648327015,-0.0034365355704,-0.00100889744469,-0.00443263928503,-0.00525740498638,-0.00106566159919,-0.00156801160446,-0.00350796009815,-0.00177621122577,-0.00237009605381,-0.00129908768549,-0.000458493970048,-0.0000311630318934,0.000776339547554,0.00477606698841,0.00000422365459901,-0.00179432623362,-0.00356466853743,0.00269623890117,0.00111497156325,-0.0023841913813,-0.0000783895155792,-0.00243241716402,-0.00231796614411,-0.000295392797941,0.000428085649492,-0.00218738905485,-0.00143527919614,-0.00520659320404,-0.00114382441869,0.000404268898231,0.00274472679246,-0.00125894776414,0.000472546756988,-0.00169544062162,-0.000346871715617,-0.00356400456686,-0.000556304233402,-0.00059333644565,0.000657470751486,-0.0000867187196663,-0.0041228483674,-0.00365228311508,-0.000262971503627,-0.00141612637827,0.00270817713999,-0.000138104767829,-0.00417478485845,0.00107000037875,-0.00364715086221,-0.00140964491872,0.000138650843476,-0.00428754673069,0.00224146762541,-0.00374763630237,0.000579027844978,-0.004175621802,-0.00293102324297,-0.00629774991254,-0.00128992056114,-0.00396962351348,-0.00423504422933,-0.000283122114708,-0.00526656936298,-0.0012036633286,-0.00234121006753,0.00231445402882,-0.00895249636857,-0.0018213911415,0.000902388029636,-0.00267781137337,-0.00127805053094,-0.000157062888505,-0.00381690951077,0.000351276560941,-0.00215279885441,0.000557327526175,-0.00321611312361,-0.000627604470994,-0.00265083093548,-0.00201013984385,-0.0059929717922,-0.00269291374027
1875,0.000146721025637,-0.000278033706497,-0.000985591569764,-0.00569555046775,-0.00710659953743,-0.00234703507209,-0.00602821983676,0.0000485311974846,-0.0029483269305,-0.00119824599017,-0.00209334162059,-0.0014324673363,-0.00240386092129,0.00267065490103,0.00133383419397,0.000281172419208,-0.000142080437513,0.00186909426905,-0.00327710675965,-0.000764843557532,-0.00403185162691,-0.00499783755759,-0.000679251060678,-0.00127948460162,-0.00317472771722,-0.00151765877496,-0.00204059446258,-0.00103632560927,-0.000245320997985,0.000175058629874,0.000953726454336,0.00510759556311,0.000174487869691,-0.0014813808423,-0.00337325642856,0.00302621907044,0.00153212240442,-0.00205659387949,0.000299955804857,-0.00207303621928,-0.00198342916498,0.0000584616492183,0.000735697732584,-0.00192416749758,-0.00112628948622,-0.00490212025491,-0.00084403040981,0.000636182432086,0.00312394538855,-0.000992604698445,0.000816873628626,-0.00137943381517,0.0000430025739038,-0.00329244128677,-0.00024033340937,-0.000225324475673,0.000959526795469,0.000243217577746,-0.00384304095897,-0.00327067362827,0.00011481161425,-0.00116854034859,0.00300272452274,0.000168097624844,-0.00384394162424,0.00132943083914,-0.00338217645961,-0.00116558975366,0.000437820136887,-0.00406366089731,0.00252591814721,-0.00345306707511,0.0008319379854,-0.0039367863668,-0.00271388981675,-0.0060016634509,-0.00107541365957,-0.00368919862391,-0.00400386435762,-0.0000980522594571,-0.00495333518346,-0.000962017523506,-0.00219436245735,0.00256036177182,-0.008648185665,-0.00156903041081,0.00126945052221,-0.00244338984423,-0.000963091752259,0.000105063401596,-0.00363772167888,0.000780787244961,-0.00186302021655,0.000870011900286,-0.00291820838841,-0.000435193080414,-0.00234114236224,-0.00176359957714,-0.00566305553037,-0.00236708760281
1876,0.000440301987037,-0.000031313273137,-0.000816594620687,-0.00540850464327,-0.00682611773856,-0.00214995398744,-0.00588206704187,0.000343173283168,-0.00263952717856,-0.000896740848147,-0.00180553569219,-0.00126361528818,-0.00205131709241,0.00306079089397,0.00151946153055,0.000559550935771,0.0000557692918098,0.00211875466903,-0.00315153085879,-0.000544445967984,-0.00365732246186,-0.00475949608159,-0.000316709467963,-0.00102022178173,-0.00286696869913,-0.00128410295978,-0.00175333101877,-0.000812714316651,-0.0000586618950113,0.000348120785067,0.00111484101109,0.00540502429438,0.00030217021857,-0.00119781653178,-0.00320386550144,0.00332781519263,0.00191452329363,-0.00176005355658,0.000645668275143,-0.00174282672005,-0.00168335223229,0.000382553515205,0.00101526536158,-0.00169403912591,-0.000845117252955,-0.00463167188674,-0.000581312473619,0.000846946559212,0.00346345979157,-0.000766968768241,0.00112962266752,-0.00109555359029,0.000401645933233,-0.00305224480806,0.0000425448701749,0.000109463654029,0.00123893294193,0.000540164934847,-0.00359950923779,-0.00292520125485,0.000452074372858,-0.000946904131238,0.00326538157714,0.00044512858365,-0.00354320598232,0.00156428106258,-0.00313724000537,-0.000942169519627,0.000699583555148,-0.0038629723146,0.00278518840381,-0.0031894178433,0.00104511169771,-0.00372701428559,-0.00252938742967,-0.00572783391311,-0.000889782298185,-0.00343494593221,-0.0038026556825,0.0000533231020786,-0.00466412843095,-0.000749691569642,-0.00207953706533,0.00277371931227,-0.00838463026295,-0.00134730240714,0.0016199748072,-0.00222966033248,-0.000680841777768,0.000336664972825,-0.00349559767816,0.00118235935738,-0.00161043714843,0.00114616749152,-0.00264777603635,-0.000269514223547,-0.002070691373,-0.00154771769789,-0.00537106960276,-0.00207357614859
1877,0.000721350382999,0.00019175467917,-0.000657606556073,-0.00513579628644,-0.00656801166706,-0.00197443314068,-0.00576038272008,0.000620716582276,-0.00235251408049,-0.00061069212785,-0.00153751081712,-0.00111359064044,-0.00171877408703,0.00342292766927,0.00169101980196,0.000818885885462,0.000239490054088,0.00235285076297,-0.00304616419715,-0.00033027066596,-0.0033055000331,-0.00453115315101,0.0000294684603594,-0.000779185506862,-0.00257895785029,-0.00106461112111,-0.00149341622213,-0.000611804523843,0.000119102508043,0.000506696226178,0.00126726422923,0.00568046303797,0.000402959053511,-0.000927940748226,-0.00304738298045,0.00361498489284,0.00227551198384,-0.00148632240336,0.000969177042175,-0.00142902793809,-0.00140598505555,0.000690075494037,0.00127772933315,-0.00148361472803,-0.00058141202529,-0.00437841115208,-0.000337027965287,0.00104995605022,0.00378603473462,-0.000565253188018,0.00142478352996,-0.000828868692659,0.000739770406812,-0.00283142661883,0.000311691052166,0.000425296625028,0.00150732857842,0.000816264348383,-0.00337871886892,-0.00260682164132,0.000765203409845,-0.000741041334534,0.00350514357114,0.000704979983948,-0.00326013570196,0.00178340116291,-0.00290256008107,-0.000734100438287,0.000943309960833,-0.00368021083315,0.00302604484709,-0.00294800087837,0.00123574674724,-0.00353187209376,-0.00236104040053,-0.00547068177892,-0.000721236817573,-0.00320103014575,-0.00361446327687,0.000191096269776,-0.00438875932789,-0.00054887740649,-0.00198411853517,0.00296927192613,-0.00815062111117,-0.0011369662186,0.00195808357308,-0.00202887577583,-0.000418808341046,0.000555903821797,-0.00337085620671,0.00156956957841,-0.00137970219305,0.00140278107571,-0.00240191348804,-0.000120380189422,-0.00183006273466,-0.00134531773213,-0.00510739235708,-0.0017979153118
1878,0.00101071789099,0.000417672309289,-0.000489766535318,-0.00485569721308,-0.00630588802741,-0.00179599327,-0.00564170019046,0.000903456618865,-0.00206623522355,-0.000314872561712,-0.00126685630767,-0.000962531790766,-0.00137976669326,0.00378800735772,0.00186900496975,0.0010823207252,0.000431234452574,0.00259347969648,-0.00293604547829,-0.000108489577765,-0.0029483988919,-0.00429398455139,0.000382033320572,-0.000534689609175,-0.00228406671605,-0.000836725021331,-0.00123509754244,-0.000405147396876,0.000302494465786,0.000671450874518,0.00142377037145,0.00596179429978,0.000501092501923,-0.000653307671029,-0.00288100771204,0.00390972190837,0.00264577114382,-0.00120962067415,0.00129540843289,-0.00110699332081,-0.00112240332805,0.001001985039,0.00154676523353,-0.00126920334355,-0.000310970857701,-0.00412048568381,-0.000087913434393,0.0012601143389,0.00411511859172,-0.00036024790993,0.00172886148919,-0.000558204609253,0.0010848115899,-0.00260721880256,0.000586208030377,0.000752270182143,0.0017836559021,0.00109627546688,-0.00315591210501,-0.00228496213768,0.00108102512398,-0.000529436357922,0.00374534725139,0.00096801928365,-0.00297491552051,0.00201034746604,-0.00266350191046,-0.000518614584787,0.00119540641294,-0.00349519908879,0.00327394569252,-0.00270589727874,0.0014256086365,-0.00333267773998,-0.00218488513239,-0.0052068560966,-0.000543732820972,-0.00296509481392,-0.00342177095402,0.000339709863238,-0.00410513528501,-0.000342447551489,-0.00188256413844,0.00317050834623,-0.00791685300624,-0.000924774147513,0.00230599153005,-0.00182104142878,-0.000149410412659,0.00078190377432,-0.00324229523528,0.00196237116178,-0.00114650230614,0.00166518211812,-0.00215392173242,0.0000359744977459,-0.00159064105091,-0.00113885538436,-0.00484052446038,-0.00151714032851
1879,0.00130623555823,0.00064771256543,-0.000314463714863,-0.00456925412321,-0.00603866294424,-0.00161343794921,-0.00552167168876,0.00119260075287,-0.00177782869323,-0.0000130705116514,-0.000992171945352,-0.000807013807512,-0.00103468650462,0.00415634490188,0.00205412107965,0.0013520418443,0.000630128379741,0.0028398508885,-0.00281840809006,0.000121196308999,-0.00258806384185,-0.00405194245555,0.000740080457395,-0.000285269264253,-0.00198394716159,-0.000602446327637,-0.000975265393971,-0.000192510270151,0.000490988419258,0.000843957132571,0.0015866067401,0.00625062368756,0.000602562891228,-0.00037359923174,-0.0027076649458,0.00421221833825,0.00302210198108,-0.000929349441131,0.00162477032064,-0.000778987057911,-0.000832601386304,0.00131801121892,0.0018213548944,-0.00105050454904,-0.0000353928824231,-0.00385892561406,0.000166700544629,0.00147695515725,0.00445104723827,-0.000151149741248,0.00204116118434,-0.000282669029824,0.00143496131644,-0.00237930386673,0.000866048129794,0.00108785855458,0.0020647835205,0.00138017079971,-0.0029285541014,-0.00195986745915,0.00139937055961,-0.000313052783465,0.00398869990911,0.00123568110549,-0.00268630943854,0.00224268835026,-0.00242134913215,-0.000297702561485,0.00145526862252,-0.00330692047804,0.00352806425373,-0.00246177471671,0.00161927265343,-0.0031286101136,-0.00200081804889,-0.00493776802715,-0.000357609544665,-0.00272545063578,-0.00322464007089,0.000494755436028,-0.00381642975871,-0.000131339271946,-0.00177468635096,0.0033789492196,-0.0076818388771,-0.000708733586871,0.00266017786615,-0.00160855494628,0.000126504422586,0.00101351095279,-0.00310660372908,0.00235942815706,-0.000907889661597,0.00193348576343,-0.00190370070049,0.000198270692445,-0.00134793627231,-0.000927712300079,-0.00456919301062,-0.00123127081804
1880,0.00159062897096,0.000864778043077,-0.000144984775657,-0.00429252138641,-0.00578244903076,-0.00144342273474,-0.00540565164737,0.00147479157952,-0.00149561349592,0.000266389395063,-0.000726041266785,-0.000650907426218,-0.000701630532335,0.00450053193287,0.00223839116555,0.00161681182527,0.000817793810794,0.00307511452882,-0.00270320984397,0.000355274194151,-0.00225541378177,-0.00382776448975,0.00108414142205,-0.0000432745503999,-0.00170605134747,-0.00038221915209,-0.000723868775218,0.00000855772125279,0.000676814988283,0.00101785509501,0.00175220259475,0.00652942761318,0.000707606715949,-0.000098076136517,-0.00255072139218,0.00450899260025,0.0033736804806,-0.000664611789935,0.00193867006844,-0.000468243195729,-0.000558021877426,0.00162393848683,0.00208195395833,-0.000843602682488,0.000223665288134,-0.00361129249129,0.000415757863939,0.00169213023474,0.00478382824091,0.0000464165316151,0.00234146056794,-0.0000125462707845,0.001764996708,-0.00216292610589,0.00114188922767,0.00140445789218,0.00232908104521,0.00165040078936,-0.00270797143916,-0.00165654860269,0.00169817626118,-0.000109998568756,0.00422386033985,0.00149812823937,-0.00240446342113,0.00245685084469,-0.00219096283051,-0.0000951754508312,0.00170633174959,-0.00312939664613,0.00376573341551,-0.00223055249506,0.00181510470893,-0.00292969215688,-0.00182304233049,-0.00468724324447,-0.000181114491192,-0.00249642173732,-0.00303360134059,0.000632768844107,-0.00354623941539,0.0000719929694839,-0.00167868812582,0.0035832683943,-0.00746482629196,-0.000489904030279,0.00299267062671,-0.00141213587739,0.000386607802363,0.00123886965614,-0.00296612654337,0.00274293184615,-0.000672969996874,0.00219171009741,-0.00167556194234,0.000346320292762,-0.00111355737156,-0.000720004126033,-0.00431647134397,-0.000955683145354
1881,0.00187866007849,0.00107464166513,0.0000304707671862,-0.00401385243772,-0.00552429574889,-0.00128076883032,-0.00528608413615,0.00176049779727,-0.00120801760152,0.000529472417724,-0.000457839101354,-0.000481252263493,-0.000365871077617,0.00481933041952,0.00243786715113,0.00188651544076,0.00100271659896,0.00331350032123,-0.00258028697293,0.000609531209339,-0.00195246318997,-0.00361435903355,0.00141746133632,0.000202008395215,-0.00145026103819,-0.00016864608319,-0.000467568341199,0.00021141818004,0.00087173299843,0.00120894947108,0.00192455534659,0.00680589472897,0.000829958089241,0.000188321063886,-0.00240438289829,0.00481169591209,0.00370799159905,-0.00041019721136,0.00224403913343,-0.000165631121571,-0.000290342275755,0.00193048028854,0.00233664091845,-0.000639648044636,0.000473941076593,-0.00336471464548,0.000674898054404,0.00191607956455,0.00513519234656,0.000246541010874,0.00264211188459,0.000266719658545,0.00208214221627,-0.00194943559674,0.00143070576144,0.00171399987126,0.00258399950189,0.00191607987144,-0.0024808156111,-0.0013709200104,0.00199168542963,0.0000871733369574,0.00445676130875,0.0017653128681,-0.00211804020425,0.00265460925869,-0.00196407024724,0.0000886382372948,0.00196508927925,-0.00296202869145,0.0039886177159,-0.00200572538491,0.00203116219937,-0.00272498813825,-0.00163739672636,-0.0044545165859,-0.00000820274697251,-0.00227469675892,-0.00283607976911,0.000768143488649,-0.00328776372631,0.000281478998501,-0.00158916205577,0.00379594836483,-0.00725722676742,-0.000250818626235,0.00330382322812,-0.00122825462358,0.000640952658154,0.00147308266312,-0.00280291740322,0.00312356380989,-0.000426781117425,0.0024533679727,-0.00147289837341,0.000484732639985,-0.000880502748353,-0.000500894723475,-0.00407687818017,-0.00067703462389
1882,0.00220343133986,0.00131216128308,0.000236565975146,-0.00370140926212,-0.00522749732032,-0.00109116783888,-0.00514471716349,0.00208007006519,-0.00089154287921,0.000825717124386,-0.000158147779474,-0.000282050643673,0.0000110881894771,0.00516353775154,0.00267075394173,0.00218778838689,0.00121768446768,0.00358816623053,-0.0024252864769,0.00089347179734,-0.00162575479703,-0.00337293924086,0.00177558412083,0.000480568380726,-0.00116841003614,0.0000751332857371,-0.000178346290431,0.000452679147258,0.00108891814658,0.00143316984832,0.00211258581646,0.00711678669564,0.000981917334148,0.000508204041871,-0.00222753235981,0.00514875847145,0.004079641674,-0.000127538216609,0.00257833254158,0.000171783831083,0.0000131018241943,0.0022669138246,0.0026226786845,-0.000406462033777,0.000756570823517,-0.00308529662594,0.000969270021204,0.00216521464687,0.00553025081697,0.000484003875912,0.00298426426973,0.00058105502055,0.00243323931445,-0.00170758647845,0.00175368787043,0.00206854995237,0.00286686892292,0.00221278935592,-0.00221663106532,-0.00105584396094,0.00232401544274,0.000313244820457,0.0047145535745,0.00206089391307,-0.00180206209558,0.00287560101779,-0.00171321072873,0.000294442884455,0.00226514378726,-0.00277781739704,0.00423748053715,-0.00175485393878,0.0022842732756,-0.00249276436782,-0.00141377049092,-0.00419758922106,0.000194261112511,-0.00202952026917,-0.00261103246679,0.000940823939708,-0.00299914936465,0.000521005212668,-0.00147305131413,0.00404360652328,-0.00701759786213,0.0000160418999772,0.00364112637931,-0.00102088145776,0.000933362628397,0.00173955229108,-0.00260415251771,0.00353525787671,-0.000142733415679,0.00275206280594,-0.00125246103463,0.000649485505046,-0.000617471461264,-0.000251017695593,-0.00380403987538,-0.000361760894141
1883,0.00227403225011,0.00128139279609,0.000231439987739,-0.00363367291208,-0.00521036679283,-0.00114887997422,-0.00521832254646,0.00216580827662,-0.000807312434698,0.000846335142629,-0.00010115093199,-0.000287753423933,0.000094268205951,0.00519448641077,0.00266675805108,0.00224848653219,0.00118544697122,0.00359571130226,-0.00251118738159,0.00100472314058,-0.00159706675192,-0.00335499944995,0.00189473141727,0.000533765265862,-0.00116521616878,0.0000787459271605,-0.000163293879123,0.000389556210938,0.00111742556214,0.0014265361397,0.00217846525531,0.00714999527322,0.000900987882019,0.000612365490957,-0.00228770761976,0.00524938017666,0.00411142670675,-0.000111804732809,0.00264280247237,0.000229777475733,0.0000150252160585,0.0023682522714,0.00265611914333,-0.000431012041636,0.000777491718164,-0.0030754469187,0.000998405448326,0.00224231572608,0.00564405056778,0.000425665388256,0.00304304269934,0.000659020734673,0.00248640331284,-0.00171095400766,0.00184067886431,0.00209577612553,0.00291758963727,0.00224251294708,-0.0022112434733,-0.00105786191559,0.00232893269608,0.000309239425652,0.00474129427377,0.00214007029884,-0.00170799598577,0.00285287692332,-0.00165107781802,0.000270394620628,0.00227126944738,-0.00279101858664,0.0042311701877,-0.00174431132527,0.00231070839846,-0.00247626110777,-0.00144645998395,-0.00418787282465,0.000134780257527,-0.00200592429138,-0.00260147401477,0.000828798961282,-0.00296175229071,0.000539722759617,-0.00164460315445,0.0040489742182,-0.00708584713732,0.0000988722430224,0.0037392041002,-0.0010270200958,0.00093313500291,0.00177483179381,-0.00263166089288,0.00369735702381,-0.000113041860456,0.00276955394218,-0.00129848221299,0.000573280777881,-0.00062631988585,-0.00021375675608,-0.00385161510426,-0.000300485016087
1884,0.00131381413399,0.0000952050520229,-0.000652407515359,-0.00463134716977,-0.00644465745897,-0.00232659712123,-0.00629175090855,0.00127071931314,-0.0017480018475,-0.000332137370536,-0.00108371886903,-0.001203496166,-0.00107158102081,0.00389987886788,0.00172033010343,0.00124556546457,0.000086658468553,0.00251901843928,-0.00366517233506,0.000462389037839,-0.0029167987882,-0.00433757135963,0.00099962779233,-0.000346633652895,-0.00238800051784,-0.000924644102486,-0.00129992102562,-0.000978684995954,0.000357040824969,0.000453397996587,0.00178312600612,0.00606660717317,-0.000160250742345,-0.000179146088306,-0.00337578028895,0.00441088538138,0.00270247444872,-0.00125689717973,0.0015489621627,-0.000923211076851,-0.00129083407612,0.00151632581376,0.0016292317144,-0.00157231148625,-0.000337265254789,-0.00421731810604,-0.0000688411589302,0.00164709500437,0.00465942747833,-0.000899504392627,0.00191895753477,-0.000265770882278,0.00127759521374,-0.0028149871735,0.000968625631509,0.000760803548459,0.0019890231693,0.00112312285536,-0.00334675949014,-0.0024095604425,0.000950721431335,-0.000673913630492,0.003775595855,0.00127600482377,-0.00256969268243,0.00180860214842,-0.00240793961522,-0.000797755388699,0.00107310884728,-0.00370919881134,0.00314073198507,-0.00280275087693,0.00137423896655,-0.00342510751757,-0.00255398530919,-0.0053333064153,-0.0010648531604,-0.00296795692561,-0.00350757026037,-0.000456015635334,-0.00403559164412,-0.000356645763886,-0.00295060300837,0.00309869613711,-0.00854041813932,-0.000548593970963,0.00282432852039,-0.00196427249272,-0.000303307036566,0.000877334533952,-0.00363601650118,0.0028255441532,-0.00117275575272,0.00160021071934,-0.00255181095969,-0.000536128601319,-0.0018167029394,-0.00107024645189,-0.00533954505653,-0.00132892784572
1885,0.000288355369927,-0.00122903205663,-0.00152737680426,-0.00569588571733,-0.00783276024826,-0.00362875672713,-0.00742049983076,0.000131108963782,-0.0028279141761,-0.00160264708175,-0.00225312138949,-0.00218766387045,-0.00239858346611,0.00222903389679,0.000765947434809,0.000140921552785,-0.000969326001986,0.0013729473427,-0.00489415257929,-0.000168737482925,-0.00445685189224,-0.00531220548224,-0.0000662739357613,-0.00152737793035,-0.00381013306899,-0.00202261865766,-0.0026274568913,-0.00236483386769,-0.000252516951685,-0.000492409707105,0.00119705933494,0.00472904162144,-0.00134880613987,-0.00110564760463,-0.00449774168096,0.00337848875525,0.00124461922595,-0.00263834181543,0.000271930722113,-0.00216508750871,-0.00274405160395,0.000485048241042,0.000447285471702,-0.00276857943465,-0.00161195414186,-0.00537980573866,-0.00117170879197,0.00097326562349,0.00357577887039,-0.00227948837373,0.000598096559954,-0.00133066983923,-0.000114840626359,-0.00396665995004,0.000075410251896,-0.000742475589164,0.00101123204957,-0.000102520870354,-0.00467655368217,-0.00398768580346,-0.00056288054063,-0.00179679237067,0.00260509321227,0.000297880020602,-0.00359324196203,0.000751707786697,-0.00329215078007,-0.00191747090081,-0.000177619899546,-0.00474957824349,0.00189265984526,-0.00406506149016,0.000270064020617,-0.00436038919184,-0.00374867608056,-0.00659234179756,-0.0022031949664,-0.00419087309312,-0.00439180415449,-0.00152492018371,-0.00517681622735,-0.00123190987849,-0.00414577005737,0.00195689113445,-0.0101547245988,-0.00124250966182,0.00165340782169,-0.00298453963287,-0.0017308016425,-0.0000221034603831,-0.00468084464947,0.00181924839944,-0.00241036999538,0.000365362252739,-0.00400323584741,-0.0016659152983,-0.00329666366614,-0.00195700600454,-0.00699828883749,-0.00250598917948
1886,0.000161375315942,-0.00161137414491,-0.00157873415569,-0.00588570003173,-0.00820969980725,-0.00406171915502,-0.00788467445286,-0.00015591536018,-0.00318955518136,-0.00181042118258,-0.0026020066607,-0.00247746099828,-0.00263991455137,0.00166368442201,0.000647313360189,-0.000141534769697,-0.00114659625248,0.00113720984171,-0.0052155100333,-0.000177248982255,-0.00496533465874,-0.00548940416517,-0.000290906418201,-0.00186976002025,-0.00423649530727,-0.00217709839125,-0.00306062543766,-0.00264591611224,-0.000275798143255,-0.000614599828738,0.00103696187815,0.00442760326991,-0.00175714599512,-0.00127262433421,-0.00464323861532,0.00324070202425,0.000977293818524,-0.00308326861784,-0.000108343796283,-0.00243671103628,-0.00310372113371,0.000274121589183,0.000229290426467,-0.00309948959661,-0.00192477953769,-0.00568520888147,-0.00137094615944,0.000926589485981,0.00347857922655,-0.00262627502725,0.00037096697102,-0.00156774164771,-0.000417924761139,-0.00427340361259,-0.0000303621490075,-0.000961033722524,0.000810528771229,-0.000395051176666,-0.00509745169804,-0.00445604298572,-0.00103854600636,-0.00204847277016,0.00221944205122,0.0000631013849789,-0.00388898579529,0.000572943484914,-0.00353733603753,-0.00217073937158,-0.000318924842369,-0.00511710630104,0.00161015935445,-0.00451229420059,-0.0000658101148343,-0.00459617651754,-0.00394622748038,-0.00698661687362,-0.00235547597264,-0.00464447693981,-0.00458170578474,-0.00152545221717,-0.00542559678623,-0.00139083360145,-0.00440415426538,0.00172188536003,-0.0107237914839,-0.00138711182614,0.00141274412532,-0.0032040809298,-0.00202761014971,-0.000104480564621,-0.00491047808598,0.00159521834022,-0.00275250864197,0.000110423265184,-0.00454446538887,-0.00187898921933,-0.00384625738744,-0.00214109207919,-0.0075325530411,-0.00275444042173
1887,0.000273070210821,-0.00167630200587,-0.00141751311372,-0.00582248627897,-0.00821271073491,-0.00417644222777,-0.00811467136121,-0.000119392150314,-0.00329071657733,-0.00168002715152,-0.00266368509669,-0.00254012079943,-0.00251519579048,0.00153909294284,0.00072856002848,-0.000130969987618,-0.00106479970833,0.00126862810688,-0.00521057157568,-0.0000204304501914,-0.0050819229129,-0.00545594955749,-0.000255323418547,-0.00187932189491,-0.00430683247002,-0.00203555874484,-0.00319541269728,-0.00259632957567,-0.000236625372522,-0.000511422571363,0.00113126675884,0.00450826478328,-0.00190165001779,-0.00121602211972,-0.00448091188362,0.00339414895326,0.00104274845371,-0.00318159365951,-0.000184390790612,-0.00241359034166,-0.0030879781435,0.000367345756274,0.000331904053777,-0.00317066076809,-0.00190776619932,-0.00575261396537,-0.00133380041109,0.00102515753854,0.00363787441356,-0.0026517196616,0.000534469056782,-0.0015465715974,-0.000361175440015,-0.00432525545429,0.000041026157715,-0.000742977696222,0.000930439302039,-0.000402142017133,-0.00516853710369,-0.00453562073801,-0.00102916989216,-0.00200082019794,0.00211677264474,0.0000589373591165,-0.0039463286767,0.000612579355243,-0.00338553944909,-0.00214576435567,-0.000131290978871,-0.00525459965621,0.00165455373653,-0.00465329866507,-0.000128552377389,-0.0046348013796,-0.00381392854168,-0.0070588804598,-0.00223804461203,-0.00478575652343,-0.00460773306248,-0.0013224521097,-0.00541185340959,-0.00137974263171,-0.00438872251658,0.00181227561552,-0.0109141558787,-0.0012459832507,0.0015060218887,-0.003182367879,-0.00191592970897,-0.00000558176195647,-0.00488109779248,0.0018174045765,-0.00276150445787,0.000145239676758,-0.00474304677869,-0.00181945240485,-0.00400962948149,-0.00214290917154,-0.0076266407307,-0.0026894016952
1888,0.000585244317917,-0.00163981874378,-0.00124029470199,-0.00569654702114,-0.00808049096891,-0.00417073115482,-0.00825130989546,0.0000666666519559,-0.00312516723855,-0.00146285826015,-0.00251323827927,-0.00252618562487,-0.00228874330806,0.00158372664758,0.000937507394245,-0.0000162188943489,-0.00091375324293,0.00164022011635,-0.00510783492651,0.000337915606335,-0.0050418633533,-0.00536443783161,-0.0000210535988874,-0.00176423568309,-0.00424894040106,-0.00183311643993,-0.00320080138896,-0.00247114727691,-0.000130394237017,-0.000374815958774,0.00137260563307,0.00473630263215,-0.00196285425365,-0.000973528701844,-0.00425863154868,0.00366689629978,0.00126919859314,-0.00315256147816,0.0000375301657063,-0.00216272072719,-0.00295374748772,0.000689980693111,0.000515564803208,-0.00315323927651,-0.00172204673127,-0.00565435668927,-0.00124393075878,0.00132510889842,0.00405584461862,-0.00257793296217,0.000817386120252,-0.00137431067324,-0.000197389118591,-0.0043048257155,0.000298611539719,-0.000410403958503,0.00125222569755,-0.000330356180201,-0.00510324758587,-0.00448507803563,-0.000744235989316,-0.00186124779932,0.00211851018357,0.000153885576223,-0.00375931161124,0.000718889121748,-0.003130209134,-0.00204480625804,0.000117448656994,-0.00531165678876,0.00178742862961,-0.0046727057189,-0.0000896688082061,-0.00460433619549,-0.00360134976581,-0.00699947633268,-0.00208731289168,-0.00479781378652,-0.00451094444352,-0.00113068427174,-0.00528852325071,-0.0011508113176,-0.00430695410191,0.00199444348632,-0.010965074373,-0.00100560471047,0.0018423691259,-0.00309993788673,-0.00168204019439,0.000246669652523,-0.00479028857892,0.00215330226427,-0.00264962857491,0.000350058541084,-0.00481010981255,-0.00170015240416,-0.00401554070402,-0.00208473330388,-0.0075487959091,-0.00247784228952
1889,0.00102546551371,-0.00154739739709,-0.000992862421834,-0.00534156862127,-0.00786495801375,-0.00409343760362,-0.00832990242296,0.000503349676128,-0.00282049793678,-0.0010223115614,-0.00217266086364,-0.00246734817833,-0.00196180019578,0.00189344538286,0.00127682074962,0.000254413717237,-0.000717820046431,0.00208571992833,-0.00496605675458,0.000708150627365,-0.00479041908961,-0.00502489186462,0.000348562369363,-0.0015176103134,-0.00393067563042,-0.00154335134923,-0.00294268105142,-0.00231218576804,0.000104721816179,-0.00021560802688,0.00163358992111,0.00521663133212,-0.00197991885268,-0.000599011686243,-0.00403141330908,0.00413619881191,0.00170239065787,-0.00288110300196,0.000380686817795,-0.00174714065695,-0.00269536724805,0.0010686678655,0.000839801204672,-0.00288863163375,-0.00130780574944,-0.00534739910803,-0.000939448513878,0.00165811001974,0.00452611035697,-0.00244211527781,0.00134825788125,-0.00100680109847,0.000233778192248,-0.00421747545918,0.000652337175299,0.0000251123045031,0.00164123821915,-0.0000470141050188,-0.00495392181876,-0.00417651885457,-0.000338857563527,-0.00157717120912,0.00236321472025,0.000476533819472,-0.00344194583699,0.00102334038875,-0.00280416783509,-0.00191049177929,0.000482303243085,-0.00532106060427,0.00201205345598,-0.00461289072899,0.0000138613307534,-0.0045286062746,-0.00336258032988,-0.00672271754255,-0.00194649290006,-0.00472763171064,-0.00423803697331,-0.000878796834371,-0.00492503615028,-0.000825219817164,-0.00420716797629,0.00229618256427,-0.0109257071392,-0.00072135513353,0.00232262965258,-0.00280714489634,-0.00139370034151,0.000593684358543,-0.0046765853995,0.00257430087988,-0.00246934865715,0.000746966280102,-0.00479679594925,-0.00150727568971,-0.00392808648708,-0.00177932044114,-0.00737208839705,-0.00203891534594
1890,0.00136868770818,-0.00155645467248,-0.000741008081317,-0.00505814487901,-0.00773420482098,-0.00410052935506,-0.00847016004995,0.000860382394635,-0.00257784925751,-0.000670737885254,-0.00190262086794,-0.00248211491757,-0.00159778423818,0.00215890593733,0.00151470714685,0.000545872196218,-0.000454706071759,0.00243481207348,-0.00493738545668,0.000997755938956,-0.00452612878791,-0.00476473032329,0.00063008891416,-0.00119386741743,-0.00367045613957,-0.00124621788272,-0.00276474458267,-0.00220876028525,0.000261594064421,0.0000117736890237,0.0018426443412,0.00558826140352,-0.00208136064798,-0.000300988478632,-0.00392720224817,0.00450035435897,0.00201333663736,-0.0026433616452,0.000645761167175,-0.00142255408395,-0.00239762995556,0.00136406432936,0.0011482559429,-0.00268645909132,-0.00098422991832,-0.00512281482812,-0.000704692946346,0.00191056246496,0.00488582315851,-0.00232196878356,0.00178035952211,-0.000717750171923,0.000553341726948,-0.00403398997129,0.000919428417079,0.000455810694164,0.00195136849051,0.00018940082152,-0.00488954612392,-0.00394535238566,-0.0000241183264377,-0.00128370090875,0.00256859002932,0.000727635168878,-0.00318726547992,0.00122226512218,-0.0025310009013,-0.00170317938427,0.00080902584954,-0.00539697385928,0.00227480966394,-0.00462420044479,0.0000448433383776,-0.00435741319983,-0.00325838726621,-0.0064491119834,-0.00195531369375,-0.00451867505823,-0.00403933193141,-0.000656640877366,-0.00464862862459,-0.00057731963604,-0.00423536395982,0.00261321257673,-0.0109836503031,-0.000492705577057,0.00271156691574,-0.00257317334035,-0.00118733519548,0.000839613418336,-0.00467022412955,0.00292570934969,-0.00238206178345,0.00104552177257,-0.0048671940091,-0.00128208654703,-0.00392273665799,-0.00154566211439,-0.00730569698089,-0.00169210161048
1891,0.00157714530481,-0.00170937729409,-0.00062190413274,-0.00490645049715,-0.00777518867269,-0.00424207585454,-0.00869906150433,0.00108278986957,-0.00244181624574,-0.000499153542237,-0.00175457210696,-0.00259170893877,-0.00140835388573,0.00224240148707,0.00164045765778,0.000709217785997,-0.000338206481416,0.00264201144631,-0.00505354083522,0.00120425757439,-0.00448664268211,-0.0046327851775,0.00077731018392,-0.000999303174561,-0.00357421029905,-0.00111104225657,-0.00271486943217,-0.00223110208907,0.000344686972663,0.000117058010399,0.00199064504596,0.00579330197748,-0.00228052202623,-0.000110445604049,-0.00381527020784,0.00472266542606,0.00213361805212,-0.00255253628497,0.000770805657837,-0.00124985455331,-0.00227102740399,0.00153753342698,0.00129503800265,-0.00261137263381,-0.000813686833395,-0.00502589265182,-0.000595216082846,0.0020746955254,0.00510780446999,-0.00244657211223,0.00202836323666,-0.000546406938475,0.000695423391818,-0.00400596855362,0.00108008757036,0.000665962031703,0.00213530653009,0.000283663437021,-0.00496364424485,-0.00389302198601,0.000124153900661,-0.00113666933515,0.00265831668416,0.000872411656343,-0.00303790848322,0.00128302996931,-0.00235418543979,-0.00163242104156,0.000957431353396,-0.00557344855385,0.00237790950911,-0.00476078925363,-0.0000268532776691,-0.0044559836797,-0.00316223911519,-0.00639285195905,-0.00212556959569,-0.00455659968213,-0.00393512284239,-0.000599950273818,-0.00451507166226,-0.000431580872541,-0.00441470469414,0.00278405770795,-0.0112026806517,-0.000326690117026,0.00293958077061,-0.00246793208409,-0.00102491283838,0.000968951573516,-0.00478374257573,0.00315601583069,-0.00243260808674,0.00120119799284,-0.00508606504587,-0.00120693686553,-0.00405867550019,-0.0014073760093,-0.00742523854935,-0.00149220972497
1892,0.00178864844501,-0.00187257046216,-0.000505118268332,-0.00475345353461,-0.0078313540733,-0.00439905044573,-0.00892018978406,0.00129141423906,-0.0023041329095,-0.000358363119694,-0.00161074785801,-0.00269079857619,-0.0012329172035,0.00228325094658,0.00178899760317,0.00086485396543,-0.000235981032607,0.00284393728486,-0.00518195487812,0.00143420277084,-0.00465147550255,-0.00451135522929,0.000907599265206,-0.000818053895434,-0.00351233294188,-0.000999954420782,-0.00266004873392,-0.00237998929612,0.00045582271707,0.000233435079735,0.00214139534793,0.00597470896623,-0.0024582895248,0.0000920848289083,-0.00373687891324,0.00493678049538,0.00223432357199,-0.00248324466781,0.000881348963565,-0.00108942382195,-0.00216348159242,0.00171161635223,0.00141798479301,-0.0025376659247,-0.000663301182329,-0.00492504457988,-0.000469125281598,0.00225187846605,0.00535245177411,-0.00256923892907,0.00224851916582,-0.000367223158471,0.000813400434637,-0.00415489019041,0.00126370265358,0.000838849865304,0.00230745377504,0.000371929031846,-0.00504570976705,-0.00386765030855,0.000258965870469,-0.00101406139847,0.00274045513611,0.00102088056641,-0.00288569037568,0.00133155304654,-0.00218429801176,-0.00177469243332,0.00109950240212,-0.00575953159625,0.00245294131972,-0.00490999809339,-0.0000786089398545,-0.00454735155593,-0.00303253729694,-0.00650078617394,-0.00230511418942,-0.00468701046211,-0.0038146455909,-0.000537509427393,-0.00439710037659,-0.0002734002582,-0.00460787984316,0.00294290865342,-0.0114354656596,-0.000128075781967,0.00312751756564,-0.00237870860471,-0.00089630622233,0.0011148022481,-0.00488485100198,0.00338356049313,-0.0024586020065,0.00136014659063,-0.00533572972022,-0.00115119803263,-0.00421023185649,-0.00125295626686,-0.00757982056082,-0.00130324265478
1893,0.00215047011464,-0.00187848613446,-0.000260425732533,-0.00444884471072,-0.00765052830714,-0.00441502401083,-0.00900915519567,0.00164023007942,-0.0020243074008,-0.0000628861028687,-0.00131972175054,-0.00261398316582,-0.000881462916802,0.00249698390929,0.0020915087367,0.0011652860081,0.00000427609729055,0.00319728581777,-0.00516794673966,0.0017807503862,-0.00464202678804,-0.00426454840466,0.00117703312477,-0.000500118778799,-0.00329729207502,-0.000752022121706,-0.00243379112509,-0.00227179692263,0.000685100970087,0.000494789912127,0.00237102542053,0.00631850611423,-0.0024795581148,0.000434527259474,-0.00352832486403,0.00529559552984,0.00252919219764,-0.00225843628734,0.00114819705244,-0.000767621256003,-0.0018780941046,0.00203046216935,0.00168601484023,-0.00231052659855,-0.000362348865733,-0.00466776131604,-0.000175374447784,0.00254136290731,0.0057801472756,-0.00246826565553,0.00263108538209,-0.0000363918467814,0.00110384416314,-0.004083246825,0.00159899567752,0.00119650028764,0.00260605357496,0.000621289410306,-0.00495129040156,-0.00366148036039,0.000577164790044,-0.000763983993129,0.00296382208289,0.00130679209652,-0.00259597119365,0.0015215069772,-0.00190888337646,-0.00174509653656,0.00141872613464,-0.00582972852317,0.00267430075095,-0.00492033757218,0.000222063851076,-0.00441221981551,-0.00275229323722,-0.00639600667618,-0.0023296258326,-0.00464131944779,-0.00356256534496,-0.000305914858797,-0.00413654802437,0.0000151390461723,-0.00465782609474,0.00324628176564,-0.0114893575458,0.000191837167871,0.00344436313912,-0.00216636369998,-0.000604036675212,0.00140670727621,-0.00483761177875,0.00375475058522,-0.00215333072921,0.00169116272267,-0.00544137790267,-0.000957999746687,-0.00419885097136,-0.000965836344249,-0.00756057560784,-0.000963477643272
1894,0.0026384380744,-0.00160733386706,0.0000894875496503,-0.00400757128617,-0.00717182980713,-0.00427021272265,-0.0089634859695,0.00213065906052,-0.00159791707868,0.000373916129911,-0.000881164800059,-0.00225095594546,-0.000361516662918,0.00290064449311,0.00252318723643,0.0016119383873,0.000366986455393,0.00368447524316,-0.00501820003159,0.00222169839231,-0.00428573996221,-0.00391313731129,0.00158357822762,-0.0000422042534482,-0.0029259229572,-0.000380095024764,-0.0020344993714,-0.00185987585257,0.00100285653034,0.000883802974666,0.00267818512251,0.00682677572736,-0.00234780543829,0.000903881297922,-0.003204307419,0.00579062186678,0.00300248172242,-0.00187121742523,0.00157376758256,-0.00029672370467,-0.00141767145632,0.00248421916214,0.00209306423969,-0.00193929086615,0.0000823471132109,-0.00427092970522,0.000266779462253,0.00292405814082,0.00636711845223,-0.00204388342288,0.00317024279487,0.000437677870741,0.00156146185622,-0.00373646766241,0.00206332149501,0.00172839046693,0.00301441756021,0.00102478897784,-0.00451275456017,-0.00327234477139,0.00107353335402,-0.000392657235107,0.00333609322108,0.00172702582138,-0.00217031214066,0.00183543398101,-0.00153604331587,-0.0014370067537,0.00189472813091,-0.00568455399585,0.00304030671766,-0.00462871775829,0.000675349589539,-0.00405134334874,-0.00233511694472,-0.00603103257644,-0.00206813454989,-0.00429481592774,-0.00319971267213,0.0000486704688304,-0.00374685793143,0.00041007050936,-0.00458425024186,0.00368824793156,-0.0113648241699,0.000614384079872,0.00388876846049,-0.00184307412426,-0.000151977168336,0.00181775664864,-0.00445525974311,0.00425991172837,-0.00169096815268,0.00217949572619,-0.00539676280532,-0.000641113304707,-0.00396203401127,-0.000563127462766,-0.00736245808345,-0.000480134953955
1895,0.00313570170014,-0.00122988436636,0.00043375568249,-0.00354889726943,-0.00666638549326,-0.00391552407591,-0.00889656494051,0.0026448818629,-0.00114039418224,0.000831825839919,-0.000413876535206,-0.00187351865294,0.000182364896718,0.00335722208361,0.00295203597856,0.00208245491646,0.000734304542297,0.0041828493919,-0.00476005491084,0.00265710485522,-0.00388301209647,-0.00354761056954,0.00201759460582,0.000442238220851,-0.0025171182142,-6.58634138926e-7,-0.00160281833417,-0.00143146979606,0.00131030413218,0.00126911133152,0.00299000897997,0.00735746479664,-0.00200078483749,0.0013881500615,-0.0028757538811,0.00629865837707,0.00350677537166,-0.00144573173379,0.00203451562712,0.000201519362242,-0.000927233304602,0.00295728445045,0.00251750718325,-0.00154746521079,0.000552536006025,-0.00385373504746,0.000718787995686,0.00330681745652,0.00696392993031,-0.00159919923772,0.00372840974217,0.000933839501364,0.00205099275055,-0.00336663785891,0.00253484942921,0.00228210878803,0.00344015197864,0.00145469411825,-0.00404310818876,-0.00284594718573,0.0016063581088,-0.00000765173087814,0.00374080759253,0.00216986910357,-0.00171773707936,0.00216188323796,-0.00114247205275,-0.00110977714076,0.0023737892416,-0.00540640869507,0.00343059859263,-0.00425541372897,0.00115181234813,-0.00367792371374,-0.00191585638024,-0.00563356250862,-0.00174627472686,-0.00391101578198,-0.00283265396853,0.000390825046356,-0.00333317339953,0.000808168505196,-0.00451847443224,0.00413870042856,-0.0111167870619,0.001039296205,0.00436325483791,-0.00150498541803,0.000320143119827,0.00222935905859,-0.00407230627349,0.00479350130716,-0.00120645991274,0.00268546712146,-0.00516458424889,-0.000318248159519,-0.00352623647991,-0.000152964577289,-0.00697356838998,0.0000226004889576
1896,0.00359488177208,-0.000906314694561,0.000724642049354,-0.00312941912461,-0.00621375402623,-0.00360317615865,-0.00888860594536,0.00311424203078,-0.000729288465501,0.00126324003928,0.0000103348988918,-0.00155832600903,0.000675617133129,0.00378456657088,0.00331167625952,0.00249950781983,0.00104904446448,0.00463379849299,-0.00448040383053,0.00304013592834,-0.00349497833631,-0.00319743221019,0.0024201404979,0.000886386725176,-0.00213188757567,0.000333655022161,-0.00123008305024,-0.00106922372045,0.00156588866769,0.00157811292877,0.0032572155119,0.00782518695008,-0.00173557013012,0.00182999530965,-0.00258767691025,0.00675434303332,0.00397629749502,-0.00105650141484,0.00245817697328,0.000671963940052,-0.000486716238176,0.00338969353039,0.0028984661981,-0.00120289990233,0.00099158068654,-0.00347292384278,0.00110807393727,0.00364644888118,0.00749642845416,-0.00121423407272,0.00423702638465,0.00138484085234,0.00250660927479,-0.00304013858346,0.0029550945356,0.00278921772854,0.00384719197133,0.00184251889389,-0.00362565816392,-0.00246369221735,0.00210004423728,0.000338204992456,0.00409849998013,0.00256772032349,-0.00130370281307,0.00245033225685,-0.000763391726087,-0.000812185641176,0.00278105517034,-0.00516219489647,0.00378140711118,-0.00391812373054,0.00156342170251,-0.00335073450598,-0.00156285669557,-0.0052580237526,-0.00149146508302,-0.00356109571327,-0.00251224686406,0.000675883892323,-0.00293807117035,0.00116479153822,-0.00445285516892,0.00452300516356,-0.0108018857751,0.0014139653353,0.0048288206713,-0.00119371277111,0.000741986562001,0.00259008178836,-0.00377258904853,0.00530432202711,-0.000784643879294,0.00313616508803,-0.0049029325778,-0.000046603645436,-0.00315304913181,0.000209594068011,-0.00659177929484,0.000480864429533
1897,0.00402281559771,-0.00063401403112,0.000974774413496,-0.00274303528673,-0.0058145162178,-0.00333517032234,-0.00893627275264,0.00353846089334,-0.000366456245431,0.00166821565713,0.000390805283514,-0.00130022280052,0.00112155454161,0.00417431883663,0.00361910205291,0.00286463663929,0.00131877502732,0.0050409315455,-0.00427016468074,0.00338657614584,-0.00312993481224,-0.00286113782163,0.00279211083122,0.00128813122155,-0.00177467673949,0.000628498584747,-0.00091438302204,-0.000764712941715,0.00178921233576,0.00182657591234,0.00348585294475,0.00823161220675,-0.00154886205191,0.00223598888912,-0.00233572515561,0.00716406656661,0.00441291071944,-0.000707403230833,0.00284241328885,0.00111501007477,-0.0000955464824654,0.00378604024031,0.00323885798314,-0.00090142231027,0.0013984381122,-0.00312446162648,0.00144703466967,0.00395490527659,0.00797811094778,-0.000883808098666,0.00469777350415,0.00179469881202,0.00292821520131,-0.00275312709507,0.00333657180833,0.00325181703458,0.00423551904425,0.00219121951255,-0.00326199246545,-0.00212686423764,0.00255087578659,0.000646168183771,0.00440766175639,0.00292387683684,-0.000927761834658,0.0027073839068,-0.000400929191969,-0.000543815150746,0.00312909822473,-0.00495204204559,0.0040939221742,-0.00362022975394,0.0019130411546,-0.00306356776443,-0.00126719405995,-0.00490929755039,-0.00129095588405,-0.00325057588616,-0.00222806773515,0.00092010278847,-0.00256176281578,0.00148857860064,-0.00431249254656,0.00484732714994,-0.0105380716883,0.00175053999095,0.00528060374434,-0.000907137801029,0.00111493920944,0.00291359495166,-0.00354238761677,0.00579200180149,-0.000423864543181,0.0035378960011,-0.00467363407616,0.000180846604769,-0.00284821163591,0.000533411677249,-0.0062694473092,0.000896465751885
1898,0.00443665052731,-0.000390170873011,0.00120767259339,-0.00237047579446,-0.00544692336468,-0.00309357039287,-0.00901551362237,0.00393684638306,-0.000031824719099,0.00205823681261,0.000746382123398,-0.00107319744545,0.00154380164909,0.00454087255607,0.00390512345556,0.0032015227204,0.00156434861567,0.00542285808867,-0.00409810909779,0.00372221667959,-0.00278026301426,-0.00253155159404,0.00314910545242,0.00166510418461,-0.00143471056393,0.000902552969386,-0.000629597689744,-0.000489000955547,0.00200294545276,0.00204838474181,0.00369520659971,0.00860214178457,-0.00140342116517,0.00262675070315,-0.00210413508616,0.00755162305732,0.00483297306372,-0.000381715815696,0.00320371346853,0.00154416670568,0.00026804038991,0.00416523699037,0.00355745764724,-0.000623128746563,0.00178696678924,-0.00279223880621,0.00176407432187,0.00425292790974,0.00843990472344,-0.000582322118301,0.00513184036286,0.00218522138219,0.00333234711708,-0.00248591181887,0.0037034020459,0.00369035928788,0.00461330546028,0.0025207487462,-0.00292945729178,-0.0018157807195,0.00297529004395,0.00093186545245,0.00468906682451,0.00325917825898,-0.000572095156654,0.00294900043282,-0.0000479872898077,-0.000292747962161,0.00344906918927,-0.00476069514022,0.00438561057688,-0.00334574918634,0.00222905932571,-0.00279668993929,-0.00100129681771,-0.00457799553152,-0.00111549013609,-0.00296436874375,-0.00196070375348,0.00114633137132,-0.00219447275485,0.00179636367553,-0.00420374748597,0.0051391102935,-0.0103044129214,0.00207102154527,0.00572364030792,-0.000633784451306,0.00145989747659,0.00322358066675,-0.00334549827028,0.00626847301252,-0.0000976271722948,0.00391438721661,-0.0044642627802,0.000384442168096,-0.00258574435937,0.000839241850746,-0.00598522018311,0.00128867441792
1899,0.00484185124447,-0.000170944964067,0.00143172329808,-0.00200654520647,-0.00510369020332,-0.002875046913,-0.0091235009777,0.00431642236109,0.000278897805827,0.00243696462885,0.00108117745793,-0.00087065016638,0.00195102816048,0.00488507047572,0.00417726526292,0.00351675189809,0.00179143843671,0.00578573247135,-0.00395387404745,0.0040553276712,-0.00244679104731,-0.00220663847716,0.00349271358089,0.00202449421375,-0.00111183808181,0.00116222827721,-0.000371138110527,-0.000234725807581,0.00220851364588,0.00225385804059,0.00389021678969,0.00894373235837,-0.00129126101003,0.0030089067042,-0.00188644987679,0.00792524304602,0.00523835772685,-0.0000771366739002,0.00354382708692,0.00196225840387,0.000609115586708,0.00453147713152,0.00386018561681,-0.000365729930705,0.00216115380229,-0.00247396770246,0.0020652002502,0.00454590270083,0.00889131584786,-0.000303191256378,0.00554861620838,0.00256276751283,0.00372307889454,-0.00223544712797,0.00406090794994,0.00411348551572,0.00498230745649,0.00283508678997,-0.00262068923986,-0.00152768844447,0.00337756677242,0.00120086657171,0.00494572538756,0.00357769480259,-0.000232991730541,0.00317539259061,0.000297600055075,-0.0000575604006331,0.00375173533481,-0.00458784224356,0.00465981161512,-0.00309176234147,0.0025202281563,-0.00254687974109,-0.000754098179711,-0.00426343796792,-0.000958675701585,-0.00270036056328,-0.00170733540328,0.00136062370484,-0.00183409404771,0.00209158330568,-0.00412210520034,0.00540843810072,-0.0100972004402,0.00237941630097,0.00615914530992,-0.000371614493187,0.00178505143861,0.0035263077117,-0.00316972026052,0.0067356889989,0.000203108589568,0.00427096734351,-0.00427549619682,0.000568827151101,-0.00236041484712,0.00113163244439,-0.0057345270229,0.00166503677196
1900,0.00524063270364,0.0000191981379152,0.00164937280753,-0.00165117251079,-0.00478421871418,-0.00268303618758,-0.00926608192387,0.00467829444908,0.0005634171948,0.00280416754561,0.00139299934964,-0.000694091136085,0.00234526997836,0.00520026527182,0.00443534842334,0.00380926643635,0.00199961560257,0.00613177428043,-0.00383679452363,0.00438872624608,-0.00213504250195,-0.00188612228227,0.00381807501087,0.00236843574885,-0.00081147413824,0.00140803016152,-0.000143427110116,-0.00000341456981948,0.0024027154753,0.00244405927399,0.00406948660127,0.00925393537718,-0.00121712829664,0.00338413553786,-0.00168081334497,0.00828612822909,0.0056248154963,0.000201343457289,0.00385780172126,0.00236831419393,0.000925205034,0.00488316628254,0.00414659352494,-0.000133521521447,0.0025208800108,-0.00217133589233,0.00234904298477,0.00483392913257,0.00933484687308,-0.0000469752732048,0.00595189300596,0.00292790930056,0.00409860386222,-0.00200559272083,0.004408971893,0.00452409083408,0.00534232283548,0.00313155731545,-0.00233548533449,-0.00126765352694,0.00375738159301,0.0014540578516,0.00517197880605,0.00387641295794,0.0000877329803538,0.00338001310052,0.000636656256831,0.000157962384308,0.00403928489065,-0.00444007877713,0.00491285902367,-0.00286162432068,0.00278687366714,-0.00231631186984,-0.000521895596249,-0.00396917182572,-0.000823849853903,-0.00246337814854,-0.00146944048824,0.00156339248178,-0.00148138976123,0.00237457973245,-0.00427268757773,0.00565732748436,-0.00992081202147,0.00267636191299,0.00658594120253,-0.000122809603183,0.00209225459269,0.00382260930826,-0.00301308085782,0.00719253869732,0.000479387536504,0.00460629434752,-0.00411490887675,0.000731838167859,-0.00217819384929,0.00141052612297,-0.0055214854886,0.00202818167471
1901,0.00563304955405,0.000180700015359,0.00186140252526,-0.0013046404653,-0.00448766403929,-0.00251712286273,-0.00944296615187,0.00502391052978,0.000821017306099,0.00316073031385,0.00168148616349,-0.000543252344601,0.00272662022159,0.00548561375804,0.00467893585928,0.00407933598015,0.00219132236416,0.00646189266183,-0.00374457041681,0.00472140293685,-0.00184599100065,-0.00156952836369,0.00412414439911,0.00269827953429,-0.000533717533202,0.00164157775919,0.0000525752525418,0.00020471072286,0.00258523263164,0.00261900445516,0.00423438678038,0.00953467958555,-0.00118159788977,0.00375209027565,-0.00148501274526,0.00863513666606,0.00599200412044,0.000452530982184,0.00414490456827,0.00276210154442,0.00121641868444,0.00521988132963,0.00441752525054,0.0000734452068398,0.00286609466791,-0.001884517439,0.00261476051694,0.00511671800709,0.00976927989975,0.000186066725786,0.00634341292725,0.00327989607375,0.00445878928014,-0.00179677890455,0.00474662527439,0.00492358378632,0.005693719725,0.00340957046899,-0.00207349001906,-0.00103611208914,0.0041148904074,0.00169270082177,0.00536704282674,0.00415451567632,0.000389144634221,0.00356371235542,0.000969193051861,0.000354960493373,0.00431249220169,-0.00431797819878,0.00514575918027,-0.00265580563336,0.00302903568017,-0.00210527678162,-0.000303049754782,-0.0036950988026,-0.000709808711143,-0.0022544392947,-0.00124670331895,0.00175556799826,-0.00113698233222,0.00264590823781,-0.00445527897328,0.00588735385042,-0.00977565535677,0.00296104641305,0.00700444283514,0.000113073215134,0.0023831327091,0.00411171324428,-0.00287488130671,0.00763834876996,0.000732151265057,0.00492040155606,-0.00398321782153,0.000875416123111,-0.00203941828611,0.00167575203593,-0.00534528089173,0.0023790429231
1902,0.00590502024937,0.000206421350388,0.00197699081763,-0.00107420224392,-0.00433389281978,-0.00247843080127,-0.00972744453329,0.00525294523272,0.000959079631545,0.00338044855324,0.00184599008918,-0.000495721324487,0.00296566207138,0.00560924696241,0.00481332207902,0.00422980742815,0.00226392895199,0.00666033489567,-0.00377048453555,0.0049807119595,-0.00171070346835,-0.00136094194847,0.00431077096502,0.00291567614149,-0.000399268941881,0.00175862613178,0.000109189202388,0.000263369369249,0.00268350326002,0.00268816199516,0.00434217685443,0.00967385602668,-0.00137006364204,0.00401901255351,-0.0014051637631,0.00887170798,0.00619061761264,0.00056526811022,0.00429300022112,0.00301834417719,0.00135494861273,0.00544198432898,0.00456396255875,0.000150544080682,0.00307997787757,-0.0017289602439,0.00275431107211,0.00532270504146,0.0100740700697,0.00027277794426,0.00659623977901,0.00351755927204,0.0046722345709,-0.00170992727841,0.00497480788194,0.0051630252502,0.00593111930138,0.00355648537558,-0.0019431052276,-0.000965636915813,0.00430758064649,0.00181653489935,0.0054418922705,0.00432463341761,0.000578938024678,0.00362680785584,0.00120940821197,0.000435564274243,0.00444660610891,-0.00429767779571,0.0052515496649,-0.0025736474387,0.00315763586571,-0.00200015866154,-0.000206797627929,-0.00354878971344,-0.000720192469628,-0.00216332238945,-0.00112687873366,0.00181294360448,-0.000915782374193,0.00281172349592,-0.00476105395117,0.00599910284404,-0.00992039523019,0.00316101600954,0.00730268265046,0.000242755037459,0.00252908898739,0.00429504710131,-0.00284206732019,0.00796293856302,0.000857078419345,0.0050952961576,-0.00404443601805,0.000900725604755,-0.00204739820035,0.00183942043447,-0.00533757100373,0.00260527300954
1903,0.00574514353923,-0.000309230063361,0.00174795334751,-0.00126294630168,-0.00467869843618,-0.00298077071299,-0.0103517782815,0.00506662533621,0.000669696987083,0.00310049689986,0.00158535056069,-0.000840078617269,0.00268992613522,0.00515682025075,0.0045760105314,0.00396891097568,0.00190379295913,0.00640378906416,-0.00427779208883,0.00497568813129,-0.00220191302595,-0.00154708756357,0.00407512481217,0.00272750906224,-0.00078027913602,0.0014588090692,-0.000345245432795,-0.000247257850618,0.00245828152893,0.00239677026363,0.00425796477918,0.00932597499639,-0.00201829025373,0.00392307848941,-0.00174440941168,0.00870477083551,0.00578908636103,0.00019261319256,0.00395921197612,0.00277858243294,0.000959152596501,0.00526121366894,0.00426538693801,-0.000282179925114,0.00282191419797,-0.00205796519983,0.002462546343,0.00525503431584,0.00991966494343,-0.000189614012284,0.00634286547907,0.00335052676902,0.00435271395269,-0.00212237747287,0.00482275304866,0.00481415855915,0.00576140635528,0.00324172768986,-0.00226983698241,-0.00146243842278,0.0039269157268,0.00153214042869,0.00511546766596,0.0041255257069,0.000384639408524,0.00325366505981,0.00111762763855,0.0000583636823087,0.00409083537059,-0.00479215126421,0.00490561255641,-0.00297376449022,0.00290683654243,-0.00232192833549,-0.000544525531011,-0.00391041821835,-0.00128011383749,-0.00249655691722,-0.00135677588402,0.00140223410706,-0.00114500673635,0.00261820774078,-0.00547536056071,0.00569918979377,-0.0106714841525,0.003081289595,0.00714878014094,-0.0000049492157042,0.00215245134072,0.0041063237427,-0.00318677006344,0.00785407243275,0.000543317227561,0.00479178461418,-0.00472786719492,0.00051619603331,-0.00264169349487,0.00165688270153,-0.00607416303046,0.0023838392265
1904,0.00562714541349,-0.000946121644881,0.00158256289689,-0.00155539866555,-0.00524617517327,-0.00359400654767,-0.0109710013781,0.00486108707787,0.000195963327912,0.00281083186979,0.00115754979067,-0.00130353094651,0.00240907430595,0.00446169035954,0.00441431310551,0.00351158383831,0.00141474736984,0.00618311715973,-0.00487647246461,0.00504252281519,-0.002901736099,-0.00187310260689,0.00375477823413,0.00250943669134,-0.00141344317159,0.00117912183298,-0.000959030158017,-0.000862997480767,0.00218183891072,0.00197914972252,0.00419900272676,0.00896226169851,-0.00262601613739,0.00385086839549,-0.00213961713427,0.00855532893253,0.0051896543317,-0.000427189065698,0.00339513316459,0.00241320579021,0.0003467887738,0.00508654286543,0.00396213264734,-0.000825947231191,0.00254372295024,-0.00252981449541,0.00202430266129,0.00524218680817,0.00982443448604,-0.000779344215749,0.00608197653449,0.00319305695108,0.0040054950695,-0.00264311347544,0.00472943014043,0.00445661828826,0.00560680861008,0.00272855683202,-0.00279541426118,-0.00220011833895,0.00346966775337,0.00124407196842,0.00456575701842,0.00377202193738,0.0000359277796171,0.00273333568903,0.00102656141488,-0.000477407368014,0.00378520526134,-0.00532706961757,0.00441366285992,-0.00355607445388,0.0026659441121,-0.00273334581565,-0.000847324418827,-0.00445914433568,-0.00184907909075,-0.00306591548193,-0.00172835510391,0.00091033320631,-0.00155528901953,0.0024850516912,-0.00612386578139,0.00541641542217,-0.0114529479302,0.00307099127183,0.00694430478627,-0.000372389322797,0.00175947289639,0.00398435117185,-0.00365714170566,0.00774554891981,0.000101929471705,0.00436280261267,-0.00546335601392,-0.0000344142730387,-0.00338175473427,0.00152074509637,-0.00688115662157,0.00215747992485
1905,0.00596868753725,-0.00111148512219,0.00183023810707,-0.00132519817771,-0.00528494656087,-0.00377314682216,-0.0112482564462,0.00509323087475,0.000258862838685,0.00304282928052,0.00127857904612,-0.00140885078746,0.00267724063504,0.00425356813891,0.00468223991991,0.00360675899371,0.0013709538776,0.0064339330351,-0.00501248165299,0.00543658008641,-0.0030997129611,-0.00168823722943,0.00390256125266,0.00271782509023,-0.00156066656011,0.00136459257879,-0.00111398893977,-0.000923911249084,0.00224948548692,0.00202601645416,0.00436449874386,0.00911592025766,-0.00282790373046,0.00417500339352,-0.00217833735263,0.00885751403014,0.00522198401834,-0.000582927062818,0.003353509485,0.00265943829056,0.000275310263045,0.00533027490742,0.00413454512408,-0.000936139904134,0.00274607972194,-0.00246498542606,0.00209116136129,0.00555083519879,0.0102436936268,-0.000846284188199,0.00637188945916,0.00346444281969,0.00419966608056,-0.00273956326692,0.00504849030582,0.00473293849824,0.00585114183627,0.00268424667369,-0.00281195058989,-0.00238696780748,0.00361498501377,0.00138955988213,0.0044107008538,0.00387411591857,0.000211463184818,0.00264067378322,0.00125364899225,-0.000591402821678,0.00403849088352,-0.00552922133219,0.00432183580808,-0.0037280729974,0.00283237240332,-0.00278855430391,-0.000648813618201,-0.00457911625878,-0.00192783287599,-0.00325243561256,-0.00163591227246,0.000946846639984,-0.00143509134539,0.00272524585271,-0.00630787099303,0.00559917012342,-0.0117077290981,0.00336079149696,0.0071888940772,-0.000330850233833,0.00192626325736,0.0042822459897,-0.00370278835938,0.00804900855484,0.000226613664374,0.00455185304929,-0.00575276960693,-0.00013788043643,-0.00365046715317,0.00175178046944,-0.00712869564249,0.00240603861813
1906,0.00650196394773,-0.00106080010348,0.00223937430716,-0.000851124382723,-0.00487991251047,-0.0037403684765,-0.0113571360781,0.00555328700813,0.000572514094617,0.00351000846541,0.00163496710876,-0.00122276624793,0.00320807151685,0.00448496325299,0.00511906620833,0.00399263531837,0.00171529225505,0.00690098328459,-0.00492942353208,0.00595762628249,-0.00296221004862,-0.00129098235765,0.00425801745233,0.00315607344592,-0.00131229478749,0.00175376609632,-0.000889803930568,-0.000733072074409,0.00256063012504,0.00240675659102,0.00463875939246,0.00952972488501,-0.00283877496263,0.00467885497343,-0.00181009928954,0.00937000858655,0.00566476798585,-0.000345087216111,0.00366903776754,0.00313240678976,0.000620834849579,0.00576396138401,0.0045295520483,-0.000698365005801,0.00318124505764,-0.00210098294615,0.00250858855047,0.0059842184685,0.0108809248201,-0.000548177878958,0.00693416998935,0.00393945590529,0.00465111960997,-0.00260749349543,0.00553187715276,0.00530892414732,0.00627002893151,0.0030538829918,-0.00244787662533,-0.00217592242993,0.00403686338777,0.0017432721864,0.00465871030056,0.00423858040228,0.000576071016949,0.00283778045854,0.00163758782101,-0.000492745144186,0.0045301719019,-0.00557541199591,0.00462561394326,-0.00361856177024,0.00320857797807,-0.00250534005383,-0.00022202278964,-0.00428119906769,-0.00181944808564,-0.00308044111472,-0.00130322108498,0.00134842372777,-0.00102464952372,0.00311240109861,-0.00630567036554,0.00600708915651,-0.011704768102,0.00377353223615,0.00765742952198,-0.0000114430221284,0.00236765522482,0.00473998217299,-0.00353251828649,0.00854661630206,0.000612505978872,0.00499464164066,-0.0058182850097,0.00012296097414,-0.00366221302003,0.00213809172764,-0.00708966049982,0.00288691501926
1907,0.00695995213551,-0.00109019317026,0.00256403579921,-0.000448591982751,-0.0045299764527,-0.00376830811204,-0.0115194835429,0.00597226774394,0.000845282853121,0.00389229829466,0.00194033804138,-0.00100591423524,0.00366697775751,0.00471278391344,0.00546775467236,0.00432688254609,0.00197783106941,0.00730126062888,-0.00491540257685,0.00641724241925,-0.00276394681431,-0.000964105848403,0.00454056494333,0.003564855398,-0.00108538072025,0.00205946337593,-0.000682121895321,-0.000462099593095,0.00278089729493,0.00270470863058,0.00487859169884,0.00987445297796,-0.00291942046171,0.00512904767175,-0.00152451311873,0.00981642515072,0.00599981860326,-0.000120510517145,0.00392058946847,0.00353392919563,0.000937297645448,0.00613071219319,0.00485035732559,-0.000489475646223,0.00355459448597,-0.00181084460623,0.00284001452525,0.00635112828741,0.0114346593004,-0.000254597049189,0.00743444710265,0.0043603369023,0.00502340520529,-0.00239308273011,0.00593776331318,0.00579745019462,0.00662601876545,0.00335066947583,-0.0021256867521,-0.0019729679469,0.00439717188814,0.00203813683591,0.0048548107367,0.00454576529085,0.000893721562907,0.00300315190059,0.00198600316388,-0.000295467839347,0.00492077558318,-0.00568265587545,0.0048836223717,-0.00342346785006,0.00354579556498,-0.00226383589349,0.000128786869542,-0.00403585914696,-0.00183151460968,-0.00289254412398,-0.0010431365671,0.00161729112107,-0.000684149708605,0.00342851551167,-0.00640892474855,0.00635321260014,-0.0117770429349,0.00413373019508,0.00806789267825,0.000235265567551,0.00273810818238,0.00511132226081,-0.00325548748918,0.00898846902678,0.000950204909209,0.00535658965516,-0.00595145530583,0.000326677593332,-0.00372589735089,0.00246177957198,-0.00712309301798,0.00331455960786
1908,0.00739011049758,-0.00118120366141,0.00283867125216,-0.0000855616197775,-0.00423260780027,-0.0038468700947,-0.0117333399542,0.0063494887769,0.00107829848184,0.00422270922712,0.002200407072,-0.000838123222787,0.00407020460699,0.00487538029141,0.00576524843746,0.00461224061113,0.00219104133503,0.00766976592446,-0.00496712350503,0.00684600460836,-0.00261918928642,-0.000660790070947,0.00476727048343,0.00393981246238,-0.000914206363308,0.00230587452876,-0.000533055375837,-0.000260457832471,0.00296821613708,0.00294152856056,0.00508397306906,0.0101472242673,-0.00307247604838,0.00554790437714,-0.00129379130919,0.0102096101946,0.00627316840772,0.0000426911778774,0.00411766657584,0.00389984727545,0.00119149841755,0.00645267757286,0.00511157721227,-0.000330546953005,0.00388728527995,-0.00155035145996,0.00312173194334,0.00668187203115,0.0119430256785,-0.0000130575921509,0.00788405947024,0.00474341892642,0.00533848567197,-0.00223113319553,0.00630806981761,0.00622261439018,0.00696119286248,0.00359581342594,-0.00185046093414,-0.00183673221525,0.0047207810851,0.00228811073278,0.00499201757185,0.00480462891866,0.00117400778518,0.00310644883551,0.00232389128314,-0.000150065893345,0.005240683227,-0.00584027510653,0.00507917150983,-0.00327480427997,0.00383808009413,-0.00205927784588,0.000419972567977,-0.0038313767633,-0.00192386464939,-0.00275655823954,-0.000812694086751,0.00182784704232,-0.000377049754781,0.00372206255639,-0.00658194891361,0.00664092017698,-0.0119113117912,0.0044773385703,0.00843742698172,0.000437867145914,0.00304853870829,0.00544213446371,-0.00303914232062,0.0094075631728,0.00123679938596,0.00566787468362,-0.00614198059864,0.000471027421513,-0.00386209761616,0.00275535146939,-0.00722565156067,0.00370250988143
1909,0.00790028460029,-0.00103592405083,0.00316590867901,0.000354548839056,-0.00385115792767,-0.00371848164421,-0.0118909714883,0.00679942214618,0.00137733420465,0.00464185637467,0.00253399649295,-0.000616821913439,0.00455886976192,0.00513869293926,0.00612509226747,0.00496434944624,0.00247203336868,0.00811559537857,-0.00496169872174,0.00731916515526,-0.00237608518268,-0.000280327667379,0.00506637793431,0.00438829425426,-0.000650583434472,0.00261847801514,-0.000305649012974,0.0000240054791131,0.00320851149333,0.00322938747854,0.00532064486506,0.0104995054379,-0.00317337870166,0.0060338646483,-0.000997111969472,0.0106686775352,0.00665601534647,0.00028647231702,0.00439795363611,0.00435924084949,0.00153674407843,0.00684650482024,0.00544496240768,-0.0000941203268556,0.00430441015246,-0.00120499562009,0.00347827434761,0.00706110023188,0.0125314128331,0.0003145488187,0.00841814999641,0.00519908835508,0.00574762696579,-0.00199528952958,0.0067487980657,0.00674506963258,0.00737310800136,0.00392291458281,-0.00149813687072,-0.00160442406333,0.00514471831476,0.00260608254311,0.00519546576999,0.00512720711212,0.00152206284204,0.0032854383482,0.00272355144879,0.0000681124040514,0.00563479627753,-0.00593915707581,0.00535156698107,-0.00305246872114,0.00419308092204,-0.00179380650987,0.000775498776829,-0.00354561608546,-0.00193156857986,-0.00255417615067,-0.000518120492658,0.00211777357634,0.0000142887574216,0.00408209567004,-0.00668788690305,0.00699090741504,-0.0119543993409,0.00487189325315,0.0088899909217,0.000708063726683,0.00344401782323,0.00583818514001,-0.00277277805938,0.00990924189859,0.00159387668356,0.00606329975088,-0.0062491192293,0.000684131447286,-0.00392499589835,0.00311177178874,-0.0072371243802,0.00416898280381
1910,0.00841300988489,-0.000829602330538,0.00348363889071,0.000801533985919,-0.00346100427048,-0.00349934242736,-0.0120434475395,0.00725594486296,0.00168386463651,0.00508058763265,0.00287956638988,-0.000396804363474,0.00505150391779,0.00543891582177,0.00647617866337,0.00532357122436,0.00275334857074,0.00856355387287,-0.0048042744773,0.00777900063059,-0.00209419769649,0.000113803851894,0.00538748857446,0.00484477078128,-0.000354923671492,0.00293472452354,-0.0000701081539122,0.000311539454264,0.0034422493846,0.00350367397324,0.00555797304934,0.0108646559034,-0.00327879827647,0.00651867861307,-0.000696050433088,0.0111277345024,0.00706392615875,0.000555499546241,0.00469886842781,0.00483748058847,0.00189863101373,0.00724853525234,0.00578742933157,0.00015436423392,0.0047395660322,-0.000851053036881,0.00383277471209,0.0074378981012,0.0131110079508,0.000648265777046,0.00895694427975,0.00565961534181,0.00617730946651,-0.00174765131174,0.0071855982847,0.00727701356933,0.00779956733886,0.00426373262835,-0.00113805393151,-0.00134920030031,0.00558251065778,0.00293320491942,0.00541635813345,0.00545950395865,0.00187942826905,0.00348509163548,0.00313431733737,0.000308551972623,0.00601927059077,-0.00601899764766,0.00564296356463,-0.00281315010809,0.00454467098333,-0.00152388444084,0.00112215363103,-0.00323249418275,-0.00175368353915,-0.00232895526129,-0.000226092268612,0.00240297736988,0.00042623651348,0.0044394743888,-0.00679155848371,0.00733752815501,-0.0119832708288,0.00525550978282,0.00937161312452,0.000994192928986,0.00384738454362,0.00622882131512,-0.00252416915505,0.0104266836639,0.00195115341495,0.00646429590336,-0.0063260828095,0.000906925491539,-0.00397295364464,0.00346611125496,-0.00723052069319,0.00463947209856
1911,0.00889669870538,-0.000672237755419,0.00376373080104,0.00121784313599,-0.0031167770664,-0.00332170821512,-0.0122479601221,0.00767412697593,0.0019454569464,0.00548903623907,0.00318217776762,-0.000228315158334,0.00550055576149,0.00569922393074,0.00677826989499,0.00563597923093,0.00299020051491,0.0089710483616,-0.00465564571633,0.00820922034416,-0.00184103209309,0.000490731352787,0.00567124055612,0.00526842013382,-0.0000923610725903,0.00320986257239,0.000109786163206,0.000544703424519,0.00363935426905,0.0037234761686,0.0057611018784,0.0111708348896,-0.00345440722567,0.00697268818343,-0.000430993057779,0.0115433188844,0.00743167892177,0.000780439295693,0.00495603765239,0.00528825241771,0.00221401743132,0.00761366744532,0.00608849648136,0.000357846917966,0.00514485702146,-0.000530881895501,0.00414008939059,0.00778408913689,0.0136462710327,0.000932369815371,0.00945436481365,0.00608381283588,0.00657036324727,-0.00154184442977,0.00758555847551,0.00776611095672,0.0082047925565,0.00456509281131,-0.000823755103495,-0.00114009854438,0.00597904281977,0.00322426749982,0.00558744821241,0.00574956994756,0.00219889035721,0.00364256046014,0.00352935673562,0.000515537679147,0.00634833356673,-0.00613657761781,0.00589349956899,-0.00261251570702,0.00484343592091,-0.00129543649198,0.00141834488792,-0.00294696183764,-0.00163046341837,-0.00214301099474,0.0000295565067614,0.00264457185239,0.000816720824521,0.00476536151159,-0.00695418170096,0.00763135669372,-0.0120612101474,0.0056039558464,0.00983361101273,0.00125107203466,0.00420597781067,0.00658391360477,-0.0023342370231,0.0109184173184,0.00225716820793,0.00681776331052,-0.00643959328921,0.00108553011828,-0.00408285225816,0.00378405013019,-0.00727895430896,0.00507334196333
1912,0.00906328104353,-0.000924144524173,0.00377707087481,0.00132897378043,-0.00313430962576,-0.0035296205695,-0.0127154817087,0.00778853928283,0.00190925029488,0.00554932943015,0.00317369343551,-0.000325851129032,0.00557449420092,0.00556782737252,0.006784170903,0.00563813072217,0.00291472365045,0.00903813259962,-0.00487532137456,0.00842632507895,-0.00197769283271,0.000591375141804,0.00565452061058,0.00539957910648,-0.000177751606129,0.00317767256967,-0.000061941986502,0.000393560314784,0.0036120811932,0.00365052499741,0.00580594894072,0.0111150028008,-0.00392601061724,0.00715528933556,-0.000471637019344,0.0116545799465,0.00737840072106,0.000665545927889,0.00487344059352,0.00539108203561,0.00214612340622,0.00768352986768,0.00606672722209,0.000239110554255,0.00521911266878,-0.000542174567826,0.00411724223429,0.00791643945527,0.0138293269476,0.000842382583374,0.00958396084179,0.00620773127754,0.00658938073051,-0.00164733112536,0.00769396141736,0.00783499466636,0.00832206127083,0.00453262620208,-0.000845620312982,-0.00132722208755,0.00596460358461,0.00321937898795,0.00546220141098,0.00576326404242,0.00223540334088,0.0034993903987,0.00368957626721,0.000433129830145,0.00630340817022,-0.00649763223415,0.00582105768769,-0.00273742305134,0.00484447175061,-0.0013384235432,0.00138210585689,-0.00297159281093,-0.0019335012022,-0.00224217283591,0.0000199422137115,0.00253365662334,0.000895344986913,0.0048186538048,-0.00743538127997,0.00760839187275,-0.0125198296721,0.00572457842151,0.00999291848358,0.00123985013173,0.0041876069737,0.00665365590678,-0.00243598702414,0.0111014332389,0.00223150508688,0.00681532792508,-0.00687612227555,0.000959333867206,-0.00454340222824,0.0038360508888,-0.00773080376392,0.00518062767449
1913,0.00906248179015,-0.00150767647447,0.00366189417484,0.00126447429672,-0.00339341048573,-0.00406463182392,-0.0133399632321,0.00769838622167,0.00165163238873,0.00539758509347,0.0029635039221,-0.000775230196936,0.00540894399681,0.00507522060114,0.00664978571817,0.00544788450005,0.00260116185131,0.00892134993358,-0.00542461236461,0.00854784471373,-0.00255581960599,0.000541658073484,0.00544903574072,0.005324208913,-0.000621731616962,0.00297137837634,-0.000649515109418,-0.000129313085885,0.00341557593165,0.00343349855599,0.00576564222926,0.0108266718098,-0.00456090253224,0.00717865481417,-0.000682433095521,0.0115839596749,0.00707628759112,0.00018594225516,0.00446313180212,0.0052828673928,0.00181087198909,0.00757684919382,0.00584498944852,-0.000259016314863,0.00508167148617,-0.000731492276792,0.00392085459209,0.00794874634333,0.0138222803658,0.000426728457666,0.00947654266156,0.00614664810778,0.00636613900455,-0.00213047190208,0.00765600356825,0.00763891304196,0.00828272605087,0.00429483409805,-0.00109615233169,-0.0019075973074,0.00569523999257,0.00303123951573,0.00499353067316,0.00560742577428,0.00209141416639,0.00302660677353,0.00371334261153,0.00000566498215186,0.00605457304621,-0.00700391397951,0.00554711015542,-0.00325028974442,0.0046554973416,-0.0017033863492,0.00115564879823,-0.00336787024382,-0.00249434713445,-0.00274467218121,-0.00011365128949,0.00228081331271,0.000785540982205,0.00474669381977,-0.00806258185174,0.00739331292198,-0.0132252903911,0.00574433096246,0.00994464203109,0.00107510352947,0.00392515148701,0.00658690767094,-0.00277038770913,0.0111028872142,0.00199123668493,0.00660941503011,-0.00752822470238,0.00062437063752,-0.00524630241085,0.0037520176502,-0.00844643737686,0.00507743911074
1914,0.00933310651365,-0.00182495489812,0.0037987879418,0.00145916891906,-0.00337755753757,-0.0043621434001,-0.0137738180708,0.00784133485931,0.00159907662784,0.00553341859219,0.0029800645159,-0.00102107523704,0.0055464016063,0.00472664244189,0.00678201996874,0.00549260722876,0.00245427096053,0.00907467429479,-0.00570907703745,0.00888046702587,-0.00287253911463,0.000723552720756,0.00547087513347,0.00547247032152,-0.000888425772877,0.00302855624581,-0.000980321505486,-0.000371149226695,0.00336861820285,0.00347700793395,0.00585488682614,0.0108145796665,-0.00495917083951,0.00743203639421,-0.000623518927618,0.0117676306205,0.00706579420564,-0.000122340497001,0.00419746045327,0.00545099958655,0.00159049027196,0.00770618565633,0.00588451813953,-0.00051003307539,0.00520657727014,-0.000661737927551,0.0040043945857,0.00818053451938,0.0141246664015,0.000214152252856,0.00966905635785,0.00632798801132,0.00643705032811,-0.00236854325445,0.00787160655125,0.00779010052098,0.00847129575958,0.00432112312508,-0.00109849442753,-0.00226197606349,0.00572046678991,0.0030797351117,0.00468147999488,0.00566325229837,0.00215463043005,0.00278768493194,0.00391416393445,-0.000216079009471,0.00613324340477,-0.00732650288736,0.00553144737876,-0.00354449111006,0.00469000916001,-0.0018773935944,0.00121561124368,-0.00357620314966,-0.00275586282679,-0.00305552326379,-0.0000248722144485,0.00236359013461,0.000926300151514,0.00490460075631,-0.00841214880888,0.00743664882435,-0.0136444277822,0.00595588660785,0.0101308656049,0.00113160782802,0.0039649962946,0.00678024074378,-0.00298440104807,0.0113357134365,0.00200325963824,0.00669041370113,-0.00794475369571,0.000392416210762,-0.00570596640924,0.00388895810731,-0.00886543885684,0.00523430972756
1915,0.00986074192763,-0.00183446595739,0.00417312808054,0.00192058270254,-0.00302986986357,-0.00437546353174,-0.013944045344,0.00826953285563,0.00184926133234,0.00596022208885,0.00328117690404,-0.000981266402469,0.00602041848263,0.00478858509958,0.00718759259705,0.00582808501167,0.00275253962791,0.00950866744214,-0.005684371101,0.00941461272292,-0.00287988125631,0.00111490288014,0.00575727880541,0.00589620981912,-0.000747477679308,0.00335792834617,-0.000970037308453,-0.000272470702205,0.00366727981215,0.00380184591768,0.00611157167914,0.0111520494635,-0.0050412114087,0.00793163908051,-0.000303192704756,0.0122357894543,0.00744461328944,-0.0000666358947454,0.00443357172148,0.00590620407596,0.00191478829664,0.0080994773298,0.00621640535819,-0.000409734933783,0.00561481327806,-0.000322306167132,0.00438270093706,0.00860865057057,0.0147427331587,0.00047739735852,0.0101910129418,0.00678345218773,0.00683425382989,-0.00233203844705,0.00834245948679,0.00830717928638,0.00887984263323,0.00464396547469,-0.00078425409262,-0.00222135161615,0.00608854179483,0.00338883276099,0.00470701221416,0.00597891585583,0.00247289727416,0.0028216668477,0.00430103127705,-0.000187219340943,0.00655162301941,-0.0074193250003,0.0058103990154,-0.0035649462055,0.00502037130197,-0.00168503294684,0.00158156019765,-0.00331960662034,-0.00271753662646,-0.00309840098331,0.000288341391009,0.00272420230504,0.00131645457514,0.00528319679641,-0.00846505518791,0.00778244636008,-0.0137166158001,0.00636860245132,0.0105704208932,0.00141485597406,0.00434332041486,0.00721903833303,-0.00285757945291,0.0118196526405,0.00233236491989,0.00708462918262,-0.00806965799725,0.00061512746429,-0.00581495609836,0.00426004008671,-0.00891476379688,0.0056814374905
1916,0.0104934440854,-0.00165701129205,0.00463905952302,0.00250435264907,-0.00249835350489,-0.00414607112676,-0.0139336196836,0.00885578523094,0.00227911902047,0.00650418647868,0.00375452756193,-0.000600249333172,0.00666015324946,0.00520860909831,0.00772538994861,0.00634024860874,0.00317554917598,0.0100784437912,-0.00549036769148,0.0100373816247,-0.00252259780378,0.00157821079112,0.00618836025219,0.00647293951619,-0.000347956028655,0.00380303448208,-0.000573378572915,0.000194794368202,0.00404566672421,0.00427267021076,0.00647525836899,0.0116926831867,-0.00490862079035,0.00855194984208,0.000115507055318,0.0128469540444,0.00798130091426,0.000327453725734,0.00485444888663,0.006494668046,0.00242772556355,0.0086286303607,0.00669072202457,-0.0000205926231547,0.00615926211768,0.000149893665403,0.00491048811101,0.00912428946608,0.0155099434039,0.000972024405078,0.0108693187914,0.00738782921906,0.00738885593458,-0.00194895125429,0.00893422987529,0.0089832945567,0.0093808612324,0.00512224926187,-0.000278218577686,-0.00183400301921,0.00664002590831,0.0038247088413,0.00507253168997,0.00645124735338,0.00294535790362,0.00315376432731,0.00477622411937,0.000158525441104,0.00712278112577,-0.00737312866975,0.00623831019631,-0.00323597149676,0.00554609679795,-0.00128353225722,0.00209156693797,-0.00291574471907,-0.00254957850492,-0.00276283804182,0.000708841113597,0.003166192124,0.00181385296234,0.00575894918542,-0.00837479259107,0.00829254359507,-0.0135955595353,0.00689120128225,0.0111195069099,0.00179694790095,0.00488457277013,0.00775924266348,-0.00240504366431,0.012433180049,0.00285189493088,0.00763944930003,-0.00802943723274,0.000986133347757,-0.00568437832258,0.00475243329602,-0.00875333787438,0.00627241744879
1917,0.0111415786,-0.00127975168887,0.00509827182234,0.00310545751315,-0.00193111185931,-0.00376872340351,-0.0138895671445,0.00947593321609,0.00275847411341,0.00703915495271,0.00426255631786,-0.000186248278982,0.00732767716819,0.00565972108485,0.00827078284903,0.00688808694351,0.0035949548298,0.010668780927,-0.00513096342455,0.0106756325091,-0.00214908547142,0.00203957930145,0.00662548783315,0.00709162337236,0.0000604098609828,0.00423668388856,-0.000132665591015,0.000679913384357,0.00441538218825,0.00475357560353,0.00685061224041,0.0122491197978,-0.00474641980617,0.00920192379746,0.000518461787458,0.0134726092625,0.0085192746649,0.000745836591542,0.00530078265158,0.00710194025729,0.0029632275676,0.00917413627701,0.00716852083521,0.000383614211698,0.00672086385208,0.000644815237576,0.00545941721419,0.00964083191973,0.0163088588728,0.00149680130353,0.0115710826988,0.00802846082274,0.00795605997463,-0.00155069099786,0.00954707567397,0.00966874731382,0.00988891631113,0.00562156116498,0.000277016796752,-0.00142554559859,0.00723230891045,0.00426832375793,0.0054692924882,0.00694871341527,0.00345437244063,0.00345790790132,0.00527157126577,0.000493893104143,0.00769707756988,-0.00729949413559,0.00666530204782,-0.00285083913813,0.00612923057288,-0.00086356138196,0.00261164515581,-0.00249685858251,-0.00223205368532,-0.00238952899538,0.00114121296085,0.00357511929387,0.00231940173354,0.0062468775413,-0.00831181768472,0.00882218758965,-0.013445538631,0.00744572510722,0.0116660806809,0.00216947943541,0.00544117401192,0.00830543091067,-0.00192582260199,0.0130752155693,0.00341638459196,0.0082146976839,-0.00797867252121,0.00134320495602,-0.00550814783535,0.00526730488977,-0.00856840335109,0.00689311475225
1918,0.0117842402432,-0.000928240696645,0.00552883135994,0.00369773588458,-0.00137856799756,-0.00341267409577,-0.0138637820379,0.010087212461,0.00323482484384,0.00754403583336,0.0047578369424,0.000208296376011,0.00798108303591,0.00608825350692,0.00878851854275,0.00741946745079,0.00398101895132,0.0112439234104,-0.00474964697696,0.0113050911297,-0.00179902494535,0.00249140875019,0.00703366094432,0.00771141837634,0.000441619054201,0.00463249999032,0.000294571260977,0.0011334754989,0.00476331298376,0.00520013611385,0.00720380741764,0.0127629413222,-0.00461924410575,0.00985265517512,0.000885182639396,0.0140745115491,0.00902902127985,0.00113588731683,0.00572647563905,0.00770086227633,0.00347451866757,0.00970369115206,0.00761447339239,0.000763956600068,0.00726764514519,0.0011343795868,0.00599231348695,0.0101376486896,0.0171018873164,0.0020050262923,0.0122561295898,0.00866647154347,0.00850099486835,-0.00117408180287,0.0101538092965,0.0103272682465,0.0103872046534,0.00610488800623,0.00082640122639,-0.00104253677887,0.00781942642726,0.00468706908759,0.00584053322129,0.00742840969686,0.00395837090264,0.00371365042214,0.00576726598922,0.000792714400605,0.0082345690301,-0.00706946160924,0.0070557157263,-0.00247758005362,0.00670998026691,-0.000461428158325,0.00310070645556,-0.00209714722168,-0.00193666137706,-0.00203642875588,0.00156218760753,0.00394207632559,0.00281339746818,0.00672667399493,-0.0083112788722,0.00932165752897,-0.0133138509254,0.0080025038607,0.0121896718587,0.00251348905485,0.00597164888376,0.00883543351107,-0.00147388785913,0.0137173485056,0.00396938894123,0.00877045939241,-0.00795637419568,0.00165660600242,-0.00535963329915,0.00577458567812,-0.00831003714031,0.00750705096619
1919,0.0123932892464,-0.000617194739897,0.00591128003965,0.0042567954684,-0.000872372067975,-0.00309112924168,-0.0138782198779,0.0106595027178,0.0036730391541,0.00802365601218,0.00521722452074,0.000552855011216,0.00858634489204,0.00649141614682,0.00924731506716,0.00790484473903,0.00432370352683,0.0117744108154,-0.00443424366089,0.0118862002885,-0.0014643699713,0.00293004172402,0.00741663678154,0.00829589925261,0.000804349235743,0.00498831297675,0.000676648352831,0.00153097615985,0.00507558255982,0.00557917724037,0.00752134379371,0.0132243367787,-0.00436084556707,0.0104664230181,0.00121545588112,0.0146288595731,0.00951201964281,0.00149380903756,0.00612310552783,0.00827486047405,0.00394350474109,0.0101996935663,0.00802183169496,0.00110863892869,0.00778426477025,0.00159532346629,0.00647479718524,0.0105976500713,0.0178366488731,0.00246234557706,0.0128936143849,0.00926472199016,0.00901500078533,-0.000830325370059,0.0107193585651,0.0109398340094,0.0108678601214,0.0065544754045,0.00133101220632,-0.00069496390973,0.0083688204782,0.00507009651868,0.00617482861227,0.0078722633331,0.00443043911744,0.00394741167641,0.0062454129381,0.0010697539047,0.00870671913889,-0.00686151598921,0.00741343296314,-0.00213338010106,0.00723769732431,-0.0000962725598711,0.00352838689781,-0.00171686045309,-0.00169503921464,-0.00171206793891,0.00194800926399,0.00426481455394,0.00328927675962,0.00717323325691,-0.00836508336928,0.00976167461245,-0.0130367103965,0.0085168166868,0.0127004231488,0.0028360536721,0.00645555405565,0.00932150818475,-0.00109453393273,0.0143388486169,0.00446902581806,0.00928027370015,-0.00795427691589,0.00192993701752,-0.00505956518483,0.00624371324411,-0.00799786136436,0.00808003545464
1920,0.0129601242013,-0.000316197751699,0.00625021997226,0.00478209474602,-0.00040599924352,-0.0027754079268,-0.013900631131,0.0111941477903,0.00408236980838,0.00850248862707,0.00565977743923,0.000866178570857,0.0091409166278,0.00691037395146,0.0096566210395,0.00835905118542,0.00464742072834,0.0122624097562,-0.00416891130229,0.0124059731729,-0.00110373246998,0.00335954124937,0.00781448576953,0.0088342964944,0.0011912325898,0.00532828149524,0.00103591509008,0.00189049964126,0.00537203788772,0.00590335327738,0.00782402397526,0.0136778733913,-0.00413678572592,0.011029046858,0.00152727693078,0.0151456360288,0.0100021915978,0.00186336756051,0.00652810744729,0.0088304188729,0.00439207229919,0.0106761831293,0.0084152977135,0.00144900397894,0.00827901085287,0.00203521989098,0.00691250059618,0.0110294635574,0.018495692703,0.00287483114891,0.0134796720044,0.00981794589688,0.00951872599121,-0.000492158663635,0.0112396271871,0.0115137525869,0.011339722941,0.00698676969279,0.00179285749949,-0.000351880478333,0.00888507308706,0.00543387547126,0.006514319765,0.00830352537492,0.00488014067482,0.00421983812024,0.00670294135741,0.00136784226763,0.00912348098617,-0.00663017846754,0.00777777377695,-0.00179703554593,0.007710397635,0.000253389976071,0.00389849497778,-0.0013273456052,-0.00146557551089,-0.00138053008495,0.00230657760676,0.00456359337812,0.00375677778852,0.00758789938078,-0.00841687587413,0.0101548457316,-0.0127538779139,0.00897953742034,0.0132246266134,0.00316569797943,0.00690339685702,0.00976190987197,-0.000783814733767,0.0149455460434,0.00491828818666,0.00975731720362,-0.00792564715495,0.00220014560241,-0.00476384234501,0.00667750910231,-0.00769379474594,0.00860336612761
1921,0.0135054883094,-0.0000276827645857,0.00656705300103,0.00528914133643,0.0000309097129476,-0.00246857194924,-0.0139407507457,0.0117007026908,0.00446927522723,0.00897999835462,0.00608701792388,0.00115255207114,0.00966610758258,0.00733799180427,0.0100359284455,0.00879314098659,0.00495090605597,0.0127244041517,-0.00393862526559,0.0128985922703,-0.000726245109626,0.0037846129225,0.00822150471715,0.00934194624034,0.00158830310545,0.00565566600124,0.00137251886219,0.00222542029544,0.00565345706924,0.00619421184116,0.00811291327502,0.0141160990861,-0.0039420935077,0.0115615730282,0.00182945027059,0.0156382282668,0.0104918867297,0.00223703205971,0.00693077763046,0.00937584913519,0.00482605203579,0.0111374943749,0.00879652833081,0.00177826510021,0.0087638531006,0.0024569300953,0.00732318037632,0.0114467584338,0.0191146957517,0.00326042855685,0.0140365018654,0.0103458482119,0.0100155611317,-0.000163916712883,0.0117324533947,0.0120661870003,0.0118070664685,0.00740692380905,0.00222458600737,-0.0000143163921045,0.00937370303253,0.00578517746671,0.00685125613187,0.00872321388453,0.00531339629967,0.00450286949116,0.00714839036047,0.00167435899201,0.00950572966334,-0.006389869363,0.00814215971933,-0.00146999102162,0.00814265009421,0.000589145417079,0.00423454002433,-0.000932234006143,-0.00124735936084,-0.00104621020197,0.00264218160724,0.00484565679795,0.00422387901979,0.00797883680707,-0.00848580305008,0.01051749061,-0.0124890550919,0.00940981881705,0.0137601941423,0.00349764369883,0.00732802008111,0.010178949049,-0.000519445409906,0.0155424294771,0.00533145846014,0.0102105828558,-0.00775190954703,0.00246278681517,-0.00448263478902,0.0070864683153,-0.00740313631597,0.00909561164864
1922,0.0139596439048,0.000165304407641,0.00680859319485,0.00570962907568,0.000355591017042,-0.00225242329152,-0.0140605470176,0.0121158245889,0.00476071049398,0.00936812921246,0.00642125300529,0.00134990483697,0.0100793678057,0.00766552865756,0.0103239173385,0.00912987713785,0.00516920354588,0.0130820756585,-0.00381155354218,0.0133266483516,-0.000439104117051,0.00414018215821,0.00855025063251,0.00975799705013,0.00190069843351,0.00590063149449,0.00160332432746,0.00244480822669,0.00587464020948,0.00639145571661,0.00835268919732,0.0144512041872,-0.0038523970482,0.0120115969022,0.00204894872055,0.0160422649372,0.010874112904,0.00251678483784,0.00724227639879,0.00982422301445,0.00514892678926,0.011515063031,0.00908883517962,0.00201588435639,0.00915209953583,0.00278580998186,0.00763334760503,0.0118037399463,0.0196240072592,0.00352828352885,0.0144841988324,0.0107788594276,0.01041232573,0.0000795904327902,0.0121392575595,0.0125012358811,0.0121977585558,0.007732881894,0.0025482283925,0.000214936394868,0.00974236471611,0.00605124690187,0.00710242325851,0.00906057710837,0.00566002033907,0.00471344602086,0.00752573986618,0.00190860775276,0.00977812963727,-0.00621371688662,0.0084225136367,-0.00123015088324,0.0084704403099,0.000842768940733,0.00446849347366,-0.000619000825372,-0.00112149794053,-0.000793737953121,0.00290189609194,0.00503426304218,0.00460652113133,0.00829151972645,-0.0086451720905,0.0107797014305,-0.0123561665442,0.0097643434446,0.0142230592547,0.00376060173249,0.00764393517656,0.0105135110843,-0.0003536331364,0.0160538043673,0.00563634682958,0.0105582105874,-0.00766599836295,0.00264039342085,-0.00430975341309,0.00741414143083,-0.00723012696425,0.00948827067537
1923,0.0143969605547,0.000361502618216,0.00704620223209,0.00611798452606,0.000658588526625,-0.00203566754652,-0.014167651113,0.0125104912985,0.00504526724845,0.00974886384191,0.00675161764742,0.00154801899181,0.010469028869,0.00799521389985,0.0106116392923,0.0094647745977,0.00538764810592,0.0134263284895,-0.00368970558127,0.0137489503366,-0.000149594212501,0.00448480033572,0.00889492055681,0.0101457167138,0.00221806328559,0.00614294758215,0.00183301138122,0.00265886108381,0.00611001137392,0.00659037045626,0.00860273902545,0.0147905481779,-0.00374744707163,0.0124404514816,0.00226309520512,0.0164377146353,0.0112559127429,0.00280615147954,0.00755954337492,0.010259348175,0.00546432584765,0.0118875113418,0.00937633308952,0.00226005489469,0.00952734935592,0.00310615273431,0.0079389492396,0.0121641310379,0.0201118009819,0.00378380178099,0.0149062864864,0.0111964173938,0.0107996393287,0.000326174607562,0.0125356343534,0.0129133755984,0.0125822681114,0.0080539797617,0.00285245485641,0.000442399899178,0.0100862879351,0.00630945517192,0.00736879975128,0.00940251388598,0.0060002912209,0.00495178150907,0.00788909227737,0.00215408426512,0.0100392093324,-0.00601469321663,0.00870982251575,-0.000994594162348,0.0087827437503,0.00110445332971,0.0046883889529,-0.00030451578948,-0.000979109176752,-0.000532471480017,0.00315848243501,0.00522456138079,0.00498123683845,0.00859581097342,-0.00878437261926,0.0110332618652,-0.0124183238361,0.0101102100432,0.0146812975609,0.0040284335506,0.00794049790964,0.0108408486151,-0.000196418055518,0.016556760331,0.00592420849394,0.0108980122806,-0.00766978201084,0.00282712871277,-0.00413078731447,0.00773543510005,-0.00706199958775,0.00985345967204
1924,0.0149225368716,0.000613817881556,0.0073614201347,0.00660584880448,0.00103562415363,-0.00176903291675,-0.0142470299853,0.0129721003282,0.00537999340972,0.0102057067741,0.00713616394168,0.00178755225631,0.0109528551936,0.00838823160433,0.010970998812,0.00985925711711,0.00566703700477,0.0138483242509,-0.00350614497171,0.0142504859075,0.000202124940371,0.00489864369555,0.00928822609302,0.0106044258051,0.00259093346277,0.00645130882762,0.00211861258432,0.00295358464105,0.00639352954095,0.00685898546239,0.00887591260374,0.0151825015755,-0.00360673106796,0.0129459346465,0.0025497969492,0.0169053695269,0.0117187351058,0.00314408973564,0.00792845131251,0.0107746758366,0.00585387165704,0.0123215649619,0.00972804013963,0.0025552164243,0.00997729902914,0.00349651402778,0.00832185283443,0.0125822226241,0.0207043025689,0.00411958475939,0.0154239753362,0.0116887488462,0.0112657281846,0.000626211118196,0.0130087308875,0.0134305424253,0.0130323025363,0.00844298675154,0.00322456049106,0.000740155369075,0.0105124794868,0.00662973320087,0.00766991856801,0.00979120048677,0.00639415791545,0.00522430350391,0.00830794639184,0.00244348471244,0.0103937730888,-0.00578924813144,0.00905185755059,-0.000708920771386,0.00915297247412,0.00141291213883,0.00499307431863,0.0000638276030928,-0.000777627277715,-0.000234488016276,0.00347199295493,0.00550091179803,0.00542903894606,0.00896502595636,-0.00888669326401,0.0113549556609,-0.0123583151139,0.0105145999772,0.0152037474276,0.00434608887533,0.00832273484327,0.0112485988898,0.000029212074227,0.0171277005386,0.00628078323912,0.0113120602415,-0.00744404406604,0.00306485785385,-0.00391096541032,0.008118214955,-0.00683222581266,0.0103008990244
1925,0.0155020799787,0.000912222529599,0.00772680650357,0.00714784568431,0.00147132202271,-0.0014623504777,-0.0142889131484,0.0134895971365,0.00576353399667,0.0107019632531,0.00756686123954,0.0020721557592,0.0115047664481,0.00882745067656,0.0113861401202,0.0103061933817,0.00598880075611,0.0143216809115,-0.00326734480523,0.0148103229771,0.000589559097883,0.00534641802139,0.00971472245954,0.0111226242469,0.00299823570632,0.00680047131468,0.0024588311834,0.00330723431008,0.00671345289483,0.00718618854533,0.0091774447659,0.0156202441292,-0.0034162541683,0.0135102437055,0.00287559443277,0.0174284510154,0.0122289555727,0.00351885545711,0.00833819971434,0.0113390090667,0.00629707666039,0.0128012316599,0.010123845768,0.00288954095013,0.0104731217324,0.00393451862037,0.00876396503086,0.0130418523526,0.021373922764,0.00451523219953,0.0160086870869,0.0122398972146,0.01178284333,0.000968326772645,0.0135388788454,0.0140136222616,0.0135168353156,0.00888220995342,0.003656977344,0.00108735278096,0.0109979945181,0.00699055971413,0.00800694619895,0.0102217670113,0.00683381363741,0.00551620094517,0.00876111265865,0.00275682605763,0.0108142140766,-0.00554000829819,0.00943080981357,-0.000380986827961,0.00958529237566,0.00175977098993,0.00535922595307,0.000464740527691,-0.000532763437071,0.0000954263138455,0.0038278275415,0.00581971143653,0.00591608500022,0.00937740034164,-0.00896027967395,0.0117323952456,-0.0120925590171,0.0109688707999,0.0157581396185,0.004690230442,0.00876408394568,0.0117095616232,0.000320494231114,0.0177445585668,0.00670016028957,0.0117806489638,-0.00718550227581,0.00333466862258,-0.00364489998862,0.00854917470332,-0.00655380105039,0.0108090798214
1926,0.0161147605708,0.00126136930375,0.00812495386674,0.00772888229158,0.0019582817882,-0.0011114708357,-0.0142700017902,0.0140548133052,0.00620603799201,0.0112157725853,0.00804877162968,0.00241738845348,0.0121061485547,0.00931123721317,0.0118545440618,0.0108109286187,0.00634665383371,0.0148345811921,-0.00297033329766,0.0154144136272,0.00100299864906,0.00580593438925,0.0101786224714,0.0116881128647,0.00343480630457,0.00717711819041,0.00286719238177,0.00371430967183,0.00707282217063,0.00757257783038,0.00951963238618,0.0161122946451,-0.00314371105782,0.0141198176353,0.00321974606199,0.0179980854218,0.0127736598029,0.00393865327836,0.00879487009204,0.0119352399242,0.00678811164177,0.0133221991126,0.0105552791765,0.00326875312347,0.0109988391132,0.00441281732961,0.00926209177804,0.0135370891291,0.0221031805898,0.00496562758248,0.0166367617443,0.0128428341563,0.0123362761228,0.00135528187445,0.0141178306545,0.0146333554943,0.0140201858888,0.00936722633004,0.00414940742046,0.00147990701985,0.0115306164527,0.00738134409763,0.00839979715429,0.0107034262662,0.00732305318771,0.00583528203956,0.00923544600521,0.00309130215774,0.0112844418398,-0.00525147966122,0.00984393052724,-0.00000705839010213,0.0100912694067,0.00215317455135,0.00577167480566,0.000891734008144,-0.000241541522399,0.000469407416035,0.00422360059247,0.00616053917112,0.00642410912087,0.00982412752507,-0.00898979113471,0.0121627251681,-0.0117712108151,0.0114744392544,0.0163240564941,0.00505290697886,0.0092460900187,0.0122095503971,0.000680597177883,0.0183986931467,0.00718352528338,0.012298904941,-0.00689053638647,0.00363489036431,-0.0033094085038,0.00902647786909,-0.00622402743947,0.0113603899194
1927,0.0167617971476,0.00165520741467,0.00855185905932,0.00834795774004,0.00249311631496,-0.000721534621057,-0.0141974499503,0.0146647166254,0.00670467157374,0.0117449766714,0.0085777679588,0.00281700007558,0.0127545156011,0.00983426956627,0.0123698900969,0.0113687069608,0.00673459049614,0.0153848451039,-0.0026231085818,0.0160595920731,0.001437991138,0.00627909549407,0.0106747941502,0.0122994323993,0.00389562480152,0.00757653714249,0.00333827271959,0.00416939350579,0.00746555108755,0.00800980632164,0.00989599950726,0.0166498066524,-0.00279927654545,0.0147741732968,0.00357969848674,0.0186092845807,0.0133495438316,0.00439728883557,0.00929264705406,0.0125630838578,0.00732259624142,0.0138810928168,0.0110176184141,0.00368685650678,0.0115532021287,0.00492999815138,0.00981239565721,0.0140638281698,0.0228905917101,0.0054677495276,0.0173056834771,0.0134959648838,0.0129231465835,0.00178192930526,0.0147440224298,0.0152872789205,0.014542320135,0.00989493130994,0.00469899421443,0.00191315380168,0.0121081878201,0.00779858738608,0.00884168168921,0.0112312805917,0.00785942386717,0.00617326282315,0.00973095947835,0.00344187772309,0.0117982611449,-0.00493061900932,0.0102851177524,0.000409362973293,0.0106673282525,0.00258806129606,0.00622501250557,0.00134140938643,0.0000871983404724,0.000882542150252,0.00465611400961,0.00652122868102,0.00695344928732,0.0103037769813,-0.00878795375273,0.0126395675717,-0.011398949347,0.0120291505909,0.0168993521549,0.00543082617359,0.00976505836169,0.0127468112739,0.00110091570698,0.0190894625106,0.00772642771439,0.0128627697122,-0.00656478261612,0.00395910190071,-0.00291130730426,0.00954730582681,-0.00584925649405,0.011953555173
1928,0.0173897897032,0.00201655851772,0.00895410398024,0.00894693107647,0.00299990663863,-0.000361042571643,-0.0139535529805,0.0152543791816,0.00718173391118,0.0122452213412,0.00908097787149,0.00318887774706,0.0133777054276,0.0103245265752,0.0128517683612,0.0119026315655,0.00708928966395,0.0159082565983,-0.00230846196475,0.0166895063016,0.00184094274815,0.00673435466373,0.0111429767968,0.012897479718,0.00432307074091,0.00794527952,0.00377869057666,0.00458661367494,0.00782829484545,0.00841291201734,0.0102532920382,0.0171470219803,-0.00249342616485,0.0154133026721,0.00391338311376,0.019195107456,0.0138876227396,0.00482170012631,0.00975846147598,0.0131679681125,0.00782419309411,0.0144143627729,0.0114490718784,0.00407042840937,0.0120840757701,0.005421195731,0.0103335316671,0.0145704046683,0.023654927293,0.0059393791135,0.0179519905676,0.014132009877,0.013480120403,0.00217851441481,0.0153472137198,0.0159113542778,0.0150449147896,0.010395690497,0.00522671500226,0.00231098222736,0.0126546662217,0.00819064692141,0.00925248466728,0.0117334142181,0.00837533121347,0.00647110428657,0.0102129892714,0.003761451383,0.0122747254382,-0.00463824392167,0.0106938210716,0.000800690069345,0.011223318666,0.00299570163596,0.00664850303701,0.0017646196446,0.000375981244042,0.00126798365039,0.00506224765965,0.00684366736662,0.00746219304306,0.0107601038879,-0.00863350015425,0.0130870064952,-0.011058807279,0.0125650865177,0.0174521235892,0.00578208086725,0.0102548048093,0.0132594817561,0.00148964365419,0.0197617583639,0.00824550389149,0.0133948932767,-0.00627086327767,0.00424717735633,-0.00254850642618,0.0100462304686,-0.00551473163307,0.0125269050454
1929,0.0178893641594,0.00222607687262,0.00924078209712,0.00941760042039,0.00334661232814,-0.00014190219973,-0.0139924531858,0.0157118781479,0.00752331263358,0.0126062384185,0.00944455287697,0.00343018906319,0.0138396453076,0.0106455297916,0.0131945481669,0.0122962534995,0.00730970624701,0.0162882542832,-0.00214279856987,0.0172220377768,0.00208938399016,0.00708429998677,0.0114816922012,0.0133711662496,0.00460315804146,0.00818467112184,0.00405753779103,0.00482978979828,0.0080890192461,0.00867357626254,0.0105331389308,0.0174782737445,-0.00234636757639,0.0159353693372,0.00412471116276,0.0196469108435,0.0142501768841,0.00509230578372,0.0100733852754,0.0136304270035,0.00815786052844,0.0148184045484,0.0117412474479,0.00430876725838,0.0124774304146,0.00577322865645,0.0107056524694,0.0149819132792,0.0242631036326,0.00624428542373,0.0184452637099,0.0146363313961,0.0138802166893,0.00243757507573,0.0158218375179,0.01636309156,0.015434423988,0.0107507849696,0.00560345175212,0.00253677720878,0.0130265007035,0.00845733101777,0.00952258116435,0.0121081558871,0.00876515058834,0.0066395693902,0.0106013127467,0.00395977494503,0.0125837876141,-0.00445927149807,0.0109631930576,0.00105616451615,0.0116371253273,0.00328140998911,0.00692454152649,0.00205814184778,0.000515145585263,0.00152184792785,0.00535221860561,0.00701950292626,0.00784604530885,0.0111015561202,-0.00865048051734,0.0133892753263,-0.0108905184168,0.0129975508484,0.0178869669047,0.0060224036456,0.0105851963267,0.0136478802447,0.0017328161249,0.0203079385747,0.00861296753904,0.0137699214337,-0.00611966340106,0.00440205869444,-0.00235564103178,0.0104274027764,-0.00536397601353,0.012961583583
1930,0.0184412577076,0.00246293039751,0.00956988181464,0.00993073802075,0.00371907994294,0.000098094741896,-0.0140661601887,0.0161929573676,0.0078842045476,0.0130123056393,0.00983029627913,0.00368606843471,0.0143391182499,0.010987808689,0.013577959258,0.0127153145093,0.00757187419958,0.0167140843876,-0.00195442952173,0.017793681781,0.00236383317111,0.00748101131198,0.0118495837375,0.0138679339201,0.0049109856737,0.00846247309006,0.00435783483561,0.00511201904423,0.00839578798055,0.00896605682692,0.0108265456919,0.0178313107211,-0.00219014358543,0.0164923652363,0.0043803755699,0.0201308848775,0.0146618813245,0.00538036836587,0.0104115124395,0.0141376043275,0.00852455698968,0.0152542741793,0.0120644913637,0.0045786054544,0.0129081589323,0.00617108865527,0.0111206678209,0.0154291252966,0.0249204504323,0.00658685353138,0.0189781148474,0.0151731034992,0.0143182371728,0.00272480207107,0.0163402432918,0.0168631372821,0.0158694606767,0.0111387628468,0.00600068373617,0.00279502498163,0.0134380909482,0.00875473619173,0.00980365780515,0.012504222173,0.00917799662623,0.00684749090172,0.0110232965306,0.00418992323881,0.0129368730259,-0.00426391148147,0.0112631363659,0.00132853849525,0.012066173364,0.00359968727954,0.00723687694477,0.00238069140692,0.000694709933128,0.00178491221992,0.00568303850741,0.00726143859159,0.00827250022428,0.0114889137121,-0.00881558004182,0.0137172093415,-0.0106978285054,0.0134676129388,0.0183564622069,0.00629759159378,0.0109516549287,0.0140833463937,0.00199778895328,0.0208953471677,0.00900231637124,0.0141846663094,-0.00594770370887,0.00459436771263,-0.00215776229216,0.0108451663427,-0.005191594997,0.0134289151039
1931,0.0190945269232,0.00281470071381,0.00998734921615,0.0105466644114,0.00420901001871,0.000445284902167,-0.0140149970857,0.016777289955,0.00833209942126,0.0135514836606,0.0103172057437,0.00401913719616,0.0149625289783,0.0114772752958,0.0140500022959,0.0132327384631,0.00793890743778,0.0172424277616,-0.00167033558129,0.0184286307068,0.00277923456078,0.00797774659348,0.0123274544102,0.0144645486843,0.00535282258148,0.00885260228622,0.00476479369081,0.00551582196952,0.0087694599538,0.00934305332643,0.0111729576056,0.0183143074043,-0.00195363132388,0.0171359801643,0.00474888323215,0.0207190461708,0.0152247963936,0.00578749802906,0.0108678660851,0.0147638469297,0.00902170393391,0.0157891651619,0.0125033737292,0.00495227588216,0.0134532390701,0.006671194632,0.0116343634736,0.015948549792,0.0256829405397,0.00704457796106,0.0196383346077,0.0158047786866,0.0148918661062,0.0031166575595,0.0169467118562,0.0175126865948,0.0164026158593,0.011640101749,0.00650346017258,0.00319062706526,0.0139764975804,0.0091566108359,0.0101842085828,0.0129907560423,0.00967937972895,0.00717110600209,0.011518664315,0.00453383718175,0.0134097874848,-0.00397968426879,0.0116854880728,0.00170351809867,0.0125782670863,0.00399900377926,0.00765544415187,0.00281698164649,0.000988330683903,0.00214523482315,0.00609235849743,0.0076209667553,0.00880910481028,0.0119563551284,-0.00874745474968,0.0141464422479,-0.010377382999,0.0139921983483,0.0189504657042,0.00667350079139,0.0114499108693,0.0146079138193,0.00234357477863,0.0215837886759,0.00949299332092,0.0147133510504,-0.00565245773374,0.00489545736615,-0.00184644231009,0.0113416133954,-0.00488073925173,0.0140047192191
1932,0.0196278233857,0.00309986526679,0.0103099912703,0.0110593029701,0.00459951734814,0.000735404069666,-0.0138404138855,0.0172770999356,0.00871047098282,0.014005174303,0.0107397002459,0.00429754487612,0.0154635776598,0.0119090671817,0.0144260996157,0.0136791035943,0.00822934650849,0.0176634103074,-0.00146742297022,0.0189666333791,0.0031371985336,0.00838508094206,0.0127632609432,0.014968465336,0.00574333618989,0.00916744464925,0.00509869748231,0.00581018357349,0.00907578420164,0.00963102161809,0.0115000156101,0.0187489767149,-0.00176547968473,0.0176750702596,0.00503256392635,0.0212232313015,0.0156901542048,0.00615223131537,0.0112724604454,0.0152847778311,0.0094267222278,0.0162469947655,0.0128698685171,0.0052598137895,0.0139033464102,0.00707062118743,0.0120402660416,0.0164012659784,0.0263016899299,0.00738999743098,0.0201800616221,0.0163375063803,0.015373308753,0.00344475156267,0.0174456387237,0.01803406564,0.0168519080949,0.0120566116375,0.00691512986116,0.00350143485531,0.0143961301048,0.00948614282367,0.0105374650254,0.0134248211012,0.010111401298,0.0074656272544,0.0119366004302,0.00483863387694,0.0137621203897,-0.00371017457377,0.0120546320583,0.00202018182625,0.013007249562,0.00433782479397,0.00796655336597,0.00319608626006,0.00121448011689,0.00247410377007,0.00641747988072,0.00786377853115,0.00925421094825,0.0123283998224,-0.00864262748441,0.0144933158314,-0.0101463014734,0.0144259313329,0.0194845524954,0.00699464434637,0.0118432341856,0.0150249031416,0.00259726818489,0.0221846306325,0.00989207206803,0.0151424336648,-0.00539427523782,0.00513644352667,-0.00157781990575,0.0117524624043,-0.00464463226927,0.0144704270534
1933,0.0201648213839,0.00343638224427,0.0106429444573,0.0115817303978,0.00500718138058,0.00107314927432,-0.0136017152683,0.0177896049273,0.00912310783557,0.014488370303,0.0112024645983,0.00461700949713,0.0159669524136,0.0124029541347,0.0148273835074,0.0141627693589,0.00856108939077,0.018104583856,-0.00123383911124,0.0195016683209,0.00355016558675,0.00880544985223,0.0132596672921,0.0154692548343,0.00619309176084,0.00951233173885,0.00548172457643,0.0061348668484,0.00942211751547,0.00994494971029,0.0118676960656,0.01925141607,-0.00151228468051,0.0182090621012,0.00533705716864,0.0217485202794,0.016205665235,0.00658294357069,0.0117384252232,0.0158240821086,0.00986878114101,0.016732768675,0.0132696031688,0.00562092181985,0.014370128663,0.00749834072104,0.0124699338728,0.0168742689772,0.0269144455516,0.00775808666904,0.0207225281886,0.0168774293014,0.015885065525,0.00381752594664,0.0179556209142,0.0185643116112,0.0173248773678,0.0125042481977,0.00734416566718,0.00386027806369,0.0148378678672,0.00984027401308,0.0109629582633,0.0139029382408,0.0105717657482,0.00784136232864,0.0123618916079,0.0052007898955,0.0141309613976,-0.00336902890351,0.0124773770475,0.00237646020744,0.013455750548,0.00472265466624,0.00828744250258,0.00361991316179,0.00149755529674,0.0028618300277,0.00677034228855,0.00813745517865,0.0097172503054,0.0127199970259,-0.00846157821756,0.0148656267826,-0.00987714714855,0.014871472423,0.0200494079083,0.00735426299272,0.0122526086929,0.0154518419279,0.00286830574788,0.0228106308489,0.0103105714048,0.0156028242384,-0.00506667900761,0.00542779720908,-0.00123697133982,0.0121840714652,-0.00435195783671,0.0149331197267
1934,0.0208133178907,0.00390792421717,0.0110743207875,0.0122169174254,0.00554914742547,0.00153776690864,-0.0132483125386,0.0184167194484,0.00965447140966,0.0150986427152,0.0117895647721,0.00504465950677,0.0166062898984,0.0130628628683,0.0153407374621,0.0147734164531,0.00900367143667,0.0186662252176,-0.000878049455254,0.0201219676632,0.00411392283959,0.00932093474461,0.0138835049471,0.0160782232526,0.00678362813557,0.00996881727253,0.00600415627117,0.00660271272848,0.00984978788677,0.0103717024434,0.0123058006157,0.0199010292919,-0.00112820647133,0.0188415110409,0.00575174605954,0.0223902350441,0.0168783996575,0.00715850319051,0.0123431993109,0.0164904167436,0.0104597799331,0.0173303189662,0.0137908728196,0.00610576519654,0.0149612209581,0.0080417189147,0.0130240915689,0.0174308796294,0.0276562746314,0.00826732795086,0.0214000055165,0.0175316078112,0.0165384443804,0.00430965475805,0.0185713640051,0.0192460118584,0.0178992725008,0.0130804186263,0.00790243559283,0.00437404022812,0.0154210541445,0.0103050599313,0.0115218995846,0.0144951615871,0.0111432574002,0.00833296672332,0.0128656881995,0.00567787470222,0.0146343747655,-0.00291674344076,0.0130285516801,0.00285597092299,0.014020991905,0.00521326795177,0.00872987414076,0.00416805617506,0.00190873449425,0.00337611940958,0.00721627436979,0.00853077374798,0.0102952447855,0.0132036114634,-0.0081602774932,0.0153605795835,-0.00945991507002,0.0153985259041,0.020731154505,0.00781428728423,0.012800713767,0.01598377176,0.00325067600504,0.0235493652262,0.0108559477411,0.016196015537,-0.00459741168325,0.00583363361165,-0.000740254003115,0.0127132318657,-0.00389789860823,0.0155126283273
1935,0.0215012908452,0.00439324506482,0.0115341774633,0.0128863336135,0.00612557250613,0.00201463782262,-0.0128836676111,0.0190802988704,0.0102183151592,0.0157184685624,0.0124009716226,0.00549390955075,0.0172903525441,0.0137373261245,0.0158852232355,0.0154148937278,0.00945536846437,0.0192624999647,-0.00049684847396,0.0207927098993,0.00468338296671,0.00985269398054,0.0145116619316,0.0167319618963,0.00737511248531,0.0104335715172,0.0065533549124,0.00709520490327,0.010286993107,0.0108299351076,0.0127527519465,0.0205576267611,-0.000726244274456,0.019520373416,0.00617699808476,0.0230631886125,0.0175605657067,0.00774192325338,0.0129592790812,0.0171838815462,0.0110747328441,0.0179501339,0.0143253144925,0.00659779748135,0.0155781291276,0.00860963357794,0.0136140574691,0.018010313015,0.0284603686244,0.00881318100852,0.0221233145996,0.0182291645011,0.0172133090636,0.00481318700907,0.0192260110444,0.0199643747221,0.0184909223442,0.013679879952,0.00850098418405,0.00490319071918,0.0160415101146,0.0107865998415,0.0120895356675,0.0151055384463,0.0117431468751,0.00879592549073,0.0133940224423,0.0061449283608,0.0151714812845,-0.00247022296615,0.013580244366,0.00335541160242,0.0146306255733,0.00571940765701,0.00920845323819,0.00472428088291,0.00231920257543,0.00389932670755,0.00768297848112,0.00893194371565,0.0108927190699,0.0137123369681,-0.00787920555251,0.0158866277045,-0.00901827670561,0.0159665425646,0.0214207112029,0.00827236809926,0.0133802933081,0.016551836601,0.00367317711662,0.0243167913547,0.011442145215,0.0168174471137,-0.00412830372779,0.00623303923712,-0.000227325318877,0.0132729365558,-0.00343118811249,0.016136075944
1936,0.0222470655963,0.0049158803377,0.0120401757826,0.0136103100017,0.00675799076411,0.00251904146498,-0.0124709998953,0.0198008123405,0.0108460714264,0.016344427346,0.0130593411366,0.00600047161058,0.0180406152151,0.0144280794896,0.0164986541179,0.016114301303,0.00993556085909,0.0199139063399,-0.0000588256220396,0.0215427058465,0.00524796885757,0.010401649582,0.0151535858945,0.0174507146155,0.0079654983175,0.0109151665864,0.0071669674585,0.0076415188993,0.010770570292,0.0113573923048,0.0132317023134,0.0212400029864,-0.000254434156337,0.0202733503492,0.00661363371635,0.0237890726359,0.0182612056389,0.00834215636687,0.0136016532482,0.0179153882004,0.0117315759696,0.0186135024242,0.0148835797433,0.00712129388286,0.0162277096956,0.00922690322526,0.0142778739849,0.0186349460224,0.0293657684394,0.00942538361792,0.022906104608,0.0189984275946,0.0179179217004,0.00535005374212,0.0199544232885,0.0207262215751,0.0191043800281,0.014323214207,0.00916790420492,0.00546215036665,0.0167202000874,0.0112921658591,0.0126866179948,0.01575939307,0.0123967038832,0.00924216852297,0.0139549587477,0.0066016957582,0.0157693116957,-0.00201670076106,0.0141398881188,0.00389085261174,0.0153289598666,0.00626938360321,0.00974498508471,0.00528783077021,0.00275498046273,0.00444095826723,0.00820165836268,0.00935783874329,0.0115118571277,0.014272003068,-0.00759242390088,0.0164687195089,-0.00852851147604,0.016617865898,0.0221046549309,0.00873183651705,0.0140026912876,0.0171825459,0.00417992695472,0.0251295569044,0.0121021241667,0.0174952929141,-0.0036576266847,0.0066394852922,0.000329059606028,0.0138948750865,-0.00293737751328,0.0168227422242
1937,0.0230299994317,0.0054607706227,0.0125709646923,0.0143699904241,0.007425054082,0.00303878503897,-0.0120316453358,0.020558892387,0.0115149028743,0.0169751031292,0.0137464592595,0.00653911371824,0.0188335689813,0.0151288653029,0.017147638877,0.0168506153893,0.0104284840496,0.0205978058447,0.0004107685648,0.0223380148734,0.0058076325051,0.010963942946,0.0158040949712,0.0182156164797,0.00855319568733,0.0114044585102,0.00781990395273,0.00821749820685,0.0112742628932,0.0119199053438,0.0137280808725,0.0219327046921,0.000255146642833,0.0210746634211,0.00705675078899,0.024547004372,0.0189729593263,0.00894960587294,0.0142582986694,0.0186735582769,0.0124148934678,0.0193033560712,0.0154540431139,0.00766043966711,0.0168998188441,0.0098737393626,0.0149852953844,0.0192850363825,0.0303336440454,0.0100786197096,0.0237282711855,0.0198159557621,0.018641892927,0.00590556764359,0.0207261586862,0.0215159319641,0.0197334276726,0.0149942565746,0.00987999534613,0.00603937880143,0.0174345483482,0.0118114282238,0.0132990014475,0.0164389779687,0.0130848092617,0.00967480197735,0.0145382526005,0.00705033988506,0.0163984960374,-0.00156170937058,0.0147028895445,0.00444851473306,0.0160843941583,0.0068427125334,0.0103132726373,0.00585579929604,0.0032020079228,0.00499140416065,0.00874783256016,0.00979377684662,0.0121473879756,0.0148596919707,-0.00731131662868,0.0170828553173,-0.00800817885491,0.0173156487262,0.0227866222102,0.00919155219806,0.0146516783936,0.017849018159,0.00473259599627,0.0259730494934,0.0128089427868,0.0182065448806,-0.00318813068329,0.00704635884815,0.00091021931874,0.0145531647715,-0.00243039582988,0.0175512269626
1938,0.0238039254585,0.00596463502675,0.0130786836382,0.0151144865129,0.00805872950812,0.00351891956204,-0.0116432298835,0.0212954366254,0.0121518731479,0.0175869874395,0.0143979491803,0.00703062938007,0.0196028466599,0.0157913496296,0.0177565893312,0.0175538424907,0.01088745349,0.0212597412572,0.00083461435231,0.0231162752217,0.00633476174936,0.0115231611242,0.016421705679,0.0189692202771,0.00910618559722,0.0118647208476,0.00842540708157,0.00874910302906,0.0117447797572,0.0124357169854,0.0141952821497,0.0225681203075,0.000695053330355,0.0218641680437,0.00748101099132,0.0252770237936,0.0196522740176,0.00950898118164,0.014871890046,0.0194176671503,0.0130633296847,0.0199658808797,0.0159914650396,0.00815642724104,0.017555172441,0.0104980621395,0.0156599163775,0.0199136112757,0.031279122936,0.0106982133027,0.0245337729185,0.0206146763998,0.019340511931,0.0064229550768,0.021474375631,0.0222844806935,0.0203538241037,0.0156355588538,0.0105616817862,0.00657862486403,0.0181225436377,0.0123050824451,0.0138590911874,0.0170807813898,0.0137453163831,0.0100635821497,0.0151174309292,0.00746754566631,0.0169864830068,-0.00114933496198,0.015229794961,0.00497239892163,0.0168023698625,0.00738087212179,0.0108481102457,0.00639925716907,0.00360187989832,0.00549834671681,0.0092672570457,0.0101993676018,0.01277250564,0.0154277896359,-0.00709122618372,0.0176583619542,-0.00752754579991,0.0179918341409,0.0234560600705,0.00962786550385,0.0152742449726,0.0184943433271,0.00523690060281,0.0268034675996,0.0134805633938,0.0188833755682,-0.00275833125323,0.00741422736316,0.00143053880682,0.015186442201,-0.00197567644729,0.0182637638963
1939,0.0245740008834,0.00646500321508,0.0135762337715,0.0158557152183,0.00868061962622,0.00399372761634,-0.0112610690992,0.0220262900219,0.0127816368402,0.018203214102,0.0150450043935,0.00751009483434,0.0203609193407,0.0164547852761,0.0183535042727,0.0182497845781,0.0113442230136,0.0219142068713,0.0012406607621,0.0238824384274,0.00686416330386,0.0120864268745,0.0170444511261,0.0197163679191,0.00966413011266,0.0123226940564,0.00902323155225,0.0092665489434,0.0122172443111,0.0129341714541,0.0146608676022,0.0231981410688,0.00111576451503,0.022647509475,0.00790253879537,0.026000866842,0.0203359574125,0.0100656494795,0.0154860483606,0.0201617153507,0.0137062471087,0.0206267475804,0.0165258380876,0.00864953905848,0.0182064852623,0.0111220482004,0.0163259593237,0.0205394663565,0.0322103560094,0.0113050401387,0.0253299522013,0.0214061201374,0.0200392666972,0.00693826022237,0.0222165479717,0.0230463006514,0.0209775124323,0.0162730480525,0.0112319596701,0.00711480451964,0.0188048974703,0.012793648621,0.0144141029398,0.0177187959178,0.0144015711287,0.0104643893795,0.0156963967476,0.00789052385492,0.0175582332149,-0.000734463802253,0.0157583030343,0.00549203613921,0.0175054953605,0.00791665044915,0.0113657827355,0.00694464588275,0.00399816008274,0.00599958784725,0.00978453966319,0.010601209333,0.0133985241121,0.0159934326069,-0.00687304225484,0.0182199473181,-0.00705369470406,0.0186621460615,0.0241327259608,0.0100673568705,0.0158890087455,0.0191323381691,0.00571969635853,0.027637339755,0.0141385755233,0.0195535194027,-0.00232637061007,0.00778018578631,0.0019391935673,0.0158157628494,-0.00153046730837,0.0189671676722
1940,0.0253406661207,0.0069685246671,0.0140668643796,0.0165955733671,0.00929718720511,0.00447310150032,-0.0108799267898,0.0227524230063,0.013410521385,0.0188306216573,0.0156954189075,0.0079847124323,0.0211127332303,0.0171333219557,0.0189411322363,0.0189484997155,0.0117981575362,0.0225650644094,0.00163718418381,0.0246379496696,0.00741153711143,0.012653948743,0.0176860524254,0.0204569667297,0.0102373044108,0.0127832656461,0.00961941886481,0.00977887576821,0.0126866003723,0.0134224186646,0.0151285713493,0.0238332422547,0.00153127462951,0.0234223906457,0.00832871880297,0.0267222885781,0.0210308933111,0.0106372549807,0.0161098226667,0.0209108143914,0.0143537606176,0.0212891228461,0.0170648141401,0.00914510963793,0.0188636997394,0.0117437966244,0.0169864709544,0.0211646006773,0.0331278008494,0.011907627617,0.0261217043275,0.0221947529685,0.0207457598182,0.00745610354916,0.022950207491,0.023808384176,0.0216075887279,0.0169128469766,0.0118974247113,0.00765821624603,0.019481456308,0.0132850646336,0.0149787445144,0.0183616711981,0.0150594996297,0.0108840989444,0.0162758560274,0.00832914527055,0.0181181491038,-0.000304891501997,0.0162973631294,0.00601603899532,0.0181979044889,0.0084559273811,0.0118724544889,0.0075038090221,0.00440067859367,0.00651255807862,0.0102943561266,0.0110001660544,0.0140339682485,0.016551434848,-0.00665046240986,0.018775893884,-0.00658100312588,0.0193208687948,0.0248259396781,0.010516494492,0.0165026363797,0.019764241121,0.00618457324476,0.0284764642866,0.0147881923603,0.020220528552,-0.00187880497524,0.00815275886467,0.00245253237959,0.0164400355007,-0.00108187272532,0.0196624817864
1941,0.0260854396359,0.00739802190381,0.0145279271407,0.0173042736602,0.00985128725439,0.00488245100639,-0.0105916141963,0.0234302774299,0.0139696025876,0.0194231007172,0.0162750944212,0.00837541443219,0.021817622241,0.0177397989688,0.0194674611123,0.0195826285702,0.0121981184719,0.023171677191,0.00196324300514,0.0253725514187,0.00790324020914,0.0132084492517,0.0182660453613,0.0211603476481,0.0107494128207,0.0131987427474,0.0101238318805,0.0102211788434,0.0131064153966,0.013843116495,0.0155453803422,0.0243719425075,0.00182890352881,0.0241671035656,0.00872793997258,0.0273932572443,0.0216659610496,0.011124840555,0.0166529263077,0.021627903756,0.014937852252,0.0218988767746,0.0175492400086,0.00956587761599,0.0194876937542,0.012319505788,0.0175903238121,0.0217547026826,0.0340037317955,0.0124465932006,0.0268780253346,0.0229390013682,0.0214026629674,0.00790507751138,0.0236409446087,0.0245325745758,0.0222145935122,0.0174947489604,0.0124979219996,0.00813319661378,0.0200991642444,0.0137317123545,0.0154486040123,0.0189332374781,0.0156574442878,0.0112286923473,0.0168384988344,0.00871496203813,0.018619043404,0.0000508675270978,0.0167750021879,0.00647385778607,0.0188102206571,0.00893208568579,0.0123291670906,0.00801951523053,0.00473315683388,0.00694997209851,0.0107570681951,0.0113579187001,0.0146456045057,0.0170739915364,-0.00651757875846,0.0192662757468,-0.00618390840403,0.0199379812676,0.0254919903543,0.0109239069383,0.0170689892128,0.0203632754913,0.00657497599429,0.02927844776,0.0153685909196,0.0208240799253,-0.00150013597624,0.00846652287667,0.00285872310547,0.0170168584856,-0.000719995833602,0.0203192504951
1942,0.026811363753,0.007764847124,0.0149673444888,0.0179869049534,0.0103490790873,0.00522976184199,-0.0103836450718,0.0240658817518,0.0144636801505,0.0199873194441,0.0167910366131,0.00869227932479,0.0224801870888,0.0182799847402,0.0199447133027,0.0201587871881,0.0125580780991,0.0237397082171,0.00223099653083,0.0260912578531,0.00834368439714,0.0137529397632,0.0187921537408,0.021829529304,0.0112091369834,0.0135795617872,0.0105463242887,0.0106037257466,0.0134928281565,0.0142086168677,0.015921798854,0.02482864696,0.00202250924764,0.0248856881402,0.00910655588918,0.0280225741162,0.0222517004619,0.011535155633,0.0171251513403,0.0223169595695,0.01546648232,0.0224642413424,0.017987874405,0.0099247077177,0.020081267202,0.0128574663103,0.0181470829173,0.0223181792912,0.034843198072,0.012928161954,0.0276031269532,0.0236424033262,0.0220161177071,0.00829584294216,0.0242961836774,0.0252239671247,0.0228025500349,0.0180253849409,0.0130377549448,0.0085483639081,0.0206640710977,0.01413944425,0.0158317441356,0.0194413947421,0.0162001436049,0.0115176238129,0.0173857173983,0.00905826213064,0.0190726427578,0.000343120705089,0.0172016971681,0.00687065549406,0.0193482257732,0.00935561454906,0.0127443345778,0.00849716287898,0.00501159331983,0.00731613869822,0.0111839993135,0.0116871175444,0.0152354033382,0.017569628134,-0.00645108677155,0.01970009304,-0.00585369924279,0.0205206155186,0.0261340342998,0.0112981591088,0.0175945301859,0.0209360222615,0.00690395433941,0.0300475938083,0.0158869460793,0.0213744302319,-0.00118277193505,0.00873506657428,0.00316698392631,0.0175547492465,-0.000434785353141,0.0209409722695
1943,0.027523075571,0.00809965503627,0.0153949981034,0.0186527833868,0.0108129232196,0.00554572218729,-0.0102204416802,0.0246751559599,0.0149169360019,0.0205443665911,0.0172726919526,0.00896726807237,0.0231144988523,0.0187890596095,0.0203932158506,0.0207032203977,0.0129004662944,0.0242849006029,0.00246688936243,0.0267958260346,0.0087646760456,0.0142934545937,0.0192983439875,0.0224729786896,0.0116499325705,0.0139480884902,0.0109199384091,0.0109524744909,0.0138634087298,0.0145438589497,0.0162810936239,0.0252487920584,0.00215778880676,0.0255826466971,0.00947977876482,0.0286299511832,0.0228179351006,0.0119112070574,0.0175639502144,0.0229911418888,0.0159672093678,0.0230064598771,0.0184074925948,0.0102531259734,0.0206598521247,0.0133726925848,0.0186743628493,0.0228684098717,0.0356517664528,0.0133738556278,0.0283084395184,0.0243176807815,0.0226093618516,0.00865674309005,0.0249256908518,0.0258982856671,0.0233827594858,0.0185269062794,0.0135382478234,0.00893397055081,0.0211949404945,0.0145289258362,0.0161708402168,0.0199165560173,0.0167098788563,0.0117943790577,0.0179225903985,0.00939062903563,0.019499386475,0.000609996787786,0.0176086926759,0.00723408129315,0.0198355010287,0.00975344185862,0.01313506561,0.00896155481609,0.00526988461908,0.00764811513825,0.0115889105667,0.0120050641606,0.0158162998342,0.0180475481474,-0.00640597755921,0.0201032059418,-0.00556245487667,0.0210762097666,0.0267717310837,0.0116623365045,0.0180985205059,0.0214912132109,0.00719521772753,0.0307981393759,0.0163659967024,0.0218947167289,-0.000891531049987,0.00898877106703,0.00342338096445,0.0180686041569,-0.000188141549682,0.0215369110004
1944,0.0282410218643,0.0084329299304,0.0158329777165,0.0193239324294,0.0112732247114,0.00585762840002,-0.0100655380018,0.0252842500014,0.0153619526347,0.0211082781325,0.0177504190465,0.00923672269169,0.023748942513,0.0192926822322,0.0208465600491,0.0212484129081,0.0132493974339,0.0248331239351,0.00270719493408,0.0275129201639,0.00918323041722,0.0148381835035,0.0198059546811,0.0231144671405,0.01209075782,0.0143237415276,0.0112833590688,0.0113006695883,0.0142425693018,0.0148855810549,0.0166469213913,0.0256682763449,0.00228398937614,0.0262826515817,0.00986171630046,0.0292429882618,0.0233865349603,0.0122823226955,0.0179984194862,0.0236690818892,0.0164693462576,0.0235501611967,0.0188308748973,0.010579445112,0.0212420689513,0.0138890460792,0.0192055582019,0.0234266188878,0.0364645122931,0.0138166861668,0.0290186933054,0.0249931150077,0.0232039005214,0.00901423912086,0.0255578165449,0.0265783689522,0.0239677183929,0.019024788189,0.0140321428823,0.00931726979144,0.0217204745274,0.0149199741382,0.0164994299855,0.0203878731938,0.0172140949903,0.0120765199476,0.0184615303857,0.00972748472322,0.0199320535359,0.000875115162735,0.0180177283103,0.00759051866411,0.020312061532,0.0101532552647,0.0135308030243,0.00942931512409,0.00553691482154,0.00797299676953,0.0119968615288,0.0123317848402,0.0164011877562,0.018530168687,-0.00635168363853,0.0205087600297,-0.00527788103486,0.0216356055474,0.0274139855173,0.0120301389985,0.0186059243273,0.0220538138811,0.00749007812749,0.0315500787853,0.0168420843486,0.0224162380578,-0.000605097012231,0.00924915791134,0.00366997447906,0.0185859818331,0.0000530486079531,0.0221313879893
1945,0.0290021604326,0.00882774656363,0.0163196686197,0.0200430541299,0.0117921116461,0.00622192607502,-0.00984043272056,0.0259469116972,0.0158663979772,0.0217059188487,0.0182870400293,0.00957574527594,0.0244389886355,0.0198447301988,0.0213694235199,0.0218582300946,0.0136521483637,0.0254313000809,0.00302035876515,0.0282882100967,0.00963413364917,0.015402939412,0.0203599134916,0.0238020860059,0.0125724881965,0.0147441187876,0.0117194140336,0.0117143287602,0.014679828927,0.0153036512575,0.017065310246,0.0261607103387,0.00250187927632,0.027034349174,0.0102768013053,0.0299152432274,0.024004429819,0.0127092065292,0.0184907129403,0.0243871305948,0.0170311238402,0.0241462295502,0.019304208123,0.0109632361657,0.0218619772322,0.0144552909988,0.0198058617451,0.0240333157391,0.0373477945215,0.0143208294125,0.0297796884145,0.0257245549103,0.0238440762054,0.00942541524567,0.0262496473821,0.0273070454242,0.0245802592696,0.0195729713018,0.0145870036365,0.00975460750047,0.0222991909633,0.0153504920228,0.0168889944976,0.0209171769102,0.0177707249125,0.0124056457163,0.0190251262946,0.0101004164579,0.0204328545959,0.00118930133768,0.0184734187769,0.00799627205971,0.0208619666782,0.0106106877968,0.0139856123438,0.00993265918912,0.00586999151,0.00834718891776,0.0124581272758,0.0127055099265,0.0170139367519,0.0190606191742,-0.00622626934511,0.0209797070644,-0.00493145996568,0.0222566490147,0.0280766368197,0.012428913154,0.0191646502049,0.0226702566731,0.00786874516687,0.032344216805,0.0173879726427,0.0230006777278,-0.000277174397419,0.00955841608645,0.00399480827874,0.0191615024124,0.000357273663878,0.0227721757403
1946,0.0298107633793,0.00933844894853,0.0168619127389,0.0208242494942,0.0124124069928,0.00669504839352,-0.00947470545795,0.0266946934807,0.0164805349069,0.0223683912601,0.0189388596807,0.0100432486473,0.0252091430061,0.0205118333667,0.0219874909893,0.0225784027587,0.0141411860169,0.0261012151807,0.00344500407628,0.0291165374676,0.0101742527685,0.0159954951558,0.0210175498265,0.0245550706629,0.0131544433515,0.0152398702818,0.0122953617792,0.0122338499231,0.0151969516823,0.0158312300926,0.017570885906,0.0268040135003,0.00289178999173,0.0278465700331,0.0107420581367,0.0306769836098,0.0247223256428,0.0132705703117,0.0191124449074,0.0251671346855,0.0176992264078,0.0248314770743,0.0198705941511,0.0114594612657,0.022542029945,0.0150989855074,0.0205019319301,0.0247043422128,0.0383096013247,0.0149214527018,0.0306080356343,0.0265361512564,0.0245696206085,0.00994176397903,0.0270176914796,0.0281075111722,0.0252368120174,0.0202122856702,0.0152473588738,0.010299248467,0.0229693565352,0.0158523664632,0.0174211817043,0.0215605486146,0.018424741992,0.0128487676379,0.0196214724682,0.0105580189311,0.0210286910381,0.00162016635997,0.0190263918325,0.0085066591947,0.0215372084533,0.0111697427814,0.014520854956,0.0105122922975,0.00631541002729,0.00884071182803,0.0129941847479,0.0131447558632,0.0176732380121,0.0196524092783,-0.00596530195651,0.021555719815,-0.00446667046714,0.0229497236204,0.028789189404,0.0128921018058,0.0198049875505,0.0233490981097,0.00836701920246,0.0332080374205,0.0180475554177,0.0236857115062,0.000156824431871,0.00995810735023,0.00448792180696,0.0198202715661,0.000794527862704,0.0234767458191
1947,0.0306792488661,0.00997934940317,0.0174663964141,0.0216789015606,0.0131491634656,0.00729284064731,-0.00895108538116,0.0275373958985,0.01722711513,0.0231016164934,0.0197226496464,0.0106545843986,0.0260744674359,0.0213139028341,0.0227096314598,0.0234296842094,0.0147183404271,0.0268583011402,0.00399447925911,0.0300097542846,0.0108210257897,0.0166200930097,0.0217940243576,0.0253863312683,0.0138465890728,0.0158131899259,0.0130312702022,0.0128744646373,0.0157962848719,0.0164781629878,0.0181690354074,0.0276062492202,0.00347627130118,0.0287294842013,0.0112643006313,0.031536197208,0.0255496227057,0.0139855776781,0.0198790445672,0.0260235896446,0.0184909632594,0.0256147567673,0.0205354558316,0.0120802890064,0.023299206378,0.0158309794119,0.0213096938755,0.0254455660879,0.0393677706387,0.0156400958728,0.0315177304215,0.0274469326131,0.0253915026872,0.010573277937,0.0278720074762,0.0289917034391,0.0259474248522,0.0209567905533,0.0160331688166,0.0109678239506,0.0237459536094,0.0164359550187,0.018116488321,0.0223325166617,0.0191938647766,0.0134040702899,0.0202612912107,0.0111059471092,0.0217262553821,0.00218120449147,0.0196848542021,0.00913772831257,0.0223586724035,0.0118447424006,0.0151464017265,0.0111830918493,0.00688010250681,0.00947447011621,0.0136110002734,0.0136502594538,0.0183932296269,0.0203122226768,-0.00557015241141,0.0222493160282,-0.00386604194692,0.0237293245671,0.0295604288797,0.0134250418767,0.0205381303566,0.024099792882,0.00899357480614,0.0341558537216,0.0188387481966,0.0244852608766,0.000712989990092,0.0104532230147,0.00517342491115,0.0205732637866,0.00138289497173,0.0242571686633
1948,0.0315921100913,0.0106557024681,0.0181034055399,0.0225761068004,0.0139341714384,0.00792208554591,-0.00838259258827,0.0284264698843,0.0180298134656,0.0238460403896,0.0205486013754,0.0113110549397,0.0269913793316,0.0221465313045,0.023470681827,0.024333485509,0.0153129873315,0.0276563137456,0.00458986515281,0.0309575231905,0.0114814560508,0.017260627823,0.0225892505214,0.0262701673039,0.0145508826095,0.0163998358467,0.0138194586667,0.0135561062986,0.0164138806071,0.0171673663294,0.0187914921923,0.0284325985954,0.00411599423192,0.029665907217,0.011802687306,0.0324337819039,0.0263967307661,0.0147269675955,0.0206756867414,0.026916071181,0.0193248729493,0.0264302685286,0.0212209612275,0.0127260995351,0.0240907971207,0.0165991301369,0.0221697998945,0.0262144235692,0.0404973096308,0.0164119227932,0.0324777042222,0.0284153164555,0.0262415374952,0.0112305075113,0.0287746632649,0.0299148136288,0.026679198479,0.021737190633,0.0168783387695,0.0116690131075,0.0245679966574,0.0170420207644,0.0188453581222,0.0231401031725,0.020008325574,0.0139433614789,0.0209283219079,0.011653960483,0.022462014641,0.00275815417942,0.0203560576767,0.00980563054487,0.0232496106742,0.012551648371,0.0158127027555,0.0118746756216,0.00746210566829,0.0101397043735,0.0142586707817,0.014167979581,0.0191380407131,0.0210048895185,-0.00517540293362,0.0229851898414,-0.00321760307597,0.0245616004341,0.0303370778856,0.0139624215274,0.0213088778287,0.0248927071196,0.00967362479082,0.0351413166352,0.019690494779,0.0253271570919,0.00128637772271,0.0109556872788,0.00591321947489,0.0213689986918,0.00200754801759,0.0250848877198
1949,0.032499781732,0.0112843401346,0.0187200965816,0.0234594899274,0.0146841661813,0.00850458089901,-0.00786934160857,0.029294459862,0.0187972712739,0.0245630818498,0.0213318832238,0.0119128834164,0.0278843748607,0.0229317646277,0.0241861197056,0.0251994572208,0.0158676426661,0.0284299999893,0.00513696938628,0.0318970207983,0.0120992849843,0.0178972427225,0.0233362751189,0.0271456754363,0.0152109191939,0.0169499992512,0.0145517511341,0.0141879198112,0.0169927624935,0.0178036349195,0.0193781636383,0.0291849857587,0.00467352557613,0.030595658312,0.0123199407541,0.0332991526584,0.0272016705854,0.0154049292972,0.0214189833979,0.027793488099,0.0201195476501,0.0272126955485,0.0218648611072,0.0133193400324,0.0248637503965,0.0173440052865,0.0229961548413,0.026957725942,0.0416105013737,0.0171466568417,0.033424490588,0.0293649777686,0.0270587054178,0.0118400423402,0.0296553144556,0.0308162020359,0.0273997440908,0.0224811508781,0.0176919301676,0.0123246069428,0.0253617101735,0.0176156710039,0.0195069550291,0.0238995870362,0.0207902966518,0.0144149856029,0.0215916566851,0.0121565691438,0.0231535273031,0.00327975855025,0.0209783360331,0.0104338287939,0.0241004610494,0.0132155671977,0.0164448797806,0.0125373271633,0.0079825178896,0.0107519571954,0.0148789560644,0.0146501004009,0.0198689871175,0.0216798870529,-0.00485978069112,0.0236760054849,-0.002610273603,0.0253750292227,0.0310912971874,0.0144659213284,0.0220511483055,0.0256667679483,0.0103028476249,0.0361108336094,0.0205059876708,0.0261305619457,0.00181005513255,0.0114069769852,0.00658562352191,0.0221391594842,0.00257330875873,0.0258974810779
1950,0.0333812722718,0.0118815251894,0.019303941734,0.0243144033459,0.0153939558452,0.0090603256691,-0.00739523694773,0.0301299839293,0.0195247949308,0.0252768962692,0.0220856057437,0.0124672698535,0.0287357314494,0.0237002447872,0.0248490915727,0.0260269214699,0.0163951952978,0.0291715715653,0.00562971286568,0.0327943274524,0.0127145270374,0.0185301522746,0.0240723588019,0.0279883019581,0.0158674465932,0.0174806210412,0.0152364331458,0.0147697594051,0.0175431193763,0.0183811881015,0.019939346451,0.0299017786438,0.00516152012038,0.0314888867256,0.0128244738446,0.0341297170676,0.0279938372209,0.0160627479636,0.0221440713743,0.0286539155112,0.0208835457491,0.0279692574409,0.0224862928061,0.013884719292,0.0256180927749,0.0180637006387,0.0237755947855,0.0276738083288,0.042666388775,0.0178334083976,0.0343386906584,0.0302767222682,0.0278562562639,0.0124215531642,0.0304939303349,0.0316907750229,0.0281151376644,0.0231934442226,0.018461187505,0.0129532877565,0.0261215987337,0.0181679212199,0.0201355143396,0.0246276010291,0.0215415974891,0.0148862679302,0.0222433916366,0.0126564101183,0.0237930338096,0.00378942315306,0.0215837187121,0.0110355778973,0.0248924068172,0.0138515779591,0.0170297048962,0.0131951509953,0.0084673125856,0.0113414727126,0.0154681243696,0.0151070399873,0.0205914897615,0.0223278252418,-0.00457396757352,0.0243205044694,-0.00203844852676,0.0261448464748,0.0318518084504,0.0149634298326,0.0227626780311,0.0264038664005,0.0108640853747,0.0370649308721,0.0212714949951,0.0268964966559,0.00232243360813,0.0118366629607,0.00721355677944,0.0228762264267,0.00310385055914,0.0266731209109
1951,0.0342320410999,0.0124323696961,0.019851367994,0.0251330091098,0.0160485291352,0.00957774994673,-0.00698536192619,0.0309190635527,0.0201951736339,0.0259877360986,0.0227955478419,0.0129545438992,0.0295349693352,0.0244451349842,0.02544895214,0.0268044714406,0.0168838405222,0.0298755817587,0.00605387807817,0.0336443889497,0.0133278151327,0.0191603044101,0.0247944643307,0.0287861230109,0.0165153563398,0.0179875112414,0.0158486540232,0.0152887686769,0.0180505313575,0.0188870553036,0.0204673395672,0.0305691285946,0.00555581477864,0.0323337591256,0.0133179123191,0.0349159037326,0.0287641163603,0.0166921409295,0.0228361448817,0.0294923410573,0.0216066319632,0.0286886460987,0.0230776372465,0.0144066730866,0.0263536817966,0.0187433376098,0.0244936474137,0.0283584274179,0.0436516764092,0.018461585763,0.0352145293486,0.0311394674056,0.0286284937891,0.0129604280952,0.0312757079125,0.0325338774249,0.0288252311552,0.0238631653454,0.0191690079854,0.0135449372108,0.0268312874656,0.0186963279468,0.0207171777161,0.0253110017411,0.0222487703149,0.0153487945103,0.0228810119885,0.0131527650615,0.024368665024,0.00427813987088,0.0221669981276,0.0115979871783,0.0256005295993,0.0144475425787,0.0175597831762,0.0138479045379,0.00890802608989,0.0119007031911,0.0160108584615,0.0155331521094,0.0213077232689,0.0229359189543,-0.00433384541056,0.0249086908771,-0.00152305238687,0.0268549732638,0.0326258388356,0.0154549313765,0.0234360293764,0.0270974095488,0.0113367772926,0.0379953516757,0.0219673880834,0.0276118137035,0.00281754927555,0.0122405004925,0.00777554907726,0.0235650049732,0.00358365213648,0.0274020387609
1952,0.0350766364335,0.012929509312,0.0203865796063,0.0259343838282,0.0166516692201,0.0100406370556,-0.00665191888864,0.0316734495011,0.0208072674201,0.0266822899979,0.0234494163941,0.0133706008142,0.030299244816,0.0251377515022,0.0260097825264,0.0275328408194,0.017339012739,0.0305546195531,0.00642407709104,0.0344908273074,0.0139037693374,0.0197919091554,0.0254742086433,0.0295581429383,0.0171233909165,0.018468130817,0.0163815297133,0.0157528288487,0.0185314203799,0.0193412710053,0.0209634094253,0.0311621803042,0.00584808942055,0.033160821029,0.0138005165671,0.0356688927649,0.0294942887924,0.0172532650267,0.0234669585782,0.0303136832282,0.0222842114081,0.0293716615574,0.0236279089809,0.0148736228388,0.0270712972556,0.0193921594479,0.0251736436884,0.0290276445114,0.0446120793623,0.0190420611066,0.0360712322242,0.0319709918168,0.0293670624704,0.0134466282308,0.0320294897733,0.0333540138274,0.0295297150322,0.024488546847,0.0198207238526,0.0140866736209,0.0274974609382,0.0191953821006,0.0212198321014,0.0259368461466,0.0229082903234,0.0157612724491,0.0235140272493,0.0136166602854,0.0249019983902,0.00471228564815,0.0227094755998,0.0121050674056,0.0262354810676,0.0149977249893,0.0180554573358,0.0144759257987,0.00929985175635,0.0123969444477,0.0165258520847,0.015939702906,0.0220139923154,0.0235255843154,-0.00416030473232,0.0254479645149,-0.0010697167476,0.0275402903339,0.0333919289501,0.0159244614753,0.0240766945862,0.0277754672569,0.0117483491066,0.0389044645645,0.022604285165,0.0282846802184,0.00326308486964,0.0126063122424,0.00824456455957,0.0242218886835,0.00399260392643,0.0281036156092
1953,0.035936895611,0.0134186330295,0.020936162988,0.0267464105407,0.0172467833821,0.0104897831763,-0.00634040584379,0.032430996005,0.0214057393951,0.0273836465386,0.0240906890186,0.0137687381386,0.0310654206406,0.0258174598553,0.0265763294293,0.0282572798142,0.017796287385,0.0312400436588,0.00679161493849,0.0353600630197,0.0144689525691,0.0204357304899,0.0261480271539,0.0303355579818,0.017724221593,0.0189532881161,0.0168913330427,0.0162092064064,0.0190185640843,0.0197951209354,0.0214633021252,0.0317367511157,0.0061116271662,0.0339999618873,0.0142926445467,0.0364275923143,0.0302211045785,0.0177921016602,0.0240815367726,0.0311433483214,0.0229593711659,0.0300548578504,0.0241731409818,0.0153295863664,0.0277959021377,0.0200408746555,0.0258591174577,0.0297099078099,0.0455872429974,0.0196184783512,0.0369404470265,0.0328073120672,0.0301052876047,0.0139212001396,0.0327903073993,0.034182022937,0.0302445838202,0.0251070451467,0.020461445458,0.0146202680503,0.0281581700766,0.0196931578626,0.0216956811956,0.0265496419204,0.0235592876513,0.0161642388755,0.0241564419374,0.0140761358708,0.0254376754161,0.00513196174971,0.0232469606435,0.0125958581261,0.0268523937339,0.0155412509497,0.0185552269272,0.0151044383299,0.00968982550282,0.0128718217626,0.0170447785542,0.0163561369833,0.0227280698281,0.0241225579213,-0.00400004436293,0.0259848242402,-0.000631234748667,0.0282322572482,0.0341634126876,0.0163952813807,0.024719927878,0.0284676503349,0.0121565167538,0.0398185462029,0.0232312144938,0.0289572379616,0.00369499762417,0.0129703090271,0.00868371200539,0.024881765354,0.00438164513857,0.0288084384064
1954,0.0368162360911,0.0139201592378,0.0215047696487,0.0275750503767,0.0178510605176,0.010946976005,-0.006025805278,0.0332047667422,0.0220097421,0.0281065740701,0.0247413666536,0.0141721889363,0.0318437423147,0.026508765503,0.0271595261607,0.0289971633775,0.0182700608582,0.0319441073729,0.0071747690961,0.0362516357778,0.0150449119094,0.0210952199969,0.0268386600648,0.0311258086298,0.0183404162005,0.019456724263,0.01740212444,0.0166736926628,0.0195196095444,0.0202643583016,0.0219824691184,0.0323236064941,0.00637781714885,0.0348546614245,0.0148033262946,0.0372055553638,0.0309642495942,0.0183403109008,0.0247072069384,0.0319912854978,0.0236516533439,0.0307530455062,0.0247314247788,0.0157959993397,0.0285384978205,0.0207001763479,0.0265611670955,0.0304121783034,0.0465807276657,0.0202055995031,0.037830725593,0.0336583084015,0.0308591786982,0.0144025846094,0.0335637616731,0.0350291233532,0.030978049602,0.0257330862805,0.0211080186256,0.0151660454578,0.028829731588,0.0202035424723,0.0221754448047,0.027170665969,0.0242188259909,0.0165837524435,0.0248137168485,0.0145509879403,0.025988058248,0.00556308221955,0.0237994851106,0.0130906422713,0.0274703861934,0.0160962254999,0.0190698084839,0.0157501388944,0.0100971068934,0.0133524344403,0.0175759763496,0.0167912701702,0.023458869758,0.0247331890799,-0.00382536964379,0.0265379183005,-0.000187238641054,0.0289368402416,0.0349529453151,0.0168812963196,0.0253796617426,0.0291782172617,0.01257780858,0.0407489508237,0.0238659563647,0.0296446922899,0.00413686034352,0.0133505368063,0.0091266099342,0.0255552691111,0.00477802965809,0.0295236801188
1955,0.0377454578978,0.0144751360657,0.0221217058976,0.0284530342297,0.0185076748879,0.0114486305535,-0.00565784296324,0.0340323240417,0.0226675434376,0.0288684382535,0.025443173658,0.0146310346489,0.0326753041358,0.0272453062148,0.0278056029812,0.029798665732,0.0187907484508,0.0327035878588,0.00762246277568,0.0372031877948,0.0156519694422,0.0217822717877,0.0275746354926,0.0319646618679,0.0189948138962,0.0200022306682,0.0179687845242,0.0171925455333,0.0200679388696,0.0207986637402,0.0225515698249,0.0329659080292,0.00671454969954,0.0357623973561,0.0153505187509,0.038040043141,0.0317530828927,0.0189354521834,0.025381758356,0.032885785697,0.0244020720027,0.0315006242794,0.0253320507874,0.0163112001723,0.0293264461675,0.0214046828896,0.0273285185791,0.0311633816189,0.047644775188,0.0208517554429,0.0387775811472,0.0345666324291,0.0316586254222,0.014926348023,0.0343917899399,0.0359271085776,0.0317476872134,0.0264031677868,0.0218083291786,0.0157614719678,0.0295536612254,0.0207523296543,0.0227035987854,0.0278403707505,0.0249272919395,0.0170396333634,0.025504962911,0.015058465114,0.0265966205996,0.00603561520635,0.0243938133961,0.0136259886586,0.0281483012889,0.0167011450847,0.0196385883212,0.0164346458253,0.0105588890371,0.0138747759779,0.0181545995113,0.0172708842177,0.0242258719255,0.0253890665839,-0.00360021961921,0.0271515994078,0.000307848568136,0.0296996922367,0.0357697079959,0.0173989307552,0.0260903339279,0.0299431470395,0.0130685885132,0.0417256878585,0.0245599595602,0.0303902179112,0.00461603953594,0.0137737577933,0.00962962731606,0.0262819448718,0.00522572977837,0.0302850620048
1956,0.038764503507,0.0151174255343,0.0228219023754,0.0294201401236,0.0192580580268,0.0120199693742,-0.00519632993857,0.0349533524964,0.0234263152823,0.0296757212241,0.0262273989427,0.0151868362101,0.0336072262934,0.0280457013146,0.0285623729132,0.0307061600513,0.0193826168988,0.0335565051988,0.00818452518754,0.0382671813221,0.0162916863894,0.0225095599274,0.0283673345883,0.0328982455491,0.019690623913,0.0206054932432,0.0186392240146,0.0178110408982,0.0206941236532,0.0214463314595,0.0231954397942,0.0336841486816,0.00717899621224,0.0367728446445,0.0159495111799,0.0389672794259,0.0326032448714,0.0195893229329,0.0261233234332,0.0338569256128,0.0252468025433,0.0323266839554,0.0259920368057,0.0169017223898,0.0301878369278,0.0221892831222,0.0282157841889,0.0319936890656,0.0488492001346,0.0216089267469,0.0398242716208,0.0355832279436,0.0325259105968,0.0155182195562,0.0353240441267,0.0369086383839,0.0325694963261,0.0271507194744,0.02261235581,0.0164353557197,0.0303703621492,0.0213591522693,0.0233042918641,0.0285879676727,0.0257210428479,0.0175234067349,0.0262533562413,0.0155973344582,0.0273072881224,0.00655833772231,0.0250428461675,0.0142282873894,0.0289477975873,0.017385858317,0.0203040016837,0.0171693109048,0.0111023142744,0.0144558904446,0.0188171729087,0.0178169022499,0.0250472849737,0.0261253162878,-0.00331124415567,0.0278667382315,0.000895549371025,0.030575849491,0.0366110623795,0.0179534703263,0.0268853626346,0.0308057631955,0.0136874353173,0.0427781054912,0.0253669673619,0.0312358449082,0.00514225109865,0.0142547470771,0.0102327625054,0.0271030565256,0.00575502293247,0.031136360088
1957,0.0398822413086,0.0158499387331,0.0236087491886,0.0304857420301,0.020108670011,0.0126591514941,-0.00463467984607,0.0359786968517,0.0242964427062,0.0305210292022,0.027093615948,0.0158424658576,0.0346484937753,0.0289071629534,0.0294342545528,0.031725438276,0.0200462201324,0.0345062811999,0.00886729388261,0.0394525078014,0.0169514246265,0.0232800066726,0.0292076166284,0.0339429501528,0.0204192718004,0.0212630548372,0.0194203805509,0.0185337335794,0.0213987906524,0.0222092039242,0.0239159843565,0.0344696982184,0.00777586986969,0.0379018514067,0.0165980076875,0.0399912148455,0.0335108835251,0.0202873023753,0.0269243709102,0.0349094536168,0.0261891748253,0.03323325404,0.026707525634,0.0175650719223,0.0311247151986,0.0230610804508,0.0292324712173,0.0329048532125,0.050209957843,0.0224858774551,0.0409802101437,0.0367190764995,0.0334610585196,0.0161781354052,0.0363722042005,0.0379765914752,0.033442820385,0.0279804710564,0.0235316006086,0.0171883973766,0.031288199484,0.0220209060078,0.0239715828831,0.0294125745403,0.0266047530549,0.0180195455424,0.0270636491867,0.0161566535745,0.0281227713075,0.00712117036098,0.0257407705558,0.0148989243396,0.0298835105577,0.0181487232928,0.0210698403956,0.0179495450052,0.0117234592399,0.0150884447188,0.0195705799704,0.0184267068625,0.0259224553962,0.0269486995477,-0.00296884450313,0.0286848639998,0.00158486649197,0.0315770355028,0.0374666087815,0.0185382482679,0.0277689771473,0.0317738284467,0.0144426820587,0.043910668122,0.0262977306212,0.0321861663294,0.00570982935033,0.0147879414593,0.0109388063517,0.0280250013998,0.0063655796836,0.0320893082241
1958,0.0410565859188,0.0166381120449,0.0244376200574,0.0316082059403,0.0210175579689,0.0133419120898,-0.00401248056003,0.0370687428951,0.0252349032087,0.0313979042015,0.0280110718209,0.0165533906845,0.0357502959014,0.029815335475,0.0303600603117,0.0328126789455,0.0207495442277,0.0355118763021,0.00961389691176,0.0406961196263,0.0176320512806,0.0240810289564,0.0300843035212,0.0350565877628,0.0211782924823,0.0219529566023,0.0202654026021,0.0193085793156,0.0221386872748,0.0230248964387,0.0246830623422,0.0352958371796,0.00844310831424,0.039097838246,0.0172776371727,0.0410701240732,0.0344592356146,0.0210176938159,0.027767826655,0.0360159640356,0.0271936955899,0.0341884930691,0.0274569153412,0.018272367481,0.0321110431036,0.023983957938,0.0303181690222,0.0338588424209,0.0516509322333,0.0234295936005,0.0422010289989,0.0379251296071,0.0344413795743,0.0168779176501,0.0374801174944,0.0390962666987,0.0343532227625,0.0288581621355,0.0245189673601,0.0179919599999,0.0322680803024,0.0227162970805,0.0246822233003,0.0302835022626,0.0275441559955,0.0185315915408,0.0279153556592,0.016736504814,0.0289859796968,0.00771519135856,0.0264727501089,0.0156133952849,0.0308954206625,0.0189561159803,0.0218836862148,0.018766611362,0.0123849048717,0.0157574272939,0.0203712289375,0.0190674561047,0.0268356650628,0.0278185756662,-0.00259726340426,0.0295590586821,0.00233799902086,0.0326417794478,0.0383410785079,0.0191464236548,0.0287060268823,0.032795618492,0.0152627580225,0.0450969288541,0.027298473317,0.0331952910255,0.00631140278151,0.0153527091371,0.0117103117357,0.0290025605867,0.00702797588847,0.0330998589776
1959,0.0422309141521,0.0174159949932,0.0252502287274,0.0327268363853,0.0219120563814,0.0140164055331,-0.00340927622865,0.0381561719413,0.0261635044749,0.0322876257967,0.0289184943308,0.0172387598066,0.0368372268413,0.0307290771567,0.0312538909959,0.03389237401,0.0214398553968,0.0365123935235,0.0103353403275,0.0419203694391,0.0183193269272,0.0248935460081,0.0309653940452,0.0361700623063,0.0219461998469,0.0226369408406,0.0210852158857,0.0200538970373,0.0228536316626,0.0238024137528,0.0254454189416,0.0361015879966,0.0090699519816,0.0402865437868,0.017960014864,0.0421376869219,0.0354092657975,0.0217413469968,0.0286064378594,0.0371316442815,0.028196225053,0.0351370579526,0.0281977860528,0.0189666773558,0.0331048945555,0.0248996539554,0.0313843841877,0.0348024320791,0.0530678620655,0.0243566580777,0.0434202010678,0.0391245453284,0.0354233253998,0.0175618189493,0.0385681014127,0.0402134182952,0.0352760535109,0.0297234424401,0.0254920146173,0.0187898847169,0.0332420130352,0.0234069791788,0.0253782546963,0.0311405983402,0.0284763194758,0.0190425212632,0.0287774237382,0.0173224129625,0.0298145365611,0.00830757045804,0.0272028147144,0.0163191540695,0.0318798994979,0.0197499320897,0.0226706797019,0.0195967436736,0.0130244789105,0.0164216562469,0.0211554449489,0.0196930609159,0.0277605540772,0.0286775068983,-0.00224892191321,0.0304135581424,0.00308077210042,0.0336869248026,0.039232765719,0.0197587327926,0.0296385074144,0.033802491282,0.0160405081521,0.0462908396699,0.0282782018643,0.0341888782539,0.00691730673074,0.0159098081625,0.0124648011982,0.0299666740491,0.00767865077279,0.0340999912594
1960,0.0433999657491,0.0181630111208,0.0260433230678,0.0338327452827,0.0227686452565,0.0146628209937,-0.00285510402688,0.0392202824,0.0270549991097,0.0331843331373,0.0297919975459,0.0178700948497,0.0378919368197,0.0316284491567,0.0321021438825,0.0349416672209,0.0221062080009,0.0374957039485,0.0110109401261,0.0431240649755,0.0190036610308,0.0257162727107,0.031836505617,0.0372650635489,0.022709306079,0.0233057538159,0.0218486689691,0.020750396844,0.0235400805644,0.024523057891,0.0261889040012,0.0368588766938,0.00961780106614,0.0414548208254,0.018642113569,0.0431780569542,0.036346108012,0.0224345102607,0.0294176477119,0.0382482896199,0.0291772291992,0.0360632025271,0.0289138793881,0.0196305475777,0.0340983364109,0.0257962711794,0.0324163501554,0.0357302376425,0.0544469518141,0.0252464679053,0.0446242579024,0.0403005588962,0.03639181189,0.0182113434471,0.0396236032396,0.0413162972271,0.0362086698581,0.0305579298736,0.0264232382414,0.0195631704528,0.0341888058141,0.0240824155089,0.0260308889082,0.0319607215434,0.0293794808182,0.0195388850727,0.029646711673,0.0179056226181,0.030593477178,0.00888081422614,0.0279177442534,0.0169929712063,0.0328018272626,0.0205145129253,0.0234168510672,0.0204314467069,0.0136281027923,0.017058101367,0.021914233033,0.020300149496,0.0286932428722,0.0295192491848,-0.00194163126591,0.0312274298909,0.00378745529181,0.0347034427553,0.0401403927376,0.0203692195985,0.030551146685,0.0347875391152,0.0167510723151,0.0474813215462,0.0292096086177,0.0351497553733,0.00751147980933,0.0164488691941,0.0131640972248,0.0309043886356,0.00829164966074,0.0350737175217
1961,0.044688452342,0.0189892292956,0.0269458722909,0.035049388619,0.023699287736,0.0153888580802,-0.00224679104472,0.0403783690902,0.0280150837442,0.0342077473976,0.0307363335838,0.0185503024454,0.0390293119173,0.0326191708465,0.0330228302868,0.0360715950933,0.0228662639199,0.0385760804411,0.0117551482779,0.0444383142942,0.0197960421059,0.0266799075373,0.0328054172265,0.0384619479487,0.023578694351,0.0240822673455,0.0226521777548,0.0215101543089,0.0243193300398,0.0252996950687,0.0270395054621,0.0376693911598,0.0101792929311,0.0427283418246,0.0194516069841,0.0443105462813,0.0373798631968,0.0231947739156,0.030300956521,0.0394865642397,0.0302479095406,0.037081985288,0.0297211499345,0.0203700483557,0.0352158957261,0.0267887090354,0.0335289001687,0.0367692186411,0.055910455533,0.0262087504777,0.0459355978702,0.0415700330511,0.0374604805205,0.0189372309183,0.0407660606035,0.0425227882362,0.0372742349571,0.0314748490626,0.0274207215715,0.0204240374466,0.035215825819,0.0248589976755,0.0267360227283,0.0328497953802,0.0303613968936,0.020129429582,0.0306495733016,0.0186018765369,0.0314406645157,0.00954161073207,0.0287299492924,0.0177418882676,0.0337632604501,0.0213617466102,0.0242429048655,0.021392335313,0.0143098917684,0.0177693695486,0.0227686715192,0.0210119672508,0.0297576199761,0.0304662635956,-0.00156833289311,0.0321113047717,0.00456289634441,0.0358096641276,0.041183614498,0.0210992047481,0.0315599011446,0.0358794236124,0.0175068426371,0.0487836894411,0.0301985579159,0.036192544696,0.00820477641363,0.0170875195469,0.0139066126281,0.0319324422354,0.00896857586335,0.0361393151095
1962,0.0458490822824,0.0196487272193,0.0277333114966,0.03613432726,0.0244491887188,0.015956137439,-0.00180431359106,0.0413928953013,0.0288061374289,0.0351087677669,0.0315154381949,0.0190605838897,0.0399867492295,0.0334370848869,0.0337870809091,0.0370412491124,0.0234877642752,0.0395053577723,0.0123324301475,0.0456497011932,0.0204379543108,0.0275520240839,0.0336408082908,0.0395198737255,0.0243084675434,0.0247353052321,0.0232477543821,0.022073214822,0.0249848280625,0.0259075378264,0.0278105516368,0.0382925433864,0.0105289249996,0.0438743552228,0.0201519782517,0.0453012278355,0.0382400524038,0.0237825203131,0.0310142618657,0.0405882200417,0.0311460869942,0.0379623566161,0.0303846172349,0.0209478800378,0.0362057216198,0.0276299448793,0.0344755793535,0.037711513523,0.0571971673333,0.0269811149008,0.0470926290782,0.0426884608981,0.0383717427665,0.0195052130329,0.0417603187108,0.0435578969635,0.0382357438589,0.0322264281119,0.028233917805,0.0211076052411,0.0360511309153,0.0255038578096,0.0272661449939,0.0335843764919,0.0311908815198,0.0205938784274,0.0315638801032,0.0191852064457,0.032105029795,0.0100781110406,0.0294015696968,0.0183306543422,0.0345276806734,0.0220691066733,0.0249075700033,0.0222379927095,0.0148334106437,0.018329382822,0.0234959836681,0.0215826195378,0.0307073140187,0.0312907466179,-0.00135361640593,0.0328300947191,0.00514305171814,0.0367906861898,0.0421243851872,0.0217266634069,0.0324063356741,0.0368446020003,0.0180836974665,0.0499540709981,0.0309987595793,0.0370641049953,0.00875483271117,0.0175962867672,0.0144468497614,0.0328252260004,0.00944401829655,0.0370479002571
1963,0.0464826450163,0.0197353000542,0.0280920023439,0.036706133099,0.0245791923928,0.0159834444755,-0.00181538965065,0.0418949239103,0.0290829512442,0.0354313352099,0.0317627564355,0.0191212186546,0.0403033852077,0.0335751684432,0.034067810032,0.0374867655247,0.0235988924807,0.0398738812306,0.0123992991315,0.0465202489638,0.0204314754532,0.0279607490412,0.0339750785552,0.0400755794377,0.024443821016,0.0248906440978,0.0232407768831,0.0219845940453,0.0252849231615,0.0260361152336,0.0283363925778,0.0383100801006,0.0103774098837,0.0445627385237,0.0203586400256,0.045791189313,0.0383800613421,0.023789912084,0.0311449678347,0.041096155619,0.0313970810469,0.0383496318565,0.0305097053064,0.0209833072907,0.0366390335558,0.0279067173796,0.0348744867033,0.038309998611,0.057886483256,0.0271161179677,0.0476339971206,0.0432916507505,0.0386463037699,0.0195456067125,0.0422619840619,0.0438849769706,0.0387135606106,0.0323982362942,0.0284625349005,0.0211153727402,0.036176150542,0.0256538164831,0.0272877339725,0.0338489500382,0.0315347332888,0.0205668296399,0.0320847796998,0.0192891534234,0.0321537915871,0.0102015571195,0.0295320534705,0.018389424233,0.0347724427364,0.0223262684215,0.0250282850271,0.0225575388912,0.0148180714534,0.0184025665235,0.0237858761319,0.0215823633691,0.0311257571328,0.0316636353379,-0.00166005232061,0.0330299539087,0.00505140434195,0.0374002444422,0.0425523517177,0.0219139672755,0.0326237410925,0.0373396082982,0.0181840303985,0.0505946192075,0.0312312365991,0.0373367187884,0.008738626068,0.0176105355457,0.014383414164,0.0332732661924,0.00921810594778,0.0373951183026
1964,0.0469427778636,0.019566034014,0.0283321128749,0.0370852211642,0.0244138685028,0.0157512346398,-0.00203700208106,0.0421578726358,0.0291123290908,0.0355233531882,0.0317563113438,0.0189836740638,0.0403351678697,0.0333429855155,0.0342029925752,0.0376984904466,0.0235502456459,0.0400476092126,0.0122649436861,0.047309729608,0.0200790237715,0.0282117531554,0.0340835577245,0.0403815107221,0.0242890039004,0.0248695727714,0.0229458147008,0.0216403021109,0.0255184042031,0.0260075908834,0.0287784891773,0.0380474972238,0.0100045839819,0.0450726274429,0.0203977804504,0.0460825109683,0.0382219507307,0.0234985769801,0.0309939463403,0.0413595173651,0.0313561897609,0.0385356180978,0.030402857709,0.0208037008297,0.0368343543462,0.0279776296204,0.0350839054892,0.0388130528395,0.0583612159976,0.0269843798634,0.0479102979219,0.0436690743345,0.0386318248565,0.0193577793101,0.0425985429259,0.0439108941156,0.0390198894328,0.0323087425632,0.0283972302361,0.0208073135429,0.0359907869281,0.0255920515884,0.0270492432387,0.0338983449778,0.0316494949643,0.0203749562448,0.0324601455692,0.019196189502,0.0319892647422,0.0101309123674,0.0294263868011,0.0181727683007,0.0347629329147,0.0224213490222,0.0249496741056,0.0226319983183,0.0146250117071,0.0182124474794,0.0239496172445,0.0214593106975,0.0313255949448,0.0319105179172,-0.00229177746856,0.0330148690467,0.00462650317756,0.037910460652,0.0427385207566,0.02193843462,0.0325644941533,0.0376955890998,0.0181081415003,0.0510171890825,0.0311979016103,0.0373764426675,0.00843071363748,0.0174558865313,0.0139971120205,0.0335676442902,0.00864658639219,0.0374882850625
1965,0.0478047514661,0.0197756725796,0.02894857847,0.0378465060771,0.0246496667626,0.015857875517,-0.00198905876499,0.04277368443,0.0294434394863,0.0360508627865,0.0320745255995,0.0191320435877,0.040803911965,0.0335171962172,0.0347202376035,0.0382620853262,0.0238932006224,0.0406311426258,0.0125202836831,0.048409811748,0.0201076988697,0.0288121042476,0.0345291086955,0.0410201192594,0.0245192664854,0.0252473244165,0.0229996501824,0.0217575392469,0.0260424872466,0.0263527169923,0.0294249946719,0.0381850991319,0.00995310099289,0.0459183967688,0.0208521518046,0.0467509234341,0.0385508399049,0.0235527780136,0.0311924349548,0.0420366359022,0.0317607645513,0.0390654576883,0.0306783481527,0.0209848539196,0.0374323983127,0.0284209090153,0.0356992324581,0.0396083266936,0.059274507578,0.0272879563775,0.048644428287,0.0443937188374,0.0390502952656,0.0195084325624,0.0432913151994,0.0444525213766,0.0396716002485,0.0325908809827,0.0286869177823,0.0209369533003,0.0362407815788,0.025883087251,0.0271051657908,0.0342441281912,0.0320599326792,0.0205484129407,0.0331083612998,0.0194536130199,0.0323021434665,0.0103228180171,0.0297029533698,0.0182638618764,0.0350543978637,0.0228203873397,0.0252969161008,0.0230616522131,0.0148599232205,0.0183078057014,0.0244342730814,0.0218269732485,0.0319012804023,0.0324903775491,-0.00253594664515,0.0333819597693,0.00460897076241,0.0386942332955,0.0432819422068,0.0222977634146,0.0329600771205,0.0384297285366,0.0183912125624,0.0517793908839,0.0315281245189,0.0378341024879,0.00846925257343,0.0176950323835,0.0139638153674,0.034175838558,0.00851534071162,0.0379615592532
1966,0.0491125750025,0.0204545948363,0.0299613178807,0.0390452569113,0.0253976085554,0.0164002222239,-0.00157720388857,0.0438409644321,0.0301872485253,0.0370691610628,0.0328162549652,0.0196479222123,0.0418030051493,0.0342385223463,0.035656273753,0.0392759114361,0.0246731743089,0.0416951244553,0.0132470904458,0.0498446620341,0.0206339525968,0.0297902674742,0.0353812239495,0.0420984792259,0.0252310677765,0.0260632874641,0.0235124587892,0.022403003262,0.0268565874144,0.027120229434,0.0303216787491,0.0388243562944,0.0103196587199,0.0471633103411,0.0217535440044,0.0478640315984,0.039439131226,0.0240597127849,0.0318440138534,0.0432033754015,0.0327134152478,0.0400033340479,0.0314044773507,0.0215963200474,0.038511121419,0.0293026580288,0.0367778389533,0.0407168722274,0.0606918507664,0.0281165328118,0.0499295086985,0.0455503004919,0.039989068773,0.0200666200875,0.0443844113253,0.0455963364792,0.040718995843,0.0333248328392,0.0294519809335,0.0216085101032,0.0370524576654,0.0265940389928,0.0275576052833,0.0349632520095,0.0328554185879,0.0211077351129,0.0340906017674,0.0201116323808,0.0331435570351,0.0108478260751,0.0304328495996,0.0187683924959,0.0357572029739,0.0235803456784,0.0261295885677,0.0239362855318,0.0155533402301,0.0187942441934,0.0252754594955,0.0226662517642,0.0329111741997,0.0334383525616,-0.00234431731011,0.0342122458481,0.00512283091263,0.0397964823517,0.0442526870332,0.0230272362661,0.0339031068781,0.0395700729353,0.0191036357687,0.0529618349547,0.0323331449083,0.0387839489659,0.00895794549881,0.0183659484682,0.0144240018624,0.035150866203,0.00895484207686,0.0389055542833
1967,0.0505310692588,0.0212910897334,0.0310678545163,0.0403664149126,0.026327769973,0.0170978989307,-0.00100916769035,0.0450804571806,0.0311019910097,0.0382054388608,0.0337161826015,0.0203114858888,0.0429661489071,0.0351602872737,0.0367072773414,0.0404644571014,0.0255610073025,0.0429015327453,0.0141489663692,0.0513822011616,0.0213164723438,0.0308405089778,0.0363574387212,0.0433534561832,0.0260937965878,0.026984009171,0.0241953296386,0.0231902089829,0.0277185194791,0.0280178312157,0.0313270994838,0.0396367837048,0.0108677403755,0.0485405247915,0.0227554473866,0.0491207459534,0.0404610154224,0.0247288902595,0.0326554065878,0.0445100634034,0.0338508122435,0.0410655848207,0.0322591916848,0.0223361618734,0.0397389379099,0.0302991102106,0.0379942474366,0.0419084653657,0.0622584550018,0.0291159192811,0.0513953690947,0.0468617307533,0.0410775558559,0.0207441089603,0.0455840458465,0.0469039186117,0.0418626246762,0.0341922666621,0.0304044270935,0.0224479112238,0.0380445270357,0.027430655399,0.0281677283924,0.0358152648822,0.033794902668,0.0217349617187,0.0351723518642,0.0208731169873,0.0341180082495,0.0114921298633,0.0312936145409,0.0194277344097,0.0366362071102,0.0244513973838,0.0271037664065,0.0249586629887,0.0163515093961,0.0194391700344,0.0262057506481,0.0235564818065,0.0340329151947,0.0344725000101,-0.00189866408603,0.0352072578953,0.00582753870417,0.0410047257996,0.0453383459504,0.0238421656424,0.0350176674469,0.0408093017282,0.0199745464463,0.0542721716685,0.0333250104843,0.0398821774028,0.00960052421998,0.0191436912638,0.0151014615672,0.0362387279558,0.00959725370073,0.0400066359735
1968,0.0519327510352,0.0221226764997,0.0321411117116,0.0416696853076,0.0272510376525,0.0177958379531,-0.000403333350646,0.046327319211,0.0320476596707,0.0392955183395,0.0346296604611,0.0209981733883,0.0440997403704,0.0360741552574,0.0377476177105,0.0416704686108,0.0264273684751,0.0441100546355,0.0150551517102,0.0529194794702,0.0219663509801,0.0318579708795,0.0373216636861,0.0446188872637,0.0269392585984,0.0278616242073,0.0248887954197,0.0239403303174,0.0285705804302,0.0289069554026,0.0323638667252,0.0404404674405,0.0114537635194,0.0499196867889,0.0237067128046,0.0503662329031,0.0414401574969,0.0253972433409,0.0334723821578,0.0457992552638,0.0349800799617,0.0421210918696,0.0330861002416,0.0230723003158,0.0409507970188,0.031292307715,0.0392067169343,0.0430903360408,0.0638082711072,0.0301093423883,0.0528388411027,0.048177347999,0.0421344517523,0.0214061729139,0.0467741409971,0.0481571088584,0.0429920451211,0.0350381070622,0.031367081052,0.0232633867012,0.0390392269148,0.0282438035062,0.0287930774301,0.036674933348,0.0347486217314,0.0223257988224,0.0362599182569,0.0216066911385,0.0350457937777,0.0121458112772,0.0321252740363,0.0200929181274,0.0375427438318,0.0253347029625,0.0280473485242,0.0259760327893,0.0171062718564,0.0200972424368,0.0271367945756,0.0243773677085,0.0351271535638,0.0355037526403,-0.00142683066629,0.0362000532216,0.00653076760086,0.0422436453071,0.0463836711818,0.024627133971,0.0361042045705,0.0420299320425,0.0208533330354,0.0555873773771,0.0343299254878,0.0409711666287,0.0102340186943,0.0198905840936,0.0158103037702,0.0373357456802,0.0102298718244,0.041093512967
1969,0.0534859631501,0.0231090663678,0.033320547724,0.0431177153708,0.0283352342841,0.0186401324443,0.000342783698007,0.0477206119443,0.0331509664161,0.0405322463866,0.0356951121224,0.0218094111838,0.0453914530021,0.037179146252,0.0389149987765,0.0430320132712,0.0274163649637,0.0454786459135,0.0160984442788,0.05456171322,0.0227822451769,0.0330027706219,0.0384284200877,0.0460334109246,0.0279499840551,0.0288535062345,0.0257424665182,0.024844071343,0.0295204884744,0.029913204297,0.0334903486426,0.0413903235636,0.0121851652806,0.0514354466902,0.0247755629149,0.051744247291,0.0426050346732,0.0262234884878,0.034452495794,0.0472592748503,0.0362926246051,0.043313621176,0.0340453791381,0.0239546719216,0.0423251772451,0.0324435933953,0.0405752266442,0.0443695156163,0.0655151339672,0.031279326726,0.0544462705454,0.0496426212341,0.0433579120877,0.0222011191822,0.0480975904171,0.0495780496432,0.0442595921945,0.0360315850515,0.0324902692157,0.0242565237061,0.0402241121506,0.0291802784069,0.0295591683953,0.0376662469262,0.0358447397106,0.0230368721344,0.037466439584,0.0224658997476,0.0361079360993,0.0129223181428,0.0330917721593,0.0209058494998,0.0385911083357,0.0263493108316,0.0291172904645,0.0271521079709,0.0179822434195,0.0208974932633,0.0281912211164,0.0253253954927,0.0363726697942,0.0366602318774,-0.000832943810048,0.0373283365093,0.00741747744195,0.0436055742045,0.0475618010271,0.0255283895084,0.0373516257138,0.0433813204039,0.0218523575699,0.0570607285323,0.0354888978976,0.0422227079313,0.0110260757333,0.0207614658813,0.0166966555255,0.0385623352992,0.0110428561001,0.0423273349744
1970,0.0551052484531,0.0241507387965,0.0345374088847,0.0446311495517,0.0294723085316,0.0195327827628,0.00113804250596,0.0491706865103,0.0343187100165,0.041815444812,0.0368085099895,0.0226486360302,0.0467410540389,0.038366276526,0.0401184230957,0.0444533843837,0.0284369473039,0.0469043763876,0.0171853092317,0.0562552957441,0.0236611182937,0.0342025061386,0.0395822960852,0.0475237306703,0.0290221893409,0.0298705334548,0.0266468429385,0.0257929319422,0.0304979518202,0.0309405723027,0.0346502222119,0.0423634996722,0.0129501995562,0.053015757593,0.0258817431558,0.0531654599536,0.0438327922694,0.0270859424586,0.0354822281409,0.0487960713029,0.0376775058876,0.0445502258379,0.035037401004,0.0248790442485,0.0437736590437,0.0336586233902,0.0420031868848,0.0456831812492,0.0672855116096,0.0325179228928,0.0561226777185,0.0511737678068,0.0446411791825,0.0230361010654,0.0494700282397,0.0510554632043,0.0455843731899,0.0370775750245,0.0336751717506,0.0253146075654,0.0414796397732,0.0301538133363,0.0303602185342,0.0386943110351,0.0369908633807,0.0237649609169,0.0387298102084,0.0233623119429,0.0371975575828,0.013732460409,0.0340994134766,0.0217702973325,0.0396826402645,0.0274047389883,0.0302196905946,0.0283999713117,0.018882522441,0.0217398047677,0.0292896463969,0.0262976129752,0.0376857752058,0.0378626551123,-0.000227371674378,0.0384908846294,0.00837933213654,0.0450211310282,0.0487929591695,0.0264672953842,0.0386567075481,0.0447840129586,0.0228758387648,0.0586031635084,0.0367028556293,0.0435325582297,0.0118807445795,0.0216644114498,0.0176421172208,0.0398357025455,0.0119132993149,0.0436224470611
1971,0.0566492157322,0.0250844149299,0.0356774493316,0.04607678811,0.0304934504398,0.0203259622608,0.00184220839428,0.0505189563606,0.0354018688199,0.042987926798,0.0378147713006,0.0233732352645,0.047986020998,0.0394561316598,0.0412194836844,0.0457792252111,0.0293483269648,0.0482234224936,0.0181567488439,0.0579020315753,0.0244462111948,0.0353469531894,0.0406355261804,0.0489626522406,0.0299933841854,0.0307734439834,0.0274337029193,0.0266208430659,0.0314025851588,0.0318392413932,0.0357513789251,0.0431901164422,0.01357772235,0.054533508376,0.0268978925653,0.0544833918849,0.0449324011312,0.0278065092176,0.036387535724,0.0502538840167,0.0389474457781,0.0456824060381,0.0359181921067,0.0256847883923,0.0451518829037,0.0347950570565,0.0433232467827,0.0469321538281,0.0689562834151,0.0336516339737,0.0577034319395,0.0526302038599,0.0458139835058,0.0237738736834,0.0507536059454,0.052407752967,0.0468396071469,0.0380304757935,0.0347658947576,0.0262541020494,0.0426052725467,0.0310372752477,0.0310387457594,0.039621195538,0.0380414540327,0.0243740357687,0.0399437610665,0.0241689670925,0.0381500588741,0.0144431123103,0.0350051079944,0.0225398615821,0.0406689335797,0.0283756699441,0.0312095672951,0.0295841198655,0.0196604747314,0.022473618663,0.0303079130603,0.0271382060617,0.0389321873117,0.038988581175,0.000235763409517,0.0395238183122,0.00923437733585,0.0463739359541,0.0499563973377,0.0273277700297,0.0398478194498,0.046108329153,0.0237672430119,0.0600736743044,0.03781472028,0.0447371333199,0.012644722429,0.0224649353598,0.0184623036527,0.041026830429,0.0126423125041,0.0448411546572
1972,0.0582139451943,0.0260067644195,0.036823776384,0.0475394956461,0.031490327806,0.0211039598206,0.00253482584375,0.0518526154939,0.0364760139772,0.0441632301247,0.0388044063377,0.024065483584,0.0492193215229,0.0405446040259,0.0423174045925,0.047092359712,0.0302574051871,0.0495435661403,0.0191024295155,0.0595653126993,0.0252269808691,0.0365198804269,0.0416845894782,0.050407722863,0.0309681075677,0.0316682610222,0.0281965159105,0.0274323984455,0.0323241715218,0.0327123667996,0.0368547150975,0.0439802379613,0.0141632953642,0.0560641040464,0.0279172989393,0.0557928386614,0.0460375681455,0.028493309989,0.0372756047119,0.0517282340654,0.0402105209918,0.0468103149383,0.0367897239406,0.0264790970402,0.0465432441848,0.035952180629,0.0446430105512,0.0481911471643,0.0706229024331,0.0347769310788,0.059280088037,0.0540840962498,0.0469858930738,0.0245041579472,0.052042233752,0.0537489372131,0.0481133490366,0.0389783226349,0.0358382327583,0.0271854233211,0.043722983361,0.0319098903125,0.0316832889772,0.0405317343669,0.0390782445132,0.0249857690637,0.0411755437712,0.0249785497896,0.0390827584879,0.015140596127,0.0359040170388,0.0232964786075,0.0416213076764,0.0293493936701,0.0321801046918,0.0307852644048,0.0204246814968,0.0231805749409,0.0313398019162,0.0279857328548,0.0401972654826,0.0401303403537,0.000682569300336,0.0405251611393,0.0100803503039,0.0477434445968,0.051130323406,0.0281976644849,0.0410289375452,0.0474481791825,0.0246239922937,0.0615619414143,0.0389041022628,0.0459390987892,0.0134074350907,0.0232632305037,0.0192512427632,0.0422225236307,0.0133403501137,0.0460565223739
1973,0.0599382189992,0.0270886480986,0.0380996134677,0.0491584380279,0.0326453505121,0.0220342167274,0.00335410563354,0.0533261724384,0.0376926537217,0.0455245514486,0.0399485285709,0.0248717841229,0.050623084659,0.041839000674,0.0435507916008,0.0485571773117,0.0313065546984,0.0510261133053,0.0201809622478,0.0613407917061,0.0262023437313,0.0378404374266,0.0428990783181,0.0519929284693,0.032133427287,0.0327097618799,0.0291119255008,0.0284100412248,0.0333560211103,0.0337147927631,0.0380477907483,0.0449318161249,0.014876316783,0.0577297017055,0.0290888043561,0.0572498611635,0.0473594637428,0.0293567290957,0.0383396364095,0.0533855595042,0.0416655176873,0.0480871031978,0.0378232178553,0.0274257372182,0.0481109318791,0.0372724924887,0.0461195837867,0.0495638521953,0.072445117616,0.0360755149386,0.0610306814502,0.0556837176862,0.0483488494392,0.0253800329986,0.0534642484626,0.0552856738504,0.0495400145754,0.0400839288617,0.0370606870224,0.0283092214682,0.0450270158778,0.0329227412164,0.0324670309509,0.0415791505678,0.0402522141166,0.0257597843914,0.0425281606391,0.025946210929,0.0401754069091,0.0159734674022,0.0369641422196,0.0242042960578,0.0426914004612,0.0304605560765,0.0332911297435,0.0321638571359,0.0213395808064,0.0240315395747,0.0324945812847,0.0289988762811,0.0416350213973,0.0413975495988,0.00128059160704,0.0416669245218,0.0111095357762,0.0492220291555,0.0524735594444,0.0292127872356,0.0423887485968,0.0489327538659,0.0255973937201,0.0632145859507,0.0401379541023,0.0473087097029,0.0143433227312,0.0242109797861,0.020206098191,0.0435471724008,0.0142207392475,0.0474199720411
1974,0.0616685325081,0.0281590552212,0.0393737470012,0.0507835584146,0.0337741705509,0.0229482844058,0.00415420197946,0.0547969616467,0.0388997887905,0.0468896120555,0.0410741980429,0.0256383526331,0.0520109803075,0.0431496640256,0.0447559771598,0.0500168688173,0.0323364167588,0.0525025544449,0.021244353701,0.0631232164324,0.0271830209989,0.039172039852,0.0441168122015,0.0535853428459,0.0333096568377,0.0337400742392,0.0299917163666,0.0293537532816,0.0343621869705,0.0346838288406,0.0392489365645,0.0458384241227,0.0155476233963,0.0593997921752,0.0302642327061,0.0587010151995,0.0486776159711,0.030200314992,0.0393908511164,0.0550560902744,0.0431258696035,0.049353789185,0.0388425569512,0.0283484397445,0.0496969122974,0.0385847856997,0.0475872848296,0.0509320226876,0.0742473652354,0.0373607630956,0.0627877373647,0.05727715516,0.0497120892192,0.0262311054712,0.0548655148751,0.0568139639044,0.0509755283329,0.0411714229216,0.0382635442091,0.0294288885397,0.0463180431907,0.0339205675581,0.0332227245431,0.042602842196,0.0414110057377,0.0265099170233,0.0438925072106,0.0269134654939,0.041232555936,0.0167977463029,0.0380153571101,0.0251017250745,0.0437151894681,0.0315535782553,0.0343764139927,0.0335671558771,0.0222280392712,0.0248709088545,0.0336332792149,0.0299852212588,0.0430913536852,0.0426492928078,0.00184272684209,0.0427885931501,0.0121326140224,0.0506924809433,0.0538309671858,0.0302288069651,0.0437483885759,0.050415039462,0.0265348677511,0.0648734336199,0.0413474182277,0.0486615841515,0.0152879580685,0.0251461294418,0.0211446303382,0.0448556979787,0.0150812610845,0.0487723796098
1975,0.0632428413814,0.0290569843479,0.040517452976,0.0522607401745,0.0347037474143,0.0236984370013,0.0048370533356,0.0561128223669,0.0399645605135,0.0480694282102,0.0420469488388,0.0262685048619,0.0531978662105,0.044265943522,0.0458155713469,0.0513231585019,0.0332071379949,0.053807757943,0.0221485999822,0.0648171280984,0.0279623930097,0.0403649270489,0.0451871830909,0.0550348223299,0.03431280112,0.0346082241174,0.0306944114366,0.0300855326351,0.0352675835304,0.0355047783063,0.0403957191281,0.0465525827166,0.0160742675594,0.060944057637,0.0312782546202,0.0600044310424,0.0497752024447,0.0308688172878,0.0402739632067,0.0565481596447,0.0443917682048,0.0504752752044,0.0396998523904,0.0291034317992,0.0511154430592,0.0397394752124,0.0488928181156,0.0522024437056,0.0758634334938,0.0384494206127,0.0643521477255,0.0587163484509,0.0508814692327,0.0269230332341,0.0561203674217,0.0581094277719,0.0522640936799,0.0420813061859,0.039290263443,0.0303417559971,0.0473927460091,0.0347571368551,0.0338253587023,0.0434898297064,0.0424272816958,0.0271073171802,0.0451420712792,0.0277344759055,0.0420902765469,0.0175041924297,0.0388975978878,0.0258487392937,0.0445805668021,0.03252241596,0.0352840803167,0.0348218762647,0.0229408269255,0.0255647156565,0.0346481005997,0.0307775115195,0.0443875932402,0.0437684289293,0.00224154503772,0.0437466807313,0.0129597759131,0.0520721357143,0.0550287356724,0.0311097725939,0.0449126231591,0.0517627289819,0.0273273433064,0.0663839420043,0.0423869640385,0.0498329968274,0.0160669624788,0.025922923076,0.0219130005837,0.0460387233326,0.0157169172911,0.0499519240313
1976,0.0649064128662,0.0300475579017,0.0417433611429,0.0538266496335,0.0357199624915,0.0245467156133,0.00562348123594,0.0574955201328,0.0411237771562,0.0493519623757,0.0431349369901,0.0269954573652,0.0544777250569,0.0454851160917,0.0469803411062,0.052724110857,0.0341717340323,0.0552127199424,0.0231295208643,0.0665924946638,0.0288400600377,0.0416366965561,0.0463636412904,0.0565483946609,0.0354229248483,0.0355626985117,0.0315075665986,0.0309167234521,0.0362782146612,0.0364308380495,0.0416152348622,0.0473913703946,0.0167121752367,0.0625649931844,0.0323718950664,0.0614016718278,0.0509958863455,0.0316692772305,0.0412819791467,0.0581309341983,0.0457567573059,0.0516955203985,0.0406696316576,0.0299617315774,0.0526199150326,0.041005317576,0.0502944551597,0.0535579383412,0.0775682466186,0.0396349289667,0.0659933874829,0.0602379358905,0.0521549350211,0.0277159127795,0.0574642133198,0.059497864398,0.0536377543273,0.0430848898269,0.0404040654629,0.0313553101404,0.0485661866754,0.0356779159437,0.034531715276,0.0444847839528,0.0435353710246,0.0278326718347,0.0464537135244,0.0286578164967,0.0430564224619,0.0183138784239,0.0398763586533,0.0266961560897,0.0455360470178,0.0336090431691,0.0362797984785,0.0361723113757,0.0237547559859,0.0263551267352,0.0357536113589,0.0316769593082,0.0457707073898,0.0449758243708,0.00276543403501,0.0447953484248,0.0138838947034,0.0535437877098,0.0563146224648,0.0320815066945,0.0461666486346,0.0532066385019,0.0282106112744,0.0679956660216,0.0435209011278,0.0511104720518,0.0169360593509,0.026795765388,0.0227926541091,0.0473198875871,0.0164431775254,0.0512089242611
1977,0.0668202938058,0.0313034188888,0.0431895982964,0.0556432349765,0.037008833118,0.0256423151571,0.00664234060919,0.0591188876719,0.0425371600775,0.0508944695496,0.0444788426257,0.0279404484486,0.056047481341,0.0470166169969,0.0483884591491,0.0543900866175,0.0353676293599,0.0568808209322,0.0243645057757,0.0685715694331,0.0299953722047,0.0431144014721,0.047786499444,0.0583005044243,0.036805812959,0.0367453122009,0.0325973710705,0.0320380221708,0.0374735071153,0.0376026684602,0.0429914105236,0.0485026502517,0.017611982099,0.0644171623143,0.0336966767728,0.0630482112807,0.0525347426514,0.0327448727935,0.0425637520502,0.059986063421,0.0474292340368,0.0531521686976,0.0418932010187,0.0310641612557,0.0543896710596,0.0425276719717,0.0519693452334,0.055098193994,0.0795562350713,0.0411194346834,0.0679238775588,0.0620079947117,0.0537180765159,0.0287455704967,0.0590411909768,0.0611971505678,0.0552276837672,0.0443469106044,0.041786914741,0.0326717583799,0.0500413266229,0.0368206916572,0.0354781864871,0.0457100257803,0.0448748027098,0.0287796587679,0.0479417097794,0.0298050391221,0.0443060433446,0.0193304422934,0.0411010226231,0.0277926717685,0.0467328774852,0.034921389554,0.037530531741,0.0377772289411,0.0248235577194,0.027379409346,0.0370654963607,0.0328286295969,0.0474003217169,0.0463878188574,0.00353453198964,0.0460971941511,0.0151125048397,0.0552174744483,0.0578286174687,0.0332578675533,0.0477117635742,0.0548915322265,0.0293369396531,0.0698543084938,0.0449244466456,0.0526668412856,0.0180636457178,0.0279016573261,0.0239699541283,0.0488197350029,0.0174738800574,0.0527199234684
1978,0.0688695056012,0.0327144898113,0.0447589912392,0.0576051773858,0.0384502506441,0.026874780907,0.0078293183425,0.0608877998093,0.0441254483587,0.0525378964306,0.0459732051815,0.029026568203,0.0577808100879,0.0487204974252,0.0499440928287,0.0562256095712,0.0366839447317,0.058690689444,0.0257619233824,0.0706929922647,0.0312746090016,0.0446810764754,0.04933206703,0.0602123323371,0.0383188012794,0.0380282168262,0.0338673596242,0.0333181355461,0.0387801811726,0.0389250013981,0.0444802214502,0.0497545649979,0.0186990628076,0.0664222800713,0.0351204924274,0.0648398952197,0.0542209429196,0.0339554513353,0.0439933820034,0.0619809176802,0.0492738188249,0.0547373230626,0.0432425538886,0.0322947936104,0.0562966560231,0.0441984046247,0.0538133413626,0.0567453191451,0.0817224017764,0.0427823467868,0.0700164546261,0.0639349465364,0.055423890783,0.0299066079479,0.0607614144443,0.0630440047508,0.0569164053737,0.0457528648038,0.0433425478428,0.034147094021,0.0516840601492,0.0380690263066,0.0365650670401,0.0470714097815,0.0463541110158,0.0298081151139,0.0495228160623,0.0310473005624,0.0457050754159,0.0204561036057,0.0424433725796,0.029036543178,0.0481015332681,0.0363695528174,0.0389208291708,0.039513069769,0.0260228007155,0.0285304075122,0.0385013658965,0.0340766310415,0.0491452511771,0.047915763124,0.00442353763047,0.0475448853893,0.0165282504172,0.057040853641,0.05943137631,0.0345197027957,0.0494115775596,0.0567186704408,0.030628908559,0.071851722841,0.0465063928446,0.0543833561525,0.0193265678719,0.0291158908497,0.025343700865,0.0504567030827,0.0186683531577,0.0543820133538
1979,0.0710159710774,0.0342559242037,0.0464126867595,0.0596744017451,0.0400149645734,0.0282290581037,0.00918079988244,0.0627734050727,0.0458751159833,0.0542535094973,0.047613052428,0.0302540751145,0.0596387238909,0.0505650072022,0.0516211401811,0.0582105841367,0.038088755779,0.0606134627756,0.027289049913,0.0729224685737,0.0326500585538,0.0463020621843,0.0509911116343,0.0622463177699,0.0399389430387,0.0393808188909,0.0353056786298,0.0347194120758,0.0401833284829,0.0403806188264,0.0460737627471,0.0511353842367,0.0199753179372,0.0685468164029,0.036603842964,0.0667490765749,0.0560227979767,0.0353078876357,0.0455674865192,0.0640772890532,0.0512570109119,0.0564355827605,0.0446988624598,0.033639739821,0.0583016723098,0.0459890076704,0.0557959871585,0.0584793979271,0.0840233966884,0.0445899618717,0.0722209748407,0.0659921499022,0.0572416140615,0.0311820760552,0.0625972620736,0.0649896521547,0.0586765969658,0.0472768678568,0.0450468044189,0.0357476358239,0.0534605584098,0.0393987771879,0.0377954116646,0.0485677885577,0.0479661811626,0.030915225916,0.0511704845582,0.0323676167589,0.0472135458925,0.0216961842167,0.0438783824969,0.0304174370742,0.0496347891797,0.0379468550378,0.0404119945294,0.0413498169471,0.0273240336377,0.0298079991796,0.0400366095374,0.0353850231703,0.0509726690454,0.049532141951,0.00542000535009,0.0491180859228,0.0180996940928,0.0589948436344,0.0610937897058,0.0358462208597,0.0512252477974,0.0586546299315,0.0320663355991,0.0739654775181,0.0482432687688,0.0562287878303,0.0207020716264,0.0304111547766,0.0269032427791,0.0522148441427,0.0199955166252,0.0561566004159
1980,0.0731830995012,0.0358290272117,0.0480781938125,0.0617730292126,0.0415995988487,0.029617032732,0.0105924261739,0.0646809600884,0.0476839178691,0.0559706225944,0.0492984166322,0.0315169962249,0.0615227631508,0.0524569748708,0.0533160003528,0.0602419488858,0.0394978169323,0.0625526871944,0.0288359647655,0.0751837587664,0.0340512282869,0.0479327160383,0.0526840262354,0.0643239557488,0.0415875274903,0.0407275423322,0.0367960332178,0.0361352613087,0.0416076632455,0.0418546499084,0.0477012284811,0.052535197281,0.0213033805568,0.0707071410186,0.0380863110023,0.0686817094806,0.0578450277141,0.0366985295706,0.047184724469,0.0661973018283,0.0532718700009,0.0581563623874,0.0461767939384,0.0350023503972,0.0603305754648,0.0478155501916,0.0578070344614,0.0602328083463,0.0863490257721,0.0464331239626,0.0744451264828,0.0680890916074,0.0590818009141,0.0324865775838,0.064456239812,0.0669404366953,0.0604504501414,0.0488322189102,0.0467971455328,0.0373724302883,0.0552579472479,0.0407402260044,0.0390682975584,0.0501061774648,0.0496186067433,0.0320284520684,0.0528317587998,0.0337040540904,0.0487221656398,0.0229714795169,0.0453293139727,0.0318460182547,0.0512188473645,0.0395653959787,0.0419085083968,0.0432204845594,0.0286341838619,0.0311228926785,0.0415896202409,0.036673231408,0.0528218382484,0.0511619917564,0.00642299539679,0.0507090460259,0.0197182165387,0.0609879066985,0.0627693462986,0.0371810551904,0.0530577546898,0.0606145692971,0.0335246160819,0.0761184366538,0.0500255739207,0.0581002643226,0.0221120626956,0.0317112298964,0.0285242623325,0.0540057771138,0.0213424150051,0.0579599775314
1981,0.0753397553212,0.037387738076,0.0497282102751,0.0638698140496,0.0431589321371,0.0310005135917,0.0120163542057,0.0665644776995,0.0495013543916,0.0576637935527,0.0509859166003,0.0327679302442,0.0633917858089,0.0543541683107,0.0549918431571,0.0622664219692,0.0408829531601,0.0644662138463,0.0303466711842,0.077443897485,0.0354509074084,0.0495618665258,0.0543763814423,0.0664074042329,0.0432348492303,0.0420425369212,0.0382874963909,0.0375240563116,0.0430355369633,0.0433009676073,0.0493282659137,0.0539145837737,0.0226165629048,0.0728668409277,0.0395462909333,0.0705974186071,0.059653472645,0.0380823081046,0.0488005475301,0.0683055619682,0.0552657029004,0.0598636243988,0.0476495720205,0.0363424350834,0.0623470521441,0.0496495688556,0.0597958970362,0.0619811105686,0.0886484686991,0.0482601069115,0.0766449469548,0.0701796628762,0.0609108403297,0.0337892789624,0.0663047994619,0.0688591743193,0.0622138824484,0.0503861143157,0.0485454625066,0.0389767713589,0.0570268756137,0.0420675054115,0.0403369305269,0.0516491090904,0.0512688831959,0.0331319556169,0.0544818897528,0.035037198532,0.0501933702357,0.0242474897935,0.0467682128628,0.0332853209173,0.0528006066395,0.0411921159665,0.043373390404,0.0450947907394,0.0299195181039,0.0324336419196,0.0431331686303,0.037919836322,0.0546661800194,0.0527804779606,0.00739965820864,0.0522667401872,0.0213328921521,0.0629840084504,0.0644444427409,0.0385061050859,0.0548684165556,0.0625667845297,0.0349483563433,0.0782782689538,0.051801864449,0.0599533496103,0.0235224850797,0.0329898914038,0.0301442181561,0.0557944745467,0.0226566635742,0.0597582606096
1982,0.0773076122589,0.0387591379941,0.0512160243151,0.0657928254512,0.0445115756482,0.0322289646172,0.0133153008584,0.0682677764277,0.0511654037001,0.0591778770949,0.052531899715,0.0338798477137,0.065048366732,0.0560642316189,0.0564883886728,0.0641183962899,0.0420852438477,0.0661766272737,0.031653991956,0.0795677768998,0.0366772588774,0.0510436580094,0.0559337183723,0.0683277954156,0.0447227899303,0.0431850053289,0.0396025649114,0.0386816679691,0.0443392856748,0.0445721084031,0.0508736965668,0.0551203682492,0.0237664490796,0.07486689445,0.0408350280112,0.0723442520501,0.0612439338056,0.0393287778199,0.0502660310202,0.0702133730894,0.0570426455326,0.0614170268296,0.0489747799489,0.037503797162,0.0641745586485,0.0513077002618,0.0615784558032,0.0636103977333,0.0907135605044,0.049864802347,0.0786219259701,0.0720938792199,0.0625489071444,0.034937940024,0.0679770197293,0.0705355282659,0.06381670186,0.05176505805,0.0501130756638,0.0403638573272,0.0585529790619,0.0432396039529,0.0414715692516,0.0530694245116,0.0527774719769,0.0341054571589,0.0559901656124,0.0362411768448,0.0514403517343,0.0254237524337,0.0480442544451,0.0345923473805,0.0542228444374,0.0426898109526,0.0446368162629,0.0468159255268,0.0310153998727,0.0336206993314,0.0445187229147,0.0389517885968,0.0563421868073,0.0542334486754,0.0082067400473,0.0536406195802,0.0227396667946,0.0648416274962,0.065980989304,0.0396983772346,0.0564685996113,0.0643505668765,0.0361874476213,0.0802788164067,0.0533957452329,0.0615990868028,0.0247752450266,0.0341008028053,0.031594210136,0.0574364619879,0.0237386861834,0.0613721775703
1983,0.0789043917441,0.0397434528235,0.0523982530449,0.0673578517127,0.0454370574374,0.0331101127336,0.0143340217047,0.069607685788,0.0524898979019,0.0603140434612,0.0537542713276,0.0347064475662,0.0662618121888,0.0573252298549,0.0576515890101,0.0656116629587,0.04293859577,0.0675000668432,0.0325898760701,0.0814445199983,0.0374835974556,0.0522085128283,0.0571825172794,0.0698849017884,0.0458315174122,0.0439926259509,0.0405340376319,0.03938286155,0.0454091242747,0.0455195620779,0.0522585602106,0.0559499400784,0.024596847318,0.0765406595998,0.0417826254842,0.0737526674337,0.0623594828076,0.0402466621951,0.0513830001379,0.0717035399267,0.0583714125115,0.0626528375651,0.0499631108351,0.0383122436608,0.0656091164319,0.0525940134825,0.062977900812,0.0650094606926,0.0923440012089,0.0510197203605,0.0801495485072,0.073646283706,0.0637644741395,0.0357485346256,0.0693082327312,0.0717160831467,0.0650900659102,0.0527576439383,0.0512835348001,0.0412950148449,0.0595915334947,0.0440809414993,0.0423014394056,0.0542062263214,0.0539762376983,0.0347910719107,0.0572201094866,0.0371457514149,0.0522650897085,0.0263648401432,0.0489652444324,0.0355736775182,0.0553048792254,0.0439117153413,0.045517502608,0.0481845494664,0.0317432947995,0.0345149648859,0.0456092029209,0.0395964970343,0.0576535927935,0.0553767279684,0.00868140024242,0.0546626489114,0.0236881545693,0.0664497233807,0.0671852581236,0.0406078592077,0.0576311847108,0.0658083080721,0.0370948091879,0.0819299644018,0.0546046132234,0.0628351074019,0.0256563632141,0.0348780538329,0.0326605967374,0.058786362599,0.0243383802904,0.0625894997796
1984,0.080593892387,0.0407914409327,0.0536693632224,0.0690008771685,0.0464112803894,0.0340544516054,0.0154020866175,0.070993500351,0.0538558856036,0.0615740241629,0.0550519043406,0.0355805842032,0.0675393451059,0.0586470880177,0.0588961456874,0.0671582756927,0.0438929824907,0.0689202666202,0.0335762515191,0.0833885561166,0.038364420597,0.053471623324,0.0585298583651,0.0714602246149,0.0470353926214,0.0449056117133,0.0415201945961,0.0401562628465,0.0465756996712,0.0465461196031,0.0536936361346,0.0568659331611,0.0254743303714,0.0782655732907,0.0428381873707,0.0752389999079,0.0635972483538,0.0412692391688,0.0525953572807,0.0732742599232,0.0597747266372,0.0639747884964,0.05104941187,0.0392083985193,0.0671170111056,0.053974572413,0.0644587076186,0.0664869915408,0.094034237204,0.0522347143424,0.0817405038205,0.0752398531648,0.0650727584822,0.0366309425711,0.0707108027722,0.0729907180389,0.0664590759927,0.0538133299671,0.0524851091782,0.0423055536272,0.0607086281576,0.044995792528,0.0431955622832,0.0554138149325,0.055232568528,0.0356163935895,0.0585109865613,0.0381555102419,0.0531924419269,0.027392334394,0.0499724718367,0.0366173583399,0.0564073909207,0.0452212854631,0.0464758646486,0.0496313021586,0.032569224048,0.035474917889,0.0467830882385,0.0403984349303,0.0590520796798,0.0566063797069,0.00927515802079,0.0557541951102,0.024683764222,0.0681216356075,0.0684812161763,0.0416191474372,0.058872959059,0.0673561465694,0.0380550138301,0.0836636950152,0.0558540969183,0.064150764072,0.0266022806457,0.0357577719801,0.0337769017893,0.0602097867883,0.0249982181235,0.0638510060999
1985,0.0826697856355,0.0422356399849,0.0552823997429,0.0710237078746,0.047805939162,0.0353842683058,0.0167635979027,0.072736256166,0.0555615084716,0.0633000141507,0.0567248749146,0.0367418470983,0.0692690253377,0.0604681208564,0.0604772110871,0.0690725617433,0.045225473685,0.0707451161615,0.0349143918402,0.0855973369188,0.039739545234,0.0551002019667,0.0602673742028,0.073384522586,0.0487024227487,0.0462077416478,0.0428916922894,0.0413761126755,0.0480051580894,0.0479090823674,0.0553151472766,0.0582132896835,0.0266552164714,0.0803103572016,0.0443045233226,0.0770954496685,0.0653716609976,0.0427242095986,0.0542333327198,0.0752822376257,0.0616452726687,0.0656504266961,0.0525502772146,0.0404770147562,0.0690482438464,0.055749541721,0.0663130415215,0.0682303874466,0.0961183958249,0.0538869363857,0.0837911392767,0.0771821385621,0.0668573902784,0.0378810184693,0.0724425350354,0.0747961060054,0.0681975493376,0.0552725304086,0.0540729530238,0.0437935400081,0.062299247501,0.0462874770792,0.0444378606715,0.056952399734,0.0568183987695,0.0368302191802,0.06008328077,0.0395597347784,0.0545656037709,0.0287330414697,0.0513926071705,0.0380388798777,0.057817075954,0.0468517278464,0.047833252138,0.0514954452029,0.0337969101009,0.0367876264592,0.0482522845052,0.041639189516,0.0608633253417,0.0581452655001,0.0102626162622,0.057213789874,0.0261341430951,0.0700314043916,0.0702048307365,0.0429844126334,0.060584945827,0.0692511650512,0.0393236425526,0.0857791773564,0.0574826714266,0.0658814642889,0.0279682462931,0.0370247326163,0.0352978278152,0.0619375259656,0.0261443927374,0.065510558343
1986,0.0848788135821,0.0438363814754,0.0570202801982,0.0731917466807,0.0493707498352,0.0368777605681,0.0182644514504,0.0746239279593,0.0574266363351,0.065177572585,0.0585587765292,0.0380257848673,0.0711805392826,0.0625115465767,0.0621789057764,0.0711475777525,0.0466879562626,0.0727152403979,0.0363945376557,0.0879184452515,0.0413223074753,0.0568508737012,0.06215548253,0.0754784654266,0.0505550267557,0.0476338316365,0.0444301062114,0.0427598259322,0.0495220442207,0.0494001930854,0.0570216007498,0.0597304451212,0.0279696301594,0.0824873500008,0.0459111442028,0.079096087336,0.0673340267652,0.0443516237482,0.0560457131599,0.0774514556796,0.0636989808331,0.0674515520411,0.0542119064866,0.0418730081214,0.0711436914841,0.057674287746,0.0682989666908,0.0700701503178,0.0983467948177,0.0557152705628,0.0860280602466,0.0792712724517,0.0688218767854,0.0392756125062,0.0742911236892,0.0767937855497,0.0700632920456,0.0568949901314,0.0558386053372,0.0454601704636,0.0640682268216,0.0477257483105,0.0458294119015,0.0586317995349,0.0585423750833,0.0381582970877,0.0617587008577,0.0411107956243,0.0560925196086,0.0301981509098,0.0529689182853,0.0396327839293,0.0593718756569,0.0486115695926,0.0493417561423,0.0535353731654,0.0351630342091,0.0382517627714,0.0498197008114,0.042984172364,0.0628267782094,0.0597851395358,0.0113827207845,0.0588156879447,0.0277812442193,0.0720366993676,0.0720949892246,0.0444675666588,0.0624814452969,0.0712692637721,0.0407156521855,0.0880464697989,0.0592852086298,0.0677662788626,0.0295108953932,0.0384237568042,0.0370058220402,0.063781394469,0.0274844729914,0.0673443233545
1987,0.0871685329877,0.0455400729665,0.0588274989073,0.0754454963584,0.0510362176509,0.0384804625128,0.0198817216734,0.0766008493188,0.0594110641526,0.0671319620138,0.0605120409766,0.0394079631867,0.0731955007907,0.0646933613709,0.063961430797,0.073334913681,0.0482276098845,0.074781419653,0.0379670518827,0.0903183172622,0.0430248128437,0.058664517682,0.0641467097949,0.0776773844596,0.0525211682984,0.0491206329442,0.0460920154644,0.0442343898565,0.0511102783038,0.0509831841148,0.0588011471241,0.0613563047836,0.0294000604394,0.0847493138911,0.0475826010655,0.0811880016761,0.0694062532382,0.0461035191059,0.0579865865543,0.0797139813848,0.0658654426722,0.0693372731244,0.055970648696,0.0433582714015,0.0733310532593,0.0597027615529,0.0703763089335,0.0719750503752,0.10066312127,0.0576545514238,0.0883645915558,0.0814578698145,0.0708885963424,0.0407653140937,0.0762179572399,0.0788845436683,0.0720066653795,0.0586176064464,0.0577217572627,0.0472311485638,0.0659506080136,0.0492463625148,0.0473336788565,0.0604170137081,0.0603686443793,0.0395598054932,0.0634993101258,0.04274865678,0.0577018598319,0.0317601236069,0.0546343841408,0.0413474235948,0.0610374559959,0.0504744019623,0.0509324417749,0.0556821335022,0.0366082945364,0.0398224869293,0.0514592823687,0.0443764271705,0.0648761608931,0.0614954533939,0.0125932583765,0.0605118633298,0.0295556097101,0.0741286020795,0.074072002459,0.046016181174,0.0644801400489,0.0733650351259,0.0421984593496,0.090419512452,0.0612076394597,0.06975024332,0.0311627789772,0.039895320531,0.0388503290411,0.0657147799254,0.0289387402244,0.069278805659
1988,0.0896105685557,0.0474205538862,0.0607627909579,0.0778538080675,0.0528738456961,0.0402515199601,0.0216885184367,0.0787352909971,0.0615917400811,0.0692147446768,0.0626506440165,0.0409581723426,0.0753891737972,0.067080641979,0.0659041027245,0.0757105737099,0.0499026663782,0.077015249541,0.0397085867554,0.092859353013,0.0448941493314,0.0605881652161,0.0663012016696,0.0800421951977,0.0546555609494,0.0507225005333,0.0479604696442,0.0458842242352,0.0528322737795,0.0527377791132,0.0607021819658,0.0631526989055,0.0310419606885,0.0871674208028,0.0493680350717,0.0834380159146,0.0716661972528,0.0480413797079,0.0601203001695,0.0821376037196,0.0682263634408,0.0713742073569,0.0578842319175,0.0450012902586,0.0756727171208,0.0619047340866,0.0726369062989,0.0739984801325,0.103160098683,0.0597932394582,0.0908720324442,0.0838145120505,0.0731265038186,0.0424125744287,0.078301895167,0.0811398810896,0.0740757404088,0.0605103102416,0.0597978267953,0.0491847805478,0.0680273766978,0.0508963067524,0.049016146001,0.062372241074,0.062364978468,0.041086143719,0.0653466525689,0.0445154787924,0.0594714994222,0.0334696944064,0.0564419099388,0.0432453899556,0.0628941000057,0.0525034491664,0.0526725045547,0.0579859973665,0.0382044667538,0.0415568947752,0.0532375137626,0.0458891633465,0.0670680667012,0.063337780731,0.0139583291795,0.0623742669958,0.0315392074762,0.0763797114197,0.076168018715,0.0476744577727,0.0666514330912,0.0756132769007,0.0438547818049,0.0929602545663,0.0633262749289,0.0719124175762,0.0329811392231,0.041495980679,0.0409161615663,0.0678050548331,0.0305845722137,0.0713774394377
1989,0.0922115436619,0.049493572473,0.0628380737594,0.0804305667736,0.054895670517,0.0421992701591,0.0237143594204,0.0810365769037,0.0639930281886,0.0714069291634,0.0649843305678,0.0427008413679,0.0777780612014,0.0696719608048,0.0680313715687,0.0782934617479,0.0517175904869,0.0794166581955,0.0416400899682,0.0955694525936,0.0469153369651,0.0626122403283,0.0686137218137,0.0825944808104,0.0569441856269,0.052433523363,0.0500666030008,0.0477302300029,0.0547107109178,0.0546864586366,0.0627365604069,0.0651265252253,0.0329328729091,0.0897639384282,0.051257869402,0.0858569710099,0.0741050398267,0.0501552873499,0.0624475499088,0.0847221659689,0.0707869588329,0.0735670704291,0.0599498513039,0.0468089542457,0.078166604561,0.0642922935099,0.0751036822111,0.0761542638505,0.105873165743,0.0621511741073,0.0935575430527,0.0863663325847,0.0755305200713,0.0442322624965,0.0805677108665,0.0835572391578,0.0762611824519,0.0625878449131,0.0620917308962,0.0513236007873,0.0703015140907,0.0526750982931,0.0508880322048,0.0645108132652,0.064544437437,0.0427246311685,0.0672985282914,0.0463978975788,0.0614159454149,0.0353248053399,0.0583904742707,0.0453343024572,0.0649819261192,0.0547116523321,0.0545743197783,0.0604377034275,0.0399641498986,0.0434521895291,0.0551701821545,0.0475188887726,0.0693941116597,0.0653244178141,0.0154807547676,0.0644133125325,0.0337517039974,0.0788187009641,0.0783641592697,0.0494328487566,0.0689965274944,0.0780304845195,0.0457144405449,0.095673289476,0.0656701389659,0.0742696982238,0.0349617425146,0.0432235383042,0.0432247866114,0.0700721813619,0.0324270129511,0.0736568487621
1990,0.0948910412489,0.0516763638054,0.0649763438986,0.0830962257284,0.0570162702564,0.0442578975399,0.0258744186683,0.0834250662193,0.0665280506633,0.0736613530808,0.0674407467725,0.0445542002231,0.080272789127,0.0723980059572,0.0702412222035,0.080996172546,0.0535956462339,0.0818985594973,0.0436598695134,0.0983584412741,0.0490431478356,0.0646915239872,0.0710299406572,0.0852574159234,0.0593353978709,0.0541927119723,0.0523146750405,0.0496726458821,0.0566652698058,0.0567281821976,0.0648439204092,0.067202356456,0.0349618642512,0.0924539756272,0.0531974882624,0.0883636801651,0.0766505248556,0.0523886017619,0.064902768477,0.0873961481647,0.0734590007301,0.0758446290603,0.0621074342138,0.0487036806103,0.0807440807366,0.0667837560391,0.0776689391765,0.0783760084898,0.108685788168,0.0646264998509,0.0963332609415,0.0890286505453,0.0780323982392,0.04615458207,0.0829217528749,0.086056900177,0.0785118656032,0.0647751793661,0.0645157056666,0.053565009882,0.0726787284723,0.0545268505057,0.0528819445216,0.0667646972004,0.0668352423418,0.0444327517348,0.069303933595,0.0483553031757,0.0634337791271,0.0372779200837,0.0604222441846,0.0475497753678,0.0672060162621,0.0570245624772,0.0565467992887,0.0629837521271,0.0418052183787,0.0454530409035,0.0571727427944,0.0491898389163,0.0718002948342,0.0673768039764,0.0170847835237,0.0665411777465,0.0361025485747,0.0813460329171,0.0806295721804,0.0512476825572,0.0714346992135,0.0805289507628,0.0476668162137,0.0984914782451,0.0681437816051,0.0767269002769,0.0370492584086,0.0450133568257,0.045684344201,0.0724345544218,0.0343792237387,0.0760362929859
1991,0.0971997804612,0.0534865475901,0.0667997149909,0.0854182338918,0.0587326364322,0.0459834702848,0.027769866709,0.0854633999129,0.0687529733593,0.075507865112,0.0695728186967,0.0461227179334,0.0823524560551,0.0747155364997,0.0721016749363,0.0833594200374,0.0550983714633,0.0839735857495,0.0453157333013,0.100902002022,0.0507770075288,0.0664496620228,0.0731264307095,0.0876173432267,0.0613485284404,0.0555849773531,0.0542028507694,0.0511749792694,0.0583600041081,0.0584247050432,0.0667780768159,0.0688834211751,0.0366733821214,0.0948406144678,0.0547796349814,0.0905248856239,0.0787140670646,0.0542648218864,0.0669972221424,0.0896682498853,0.0756973708508,0.0777859500411,0.0639171526848,0.0502248207286,0.0829467338852,0.0689091157694,0.0798457219013,0.0803512802401,0.111082795315,0.0666794009732,0.0986860634967,0.091363222796,0.0801157458415,0.0477465292811,0.0849371030764,0.0880699153994,0.0804222024775,0.0666027647345,0.0665900521881,0.0553609088515,0.0745705183001,0.0560485525325,0.0545696236454,0.0687340841331,0.0688249685489,0.0457982916509,0.0710315763664,0.0499933458215,0.0650080883327,0.0389744348049,0.0620948884248,0.0494599240283,0.0691287269979,0.0590504037924,0.058132536037,0.065192327408,0.0432654223188,0.0471586598826,0.0588631112369,0.0504147414585,0.0738520696976,0.0691059874041,0.0183110463907,0.0683043704663,0.0380405738157,0.0836153243279,0.0825640306847,0.0527554846803,0.0734478275464,0.0826938763579,0.0492786353453,0.100969249456,0.0702676688719,0.0787765208057,0.0387869813456,0.0464467529607,0.0477869839216,0.074501272566,0.0358688254074,0.0780579239086
1992,0.0985714650754,0.0542966807703,0.0678445756679,0.0868347520113,0.0593689393147,0.0467690049517,0.0289058418542,0.0865925818707,0.0700884567162,0.0763177717546,0.0707934474167,0.0469219205696,0.0833128684293,0.0758357851623,0.0731070026644,0.0847910720341,0.0556899028592,0.0850422008637,0.0460629493095,0.102829484813,0.0513598972448,0.0673793634126,0.0743412041001,0.089095154285,0.0623050063234,0.0560911042906,0.055079740047,0.0515350530042,0.0594156949808,0.059266777594,0.0682690460112,0.0695178503973,0.0375395474041,0.0964220062602,0.0554676213015,0.0917997491691,0.0794981541108,0.055144235697,0.0680833052613,0.0908746550642,0.0767807636088,0.0788690262009,0.0647839235123,0.0508034272011,0.0841467729982,0.0700602978352,0.0810596068293,0.0817132117481,0.112431885677,0.0676012616184,0.0999264984115,0.0927956146628,0.0810723991826,0.0484329435525,0.0860978276986,0.0888193386757,0.0814602279523,0.0674263047374,0.0676590923412,0.0559751786303,0.0752151265812,0.0566891483244,0.0553918080403,0.0699001916415,0.0699807081519,0.0463006927285,0.0720559077065,0.0507697586624,0.0655014183649,0.0399601278731,0.0628076846823,0.0504649936643,0.0701875694284,0.0603002714203,0.0587543348077,0.0664494861921,0.0437638770486,0.0480264601418,0.0597982011227,0.0506240844047,0.0749457234823,0.0700490661155,0.0186014979841,0.0691477229289,0.0388088816328,0.0852473433505,0.0835743318463,0.053480872027,0.0743383688524,0.0840221687738,0.0500591909218,0.102515888042,0.0714116360432,0.0797757876095,0.0395232254097,0.0469904198465,0.0488651348131,0.0757993461439,0.036121625034,0.0790885908591
1993,0.0999915907549,0.0550676746961,0.0689440378142,0.0882688338402,0.05994831747,0.0475100591451,0.0299914001175,0.0876664058753,0.0713444963173,0.0771958152208,0.071980602601,0.0476827190836,0.0842341107267,0.0768404089589,0.0741566353581,0.0861639935825,0.0563511580274,0.0861435218758,0.0467719002799,0.104791132997,0.0518767025457,0.0683803780703,0.0755650731786,0.0904731938054,0.0632387175227,0.0566704552911,0.0558939438936,0.0518917914,0.0605776474762,0.0601258641191,0.0697591214603,0.0701438991406,0.0383381259807,0.0979830298219,0.0562248403982,0.0930747103784,0.0803090335347,0.0559999645813,0.0691450250929,0.0920792482921,0.0778117536669,0.079973571995,0.065665127907,0.0514101257349,0.0853308709251,0.0712519219838,0.0822902053836,0.0831340799643,0.113776244809,0.068469255324,0.101122264997,0.0941773603196,0.0820161838436,0.0491181880651,0.0872921267003,0.0895676049056,0.0825501670032,0.0682191074995,0.0686290208784,0.0565538263614,0.0758303453614,0.0573334923366,0.0561597982878,0.0710478156565,0.0710991667204,0.0469258474288,0.0731023179496,0.0515841373956,0.0660507377962,0.0409532144887,0.0635262472102,0.0514042608421,0.0711575739182,0.0615840150055,0.0593947306261,0.0676808748086,0.0443146333059,0.0488419244071,0.0608011125838,0.0510233038021,0.0760510442568,0.0710694412315,0.0189649439334,0.0699656795164,0.0394726554614,0.0869124322232,0.0845926692924,0.0542732685758,0.0751965792452,0.0854010250681,0.0508181029585,0.104070189211,0.0724763979763,0.0807791923787,0.040197175179,0.0475962889922,0.0498381554708,0.0771250762957,0.0362982893,0.0800595347373
1994,0.102310949431,0.0567828928408,0.0708296041946,0.0905827830855,0.0615494813142,0.0491603801722,0.0317822899826,0.0895999846699,0.0734031918469,0.0791540429078,0.074044774711,0.049166684823,0.0862197154949,0.0789744310788,0.0760290654245,0.0884051987483,0.0579087591699,0.0881928007004,0.048329363212,0.107357549822,0.0535171348879,0.0702145150123,0.0776858844768,0.0926585531331,0.0652288672473,0.0581745752929,0.0576364334829,0.0533322697203,0.0623756864181,0.0618091025581,0.0716827749501,0.0718112478314,0.039898783558,0.100297173418,0.0579229093241,0.0952159429554,0.0823680760408,0.0578543972163,0.0711964780992,0.0943002755586,0.0799353810529,0.0819196967718,0.0675030478356,0.0529223157082,0.0874843686887,0.0733579009182,0.0844226166435,0.0851869481669,0.116087196047,0.0703743537133,0.103385064381,0.0963958343875,0.0840648869198,0.0506831208137,0.0892953416827,0.091558232144,0.0844879075909,0.0699693483798,0.0705211846731,0.0582541519269,0.0775754713834,0.0588606574951,0.0577625113965,0.0729826667656,0.0730078137762,0.0484751322064,0.0748040480436,0.0532964416072,0.0676706525499,0.0426778765609,0.0652097977327,0.0532122236145,0.0729031571631,0.0636143341632,0.060982376075,0.0698470384942,0.0458337895994,0.0504828338375,0.0625177670583,0.052489166795,0.0780952070012,0.0728335867748,0.0202758609607,0.0716633398792,0.0412065056505,0.0891446812626,0.0865627420675,0.0558820398529,0.077142591054,0.0875945171417,0.0523491505233,0.106505788187,0.0744432259011,0.0827704294668,0.0418417561025,0.0491141820007,0.0517710587805,0.0791805266618,0.03764634056,0.0819576656037
1995,0.105020014803,0.0589806732559,0.0730492078627,0.0932978404131,0.0636841826153,0.0513020601662,0.0339594841986,0.0919953303889,0.0759026097108,0.0816160613003,0.0765750433284,0.0510422651101,0.088727978019,0.081742464546,0.0782535462559,0.0911083997472,0.0598661944452,0.0906845697813,0.0503115744137,0.110181249301,0.0557760437671,0.0724097068035,0.0802714650162,0.0952876419473,0.0677841060275,0.0600926595687,0.0598617350563,0.0552741050713,0.0644153884951,0.0638797734349,0.0738329284229,0.074013503703,0.0418673680054,0.102971159887,0.0600433658784,0.097775704488,0.0850238710761,0.0602521736472,0.0737852614431,0.0970120722138,0.0826195167825,0.0842654223702,0.0698100627145,0.0548672495749,0.0901120545401,0.075876454236,0.0869614315817,0.0875155593295,0.118831803664,0.072793489501,0.106183676971,0.0990420806969,0.0866638435233,0.0526832452724,0.0916554620306,0.0941432273788,0.0868188544941,0.0722013606628,0.0729170916861,0.0605110838904,0.07989723357,0.0608289050724,0.0598379687436,0.0753338101915,0.0753415704223,0.0504275020592,0.0768230214193,0.0554518566362,0.0697546937509,0.0447987536415,0.0673748229231,0.0555036883923,0.0750760127128,0.0659932243927,0.0630052782002,0.0725028804118,0.0477904087318,0.0525953378539,0.064527949195,0.0543504792087,0.0805914044239,0.0749039752351,0.0220219972125,0.0738057743478,0.0435164901282,0.091614529301,0.0890127953245,0.0578584225118,0.0796329471328,0.0901310388793,0.0542563375418,0.109381078135,0.0768890553406,0.0852195318733,0.0440259346816,0.0510444711578,0.0542476307066,0.0815711679611,0.0396271415322,0.084327560325
1996,0.107816274513,0.0613373557882,0.0753184481334,0.0961058483115,0.0659883549718,0.0536252729792,0.0362861651662,0.0945451844964,0.0785614977873,0.0842110757163,0.0792759442885,0.0530670137032,0.0913748432945,0.08475025756,0.0805448625064,0.0939682017355,0.061912690949,0.0932949943901,0.0524080738557,0.113047096318,0.0582685821875,0.074688336731,0.08303001425,0.0980628559872,0.0705488627864,0.0620967692022,0.0622513986929,0.0573341514416,0.0665028167759,0.0660485787149,0.0760616176795,0.0763883626179,0.0439823378548,0.105737119673,0.0622483505988,0.100444925461,0.0878608623589,0.0628643842384,0.0765879192606,0.0998681939804,0.0854808249264,0.0867264850851,0.0722512431769,0.0569494973136,0.0928714470807,0.0785077754571,0.089599853599,0.0899074135611,0.121670280038,0.0753610746348,0.109123883911,0.101826046297,0.0894291397601,0.054824044501,0.094102232501,0.0968737276299,0.0892661745562,0.0745874843505,0.0754869609044,0.0629329823799,0.0824064616524,0.0629276339349,0.0621106624962,0.0778407760837,0.0778384006389,0.0524914943826,0.0789404473563,0.0577476467945,0.0719147686209,0.0470852241802,0.0696870053829,0.0579803993493,0.0774064387341,0.0684792010147,0.0651146309227,0.0753235377643,0.0498504875719,0.0549010791973,0.0666012206921,0.0562562790002,0.0832225773005,0.0770415974535,0.0238867996573,0.0760796399594,0.0460258356119,0.0941388260478,0.0916120141304,0.0599265762048,0.0822732424206,0.0927297201213,0.0562604623094,0.112409199654,0.07948883664,0.0877860595146,0.0464209793735,0.0530695672025,0.0569300205966,0.0840590140467,0.0418265437475,0.086829248575
1997,0.110667461682,0.0638043605253,0.0776070859626,0.098971186742,0.0683957369046,0.0560739935416,0.0387308217927,0.0971877766151,0.0813321109984,0.086874524807,0.0820979657376,0.0552067253133,0.0941023325934,0.0879128506854,0.0828853216685,0.0969324238765,0.0640043223429,0.0959710864138,0.0545692544096,0.115945409778,0.0609104553921,0.0770128154004,0.0859123822625,0.100927629944,0.0734494319102,0.0641363467211,0.0647643321845,0.05946713282,0.068646310621,0.0682843719947,0.0783468913641,0.0788746086153,0.0462134584033,0.108563384332,0.0644815298325,0.10317732236,0.0908139918112,0.0656260851546,0.0795445808375,0.102812493172,0.0884496789475,0.0892653528652,0.0747715176723,0.0591307102582,0.0957019368392,0.0812200923957,0.0923106778981,0.0923476141126,0.12457523924,0.07802231957,0.112131278588,0.104708757702,0.0922939236805,0.0570688031246,0.0966187171452,0.0996723248593,0.0917843141923,0.0770815142291,0.0781737272627,0.0654549756514,0.0850289292529,0.0651013915579,0.0645303764182,0.0804655232916,0.0804558555759,0.0546359087679,0.0811158140884,0.06012885153,0.0741067705075,0.049497633472,0.0720898062457,0.06058509591,0.0798596997034,0.0710486733533,0.0672608833186,0.0782412872669,0.0519774216427,0.0573397243001,0.0687262232737,0.0581834088482,0.0859356716531,0.0792303664638,0.0258291809591,0.0784315428442,0.0486668676045,0.0967162186969,0.0942939653499,0.0620470462836,0.0849900793876,0.0953698196465,0.058328874425,0.115545843699,0.0821909447288,0.0904297092421,0.0489577987331,0.0551435969645,0.0597550797196,0.0866255237759,0.044160045169,0.0894043390193
1998,0.11359168258,0.0663947561501,0.0799442036272,0.101919848169,0.0709179334713,0.0586514035967,0.0413263913229,0.0999264764068,0.0842435622911,0.0895854523208,0.0850528797142,0.0574899673282,0.0969358547115,0.0912156948567,0.0853243516306,0.100023063844,0.0661518840122,0.0987197153853,0.0568209039298,0.118921705206,0.0636726865266,0.0793801690127,0.0889130337004,0.103899722592,0.0764614389511,0.0662131635052,0.067437080395,0.0617116684334,0.0708880422751,0.0706300897018,0.080705408391,0.0814805561681,0.0486134766929,0.11148308635,0.0667407558042,0.105991153933,0.0938770480033,0.0685250087133,0.0826458514454,0.105843095815,0.0915297186381,0.0918946143864,0.0773796008966,0.0614173114718,0.0986032740925,0.084034922049,0.0951315509061,0.0948614838836,0.127596237636,0.0808068088666,0.115214162306,0.107716194643,0.0952572804739,0.0594357613595,0.0992455506335,0.102542248581,0.0943601706396,0.0797046042578,0.0810047619078,0.0680818454162,0.087762027049,0.0673499345859,0.0671048625817,0.0832276890012,0.0832076973714,0.0568577427653,0.0833408488406,0.0625803297423,0.0763687731938,0.0520303665026,0.0745798166871,0.0633268077482,0.0824835202627,0.0737286903619,0.0694734601984,0.0812415234704,0.0541995833811,0.0599064322904,0.0709319102658,0.0601496209271,0.0887230146952,0.0814918891238,0.0278609903296,0.0808763205306,0.0514526125955,0.0993917475574,0.0970323017169,0.0642150678732,0.0877877358267,0.0980899656846,0.0605076885774,0.118793244914,0.0850287775038,0.0931762046567,0.0516213225899,0.0572742990335,0.0627456413316,0.089299717556,0.0466232298172,0.0920739431198
1999,0.116594035571,0.0691145105891,0.0823396371618,0.104959305531,0.0735577194125,0.0613576751404,0.0440815384362,0.102768329888,0.0873004193459,0.0923440244032,0.0881402391139,0.0599246002792,0.0998821515492,0.0946530596847,0.0878721712802,0.103243828947,0.0683625845886,0.101539939019,0.0591709346583,0.121985039107,0.0665429025404,0.0817925027529,0.0920318620594,0.106983464581,0.0795798143885,0.0683368821249,0.0702770430802,0.0640768598246,0.0732358367969,0.0730977500217,0.0831426174828,0.0842090429001,0.0511949800059,0.114506142594,0.0690321597381,0.108894531886,0.097050323704,0.0715536048645,0.0858887050862,0.108959346559,0.0947222103931,0.0946199848881,0.0800788368522,0.0638120090509,0.101572288457,0.0869540593999,0.0980733893669,0.0974584917468,0.13074659755,0.083718028605,0.118377354396,0.110853766275,0.0983211304794,0.0619301024994,0.101995114284,0.105488321956,0.0969902374012,0.0824624661601,0.0839861518857,0.0708157462477,0.0906062371464,0.0696732326266,0.0698361113763,0.0861308774771,0.0860973174573,0.0591609535335,0.0856136236795,0.0650989720408,0.0787135465403,0.0546823485994,0.0771598135992,0.0662064590504,0.0852896927902,0.0765183065334,0.0717605119423,0.0843166555275,0.056529114356,0.0625978166449,0.0732247015523,0.062170742591,0.0915812919117,0.0838306225713,0.0299878464342,0.0834198941563,0.0543874159967,0.102169946397,0.0998191171007,0.0664326438779,0.0906703975017,0.100899845745,0.0628100902122,0.122150557006,0.0880092437714,0.0960293129921,0.0544083018566,0.0594663443119,0.065907484823,0.092086761908,0.0492180804943,0.0948418191458
2000,0.119665298914,0.0719698064087,0.0847883540132,0.108082504107,0.0763198008463,0.064209996484,0.047001004908,0.105710541306,0.0905015239185,0.0951726541852,0.0913754036094,0.0625223074401,0.102941885475,0.0982384330138,0.0905222974019,0.106595645584,0.0706408943028,0.104429610113,0.0616115537983,0.125118838842,0.0695477399347,0.084251671847,0.0952907660728,0.110169549243,0.0828260378218,0.0705213262517,0.0732914952115,0.0665626252148,0.0756878836624,0.075687798698,0.085656749304,0.0870881810517,0.0539615941537,0.117618024956,0.0713661219985,0.111889919592,0.100348446789,0.0747457659715,0.089299623168,0.112161468424,0.0980290202894,0.0974483317493,0.0828861731275,0.066326985134,0.104609273225,0.0899746355228,0.101124574663,0.100140519422,0.134010440806,0.0867495470239,0.121615990738,0.114118587297,0.101496775931,0.0645647388456,0.104857811216,0.108518131259,0.0996805899491,0.0853617243921,0.0871194044721,0.0736635044776,0.0935611182165,0.0720869128567,0.0727480020729,0.0891907952147,0.0891334555422,0.0615793034891,0.0879321052647,0.0677089517712,0.0811427890883,0.0574784331853,0.0798494620918,0.0692370361524,0.0882809861177,0.0794251697851,0.0741210478701,0.0874769934047,0.0589762656003,0.0654356637939,0.0755959026382,0.0642550739663,0.0945163075917,0.0862391894792,0.0322305960581,0.0860675860797,0.0574730546643,0.105033009234,0.102678407106,0.0687167796263,0.0936413321575,0.103788456096,0.0652276431383,0.125622374032,0.0911322787879,0.0989877899054,0.0573351160325,0.0617322048895,0.0692502996503,0.0949846705392,0.0519575755397,0.0977034752906
2001,0.12277571435,0.0749142992617,0.0872615166572,0.111254908952,0.079153762172,0.0671666406805,0.0500230660593,0.108712163949,0.0937930341014,0.0980526855007,0.0947072026756,0.0652232620285,0.106070469466,0.10193455689,0.0932186968904,0.110030654091,0.0729498271305,0.107351686474,0.0640934935306,0.128286114443,0.0726649081958,0.0867447988757,0.0986599981932,0.113420380183,0.0861709970346,0.0727407878705,0.0764140241348,0.069115525821,0.0781964977173,0.0783410605259,0.0882134910822,0.0900605855746,0.0568368652512,0.120777463877,0.0737298726571,0.114935974558,0.10373305076,0.0780553899687,0.0928308592329,0.11542166797,0.101406959658,0.10033716922,0.0857627649964,0.0689152111863,0.107690653967,0.0930530456588,0.104233335541,0.102875028023,0.137332922177,0.0898507427249,0.124897989726,0.117466794461,0.104749060973,0.0672926259814,0.107783342138,0.11160047627,0.102414828261,0.0883585798595,0.0903514497916,0.0765828339719,0.0965775714468,0.074563842774,0.0757902151726,0.0923571552399,0.0922702713151,0.0640793380807,0.0902797817574,0.0703887002682,0.0836048675554,0.0603826735416,0.0826176356242,0.0723741612909,0.0913894279967,0.082401610088,0.0765130090644,0.0907012802109,0.0614990416806,0.0683805634894,0.0780011756608,0.0663715529125,0.0975114701999,0.0886790392106,0.0345395790542,0.0887727500091,0.0606558346856,0.107929417029,0.105601948304,0.0710483649112,0.0966657946999,0.106715494483,0.067694015613,0.12917540489,0.0943398204743,0.102000910519,0.0603715447928,0.0640422724329,0.0727096102923,0.097945537747,0.05479326827,0.100618918209
2002,0.125911325514,0.0779010880959,0.08974509393,0.114458217061,0.0820142339075,0.0701746864606,0.0530872166298,0.111740359782,0.0971229534825,0.100950547401,0.0980722775828,0.0679625669017,0.109233264788,0.105691055381,0.0959249022621,0.113499712289,0.0752617644077,0.110273316535,0.0665792791479,0.13147415268,0.0758482588099,0.0892648033291,0.102088695008,0.116713262866,0.089568579169,0.0749683968722,0.079579241801,0.0716953940852,0.0807341380487,0.0810086494572,0.0907803753064,0.0930533934961,0.0597424022737,0.12396567605,0.0761095007747,0.117996253746,0.107158871705,0.0814006787577,0.0964102712017,0.118716256453,0.104811463913,0.103244565119,0.0886639267706,0.0715251690947,0.1107932269,0.0961610940386,0.107365941945,0.105637911936,0.140686399738,0.0929798112435,0.128201758076,0.120861870096,0.108038715948,0.0700655737243,0.110745728679,0.114707348065,0.105172580259,0.0914130575889,0.0936345159624,0.0795296758221,0.09961344045,0.0770693494656,0.0788886907614,0.0955696203097,0.0954569926381,0.0666066200289,0.0926442820079,0.0730980527909,0.086065032209,0.0633354458558,0.0854225343294,0.0755641939415,0.0945534469503,0.0853994525265,0.0789075924503,0.0939578452934,0.0640584449149,0.0713701631882,0.0804179856057,0.0684983143319,0.100546014199,0.0911320094742,0.0368577176277,0.0914863166178,0.063886600317,0.110835591931,0.108561371055,0.0733981534642,0.0997127864931,0.109661130648,0.070161919607,0.132777224804,0.0975808279576,0.105026306345,0.0634739632214,0.0663641721612,0.0762118518016,0.100933672047,0.0576706110733,0.103561315891
2003,0.129031379204,0.0808766554833,0.0922024005543,0.117648965505,0.0848446346013,0.073185698895,0.0561292087825,0.114750031444,0.100430094717,0.103847218516,0.101419130113,0.0706746759992,0.112375878967,0.109464227491,0.0985812803789,0.116945248721,0.0775396302944,0.113152367901,0.069011715459,0.134633703029,0.0790681513203,0.0917947539807,0.105542400052,0.120001198261,0.0929900194945,0.0771774123053,0.0827154588149,0.0742381281516,0.0832509691553,0.0836275692972,0.093324394875,0.0960146926999,0.0625957240028,0.127133962508,0.0784844200033,0.12102691354,0.110587028947,0.0847383802327,0.0999894633284,0.122006530472,0.108192515519,0.106129462539,0.0915552105277,0.0741070955897,0.113882582842,0.0992512622519,0.11045989505,0.108390577137,0.143998167606,0.0960740442483,0.131483626904,0.124244980075,0.11132817035,0.0728330860608,0.113686042576,0.117798937834,0.107931318377,0.0944731259261,0.0969053182791,0.0824566740808,0.102615339491,0.0795704756037,0.0819879372208,0.098775644276,0.098641341704,0.0691375583484,0.094999919681,0.0758167123864,0.0884695097349,0.0663012928476,0.0882291042094,0.0787611515105,0.0976943739642,0.0883703711034,0.0812573103181,0.0972202973234,0.0666046885689,0.0743629679228,0.0827992908167,0.0706000259356,0.103593430241,0.0935545838263,0.039141761861,0.0941576433552,0.0671042358557,0.113692160932,0.111544691297,0.0757465977991,0.102741771917,0.11257856869,0.0725639709953,0.136386971974,0.100789493624,0.108008256734,0.0666065039128,0.0686667632258,0.0796912177204,0.103896871793,0.0605342851359,0.106483438707
2004,0.132135813771,0.0838199521523,0.0946324158206,0.120818263851,0.0876176518377,0.076173249288,0.0591079718141,0.117725882113,0.103681125804,0.106746549946,0.104717662421,0.0733194705921,0.115477741521,0.113230377743,0.101168974547,0.12034470571,0.07977725399,0.115988999363,0.0713789831923,0.137762725453,0.0823104204763,0.0943355127555,0.109009476392,0.123262284161,0.0964208829291,0.0793660055326,0.0857800276108,0.0767170097336,0.0857319134259,0.0861746250881,0.095835083401,0.0989083464007,0.0653499379368,0.130266545079,0.0808606209405,0.124015188904,0.114002914881,0.0880417159593,0.103541624837,0.125289360547,0.11153679874,0.108977624377,0.0944140202162,0.0766457102108,0.116957838012,0.1023077898,0.113505347576,0.111125997843,0.147253037425,0.0991116958584,0.134737557855,0.127596515598,0.114601908184,0.0755655519791,0.116584815307,0.120868932064,0.110697110095,0.0975096016675,0.100126948194,0.0853478274601,0.105568407321,0.0820558677843,0.0850512446773,0.101940870732,0.101796821143,0.0716581641539,0.0973520872515,0.0785367476752,0.0908032997158,0.0692615046478,0.0910229289248,0.0819316679559,0.100760174006,0.0912934167846,0.0835504379629,0.100483411586,0.0691212441157,0.0773328077387,0.08513559507,0.0726802013969,0.106655112681,0.095941259313,0.0413724067238,0.0967723092056,0.0702759789355,0.116490101992,0.114552925734,0.0780919225924,0.105742448005,0.115458780313,0.0748744780468,0.139993894539,0.103931742165,0.110930196985,0.0697501279586,0.0709442286497,0.0831033135906,0.106818382864,0.0633593022309,0.109363847849
2005,0.135243252769,0.0867335387351,0.0970581888084,0.123984744206,0.0903375020947,0.0791241510302,0.0620257221325,0.120683116601,0.106882174117,0.109633443258,0.107953946584,0.0758945987743,0.118549501015,0.116971893191,0.103709773423,0.123706943161,0.0819837533365,0.11879367199,0.0737100293125,0.140897450771,0.0855425200473,0.0968867346148,0.112470538774,0.126513481878,0.0998378967639,0.0815355441948,0.0887721478813,0.0791446701207,0.0881898690727,0.0886686701417,0.0983234831058,0.101710605087,0.0680136602873,0.133390060533,0.0832420480354,0.126972029276,0.117392897027,0.0912725769508,0.107040917723,0.128571018369,0.114851136258,0.111789725566,0.0972274227983,0.0791361856433,0.12002538628,0.105337765794,0.116530940953,0.113855756483,0.150486081788,0.102108454273,0.137983585697,0.130930106488,0.117851629682,0.0782541993736,0.119464848114,0.123922182594,0.113466177979,0.10051928756,0.10330461248,0.088201053173,0.108477653865,0.084516931089,0.0880553483972,0.105051770457,0.104919582681,0.074135990473,0.0997068877443,0.0812349847992,0.0930855477602,0.0721926532596,0.093789877975,0.0850613740115,0.103756275607,0.0941642139085,0.0858058539771,0.103737180491,0.071613866418,0.0802572761801,0.0874447911859,0.0747474956013,0.109728128542,0.0983080890835,0.0435414501348,0.0993389052676,0.0734069381278,0.119258940619,0.117559956321,0.0804218855902,0.108723294486,0.118325563607,0.0771246633517,0.143595731134,0.107019217459,0.113802428145,0.0728880849543,0.0731957468464,0.0864439154246,0.109709885056,0.0661431331299,0.112214745015
2006,0.138352860482,0.0896152682605,0.0994841965205,0.127151681725,0.0930081219867,0.0820339709192,0.0648890788492,0.12362268048,0.110037949702,0.112492815709,0.111124153316,0.0784059497168,0.121593667511,0.120676245716,0.10621702496,0.127034328107,0.0841615923441,0.121564640683,0.0760127328023,0.144048630587,0.0887457203388,0.0994434554052,0.115914078059,0.129762223708,0.103226216791,0.08368288719,0.091695796161,0.0815285815509,0.09063518354,0.0911193630439,0.100795632768,0.104422292432,0.0705967106785,0.136511972476,0.0856231626199,0.12989900704,0.120743417782,0.0944126891346,0.110473369669,0.131845527341,0.118130134232,0.114562840898,0.0999910758331,0.0815754530372,0.123080880349,0.108343146417,0.119540478457,0.116585833212,0.153707482036,0.105068323865,0.141222401499,0.134250132334,0.121068720914,0.0808998922594,0.122334957923,0.126952280879,0.116229231253,0.103503123694,0.106443264149,0.0910098987104,0.111337331892,0.0869514608066,0.0909934296077,0.108108087187,0.108008081236,0.0765622006551,0.102060897441,0.0839009903956,0.0953243412623,0.0750841041708,0.096523995733,0.0881447501655,0.106693380954,0.0969861033845,0.0880323163177,0.106973215738,0.0740860766703,0.0831272231029,0.08973359349,0.0767982511132,0.112803119141,0.100659822938,0.0456480486885,0.101857755555,0.076494940348,0.122009508594,0.120551107528,0.0827300198277,0.111680276383,0.121184492373,0.079327882491,0.147187886975,0.110059378781,0.116628188746,0.0760094406064,0.0754216530058,0.0897136736783,0.112575833573,0.068880868688,0.115042684509
2007,0.141484232434,0.0925053307695,0.101931754695,0.130342827905,0.0956745554561,0.0849471216826,0.0677466174422,0.126577865755,0.113188983487,0.115358733788,0.11427726629,0.0809056159311,0.124646538631,0.124383971476,0.10872958924,0.130365388757,0.0863463570597,0.124333164041,0.0783224255762,0.147233536878,0.0919581057758,0.102022607882,0.119377094848,0.13303667864,0.106625888219,0.0858409196054,0.0946039187248,0.0839098644534,0.0931000664397,0.0935703995277,0.10327924674,0.107110052164,0.0731552108711,0.139656204948,0.0880256931777,0.132831807803,0.124095553486,0.097517503438,0.113892433851,0.135137796583,0.121410785971,0.117333903972,0.102747269539,0.0840071694274,0.126147448728,0.111356114461,0.122564352112,0.119343070669,0.15694800879,0.10802808595,0.144481391263,0.137588833708,0.124289931049,0.0835470353979,0.125226088529,0.129992273032,0.11900741315,0.10649943715,0.109585049372,0.0938126138121,0.114187273839,0.0893950746246,0.0939182810784,0.111157186947,0.111102086007,0.0789849415935,0.104428917266,0.0865717038359,0.0975619465822,0.0779782061917,0.0992651427256,0.0912238531081,0.10962246049,0.0997989984446,0.0902653125151,0.110220004527,0.0765770901655,0.0859868366908,0.0920305969797,0.0788641444483,0.115900048547,0.103022535977,0.0477457760974,0.104369700215,0.0795832543517,0.124766955424,0.123554532584,0.0850460351477,0.114646257283,0.12406000008,0.0815285973373,0.150800418225,0.113097445634,0.119447764183,0.0791509498921,0.0776575463827,0.0929684706398,0.115450237429,0.0716216425599,0.117880755163
2008,0.144667377842,0.0954608648812,0.104425765612,0.133588198489,0.0983971011025,0.0879285971932,0.0706622190443,0.129598175926,0.116393831309,0.118291238768,0.117488687534,0.0834647778797,0.127755167802,0.128162912796,0.111293320712,0.13375756311,0.0885837901926,0.127152574945,0.0806851031807,0.150466298259,0.0952462045121,0.104651209143,0.122927868509,0.136366423921,0.110106951083,0.0880582058328,0.0975659452087,0.0863394870301,0.0956182951548,0.096080837305,0.105814312347,0.109863950981,0.075769819764,0.142850730775,0.0904851775641,0.135820437255,0.127519992933,0.10068920438,0.117386141087,0.138488552711,0.12475516106,0.120160567527,0.105561168393,0.0864957367287,0.1292641727,0.114418325787,0.125646788404,0.122159607637,0.16024049001,0.111040657923,0.147799377503,0.140986814397,0.127577278053,0.0862527739903,0.128174430256,0.133093712592,0.121838649564,0.10955999261,0.11278465648,0.0966708088929,0.117092643608,0.0918980422814,0.0969150636515,0.114269700427,0.114263610255,0.0814793651112,0.106836499754,0.0893077125505,0.0998493769037,0.0809484256305,0.102071424631,0.0943659864759,0.112605669943,0.102659687906,0.092547910459,0.113526761899,0.0791394958388,0.0889152572515,0.0943698265872,0.0809912412657,0.119057428255,0.105427040814,0.0499100323648,0.106937839447,0.0827316682998,0.127560948637,0.126618366143,0.0874163279335,0.117672853714,0.126984300906,0.0837816242796,0.154480149527,0.116189159177,0.122314066336,0.0823747668442,0.0799543326703,0.0962915973196,0.118376758135,0.0744398191529,0.120766855034
2009,0.147891038013,0.0984912977349,0.106963657662,0.136887151975,0.101193562738,0.0910035647304,0.0736601238468,0.132677572643,0.119670066271,0.121285059641,0.120783139343,0.0861112700267,0.130933520781,0.132029113098,0.113918653527,0.137221308458,0.0908740944526,0.130013818564,0.0830988221119,0.153749139969,0.0986342693516,0.107322065657,0.126571491884,0.139765632795,0.113677403649,0.0903280164922,0.100613303547,0.0888331056149,0.098202771112,0.0986584461641,0.108399729043,0.112723611026,0.0784621682839,0.146094670537,0.0929925684756,0.138867188035,0.131016176653,0.103952446429,0.120976817392,0.141892237423,0.128159550299,0.123042297424,0.108447090655,0.0890479470097,0.132428047537,0.117537852287,0.128777013962,0.125040207388,0.163590383761,0.114114543889,0.15117262626,0.144458024038,0.130933276391,0.0890423379778,0.131183221742,0.136255579431,0.124716127566,0.112705010267,0.116066842036,0.0995859646231,0.120048023825,0.0944776807281,0.100012627717,0.117471557661,0.117506101533,0.0840554158518,0.109274555035,0.0921206332349,0.102193745812,0.0840080404432,0.104957619465,0.097593354322,0.115680635588,0.105586963943,0.0948880954465,0.116898874809,0.0817808820276,0.0919297611423,0.0967505589462,0.0831633591407,0.122269638132,0.107872884504,0.0521529941332,0.109565008981,0.0859547751954,0.130392557196,0.129755931721,0.0898423733063,0.12075742608,0.129953385367,0.0860921215262,0.158231987692,0.119359861878,0.125237856367,0.0856914544794,0.0823148259159,0.0997061451246,0.121364431464,0.0773453964928,0.123719639821
2010,0.151193036679,0.101665136565,0.109580598551,0.140280605463,0.104134487186,0.0942484825457,0.0768259914003,0.135867439888,0.123094265375,0.124392952592,0.12424889987,0.0889343407802,0.134243134659,0.136058561264,0.116673717744,0.140825886792,0.0932723429653,0.132975127026,0.0856183235352,0.157114518283,0.102192541674,0.110064337354,0.130376960447,0.143280596273,0.117405899913,0.0926986464752,0.103841283807,0.0914595576819,0.10091037315,0.101376079369,0.111083712007,0.115796128054,0.0813360470841,0.149430868418,0.0955799385105,0.14203107846,0.134656127777,0.107411073014,0.124759238279,0.145391247284,0.131687163572,0.126042765646,0.111477066614,0.0917363159452,0.135679466247,0.120773383807,0.132011148238,0.128029716122,0.167052353239,0.117317738699,0.154644722964,0.148058636166,0.134422939427,0.091990620577,0.134307285337,0.139531368059,0.127677923858,0.116003118479,0.11950574814,0.102624515251,0.123124437542,0.0971914821491,0.103309687347,0.120848911693,0.120902209345,0.0867922142222,0.111770207953,0.0950718138275,0.104659727162,0.087233787655,0.107988859816,0.100985387224,0.118939666089,0.108655972543,0.0973403028151,0.120385576654,0.084565220113,0.0951116667242,0.0992234364223,0.0854293690876,0.125572951465,0.110405416261,0.0545584617669,0.112319473906,0.0893261029661,0.133313740242,0.133015515172,0.0923716170674,0.123954736811,0.133013886467,0.0885310004283,0.162112384089,0.122685614871,0.128288031276,0.0891667907977,0.0847942476442,0.103310263835,0.124473691926,0.0804158321195,0.126794094952
2011,0.154601124383,0.105031262685,0.112299011521,0.143793921934,0.107260787237,0.0977053897228,0.080215991323,0.139215699141,0.126719662937,0.127643542416,0.127934700902,0.091994016799,0.137713785458,0.14029259464,0.119590623886,0.144627363085,0.0958022738523,0.13607995989,0.0883032309668,0.160589265747,0.105947961989,0.112879382197,0.13439538525,0.146930879011,0.121329790279,0.0951965937919,0.107304184896,0.0942561770331,0.10375885066,0.104290233327,0.113903485805,0.119112916735,0.0844798267495,0.152888287382,0.0982688789801,0.145349336358,0.138481607654,0.111133058086,0.128794167799,0.14901973006,0.13539824033,0.129204126685,0.11467886214,0.0946107625326,0.139051015998,0.124146034068,0.13541023025,0.131149208827,0.170666801346,0.120699867993,0.158250298828,0.151828828186,0.138081069467,0.0951264934549,0.137579404799,0.142952381345,0.130744812416,0.119482601058,0.123143908262,0.105832132609,0.126372769202,0.100058483045,0.106872089743,0.124448644516,0.124504022813,0.0897160418065,0.114344950398,0.0981825004512,0.107277120548,0.0906803014367,0.111190450553,0.104585548939,0.122435119126,0.111900441029,0.0999311937427,0.124014486913,0.0875319452256,0.098520512187,0.101813628902,0.0878197857477,0.128994036884,0.113044713085,0.0571720516271,0.115258336307,0.0928982951686,0.136361512831,0.136400172188,0.0950200347643,0.127304285886,0.136195161367,0.0911600355308,0.166150901321,0.126212506091,0.131501369946,0.0928424514366,0.0874194704449,0.107176984692,0.127740713411,0.0837136302848,0.130005349781
2012,0.158102583576,0.108531661789,0.115098235362,0.147406804839,0.110509644165,0.101299961553,0.0837526991866,0.142684194221,0.130487048894,0.130980312137,0.131752363406,0.095201492058,0.141300820446,0.144667094015,0.122614254273,0.148568306731,0.0984169482479,0.139287189742,0.0911082743308,0.164160103303,0.109828211909,0.115757901184,0.138555464265,0.150697651959,0.125379451951,0.0977719705235,0.110916889982,0.097168357859,0.106700242785,0.107329487531,0.116816268113,0.122556032148,0.0877968094151,0.156449961187,0.10103436372,0.148770729578,0.142427470835,0.114998068581,0.132978207161,0.152751414637,0.139241648066,0.132465447758,0.117978733799,0.0975970217518,0.142516880889,0.127617575375,0.138936024713,0.134361047716,0.174406790149,0.124216118357,0.161966675241,0.155730628797,0.141851570302,0.0983798048722,0.140965149318,0.146477990833,0.133891606254,0.123090794332,0.126924243596,0.109151809783,0.129741119133,0.103023172508,0.110600136479,0.128186018695,0.128245629472,0.0927310687739,0.116987897034,0.101385791764,0.109985503113,0.094260407693,0.11449797114,0.108321234074,0.126091655699,0.115249261318,0.102615340038,0.127742611083,0.0906213155627,0.102068290886,0.10448738401,0.090293324628,0.132508342046,0.115764114745,0.0598968138781,0.118316538484,0.096613424855,0.139505533081,0.139861841978,0.0977392242707,0.130763989392,0.139472235579,0.0939115767251,0.170306634863,0.129877438233,0.134823176945,0.0966577071097,0.0901362001624,0.111212643096,0.13111613849,0.087163896586,0.133321487627
2013,0.161701172946,0.112161812239,0.117976710025,0.151121280361,0.113873689119,0.105024887398,0.0874152234492,0.146269059267,0.134377305079,0.134415587287,0.135686758166,0.0985296858998,0.145002665939,0.149186298935,0.125729513225,0.152631111918,0.101119003743,0.142590631663,0.0940171070024,0.167815962615,0.113842820175,0.118716283375,0.142850263808,0.15458234619,0.129562677675,0.100428100487,0.114662166293,0.100188558914,0.109730218228,0.110470449481,0.119805835755,0.126112662709,0.0912461300981,0.160112863248,0.103884768779,0.152288845624,0.146504428197,0.118988274429,0.137301475404,0.156594145296,0.143213588872,0.135821578791,0.121375399188,0.100688506854,0.146080028674,0.131192771361,0.142576101594,0.137658947726,0.178262927502,0.127855112354,0.165796415856,0.159754861354,0.14573927768,0.101746967131,0.144458847098,0.150117162284,0.137128082225,0.126825649684,0.130834851754,0.112584377342,0.133231877546,0.106085077346,0.114470542099,0.132043026575,0.132112574161,0.0958399769755,0.119703954507,0.104686342188,0.112778975589,0.097961493904,0.117914388204,0.112183103145,0.129883416747,0.118688840461,0.105384928127,0.131575285082,0.0938263518717,0.105736820633,0.107243146483,0.0928581276225,0.136124387884,0.118566204374,0.0627248953823,0.121477667748,0.100470516415,0.14273213644,0.143415649134,0.100535177232,0.134336850572,0.142840579047,0.0967607969397,0.174582262279,0.133665378987,0.13824821326,0.100615079704,0.0929435170406,0.115394256711,0.134592566568,0.0907623886257,0.136743411451
2014,0.165367794921,0.115921608686,0.120912243633,0.154915751941,0.117352762712,0.108895916985,0.0912239681439,0.149957026293,0.138398025327,0.137944964253,0.139761028384,0.102004190998,0.148807758062,0.153856779031,0.128936021467,0.156817100443,0.10389821893,0.145975405788,0.0970144934924,0.171532418283,0.118005713201,0.121734395783,0.147297853484,0.158567851729,0.133890916501,0.103158756049,0.118557824059,0.103311447811,0.112852324366,0.113719753315,0.122877592658,0.129819738825,0.0948569190074,0.163855635247,0.106801225243,0.155898646562,0.150711616243,0.123146012196,0.141791681741,0.160526022801,0.147303980261,0.139276267876,0.124884385368,0.10389331167,0.149722016213,0.134861220718,0.146311083538,0.141040061151,0.182206958115,0.131605912769,0.169711440185,0.163891583654,0.149743382264,0.105242157099,0.148047416209,0.153849984217,0.140438245101,0.130691199643,0.134879233427,0.116125399814,0.136830833352,0.109249106255,0.118519613009,0.13604725194,0.136117026225,0.0990756809639,0.122472636711,0.108098804339,0.115648644903,0.101813831007,0.121448113334,0.116190613603,0.13382851935,0.122236550428,0.108228755815,0.135510431375,0.0971495694428,0.109555972986,0.110068670426,0.0954944094296,0.139826920502,0.121433294915,0.0656776563786,0.124743166088,0.104464980769,0.146028334681,0.147065347414,0.103411167779,0.138007893882,0.146281671643,0.0997067914867,0.178971450065,0.137578583661,0.141770014999,0.104724213582,0.0958427310297,0.119746337122,0.138168070809,0.0945123147188,0.14025810429
2015,0.169042563345,0.119745714174,0.123851237049,0.158730769655,0.120878345618,0.112857950053,0.0951147361386,0.153684565653,0.142479672937,0.141524228437,0.143915825798,0.105561114346,0.15264482919,0.158618348403,0.132160322037,0.161057505811,0.106697199803,0.149375592353,0.100030402442,0.175251546837,0.122273004061,0.124772381575,0.151851818935,0.162590847207,0.138317575123,0.105915269613,0.122529388832,0.106461356253,0.116009743682,0.11700530073,0.125987108095,0.133613136183,0.0985495908726,0.167614178931,0.109740234119,0.159538531793,0.154986979024,0.127422914158,0.14639343973,0.164489308529,0.151443974617,0.142773342353,0.128455252087,0.107151587637,0.153389059303,0.138561156247,0.150065696076,0.144454330248,0.186153754339,0.135389135408,0.173642786072,0.16807297998,0.15380465209,0.108807707166,0.151661107534,0.157610641559,0.143778602595,0.134623720027,0.138986338795,0.11970951987,0.140462563663,0.112466546037,0.122691807877,0.140142483843,0.140199854254,0.102397618076,0.125254185071,0.111585042431,0.11852222264,0.105777811824,0.125048350513,0.120289791052,0.13785063211,0.125835913194,0.111080927503,0.139503258884,0.100528484995,0.113480104745,0.112905253073,0.0981445555358,0.143570048308,0.124309622945,0.0686984876647,0.128047000139,0.10852455588,0.149328648512,0.150777040795,0.106329031621,0.141713521153,0.149732238715,0.102674305199,0.183417560326,0.141543706352,0.14531687132,0.10893630999,0.0987832318729,0.124199107604,0.141782064319,0.0983443667461,0.143799261561
2016,0.17271651219,0.123611122103,0.126783421804,0.162553487706,0.124426085495,0.116892538085,0.0990501081729,0.15742698585,0.146588298239,0.145160806962,0.148128273665,0.109159969345,0.156494403952,0.163461989973,0.135374283746,0.165322002044,0.109507368656,0.152778243632,0.103033618966,0.178951000706,0.126651801565,0.127838639513,0.156503575753,0.166628328463,0.142843179808,0.108694617515,0.126540688267,0.109614094191,0.119183552057,0.120291075555,0.129111953835,0.137472963392,0.10226926903,0.171364915916,0.112705642729,0.163189542142,0.159328873539,0.131806089222,0.151089779374,0.168477556156,0.155614503525,0.146296629801,0.132080665019,0.110444948185,0.157076420269,0.142282275803,0.153810253002,0.147885327951,0.190069443155,0.139176434008,0.177575603714,0.172269691304,0.157916537035,0.112425136881,0.155272804289,0.161394283997,0.147152607547,0.138603730419,0.143123931707,0.123324781454,0.14411004906,0.115730452408,0.1269591335,0.144302578989,0.144333997423,0.105808578423,0.128045497775,0.115149197226,0.121381975191,0.109840175284,0.128708813652,0.124461851606,0.141900695227,0.129469249155,0.113924005434,0.143555051498,0.103945000228,0.117492225704,0.115737032147,0.100807124611,0.147355623775,0.127183827799,0.0717730892338,0.131361957351,0.112623116013,0.152605035273,0.154565298866,0.10929246926,0.145442496991,0.153174965889,0.105621392392,0.187910257927,0.145526075879,0.148868689063,0.113244435545,0.101759884111,0.12871724254,0.145411262147,0.102237479881,0.147348410479
2017,0.176439345964,0.127569547416,0.129755110579,0.166433199182,0.128050526541,0.121045026791,0.103076823872,0.161233189394,0.150775283857,0.148893677207,0.152443223148,0.112848042056,0.160413457984,0.168438174748,0.138636005974,0.169663711643,0.112375367132,0.156235345528,0.106080725859,0.182680019956,0.131186513667,0.130967386544,0.161295278822,0.170725767534,0.147509986315,0.111539528583,0.130647390037,0.112832534888,0.122418968004,0.123635303069,0.132283798791,0.141448175782,0.106074535233,0.175156484896,0.115737816217,0.166900203375,0.163791628573,0.136337145063,0.155925993814,0.17254004641,0.159871775833,0.149890525752,0.1358020518,0.113822312166,0.160830591909,0.146073144176,0.157606744927,0.151373973848,0.194022112408,0.143029701011,0.18156651303,0.176533112842,0.162128505958,0.116140072956,0.158937628799,0.165257487993,0.15059704557,0.142681979781,0.147345876149,0.127026405953,0.147832520476,0.119081487738,0.131366390994,0.148570504412,0.148564986987,0.109344461102,0.130879257343,0.118825060052,0.124289478865,0.11403528373,0.13247212974,0.128750004832,0.146031924266,0.13317947753,0.1168131556,0.147705773189,0.107453646174,0.121632051905,0.118610533237,0.103534995873,0.151225358386,0.130100304538,0.0749489547447,0.134739388745,0.116817208089,0.15590675784,0.158461461006,0.1123346578,0.149247513224,0.156661342782,0.108606862294,0.192494286901,0.149580649455,0.152481746523,0.117692662133,0.104816705335,0.133355811667,0.149101586458,0.106251820352,0.150955647284
2018,0.180213134734,0.131625817636,0.132772607568,0.170373877238,0.131755198243,0.125313822662,0.107207098301,0.165113331578,0.155051021116,0.15270438121,0.156858845258,0.116638339139,0.164405482134,0.173537445379,0.141958068951,0.174092296348,0.11529990626,0.159747513146,0.109188984384,0.186457922253,0.135856419185,0.134147004183,0.166219525395,0.174892958859,0.152302222665,0.114444071618,0.134857838613,0.116122078758,0.125722791265,0.127054170709,0.135513263954,0.145531437223,0.109987462635,0.179001638319,0.11882830671,0.170675859941,0.168360009061,0.141001213094,0.160894388894,0.176672650706,0.164216919093,0.153554852526,0.139608428712,0.117283318124,0.164646624449,0.149931015549,0.161470715104,0.154927964501,0.198032293706,0.146957796521,0.185620565252,0.180875530989,0.166430852764,0.119951335218,0.162668478759,0.169192964034,0.154102308146,0.146859226926,0.151661474023,0.130809305941,0.151628970557,0.122513596609,0.135914972746,0.152947736777,0.152898484379,0.112984995014,0.133753795686,0.122595675323,0.127249352293,0.11835751844,0.136329823086,0.133151510564,0.150262983996,0.1369650887,0.119754747033,0.151943018014,0.111057547636,0.12589414966,0.121531704073,0.106322405922,0.155169648557,0.133062083924,0.078220842899,0.138188055397,0.121111356389,0.159250460744,0.162443636869,0.115443145759,0.153126521493,0.160199243136,0.111653511776,0.197166519845,0.153719540338,0.156159652263,0.122272583544,0.107947541216,0.138121288471,0.15286051683,0.110387486069,0.154625738356
2019,0.184002829483,0.135739162692,0.135807286836,0.174341160514,0.13549640727,0.129656978689,0.11140935799,0.169033450267,0.159380663199,0.15654535974,0.161334101546,0.120498977823,0.168427421209,0.178706468134,0.145307693617,0.1785717761,0.11824336318,0.163276366298,0.112327656451,0.190265332005,0.140604988674,0.137342205032,0.171235058632,0.179099268248,0.157168569952,0.117369915139,0.139130322047,0.119437701931,0.129067249211,0.13051512205,0.138783388818,0.149672743016,0.113976757589,0.182872466857,0.121939809074,0.174481637835,0.172975496226,0.145747823059,0.165945809335,0.180832381517,0.168603822104,0.157253046499,0.143455870359,0.120786880153,0.16848458133,0.153815988434,0.165367386641,0.158522509623,0.202064301819,0.150918793266,0.189696818503,0.185264413505,0.170774236383,0.123818196548,0.166432984908,0.173149606888,0.157631758478,0.15109308,0.156031708238,0.134623836888,0.1554490786,0.125988387097,0.140564701678,0.157397707362,0.157299697171,0.116683806819,0.136642684542,0.126418147491,0.130218972472,0.12277159236,0.140238119169,0.137625437267,0.154561595718,0.140792178531,0.122712754713,0.156223777764,0.11471641282,0.1302389063,0.1244708897,0.109125425892,0.159148107161,0.13603873059,0.0815448867363,0.141672778062,0.125458400453,0.162614721358,0.166467724842,0.118581802234,0.157034908883,0.1637571035,0.114732996232,0.201887771098,0.157905882066,0.159860800961,0.126937692938,0.111113580549,0.142969980062,0.156657723335,0.114591681867,0.158321658459
2020,0.187801044349,0.139893382884,0.138853847161,0.178328365619,0.139260275337,0.134055636501,0.115672857504,0.172982271557,0.163752742609,0.160397665993,0.165852148237,0.12441615571,0.172468181468,0.183921547556,0.148679542842,0.183087663628,0.12119746477,0.166810099714,0.115486413421,0.194099395473,0.145404513953,0.140545587907,0.176320320124,0.183337901544,0.162085857754,0.120305278808,0.143451490183,0.122768417534,0.132448818567,0.134008715793,0.142087255782,0.153853547315,0.11802996321,0.186765500468,0.125060459371,0.178306980686,0.177617028665,0.150549978488,0.171054761237,0.185004118441,0.173014334833,0.160973217892,0.147331183273,0.124316026947,0.172329788394,0.157721171738,0.169287135092,0.162150012486,0.206110615603,0.154900028991,0.193783039648,0.189687766122,0.175141890796,0.127726805217,0.17022636298,0.177112284592,0.161171587839,0.155370469854,0.160444429496,0.138452508527,0.15927732501,0.129491142425,0.145294172971,0.161905522469,0.161753939705,0.120421984373,0.139536575041,0.13027364494,0.133190988381,0.127257506844,0.14417913986,0.142156355747,0.158918476494,0.144650461778,0.12567999967,0.160529760188,0.118417086169,0.13464617193,0.127424859848,0.111933502179,0.163144711506,0.139026568052,0.0849051117988,0.145179252822,0.12984194466,0.165998646339,0.170514395399,0.121737157111,0.160958819589,0.167330487103,0.11783930479,0.206644063308,0.162128983248,0.163573666791,0.131666108558,0.114302257012,0.147884922835,0.160485690696,0.1188425619,0.162036034292
2021,0.19169314803,0.144226182839,0.14199446541,0.18242945791,0.14318439434,0.138646694876,0.120148379975,0.177066208087,0.168302862168,0.164370792363,0.170557908368,0.128537690766,0.176651467339,0.189327629869,0.152199671344,0.187769631666,0.124280589029,0.170460194122,0.118786248716,0.198027883148,0.150389155736,0.143826113176,0.181603457197,0.187699048868,0.167188383975,0.123357069248,0.147991009275,0.126260912447,0.135978205262,0.137672109496,0.145506540396,0.158252670299,0.122325294881,0.190767315176,0.128274371056,0.182265332643,0.182436932697,0.155573871209,0.17638330819,0.189289299966,0.177584683128,0.164833541325,0.151364468421,0.128013139231,0.176276256119,0.161766334636,0.173352001029,0.165893914499,0.210285765464,0.159036548272,0.197982252997,0.194252413879,0.179662316182,0.131815679612,0.174158575488,0.181203712843,0.164803237253,0.159820943373,0.16503497367,0.142437758333,0.163257673561,0.133128506148,0.150265019792,0.166611204549,0.166386187152,0.124348194921,0.142496230311,0.134276575467,0.136302879327,0.131945622328,0.148278566314,0.146879529798,0.163482258037,0.148669637026,0.128770903785,0.164965972176,0.122297753778,0.139253526732,0.13049679813,0.11486281216,0.167245740419,0.142120153137,0.0884656151484,0.148833694467,0.134414284232,0.169495497439,0.174673929397,0.125004327898,0.165017508784,0.171014569732,0.12110784012,0.211542547524,0.166528675587,0.167434050179,0.1365892005,0.117631735895,0.153044494979,0.164455566723,0.123306574749,0.165873877419
2022,0.195701935032,0.148774527695,0.145247190418,0.186665428183,0.147301625858,0.14346401084,0.124877841579,0.181322888658,0.173082309565,0.16847425855,0.175485906858,0.132914853553,0.181006714338,0.194957530582,0.155894816839,0.192670521813,0.127499696254,0.174260146596,0.122274046688,0.202078570073,0.155580079449,0.147183720489,0.187122530177,0.192210585686,0.172495740386,0.126536679144,0.152789997879,0.129949035533,0.139661205226,0.141551578893,0.149069893411,0.162886602921,0.126938102186,0.194905837866,0.131595982636,0.186383578459,0.18745721131,0.160859539211,0.181967807331,0.193714143472,0.182360540752,0.168857432957,0.155568500907,0.131906194781,0.180353213974,0.165959999448,0.17760835787,0.169772577991,0.214631986323,0.163379988491,0.20232959613,0.199001213241,0.184358862066,0.136104539969,0.178255768728,0.185447218702,0.168540425341,0.164473900464,0.169847322281,0.146610866311,0.167423042605,0.136919055602,0.155531017528,0.171552036938,0.171240512844,0.128463982622,0.145537261186,0.138436830574,0.139571915592,0.136870005489,0.152552093316,0.151829863072,0.168305463689,0.15287193325,0.132009766562,0.169554072565,0.126389453137,0.144104597151,0.133695909543,0.11792310895,0.171475709977,0.145325383995,0.0922463738055,0.152681412082,0.139216359299,0.173131114252,0.178947114054,0.128389863372,0.169240436942,0.174833572752,0.124583346593,0.216605694355,0.171146508756,0.171469055454,0.14173914783,0.121117981159,0.158503735265,0.168590411444,0.128030247056,0.169858239904
